 ,node,branch.length,label,isTip,x,y,branch,angle,x10,status,generalization,broader_gen,specific_species,
2145,1029,0.053774437,SRR25664442Score_559.533_,TRUE,4.67101936,82,4.644132141,26.59459459,Accipiter_madagascariensis_associated,novel,Avian,Avian,Accipiter_madagascariensis_associated,Accipiter_madagascariensis_associated
2145,1028,0.088750881,SRR18767723_150562_,TRUE,4.705995803,81,4.661620363,26.27027027,Accipiter_nisus_associated,novel,Avian,Avian,Accipiter_nisus_associated,Accipiter_nisus_associated
2142,1026,1.03E-06,SRR25662783Score_530.687_,TRUE,5.040083131,88,5.040082618,28.54054054,Aquila_gurneyi_associated,novel,Avian,Avian,Aquila_gurneyi_associated,Aquila_gurneyi_associated
2152,1039,0.493431352,OP628184.1_120_1301_1,TRUE,4.491607635,72,4.244891959,23.35135135,Columba_livia_associated,ncbi,Avian,Avian,Columba_livia_associated,Columba_livia_associated
2147,1031,0.083516169,SRR19431669_13553_,TRUE,4.637895618,85,4.596137533,27.56756757,Dendrortyx_leucophrys_associated,novel,Avian,Avian,Dendrortyx_leucophrys_associated,Dendrortyx_leucophrys_associated
2147,1030,0.090082282,EU188799.1_99_1289_1,TRUE,4.644461731,84,4.59942059,27.24324324,Dyoepsilonpapillomavirus,ncbi,Avian,Avian,Francolinus_leucoscepus,Francolinus_leucoscepus_associated
2151,1035,0.329890394,MF564196.1_66_1250_1,TRUE,4.745303115,76,4.580357918,24.64864865,Etapapillomavirus,ncbi,Avian,Avian,Serinus_canaria,Serinus_canaria_associated
2151,1036,0.431033127,AY057109.1_54_1247_1,TRUE,4.846445848,77,4.630929284,24.97297297,Etapapillomavirus,ncbi,Avian,Avian,Fringilla_coelebs,Fringilla_coelebs_associated
2150,1037,0.284517126,BK066727.1_186_1376_1,TRUE,4.60612455,75,4.463865987,24.32432432,Etapapillomavirus,ncbi,Avian,Avian,Luscinia,Luscinia_associated
2142,1025,1.03E-06,SRR25648973_196396_,TRUE,5.040083131,87,5.040082618,28.21621622,Falco_sparverius_associated,novel,Avian,Avian,Falco_sparverius_associated,Falco_sparverius_associated
2144,1027,0.177726774,SRR13719170Score_558.191_,TRUE,4.658932057,80,4.57006867,25.94594595,Falco_striatus_associated,novel,Avian,Avian,Falco_striatus_associated,Falco_striatus_associated
2141,1024,0.420586632,SRR7530174_17519_,TRUE,5.075591628,86,4.865298312,27.89189189,Nipponia_nippon_associated,novel,Avian,Avian,Nipponia_nippon_associated,Nipponia_nippon_associated
1284,150,0.140776456,BK066545.1_63_1247_1,TRUE,6.075683103,784,6.005294875,254.2702703,Numida_associated,ncbi,Avian,Avian,Numida_associated,Numida_associated
2135,1014,0.061952713,MK620336.1_54_1241_1,TRUE,5.106575929,92,5.075599572,29.83783784,Rissa_tridactyla_associated,ncbi,Avian,Avian,Rissa_tridactyla_associated,Rissa_tridactyla_associated
2135,1015,0.23437285,MK620340.1_225_1406_1,TRUE,5.278996065,93,5.16180964,30.16216216,Rissa_tridactyla_associated,ncbi,Avian,Avian,Rissa_tridactyla_associated,Rissa_tridactyla_associated
2138,1017,0.51906308,MK620341.1_33_1217_1,TRUE,5.478948555,95,5.219417015,30.81081081,Rissa_tridactyla_associated,ncbi,Avian,Avian,Rissa_tridactyla_associated,Rissa_tridactyla_associated
2139,1019,0.061918966,MK620305.1_75_1271_1,TRUE,5.161580739,97,5.130621256,31.45945946,Rissa_tridactyla_associated,ncbi,Avian,Avian,Rissa_tridactyla_associated,Rissa_tridactyla_associated
2139,1020,0.162470356,MK620334.1_75_1265_1,TRUE,5.262132129,98,5.180896951,31.78378378,Rissa_tridactyla_associated,ncbi,Avian,Avian,Rissa_tridactyla_associated,Rissa_tridactyla_associated
2149,1038,0.425042789,SRR12566196_734_,TRUE,4.677217582,74,4.464696188,24,Thamnophilus_doliatus_associated,novel,Avian,Avian,Thamnophilus_doliatus_associated,Thamnophilus_doliatus_associated
2152,1040,0.516976505,AF420235.1_81_1253_1,TRUE,4.515152788,73,4.256664536,23.67567568,Psittacus_erithacus_timneh_associated,ncbi,Avian,Avian,Psittacus_erithacus_timneh_associated,Psittacus_erithacus_timneh_associated
2140,1022,0.437843616,MF168943.1_72_1250_1,TRUE,5.11608483,89,4.897163022,28.86486486,Pygoscelis_adeliae_asspcoated,ncbi,Avian,Avian,Pygoscelis_adeliae_asspcoated,Pygoscelis_adeliae_asspcoated
2140,1023,0.447985236,KJ173785.1_117_1295_1,TRUE,5.12622645,90,4.902233832,29.18918919,Pygoscelis_adeliae_asspcoated,ncbi,Avian,Avian,Pygoscelis_adeliae_asspcoated,Pygoscelis_adeliae_asspcoated
2125,1011,0.423438951,KJ452243.1_54_1178_1,TRUE,5.576361272,100,5.364641797,32.43243243,Fulmarus_glacialis_associated,ncbi,Avian,Avian,Fulmarus_glacialis_associated,Fulmarus_glacialis_associated
2125,1010,0.454910625,MW888448.1_51_1190_1,TRUE,5.607832947,99,5.380377634,32.10810811,Anas_platyrhynchos_associated,ncbi,Avian,Avian,Anas_platyrhynchos_associated,Anas_platyrhynchos_associated
2148,1034,0.20216076,MK620303.1_66_1256_1,TRUE,4.427291815,79,4.326211435,25.62162162,Anas_platyrhynchos_associated,ncbi,Avian,Avian,Anas_platyrhynchos_associated,Anas_platyrhynchos_associated
2148,1033,0.232042846,KX147683.1_105_1298_1,TRUE,4.4571739,78,4.341152477,25.2972973,Duck_associated,ncbi,Avian,Avian,Duck_associated,Duck_associated
2161,1062,1.561986052,MZ602149.1_66_1355_1,TRUE,5.300607704,36,4.519614678,11.67567568,Larus_occidentalis_associated,ncbi,Avian,Avian,Larus_occidentalis_associated,Larus_occidentalis_associated
2134,1016,0.21641637,MK620304.1_72_1256_1,TRUE,5.162606885,91,5.0543987,29.51351351,Larus_smithsonianus_associated,ncbi,Avian,Avian,Larus_smithsonianus_associated,Larus_smithsonianus_associated
2138,1018,0.264763092,MK620331.1_66_1259_1,TRUE,5.224648567,96,5.092267021,31.13513514,Larus_smithsonianus_associated,ncbi,Avian,Avian,Larus_smithsonianus_associated,Larus_smithsonianus_associated
2136,1021,0.290784588,MK620302.1_300_1484_1,TRUE,5.086681534,94,4.94128924,30.48648649,Fratercula_arctica_associated,ncbi,Avian,Avian,Fratercula_arctica_associated,Fratercula_arctica_associated
1905,778,0.258713556,OR952784.1_81_1271_1,TRUE,5.920433971,401,5.791077193,130.0540541,Aselliscus_stoliczkanus_associated,ncbi,Bat,Bat,Aselliscus_stoliczkanus_associated,Aselliscus_stoliczkanus_associated
1996,873,0.140857488,BK066786.1_51_1235_1,TRUE,5.639560114,344,5.56913137,111.5675676,Barbastella_barbastellus_associated,ncbi,Bat,Bat,Barbastella_barbastellus_associated,Barbastella_barbastellus_associated
1937,812,0.443258943,KX434763.1_90_1286_1,TRUE,5.690337246,308,5.468707774,99.89189189,Bat_associated,ncbi,Bat,Bat,Bat_associated,Bat_associated
1975,847,0.154927999,BK066787.1_51_1226_1,TRUE,6.067807365,362,5.990343366,117.4054054,Bat_associated,ncbi,Bat,Bat,Bat_associated,Bat_associated
1985,857,0.093172974,ERR1301851_4027_,TRUE,5.848275523,357,5.801689036,115.7837838,Bat_associated,novel,Bat,Bat,Bat_associated,Bat_associated
1987,859,0.413958353,ERR1301530_3971_,TRUE,6.111887099,360,5.904907923,116.7567568,Bat_associated,novel,Bat,Bat,Bat_associated,Bat_associated
1995,870,0.152772007,ERR1301521_1469_,TRUE,5.832111688,345,5.755725685,111.8918919,Bat_associated,novel,Bat,Bat,Bat_associated,Bat_associated
1995,871,0.267635683,ERR1301447_2108_,TRUE,5.946975364,346,5.813157522,112.2162162,Bat_associated,novel,Bat,Bat,Bat_associated,Bat_associated
1911,790,0.450611735,OR952896.1_138_1361_1,TRUE,5.612894146,378,5.387588279,122.5945946,Chaerephon_plicatus_associated,ncbi,Bat,Bat,Chaerephon_plicatus_associated,Chaerephon_plicatus_associated
1906,781,0.251802606,SRR12232778_17800_,TRUE,5.641550491,396,5.515649188,128.4324324,Chalinolobus_gouldii_associated,novel,Bat,Bat,Chalinolobus_gouldii_associated,Chalinolobus_gouldii_associated
1938,814,0.571883312,SRR14860617_1712913_,TRUE,5.797955592,310,5.512013936,100.5405405,Desmodus_rotundus_associated,novel,Bat,Bat,Desmodus_rotundus_associated,Desmodus_rotundus_associated
2012,901,0.498051656,ERR2756792_1679_,TRUE,5.000144292,189,4.751118464,61.2972973,Desmodus_rotundus_associated,novel,Bat,Bat,Desmodus_rotundus_associated,Desmodus_rotundus_associated
2018,891,0.088990086,KC858264.1_57_1247_1,TRUE,5.284016338,196,5.239521294,63.56756757,Eptesicus_serotinus _associated,ncbi,Bat,Bat,Eptesicus_serotinus _associated,Eptesicus_serotinus _associated
1990,865,0.140501737,KC858265.1_51_1223_1,TRUE,5.626299789,350,5.55604892,113.5135135,Eptesicus_serotinus _associated,ncbi,Bat,Bat,Eptesicus_serotinus _associated,Eptesicus_serotinus _associated
1990,866,0.149869651,KC858263.1_51_1223_1,TRUE,5.635667702,351,5.560732877,113.8378378,Eptesicus_serotinus _associated,ncbi,Bat,Bat,Eptesicus_serotinus _associated,Eptesicus_serotinus _associated
1889,760,0.191212266,BK066482.1_51_1244_1,TRUE,5.975764762,421,5.880158629,136.5405405,Rhinolophus_associated,ncbi,Bat,Bat,Rhinolophus_associated,Rhinolophus_associated
1881,762,0.361645324,JQ692938.1_123_1295_1,TRUE,5.89562913,418,5.714806468,135.5675676,Rhinolophus_associated,ncbi,Bat,Bat,Rhinolophus_associated,Rhinolophus_associated
2022,900,0.232700621,JQ814848.1_252_1436_1,TRUE,5.151838857,191,5.035488546,61.94594595,Miniopterus_schreibersii _associated,ncbi,Bat,Bat,Miniopterus_schreibersii _associated,Miniopterus_schreibersii _associated
1937,813,0.527067305,JX123128.1_252_1448_1,TRUE,5.774145608,309,5.510611955,100.2162162,Eidolon_helvum_associated,ncbi,Bat,Bat,Eidolon_helvum_associated,Eidolon_helvum_associated
1962,874,0.722955996,PP711991.1_84_1079_1,TRUE,5.694512044,335,5.333034046,108.6486486,Eidolon_associated,ncbi,Bat,Bat,Eidolon_associated,Eidolon_associated
2063,944,0.541323426,PP711994.1_153_1355_1,TRUE,5.654393142,127,5.383731429,41.18918919,Eidolon_associated,ncbi,Bat,Bat,Eidolon_associated,Eidolon_associated
1813,688,0.752006404,JX885601.1_78_1280_1,TRUE,5.751852507,272,5.375849305,88.21621622,Eidolon_helvum_associated,ncbi,Bat,Bat,Eidolon_helvum_associated,Eidolon_helvum_associated
1935,810,0.276067188,JX885598.1_0_1139_1,TRUE,5.640683348,306,5.502649754,99.24324324,Eidolon_helvum_associated,ncbi,Bat,Bat,Eidolon_helvum_associated,Eidolon_helvum_associated
1935,811,0.310186321,KX276954.1_45_1235_1,TRUE,5.674802482,307,5.519709321,99.56756757,Eidolon_helvum_associated,ncbi,Bat,Bat,Eidolon_helvum_associated,Eidolon_helvum_associated
1969,842,0.104172581,MT766314.1_51_1235_1,TRUE,5.675371315,341,5.623285024,110.5945946,Eptesicus_regulus_associated,ncbi,Bat,Bat,Eptesicus_regulus_associated,Eptesicus_regulus_associated
1847,722,0.381063352,OL704825.1_126_1328_1,TRUE,6.158659275,303,5.968127599,98.27027027,Eumops_bonariensis_associated,ncbi,Bat,Bat,Eumops_bonariensis_associated,Eumops_bonariensis_associated
1932,807,0.132688212,OL704824.1_93_1298_1,TRUE,5.79652504,372,5.730180934,120.6486486,Eumops_bonariensis_associated,ncbi,Bat,Bat,Eumops_bonariensis_associated,Eumops_bonariensis_associated
1886,758,0.212068841,OR952863.1_51_1241_1,TRUE,6.046326174,424,5.940291753,137.5135135,Hipposideros_armiger_associated,ncbi,Bat,Bat,Hipposideros_armiger_associated,Hipposideros_armiger_associated
1901,772,0.158576906,OR952922.1_84_1271_1,TRUE,6.03278217,403,5.953493717,130.7027027,Hipposideros_armiger_associated,ncbi,Bat,Bat,Hipposideros_armiger_associated,Hipposideros_armiger_associated
1893,763,0.24555869,OR952856.1_204_1397_1,TRUE,6.133218497,410,6.010439152,132.972973,Hipposideros_larvatus_associated,ncbi,Bat,Bat,Hipposideros_larvatus_associated,Hipposideros_larvatus_associated
1893,764,0.066564373,SRR25288804Score_592.223_,TRUE,5.95422418,411,5.920941994,133.2972973,Hipposideros_larvatus_associated,novel,Bat,Bat,Hipposideros_larvatus_associated,Hipposideros_larvatus_associated
1895,765,0.066440178,SRR25288807_3102_,TRUE,5.978692534,412,5.945472445,133.6216216,Hipposideros_larvatus_associated,novel,Bat,Bat,Hipposideros_larvatus_associated,Hipposideros_larvatus_associated
1896,767,0.103633666,OR952851.1_84_1280_1,TRUE,6.047172268,414,5.995355435,134.2702703,Hipposideros_larvatus_associated,ncbi,Bat,Bat,Hipposideros_larvatus_associated,Hipposideros_larvatus_associated
1901,773,0.059149811,OR952855.1_81_1265_1,TRUE,5.933355076,404,5.90378017,131.027027,Hipposideros_larvatus_associated,ncbi,Bat,Bat,Hipposideros_larvatus_associated,Hipposideros_larvatus_associated
1903,775,0.366173303,OR952850.1_132_1328_1,TRUE,6.187449552,406,6.0043629,131.6756757,Hipposideros_larvatus_associated,ncbi,Bat,Bat,Hipposideros_larvatus_associated,Hipposideros_larvatus_associated
1904,776,0.275629203,OR952853.1_321_1505_1,TRUE,6.070783022,407,5.932968421,132,Hipposideros_larvatus_associated,ncbi,Bat,Bat,Hipposideros_larvatus_associated,Hipposideros_larvatus_associated
1904,777,0.252277603,OR952854.1_84_1274_1,TRUE,6.047431422,408,5.92129262,132.3243243,Hipposideros_larvatus_associated,ncbi,Bat,Bat,Hipposideros_larvatus_associated,Hipposideros_larvatus_associated
1898,768,0.084302093,SRR25288680_306181_,TRUE,6.16569488,416,6.123543833,134.9189189,Hipposideros_pomona_associated,novel,Bat,Bat,Hipposideros_pomona_associated,Hipposideros_pomona_associated
1898,769,0.04815124,OR952885.1_45_1235_1,TRUE,6.129544027,417,6.105468407,135.2432432,Hipposideros_pomona_associated,ncbi,Bat,Bat,Hipposideros_pomona_associated,Hipposideros_pomona_associated
1897,770,0.194922709,OR952886.1_63_1253_1,TRUE,6.214566077,415,6.117104723,134.5945946,Hipposideros_pomona_associated,ncbi,Bat,Bat,Hipposideros_pomona_associated,Hipposideros_pomona_associated
1891,771,0.357230806,OR952887.1_84_1274_1,TRUE,5.922029566,409,5.743414163,132.6486486,Hipposideros_pomona_associated,ncbi,Bat,Bat,Hipposideros_pomona_associated,Hipposideros_pomona_associated
1905,779,0.309147547,OR952890.1_30_1220_1,TRUE,5.970867963,402,5.816294189,130.3783784,Hipposideros_pomona_associated,ncbi,Bat,Bat,Hipposideros_pomona_associated,Hipposideros_pomona_associated
2015,890,0.190487354,OR952925.1_57_1235_1,TRUE,5.270413237,194,5.175169561,62.91891892,Ia_io_associated,ncbi,Bat,Bat,Ia_io_associated,Ia_io_associated
2018,892,0.237191138,OR952895.1_120_1310_1,TRUE,5.432217389,197,5.31362182,63.89189189,Ia_io_associated,ncbi,Bat,Bat,Ia_io_associated,Ia_io_associated
2017,893,0.178423293,OR952894.1_171_1361_1,TRUE,5.341786553,195,5.252574906,63.24324324,Ia_io_associated,ncbi,Bat,Bat,Ia_io_associated,Ia_io_associated
1903,774,0.505225332,OR952864.1_9_1196_1,TRUE,6.32650158,405,6.073888914,131.3513514,Miniopterus_pusillus_associated,ncbi,Bat,Bat,Miniopterus_pusillus_associated,Miniopterus_pusillus_associated
1256,129,0.145514882,BK066597.1_516_1694_1,TRUE,5.227584879,464,5.154827438,150.4864865,Molossus_associated,ncbi,Bat,Bat,Molossus_associated,Molossus_associated
1931,806,0.218075943,BK066831.1_93_1304_1,TRUE,6.099211631,377,5.990173659,122.2702703,Molossus_associated,ncbi,Bat,Bat,Molossus_associated,Molossus_associated
1932,808,0.22078236,BK066692.1_51_1256_1,TRUE,5.884619188,373,5.774228008,120.972973,Molossus_associated,ncbi,Bat,Bat,Molossus_associated,Molossus_associated
1848,720,0.11920074,SRR4201718_26205_,TRUE,5.974489949,304,5.914889579,98.59459459,Molossus_molossus_associated,novel,Bat,Bat,Molossus_molossus_associated,Molossus_molossus_associated
1848,721,0.175328667,SRR4201715_304_,TRUE,6.030617875,305,5.942953542,98.91891892,Molossus_molossus_associated,novel,Bat,Bat,Molossus_molossus_associated,Molossus_molossus_associated
1849,723,0.113972883,KX812447.1_174_1385_1,TRUE,5.913912637,301,5.856926196,97.62162162,Molossus_molossus_associated,ncbi,Bat,Bat,Molossus_molossus_associated,Molossus_molossus_associated
1849,724,0.176635836,OL704823.1_174_1382_1,TRUE,5.976575591,302,5.888257673,97.94594595,Molossus_molossus_associated,ncbi,Bat,Bat,Molossus_molossus_associated,Molossus_molossus_associated
1845,725,0.169293663,SRR4201715_11_,TRUE,5.794974831,300,5.710327999,97.2972973,Molossus_molossus_associated,novel,Bat,Bat,Molossus_molossus_associated,Molossus_molossus_associated
1931,805,0.341694014,SRR4201715_3155_,TRUE,6.222829701,376,6.051982695,121.9459459,Molossus_molossus_associated,novel,Bat,Bat,Molossus_molossus_associated,Molossus_molossus_associated
1938,815,0.753808961,SRR9703484_10495_,TRUE,5.979881242,311,5.602976761,100.8648649,Monophyllus_redmani_associated,novel,Bat,Bat,Monophyllus_redmani_associated,Monophyllus_redmani_associated
1844,718,0.630496611,PP711989.1_225_1451_1,TRUE,6.307859455,298,5.992611149,96.64864865,Mops_associated,ncbi,Bat,Bat,Mops_associated,Mops_associated
1256,128,0.19339168,SRR25288764_68983_,TRUE,5.275461677,463,5.178765837,150.1621622,Mops_plicatus_associated,novel,Bat,Bat,Mops_plicatus_associated,Mops_plicatus_associated
1255,130,0.267570967,SRR25288764_13700_,TRUE,5.222974603,462,5.08918912,149.8378378,Mops_plicatus_associated,novel,Bat,Bat,Mops_plicatus_associated,Mops_plicatus_associated
1844,719,0.513019583,SRR25288764_21803_,TRUE,6.190382426,299,5.933872635,96.97297297,Mops_plicatus_associated,novel,Bat,Bat,Mops_plicatus_associated,Mops_plicatus_associated
1908,783,0.124084123,OR952893.1_126_1328_1,TRUE,5.791437157,399,5.729395095,129.4054054,Myotis_adversus_associated,ncbi,Bat,Bat,Myotis_adversus_associated,Myotis_adversus_associated
1917,798,0.254474282,SRR25288535_46_,TRUE,5.67507259,388,5.547835448,125.8378378,Myotis_altarium_associated,novel,Bat,Bat,Myotis_altarium_associated,Myotis_altarium_associated
1908,782,0.094524771,OR952860.1_132_1334_1,TRUE,5.761877805,398,5.71461542,129.0810811,Myotis_ricketti_associated,ncbi,Bat,Bat,Myotis_ricketti_associated,Myotis_ricketti_associated
2189,1077,0.473421703,OR952861.1_69_1205_1,TRUE,5.926578046,33,5.689867194,10.7027027,Myotis_ricketti_associated,ncbi,Bat,Bat,Myotis_ricketti_associated,Myotis_ricketti_associated
2190,1079,0.22777305,OR952862.1_51_1187_1,TRUE,5.895681703,35,5.781795178,11.35135135,Myotis_ricketti_associated,ncbi,Bat,Bat,Myotis_ricketti_associated,Myotis_ricketti_associated
1996,872,0.147667636,OR952891.1_147_1331_1,TRUE,5.646370262,343,5.572536444,111.2432432,Myotis_siligorensis_associated,ncbi,Bat,Bat,Myotis_siligorensis_associated,Myotis_siligorensis_associated
1720,592,0.108838417,OQ274130.1_84_1298_1,TRUE,6.235561891,596,6.181142683,193.2972973,Neophocaena_asiaeorientalis_associated,ncbi,Bat,Bat,Neophocaena_asiaeorientalis_associated,Neophocaena_asiaeorientalis_associated
1719,594,0.070972717,OQ274131.1_87_1298_1,TRUE,6.149487703,595,6.114001344,192.972973,Neophocaena_asiaeorientalis_associated,ncbi,Bat,Bat,Neophocaena_asiaeorientalis_associated,Neophocaena_asiaeorientalis_associated
1776,649,0.104772703,OQ274127.1_138_1355_1,TRUE,5.949598857,625,5.897212506,202.7027027,Neophocaena_asiaeorientalis_associated,ncbi,Bat,Bat,Neophocaena_asiaeorientalis_associated,Neophocaena_asiaeorientalis_associated
1777,652,0.204834092,OQ274129.1_177_1397_1,TRUE,5.945952332,620,5.843535286,201.0810811,Neophocaena_asiaeorientalis_associated,ncbi,Bat,Bat,Neophocaena_asiaeorientalis_associated,Neophocaena_asiaeorientalis_associated
1779,655,0.124514675,OQ274128.1_132_1349_1,TRUE,5.76303339,618,5.700776053,200.4324324,Neophocaena_asiaeorientalis_associated,ncbi,Bat,Bat,Neophocaena_asiaeorientalis_associated,Neophocaena_asiaeorientalis_associated
1907,784,0.184882762,OR952823.1_87_1295_1,TRUE,5.706002899,397,5.613561518,128.7567568,Pipistrellus_abramus_associated,ncbi,Bat,Bat,Pipistrellus_abramus_associated,Pipistrellus_abramus_associated
1972,864,0.465143918,SRR25288757_173498_,TRUE,5.903687616,352,5.671115657,114.1621622,Pipistrellus_associated,novel,Bat,Bat,Pipistrellus_associated,Pipistrellus_associated
2064,943,0.238705743,DQ366842.1_138_1334_1,TRUE,5.520491133,128,5.401138262,41.51351351,Rousettus_aegyptiacus_associated,ncbi,Bat,Bat,Rousettus_aegyptiacus_associated,Rousettus_aegyptiacus_associated
2062,945,0.683925993,KX276956.1_159_1352_1,TRUE,5.647645137,126,5.30568214,40.86486486,Eidolon_helvum_associated,ncbi,Bat,Bat,Eidolon_helvum_associated,Eidolon_helvum_associated
2061,946,0.73898819,KX276957.1_117_1319_1,TRUE,5.616075457,125,5.246581362,40.54054054,Eidolon_helvum_associated,ncbi,Bat,Bat,Eidolon_helvum_associated,Eidolon_helvum_associated
1814,684,0.397155112,OR427310.1_132_1325_1,TRUE,5.518621658,273,5.320044102,88.54054054,Rhinolophus_affinis_associated,ncbi,Bat,Bat,Rhinolophus_affinis_associated,Rhinolophus_affinis_associated
1834,707,0.187022915,OR952800.1_87_1286_1,TRUE,5.856990107,271,5.76347865,87.89189189,Rhinolophus_affinis_associated,ncbi,Bat,Bat,Rhinolophus_affinis_associated,Rhinolophus_affinis_associated
1867,731,0.245653132,OR952804.1_75_1268_1,TRUE,6.186256689,436,6.063430123,141.4054054,Rhinolophus_affinis_associated,ncbi,Bat,Bat,Rhinolophus_affinis_associated,Rhinolophus_affinis_associated
1865,734,0.354259645,OR952806.1_84_1292_1,TRUE,6.227123421,434,6.049993599,140.7567568,Rhinolophus_affinis_associated,ncbi,Bat,Bat,Rhinolophus_affinis_associated,Rhinolophus_affinis_associated
1873,738,0.064101306,OR952803.1_114_1310_1,TRUE,6.220299196,442,6.188248542,143.3513514,Rhinolophus_affinis_associated,ncbi,Bat,Bat,Rhinolophus_affinis_associated,Rhinolophus_affinis_associated
1873,739,0.102142895,SRR25288841_314141_,TRUE,6.258340785,443,6.207269337,143.6756757,Rhinolophus_affinis_associated,novel,Bat,Bat,Rhinolophus_affinis_associated,Rhinolophus_affinis_associated
1872,740,0.148999207,SRR25288841_297484_,TRUE,6.156795496,441,6.082295892,143.027027,Rhinolophus_affinis_associated,novel,Bat,Bat,Rhinolophus_affinis_associated,Rhinolophus_affinis_associated
1877,744,0.170821328,SRR25288481_627694_,TRUE,6.315442493,449,6.230031828,145.6216216,Rhinolophus_affinis_associated,novel,Bat,Bat,Rhinolophus_affinis_associated,Rhinolophus_affinis_associated
1885,753,0.161237915,OR952799.1_57_1253_1,TRUE,6.291385626,422,6.210766669,136.8648649,Rhinolophus_affinis_associated,ncbi,Bat,Bat,Rhinolophus_affinis_associated,Rhinolophus_affinis_associated
1889,759,0.226910879,OR952801.1_54_1247_1,TRUE,6.011463376,420,5.898007936,136.2162162,Rhinolophus_affinis_associated,ncbi,Bat,Bat,Rhinolophus_affinis_associated,Rhinolophus_affinis_associated
1950,820,0.251477118,OR952918.1_126_1325_1,TRUE,5.838974997,332,5.713236438,107.6756757,Rhinolophus_affinis_associated,ncbi,Bat,Bat,Rhinolophus_affinis_associated,Rhinolophus_affinis_associated
1959,829,0.213236906,OR952919.1_99_1292_1,TRUE,5.882710467,320,5.776092014,103.7837838,Rhinolophus_affinis_associated,ncbi,Bat,Bat,Rhinolophus_affinis_associated,Rhinolophus_affinis_associated
1960,833,0.221425796,OR952805.1_87_1286_1,TRUE,5.771985087,316,5.66127219,102.4864865,Rhinolophus_affinis_associated,ncbi,Bat,Bat,Rhinolophus_affinis_associated,Rhinolophus_affinis_associated
1941,837,0.339591777,OR952802.1_102_1286_1,TRUE,5.508074071,313,5.338278182,101.5135135,Rhinolophus_affinis_associated,ncbi,Bat,Bat,Rhinolophus_affinis_associated,Rhinolophus_affinis_associated
1816,687,0.258836325,BK066590.1_81_1289_1,TRUE,5.739088923,276,5.609670761,89.51351351,Rhinolophus_associated,ncbi,Bat,Bat,Rhinolophus_associated,Rhinolophus_associated
1866,733,0.145749065,OR952773.1_114_1304_1,TRUE,6.052499582,435,5.979625049,141.0810811,Rhinolophus_associated,ncbi,Bat,Bat,Rhinolophus_associated,Rhinolophus_associated
1870,737,0.128386105,OR952772.1_84_1274_1,TRUE,6.159089439,438,6.094896387,142.0540541,Rhinolophus_associated,ncbi,Bat,Bat,Rhinolophus_associated,Rhinolophus_associated
1878,746,0.188144754,SRR25288749_19367_,TRUE,6.230555805,445,6.136483428,144.3243243,Rhinolophus_associated,novel,Bat,Bat,Rhinolophus_associated,Rhinolophus_associated
1951,821,0.062018541,OR952920.1_123_1325_1,TRUE,5.6951475,333,5.664138229,108,Rhinolophus_associated,ncbi,Bat,Bat,Rhinolophus_associated,Rhinolophus_associated
1959,830,0.164959233,OR952807.1_87_1259_1,TRUE,5.834432794,321,5.751953177,104.1081081,Rhinolophus_associated,ncbi,Bat,Bat,Rhinolophus_associated,Rhinolophus_associated
1957,832,0.102633932,SRR25288825_178043_,TRUE,5.637960866,318,5.5866439,103.1351351,Rhinolophus_associated,novel,Bat,Bat,Rhinolophus_associated,Rhinolophus_associated
1253,126,0.038748662,BK066355.1_237_1415_1,TRUE,5.163312457,465,5.143938126,150.8108108,"Rhinolophus_ferrumequinum	_associated",ncbi,Bat,Bat,"Rhinolophus_ferrumequinum	_associated","Rhinolophus_ferrumequinum	_associated"
1815,685,0.280357048,SRR25288767_525095_,TRUE,5.594196775,274,5.454018251,88.86486486,Rhinolophus_ferrumequinum_associated,novel,Bat,Bat,Rhinolophus_ferrumequinum_associated,Rhinolophus_ferrumequinum_associated
1816,686,0.175107397,SRR25288772_849_,TRUE,5.655359996,275,5.567806297,89.18918919,Rhinolophus_ferrumequinum_associated,novel,Bat,Bat,Rhinolophus_ferrumequinum_associated,Rhinolophus_ferrumequinum_associated
1832,708,0.532740056,OR952911.1_114_1310_1,TRUE,5.74092698,268,5.474556952,86.91891892,Rhinolophus_ferrumequinum_associated,ncbi,Bat,Bat,Rhinolophus_ferrumequinum_associated,Rhinolophus_ferrumequinum_associated
1863,747,0.257491521,OR952928.1_57_1262_1,TRUE,6.062975942,433,5.934230181,140.4324324,Rhinolophus_ferrumequinum_associated,ncbi,Bat,Bat,Rhinolophus_ferrumequinum_associated,Rhinolophus_ferrumequinum_associated
1862,748,0.194320098,OR952924.1_117_1307_1,TRUE,5.925909925,432,5.828749876,140.1081081,Rhinolophus_ferrumequinum_associated,ncbi,Bat,Bat,Rhinolophus_ferrumequinum_associated,Rhinolophus_ferrumequinum_associated
1888,756,0.201621964,OR952902.1_72_1256_1,TRUE,6.271308982,427,6.170498,138.4864865,Rhinolophus_ferrumequinum_associated,ncbi,Bat,Bat,Rhinolophus_ferrumequinum_associated,Rhinolophus_ferrumequinum_associated
1882,761,0.406016704,OR952909.1_9_1214_1,TRUE,6.018957952,419,5.8159496,135.8918919,Rhinolophus_ferrumequinum_associated,ncbi,Bat,Bat,Rhinolophus_ferrumequinum_associated,Rhinolophus_ferrumequinum_associated
1945,816,0.067869588,OR952901.1_108_1295_1,TRUE,5.682675244,322,5.64874045,104.4324324,Rhinolophus_ferrumequinum_associated,ncbi,Bat,Bat,Rhinolophus_ferrumequinum_associated,Rhinolophus_ferrumequinum_associated
1945,817,0.038434899,SRR25288772_123409_,TRUE,5.653240554,323,5.634023105,104.7567568,Rhinolophus_ferrumequinum_associated,novel,Bat,Bat,Rhinolophus_ferrumequinum_associated,Rhinolophus_ferrumequinum_associated
1946,818,0.059871782,OR952905.1_78_1265_1,TRUE,5.636222669,324,5.606286778,105.0810811,Rhinolophus_ferrumequinum_associated,ncbi,Bat,Bat,Rhinolophus_ferrumequinum_associated,Rhinolophus_ferrumequinum_associated
1946,819,0.027839501,SRR25288506_3447_,TRUE,5.604190388,325,5.590270638,105.4054054,Rhinolophus_ferrumequinum_associated,novel,Bat,Bat,Rhinolophus_ferrumequinum_associated,Rhinolophus_ferrumequinum_associated
1952,824,0.193357375,OR952908.1_126_1322_1,TRUE,5.815563432,329,5.718884745,106.7027027,Rhinolophus_ferrumequinum_associated,ncbi,Bat,Bat,Rhinolophus_ferrumequinum_associated,Rhinolophus_ferrumequinum_associated
1952,825,0.154241399,OR952906.1_108_1304_1,TRUE,5.776447456,330,5.699326757,107.027027,Rhinolophus_ferrumequinum_associated,ncbi,Bat,Bat,Rhinolophus_ferrumequinum_associated,Rhinolophus_ferrumequinum_associated
1954,826,0.24145465,OR952904.1_24_1217_1,TRUE,5.763867884,327,5.643140559,106.0540541,Rhinolophus_ferrumequinum_associated,ncbi,Bat,Bat,Rhinolophus_ferrumequinum_associated,Rhinolophus_ferrumequinum_associated
1953,828,0.311363214,OR952907.1_102_1295_1,TRUE,5.805307831,326,5.649626224,105.7297297,Rhinolophus_ferrumequinum_associated,ncbi,Bat,Bat,Rhinolophus_ferrumequinum_associated,Rhinolophus_ferrumequinum_associated
1961,835,0.122355286,OR952900.1_78_1250_1,TRUE,5.574988903,314,5.51381126,101.8378378,Rhinolophus_ferrumequinum_associated,ncbi,Bat,Bat,Rhinolophus_ferrumequinum_associated,Rhinolophus_ferrumequinum_associated
1961,836,0.221825806,OR952910.1_132_1301_1,TRUE,5.674459422,315,5.56354652,102.1621622,Rhinolophus_ferrumequinum_associated,ncbi,Bat,Bat,Rhinolophus_ferrumequinum_associated,Rhinolophus_ferrumequinum_associated
1877,743,0.141660072,OR952921.1_75_1262_1,TRUE,6.286281237,448,6.215451201,145.2972973,Rhinolophus_macrotis_associated,ncbi,Bat,Bat,Rhinolophus_macrotis_associated,Rhinolophus_macrotis_associated
1253,127,0.074296993,SRR2063938_281_,TRUE,5.198860788,466,5.161712292,151.1351351,Rhinolophus_pusillus_associated,novel,Bat,Bat,Rhinolophus_pusillus_associated,Rhinolophus_pusillus_associated
1867,732,0.10675709,OR952786.1_75_1262_1,TRUE,6.047360647,437,5.993982102,141.7297297,Rhinolophus_pusillus_associated,ncbi,Bat,Bat,Rhinolophus_pusillus_associated,Rhinolophus_pusillus_associated
1871,735,0.110643676,OR952899.1_198_1397_1,TRUE,6.187897781,439,6.132575944,142.3783784,Rhinolophus_pusillus_associated,ncbi,Bat,Bat,Rhinolophus_pusillus_associated,Rhinolophus_pusillus_associated
1878,745,0.203599545,OR952787.1_195_1382_1,TRUE,6.246010597,444,6.144210824,144,Rhinolophus_pusillus_associated,ncbi,Bat,Bat,Rhinolophus_pusillus_associated,Rhinolophus_pusillus_associated
1880,751,0.08868279,OR952791.1_84_1286_1,TRUE,5.864164574,429,5.819823179,139.1351351,Rhinolophus_pusillus_associated,ncbi,Bat,Bat,Rhinolophus_pusillus_associated,Rhinolophus_pusillus_associated
1880,752,0.074301423,OR952785.1_84_1280_1,TRUE,5.849783207,430,5.812632496,139.4594595,Rhinolophus_pusillus_associated,ncbi,Bat,Bat,Rhinolophus_pusillus_associated,Rhinolophus_pusillus_associated
1885,754,0.083637156,OR952788.1_57_1250_1,TRUE,6.213784867,423,6.171966289,137.1891892,Rhinolophus_pusillus_associated,ncbi,Bat,Bat,Rhinolophus_pusillus_associated,Rhinolophus_pusillus_associated
1960,834,0.121278793,OR952790.1_96_1286_1,TRUE,5.671838085,317,5.611198688,102.8108108,Rhinolophus_pusillus_associated,ncbi,Bat,Bat,Rhinolophus_pusillus_associated,Rhinolophus_pusillus_associated
1833,705,0.200978583,OR952917.1_84_1283_1,TRUE,5.54952373,269,5.449034438,87.24324324,Rhinolophus_sinicus_associated,ncbi,Bat,Bat,Rhinolophus_sinicus_associated,Rhinolophus_sinicus_associated
1834,706,0.094821431,OR952797.1_15_1214_1,TRUE,5.764788624,270,5.717377908,87.56756757,Rhinolophus_sinicus_associated,ncbi,Bat,Bat,Rhinolophus_sinicus_associated,Rhinolophus_sinicus_associated
1871,736,0.130148503,OR952795.1_135_1325_1,TRUE,6.207402609,440,6.142328357,142.7027027,Rhinolophus_sinicus_associated,ncbi,Bat,Bat,Rhinolophus_sinicus_associated,Rhinolophus_sinicus_associated
1876,741,0.129513642,OR952796.1_75_1256_1,TRUE,6.245656014,446,6.180899193,144.6486486,Rhinolophus_sinicus_associated,ncbi,Bat,Bat,Rhinolophus_sinicus_associated,Rhinolophus_sinicus_associated
1876,742,0.122954743,SRR25288489_79383_,TRUE,6.239097116,447,6.177619744,144.972973,Rhinolophus_sinicus_associated,novel,Bat,Bat,Rhinolophus_sinicus_associated,Rhinolophus_sinicus_associated
1861,749,0.30089272,OR952783.1_90_1277_1,TRUE,5.917971792,431,5.767525432,139.7837838,Rhinolophus_sinicus_associated,ncbi,Bat,Bat,Rhinolophus_sinicus_associated,Rhinolophus_sinicus_associated
1879,750,0.337808175,OR952793.1_51_1265_1,TRUE,5.909431068,428,5.740526981,138.8108108,Rhinolophus_sinicus_associated,ncbi,Bat,Bat,Rhinolophus_sinicus_associated,Rhinolophus_sinicus_associated
1888,755,0.22793216,OR952931.1_57_1250_1,TRUE,6.297619178,426,6.183653098,138.1621622,Rhinolophus_sinicus_associated,ncbi,Bat,Bat,Rhinolophus_sinicus_associated,Rhinolophus_sinicus_associated
1887,757,0.235120467,OR952798.1_123_1313_1,TRUE,6.209958365,425,6.092398131,137.8378378,Rhinolophus_sinicus_associated,ncbi,Bat,Bat,Rhinolophus_sinicus_associated,Rhinolophus_sinicus_associated
1895,766,0.060184432,OR952792.1_6_1199_1,TRUE,5.972436788,413,5.942344572,133.9459459,Rhinolophus_sinicus_associated,ncbi,Bat,Bat,Rhinolophus_sinicus_associated,Rhinolophus_sinicus_associated
1951,822,0.150561872,OR952915.1_123_1325_1,TRUE,5.783690831,334,5.708409895,108.3243243,Rhinolophus_sinicus_associated,ncbi,Bat,Bat,Rhinolophus_sinicus_associated,Rhinolophus_sinicus_associated
1954,827,0.212261428,OR952794.1_99_1286_1,TRUE,5.734674662,328,5.628543948,106.3783784,Rhinolophus_sinicus_associated,ncbi,Bat,Bat,Rhinolophus_sinicus_associated,Rhinolophus_sinicus_associated
1958,831,0.160012903,OR952916.1_123_1304_1,TRUE,5.754775748,319,5.674769297,103.4594595,Rhinolophus_sinicus_associated,ncbi,Bat,Bat,Rhinolophus_sinicus_associated,Rhinolophus_sinicus_associated
1949,823,0.213998849,SRR26397420Score_620.079_,TRUE,5.760440186,331,5.653440762,107.3513514,Rhinolophus_thomasi_associated,novel,Bat,Bat,Rhinolophus_thomasi_associated,Rhinolophus_thomasi_associated
2065,941,0.184776233,PP711990.1_141_1340_1,TRUE,5.638833649,129,5.546445532,41.83783784,Rousettus_associated,ncbi,Bat,Bat,Rousettus_associated,Rousettus_associated
2065,942,0.168083589,SRR25288600_363618_,TRUE,5.622141005,130,5.53809921,42.16216216,Rousettus_leschenaultii_associated,novel,Bat,Bat,Rousettus_leschenaultii_associated,Rousettus_leschenaultii_associated
1920,792,0.20800924,OR952826.1_102_1316_1,TRUE,5.882884666,390,5.778880046,126.4864865,Scotophilus_kuhlii_associated,ncbi,Bat,Bat,Scotophilus_kuhlii_associated,Scotophilus_kuhlii_associated
1920,793,0.152145264,SRR25288812_51618_,TRUE,5.82702069,391,5.750948058,126.8108108,Scotophilus_kuhlii_associated,novel,Bat,Bat,Scotophilus_kuhlii_associated,Scotophilus_kuhlii_associated
1925,799,0.105617201,OR952837.1_54_1253_1,TRUE,5.576060301,385,5.5232517,124.8648649,Scotophilus_kuhlii_associated,ncbi,Bat,Bat,Scotophilus_kuhlii_associated,Scotophilus_kuhlii_associated
1926,800,0.253491928,SRR25288616_24264_,TRUE,5.800599446,386,5.673853482,125.1891892,Scotophilus_kuhlii_associated,novel,Bat,Bat,Scotophilus_kuhlii_associated,Scotophilus_kuhlii_associated
1926,801,0.127506067,OR952779.1_153_1349_1,TRUE,5.674613585,387,5.610860552,125.5135135,Scotophilus_kuhlii_associated,ncbi,Bat,Bat,Scotophilus_kuhlii_associated,Scotophilus_kuhlii_associated
1924,802,0.144068297,OR952827.1_54_1247_1,TRUE,5.564440211,384,5.492406062,124.5405405,Scotophilus_kuhlii_associated,ncbi,Bat,Bat,Scotophilus_kuhlii_associated,Scotophilus_kuhlii_associated
1965,839,0.341807711,OR952843.1_51_1241_1,TRUE,5.753502734,336,5.582598879,108.972973,Scotophilus_kuhlii_associated,ncbi,Bat,Bat,Scotophilus_kuhlii_associated,Scotophilus_kuhlii_associated
1965,840,0.274954057,OR952828.1_36_1223_1,TRUE,5.68664908,337,5.549172052,109.2972973,Scotophilus_kuhlii_associated,ncbi,Bat,Bat,Scotophilus_kuhlii_associated,Scotophilus_kuhlii_associated
1968,841,0.269148009,OR952780.1_51_1229_1,TRUE,5.790073942,340,5.655499938,110.2702703,Scotophilus_kuhlii_associated,ncbi,Bat,Bat,Scotophilus_kuhlii_associated,Scotophilus_kuhlii_associated
1967,844,0.184761711,OR952838.1_51_1235_1,TRUE,5.623528,339,5.531147144,109.9459459,Scotophilus_kuhlii_associated,ncbi,Bat,Bat,Scotophilus_kuhlii_associated,Scotophilus_kuhlii_associated
1966,845,0.224987514,OR952847.1_51_1238_1,TRUE,5.588067251,338,5.475573494,109.6216216,Scotophilus_kuhlii_associated,ncbi,Bat,Bat,Scotophilus_kuhlii_associated,Scotophilus_kuhlii_associated
1975,846,0.213604189,OR952778.1_51_1226_1,TRUE,6.126483555,361,6.019681461,117.0810811,Scotophilus_kuhlii_associated,ncbi,Bat,Bat,Scotophilus_kuhlii_associated,Scotophilus_kuhlii_associated
1985,856,0.094903188,OR952835.1_51_1217_1,TRUE,5.850005736,356,5.802554143,115.4594595,Scotophilus_kuhlii_associated,ncbi,Bat,Bat,Scotophilus_kuhlii_associated,Scotophilus_kuhlii_associated
1987,858,0.247738231,OR952781.1_51_1226_1,TRUE,5.945666977,359,5.821797862,116.4324324,Scotophilus_kuhlii_associated,ncbi,Bat,Bat,Scotophilus_kuhlii_associated,Scotophilus_kuhlii_associated
1986,860,0.31000299,OR952840.1_51_1226_1,TRUE,5.968463412,358,5.813461917,116.1081081,Scotophilus_kuhlii_associated,ncbi,Bat,Bat,Scotophilus_kuhlii_associated,Scotophilus_kuhlii_associated
1988,861,0.135575977,OR952825.1_51_1223_1,TRUE,5.829968449,353,5.762180461,114.4864865,Scotophilus_kuhlii_associated,ncbi,Bat,Bat,Scotophilus_kuhlii_associated,Scotophilus_kuhlii_associated
1989,862,0.096666077,OR952834.1_51_1223_1,TRUE,5.898337894,354,5.850004856,114.8108108,Scotophilus_kuhlii_associated,ncbi,Bat,Bat,Scotophilus_kuhlii_associated,Scotophilus_kuhlii_associated
1989,863,0.08737545,SRR25288812_64671_,TRUE,5.889047268,355,5.845359543,115.1351351,Scotophilus_kuhlii_associated,novel,Bat,Bat,Scotophilus_kuhlii_associated,Scotophilus_kuhlii_associated
1994,867,0.083415076,OR952775.1_51_1223_1,TRUE,6.010383268,348,5.96867573,112.8648649,Scotophilus_kuhlii_associated,ncbi,Bat,Bat,Scotophilus_kuhlii_associated,Scotophilus_kuhlii_associated
1994,868,0.158265627,OR952831.1_12_1190_1,TRUE,6.085233819,349,6.006101006,113.1891892,Scotophilus_kuhlii_associated,ncbi,Bat,Bat,Scotophilus_kuhlii_associated,Scotophilus_kuhlii_associated
1993,869,0.083148323,OR952839.1_51_1220_1,TRUE,5.902997759,347,5.861423597,112.5405405,Scotophilus_kuhlii_associated,ncbi,Bat,Bat,Scotophilus_kuhlii_associated,Scotophilus_kuhlii_associated
2021,897,0.258756909,OR952776.1_150_1337_1,TRUE,5.262050072,192,5.132671618,62.27027027,Scotophilus_kuhlii_associated,ncbi,Bat,Bat,Scotophilus_kuhlii_associated,Scotophilus_kuhlii_associated
2021,898,0.156251622,OR952824.1_120_1304_1,TRUE,5.159544786,193,5.081418975,62.59459459,Scotophilus_kuhlii_associated,ncbi,Bat,Bat,Scotophilus_kuhlii_associated,Scotophilus_kuhlii_associated
1913,785,0.142377598,MW922428.1_90_1313_1,TRUE,5.73467925,379,5.663490451,122.9189189,Tadarida_brasiliensis_associated,ncbi,Bat,Bat,Tadarida_brasiliensis_associated,Tadarida_brasiliensis_associated
1913,786,0.187980939,MN329804.1_99_1325_1,TRUE,5.780282591,380,5.686292121,123.2432432,Tadarida_brasiliensis_associated,ncbi,Bat,Bat,Tadarida_brasiliensis_associated,Tadarida_brasiliensis_associated
1914,789,0.578390962,MW922427.1_63_1286_1,TRUE,6.078961845,381,5.789766364,123.5675676,Tadarida_brasiliensis_associated,ncbi,Bat,Bat,Tadarida_brasiliensis_associated,Tadarida_brasiliensis_associated
1929,803,0.368609711,MH230930.1_114_1328_1,TRUE,5.995954374,374,5.811649518,121.2972973,Tadarida_brasiliensis_associated,ncbi,Bat,Bat,Tadarida_brasiliensis_associated,Tadarida_brasiliensis_associated
1851,726,0.614629944,OR952884.1_63_1250_1,TRUE,6.115924489,294,5.808609517,95.35135135,Taphozous_melanopogon_associated,ncbi,Bat,Bat,Taphozous_melanopogon_associated,Taphozous_melanopogon_associated
1853,727,0.380292012,OR952882.1_54_1274_1,TRUE,6.300495703,296,6.110349697,96,Taphozous_melanopogon_associated,ncbi,Bat,Bat,Taphozous_melanopogon_associated,Taphozous_melanopogon_associated
1853,728,0.262148511,OR952881.1_54_1265_1,TRUE,6.182352202,297,6.051277946,96.32432432,Taphozous_melanopogon_associated,ncbi,Bat,Bat,Taphozous_melanopogon_associated,Taphozous_melanopogon_associated
1852,729,0.301653217,OR952883.1_183_1391_1,TRUE,6.025252632,295,5.874426024,95.67567568,Taphozous_melanopogon_associated,ncbi,Bat,Bat,Taphozous_melanopogon_associated,Taphozous_melanopogon_associated
1850,730,0.447079028,OR951005.1_12_1205_1,TRUE,5.76023647,293,5.536696956,95.02702703,Taphozous_melanopogon_associated,ncbi,Bat,Bat,Taphozous_melanopogon_associated,Taphozous_melanopogon_associated
1857,780,0.541439709,SRR7734125_63559_,TRUE,5.707026114,400,5.436306259,129.7297297,Taphozous_perforatus_associated,novel,Bat,Bat,Taphozous_perforatus_associated,Taphozous_perforatus_associated
1940,838,0.272760532,KC858266.1_105_1292_1,TRUE,5.364346107,312,5.227965841,101.1891892,Rhinolophus ferrumequinum,ncbi,Bat,Bat,Rhinolophus_ferrumequinum_associated,Rhinolophus_ferrumequinum_associated
1257,131,0.323332948,JQ814847.1_57_1235_1,TRUE,5.257039136,460,5.095372662,149.1891892,Treisiotapapillomavirus,ncbi,Bat,Bat,Myotis_ricketti,Myotis_ricketti_associated
1923,794,0.087676762,SRR25288726_79248_,TRUE,5.71677733,394,5.672938949,127.7837838,Tylonycteris_pachypus_associated,novel,Bat,Bat,Tylonycteris_pachypus_associated,Tylonycteris_pachypus_associated
1969,843,0.186712578,OR952815.1_51_1244_1,TRUE,5.757911312,342,5.664555023,110.9189189,Tylonycteris_pachypus_associated,ncbi,Bat,Bat,Tylonycteris_pachypus_associated,Tylonycteris_pachypus_associated
1977,848,0.18031868,OR952808.1_51_1229_1,TRUE,5.88114095,363,5.790981611,117.7297297,Tylonycteris_pachypus_associated,ncbi,Bat,Bat,Tylonycteris_pachypus_associated,Tylonycteris_pachypus_associated
1978,849,0.110410936,OR952821.1_51_1235_1,TRUE,5.910892327,364,5.855686859,118.0540541,Tylonycteris_pachypus_associated,ncbi,Bat,Bat,Tylonycteris_pachypus_associated,Tylonycteris_pachypus_associated
1981,852,0.142914751,OR952812.1_270_1442_1,TRUE,5.941757445,367,5.870300069,119.027027,Tylonycteris_pachypus_associated,ncbi,Bat,Bat,Tylonycteris_pachypus_associated,Tylonycteris_pachypus_associated
1981,853,0.078655944,OR952817.1_96_1268_1,TRUE,5.877498637,368,5.838170665,119.3513514,Tylonycteris_pachypus_associated,ncbi,Bat,Bat,Tylonycteris_pachypus_associated,Tylonycteris_pachypus_associated
2020,894,0.100818735,OR952809.1_60_1244_1,TRUE,5.422457758,199,5.37204839,64.54054054,Tylonycteris_pachypus_associated,ncbi,Bat,Bat,Tylonycteris_pachypus_associated,Tylonycteris_pachypus_associated
2020,895,0.159666301,OR952813.1_60_1244_1,TRUE,5.481305324,200,5.401472173,64.86486486,Tylonycteris_pachypus_associated,ncbi,Bat,Bat,Tylonycteris_pachypus_associated,Tylonycteris_pachypus_associated
2019,896,0.10837622,OR952810.1_36_1220_1,TRUE,5.373662306,198,5.319474196,64.21621622,Tylonycteris_pachypus_associated,ncbi,Bat,Bat,Tylonycteris_pachypus_associated,Tylonycteris_pachypus_associated
1257,132,0.536344415,OR952879.1_45_1223_1,TRUE,5.470050603,461,5.201878396,149.5135135,Tylonycteris_robustula_associated,ncbi,Bat,Bat,Tylonycteris_robustula_associated,Tylonycteris_robustula_associated
1923,795,0.108685758,OR952880.1_0_1196_1,TRUE,5.737786326,395,5.683443447,128.1081081,Tylonycteris_robustula_associated,ncbi,Bat,Bat,Tylonycteris_robustula_associated,Tylonycteris_robustula_associated
1922,796,0.078308868,SRR25288688_374483_,TRUE,5.678004015,393,5.638849581,127.4594595,Tylonycteris_robustula_associated,novel,Bat,Bat,Tylonycteris_robustula_associated,Tylonycteris_robustula_associated
1921,797,0.106017201,OR952869.1_0_1175_1,TRUE,5.673673617,392,5.620665017,127.1351351,Tylonycteris_robustula_associated,ncbi,Bat,Bat,Tylonycteris_robustula_associated,Tylonycteris_robustula_associated
1978,850,0.116745694,OR952867.1_51_1235_1,TRUE,5.917227085,365,5.858854238,118.3783784,Tylonycteris_robustula_associated,ncbi,Bat,Bat,Tylonycteris_robustula_associated,Tylonycteris_robustula_associated
1979,851,0.215559913,OR952873.1_51_1229_1,TRUE,5.908425486,366,5.80064553,118.7027027,Tylonycteris_robustula_associated,ncbi,Bat,Bat,Tylonycteris_robustula_associated,Tylonycteris_robustula_associated
1982,854,0.136153723,OR952866.1_96_1268_1,TRUE,5.955940278,369,5.887863416,119.6756757,Tylonycteris_robustula_associated,ncbi,Bat,Bat,Tylonycteris_robustula_associated,Tylonycteris_robustula_associated
1982,855,0.143015433,OR952871.1_93_1265_1,TRUE,5.962801988,370,5.891294271,120,Tylonycteris_robustula_associated,ncbi,Bat,Bat,Tylonycteris_robustula_associated,Tylonycteris_robustula_associated
2022,899,0.216826173,OR952874.1_45_1235_1,TRUE,5.135964408,190,5.027551322,61.62162162,Tylonycteris_robustula_associated,ncbi,Bat,Bat,Tylonycteris_robustula_associated,Tylonycteris_robustula_associated
1919,791,0.191797951,SRR19115560_2307_,TRUE,5.746057879,389,5.650158904,126.1621622,Vespertilio_murinus_associated,novel,Bat,Bat,Vespertilio_murinus_associated,Vespertilio_murinus_associated
2146,1032,0.06556765,SRR7875388Score_563.905_,TRUE,4.58775422,83,4.554970395,26.91891892,Bos_grunniens_associated,novel,Bovine,Bovine,Bos_grunniens_associated,Bos_grunniens_associated
1626,498,0.508361206,ERR10188009_10374_,TRUE,6.496831103,752,6.242650499,243.8918919,Bovine_associated,novel,Bovine,Bovine,Bovine_associated,Bovine_associated
1627,499,0.057346855,SRR24956127_83390_,TRUE,6.090529801,753,6.061856374,244.2162162,Bovine_associated,novel,Bovine,Bovine,Bovine_associated,Bovine_associated
1730,605,0.301493304,SRR24963196_123050_,TRUE,5.763119145,611,5.612372493,198.1621622,Bovine_associated,novel,Bovine,Bovine,Bovine_associated,Bovine_associated
1730,606,0.323878455,SRR24963419_788594_,TRUE,5.785504296,612,5.623565068,198.4864865,Bovine_associated,novel,Bovine,Bovine,Bovine_associated,Bovine_associated
1728,607,0.417858549,SRR24963189_595549_,TRUE,5.752888675,609,5.5439594,197.5135135,Bovine_associated,novel,Bovine,Bovine,Bovine_associated,Bovine_associated
1747,614,0.060603565,ERR10188212_289_,TRUE,5.964200277,662,5.933898494,214.7027027,Bovine_associated,novel,Bovine,Bovine,Bovine_associated,Bovine_associated
1751,618,0.097532912,ERR10188211_15517_,TRUE,5.951636002,653,5.902869546,211.7837838,Bovine_associated,novel,Bovine,Bovine,Bovine_associated,Bovine_associated
1754,621,0.124995311,MH729203.1_48_1235_1,TRUE,5.842205695,646,5.779708039,209.5135135,Bovine_associated,ncbi,Bovine,Bovine,Bovine_associated,Bovine_associated
1760,633,0.256081358,SRR11569199_2444_,TRUE,5.863665497,636,5.735624818,206.2702703,Bovine_associated,novel,Bovine,Bovine,Bovine_associated,Bovine_associated
1765,640,0.246924441,SRR24963500_872656_,TRUE,5.938145777,630,5.814683557,204.3243243,Bovine_associated,novel,Bovine,Bovine,Bovine_associated,Bovine_associated
1766,643,0.37716808,SRR24963462_472035_,TRUE,5.752937027,628,5.564352987,203.6756757,Bovine_associated,novel,Bovine,Bovine,Bovine_associated,Bovine_associated
2051,928,0.619577471,SRR24963268_167972_,TRUE,6.163570205,184,5.853781469,59.67567568,Bovine_associated,novel,Bovine,Bovine,Bovine_associated,Bovine_associated
2052,929,0.346533033,KY705374.1_117_1295_1,TRUE,5.972534163,185,5.799267647,60,Bovine_associated,ncbi,Bovine,Bovine,Bovine_associated,Bovine_associated
2053,933,0.327184343,DRR452111_551228_,TRUE,5.896135498,179,5.732543327,58.05405405,Bovine_associated,novel,Bovine,Bovine,Bovine_associated,Bovine_associated
2056,935,0.009866776,SRR24956076Score_604.876_,TRUE,5.589049527,178,5.584116139,57.72972973,Bovine_associated,novel,Bovine,Bovine,Bovine_associated,Bovine_associated
2058,939,0.54589461,SRR24956270_4526557_,TRUE,5.225031831,172,4.952084525,55.78378378,Bovine_associated,novel,Bovine,Bovine,Bovine_associated,Bovine_associated
2091,971,0.194289234,ERR10188115_7453_,TRUE,6.285462861,163,6.188318244,52.86486486,Bovine_associated,novel,Bovine,Bovine,Bovine_associated,Bovine_associated
2099,980,2.94E-06,ERR10188014Score_575.246_,TRUE,5.735956852,160,5.735955384,51.89189189,Bovine_associated,novel,Bovine,Bovine,Bovine_associated,Bovine_associated
2099,981,0.012749584,SRR11913441_2416_,TRUE,5.7487035,161,5.742328708,52.21621622,Bovine_associated,novel,Bovine,Bovine,Bovine_associated,Bovine_associated
2103,982,0.31504628,ERR10188114_7499_,TRUE,6.055064361,136,5.897541221,44.10810811,Bovine_associated,novel,Bovine,Bovine,Bovine_associated,Bovine_associated
2106,984,0.131839053,ERR10188112_96_,TRUE,6.059141943,139,5.993222416,45.08108108,Bovine_associated,novel,Bovine,Bovine,Bovine_associated,Bovine_associated
2106,985,0.178906992,ERR10188083_7788_,TRUE,6.106209882,140,6.016756386,45.40540541,Bovine_associated,novel,Bovine,Bovine,Bovine_associated,Bovine_associated
2108,989,0.485766366,SRR24955661_163566_,TRUE,5.914825783,132,5.6719426,42.81081081,Bovine_associated,novel,Bovine,Bovine,Bovine_associated,Bovine_associated
2105,983,0.093796773,SRR11842090_13702_,TRUE,5.982302966,138,5.935404579,44.75675676,Bubalus_bubalis_associated,novel,Bovine,Bovine,Bubalus_bubalis_associated,Bubalus_bubalis_associated
2104,986,0.103243169,SRR22679053_21748_,TRUE,5.955644064,137,5.90402248,44.43243243,Bubalus_bubalis_associated,novel,Bovine,Bovine,Bubalus_bubalis_associated,Bubalus_bubalis_associated
2209,1095,0.694144881,SRR11951209_2019_,TRUE,4.567682987,29,4.220610546,9.405405405,Bufo_gargarizans_associated,novel,Bovine,Bovine,Bufo_gargarizans_associated,Bufo_gargarizans_associated
2091,970,0.172378279,ERR11785783_542324_,TRUE,6.263551905,162,6.177362766,52.54054054,Syncerus_caffer_associated,novel,Bovine,Bovine,Syncerus_caffer_associated,Syncerus_caffer_associated
2107,987,0.249958044,ERR11785766_79526_,TRUE,6.072423004,134,5.947443982,43.45945946,Syncerus_caffer_associated,novel,Bovine,Bovine,Syncerus_caffer_associated,Syncerus_caffer_associated
2084,963,0.40990574,HQ912790.1_69_1247_1,TRUE,5.831697576,142,5.626744705,46.05405405,Deltapapillomavirus,ncbi,Camelids,Other,Camelus_dromedarius,Camelus_dromedarius_associated
2084,964,0.265353138,HQ912791.1_90_1262_1,TRUE,5.687144974,143,5.554468404,46.37837838,Deltapapillomavirus,ncbi,Camelids,Other,Camelus_dromedarius,Camelus_dromedarius_associated
2083,965,0.255826614,MT130100.1_90_1259_1,TRUE,5.58553247,141,5.457619163,45.72972973,Deltapapillomavirus,ncbi,Camelids,Other,Camelus_dromedarius,Camelus_dromedarius_associated
1241,110,0.563376965,BK066742.1_150_1337_1,TRUE,5.720730629,469,5.439042147,152.1081081,Canis_familiaris_associated,ncbi,Canine,Canine,Canis_familiaris_associated,Canis_familiaris_associated
1248,116,0.222689726,ERR11271768_2292159_,TRUE,5.918180653,480,5.80683579,155.6756757,Canis_familiaris_associated,novel,Canine,Canine,Canis_familiaris_associated,Canis_familiaris_associated
1249,117,0.173580388,ERR11203034_1304534_,TRUE,5.92320977,481,5.836419576,156,Canis_familiaris_associated,novel,Canine,Canine,Canis_familiaris_associated,Canis_familiaris_associated
1250,120,0.158498689,BK066654.1_117_1301_1,TRUE,5.401461484,472,5.32221214,153.0810811,Canis_familiaris_associated,ncbi,Canine,Canine,Canis_familiaris_associated,Canis_familiaris_associated
1252,121,0.10261557,BK066488.1_150_1340_1,TRUE,5.609014547,474,5.557706762,153.7297297,Canis_familiaris_associated,ncbi,Canine,Canine,Canis_familiaris_associated,Canis_familiaris_associated
1251,123,0.225714829,BK066791.1_117_1295_1,TRUE,5.531868802,473,5.419011388,153.4054054,Canis_familiaris_associated,ncbi,Canine,Canine,Canis_familiaris_associated,Canis_familiaris_associated
1281,144,0.157264161,ERR11271768_87624_,TRUE,6.287516538,793,6.208884457,257.1891892,Canis_familiaris_associated,novel,Canine,Canine,Canis_familiaris_associated,Canis_familiaris_associated
1280,145,0.202903877,ERR11213956_1223340_,TRUE,6.213891224,791,6.112439285,256.5405405,Canis_familiaris_associated,novel,Canine,Canine,Canis_familiaris_associated,Canis_familiaris_associated
1285,151,0.080788385,BK066769.1_138_1316_1,TRUE,6.075792878,785,6.035398685,254.5945946,Canis_familiaris_associated,ncbi,Canine,Canine,Canis_familiaris_associated,Canis_familiaris_associated
1287,153,0.206478994,ERR11284570_621919_,TRUE,6.102199058,779,5.998959561,252.6486486,Canis_familiaris_associated,novel,Canine,Canine,Canis_familiaris_associated,Canis_familiaris_associated
1287,154,0.1841776,ERR11284567_173521_,TRUE,6.079897664,780,5.987808864,252.972973,Canis_familiaris_associated,novel,Canine,Canine,Canis_familiaris_associated,Canis_familiaris_associated
1289,155,0.130887434,ERR11203069_3540346_,TRUE,6.14366846,782,6.078224743,253.6216216,Canis_familiaris_associated,novel,Canine,Canine,Canis_familiaris_associated,Canis_familiaris_associated
1290,162,0.197122047,ERR11223860_712030_,TRUE,5.981268419,774,5.882707395,251.027027,Canis_familiaris_associated,novel,Canine,Canine,Canis_familiaris_associated,Canis_familiaris_associated
1573,442,0.588987853,BK066644.1_102_1298_1,TRUE,6.276786277,850,5.98229235,275.6756757,Canis_familiaris_associated,ncbi,Canine,Canine,Canis_familiaris_associated,Canis_familiaris_associated
2033,914,0.228998672,ERR10447066_222141_,TRUE,5.245321019,217,5.130821683,70.37837838,Canis_familiaris_associated,novel,Canine,Canine,Canis_familiaris_associated,Canis_familiaris_associated
2042,920,0.258520599,ERR11203045_133039_,TRUE,5.397646511,213,5.268386211,69.08108108,Canis_familiaris_associated,novel,Canine,Canine,Canis_familiaris_associated,Canis_familiaris_associated
2043,923,0.21142052,ERR11403158_1683236_,TRUE,5.20307359,209,5.09736333,67.78378378,Canis_familiaris_associated,novel,Canine,Canine,Canis_familiaris_associated,Canis_familiaris_associated
1247,113,0.166210628,SRR13233212_7133_,TRUE,5.91930687,478,5.836201556,155.027027,Canis_familiaris_associated,novel,Canine,Canine,Canis_familiaris_associated,Canis_familiaris_associated
1247,114,0.064711911,SRR18442637_22623_,TRUE,5.817808152,479,5.785452197,155.3513514,Canis_familiaris_associated,novel,Canine,Canine,Canis_familiaris_associated,Canis_familiaris_associated
1249,118,0.165761912,SRR13235220_9564_,TRUE,5.915391294,482,5.832510338,156.3243243,Canis_familiaris_associated,novel,Canine,Canine,Canis_familiaris_associated,Canis_familiaris_associated
1252,122,0.107370819,SRR21770678_48369_,TRUE,5.613769795,475,5.560084386,154.0540541,Canis_familiaris_associated,novel,Canine,Canine,Canis_familiaris_associated,Canis_familiaris_associated
1281,143,0.055578909,SRR13234696_75487_,TRUE,6.185831286,792,6.158041831,256.8648649,Canis_familiaris_associated,novel,Canine,Canine,Canis_familiaris_associated,Canis_familiaris_associated
1283,147,0.142099091,SRR18400216_50961_,TRUE,6.101114136,788,6.030064591,255.5675676,Canis_familiaris_associated,novel,Canine,Canine,Canis_familiaris_associated,Canis_familiaris_associated
1282,149,0.230796778,SRR13376362_191915_,TRUE,6.127854329,787,6.01245594,255.2432432,Canis_familiaris_associated,novel,Canine,Canine,Canis_familiaris_associated,Canis_familiaris_associated
1288,157,0.149628205,SRR13235485_155797_,TRUE,6.049905478,781,5.975091376,253.2972973,Canis_familiaris_associated,novel,Canine,Canine,Canis_familiaris_associated,Canis_familiaris_associated
1292,158,0.208247686,SRR8066612_800976_,TRUE,6.113726231,776,6.009602388,251.6756757,Canis_familiaris_associated,novel,Canine,Canine,Canis_familiaris_associated,Canis_familiaris_associated
1293,159,0.10548865,SRR18400698_20537_,TRUE,6.238120425,777,6.185376099,252,Canis_familiaris_associated,novel,Canine,Canine,Canis_familiaris_associated,Canis_familiaris_associated
1296,164,0.09317577,SRR13235192_177217_,TRUE,5.935129854,768,5.888541969,249.0810811,Canis_familiaris_associated,novel,Canine,Canine,Canis_familiaris_associated,Canis_familiaris_associated
1298,168,0.186345372,SRR13233423_322985_,TRUE,6.057934402,772,5.964761716,250.3783784,Canis_familiaris_associated,novel,Canine,Canine,Canis_familiaris_associated,Canis_familiaris_associated
2037,909,0.15744148,KT901797.1_84_1268_1,TRUE,5.589423964,221,5.510703224,71.67567568,Chipapillomavirus,ncbi,Canine,Canine,Canis_familiaris,Canis_familiaris_associated
2037,910,0.25538086,JF800658.1_1602_2786_1,TRUE,5.687363344,222,5.559672914,72,Chipapillomavirus,ncbi,Canine,Canine,Canis_familiaris,Canis_familiaris_associated
2036,911,0.181270999,FJ492743.1_66_1250_1,TRUE,5.532936552,220,5.442301053,71.35135135,Chipapillomavirus,ncbi,Canine,Canine,Canis_familiaris,Canis_familiaris_associated
2035,912,0.188989634,DQ295066.1_93_1277_1,TRUE,5.467050227,219,5.37255541,71.02702703,Chipapillomavirus,ncbi,Canine,Canine,Canis_familiaris,Canis_familiaris_associated
2034,913,0.168842872,JF800656.1_282_1466_1,TRUE,5.292575256,218,5.20815382,70.7027027,Chipapillomavirus,ncbi,Canine,Canine,Canis_familiaris,Canis_familiaris_associated
2032,915,0.307980924,KP099966.1_174_1358_1,TRUE,5.261317322,216,5.10732686,70.05405405,Chipapillomavirus,ncbi,Canine,Canine,Canis_familiaris,Canis_familiaris_associated
2038,916,0.131058506,OP432240.1_63_1232_1,TRUE,5.270372286,214,5.204843033,69.40540541,Chipapillomavirus,ncbi,Canine,Canine,Canis_familiaris,Canis_familiaris_associated
2038,917,0.145786478,EF584537.1_162_1331_1,TRUE,5.285100259,215,5.21220702,69.72972973,Chipapillomavirus,ncbi,Canine,Canine,Canis_familiaris,Canis_familiaris_associated
2041,918,0.140246868,HQ262536.1_114_1286_1,TRUE,5.189330993,211,5.119207559,68.43243243,Chipapillomavirus,ncbi,Canine,Canine,Canis_familiaris,Canis_familiaris_associated
2042,919,0.23675631,JQ701802.1_84_1259_1,TRUE,5.375882221,212,5.257504066,68.75675676,Chipapillomavirus,ncbi,Canine,Canine,Canis_familiaris,Canis_familiaris_associated
2040,921,0.363254378,JX899359.1_123_1304_1,TRUE,5.259932078,210,5.078304889,68.10810811,Chipapillomavirus,ncbi,Canine,Canine,Canis_familiaris,Canis_familiaris_associated
2043,922,0.155017403,JF800657.1_144_1325_1,TRUE,5.146670473,208,5.069161772,67.45945946,Chipapillomavirus,ncbi,Canine,Canine,Canis_familiaris,Canis_familiaris_associated
1810,678,0.18523667,FJ492744.1_54_1244_1,TRUE,6.038163458,262,5.945545123,84.97297297,Lambdapapillomavirus,ncbi,Canine,Canine,Canis_familiaris,Canis_familiaris_associated
1799,682,0.268801159,D26115.1_84_1274_1,TRUE,5.647156082,255,5.512755503,82.7027027,Lambdapapillomavirus,ncbi,Canine,Canine,Canis_familiaris,Canis_familiaris_associated
1279,146,0.173510024,BK066366.1_114_1298_1,TRUE,6.088815396,790,6.002060384,256.2162162,Taupapillomavirus,ncbi,Canine,Canine,Canis_familiaris,Canis_familiaris_associated
1283,148,0.214949566,MH285954.1_225_1397_1,TRUE,6.173964612,789,6.066489829,255.8918919,Taupapillomavirus,ncbi,Canine,Canine,Canis_familiaris,Canis_familiaris_associated
1285,152,0.188876199,JX141478.1_123_1301_1,TRUE,6.183880692,786,6.089442592,254.9189189,Taupapillomavirus,ncbi,Canine,Canine,Canis_familiaris,Canis_familiaris_associated
1289,156,0.128576109,MH285953.1_72_1247_1,TRUE,6.141357135,783,6.07706908,253.9459459,Taupapillomavirus,ncbi,Canine,Canine,Canis_familiaris,Canis_familiaris_associated
1293,160,0.039284237,BK066790.1_84_1265_1,TRUE,6.171916012,778,6.152273893,252.3243243,Taupapillomavirus,ncbi,Canine,Canine,Canis_familiaris,Canis_familiaris_associated
1291,161,0.107573019,BK066390.1_87_1268_1,TRUE,5.970450589,775,5.91666408,251.3513514,Taupapillomavirus,ncbi,Canine,Canine,Canis_familiaris,Canis_familiaris_associated
1274,163,0.281310934,MH285952.1_108_1289_1,TRUE,5.825138747,773,5.68448328,250.7027027,Taupapillomavirus,ncbi,Canine,Canine,Canis_familiaris,Canis_familiaris_associated
1296,165,0.239275254,KX599536.1_123_1298_1,TRUE,6.081229338,769,5.961591711,249.4054054,Taupapillomavirus,ncbi,Canine,Canine,Canis_familiaris,Canis_familiaris_associated
1295,166,0.153884195,FJ492742.1_66_1244_1,TRUE,5.936795749,767,5.859853652,248.7567568,Taupapillomavirus,ncbi,Canine,Canine,Canis_familiaris,Canis_familiaris_associated
1298,167,0.237900968,AY722648.1_99_1274_1,TRUE,6.109489998,771,5.990539514,250.0540541,Taupapillomavirus,ncbi,Canine,Canine,Canis_familiaris,Canis_familiaris_associated
1297,169,0.201021704,BK066588.1_96_1274_1,TRUE,6.020827439,770,5.920316587,249.7297297,Taupapillomavirus,ncbi,Canine,Canine,Canis_familiaris,Canis_familiaris_associated
2055,936,0.371136891,SRR19117908_684125_,TRUE,5.606814102,176,5.421245656,57.08108108,Budorcas_taxicolor_associated,novel,Caprine,Other,Budorcas_taxicolor_associated,Budorcas_taxicolor_associated
1738,627,0.3269178,MN148899.1_138_1337_1,TRUE,5.758627746,643,5.595168846,208.5405405,Capra_hircus_associated,ncbi,Caprine,Other,Capra_hircus_associated,Capra_hircus_associated
2108,990,0.204638343,ERR3281568_196968_,TRUE,5.63369776,133,5.531378588,43.13513514,Capra_hircus_associated,novel,Caprine,Other,Capra_hircus_associated,Capra_hircus_associated
1723,599,0.419560065,SRR8437782_17784_,TRUE,5.388470232,604,5.178690199,195.8918919,Capra_ibex_associated,novel,Caprine,Other,Capra_ibex_associated,Capra_ibex_associated
2054,932,0.336937706,KC876045.1_81_1256_1,TRUE,6.059001843,181,5.89053299,58.7027027,Dyokappapapillomavirus,ncbi,Caprine,Other,Rupicapra_rupicapra,Rupicapra_rupicapra_associated
1762,637,0.371878689,SRR11657643_297240_,TRUE,5.461858315,632,5.275918971,204.972973,Ovis_aries_associated,novel,Caprine,Other,Ovis_aries_associated,Ovis_aries_associated
1729,604,0.305634165,DQ091200.1_90_1280_1,TRUE,5.651901372,610,5.499084289,197.8378378,Phipapillomavirus,ncbi,Caprine,Other,Capra_hircus,Capra_hircus_associated
1766,642,0.769773075,SRR19505656_591_,TRUE,6.145542023,627,5.760655485,203.3513514,Tick_associated,novel,Tick,Other,Tick_associated,Tick_associated
1619,490,2.00E-06,SRR7122329_534_,TRUE,5.509089928,805,5.509088926,261.0810811,Bos_taurus_associated,novel,Cattle,Cattle,Bos_taurus_associated,Bos_taurus_associated
1628,502,0.68200498,SRR16937311_42765_,TRUE,6.383372922,750,6.042370432,243.2432432,Bos_taurus_associated,novel,Cattle,Cattle,Bos_taurus_associated,Bos_taurus_associated
1743,608,0.264836516,MW428429.1_90_1283_1,TRUE,5.977738197,656,5.845319939,212.7567568,Bos_taurus_associated,ncbi,Cattle,Cattle,Bos_taurus_associated,Bos_taurus_associated
1744,610,0.183447316,MW404259.1_144_1322_1,TRUE,5.964273225,658,5.872549567,213.4054054,Bos_taurus_associated,ncbi,Cattle,Cattle,Bos_taurus_associated,Bos_taurus_associated
1746,611,0.094595258,MW428425.1_90_1274_1,TRUE,5.963348621,659,5.916050992,213.7297297,Bos_taurus_associated,ncbi,Cattle,Cattle,Bos_taurus_associated,Bos_taurus_associated
1746,612,0.119511434,MW404256.1_177_1361_1,TRUE,5.988264798,660,5.92850908,214.0540541,Bos_taurus_associated,ncbi,Cattle,Cattle,Bos_taurus_associated,Bos_taurus_associated
1747,613,0.026685736,MW543423.1_48_1238_1,TRUE,5.930282448,661,5.91693958,214.3783784,Bos_taurus_associated,ncbi,Cattle,Cattle,Bos_taurus_associated,Bos_taurus_associated
1755,623,0.27499985,MW390885.1_90_1274_1,TRUE,6.003020686,648,5.865520761,210.1621622,Bos_taurus_associated,ncbi,Cattle,Cattle,Bos_taurus_associated,Bos_taurus_associated
1759,630,0.202985789,MW428428.1_75_1265_1,TRUE,5.802602253,639,5.701109358,207.2432432,Bos_taurus_associated,ncbi,Cattle,Cattle,Bos_taurus_associated,Bos_taurus_associated
1759,631,0.213572839,OL672227.1_75_1259_1,TRUE,5.813189303,640,5.706402884,207.5675676,Bos_taurus_associated,ncbi,Cattle,Cattle,Bos_taurus_associated,Bos_taurus_associated
1760,634,0.130123881,MW428427.1_69_1271_1,TRUE,5.73770802,637,5.67264608,206.5945946,Bos_taurus_associated,ncbi,Cattle,Cattle,Bos_taurus_associated,Bos_taurus_associated
1761,635,0.259332984,KU519395.1_72_1274_1,TRUE,5.688238381,634,5.558571889,205.6216216,Bos_taurus_associated,ncbi,Cattle,Cattle,Bos_taurus_associated,Bos_taurus_associated
1764,639,0.215532191,MW543427.1_54_1232_1,TRUE,5.792542504,629,5.684776408,204,Bos_taurus_associated,ncbi,Cattle,Cattle,Bos_taurus_associated,Bos_taurus_associated
2051,927,0.741233919,ERR2985417_92987_,TRUE,6.285226653,183,5.914609693,59.35135135,Bos_taurus_associated,novel,Cattle,Cattle,Bos_taurus_associated,Bos_taurus_associated
2096,972,1.03E-06,MW428430.1_57_1088_1,TRUE,5.909542674,170,5.909542161,55.13513514,Bos_taurus_associated,ncbi,Cattle,Cattle,Bos_taurus_associated,Bos_taurus_associated
2096,973,1.03E-06,MW543422.1_45_1211_1,TRUE,5.909542674,171,5.909542161,55.45945946,Bos_taurus_associated,ncbi,Cattle,Cattle,Bos_taurus_associated,Bos_taurus_associated
2095,974,0.081837568,SRR23881938_1424_,TRUE,5.918532647,169,5.877613864,54.81081081,Bos_taurus_associated,novel,Cattle,Cattle,Bos_taurus_associated,Bos_taurus_associated
2094,975,0.169714047,MW436430.1_57_1277_1,TRUE,5.921549192,168,5.836692169,54.48648649,Bos_taurus_associated,ncbi,Cattle,Cattle,Bos_taurus_associated,Bos_taurus_associated
2098,977,0.799019595,SRR22103697_35462_,TRUE,6.415853041,165,6.016343244,53.51351351,Bos_taurus_associated,novel,Cattle,Cattle,Bos_taurus_associated,Bos_taurus_associated
2097,979,0.449302606,MW401530.1_81_1247_1,TRUE,5.976633127,164,5.751981824,53.18918919,Bos_taurus_associated,ncbi,Cattle,Cattle,Bos_taurus_associated,Bos_taurus_associated
2107,988,0.132095716,MW401531.1_156_1325_1,TRUE,5.954560676,135,5.888512818,43.78378378,Bos_taurus_associated,ncbi,Cattle,Cattle,Bos_taurus_associated,Bos_taurus_associated
1628,501,0.365512117,MH512005.1_45_1241_1,TRUE,6.066880059,749,5.884124,242.9189189,Bovine_associated,ncbi,Cattle,Cattle,Bovine_associated,Bovine_associated
2078,954,0.230516993,MF435916.1_54_1229_1,TRUE,5.920223568,154,5.804965071,49.94594595,Deltapapillomavirus,ncbi,Cattle,Cattle,Bos_taurus,Bos_taurus_associated
2078,955,0.008637426,AB626705.1_54_1229_1,TRUE,5.698344001,155,5.694025287,50.27027027,Deltapapillomavirus,ncbi,Cattle,Cattle,Bos_taurus,Bos_taurus_associated
2077,956,0.180360909,KP276343.1_138_1310_1,TRUE,5.661153341,153,5.570972886,49.62162162,Deltapapillomavirus,ncbi,Cattle,Cattle,Bos_taurus,Bos_taurus_associated
2049,926,0.660779108,KU519391.1_54_1238_1,TRUE,5.881618438,182,5.551228884,59.02702703,Dyokappapapillomavirus,ncbi,Cattle,Cattle,Bos_taurus,Bos_taurus_associated
2058,940,1.139994431,KU519393.1_54_1235_1,TRUE,5.819131651,173,5.249134436,56.10810811,Dyokappapapillomavirus,ncbi,Cattle,Cattle,Bos_taurus,Bos_taurus_associated
1603,474,0.786594621,KU519396.1_54_1241_1,TRUE,6.158689827,809,5.765392517,262.3783784,Dyoxipapillomavirus,ncbi,Cattle,Cattle,Bos_taurus,Bos_taurus_associated
1603,475,0.431694311,KU519394.1_54_1250_1,TRUE,5.803789518,810,5.587942362,262.7027027,Dyoxipapillomavirus,ncbi,Cattle,Cattle,Bos_taurus,Bos_taurus_associated
1626,497,0.21392955,DQ217793.1_51_1253_1,TRUE,6.202399446,751,6.095434671,243.5675676,Dyoxipapillomavirus,ncbi,Cattle,Cattle,Bos_taurus,Bos_taurus_associated
1627,500,0.140681531,MK124621.1_78_1310_1,TRUE,6.173864477,754,6.103523712,244.5405405,Dyoxipapillomavirus,ncbi,Cattle,Cattle,Bos_taurus,Bos_taurus_associated
2093,976,0.101393531,AF457465.1_225_1391_1,TRUE,5.738288711,167,5.687591946,54.16216216,Epsilonpapillomavirus,ncbi,Cattle,Cattle,Bos_taurus,Bos_taurus_associated
2098,978,0.233542873,KU350625.1_132_1298_1,TRUE,5.85037632,166,5.733604883,53.83783784,Epsilonpapillomavirus,ncbi,Cattle,Cattle,Bos_taurus,Bos_taurus_associated
1623,496,0.523234194,MW401529.1_48_1253_1,TRUE,5.860324444,748,5.598707347,242.5945946,Xipapillomavirus,ncbi,Cattle,Cattle,Bos_taurus,Bos_taurus_associated
1744,609,0.16218905,KM983393.1_90_1268_1,TRUE,5.943014959,657,5.861920434,213.0810811,Xipapillomavirus,ncbi,Cattle,Cattle,Bos_taurus,Bos_taurus_associated
1741,615,0.174113934,AB331650.1_144_1325_1,TRUE,5.799281386,655,5.712224419,212.4324324,Xipapillomavirus,ncbi,Cattle,Cattle,Bos_taurus,Bos_taurus_associated
1749,616,0.100031471,AB543507.1_90_1274_1,TRUE,5.942215574,650,5.892199838,210.8108108,Xipapillomavirus,ncbi,Cattle,Cattle,Bos_taurus,Bos_taurus_associated
1749,617,0.11128498,GQ471901.1_138_1322_1,TRUE,5.953469082,651,5.897826592,211.1351351,Xipapillomavirus,ncbi,Cattle,Cattle,Bos_taurus,Bos_taurus_associated
1751,619,0.261203901,MG602223.1_144_1325_1,TRUE,6.115306991,654,5.984705041,212.1081081,Xipapillomavirus,ncbi,Cattle,Cattle,Bos_taurus,Bos_taurus_associated
1750,620,0.115129414,MW393860.1_48_1235_1,TRUE,5.916328124,652,5.858763416,211.4594595,Xipapillomavirus,ncbi,Cattle,Cattle,Bos_taurus,Bos_taurus_associated
1754,622,0.114588167,LC514113.1_75_1259_1,TRUE,5.83179855,647,5.774504467,209.8378378,Xipapillomavirus,ncbi,Cattle,Cattle,Bos_taurus,Bos_taurus_associated
1755,624,0.27379929,AB845589.1_75_1262_1,TRUE,6.001820126,649,5.864920481,210.4864865,Xipapillomavirus,ncbi,Cattle,Cattle,Bos_taurus,Bos_taurus_associated
1756,625,0.149584534,AF486184.1_75_1265_1,TRUE,5.795427224,644,5.720634956,208.8648649,Xipapillomavirus,ncbi,Cattle,Cattle,Bos_taurus,Bos_taurus_associated
1756,626,0.130725287,KX098515.1_75_1262_1,TRUE,5.776567976,645,5.711205333,209.1891892,Xipapillomavirus,ncbi,Cattle,Cattle,Bos_taurus,Bos_taurus_associated
1737,628,0.3328231,AB331651.1_309_1508_1,TRUE,5.730472256,642,5.564060706,208.2162162,Xipapillomavirus,ncbi,Cattle,Cattle,Bos_taurus,Bos_taurus_associated
1736,629,0.209601574,LC500686.1_90_1286_1,TRUE,5.569684656,641,5.464883869,207.8918919,Xipapillomavirus,ncbi,Cattle,Cattle,Bos_taurus,Bos_taurus_associated
1758,632,0.080183904,JF834523.1_75_1262_1,TRUE,5.610234429,638,5.570142477,206.9189189,Xipapillomavirus,ncbi,Cattle,Cattle,Bos_taurus,Bos_taurus_associated
1765,641,0.125998724,KU519392.1_102_1298_1,TRUE,5.81722006,631,5.754220698,204.6486486,Xipapillomavirus,ncbi,Cattle,Cattle,Bos_taurus,Bos_taurus_associated
1712,595,0.471731698,OP748391.1_462_1661_1,TRUE,6.037800582,592,5.801934733,192,Delphinapterus_leucas_associated,ncbi,Cetacean,Cetacean,Delphinapterus_leucas_associated,Delphinapterus_leucas_associated
1231,101,0.203134726,MG744508.1_78_1256_1,TRUE,5.492876067,486,5.391308704,157.6216216,Dyopipapillomavirus,ncbi,Cetacean,Cetacean,Tursiops_truncatus,Tursiops_truncatus_associated
1774,648,0.187931724,JN709470.1_93_1301_1,TRUE,5.927127536,623,5.833161674,202.0540541,Omikronpapillomavirus,ncbi,Cetacean,Cetacean,Tursiops_truncatus,Tursiops_truncatus_associated
1776,650,0.1651466,AJ006302.1_132_1358_1,TRUE,6.009972754,626,5.927399454,203.027027,Omikronpapillomavirus,ncbi,Cetacean,Cetacean,Phocoena_spinipinnis,Phocoena_spinipinnis_associated
1775,651,0.136808366,JN709471.1_72_1280_1,TRUE,5.902781684,624,5.834377501,202.3783784,Omikronpapillomavirus,ncbi,Cetacean,Cetacean,Tursiops_truncatus,Tursiops_truncatus_associated
1778,653,0.216479408,MG905161.1_171_1403_1,TRUE,6.001750092,621,5.893510388,201.4054054,Omikronpapillomavirus,ncbi,Cetacean,Cetacean,Tursiops_truncatus,Tursiops_truncatus_associated
1778,654,0.473807605,BK066797.1_69_1304_1,TRUE,6.259078288,622,6.022174486,201.7297297,Omikronpapillomavirus,ncbi,Cetacean,Cetacean,Sousa_chinensis,Sousa_chinensis_associated
1779,656,0.131517545,GU117621.1_141_1358_1,TRUE,5.77003626,619,5.704277488,200.7567568,Omikronpapillomavirus,ncbi,Cetacean,Cetacean,Phocoena_phocoena,Phocoena_phocoena_associated
1771,657,1.289061597,BK066876.1_99_1316_1,TRUE,6.307593183,617,5.663062385,200.1081081,Sousa_chinensis_associated,ncbi,Cetacean,Cetacean,Sousa_chinensis_associated,Sousa_chinensis_associated
1713,586,0.284323229,AY940040.1_24_1244_1,TRUE,6.100367233,593,5.958205619,192.3243243,Upsilonpapillomavirus,ncbi,Cetacean,Cetacean,Tursiops_truncatus,Tursiops_truncatus_associated
1714,587,0.140403092,GU117620.1_84_1298_1,TRUE,6.142061355,594,6.071859809,192.6486486,Upsilonpapillomavirus,ncbi,Cetacean,Cetacean,Delphinus_delphis,Delphinus_delphis_associated
1716,588,0.157603292,EU240895.1_84_1286_1,TRUE,6.249065679,598,6.170264033,193.9459459,Upsilonpapillomavirus,ncbi,Cetacean,Cetacean,Tursiops_truncatus,Tursiops_truncatus_associated
1718,589,0.099087476,JN709472.1_87_1292_1,TRUE,6.313781096,600,6.264237358,194.5945946,Upsilonpapillomavirus,ncbi,Cetacean,Cetacean,Tursiops_truncatus,Tursiops_truncatus_associated
1718,590,0.064140533,JN709469.1_87_1295_1,TRUE,6.278834153,601,6.246763886,194.9189189,Upsilonpapillomavirus,ncbi,Cetacean,Cetacean,Tursiops_truncatus,Tursiops_truncatus_associated
1717,591,0.207494974,KJ637940.1_21_1226_1,TRUE,6.352242582,599,6.248495095,194.2702703,Upsilonpapillomavirus,ncbi,Cetacean,Cetacean,Tursiops_aduncus,Tursiops_aduncus_associated
1720,593,0.145963679,EU240894.1_84_1298_1,TRUE,6.272687154,597,6.199705314,193.6216216,Upsilonpapillomavirus,ncbi,Cetacean,Cetacean,Tursiops_truncatus,Tursiops_truncatus_associated
1711,596,0.467082926,GU117622.1_114_1313_1,TRUE,5.837723377,591,5.604181914,191.6756757,Upsilonpapillomavirus,ncbi,Cetacean,Cetacean,Phocoena_phocoena,Phocoena_phocoena_associated
1722,597,0.044495672,SRR17035119_206180_,TRUE,5.424698403,602,5.402450567,195.2432432,Cervus_nippon_associated,novel,Cervine,Cervine,Cervus_nippon_associated,Cervus_nippon_associated
1727,602,0.176743834,SRR17035102_23469_,TRUE,5.581862402,607,5.493490485,196.8648649,Cervus_nippon_associated,novel,Cervine,Cervine,Cervus_nippon_associated,Cervus_nippon_associated
1727,603,0.157590183,SRR17035102_50223_,TRUE,5.562708751,608,5.483913659,197.1891892,Cervus_nippon_associated,novel,Cervine,Cervine,Cervus_nippon_associated,Cervus_nippon_associated
2087,966,0.303953316,SRR17035106_10706_,TRUE,5.715566023,157,5.563589365,50.91891892,Cervus_nippon_associated,novel,Cervine,Cervine,Cervus_nippon_associated,Cervus_nippon_associated
2088,968,0.089894726,SRR17035106_825_,TRUE,5.797601027,159,5.752653664,51.56756757,Cervus_nippon_associated,novel,Cervine,Cervine,Cervus_nippon_associated,Cervus_nippon_associated
2086,969,0.459679329,SRR17035106_3316_,TRUE,5.770052174,156,5.540212509,50.59459459,Cervus_nippon_associated,novel,Cervine,Cervine,Cervus_nippon_associated,Cervus_nippon_associated
2081,959,0.234017992,M11910.1_87_1262_1,TRUE,5.725493153,148,5.608484157,48,Deltapapillomavirus,ncbi,Cervine,Cervine,Odocoileus_virginianus,Odocoileus_virginianus_associated
2082,960,0.10244335,AF443292.1_81_1265_1,TRUE,5.679310494,149,5.628088819,48.32432432,Deltapapillomavirus,ncbi,Cervine,Cervine,Rangifer_tarandus,Rangifer_tarandus_associated
2082,961,0.121835724,M15953.1_81_1262_1,TRUE,5.698702869,150,5.637785007,48.64864865,Deltapapillomavirus,ncbi,Cervine,Cervine,Alces_alces,Alces_alces_associated
2080,962,0.150284812,EF680235.1_90_1271_1,TRUE,5.55936679,147,5.484224384,47.67567568,Deltapapillomavirus,ncbi,Cervine,Cervine,Capreolus_capreolus,Capreolus_capreolus_associated
2088,967,0.118493417,KJ719447.1_42_1205_1,TRUE,5.826199718,158,5.766953009,51.24324324,Deltapapillomavirus,ncbi,Cervine,Cervine,Rangifer_tarandus,Rangifer_tarandus_associated
2057,938,0.373460058,KT932713.1_54_1232_1,TRUE,5.093813049,175,4.90708302,56.75675676,Dyokappapapillomavirus,ncbi,Cervine,Cervine,Pudu_puda,Pudu_puda_associated
2052,930,0.172558137,PQ037580.1_105_1286_1,TRUE,5.798559268,186,5.712280199,60.32432432,Panolia_siamensis_associated,ncbi,Cervine,Cervine,Panolia_siamensis_associated,Panolia_siamensis_associated
1725,600,0.37162399,SRR19545153_36443_,TRUE,5.67617667,605,5.490364675,196.2162162,Rangifer_tarandus_association,novel,Cervine,Cervine,Rangifer_tarandus_association,Rangifer_tarandus_association
1726,601,0.337385458,SRR19545148_51759_,TRUE,5.672831642,606,5.504138913,196.5405405,Rangifer_tarandus_association,novel,Cervine,Cervine,Rangifer_tarandus_association,Rangifer_tarandus_association
2100,991,0.654677171,KT852571.1_114_1289_1,TRUE,5.845562698,131,5.518224113,42.48648649,Rus_timorensis_associated,ncbi,Cervine,Cervine,Rus_timorensis_associated,Rus_timorensis_associated
1722,598,0.028934974,KP757765.1_123_1298_1,TRUE,5.409137705,603,5.394670218,195.5675676,Treisthetapapillomavirus,ncbi,Cervine,Cervine,Rusa_timorensis,Rusa_timorensis_associated
1761,636,0.198997497,KC810012.1_57_1256_1,TRUE,5.627902893,635,5.528404145,205.9459459,Xipapillomavirus,ncbi,Cervine,Cervine,Rangifer_tarandus,Rangifer_tarandus_associated
1762,638,0.438048114,KT932712.1_99_1301_1,TRUE,5.52802774,633,5.309003683,205.2972973,Xipapillomavirus,ncbi,Cervine,Cervine,Cervus_elaphus,Cervus_elaphus_associated
1915,788,0.765107157,KF741371.1_78_1277_1,TRUE,6.890359785,383,6.507806207,124.2162162,Dyochipapillomavirus,ncbi,Equine,Equine,Equus_asinus,Equus_asinus_associated
2112,996,0.418229858,EU503122.1_117_1301_1,TRUE,5.06792893,118,4.858814001,38.27027027,Dyoiotapapillomavirus,ncbi,Equine,Equine,Equus_caballus,Equus_caballus_associated
2113,997,0.342606589,JQ031033.1_126_1289_1,TRUE,5.04360264,114,4.872299346,36.97297297,Dyoiotapapillomavirus,ncbi,Equine,Equine,Equus_caballus,Equus_caballus_associated
2113,998,0.456937123,JF939718.1_45_1217_1,TRUE,5.157933174,115,4.929464613,37.2972973,Dyoiotapapillomavirus,ncbi,Equine,Equine,Equus_caballus,Equus_caballus_associated
2068,948,0.253327572,JQ965698.1_99_1274_1,TRUE,5.582301895,124,5.455638109,40.21621622,Dyorhopapillomavirus,ncbi,Equine,Equine,Equus_caballus,Equus_caballus_associated
2067,949,0.162798038,JX035935.1_99_1274_1,TRUE,5.424041003,122,5.342641985,39.56756757,Dyorhopapillomavirus,ncbi,Equine,Equine,Equus_caballus,Equus_caballus_associated
1915,787,0.412874874,OP699054.1_120_1304_1,TRUE,6.538127502,382,6.331690065,123.8918919,Equus_asinus_associated,ncbi,Equine,Equine,Equus_asinus_associated,Equus_asinus_associated
2111,994,0.568541784,OP870083.1_225_1385_1,TRUE,5.030696022,116,4.74642513,37.62162162,Equus_caballus_associated,ncbi,Equine,Equine,Equus_caballus_associated,Equus_caballus_associated
2112,995,0.433640903,MN117918.1_84_1265_1,TRUE,5.083339975,117,4.866519523,37.94594595,Equus_caballus_associated,ncbi,Equine,Equine,Equus_caballus_associated,Equus_caballus_associated
1622,503,1.344286647,SRR4075526_1936_,TRUE,6.240717411,747,5.568574088,242.2702703,Horse_associated,novel,Equine,Equine,Horse_associated,Horse_associated
2044,925,0.742939853,KU963288.1_102_1274_1,TRUE,5.352051399,202,4.980581472,65.51351351,Treiskappapapillomavirus,ncbi,Equine,Equine,Equus_caballus,Equus_caballus_associated
2044,924,0.83973146,AF394740.1_87_1283_1,TRUE,5.448843006,201,5.028977276,65.18918919,Zetapapillomavirus,ncbi,Equine,Equine,Equus,Equus_associated
1783,660,1.03E-06,OL310516.1_78_1253_1,TRUE,4.957333377,453,4.957332864,146.9189189,Dyothetapapillomavirus,ncbi,Feline,Feline,Felis_domesticus,Felis_domesticus_associated
1807,675,0.191688096,BK066374.1_111_1289_1,TRUE,6.246494661,265,6.150650613,85.94594595,Felis_associated,ncbi,Feline,Feline,Felis_associated,Felis_associated
1300,171,0.4602219,KY853656.1_60_1226_1,TRUE,5.87405531,755,5.64394436,244.8648649,Felis_catus_associated,ncbi,Feline,Feline,Felis_catus_associated,Felis_catus_associated
1303,173,0.20846316,OQ836188.1_108_1277_1,TRUE,6.320790587,759,6.216559007,246.1621622,Felis_catus_associated,ncbi,Feline,Feline,Felis_catus_associated,Felis_catus_associated
1303,174,0.11964495,MN857145.1_78_1238_1,TRUE,6.231972376,760,6.172149902,246.4864865,Felis_catus_associated,ncbi,Feline,Feline,Felis_catus_associated,Felis_catus_associated
1809,680,0.125448714,BK066513.1_87_1274_1,TRUE,5.811665437,261,5.74894108,84.64864865,Felis_catus_associated,ncbi,Feline,Feline,Felis_catus_associated,Felis_catus_associated
1803,670,0.102490454,OR915587.1_135_1328_1,TRUE,6.175749476,257,6.124504249,83.35135135,Lambdapapillomavirus,ncbi,Feline,Feline,Caracal_caracal,Caracal_caracal_associated
1804,672,0.070330985,AF377865.1_192_1367_1,TRUE,5.803704871,259,5.768539379,84,Lambdapapillomavirus,ncbi,Feline,Feline,Felis_domesticus,Felis_domesticus_associated
1804,673,0.159732832,AY904724.1_57_1238_1,TRUE,5.893106718,260,5.813240302,84.32432432,Lambdapapillomavirus,ncbi,Feline,Feline,Panthera_leo,Panthera_leo_associated
1808,676,0.377027435,OR915584.1_84_1265_1,TRUE,6.210304791,266,6.021791074,86.27027027,Lambdapapillomavirus,ncbi,Feline,Feline,Caracal_caracal,Caracal_caracal_associated
1800,681,0.509555892,OR915590.1_87_1265_1,TRUE,6.024236946,256,5.769459001,83.02702703,Lambdapapillomavirus,ncbi,Feline,Feline,Caracal_caracal,Caracal_caracal_associated
1807,674,0.21254618,MH910493.1_117_1316_1,TRUE,6.267352744,264,6.161079655,85.62162162,Leopardus_wiedii_associated,ncbi,Feline,Feline,Leopardus_wiedii_associated,Leopardus_wiedii_associated
1302,175,0.173617075,BK066472.1_117_1283_1,TRUE,5.778763515,758,5.691954977,245.8378378,Panthera_pardus_associcated,ncbi,Feline,Feline,Panthera_pardus_associcated,Panthera_pardus_associcated
1803,671,0.128254709,BK066893.1_138_1331_1,TRUE,6.201513731,258,6.137386376,83.67567568,Panthera_pardus_associcated,ncbi,Feline,Feline,Panthera_pardus_associcated,Panthera_pardus_associcated
1300,172,0.231801147,LC333412.2_96_1277_1,TRUE,5.645634557,756,5.529733984,245.1891892,Taupapillomavirus,ncbi,Feline,Feline,Felis_domesticus,Felis_domesticus_associated
1301,176,0.110509491,JX972168.1_72_1247_1,TRUE,5.589345255,757,5.53409051,245.5135135,Taupapillomavirus,ncbi,Feline,Feline,Felis_domesticus,Felis_domesticus_associated
1702,577,0.065330822,BK066462.1_78_1295_1,TRUE,5.358090949,704,5.325425538,228.3243243,Taupapillomavirus,ncbi,Feline,Feline,Panthera,Panthera_associated
2218,1108,0.804421179,BK066762.1_57_1157_1,TRUE,3.034357001,11,2.632146411,3.567567568,Leptobrachium_leishanense_associated,ncbi,Amphibian,Amphibian,Leptobrachium_leishanense_associated,Leptobrachium_leishanense_associated
2218,1109,1.308241113,BK066795.1_45_1154_1,TRUE,3.538176935,12,2.884056378,3.891891892,Leptobrachium_leishanense_associated,ncbi,Amphibian,Amphibian,Leptobrachium_leishanense_associated,Leptobrachium_leishanense_associated
2207,1098,0.620422862,SRR8104729_654_,TRUE,4.083761915,27,3.773550485,8.756756757,Limnonectes_kadarsani_associated,novel,Amphibian,Amphibian,Limnonectes_kadarsani_associated,Limnonectes_kadarsani_associated
2213,1107,0.74960322,SRR20701368_3697_,TRUE,3.068835534,13,2.694033924,4.216216216,Lithobates_catesbeianus_associated,novel,Amphibian,Amphibian,Lithobates_catesbeianus_associated,Lithobates_catesbeianus_associated
2202,1091,0.349911769,SRR22691042_22193_,TRUE,3.254401635,20,3.079445751,6.486486486,Oophaga_sylvatica_associated,novel,Amphibian,Amphibian,Oophaga_sylvatica_associated,Oophaga_sylvatica_associated
2217,1106,0.045706676,SRR19430196_31104_,TRUE,2.700887081,15,2.678033743,4.864864865,Ptychadena_beka_associated,novel,Amphibian,Amphibian,Ptychadena_beka_associated,Ptychadena_beka_associated
2217,1105,0.156520259,SRR24719200_30273_,TRUE,2.811700665,14,2.733440535,4.540540541,Ptychadena_cooperi_associated,novel,Amphibian,Amphibian,Ptychadena_cooperi_associated,Ptychadena_cooperi_associated
2216,1104,0.248136488,SRR24719138_20345_,TRUE,2.848838815,18,2.724770571,5.837837838,Ptychadena_erlangeri_associated,novel,Amphibian,Amphibian,Ptychadena_erlangeri_associated,Ptychadena_erlangeri_associated
2215,1102,0.592396931,SRR14731645_238372_,TRUE,3.123783866,16,2.827585401,5.189189189,Ptychadena_neumanni_associated,novel,Amphibian,Amphibian,Ptychadena_neumanni_associated,Ptychadena_neumanni_associated
2216,1103,0.315327395,SRR14731645_254385_,TRUE,2.916029722,17,2.758366024,5.513513514,Ptychadena_neumanni_associated,novel,Amphibian,Amphibian,Ptychadena_neumanni_associated,Ptychadena_neumanni_associated
2210,1101,1.568511761,SRR19430023Score_255.782_,TRUE,4.620453124,24,3.836197244,7.783783784,Ptychadena_nilotica_associated,novel,Amphibian,Amphibian,Ptychadena_nilotica_associated,Ptychadena_nilotica_associated
2204,1094,0.670091387,BK066841.1_57_1214_1,TRUE,3.559471141,21,3.224425447,6.810810811,Rana_jiemuxiensis_associated,ncbi,Amphibian,Amphibian,Rana_jiemuxiensis_associated,Rana_jiemuxiensis_associated
2208,1097,0.448318988,BK066894.1_9_1235_1,TRUE,4.173739911,28,3.949580417,9.081081081,Rana_jiemuxiensis_associated,ncbi,Amphibian,Amphibian,Rana_jiemuxiensis_associated,Rana_jiemuxiensis_associated
2211,1099,0.378884215,BK066313.1_45_1187_1,TRUE,4.315183129,25,4.125741021,8.108108108,Rana_jiemuxiensis_associated,ncbi,Amphibian,Amphibian,Rana_jiemuxiensis_associated,Rana_jiemuxiensis_associated
2211,1100,0.315589027,SRR4332828_66_,TRUE,4.25188794,26,4.094093427,8.432432432,Rana_jiemuxiensis_associated,novel,Amphibian,Amphibian,Rana_jiemuxiensis_associated,Rana_jiemuxiensis_associated
2199,1110,2.039053846,MW582900.1_141_1166_1,TRUE,3.126239842,10,2.106712919,3.243243243,Rhinella_marina_associated,ncbi,Amphibian,Amphibian,Rhinella_marina_associated,Rhinella_marina_associated
2205,1092,0.067695928,SRR24184635SRR24184635Score_265.377_Ed,TRUE,3.83704957,22,3.803201606,7.135135135,Zhangixalus_dugritei_associated,novel,Amphibian,Amphibian,Zhangixalus_dugritei_associated,Zhangixalus_dugritei_associated
2209,1096,0.349303844,SRR24111646_5467979_,TRUE,4.22284195,30,4.048190028,9.72972973,Zhangixalus_dugritei_associated,novel,Amphibian,Amphibian,Zhangixalus_dugritei_associated,Zhangixalus_dugritei_associated
2205,1093,0.094812365,SRR24184640_192549_,TRUE,3.864166007,23,3.816759825,7.459459459,Zhangixalus_hui_associated,novel,Amphibian,Amphibian,Zhangixalus_hui_associated,Zhangixalus_hui_associated
2074,952,0.286497348,KX954132.1_69_1253_1,TRUE,5.826972554,146,5.68372388,47.35135135,Deltapapillomavirus,ncbi,Giraffid,Other,Giraffa_camelopardalis,Giraffa_camelopardalis
2073,953,0.409982082,SRR18312696_386168_,TRUE,5.716167253,144,5.511176212,46.7027027,Giraffa_reticulata_associated,novel,Giraffid,Other,Giraffa_reticulata_associated,Giraffa_reticulata_associated
2074,951,0.207997239,MH049343.1_54_1238_1,TRUE,5.748472445,145,5.644473826,47.02702703,Okapia_johnstoni_associated,ncbi,Giraffid,Other,Okapia_johnstoni_associated,Okapia_johnstoni_associated
1319,180,0.09821922,SRR11059661_1679_,TRUE,6.299642604,954,6.250532994,309.4054054,Drosophila_melanogaster_associated,novel,Insect,Other,Drosophila_melanogaster_associated,Drosophila_melanogaster_associated
1138,2,0.298134273,AB040456.1_153_1328_1,TRUE,6.073090292,542,5.924023156,175.7837838,Alphapapillomavirus,ncbi,Human,Human,Alphapapillomavirus,Human_associated
1138,3,2.18E-06,AY330620.1_102_1286_1,TRUE,5.774958198,543,5.774957109,176.1081081,Alphapapillomavirus,ncbi,Human,Human,Alphapapillomavirus,Human_associated
1137,4,0.191447813,AB542808.1_90_1274_1,TRUE,5.801427738,541,5.705703831,175.4594595,Alphapapillomavirus,ncbi,Human,Human,Alphapapillomavirus,Human_associated
1136,5,0.226731763,GU014532.1_402_1586_1,TRUE,5.772836921,540,5.659471039,175.1351351,Alphapapillomavirus,ncbi,Human,Human,Alphapapillomavirus,Human_associated
1143,6,0.097490292,HW350065.1_216_1397_1,TRUE,6.100628669,555,6.051883524,180,Alphapapillomavirus,ncbi,Human,Human,Alphapapillomavirus,Human_associated
1144,7,0.163285532,KJ145795.1_198_1382_1,TRUE,6.201476319,556,6.119833553,180.3243243,Alphapapillomavirus,ncbi,Human,Human,Alphapapillomavirus,Human_associated
1144,8,0.045466566,HW350071.1_234_1418_1,TRUE,6.083657354,557,6.060924071,180.6486486,Alphapapillomavirus,ncbi,Human,Human,Alphapapillomavirus,Human_associated
1142,9,0.140298461,AJ620209.1_165_1346_1,TRUE,6.065409248,554,5.995260018,179.6756757,Alphapapillomavirus,ncbi,Human,Human,Alphapapillomavirus,Human_associated
1145,10,0.091741681,AF151983.1_123_1304_1,TRUE,6.008507216,552,5.962636375,179.027027,Alphapapillomavirus,ncbi,Human,Human,Alphapapillomavirus,Human_associated
1145,11,0.099730182,DQ080083.1_540_1721_1,TRUE,6.016495717,553,5.966630626,179.3513514,Alphapapillomavirus,ncbi,Human,Human,Alphapapillomavirus,Human_associated
1149,12,0.079766357,GQ244463.1_123_1319_1,TRUE,6.315348934,550,6.275465755,178.3783784,Alphapapillomavirus,ncbi,Human,Human,Alphapapillomavirus,Human_associated
1149,13,0.076152619,AF293960.1_276_1460_1,TRUE,6.311735196,551,6.273658886,178.7027027,Alphapapillomavirus,ncbi,Human,Human,Alphapapillomavirus,Human_associated
1148,14,0.058494056,AF349909.1_186_1376_1,TRUE,6.171418911,549,6.142171883,178.0540541,Alphapapillomavirus,ncbi,Human,Human,Alphapapillomavirus,Human_associated
1146,16,0.1037072,AF436128.1_102_1283_1,TRUE,5.996116373,547,5.944262773,177.4054054,Alphapapillomavirus,ncbi,Human,Human,Alphapapillomavirus,Human_associated
1151,17,0.082283363,AB211993.1_387_1553_1,TRUE,5.984954411,545,5.94381273,176.7567568,Alphapapillomavirus,ncbi,Human,Human,Alphapapillomavirus,Human_associated
1151,18,0.013892152,DQ080000.1_102_1262_1,TRUE,5.9165632,546,5.909617125,177.0810811,Alphapapillomavirus,ncbi,Human,Human,Alphapapillomavirus,Human_associated
1150,19,0.081633881,AB361563.1_123_1286_1,TRUE,5.933557755,544,5.892740815,176.4324324,Alphapapillomavirus,ncbi,Human,Human,Alphapapillomavirus,Human_associated
1160,20,0.124040359,DQ080079.1_78_1259_1,TRUE,6.282575261,581,6.220555081,188.4324324,Alphapapillomavirus,ncbi,Human,Human,Alphapapillomavirus,Human_associated
1159,22,0.083239624,HW350133.1_45_1223_1,TRUE,6.195144124,580,6.153524312,188.1081081,Alphapapillomavirus,ncbi,Human,Human,Alphapapillomavirus,Human_associated
1158,23,0.198121933,KC470286.1_78_1259_1,TRUE,6.291515454,579,6.192454488,187.7837838,Alphapapillomavirus,ncbi,Human,Human,Alphapapillomavirus,Human_associated
1164,24,0.058015537,CS077205.1_45_1235_1,TRUE,6.432045606,587,6.403037838,190.3783784,Alphapapillomavirus,ncbi,Human,Human,Alphapapillomavirus,Human_associated
1166,25,2.61E-06,AY262282.1_240_1421_1,TRUE,6.532132762,589,6.532131458,191.027027,Alphapapillomavirus,ncbi,Human,Human,Alphapapillomavirus,Human_associated
1166,26,0.004029142,DRR336006_10198_,TRUE,6.536159296,590,6.534144725,191.3513514,Alphapapillomavirus,novel,Human,Human,Alphapapillomavirus,Human_associated
1165,27,0.102936937,DQ080080.1_123_1304_1,TRUE,6.505310355,588,6.453841886,190.7027027,Alphapapillomavirus,ncbi,Human,Human,Alphapapillomavirus,Human_associated
1162,29,0.206471027,AF131950.1_162_1343_1,TRUE,6.350076594,585,6.24684108,189.7297297,Alphapapillomavirus,ncbi,Human,Human,Alphapapillomavirus,Human_associated
1167,30,0.165482156,EU918767.1_123_1304_1,TRUE,6.381034357,583,6.298293279,189.0810811,Alphapapillomavirus,ncbi,Human,Human,Alphapapillomavirus,Human_associated
1170,35,0.061272145,AB027021.1_147_1328_1,TRUE,6.110340974,577,6.079704901,187.1351351,Alphapapillomavirus,ncbi,Human,Human,Alphapapillomavirus,Human_associated
1171,36,0.079359913,KF436859.1_87_1274_1,TRUE,5.814268174,573,5.774588217,185.8378378,Alphapapillomavirus,ncbi,Human,Human,Alphapapillomavirus,Human_associated
1171,37,0.083878198,HW350144.1_45_1226_1,TRUE,5.818786459,574,5.77684736,186.1621622,Alphapapillomavirus,ncbi,Human,Human,Alphapapillomavirus,Human_associated
1178,42,0.12691304,GQ246950.1_129_1313_1,TRUE,5.893529531,563,5.830073011,182.5945946,Alphapapillomavirus,ncbi,Human,Human,Alphapapillomavirus,Human_associated
1178,43,0.143255406,HW350049.1_129_1310_1,TRUE,5.909871897,564,5.838244194,182.9189189,Alphapapillomavirus,ncbi,Human,Human,Alphapapillomavirus,Human_associated
1177,44,0.107069124,AB793779.1_99_1280_1,TRUE,5.844979177,562,5.791444615,182.2702703,Alphapapillomavirus,ncbi,Human,Human,Alphapapillomavirus,Human_associated
1176,45,0.125971067,AB745694.1_129_1307_1,TRUE,5.817407233,561,5.7544217,181.9459459,Alphapapillomavirus,ncbi,Human,Human,Alphapapillomavirus,Human_associated
1175,46,0.16746926,U31784.1_162_1343_1,TRUE,5.833063367,560,5.749328736,181.6216216,Alphapapillomavirus,ncbi,Human,Human,Alphapapillomavirus,Human_associated
1182,48,1.03E-06,EF177176.1_198_1370_1,TRUE,6.100227722,569,6.100227209,184.5405405,Alphapapillomavirus,ncbi,Human,Human,Alphapapillomavirus,Human_associated
1181,50,0.125003107,EF177189.1_198_1370_1,TRUE,6.151269574,568,6.088768021,184.2162162,Alphapapillomavirus,ncbi,Human,Human,Alphapapillomavirus,Human_associated
1183,51,0.16228735,HW350056.1_84_1259_1,TRUE,6.046684049,565,5.965540375,183.2432432,Alphapapillomavirus,ncbi,Human,Human,Alphapapillomavirus,Human_associated
1183,52,0.079910485,EF546469.1_84_1253_1,TRUE,5.964307185,566,5.924351942,183.5675676,Alphapapillomavirus,ncbi,Human,Human,Alphapapillomavirus,Human_associated
1186,54,0.166286307,MH745748.1_432_1601_1,TRUE,5.749942491,505,5.666799338,163.7837838,Alphapapillomavirus,ncbi,Human,Human,Alphapapillomavirus,Human_associated
1185,55,0.154054588,AF436129.1_231_1394_1,TRUE,5.626789667,503,5.549762373,163.1351351,Alphapapillomavirus,ncbi,Human,Human,Alphapapillomavirus,Human_associated
1193,56,0.004572627,EU077224.1_123_1316_1,TRUE,5.865761948,527,5.863475635,170.9189189,Alphapapillomavirus,ncbi,Human,Human,Alphapapillomavirus,Human_associated
1195,58,0.091857094,A07020.1_123_1298_1,TRUE,5.907099927,530,5.86117138,171.8918919,Alphapapillomavirus,ncbi,Human,Human,Alphapapillomavirus,Human_associated
1196,60,0.042476358,HM639492.1_123_1298_1,TRUE,5.927474046,532,5.906235867,172.5405405,Alphapapillomavirus,ncbi,Human,Human,Alphapapillomavirus,Human_associated
1194,61,0.186147376,D21208.1_183_1361_1,TRUE,5.940733142,529,5.847659453,171.5675676,Alphapapillomavirus,ncbi,Human,Human,Alphapapillomavirus,Human_associated
1198,63,2.40E-06,AB818687.1_156_1334_1,TRUE,5.618217033,533,5.618215835,172.8648649,Alphapapillomavirus,ncbi,Human,Human,Alphapapillomavirus,Human_associated
1198,64,1.03E-06,DRR336006_14876_,TRUE,5.618215663,534,5.61821515,173.1891892,Alphapapillomavirus,novel,Human,Human,Alphapapillomavirus,Human_associated
1202,65,0.088290376,AF070938.1_48_1226_1,TRUE,6.480035134,538,6.435889946,174.4864865,Alphapapillomavirus,ncbi,Human,Human,Alphapapillomavirus,Human_associated
1202,66,0.095866951,HE962401.1_42_1220_1,TRUE,6.487611709,539,6.439678233,174.8108108,Alphapapillomavirus,ncbi,Human,Human,Alphapapillomavirus,Human_associated
1201,67,0.03937142,HE793047.1_42_1220_1,TRUE,6.129457227,537,6.109771517,174.1621622,Alphapapillomavirus,ncbi,Human,Human,Alphapapillomavirus,Human_associated
1204,72,0.057039485,FB344172.1_45_1226_1,TRUE,5.666281286,523,5.637761543,169.6216216,Alphapapillomavirus,ncbi,Human,Human,Alphapapillomavirus,Human_associated
1203,73,0.19314719,M74117.1_81_1262_1,TRUE,5.69214333,522,5.595569735,169.2972973,Alphapapillomavirus,ncbi,Human,Human,Alphapapillomavirus,Human_associated
1210,74,0.127700382,EF591300.1_147_1319_1,TRUE,5.744602989,515,5.680752798,167.027027,Alphapapillomavirus,ncbi,Human,Human,Alphapapillomavirus,Human_associated
1211,75,0.091714368,JF304764.1_126_1292_1,TRUE,5.750281134,516,5.70442395,167.3513514,Alphapapillomavirus,ncbi,Human,Human,Alphapapillomavirus,Human_associated
1211,76,0.068723298,EF558839.2_87_1250_1,TRUE,5.727290064,517,5.692928415,167.6756757,Alphapapillomavirus,ncbi,Human,Human,Alphapapillomavirus,Human_associated
1209,77,0.120832523,EF558840.1_138_1301_1,TRUE,5.699364549,514,5.638948288,166.7027027,Alphapapillomavirus,ncbi,Human,Human,Alphapapillomavirus,Human_associated
1213,78,0.0591953,EU490516.1_147_1319_1,TRUE,5.680559203,518,5.650961553,168,Alphapapillomavirus,ncbi,Human,Human,Alphapapillomavirus,Human_associated
1213,79,0.063922251,EF558843.1_147_1316_1,TRUE,5.685286154,519,5.653325029,168.3243243,Alphapapillomavirus,ncbi,Human,Human,Alphapapillomavirus,Human_associated
1214,80,0.131424177,EF558841.1_147_1319_1,TRUE,5.74665198,520,5.680939891,168.6486486,Alphapapillomavirus,ncbi,Human,Human,Alphapapillomavirus,Human_associated
1214,81,0.119355995,KT944080.1_147_1316_1,TRUE,5.734583798,521,5.6749058,168.972973,Alphapapillomavirus,ncbi,Human,Human,Alphapapillomavirus,Human_associated
1215,82,0.11005402,EF558838.1_240_1406_1,TRUE,5.758683909,512,5.703656898,166.0540541,Alphapapillomavirus,ncbi,Human,Human,Alphapapillomavirus,Human_associated
1215,83,0.135192759,EF558842.1_198_1364_1,TRUE,5.783822647,513,5.716226268,166.3783784,Alphapapillomavirus,ncbi,Human,Human,Alphapapillomavirus,Human_associated
1217,84,0.122859727,HW350057.1_228_1409_1,TRUE,5.932543927,510,5.871114063,165.4054054,Alphapapillomavirus,ncbi,Human,Human,Alphapapillomavirus,Human_associated
1217,85,0.085857977,KF436826.1_75_1259_1,TRUE,5.895542177,511,5.852613189,165.7297297,Alphapapillomavirus,ncbi,Human,Human,Alphapapillomavirus,Human_associated
1216,86,0.203253824,KR816168.1_159_1337_1,TRUE,5.738767024,509,5.637140113,165.0810811,Alphapapillomavirus,ncbi,Human,Human,Alphapapillomavirus,Human_associated
1219,87,0.201708795,A28090.1_126_1301_1,TRUE,5.857172905,507,5.756318507,164.4324324,Alphapapillomavirus,ncbi,Human,Human,Alphapapillomavirus,Human_associated
1219,88,0.041787632,KT236450.1_117_1292_1,TRUE,5.697251742,508,5.676357926,164.7567568,Alphapapillomavirus,ncbi,Human,Human,Alphapapillomavirus,Human_associated
1222,90,0.112833213,AF020905.1_135_1310_1,TRUE,5.732427833,499,5.676011227,161.8378378,Alphapapillomavirus,ncbi,Human,Human,Alphapapillomavirus,Human_associated
1222,91,0.090865377,DQ344807.1_171_1337_1,TRUE,5.710459997,500,5.665027308,162.1621622,Alphapapillomavirus,ncbi,Human,Human,Alphapapillomavirus,Human_associated
1223,92,0.069240197,LR861871.1_120_1301_1,TRUE,5.695283058,501,5.66066296,162.4864865,Alphapapillomavirus,ncbi,Human,Human,Alphapapillomavirus,Human_associated
1223,93,0.181524604,HE963117.1_42_1214_1,TRUE,5.807567465,502,5.716805163,162.8108108,Alphapapillomavirus,ncbi,Human,Human,Alphapapillomavirus,Human_associated
1224,94,0.067537819,AF067036.1_42_1208_1,TRUE,5.668662115,497,5.634893205,161.1891892,Alphapapillomavirus,ncbi,Human,Human,Alphapapillomavirus,Human_associated
1224,95,0.066213762,AF217526.1_42_1211_1,TRUE,5.667338058,498,5.634231177,161.5135135,Alphapapillomavirus,ncbi,Human,Human,Alphapapillomavirus,Human_associated
2068,947,0.188549997,GU384895.1_120_1286_1,TRUE,5.51752432,123,5.423249321,39.89189189,Alphapapillomavirus,ncbi,Human,Human,Alphapapillomavirus,Human_associated
1640,509,0.142270795,FM955838.1_174_1397_1,TRUE,5.515609095,675,5.444473698,218.9189189,Betapapillomavirus,ncbi,Human,Human,Betapapillomavirus,Human_associated
1643,510,0.044814799,D90252.1_60_1310_1,TRUE,5.520837071,678,5.498429672,219.8918919,Betapapillomavirus,ncbi,Human,Human,Betapapillomavirus,Human_associated
1642,513,0.133815073,AY044277.1_48_1271_1,TRUE,5.597898491,677,5.530990954,219.5675676,Betapapillomavirus,ncbi,Human,Human,Betapapillomavirus,Human_associated
1641,514,0.059975758,M32305.1_60_1277_1,TRUE,5.469047758,676,5.439059879,219.2432432,Betapapillomavirus,ncbi,Human,Human,Betapapillomavirus,Human_associated
1646,517,0.041836342,FM955841.1_78_1301_1,TRUE,5.471461057,671,5.450542886,217.6216216,Betapapillomavirus,ncbi,Human,Human,Betapapillomavirus,Human_associated
1645,518,0.063425549,HW350053.1_141_1361_1,TRUE,5.439493821,670,5.407781046,217.2972973,Betapapillomavirus,ncbi,Human,Human,Betapapillomavirus,Human_associated
1650,521,2.38E-06,X74470.1_177_1403_1,TRUE,5.561630093,683,5.561628901,221.5135135,Betapapillomavirus,ncbi,Human,Human,Betapapillomavirus,Human_associated
1653,522,0.088513531,PP296663.1_63_1292_1,TRUE,5.791471182,687,5.747214417,222.8108108,Betapapillomavirus,ncbi,Human,Human,Betapapillomavirus,Human_associated
1660,525,0.087410278,AY382778.1_57_1286_1,TRUE,6.157254125,693,6.113548986,224.7567568,Betapapillomavirus,ncbi,Human,Human,Betapapillomavirus,Human_associated
1662,527,0.168197937,GQ246951.1_60_1280_1,TRUE,6.354191669,696,6.270092701,225.7297297,Betapapillomavirus,ncbi,Human,Human,Betapapillomavirus,Human_associated
1664,528,0.070026009,GQ845446.1_96_1316_1,TRUE,6.346655908,698,6.311642903,226.3783784,Betapapillomavirus,ncbi,Human,Human,Betapapillomavirus,Human_associated
1658,532,0.222221576,EF028290.1_57_1277_1,TRUE,6.209417299,692,6.09830651,224.4324324,Betapapillomavirus,ncbi,Human,Human,Betapapillomavirus,Human_associated
1654,534,0.039333365,X74467.1_63_1292_1,TRUE,5.799915585,688,5.780248903,223.1351351,Betapapillomavirus,ncbi,Human,Human,Betapapillomavirus,Human_associated
1665,535,0.130710482,GU014533.1_63_1292_1,TRUE,5.837615702,685,5.772260461,222.1621622,Betapapillomavirus,ncbi,Human,Human,Betapapillomavirus,Human_associated
1648,539,0.082891885,MH777286.2_75_1298_1,TRUE,5.360120998,681,5.318675055,220.8648649,Betapapillomavirus,ncbi,Human,Human,Betapapillomavirus,Human_associated
1676,542,0.022898359,EU410348.1_120_1325_1,TRUE,5.522912884,718,5.511463705,232.8648649,Betapapillomavirus,ncbi,Human,Human,Betapapillomavirus,Human_associated
1681,547,0.180536147,GQ916646.1_81_1289_1,TRUE,5.747909507,725,5.657641433,235.1351351,Betapapillomavirus,ncbi,Human,Human,Betapapillomavirus,Human_associated
1682,549,0.045341457,ERR5084170_1659_,TRUE,5.58209839,722,5.559427661,234.1621622,Betapapillomavirus,novel,Human,Human,Betapapillomavirus,Human_associated
1682,550,0.044134037,JN211195.1_96_1304_1,TRUE,5.58089097,723,5.558823951,234.4864865,Betapapillomavirus,ncbi,Human,Human,Betapapillomavirus,Human_associated
1690,552,0.123185046,MF588682.1_90_1286_1,TRUE,6.005749347,737,5.944156824,239.027027,Betapapillomavirus,ncbi,Human,Human,Betapapillomavirus,Human_associated
1691,555,0.013436404,FN598907.1_90_1283_1,TRUE,5.910423758,738,5.903705556,239.3513514,Betapapillomavirus,ncbi,Human,Human,Betapapillomavirus,Human_associated
1688,556,0.11001662,FM955839.1_171_1367_1,TRUE,5.893829259,735,5.838820949,238.3783784,Betapapillomavirus,ncbi,Human,Human,Betapapillomavirus,Human_associated
1687,557,0.072368235,MF588684.1_141_1334_1,TRUE,5.813826208,734,5.77764209,238.0540541,Betapapillomavirus,ncbi,Human,Human,Betapapillomavirus,Human_associated
1686,558,0.143355041,FN677756.1_141_1337_1,TRUE,5.856721387,733,5.785043866,237.7297297,Betapapillomavirus,ncbi,Human,Human,Betapapillomavirus,Human_associated
1693,560,0.001167944,DQ090005.2_303_1508_1,TRUE,5.581275197,730,5.580691226,236.7567568,Betapapillomavirus,ncbi,Human,Human,Betapapillomavirus,Human_associated
1695,562,0.096674838,FM955842.1_114_1322_1,TRUE,5.610100045,728,5.561762626,236.1081081,Betapapillomavirus,ncbi,Human,Human,Betapapillomavirus,Human_associated
1695,563,0.11590144,HE963025.1_69_1277_1,TRUE,5.629326648,729,5.571375928,236.4324324,Betapapillomavirus,ncbi,Human,Human,Betapapillomavirus,Human_associated
1694,564,0.12741314,NC_001596.1_129_1337_1,TRUE,5.618207599,727,5.554501029,235.7837838,Betapapillomavirus,ncbi,Human,Human,Betapapillomavirus,Human_associated
1696,566,0.14717511,KF922510.1_48_1256_1,TRUE,5.578884449,716,5.505296894,232.2162162,Betapapillomavirus,ncbi,Human,Human,Betapapillomavirus,Human_associated
1697,567,0.147550465,HF930491.1_84_1289_1,TRUE,5.5548777,712,5.481102467,230.9189189,Betapapillomavirus,ncbi,Human,Human,Betapapillomavirus,Human_associated
1700,571,0.01601099,EF422221.1_114_1319_1,TRUE,5.640977004,711,5.632971509,230.5945946,Betapapillomavirus,ncbi,Human,Human,Betapapillomavirus,Human_associated
1699,572,0.111992846,EU410347.1_129_1331_1,TRUE,5.643141029,709,5.587144606,229.9459459,Betapapillomavirus,ncbi,Human,Human,Betapapillomavirus,Human_associated
1668,574,0.451656076,GU014531.1_96_1301_1,TRUE,5.608952765,707,5.383124727,229.2972973,Betapapillomavirus,ncbi,Human,Human,Betapapillomavirus,Human_associated
1703,575,0.063283183,FJ947080.1_93_1310_1,TRUE,5.436226947,705,5.404585356,228.6486486,Betapapillomavirus,ncbi,Human,Human,Betapapillomavirus,Human_associated
1703,576,0.014737666,ERR3209929_15310_,TRUE,5.38768143,706,5.380312597,228.972973,Betapapillomavirus,novel,Human,Human,Betapapillomavirus,Human_associated
1701,578,0.182791335,JN231328.1_63_1268_1,TRUE,5.354924967,703,5.2635293,228,Betapapillomavirus,ncbi,Human,Human,Betapapillomavirus,Human_associated
1704,579,0.298774944,AF531420.1_90_1301_1,TRUE,5.452692284,700,5.303304812,227.027027,Betapapillomavirus,ncbi,Human,Human,Betapapillomavirus,Human_associated
1705,580,0.10925403,AY382779.2_117_1325_1,TRUE,5.387417071,701,5.332790056,227.3513514,Betapapillomavirus,ncbi,Human,Human,Betapapillomavirus,Human_associated
1705,581,0.0737085,MH777205.2_123_1331_1,TRUE,5.351871541,702,5.315017291,227.6756757,Betapapillomavirus,ncbi,Human,Human,Betapapillomavirus,Human_associated
1318,177,0.141568662,HM011570.1_69_1274_1,TRUE,6.307319353,951,6.236535022,308.4324324,Gammapapillomavirus,ncbi,Human,Human,Gammapapillomavirus,Human_associated
1318,178,0.212327764,KJ913662.1_87_1274_1,TRUE,6.378078455,952,6.271914573,308.7567568,Gammapapillomavirus,ncbi,Human,Human,Gammapapillomavirus,Human_associated
1319,179,0.095256355,MF588717.1_69_1265_1,TRUE,6.296679739,953,6.249051562,309.0810811,Gammapapillomavirus,ncbi,Human,Human,Gammapapillomavirus,Human_associated
1321,181,0.125271139,MF588691.1_87_1277_1,TRUE,6.369237399,955,6.30660183,309.7297297,Gammapapillomavirus,ncbi,Human,Human,Gammapapillomavirus,Human_associated
1322,183,0.100875319,GU117632.1_72_1271_1,TRUE,6.317779079,957,6.26734142,310.3783784,Gammapapillomavirus,ncbi,Human,Human,Gammapapillomavirus,Human_associated
1322,184,0.123591521,MF588718.1_75_1274_1,TRUE,6.340495282,958,6.278699521,310.7027027,Gammapapillomavirus,ncbi,Human,Human,Gammapapillomavirus,Human_associated
1336,195,0.060447917,MF588720.1_150_1358_1,TRUE,6.307828436,966,6.277604477,313.2972973,Gammapapillomavirus,ncbi,Human,Human,Gammapapillomavirus,Human_associated
1338,197,0.133942472,GU129016.1_72_1286_1,TRUE,6.370515791,967,6.303544555,313.6216216,Gammapapillomavirus,ncbi,Human,Human,Gammapapillomavirus,Human_associated
1339,200,0.137340928,MF588773.1_72_1265_1,TRUE,6.367587579,970,6.298917115,314.5945946,Gammapapillomavirus,ncbi,Human,Human,Gammapapillomavirus,Human_associated
1341,202,0.138994552,JX444073.1_72_1268_1,TRUE,6.308071061,961,6.238573785,311.6756757,Gammapapillomavirus,ncbi,Human,Human,Gammapapillomavirus,Human_associated
1342,203,0.138215076,MF588767.1_72_1271_1,TRUE,6.301325189,962,6.232217651,312,Gammapapillomavirus,ncbi,Human,Human,Gammapapillomavirus,Human_associated
1345,207,0.162445861,MF588723.1_75_1295_1,TRUE,6.567925091,937,6.48670216,303.8918919,Gammapapillomavirus,ncbi,Human,Human,Gammapapillomavirus,Human_associated
1347,209,0.070494246,KR816175.1_60_1286_1,TRUE,6.569007517,939,6.533760394,304.5405405,Gammapapillomavirus,ncbi,Human,Human,Gammapapillomavirus,Human_associated
1348,210,0.22263413,GU117631.1_69_1286_1,TRUE,6.5439367,940,6.432619635,304.8648649,Gammapapillomavirus,ncbi,Human,Human,Gammapapillomavirus,Human_associated
1355,214,0.02137538,KP692114.1_69_1289_1,TRUE,6.54055142,949,6.52986373,307.7837838,Gammapapillomavirus,ncbi,Human,Human,Gammapapillomavirus,Human_associated
1353,217,0.084039526,NC_001690.1_69_1286_1,TRUE,6.456854952,947,6.414835189,307.1351351,Gammapapillomavirus,ncbi,Human,Human,Gammapapillomavirus,Human_associated
1360,221,0.098227148,MF588780.1_60_1253_1,TRUE,6.350805377,929,6.301691803,301.2972973,Gammapapillomavirus,ncbi,Human,Human,Gammapapillomavirus,Human_associated
1361,222,0.247855649,JX413109.1_90_1286_1,TRUE,6.579519156,930,6.455591332,301.6216216,Gammapapillomavirus,ncbi,Human,Human,Gammapapillomavirus,Human_associated
1363,223,0.020054079,JX413104.1_90_1283_1,TRUE,6.493966424,931,6.483939384,301.9459459,Gammapapillomavirus,ncbi,Human,Human,Gammapapillomavirus,Human_associated
1371,234,0.063706588,MF588733.1_60_1256_1,TRUE,6.381530805,925,6.34967751,300,Gammapapillomavirus,ncbi,Human,Human,Gammapapillomavirus,Human_associated
1372,235,0.133275777,MF588732.1_78_1280_1,TRUE,6.445800722,920,6.379162834,298.3783784,Gammapapillomavirus,ncbi,Human,Human,Gammapapillomavirus,Human_associated
1377,237,0.067755986,MF588754.1_75_1286_1,TRUE,6.561804622,918,6.527926629,297.7297297,Gammapapillomavirus,ncbi,Human,Human,Gammapapillomavirus,Human_associated
1375,240,0.038777987,MF588688.1_75_1283_1,TRUE,6.386223921,916,6.366834928,297.0810811,Gammapapillomavirus,ncbi,Human,Human,Gammapapillomavirus,Human_associated
1374,241,0.181726218,MH745749.1_99_1313_1,TRUE,6.203645437,915,6.112782328,296.7567568,Gammapapillomavirus,ncbi,Human,Human,Gammapapillomavirus,Human_associated
1378,242,0.071215352,MF588692.1_69_1280_1,TRUE,6.210553747,913,6.174946071,296.1081081,Gammapapillomavirus,ncbi,Human,Human,Gammapapillomavirus,Human_associated
1378,243,0.179325085,MF588693.1_69_1280_1,TRUE,6.31866348,914,6.229000937,296.4324324,Gammapapillomavirus,ncbi,Human,Human,Gammapapillomavirus,Human_associated
1391,246,0.007082537,ERR3209766_3734_,TRUE,6.621270407,1067,6.617729138,346.0540541,Gammapapillomavirus,novel,Human,Human,Gammapapillomavirus,Human_associated
1391,247,0.009382945,SRR18292739Score_630.047_,TRUE,6.623570814,1068,6.618879342,346.3783784,Gammapapillomavirus,novel,Human,Human,Gammapapillomavirus,Human_associated
1390,248,0.029176271,JX429973.1_90_1295_1,TRUE,6.603110036,1066,6.588521901,345.7297297,Gammapapillomavirus,ncbi,Human,Human,Gammapapillomavirus,Human_associated
1396,251,0.102344551,MF588730.1_129_1328_1,TRUE,6.851201314,1080,6.800029039,350.2702703,Gammapapillomavirus,ncbi,Human,Human,Gammapapillomavirus,Human_associated
1397,255,0.119692815,MF588689.1_171_1370_1,TRUE,6.84164662,1081,6.781800212,350.5945946,Gammapapillomavirus,ncbi,Human,Human,Gammapapillomavirus,Human_associated
1393,260,0.119688202,MF588775.1_138_1334_1,TRUE,6.578082426,1074,6.518238325,348.3243243,Gammapapillomavirus,ncbi,Human,Human,Gammapapillomavirus,Human_associated
1405,263,0.108082557,MF588731.1_132_1325_1,TRUE,6.72129585,1073,6.667254572,348,Gammapapillomavirus,ncbi,Human,Human,Gammapapillomavirus,Human_associated
1411,270,0.111458948,MF588756.1_108_1322_1,TRUE,6.72440989,1088,6.668680416,352.8648649,Gammapapillomavirus,ncbi,Human,Human,Gammapapillomavirus,Human_associated
1417,273,0.086096601,MF588736.1_147_1364_1,TRUE,6.825415797,1093,6.782367496,354.4864865,Gammapapillomavirus,ncbi,Human,Human,Gammapapillomavirus,Human_associated
1421,277,0.133372075,MF588737.1_114_1331_1,TRUE,6.897479679,1099,6.830793642,356.4324324,Gammapapillomavirus,ncbi,Human,Human,Gammapapillomavirus,Human_associated
1421,278,0.149640964,MF588738.1_114_1331_1,TRUE,6.913748569,1100,6.838928087,356.7567568,Gammapapillomavirus,ncbi,Human,Human,Gammapapillomavirus,Human_associated
1422,279,0.092387205,MF588739.1_147_1361_1,TRUE,6.813483253,1096,6.76728965,355.4594595,Gammapapillomavirus,ncbi,Human,Human,Gammapapillomavirus,Human_associated
1427,283,0.157822728,MF588742.1_72_1289_1,TRUE,6.886996217,1106,6.808084853,358.7027027,Gammapapillomavirus,ncbi,Human,Human,Gammapapillomavirus,Human_associated
1429,286,0.085721841,MF588734.1_90_1307_1,TRUE,6.790434915,1107,6.747573995,359.027027,Gammapapillomavirus,ncbi,Human,Human,Gammapapillomavirus,Human_associated
1430,288,0.127274738,KF006399.1_87_1295_1,TRUE,6.806939452,1109,6.743302083,359.6756757,Gammapapillomavirus,ncbi,Human,Human,Gammapapillomavirus,Human_associated
1430,289,0.162110492,MF588740.1_72_1280_1,TRUE,6.841775206,1110,6.76071996,360,Gammapapillomavirus,ncbi,Human,Human,Gammapapillomavirus,Human_associated
1384,292,0.293597349,MF588753.1_69_1286_1,TRUE,6.414417278,1062,6.267618603,344.4324324,Gammapapillomavirus,ncbi,Human,Human,Gammapapillomavirus,Human_associated
1433,296,0.171182621,MF588744.1_93_1292_1,TRUE,6.535397339,1060,6.449806028,343.7837838,Gammapapillomavirus,ncbi,Human,Human,Gammapapillomavirus,Human_associated
1436,297,0.104420842,HG530535.1_69_1277_1,TRUE,6.319640406,1054,6.267429986,341.8378378,Gammapapillomavirus,ncbi,Human,Human,Gammapapillomavirus,Human_associated
1436,298,0.178563319,KP692118.1_147_1352_1,TRUE,6.393782884,1055,6.304501224,342.1621622,Gammapapillomavirus,ncbi,Human,Human,Gammapapillomavirus,Human_associated
1434,301,0.347814181,NC_001693.1_132_1334_1,TRUE,6.114591574,1053,5.940684483,341.5135135,Gammapapillomavirus,ncbi,Human,Human,Gammapapillomavirus,Human_associated
1444,303,0.16051752,JN211193.1_105_1328_1,TRUE,6.549283357,1015,6.469024597,329.1891892,Gammapapillomavirus,ncbi,Human,Human,Gammapapillomavirus,Human_associated
1445,305,0.115886278,HM999988.1_105_1325_1,TRUE,6.397091358,1012,6.339148219,328.2162162,Gammapapillomavirus,ncbi,Human,Human,Gammapapillomavirus,Human_associated
1445,306,0.148549127,HM999993.1_84_1304_1,TRUE,6.429754206,1013,6.355479643,328.5405405,Gammapapillomavirus,ncbi,Human,Human,Gammapapillomavirus,Human_associated
1441,307,0.283570084,HM999992.1_102_1334_1,TRUE,6.296724628,1011,6.154939586,327.8918919,Gammapapillomavirus,ncbi,Human,Human,Gammapapillomavirus,Human_associated
1448,308,0.207989856,MF588714.1_78_1304_1,TRUE,6.444573983,1020,6.340579055,330.8108108,Gammapapillomavirus,ncbi,Human,Human,Gammapapillomavirus,Human_associated
1449,309,0.275404906,JX413105.1_105_1334_1,TRUE,6.601229018,1021,6.463526565,331.1351351,Gammapapillomavirus,ncbi,Human,Human,Gammapapillomavirus,Human_associated
1449,310,0.137221669,AB646346.1_105_1328_1,TRUE,6.46304578,1022,6.394434946,331.4594595,Gammapapillomavirus,ncbi,Human,Human,Gammapapillomavirus,Human_associated
1447,311,0.169743486,KR816169.1_93_1316_1,TRUE,6.34858993,1019,6.263718187,330.4864865,Gammapapillomavirus,ncbi,Human,Human,Gammapapillomavirus,Human_associated
1458,314,0.098844828,GU233853.1_105_1319_1,TRUE,6.671841276,1037,6.622418862,336.3243243,Gammapapillomavirus,ncbi,Human,Human,Gammapapillomavirus,Human_associated
1454,323,0.192761779,MF588709.1_105_1319_1,TRUE,6.548521057,1033,6.452140167,335.027027,Gammapapillomavirus,ncbi,Human,Human,Gammapapillomavirus,Human_associated
1467,325,0.188523734,FJ804072.1_48_1259_1,TRUE,6.82007421,1049,6.725812343,340.2162162,Gammapapillomavirus,ncbi,Human,Human,Gammapapillomavirus,Human_associated
1469,326,0.186883701,MF588694.1_48_1259_1,TRUE,6.772592651,1051,6.6791508,340.8648649,Gammapapillomavirus,ncbi,Human,Human,Gammapapillomavirus,Human_associated
1465,329,0.139972917,MF588712.1_48_1256_1,TRUE,6.578710969,1047,6.50872451,339.5675676,Gammapapillomavirus,ncbi,Human,Human,Gammapapillomavirus,Human_associated
1470,330,0.096276031,MF588711.1_114_1328_1,TRUE,6.542919195,1044,6.49478118,338.5945946,Gammapapillomavirus,ncbi,Human,Human,Gammapapillomavirus,Human_associated
1471,331,0.072041778,MF588710.1_126_1337_1,TRUE,6.735030075,1045,6.699009186,338.9189189,Gammapapillomavirus,ncbi,Human,Human,Gammapapillomavirus,Human_associated
1479,339,0.089544964,HM999989.1_123_1322_1,TRUE,6.921323243,1029,6.876550761,333.7297297,Gammapapillomavirus,ncbi,Human,Human,Gammapapillomavirus,Human_associated
1477,340,0.098066423,MF588728.1_123_1325_1,TRUE,6.694994103,1026,6.645960891,332.7567568,Gammapapillomavirus,ncbi,Human,Human,Gammapapillomavirus,Human_associated
1483,346,0.207030333,GU225708.1_129_1319_1,TRUE,6.582607625,1005,6.479092458,325.9459459,Gammapapillomavirus,ncbi,Human,Human,Gammapapillomavirus,Human_associated
1486,348,0.085299686,MF588721.1_90_1289_1,TRUE,6.613983352,1010,6.571333509,327.5675676,Gammapapillomavirus,ncbi,Human,Human,Gammapapillomavirus,Human_associated
1487,351,0.33514532,JN171845.1_81_1295_1,TRUE,6.568126693,1004,6.400554034,325.6216216,Gammapapillomavirus,ncbi,Human,Human,Gammapapillomavirus,Human_associated
1494,354,0.1955266,KR816179.1_93_1304_1,TRUE,6.661813116,991,6.564049816,321.4054054,Gammapapillomavirus,ncbi,Human,Human,Gammapapillomavirus,Human_associated
1495,355,0.096551278,KC113191.1_162_1373_1,TRUE,6.596317462,992,6.548041823,321.7297297,Gammapapillomavirus,ncbi,Human,Human,Gammapapillomavirus,Human_associated
1492,357,0.094868431,MF588727.1_135_1346_1,TRUE,6.467789356,989,6.42035514,320.7567568,Gammapapillomavirus,ncbi,Human,Human,Gammapapillomavirus,Human_associated
1499,358,0.072314804,MF588724.1_153_1361_1,TRUE,6.545909453,1000,6.509752051,324.3243243,Gammapapillomavirus,ncbi,Human,Human,Gammapapillomavirus,Human_associated
1498,360,0.108609166,HM999998.1_135_1343_1,TRUE,6.553312577,999,6.499007994,324,Gammapapillomavirus,ncbi,Human,Human,Gammapapillomavirus,Human_associated
1500,361,0.018085281,MF588726.1_132_1337_1,TRUE,6.527948443,997,6.518905803,323.3513514,Gammapapillomavirus,ncbi,Human,Human,Gammapapillomavirus,Human_associated
1501,363,0.199537543,HG421739.1_126_1331_1,TRUE,6.469654986,994,6.369886214,322.3783784,Gammapapillomavirus,ncbi,Human,Human,Gammapapillomavirus,Human_associated
1502,364,0.148237738,HM999987.1_153_1358_1,TRUE,6.497832962,995,6.423714094,322.7027027,Gammapapillomavirus,ncbi,Human,Human,Gammapapillomavirus,Human_associated
1504,367,0.086195739,MF588725.1_93_1307_1,TRUE,6.40635607,987,6.3632582,320.1081081,Gammapapillomavirus,ncbi,Human,Human,Gammapapillomavirus,Human_associated
1505,370,0.122358185,MF588690.1_60_1265_1,TRUE,6.218270395,985,6.157091303,319.4594595,Gammapapillomavirus,ncbi,Human,Human,Gammapapillomavirus,Human_associated
1507,371,0.087478969,KC862318.1_96_1313_1,TRUE,6.228109478,981,6.184369994,318.1621622,Gammapapillomavirus,ncbi,Human,Human,Gammapapillomavirus,Human_associated
1519,377,0.108819164,EU541442.1_87_1316_1,TRUE,6.443182362,911,6.38877278,295.4594595,Gammapapillomavirus,ncbi,Human,Human,Gammapapillomavirus,Human_associated
1518,379,0.141353815,JX413106.1_132_1361_1,TRUE,6.433951362,910,6.363274455,295.1351351,Gammapapillomavirus,ncbi,Human,Human,Gammapapillomavirus,Human_associated
1515,380,0.118189602,KC862317.1_87_1319_1,TRUE,6.30502786,907,6.245933059,294.1621622,Gammapapillomavirus,ncbi,Human,Human,Gammapapillomavirus,Human_associated
1520,382,0.032286915,GQ845441.1_60_1292_1,TRUE,6.281451133,906,6.265307676,293.8378378,Gammapapillomavirus,ncbi,Human,Human,Gammapapillomavirus,Human_associated
1523,383,0.096603741,MF588707.1_78_1310_1,TRUE,6.270202685,900,6.221900815,291.8918919,Gammapapillomavirus,ncbi,Human,Human,Gammapapillomavirus,Human_associated
1524,388,0.105991238,HM999999.1_168_1394_1,TRUE,6.273773988,902,6.220778369,292.5405405,Gammapapillomavirus,ncbi,Human,Human,Gammapapillomavirus,Human_associated
1526,389,0.121041165,KP692117.1_78_1307_1,TRUE,6.1532879,897,6.092767317,290.9189189,Gammapapillomavirus,ncbi,Human,Human,Gammapapillomavirus,Human_associated
1526,390,0.175281218,KR816167.1_93_1322_1,TRUE,6.207527953,898,6.119887344,291.2432432,Gammapapillomavirus,ncbi,Human,Human,Gammapapillomavirus,Human_associated
1528,391,0.092191192,MF588708.1_165_1379_1,TRUE,6.052170031,891,6.006074435,288.972973,Gammapapillomavirus,ncbi,Human,Human,Gammapapillomavirus,Human_associated
1530,394,0.112915715,MF588705.1_144_1358_1,TRUE,6.177955684,894,6.121497826,289.9459459,Gammapapillomavirus,ncbi,Human,Human,Gammapapillomavirus,Human_associated
1532,396,0.075777642,KR816174.1_96_1307_1,TRUE,6.195711897,893,6.157823075,289.6216216,Gammapapillomavirus,ncbi,Human,Human,Gammapapillomavirus,Human_associated
1509,402,0.576097016,EF467176.1_135_1337_1,TRUE,6.102899921,885,5.814851413,287.027027,Gammapapillomavirus,ncbi,Human,Human,Gammapapillomavirus,Human_associated
1538,403,0.14750991,HM999996.1_87_1313_1,TRUE,5.961023364,868,5.887268409,281.5135135,Gammapapillomavirus,ncbi,Human,Human,Gammapapillomavirus,Human_associated
1542,406,0.017053379,MF588749.1_135_1352_1,TRUE,5.98688499,871,5.9783583,282.4864865,Gammapapillomavirus,ncbi,Human,Human,Gammapapillomavirus,Human_associated
1543,410,0.115206701,MF588748.1_141_1355_1,TRUE,6.01546713,873,5.957863779,283.1351351,Gammapapillomavirus,ncbi,Human,Human,Gammapapillomavirus,Human_associated
1549,411,0.078908742,MF588786.1_135_1364_1,TRUE,6.088605233,883,6.049150862,286.3783784,Gammapapillomavirus,ncbi,Human,Human,Gammapapillomavirus,Human_associated
1549,412,0.115869166,KM085343.1_135_1367_1,TRUE,6.125565657,884,6.067631074,286.7027027,Gammapapillomavirus,ncbi,Human,Human,Gammapapillomavirus,Human_associated
1550,414,0.081009693,BK066647.1_129_1349_1,TRUE,5.998708532,880,5.958203685,285.4054054,Gammapapillomavirus,ncbi,Human,Human,Gammapapillomavirus,Human_associated
1550,415,0.185127469,MF588747.1_156_1376_1,TRUE,6.102826308,881,6.010262573,285.7297297,Gammapapillomavirus,ncbi,Human,Human,Gammapapillomavirus,Human_associated
1552,419,0.118902174,KJ130020.1_96_1313_1,TRUE,5.955072983,877,5.895621896,284.4324324,Gammapapillomavirus,ncbi,Human,Human,Gammapapillomavirus,Human_associated
1555,421,0.115270939,KR816171.1_90_1301_1,TRUE,5.806477802,859,5.748842332,278.5945946,Gammapapillomavirus,ncbi,Human,Human,Gammapapillomavirus,Human_associated
1555,422,0.066768606,JX413107.1_90_1298_1,TRUE,5.757975469,860,5.724591166,278.9189189,Gammapapillomavirus,ncbi,Human,Human,Gammapapillomavirus,Human_associated
1557,423,0.354529606,KF006400.1_93_1304_1,TRUE,5.962334218,861,5.785069415,279.2432432,Gammapapillomavirus,ncbi,Human,Human,Gammapapillomavirus,Human_associated
1558,424,0.12045292,AJ620210.1_108_1316_1,TRUE,5.85203632,862,5.79180986,279.5675676,Gammapapillomavirus,ncbi,Human,Human,Gammapapillomavirus,Human_associated
1558,425,0.07192608,HW350050.1_63_1271_1,TRUE,5.80350948,863,5.76754644,279.8918919,Gammapapillomavirus,ncbi,Human,Human,Gammapapillomavirus,Human_associated
1560,426,0.098658156,KT698168.1_78_1289_1,TRUE,5.903053029,865,5.853723951,280.5405405,Gammapapillomavirus,ncbi,Human,Human,Gammapapillomavirus,Human_associated
1560,427,0.118365428,MF588695.1_78_1289_1,TRUE,5.922760301,866,5.863577587,280.8648649,Gammapapillomavirus,ncbi,Human,Human,Gammapapillomavirus,Human_associated
1559,428,0.064574549,MF588760.1_105_1310_1,TRUE,5.829445026,864,5.797157752,280.2162162,Gammapapillomavirus,ncbi,Human,Human,Gammapapillomavirus,Human_associated
1561,430,0.113450587,KP692115.1_57_1262_1,TRUE,5.860735712,858,5.804010419,278.2702703,Gammapapillomavirus,ncbi,Human,Human,Gammapapillomavirus,Human_associated
1565,431,0.130690726,GU117630.1_90_1307_1,TRUE,5.842143827,855,5.776798464,277.2972973,Gammapapillomavirus,ncbi,Human,Human,Gammapapillomavirus,Human_associated
1565,432,0.14530982,GU117633.1_117_1328_1,TRUE,5.856762921,856,5.784108011,277.6216216,Gammapapillomavirus,ncbi,Human,Human,Gammapapillomavirus,Human_associated
1564,433,0.152976392,GQ845443.1_84_1295_1,TRUE,5.808397829,854,5.731909633,276.972973,Gammapapillomavirus,ncbi,Human,Human,Gammapapillomavirus,Human_associated
1566,434,0.046773734,HM999994.1_90_1301_1,TRUE,5.729333547,852,5.70594668,276.3243243,Gammapapillomavirus,ncbi,Human,Human,Gammapapillomavirus,Human_associated
1579,446,0.236157061,FM212639.1_84_1292_1,TRUE,6.000664146,820,5.882585616,265.9459459,Gammapapillomavirus,ncbi,Human,Human,Gammapapillomavirus,Human_associated
1579,447,0.14047653,MF588696.1_222_1436_1,TRUE,5.904983616,821,5.83474535,266.2702703,Gammapapillomavirus,ncbi,Human,Human,Gammapapillomavirus,Human_associated
1580,449,0.107265401,DQ080081.1_231_1436_1,TRUE,5.858483672,817,5.804850972,264.972973,Gammapapillomavirus,ncbi,Human,Human,Gammapapillomavirus,Human_associated
1582,452,0.090725367,MF588702.1_138_1343_1,TRUE,5.679572191,815,5.634209507,264.3243243,Gammapapillomavirus,ncbi,Human,Human,Gammapapillomavirus,Human_associated
1590,455,0.090708698,ERR10857021Score_643.272_,TRUE,5.929049104,838,5.883694755,271.7837838,Gammapapillomavirus,novel,Human,Human,Gammapapillomavirus,Human_associated
1592,456,0.120224062,GU117629.1_75_1292_1,TRUE,5.990469488,840,5.930357457,272.4324324,Gammapapillomavirus,ncbi,Human,Human,Gammapapillomavirus,Human_associated
1592,457,0.119007784,MF588698.1_57_1274_1,TRUE,5.98925321,841,5.929749318,272.7567568,Gammapapillomavirus,ncbi,Human,Human,Gammapapillomavirus,Human_associated
1591,458,0.137900091,KR816176.1_141_1355_1,TRUE,5.904266361,839,5.835316315,272.1081081,Gammapapillomavirus,ncbi,Human,Human,Gammapapillomavirus,Human_associated
1593,459,0.105290112,JF906559.1_141_1349_1,TRUE,5.812913006,835,5.76026795,270.8108108,Gammapapillomavirus,ncbi,Human,Human,Gammapapillomavirus,Human_associated
1593,460,0.118475582,KR816180.1_141_1346_1,TRUE,5.826098476,836,5.766860685,271.1351351,Gammapapillomavirus,ncbi,Human,Human,Gammapapillomavirus,Human_associated
1587,461,0.177539323,EU541441.1_141_1352_1,TRUE,5.751701047,834,5.662931386,270.4864865,Gammapapillomavirus,ncbi,Human,Human,Gammapapillomavirus,Human_associated
1594,462,0.103383805,HM999991.1_69_1277_1,TRUE,5.730182762,830,5.67849086,269.1891892,Gammapapillomavirus,ncbi,Human,Human,Gammapapillomavirus,Human_associated
1596,464,0.126150423,HM999990.1_138_1343_1,TRUE,5.816727308,833,5.753652096,270.1621622,Gammapapillomavirus,ncbi,Human,Human,Gammapapillomavirus,Human_associated
1595,465,0.092778192,MF588703.1_141_1343_1,TRUE,5.753360499,831,5.706971403,269.5135135,Gammapapillomavirus,ncbi,Human,Human,Gammapapillomavirus,Human_associated
1599,466,0.178187176,GQ845445.1_66_1283_1,TRUE,5.885664105,828,5.796570517,268.5405405,Gammapapillomavirus,ncbi,Human,Human,Gammapapillomavirus,Human_associated
1599,467,0.087814447,KR816173.1_135_1352_1,TRUE,5.795291376,829,5.751384152,268.8648649,Gammapapillomavirus,ncbi,Human,Human,Gammapapillomavirus,Human_associated
1598,468,0.111460421,MF588699.1_138_1355_1,TRUE,5.764508773,827,5.708778562,268.2162162,Gammapapillomavirus,ncbi,Human,Human,Gammapapillomavirus,Human_associated
1600,470,0.280975957,MH745747.1_75_1283_1,TRUE,5.831280996,823,5.690793018,266.9189189,Gammapapillomavirus,ncbi,Human,Human,Gammapapillomavirus,Human_associated
1601,471,0.081002552,GU117634.1_99_1307_1,TRUE,5.812673359,824,5.772172083,267.2432432,Gammapapillomavirus,ncbi,Human,Human,Gammapapillomavirus,Human_associated
1583,473,0.42885673,KP692124.1_72_1277_1,TRUE,5.665329707,822,5.450901342,266.5945946,Gammapapillomavirus,ncbi,Human,Human,Gammapapillomavirus,Human_associated
1147,15,2.68E-06,ERR140767Score_632.892_,TRUE,5.993313087,548,5.993311746,177.7297297,Human_associated,novel,Human,Human,Human_associated,Human_associated
1160,21,0.289848873,SRR12709220Score_638.922_,TRUE,6.448383775,582,6.303459338,188.7567568,Human_associated,novel,Human,Human,Human_associated,Human_associated
1163,28,0.035944034,ERR164661Score_625.452_,TRUE,6.269087234,586,6.251115217,190.0540541,Human_associated,novel,Human,Human,Human_associated,Human_associated
1167,31,0.051066982,SRR12709424Score_638.389_,TRUE,6.266619183,584,6.241085692,189.4054054,Human_associated,novel,Human,Human,Human_associated,Human_associated
1156,32,0.026793815,SRR12709222Score_635.655_,TRUE,5.86101152,578,5.847614613,187.4594595,Human_associated,novel,Human,Human,Human_associated,Human_associated
1169,33,0.113507636,ERR164659_420_,TRUE,6.042483264,575,5.985729446,186.4864865,Human_associated,novel,Human,Human,Human_associated,Human_associated
1170,34,0.258683189,DRR472567Score_621.43_,TRUE,6.307752017,576,6.178410423,186.8108108,Human_associated,novel,Human,Human,Human_associated,Human_associated
1153,39,0.38628606,SRR12709941Score_646.052_,TRUE,5.823277686,571,5.630134656,185.1891892,Human_associated,novel,Human,Human,Human_associated,Human_associated
1180,47,0.049266798,SRR12709947Score_639.471_,TRUE,5.966880341,567,5.942246942,183.8918919,Human_associated,novel,Human,Human,Human_associated,Human_associated
1196,59,0.232940639,DRR472482Score_615.611_,TRUE,6.117938326,531,6.001468007,172.2162162,Human_associated,novel,Human,Human,Human_associated,Human_associated
1191,62,0.070671072,SRR12709426Score_637.143_,TRUE,5.637153909,526,5.601818373,170.5945946,Human_associated,novel,Human,Human,Human_associated,Human_associated
1200,68,0.12858708,DRR472365Score_637.978_,TRUE,6.071360706,536,6.007067166,173.8378378,Human_associated,novel,Human,Human,Human_associated,Human_associated
1199,69,0.008305683,SRR12709759Score_649.158_,TRUE,5.797878466,535,5.793725625,173.5135135,Human_associated,novel,Human,Human,Human_associated,Human_associated
1205,71,0.129097546,DRR472588Score_654.766_,TRUE,5.90799695,525,5.843448177,170.2702703,Human_associated,novel,Human,Human,Human_associated,Human_associated
1218,89,0.211240434,DRR472276Score_633.621_,TRUE,5.783826446,506,5.678206229,164.1081081,Human_associated,novel,Human,Human,Human_associated,Human_associated
1321,182,0.154510866,MH777200.2_72_1262_1,TRUE,6.398477127,956,6.321221694,310.0540541,Human_associated,ncbi,Human,Human,Human_associated,Human_associated
1327,185,0.166914331,MH777347.2_72_1274_1,TRUE,6.599537775,974,6.51608061,315.8918919,Human_associated,ncbi,Human,Human,Human_associated,Human_associated
1330,186,0.138400382,BK066697.1_72_1274_1,TRUE,6.820236519,978,6.751036329,317.1891892,Human_associated,ncbi,Human,Human,Human_associated,Human_associated
1330,187,0.093471941,JF966379.1_72_1274_1,TRUE,6.775308079,979,6.728572108,317.5135135,Human_associated,ncbi,Human,Human,Human_associated,Human_associated
1329,188,0.135649312,SRR13789912_29274_,TRUE,6.672784922,977,6.604960266,316.8648649,Human_associated,novel,Human,Human,Human_associated,Human_associated
1331,189,0.159820621,MH777268.2_72_1274_1,TRUE,6.677895576,975,6.597985266,316.2162162,Human_associated,ncbi,Human,Human,Human_associated,Human_associated
1331,190,0.151490865,MH777357.2_72_1274_1,TRUE,6.66956582,976,6.593820388,316.5405405,Human_associated,ncbi,Human,Human,Human_associated,Human_associated
1332,191,0.150947328,BK066415.1_63_1253_1,TRUE,6.618602363,971,6.543128699,314.9189189,Human_associated,ncbi,Human,Human,Human_associated,Human_associated
1333,192,0.141748831,MH777281.1_81_1265_1,TRUE,6.638581426,972,6.56770701,315.2432432,Human_associated,ncbi,Human,Human,Human_associated,Human_associated
1333,193,0.159545269,MH777384.2_87_1271_1,TRUE,6.656377864,973,6.576605229,315.5675676,Human_associated,ncbi,Human,Human,Human_associated,Human_associated
1336,194,0.114143319,MH777262.2_138_1349_1,TRUE,6.361523838,965,6.304452179,312.972973,Human_associated,ncbi,Human,Human,Human_associated,Human_associated
1335,196,0.344779071,MH777280.2_72_1280_1,TRUE,6.467736516,964,6.29534698,312.6486486,Human_associated,ncbi,Human,Human,Human_associated,Human_associated
1338,198,0.084988504,MH777217.2_72_1280_1,TRUE,6.321561823,968,6.279067571,313.9459459,Human_associated,ncbi,Human,Human,Human_associated,Human_associated
1339,199,0.059998015,JF966378.1_81_1289_1,TRUE,6.290244667,969,6.260245659,314.2702703,Human_associated,ncbi,Human,Human,Human_associated,Human_associated
1341,201,0.175090058,MH777244.2_96_1292_1,TRUE,6.344166567,960,6.256621538,311.3513514,Human_associated,ncbi,Human,Human,Human_associated,Human_associated
1342,204,0.203070417,MH777343.2_72_1274_1,TRUE,6.36618053,963,6.264645322,312.3243243,Human_associated,ncbi,Human,Human,Human_associated,Human_associated
1323,205,0.380166977,MH972562.2_63_1259_1,TRUE,6.241346152,959,6.051262663,311.027027,Human_associated,ncbi,Human,Human,Human_associated,Human_associated
1347,208,0.137942881,MH777265.2_60_1277_1,TRUE,6.636456152,938,6.567484711,304.2162162,Human_associated,ncbi,Human,Human,Human_associated,Human_associated
1349,211,0.138383957,MH777245.2_69_1289_1,TRUE,6.527986273,941,6.458794295,305.1891892,Human_associated,ncbi,Human,Human,Human_associated,Human_associated
1349,212,0.042526867,MH777260.2_69_1289_1,TRUE,6.432129183,942,6.410865749,305.5135135,Human_associated,ncbi,Human,Human,Human_associated,Human_associated
1350,213,0.207264343,MH777310.1_69_1292_1,TRUE,6.444361798,943,6.340729626,305.8378378,Human_associated,ncbi,Human,Human,Human_associated,Human_associated
1355,215,0.084887472,SRR7802447_0_,TRUE,6.604063513,950,6.561619777,308.1081081,Human_associated,novel,Human,Human,Human_associated,Human_associated
1354,216,0.073663378,SRR6216855_1616_,TRUE,6.511731489,948,6.4748998,307.4594595,Human_associated,novel,Human,Human,Human_associated,Human_associated
1352,218,0.120327234,MH777187.2_69_1286_1,TRUE,6.450841837,946,6.39067822,306.8108108,Human_associated,ncbi,Human,Human,Human_associated,Human_associated
1356,219,0.123697865,MH777211.2_69_1286_1,TRUE,6.465996502,944,6.404147569,306.1621622,Human_associated,ncbi,Human,Human,Human_associated,Human_associated
1356,220,0.069501473,SRR26208200_830113_,TRUE,6.41180011,945,6.377049373,306.4864865,Human_associated,novel,Human,Human,Human_associated,Human_associated
1363,224,0.054207015,SRR26728132Score_631.334_,TRUE,6.52811936,932,6.501015852,302.2702703,Human_associated,novel,Human,Human,Human_associated,Human_associated
1364,225,0.109251406,MF176072.1_126_1319_1,TRUE,6.558344586,933,6.503718883,302.5945946,Human_associated,ncbi,Human,Human,Human_associated,Human_associated
1365,226,0.18154245,MH777165.2_93_1286_1,TRUE,6.661785714,934,6.571014489,302.9189189,Human_associated,ncbi,Human,Human,Human_associated,Human_associated
1365,227,0.089768113,MH777322.2_69_1262_1,TRUE,6.570011377,935,6.525127321,303.2432432,Human_associated,ncbi,Human,Human,Human_associated,Human_associated
1367,228,0.17130624,MH777378.1_99_1301_1,TRUE,6.487045555,927,6.401392435,300.6486486,Human_associated,ncbi,Human,Human,Human_associated,Human_associated
1367,229,0.119512085,MH777381.2_99_1307_1,TRUE,6.435251401,928,6.375495358,300.972973,Human_associated,ncbi,Human,Human,Human_associated,Human_associated
1366,230,0.177113898,MH777239.1_132_1322_1,TRUE,6.382320061,926,6.293763112,300.3243243,Human_associated,ncbi,Human,Human,Human_associated,Human_associated
1370,231,0.172575023,MH172379.1_90_1298_1,TRUE,6.530147157,922,6.443859646,299.027027,Human_associated,ncbi,Human,Human,Human_associated,Human_associated
1370,232,0.055377504,SRR7802337_11018_,TRUE,6.412949638,923,6.385260886,299.3513514,Human_associated,novel,Human,Human,Human_associated,Human_associated
1371,233,0.060424382,SRR13789207_6091_,TRUE,6.378248598,924,6.348036407,299.6756757,Human_associated,novel,Human,Human,Human_associated,Human_associated
1372,236,0.238440527,KX082661.1_135_1328_1,TRUE,6.550965472,921,6.431745209,298.7027027,Human_associated,ncbi,Human,Human,Human_associated,Human_associated
1377,238,0.045366043,SRR14825199_4094_,TRUE,6.539414679,919,6.516731657,298.0540541,Human_associated,novel,Human,Human,Human_associated,Human_associated
1376,239,0.118136093,JF966372.1_75_1280_1,TRUE,6.492283568,917,6.433215522,297.4054054,Human_associated,ncbi,Human,Human,Human_associated,Human_associated
1389,244,1.03E-06,SRR13726052Score_622.119_,TRUE,6.569578084,1064,6.569577571,345.0810811,Human_associated,novel,Human,Human,Human_associated,Human_associated
1389,245,2.90E-06,SRR13726052_3951_,TRUE,6.569579963,1065,6.56957851,345.4054054,Human_associated,novel,Human,Human,Human_associated,Human_associated
1387,249,0.169866646,MH777327.2_96_1301_1,TRUE,6.584184478,1063,6.499251155,344.7567568,Human_associated,ncbi,Human,Human,Human_associated,Human_associated
1396,250,0.109141378,SRR7688514Score_616.964_,TRUE,6.857998142,1079,6.803427453,349.9459459,Human_associated,novel,Human,Human,Human_associated,Human_associated
1399,252,0.104613565,KF791917.1_135_1334_1,TRUE,6.952555583,1083,6.9002488,351.2432432,Human_associated,ncbi,Human,Human,Human_associated,Human_associated
1399,253,0.132496463,MH777325.2_132_1331_1,TRUE,6.980438481,1084,6.91419025,351.5675676,Human_associated,ncbi,Human,Human,Human_associated,Human_associated
1398,254,0.109450012,MH777170.2_99_1298_1,TRUE,6.923283223,1082,6.868558217,350.9189189,Human_associated,ncbi,Human,Human,Human_associated,Human_associated
1402,256,0.025848585,MH777249.1_201_1400_1,TRUE,6.817284995,1077,6.804360702,349.2972973,Human_associated,ncbi,Human,Human,Human_associated,Human_associated
1402,257,0.013217346,SRR7802309_1_,TRUE,6.804653756,1078,6.798045083,349.6216216,Human_associated,novel,Human,Human,Human_associated,Human_associated
1401,258,0.119175983,SRR7688519Score_626.948_,TRUE,6.828964592,1076,6.7693766,348.972973,Human_associated,novel,Human,Human,Human_associated,Human_associated
1400,259,0.178615177,MH777287.2_141_1340_1,TRUE,6.781892823,1075,6.692585234,348.6486486,Human_associated,ncbi,Human,Human,Human_associated,Human_associated
1404,261,0.173866449,MH777203.2_141_1331_1,TRUE,6.748792003,1071,6.661858778,347.3513514,Human_associated,ncbi,Human,Human,Human_associated,Human_associated
1405,262,0.080209084,MH777314.2_69_1268_1,TRUE,6.693422377,1072,6.653317835,347.6756757,Human_associated,ncbi,Human,Human,Human_associated,Human_associated
1406,264,0.064303165,MH777171.1_120_1313_1,TRUE,6.642423554,1069,6.610271971,346.7027027,Human_associated,ncbi,Human,Human,Human_associated,Human_associated
1406,265,0.062564903,SRR26848396_1981_,TRUE,6.640685291,1070,6.60940284,347.027027,Human_associated,novel,Human,Human,Human_associated,Human_associated
1409,266,0.154930893,MH777162.2_81_1301_1,TRUE,6.60576861,1085,6.528303163,351.8918919,Human_associated,ncbi,Human,Human,Human_associated,Human_associated
1409,267,0.215738058,MH777313.2_84_1301_1,TRUE,6.666575775,1086,6.558706745,352.2162162,Human_associated,ncbi,Human,Human,Human_associated,Human_associated
1412,268,0.031541524,MH972563.2_96_1310_1,TRUE,6.703393465,1089,6.687622703,353.1891892,Human_associated,ncbi,Human,Human,Human_associated,Human_associated
1412,269,0.052696294,SRR13790117_6058_,TRUE,6.724548235,1090,6.698200088,353.5135135,Human_associated,novel,Human,Human,Human_associated,Human_associated
1410,271,0.157850131,MH777294.2_72_1289_1,TRUE,6.678486776,1087,6.599561711,352.5405405,Human_associated,ncbi,Human,Human,Human_associated,Human_associated
1417,272,0.149076696,MH777176.2_147_1358_1,TRUE,6.888395892,1092,6.813857544,354.1621622,Human_associated,ncbi,Human,Human,Human_associated,Human_associated
1418,274,0.003809591,SRR11304755_285840_,TRUE,6.765344621,1094,6.763439825,354.8108108,Human_associated,novel,Human,Human,Human_associated,Human_associated
1418,275,2.23E-06,SRR13790126Score_623.385_,TRUE,6.761537258,1095,6.761536144,355.1351351,Human_associated,novel,Human,Human,Human_associated,Human_associated
1420,276,0.117837989,ERR3674534_89601_,TRUE,6.84243459,1098,6.783515595,356.1081081,Human_associated,novel,Human,Human,Human_associated,Human_associated
1422,280,0.109998253,MH777241.1_171_1382_1,TRUE,6.8310943,1097,6.776095174,355.7837838,Human_associated,ncbi,Human,Human,Human_associated,Human_associated
1414,281,0.215906214,MH777380.2_87_1304_1,TRUE,6.724287123,1091,6.616334016,353.8378378,Human_associated,ncbi,Human,Human,Human_associated,Human_associated
1427,282,0.176058166,KF482069.1_123_1346_1,TRUE,6.905231655,1105,6.817202572,358.3783784,Human_associated,ncbi,Human,Human,Human_associated,Human_associated
1426,284,0.135193408,MH777178.2_90_1304_1,TRUE,6.802697634,1104,6.73510093,358.0540541,Human_associated,ncbi,Human,Human,Human_associated,Human_associated
1425,285,0.123857634,MG063749.1_87_1307_1,TRUE,6.769310956,1103,6.707382139,357.7297297,Human_associated,ncbi,Human,Human,Human_associated,Human_associated
1429,287,0.088916937,MH777192.2_99_1313_1,TRUE,6.793630012,1108,6.749171543,359.3513514,Human_associated,ncbi,Human,Human,Human_associated,Human_associated
1431,290,0.163346055,KX781285.1_147_1364_1,TRUE,6.752022612,1101,6.670349585,357.0810811,Human_associated,ncbi,Human,Human,Human_associated,Human_associated
1431,291,0.189867319,KC311731.2_87_1301_1,TRUE,6.778543877,1102,6.683610217,357.4054054,Human_associated,ncbi,Human,Human,Human_associated,Human_associated
1383,293,0.44687938,MH777385.2_69_1286_1,TRUE,6.403471333,1061,6.180031643,344.1081081,Human_associated,ncbi,Human,Human,Human_associated,Human_associated
1432,294,0.087763536,MH777298.2_138_1340_1,TRUE,6.358589832,1058,6.314708064,343.1351351,Human_associated,ncbi,Human,Human,Human_associated,Human_associated
1433,295,0.103603117,JF966373.1_72_1274_1,TRUE,6.467817835,1059,6.416016276,343.4594595,Human_associated,ncbi,Human,Human,Human_associated,Human_associated
1443,302,0.133380086,JF966374.1_105_1328_1,TRUE,6.42102679,1014,6.354336748,328.8648649,Human_associated,ncbi,Human,Human,Human_associated,Human_associated
1444,304,0.060239826,MH777208.2_81_1304_1,TRUE,6.449005663,1016,6.41888575,329.5135135,Human_associated,ncbi,Human,Human,Human_associated,Human_associated
1450,312,0.088275292,MH777309.2_66_1289_1,TRUE,6.316387472,1017,6.272249826,329.8378378,Human_associated,ncbi,Human,Human,Human_associated,Human_associated
1450,313,0.085782595,MH777206.2_105_1325_1,TRUE,6.313894775,1018,6.271003477,330.1621622,Human_associated,ncbi,Human,Human,Human_associated,Human_associated
1458,315,0.112758026,MF509821.1_105_1319_1,TRUE,6.685754474,1038,6.629375461,336.6486486,Human_associated,ncbi,Human,Human,Human_associated,Human_associated
1459,316,0.236087473,MF509820.1_105_1316_1,TRUE,6.75004018,1039,6.631996444,336.972973,Human_associated,ncbi,Human,Human,Human_associated,Human_associated
1461,317,0.092383333,MH777230.1_105_1319_1,TRUE,6.795134157,1041,6.748942491,337.6216216,Human_associated,ncbi,Human,Human,Human_associated,Human_associated
1461,318,0.18138283,MH777209.1_81_1295_1,TRUE,6.884133654,1042,6.793442239,337.9459459,Human_associated,ncbi,Human,Human,Human_associated,Human_associated
1460,319,0.165854807,MH777243.2_117_1328_1,TRUE,6.799507998,1040,6.716580594,337.2972973,Human_associated,ncbi,Human,Human,Human_associated,Human_associated
1462,320,0.090598533,MH777229.2_66_1277_1,TRUE,6.702514898,1035,6.657215631,335.6756757,Human_associated,ncbi,Human,Human,Human_associated,Human_associated
1462,321,0.139602948,SRR13790114_165814_,TRUE,6.751519313,1036,6.681717839,336,Human_associated,novel,Human,Human,Human_associated,Human_associated
1455,322,0.173105735,BK066659.1_105_1319_1,TRUE,6.587151458,1034,6.500598591,335.3513514,Human_associated,ncbi,Human,Human,Human_associated,Human_associated
1467,324,0.181220692,MH777288.2_48_1256_1,TRUE,6.812771168,1048,6.722160822,339.8918919,Human_associated,ncbi,Human,Human,Human_associated,Human_associated
1469,327,0.139520878,MH777234.1_48_1259_1,TRUE,6.725229828,1052,6.655469389,341.1891892,Human_associated,ncbi,Human,Human,Human_associated,Human_associated
1468,328,0.187164233,MH777159.2_48_1259_1,TRUE,6.735288758,1050,6.641706641,340.5405405,Human_associated,ncbi,Human,Human,Human_associated,Human_associated
1471,332,0.016906789,SRR19145070_36999_,TRUE,6.679895086,1046,6.671441691,339.2432432,Human_associated,novel,Human,Human,Human_associated,Human_associated
1463,333,0.182584504,MH777333.1_48_1256_1,TRUE,6.541141353,1043,6.449849101,338.2702703,Human_associated,ncbi,Human,Human,Human_associated,Human_associated
1472,334,0.192231444,JF966376.1_78_1292_1,TRUE,6.66950942,1030,6.573393698,334.0540541,Human_associated,ncbi,Human,Human,Human_associated,Human_associated
1473,335,0.106481564,MH777263.1_105_1316_1,TRUE,6.677471966,1031,6.624231184,334.3783784,Human_associated,ncbi,Human,Human,Human_associated,Human_associated
1473,336,0.125725213,SRR12694846_1322770_,TRUE,6.696715615,1032,6.633853009,334.7027027,Human_associated,novel,Human,Human,Human_associated,Human_associated
1478,337,0.138603676,MH777264.2_123_1319_1,TRUE,6.890088499,1027,6.820786662,333.0810811,Human_associated,ncbi,Human,Human,Human_associated,Human_associated
1479,338,0.100293121,MH777177.1_123_1325_1,TRUE,6.932071399,1028,6.881924839,333.4054054,Human_associated,ncbi,Human,Human,Human_associated,Human_associated
1476,341,0.154378996,MH777328.2_123_1322_1,TRUE,6.699770543,1025,6.622581045,332.4324324,Human_associated,ncbi,Human,Human,Human_associated,Human_associated
1475,342,0.277327006,MH777228.1_111_1310_1,TRUE,6.647311008,1024,6.508647505,332.1081081,Human_associated,ncbi,Human,Human,Human_associated,Human_associated
1474,343,0.158536649,SRR22765759_6891_,TRUE,6.479351009,1023,6.400082684,331.7837838,Human_associated,novel,Human,Human,Human_associated,Human_associated
1484,344,0.147496919,MH777284.2_141_1334_1,TRUE,6.590479868,1006,6.516731408,326.2702703,Human_associated,ncbi,Human,Human,Human_associated,Human_associated
1484,345,0.171932315,MH777185.2_90_1280_1,TRUE,6.614915264,1007,6.528949107,326.5945946,Human_associated,ncbi,Human,Human,Human_associated,Human_associated
1486,347,0.142453621,MH777219.2_87_1289_1,TRUE,6.671137287,1009,6.599910476,327.2432432,Human_associated,ncbi,Human,Human,Human_associated,Human_associated
1485,349,0.137276241,SRR13789819_305835_,TRUE,6.550882869,1008,6.482244749,326.9189189,Human_associated,novel,Human,Human,Human_associated,Human_associated
1487,350,0.236152602,SRR20028133_10902_,TRUE,6.469133976,1003,6.351057675,325.2972973,Human_associated,novel,Human,Human,Human_associated,Human_associated
1480,352,0.451395639,LR862055.1_237_1439_1,TRUE,6.519010726,1002,6.293312907,324.972973,Human_associated,ncbi,Human,Human,Human_associated,Human_associated
1494,353,0.162553713,MG869605.1_99_1313_1,TRUE,6.628840229,990,6.547563372,321.0810811,Human_associated,ncbi,Human,Human,Human_associated,Human_associated
1495,356,0.084667768,MH777207.2_93_1304_1,TRUE,6.584433951,993,6.542100068,322.0540541,Human_associated,ncbi,Human,Human,Human_associated,Human_associated
1499,359,0.062059059,SRR21974026_749998_,TRUE,6.535653709,1001,6.504624179,324.6486486,Human_associated,novel,Human,Human,Human_associated,Human_associated
1500,362,0.024726926,SRR13789197_34606_,TRUE,6.534590088,998,6.522226625,323.6756757,Human_associated,novel,Human,Human,Human_associated,Human_associated
1502,365,0.149346965,BK066395.1_93_1295_1,TRUE,6.498942189,996,6.424268707,323.027027,Human_associated,ncbi,Human,Human,Human_associated,Human_associated
1503,366,0.166702028,MH777163.2_93_1310_1,TRUE,6.398830606,986,6.315479592,319.7837838,Human_associated,ncbi,Human,Human,Human_associated,Human_associated
1504,368,0.12789619,MH777368.1_129_1340_1,TRUE,6.448056521,988,6.384108426,320.4324324,Human_associated,ncbi,Human,Human,Human_associated,Human_associated
1505,369,0.106970978,SRR25936516_7739_,TRUE,6.202883189,984,6.149397699,319.1351351,Human_associated,novel,Human,Human,Human_associated,Human_associated
1508,372,0.076593829,MH777270.1_96_1307_1,TRUE,6.275073975,982,6.23677706,318.4864865,Human_associated,ncbi,Human,Human,Human_associated,Human_associated
1508,373,0.128876704,MH777351.2_144_1355_1,TRUE,6.32735685,983,6.262918498,318.8108108,Human_associated,ncbi,Human,Human,Human_associated,Human_associated
1506,374,0.251054242,BK066896.1_69_1280_1,TRUE,6.298053313,980,6.172526192,317.8378378,Human_associated,ncbi,Human,Human,Human_associated,Human_associated
1516,375,0.116744887,MH777186.2_78_1307_1,TRUE,6.33621704,908,6.277844596,294.4864865,Human_associated,ncbi,Human,Human,Human_associated,Human_associated
1517,376,0.05055546,MH777195.2_78_1307_1,TRUE,6.320923522,909,6.295645792,294.8108108,Human_associated,ncbi,Human,Human,Human_associated,Human_associated
1519,378,0.0792087,SRR15899493_12438_,TRUE,6.413571898,912,6.373967548,295.7837838,Human_associated,novel,Human,Human,Human_associated,Human_associated
1520,381,0.049136973,SRR13725757_142_,TRUE,6.298301191,905,6.273732705,293.5135135,Human_associated,novel,Human,Human,Human_associated,Human_associated
1523,384,0.091255217,BK066485.1_87_1316_1,TRUE,6.264854161,901,6.219226553,292.2162162,Human_associated,ncbi,Human,Human,Human_associated,Human_associated
1522,385,0.085072612,MH777202.2_168_1397_1,TRUE,6.212815144,899,6.170278838,291.5675676,Human_associated,ncbi,Human,Human,Human_associated,Human_associated
1525,386,0.036587179,MH777289.1_135_1364_1,TRUE,6.312120058,903,6.293826468,292.8648649,Human_associated,ncbi,Human,Human,Human_associated,Human_associated
1525,387,0.230446086,SRR7688386Score_652.92_,TRUE,6.505978965,904,6.390755922,293.1891892,Human_associated,novel,Human,Human,Human_associated,Human_associated
1531,392,0.057822314,MF509816.1_93_1307_1,TRUE,6.217161959,895,6.188250802,290.2702703,Human_associated,ncbi,Human,Human,Human_associated,Human_associated
1532,395,0.11881833,MH777226.2_135_1349_1,TRUE,6.238752584,892,6.179343419,289.2972973,Human_associated,ncbi,Human,Human,Human_associated,Human_associated
1533,397,0.153329698,MH777224.2_60_1280_1,TRUE,6.156237207,889,6.079572358,288.3243243,Human_associated,ncbi,Human,Human,Human_associated,Human_associated
1533,398,0.123295144,KP692175.1_78_1289_1,TRUE,6.126202653,890,6.064555081,288.6486486,Human_associated,ncbi,Human,Human,Human_associated,Human_associated
1535,399,0.039273159,SRR2005651_2957_,TRUE,6.006423047,887,5.986786468,287.6756757,Human_associated,novel,Human,Human,Human_associated,Human_associated
1535,400,0.051718983,MW311489.1_135_1352_1,TRUE,6.018868872,888,5.99300938,288,Human_associated,ncbi,Human,Human,Human_associated,Human_associated
1534,401,0.117729126,MH777383.2_90_1307_1,TRUE,5.974349587,886,5.915485024,287.3513514,Human_associated,ncbi,Human,Human,Human_associated,Human_associated
1538,404,0.205760557,MH777201.2_141_1364_1,TRUE,6.019274011,869,5.916393732,281.8378378,Human_associated,ncbi,Human,Human,Human_associated,Human_associated
1537,405,0.218851754,MH172377.1_60_1277_1,TRUE,5.891058321,867,5.781632444,281.1891892,Human_associated,ncbi,Human,Human,Human_associated,Human_associated
1542,407,0.010405715,SRR17548765_1555673_,TRUE,5.980237325,872,5.975034468,282.8108108,Human_associated,novel,Human,Human,Human_associated,Human_associated
1544,408,0.020496423,KX781280.1_135_1352_1,TRUE,5.990665275,874,5.980417064,283.4594595,Human_associated,ncbi,Human,Human,Human_associated,Human_associated
1544,409,0.083947297,SRR13789197_116637_,TRUE,6.054116149,875,6.012142501,283.7837838,Human_associated,novel,Human,Human,Human_associated,Human_associated
1548,413,0.135453534,KX781284.1_135_1352_1,TRUE,6.059028849,882,5.991302082,286.0540541,Human_associated,ncbi,Human,Human,Human_associated,Human_associated
1551,416,0.19798813,MH777261.2_93_1310_1,TRUE,6.069685473,878,5.970691408,284.7567568,Human_associated,ncbi,Human,Human,Human_associated,Human_associated
1551,417,0.095894303,KJ506870.1_129_1346_1,TRUE,5.967591646,879,5.919644494,285.0810811,Human_associated,ncbi,Human,Human,Human_associated,Human_associated
1552,418,0.089825379,JF966371.1_141_1358_1,TRUE,5.925996188,876,5.881083498,284.1081081,Human_associated,ncbi,Human,Human,Human_associated,Human_associated
1539,420,0.62779121,MH777389.2_90_1301_1,TRUE,6.101791225,870,5.78789562,282.1621622,Human_associated,ncbi,Human,Human,Human_associated,Human_associated
1561,429,0.074512862,ON482334.1_57_1262_1,TRUE,5.821797987,857,5.784541556,277.9459459,Human_associated,ncbi,Human,Human,Human_associated,Human_associated
1566,435,0.09060622,SRR13726042_335_,TRUE,5.773166033,853,5.727862923,276.6486486,Human_associated,novel,Human,Human,Human_associated,Human_associated
1578,448,0.207493653,LR862035.1_138_1343_1,TRUE,5.840038606,819,5.736291779,265.6216216,Human_associated,ncbi,Human,Human,Human_associated,Human_associated
1580,450,0.136410208,LR861990.1_147_1349_1,TRUE,5.88762848,818,5.819423376,265.2972973,Human_associated,ncbi,Human,Human,Human_associated,Human_associated
1581,451,0.066856784,MH777273.2_138_1343_1,TRUE,5.589236163,814,5.555807771,264,Human_associated,ncbi,Human,Human,Human_associated,Human_associated
1582,453,0.057160479,SRR13789839_2669_,TRUE,5.646007302,816,5.617427063,264.6486486,Human_associated,novel,Human,Human,Human_associated,Human_associated
1590,454,0.065595091,KX781281.1_141_1355_1,TRUE,5.903935496,837,5.871137951,271.4594595,Human_associated,ncbi,Human,Human,Human_associated,Human_associated
1596,463,0.104857269,MH777355.2_69_1277_1,TRUE,5.795434154,832,5.743005519,269.8378378,Human_associated,ncbi,Human,Human,Human_associated,Human_associated
1601,472,0.096503702,KX781282.1_99_1307_1,TRUE,5.828174509,825,5.779922658,267.5675676,Human_associated,ncbi,Human,Human,Human_associated,Human_associated
1640,508,0.114852708,MH777358.2_75_1295_1,TRUE,5.488191009,674,5.430764655,218.5945946,Human_associated,ncbi,Human,Human,Human_associated,Human_associated
1644,511,0.117044729,SRR13725758Score_657.656_,TRUE,5.714812255,679,5.65628989,220.2162162,Human_associated,novel,Human,Human,Human_associated,Human_associated
1644,512,0.145929132,SRR7687884Score_646.061_,TRUE,5.743696658,680,5.670732092,220.5405405,Human_associated,novel,Human,Human,Human_associated,Human_associated
1647,515,0.151600654,SRR7688748Score_662.637_,TRUE,5.620728507,672,5.54492818,217.9459459,Human_associated,novel,Human,Human,Human_associated,Human_associated
1647,516,0.033441645,ERR10856959Score_665.25_,TRUE,5.502569498,673,5.485848675,218.2702703,Human_associated,novel,Human,Human,Human_associated,Human_associated
1637,519,0.129620451,SRR14825066_194_,TRUE,5.412718505,669,5.347908279,216.972973,Human_associated,novel,Human,Human,Human_associated,Human_associated
1636,520,0.300480285,SRR13789504Score_654.421_,TRUE,5.55561422,668,5.405374078,216.6486486,Human_associated,novel,Human,Human,Human_associated,Human_associated
1656,523,0.157407624,SRR13789230Score_658.143_,TRUE,6.065603255,689,5.986899443,223.4594595,Human_associated,novel,Human,Human,Human_associated,Human_associated
1656,524,0.066764905,SRR13789294Score_652.131_,TRUE,5.974960535,690,5.941578083,223.7837838,Human_associated,novel,Human,Human,Human_associated,Human_associated
1660,526,0.11979947,MH777190.2_57_1286_1,TRUE,6.189643317,694,6.129743582,225.0810811,Human_associated,ncbi,Human,Human,Human_associated,Human_associated
1664,529,0.190996334,SRR7688400Score_649.582_,TRUE,6.467626233,699,6.372128066,226.7027027,Human_associated,novel,Human,Human,Human_associated,Human_associated
1663,530,0.107353025,MH777359.2_144_1364_1,TRUE,6.313423443,697,6.25974693,226.0540541,Human_associated,ncbi,Human,Human,Human_associated,Human_associated
1661,531,0.052859555,SRR13789793Score_653.127_,TRUE,6.145800597,695,6.119370819,225.4054054,Human_associated,novel,Human,Human,Human_associated,Human_associated
1657,533,0.060712871,SRR7688022Score_659.557_,TRUE,5.980901007,691,5.950544572,224.1081081,Human_associated,novel,Human,Human,Human_associated,Human_associated
1665,536,0.122617479,SRR13789449Score_660.755_,TRUE,5.8295227,686,5.76821396,222.4864865,Human_associated,novel,Human,Human,Human_associated,Human_associated
1651,537,0.139959904,SRR13725987Score_656.819_,TRUE,5.760531594,684,5.690551642,221.8378378,Human_associated,novel,Human,Human,Human_associated,Human_associated
1649,538,2.99E-06,SRR13725987Score_656.625_,TRUE,5.401949143,682,5.401947649,221.1891892,Human_associated,novel,Human,Human,Human_associated,Human_associated
1634,540,0.115248601,SRR7992339Score_660.512_,TRUE,5.25456056,667,5.196936259,216.3243243,Human_associated,novel,Human,Human,Human_associated,Human_associated
1676,541,0.140854742,SRR26638132Score_625.623_,TRUE,5.640869267,717,5.570441896,232.5405405,Human_associated,novel,Human,Human,Human_associated,Human_associated
1678,543,1.03E-06,SRR13725758_10806_,TRUE,5.636581352,720,5.636580839,233.5135135,Human_associated,novel,Human,Human,Human_associated,Human_associated
1678,544,1.03E-06,SRR13725762Score_645.947_,TRUE,5.636581352,721,5.636580839,233.8378378,Human_associated,novel,Human,Human,Human_associated,Human_associated
1677,545,0.116123593,MG921179.1_48_1259_1,TRUE,5.643728469,719,5.585666672,233.1891892,Human_associated,ncbi,Human,Human,Human_associated,Human_associated
1680,546,0.127139759,SRR7993544Score_630.562_,TRUE,5.671400761,724,5.607830882,234.8108108,Human_associated,novel,Human,Human,Human_associated,Human_associated
1681,548,0.021080887,KX781286.1_81_1289_1,TRUE,5.588454246,726,5.577913803,235.4594595,Human_associated,ncbi,Human,Human,Human_associated,Human_associated
1690,551,0.032439791,SRR27078527_32249_,TRUE,5.915004092,736,5.898784197,238.7027027,Human_associated,novel,Human,Human,Human_associated,Human_associated
1692,553,1.03E-06,SRR7993544Score_633.47_,TRUE,6.039250315,739,6.039249802,239.6756757,Human_associated,novel,Human,Human,Human_associated,Human_associated
1692,554,2.84E-06,SRR7687707_10380_,TRUE,6.039252132,740,6.039250711,240,Human_associated,novel,Human,Human,Human_associated,Human_associated
1685,559,0.020599164,SRR25460196Score_640.83_,TRUE,5.646948101,732,5.636648519,237.4054054,Human_associated,novel,Human,Human,Human_associated,Human_associated
1693,561,0.160518338,SRR25460196Score_636.678_,TRUE,5.740625592,731,5.660366423,237.0810811,Human_associated,novel,Human,Human,Human_associated,Human_associated
1696,565,0.053489432,MH777253.2_171_1379_1,TRUE,5.485198771,715,5.458454055,231.8918919,Human_associated,ncbi,Human,Human,Human_associated,Human_associated
1698,568,0.076319114,SRR7687706_223_,TRUE,5.58481852,713,5.546658963,231.2432432,Human_associated,novel,Human,Human,Human_associated,Human_associated
1698,569,0.180380902,SRR7688471Score_650.562_,TRUE,5.688880308,714,5.598689857,231.5675676,Human_associated,novel,Human,Human,Human_associated,Human_associated
1700,570,0.111277544,SRR2565926Score_648.469_,TRUE,5.736243559,710,5.680604786,230.2702703,Human_associated,novel,Human,Human,Human_associated,Human_associated
1669,573,0.164235208,SRR13789780Score_650.309_,TRUE,5.388461024,708,5.30634342,229.6216216,Human_associated,novel,Human,Human,Human_associated,Human_associated
1783,661,1.03E-06,SRR15442792_2125_,TRUE,4.957333377,454,4.957332864,147.2432432,Human_associated,novel,Human,Human,Human_associated,Human_associated
1839,712,0.119456619,MF588757.1_54_1325_1,TRUE,5.414004301,242,5.354275991,78.48648649,Human_associated,ncbi,Human,Human,Human_associated,Human_associated
1839,713,0.11072666,MH777173.2_81_1271_1,TRUE,5.405274341,243,5.349911011,78.81081081,Human_associated,ncbi,Human,Human,Human_associated,Human_associated
2006,882,0.019360078,SRR19742209_1126578_,TRUE,5.303932638,237,5.294252599,76.86486486,Human_associated,novel,Human,Human,Human_associated,Human_associated
1531,393,0.065043366,SRR22462927_6462_,TRUE,6.22438301,896,6.191861328,290.5945946,Human_associated,novel,Human,Human,Human_associated,Human_associated
1597,469,0.138943256,BK066346.1_99_1316_1,TRUE,5.73945934,826,5.669987712,267.8918919,Human_associated,ncbi,Human,Human,Human_associated,Human_associated
1838,714,0.062197465,KP769769.1_78_1268_1,TRUE,5.301927092,241,5.270828359,78.16216216,Mupapillomavirus,ncbi,Human,Human,Mupapillomavirus,Human_associated
1840,715,0.304637682,NC_001458.1_66_1259_1,TRUE,5.217352808,239,5.065033967,77.51351351,Mupapillomavirus,ncbi,Human,Human,Mupapillomavirus,Human_associated
1840,716,0.468232756,MA632777.1_54_1307_1,TRUE,5.380947882,240,5.146831504,77.83783784,Mupapillomavirus,ncbi,Human,Human,Mupapillomavirus,Human_associated
1930,804,0.337487731,NC_001354.1_225_1487_1,TRUE,6.001575635,375,5.832831769,121.6216216,Nupapillomavirus,ncbi,Human,Human,Nupapillomavirus,Human_associated
1182,49,2.62E-06,SRR8434718_67265_,TRUE,6.100229317,570,6.100228006,184.8648649,Cyamopsis_tetragonoloba_associated,novel,Plant,Other,Cyamopsis_tetragonoloba_associated,Cyamopsis_tetragonoloba_associated
2056,934,0.016544277,SRR12596806_17216_,TRUE,5.595727028,177,5.587454889,57.40540541,Prunus_mira_associated,novel,Plant,Other,Prunus_mira_associated,Prunus_mira_associated
1808,677,0.544825632,HQ585856.1_120_1316_1,TRUE,6.378102989,267,6.105690173,86.59459459,Lambdapapillomavirus,ncbi,Hyena,Other,Crocuta_crocuta,Crocuta_crocuta_associated
1787,717,0.84308123,LC704675.1_63_1238_1,TRUE,5.426770197,238,5.005229582,77.18918919,Atelerix_albiventris_associated,ncbi,Insectivore,Other,Atelerix_albiventris_associated,Atelerix_albiventris_associated
1631,506,0.033939296,FJ379293.1_51_1250_1,TRUE,5.303776578,744,5.28680693,241.2972973,Dyoetapapillomavirus,ncbi,Insectivore,Other,Erinaceus_europaeus,Erinaceus_europaeus_associated
1631,505,0.038565462,SRR17481190_13325_,TRUE,5.308402744,743,5.289120013,240.972973,Erinaceus_amurensis_associated,novel,Insectivore,Other,Erinaceus_amurensis_associated,Erinaceus_amurensis_associated
1791,683,0.626073772,KC460986.1_72_1250_1,TRUE,5.543258464,247,5.230221578,80.10810811,Dyophipapillomavirus,ncbi,Insectivore,Other,Talpa_europaea,Talpa_europaea_associated
1630,504,0.577947706,BK066421.1_84_1274_1,TRUE,5.46627025,742,5.177296397,240.6486486,Sorex_associated,ncbi,Insectivore,Other,Sorex_associated,Sorex_associated
1629,507,0.437815532,BK066846.1_93_1304_1,TRUE,5.245725823,741,5.026818057,240.3243243,Sorex_associated,ncbi,Insectivore,Other,Sorex_associated,Sorex_associated
1830,702,0.24850988,BK066751.1_81_1283_1,TRUE,5.460488398,278,5.336233458,90.16216216,Sorex_associated,ncbi,Insectivore,Other,Sorex_associated,Sorex_associated
1836,709,0.49919632,AJ243287.1_93_1289_1,TRUE,5.531235887,245,5.281637727,79.45945946,Kappapapillomavirus,ncbi,Lapine,Other,Sylvilagus,Sylvilagus_associated
1836,710,0.251700445,AF227240.1_51_1232_1,TRUE,5.283740012,246,5.157889789,79.78378378,Kappapapillomavirus,ncbi,Lapine,Other,Oryctolagus_cuniculus,Oryctolagus_cuniculus_associated
2120,1002,0.734872012,MW582922.1_81_1253_1,TRUE,5.960295613,109,5.592859608,35.35135135,Archaeolacerta_bedriagae_associated,ncbi,Reptile,Reptile,Archaeolacerta_bedriagae_associated,Archaeolacerta_bedriagae_associated
2114,1009,1.493105859,SRR22028468_199653_,TRUE,5.518343761,103,4.771790831,33.40540541,Dibamus_deharvengi_associated,novel,Reptile,Reptile,Dibamus_deharvengi_associated,Dibamus_deharvengi_associated
2122,1004,0.043965089,SRR14864799_19801_,TRUE,5.716897033,107,5.694914488,34.7027027,Phrynocephalus_versicolor_associated,novel,Reptile,Reptile,Phrynocephalus_versicolor_associated,Phrynocephalus_versicolor_associated
2122,1005,0.136065261,SRR14864762_78661_,TRUE,5.808997205,108,5.740964574,35.02702703,Phrynocephalus_versicolor_associated,novel,Reptile,Reptile,Phrynocephalus_versicolor_associated,Phrynocephalus_versicolor_associated
2121,1006,0.131469512,SRR14864829_83990_,TRUE,5.634628075,106,5.568893319,34.37837838,Phrynocephalus_versicolor_associated,novel,Reptile,Reptile,Phrynocephalus_versicolor_associated,Phrynocephalus_versicolor_associated
2202,1090,0.314003193,SRR18363241_159223_,TRUE,3.218493059,19,3.061491463,6.162162162,Phyllomedusa_bahiana_associated,novel,Reptile,Reptile,Phyllomedusa_bahiana_associated,Phyllomedusa_bahiana_associated
2120,1003,0.562252593,BK066718.1_69_1232_1,TRUE,5.787676195,110,5.506549898,35.67567568,Podarcis_guadarramae_associated,ncbi,Reptile,Reptile,Podarcis_guadarramae_associated,Podarcis_guadarramae_associated
2119,999,0.24793196,SRR25737668_148436_,TRUE,5.78383767,112,5.65987169,36.32432432,Podarcis_muralis_associated,novel,Reptile,Reptile,Podarcis_muralis_associated,Podarcis_muralis_associated
2119,1000,0.147193962,SRR25737668_153243_,TRUE,5.683099672,113,5.609502691,36.64864865,Podarcis_muralis_associated,novel,Reptile,Reptile,Podarcis_muralis_associated,Podarcis_muralis_associated
2118,1001,0.49268053,SRR12604243_44526_,TRUE,5.586466874,111,5.34012661,36,Takydromus_septentrionalis_associated,novel,Reptile,Reptile,Takydromus_septentrionalis_associated,Takydromus_septentrionalis_associated
1259,133,0.251256233,KF574428.1_42_1229_1,TRUE,5.42872127,458,5.303093154,148.5405405,Rhopapillomavirus,ncbi,Manatee,Other,Trichechus_manatus,Trichechus_manatus_associated
1258,135,0.331674535,KF574429.1_48_1235_1,TRUE,5.378438326,457,5.212601059,148.2162162,Rhopapillomavirus,ncbi,Manatee,Other,Trichechus_manatus,Trichechus_manatus_associated
2023,902,0.439048381,AY609301.1_81_1277_1,TRUE,5.441727343,187,5.222203153,60.64864865,Rhopapillomavirus,ncbi,Manatee,Other,Trichechus_manatus,Trichechus_manatus_associated
2023,903,0.455219095,JN709473.1_135_1319_1,TRUE,5.457898057,188,5.23028851,60.97297297,Rhopapillomavirus,ncbi,Manatee,Other,Trichechus_manatus,Trichechus_manatus_associated
1259,134,0.318614564,OK073977.1_69_1253_1,TRUE,5.496079602,459,5.33677232,148.8648649,Trichechus_manatus_associated,ncbi,Manatee,Other,Trichechus_manatus_associated,Trichechus_manatus_associated
1707,582,0.586803556,GU220391.1_69_1253_1,TRUE,5.57763645,664,5.284234672,215.3513514,Dyolambdapapillomavirus,ncbi,Marsupial,Other,Bettongia_penicillata,Bettongia_penicillata_associated
1706,585,0.601588946,SRR13765808_2079_,TRUE,5.495347524,663,5.194553051,215.027027,Sarcophilus_harrisii_associated,novel,Marsupial,Other,Sarcophilus_harrisii_associated,Sarcophilus_harrisii_associated
1114,1041,0.592356638,SRR14611555_2230_,TRUE,2.861312606,71,2.565134287,23.02702703,Atlantic_associated,novel,Metagenome,Other,Atlantic_associated,Atlantic_associated
2029,907,0.291808394,MW841296.1_60_1241_1,TRUE,5.099691719,206,4.953787522,66.81081081,Martes_foina_associated,ncbi,Mustelid,Other,Martes_foina_associated,Martes_foina_associated
1572,440,0.261326051,SRR13783792_45920_,TRUE,5.694339236,848,5.56367621,275.027027,Mustela_nivalis_associated,novel,Mustelid,Other,Mustela_nivalis_associated,Mustela_nivalis_associated
1239,124,0.26483884,ERR7256387_570539_,TRUE,5.191661339,468,5.059241919,151.7837838,Mustela_putorious_associated,novel,Mustelid,Other,Mustela_putorious_associated,Mustela_putorious_associated
1708,583,0.076580895,EU277647.1_57_1244_1,TRUE,5.657990252,665,5.619699804,215.6756757,Mustela_putorious_associated,ncbi,Mustelid,Other,Mustela_putorious_associated,Mustela_putorious_associated
1270,142,0.449824781,BK066347.1_93_1277_1,TRUE,5.731367028,763,5.506454637,247.4594595,Taupapillomavirus,ncbi,Mustelid,Other,Gulo,Gulo_associated
1272,139,0.126493804,KF006988.1_66_1253_1,TRUE,5.70885835,765,5.645611448,248.1081081,"Taupapillomavirus	",ncbi,Mustelid,Other,Mustela_putorius,Mustela_putorius_associated
1797,666,0.20671848,OQ746290.1_54_1238_1,TRUE,5.606214083,251,5.502854844,81.40540541,Enhydra_lutris_associated,ncbi,Mustelid,Other,Enhydra_lutris_associated,Enhydra_lutris_associated
1797,667,0.283215082,KJ410351.1_132_1316_1,TRUE,5.682710685,252,5.541103145,81.72972973,Lambdapapillomavirus,ncbi,Mustelid,Other,Enhydra_lutris,Enhydra_lutris_associated
1271,141,0.311523594,SRR25318379_54138_,TRUE,5.714737261,764,5.558975464,247.7837838,Ixodes_ovatus_associated,novel,Tick,Other,Ixodes_ovatus_associated,Ixodes_ovatus_associated
1574,444,0.209923841,MN535764.1_96_1289_1,TRUE,5.947385772,842,5.842423852,273.0810811,Callithrix_penicillata_associated,ncbi,Non-human Primate,Non-human Primate,Callithrix_penicillata_associated,Callithrix_penicillata_associated
1574,445,0.1521475,MN535763.1_57_1253_1,TRUE,5.889609431,843,5.813535681,273.4054054,Callithrix_penicillata_associated,ncbi,Non-human Primate,Non-human Primate,Callithrix_penicillata_associated,Callithrix_penicillata_associated
1225,96,0.13174694,KP861980.1_204_1382_1,TRUE,5.293347227,493,5.227473757,159.8918919,Dyoomikronpapillomavirus,ncbi,Non-human Primate,Non-human Primate,Alouatta_guariba,Alouatta_guariba_associated
1227,97,0.066460541,JF304765.1_117_1295_1,TRUE,5.376436596,495,5.343206326,160.5405405,Dyoomikronpapillomavirus,ncbi,Non-human Primate,Non-human Primate,Saimiri_sciureus,Saimiri_sciureus_associated
1227,98,0.19924707,JF304767.1_189_1367_1,TRUE,5.509223125,496,5.40959959,160.8648649,Dyoomikronpapillomavirus,ncbi,Non-human Primate,Non-human Primate,Saimiri_sciureus,Saimiri_sciureus_associated
1226,99,0.109886373,JF304766.1_138_1316_1,TRUE,5.347399922,494,5.292456736,160.2162162,Dyoomikronpapillomavirus,ncbi,Non-human Primate,Non-human Primate,Saimiri_sciureus,Saimiri_sciureus_associated
1345,206,0.123271091,ERR11028317Score_609.68_,TRUE,6.528750321,936,6.467114776,303.5675676,Gorilla_gorilla_associated,novel,Non-human Primate,Non-human Primate,Gorilla_gorilla_associated,Gorilla_gorilla_associated
1173,41,0.185791348,MH469677.1_225_1409_1,TRUE,5.760982528,559,5.668086854,181.2972973,Macaca_fuscata_associated,ncbi,Non-human Primate,Non-human Primate,Macaca_fuscata_associated,Macaca_fuscata_associated
1173,40,0.163157954,MG837558.1_156_1343_1,TRUE,5.738349134,558,5.656770157,180.972973,Macaca_mulatta_associated,ncbi,Non-human Primate,Non-human Primate,Macaca_mulatta_associated,Macaca_mulatta_associated
1186,53,0.15552955,MG837557.1_60_1229_1,TRUE,5.739185734,504,5.661420959,163.4594595,Macaca_mulatta_associated,ncbi,Non-human Primate,Non-human Primate,Macaca_mulatta_associated,Macaca_mulatta_associated
1562,436,0.424297008,MG837559.1_99_1310_1,TRUE,5.727624245,851,5.515475741,276,Macaca_mulatta_associated,ncbi,Non-human Primate,Non-human Primate,Macaca_mulatta_associated,Macaca_mulatta_associated
1708,584,0.124254965,EU069819.1_57_1244_1,TRUE,5.705664322,666,5.643536839,216,"Perameles_bougainville	_associated",ncbi,Marsupial,Other,"Perameles_bougainville	_associated","Perameles_bougainville	_associated"
1437,299,1.03E-06,ERR10942642_120924_,TRUE,6.235403554,1056,6.235403041,342.4864865,Perodicticus_potto_associated,novel,Non-human Primate,Non-human Primate,Perodicticus_potto_associated,Perodicticus_potto_associated
1437,300,1.03E-06,ERR10942648Score_629.754_,TRUE,6.235403554,1057,6.235403041,342.8108108,Perodicticus_potto_associated,novel,Non-human Primate,Non-human Primate,Perodicticus_potto_associated,Perodicticus_potto_associated
1829,701,0.424597226,ERR10972965_850882_,TRUE,5.503127304,277,5.290828691,89.83783784,Tarsius_dentatus_associated,novel,Non-human Primate,Non-human Primate,Tarsius_dentatus_associated,Tarsius_dentatus_associated
1604,476,0.339119283,OP376965.1_108_1307_1,TRUE,5.415757596,811,5.246197955,263.027027,Varecia_variegata_asociated,ncbi,Non-human Primate,Non-human Primate,Varecia_variegata_asociated,Varecia_variegata_asociated
1605,478,0.491763108,OP376964.1_60_1253_1,TRUE,5.69506234,813,5.449180786,263.6756757,Varecia_variegata_asociated,ncbi,Non-human Primate,Non-human Primate,Varecia_variegata_asociated,Varecia_variegata_asociated
2079,957,0.185308513,NC_001789.1_57_1229_1,TRUE,5.761264317,151,5.66861006,48.97297297,Deltapapillomavirus,ncbi,Ovine,Other,Ovine,Ovine_associated
2079,958,0.082901742,U83595.1_57_1229_1,TRUE,5.658857546,152,5.617406675,49.2972973,Deltapapillomavirus,ncbi,Ovine,Other,Ovine,Ovine_associated
2054,931,0.128891207,FJ796965.1_93_1271_1,TRUE,5.850955344,180,5.786509741,58.37837838,Dyokappapapillomavirus,ncbi,Ovine,Other,Ovine,Ovine_associated
1235,104,0.006730922,SRR25256578Score_613.569_,TRUE,5.355459531,491,5.35209407,159.2432432,Manidae_associated,novel,Pangolin,Pangolin,Manidae_associated,Manidae_associated
1235,105,0.001729203,SRR25256604_400055_,TRUE,5.350457812,492,5.34959321,159.5675676,Manidae_associated,novel,Pangolin,Pangolin,Manidae_associated,Manidae_associated
1236,107,1.03E-06,SRR25256522Score_624.477_,TRUE,5.349209221,488,5.349208708,158.2702703,Manidae_associated,novel,Pangolin,Pangolin,Manidae_associated,Manidae_associated
1236,108,1.03E-06,SRR25256522_663139_,TRUE,5.349209221,489,5.349208708,158.5945946,Manidae_associated,novel,Pangolin,Pangolin,Manidae_associated,Manidae_associated
1232,109,0.375425738,SRR25256528_292062_,TRUE,5.475919296,487,5.288206427,157.9459459,Manidae_associated,novel,Pangolin,Pangolin,Manidae_associated,Manidae_associated
1821,689,0.127205165,SRR25256617_433822_,TRUE,5.577052211,289,5.513449629,93.72972973,Manidae_associated,novel,Pangolin,Pangolin,Manidae_associated,Manidae_associated
1823,690,0.270692598,SRR25256616Score_599.287_,TRUE,5.856578892,291,5.721232593,94.37837838,Manidae_associated,novel,Pangolin,Pangolin,Manidae_associated,Manidae_associated
1823,691,0.013508706,SRR25256529_228985_,TRUE,5.599394999,292,5.592640647,94.7027027,Manidae_associated,novel,Pangolin,Pangolin,Manidae_associated,Manidae_associated
1822,692,0.036753092,SRR25256522Score_617.495_,TRUE,5.576292419,290,5.557915873,94.05405405,Manidae_associated,novel,Pangolin,Pangolin,Manidae_associated,Manidae_associated
1820,693,0.210439268,SRR25256529Score_612.094_,TRUE,5.591128457,288,5.485908823,93.40540541,Manidae_associated,novel,Pangolin,Pangolin,Manidae_associated,Manidae_associated
1824,694,0.213601721,SRR25256542_15341_,TRUE,5.490354497,284,5.383553637,92.10810811,Manidae_associated,novel,Pangolin,Pangolin,Manidae_associated,Manidae_associated
1826,695,2.24E-06,SRR25256535_79630_,TRUE,5.494953814,286,5.494952695,92.75675676,Manidae_associated,novel,Pangolin,Pangolin,Manidae_associated,Manidae_associated
1826,696,1.03E-06,SRR25256551Score_618.247_,TRUE,5.494952603,287,5.49495209,93.08108108,Manidae_associated,novel,Pangolin,Pangolin,Manidae_associated,Manidae_associated
1825,697,0.147781218,SRR25256569_9341_,TRUE,5.525252504,285,5.451361895,92.43243243,Manidae_associated,novel,Pangolin,Pangolin,Manidae_associated,Manidae_associated
1828,698,0.233834005,BK062772.1_87_1286_1,TRUE,5.532860061,282,5.415943059,91.45945946,Manis_javanica_associated,ncbi,Pangolin,Pangolin,Manis_javanica_associated,Manis_javanica_associated
1828,699,0.111624138,BK062773.1_54_1253_1,TRUE,5.410650194,283,5.354838125,91.78378378,Manis_javanica_associated,ncbi,Pangolin,Pangolin,Manis_javanica_associated,Manis_javanica_associated
1827,700,0.167154561,BK062774.1_51_1241_1,TRUE,5.379509983,281,5.295932703,91.13513514,Manis_javanica_associated,ncbi,Pangolin,Pangolin,Manis_javanica_associated,Manis_javanica_associated
1234,106,0.05989157,BK062778.1_192_1367_1,TRUE,5.350618115,490,5.32067233,158.9189189,Manis_pentadactyla_associated,ncbi,Pangolin,Pangolin,Manis_pentadactyla_associated,Manis_pentadactyla_associated
1231,100,0.164961759,GU117623.1_72_1256_1,TRUE,5.4547031,485,5.37222222,157.2972973,Dyodeltapapillomavirus,ncbi,Cetacean,Cetacean,Phocoena_phocoena,Phocoena_phocoena_associated
1230,102,0.498396221,OP748392.1_81_1250_1,TRUE,5.501568381,484,5.25237027,156.972973,Dyodeltapapillomavirus,ncbi,Cetacean,Cetacean,Delphinapterus_leucas,Delphinapterus_leucas_associated
1229,103,0.291610604,MT078971.1_138_1322_1,TRUE,5.238398552,483,5.09259325,156.6486486,Dyodeltapapillomavirus,ncbi,Porcine,Porcine,Sus_scrofa,Sus_scrofa_associated
1782,662,0.218769119,EU796884.1_147_1331_1,TRUE,4.929175678,452,4.819791118,146.5945946,Dyodeltapapillomavirus,ncbi,Cetacean,Cetacean,Feline_domesticus,Feline_domesticus_associated
1621,494,0.692964017,SRR19174522_234245_,TRUE,5.700102596,745,5.353620588,241.6216216,Phacochoerus_africanus_associated,novel,Porcine,Porcine,Phacochoerus_africanus_associated,Phacochoerus_africanus_associated
1621,495,0.644271931,SRR19174533_28675_,TRUE,5.65141051,746,5.329274545,241.9459459,Phacochoerus_africanus_associated,novel,Porcine,Porcine,Phacochoerus_africanus_associated,Phacochoerus_africanus_associated
1770,644,0.339994651,SRR19174516_188544_,TRUE,5.809049315,615,5.639051989,199.4594595,Phacochoerus_africanus_associated,novel,Porcine,Porcine,Phacochoerus_africanus_associated,Phacochoerus_africanus_associated
1770,645,0.333770653,SRR19174525_18408_,TRUE,5.802825317,616,5.63593999,199.7837838,Phacochoerus_africanus_associated,novel,Porcine,Porcine,Phacochoerus_africanus_associated,Phacochoerus_africanus_associated
1769,646,0.3921424,SRR19174523_80317_,TRUE,5.738113672,614,5.542042472,199.1351351,Phacochoerus_africanus_associated,novel,Porcine,Porcine,Phacochoerus_africanus_associated,Phacochoerus_africanus_associated
1605,477,0.674889539,SRR26395441_306738_,TRUE,5.878188771,812,5.540744001,263.3513514,Potamochoerus_larvatus_associated,novel,Porcine,Porcine,Potamochoerus_larvatus_associated,Potamochoerus_larvatus_associated
1768,647,0.270495423,SRR26395417_738037_,TRUE,5.52051641,613,5.385268698,198.8108108,Potamochoerus_larvatus_associated,novel,Porcine,Porcine,Potamochoerus_larvatus_associated,Potamochoerus_larvatus_associated
1781,658,0.505893314,KY817993.1_273_1469_1,TRUE,5.138651117,450,4.88570446,145.9459459,Sus_scrofa_associated,ncbi,Porcine,Porcine,Sus_scrofa_associated,Sus_scrofa_associated
2057,937,0.389493842,SRR8631965_1105606_,TRUE,5.109846833,174,4.915099912,56.43243243,Sus_scrofa_associated,novel,Porcine,Porcine,Sus_scrofa_associated,Sus_scrofa_associated
1795,664,0.405961429,MF327538.1_108_1283_1,TRUE,5.909246598,250,5.706265884,81.08108108,Dyonupapillomavirus,ncbi,Ursine,Other,Ailuropoda_melanoleuca,Ailuropoda_melanoleuca_associated
2027,904,0.469451102,HQ293213.1_45_1235_1,TRUE,5.322831268,203,5.088105717,65.83783784,Dyonupapillomavirus,ncbi,Pinnipeds,Other,Zalophus_californianus,Zalophus_californianus_associated
2028,906,0.416017738,MF327537.1_45_1226_1,TRUE,5.124806968,205,4.9167981,66.48648649,Dyonupapillomavirus,ncbi,Ursine,Other,Ailuropoda_melanoleuca,Ailuropoda_melanoleuca_associated
1272,140,0.160205434,OR531434.1_282_1466_1,TRUE,5.74256998,766,5.662467263,248.4324324,Arctocephalus_forsteri_associated,ncbi,Pinnipeds,Other,Arctocephalus_forsteri_associated,Arctocephalus_forsteri_associated
1242,111,0.072994664,MG571092.1_222_1418_1,TRUE,5.622411947,470,5.585914615,152.4324324,Leptonychotes_weddellii_associated,ncbi,Pinnipeds,Other,Leptonychotes_weddellii_associated,Leptonychotes_weddellii_associated
1242,112,0.089126283,MG571091.1_240_1433_1,TRUE,5.638543566,471,5.593980424,152.7567568,Leptonychotes_weddellii_associated,ncbi,Pinnipeds,Other,Leptonychotes_weddellii_associated,Leptonychotes_weddellii_associated
1267,170,0.884583376,MG571094.1_66_1271_1,TRUE,6.011492499,761,5.569200811,246.8108108,Leptonychotes_weddellii_associated,ncbi,Pinnipeds,Other,Leptonychotes_weddellii_associated,Leptonychotes_weddellii_associated
1569,437,0.587567817,MG571089.1_129_1346_1,TRUE,6.212099806,844,5.918315898,273.7297297,Leptonychotes_weddellii_associated,ncbi,Pinnipeds,Other,Leptonychotes_weddellii_associated,Leptonychotes_weddellii_associated
1781,659,0.558285396,MG571095.1_93_1289_1,TRUE,5.1910432,451,4.911900501,146.2702703,Leptonychotes_weddellii_associated,ncbi,Pinnipeds,Other,Leptonychotes_weddellii_associated,Leptonychotes_weddellii_associated
1795,663,0.676430895,MG571090.1_123_1361_1,TRUE,6.179716064,249,5.841500617,80.75675676,Leptonychotes_weddellii_associated,ncbi,Pinnipeds,Other,Leptonychotes_weddellii_associated,Leptonychotes_weddellii_associated
2027,905,0.451127774,MG571093.1_45_1253_1,TRUE,5.304507941,204,5.078944054,66.16216216,Leptonychotes_weddellii_associated,ncbi,Pinnipeds,Other,Leptonychotes_weddellii_associated,Leptonychotes_weddellii_associated
1798,668,0.159889151,AY763115.1_54_1238_1,TRUE,5.544633185,253,5.46468861,82.05405405,Lambdapapillomavirus,ncbi,Raccoon,Other,Procyon_lotor,Procyon_lotor_associated
2180,1066,0.542703717,KX643372.1_36_1484_1,TRUE,5.193996162,61,4.922644303,19.78378378,Alefpapillomavirus,ncbi,Ray-finned Fish,Ray-finned Fish,Sparus_aurata,Sparus_aurata_associated
2158,1047,0.917228164,BK066583.1_234_1415_1,TRUE,4.380526026,64,3.921911943,20.75675676,Astyanax_mexicanus_associated,ncbi,Ray-finned Fish,Ray-finned Fish,Astyanax_mexicanus_associated,Astyanax_mexicanus_associated
2187,1081,1.292231416,SRR9897644_673202_,TRUE,5.171468462,31,4.525352754,10.05405405,Astyanax_mexicanus_associated,novel,Ray-finned Fish,Ray-finned Fish,Astyanax_mexicanus_associated,Astyanax_mexicanus_associated
2179,1069,0.793465094,OQ633419.1_78_1277_1,TRUE,5.301678292,60,4.904945745,19.45945946,Betta_splendens_associated,ncbi,Ray-finned Fish,Ray-finned Fish,Betta_splendens_associated,Betta_splendens_associated
2164,1051,1.602987006,BK066382.1_57_1217_1,TRUE,6.259410879,38,5.457917376,12.32432432,Carassius_auratus_associated,ncbi,Ray-finned Fish,Ray-finned Fish,Carassius_auratus_associated,Carassius_auratus_associated
2173,1059,0.312382701,SRR12532606_97845_,TRUE,4.851299431,42,4.695108081,13.62162162,Carassius_gibelio_associated,novel,Ray-finned Fish,Ray-finned Fish,Carassius_gibelio_associated,Carassius_gibelio_associated
2155,1045,0.520627126,MZ570865.1_99_1427_1,TRUE,4.251599173,67,3.99128561,21.72972973,Centropristis_striata_associated,ncbi,Ray-finned Fish,Ray-finned Fish,Centropristis_striata_associated,Centropristis_striata_associated
2181,1068,0.883977228,MZ570863.1_99_1406_1,TRUE,5.707855148,63,5.265866534,20.43243243,Centropristis_striata_associated,ncbi,Ray-finned Fish,Ray-finned Fish,Centropristis_striata_associated,Centropristis_striata_associated
2185,1076,1.476444353,MZ570864.1_93_1310_1,TRUE,5.72041809,50,4.982195914,16.21621622,Centropristis_striata_associated,ncbi,Ray-finned Fish,Ray-finned Fish,Centropristis_striata_associated,Centropristis_striata_associated
2186,1074,0.689749585,SRR22213301_62214_,TRUE,5.201290722,51,4.85641593,16.54054054,Chionodraco_hamatus_associated,novel,Ray-finned Fish,Ray-finned Fish,Chionodraco_hamatus_associated,Chionodraco_hamatus_associated
2182,1073,1.390546613,BK066408.1_63_1328_1,TRUE,5.676522088,53,4.981248782,17.18918919,Coryphaenoides_rupestris_associated,ncbi,Ray-finned Fish,Ray-finned Fish,Coryphaenoides_rupestris_associated,Coryphaenoides_rupestris_associated
2178,1063,0.179987733,SRR26349144_512_,TRUE,5.216996979,58,5.127003113,18.81081081,Cyclopterus_lumpus_associated,novel,Ray-finned Fish,Ray-finned Fish,Cyclopterus_lumpus_associated,Cyclopterus_lumpus_associated
2169,1056,0.807422415,BK066436.1_54_1310_1,TRUE,5.364551621,46,4.960840413,14.91891892,Cynoglossus_semilaevis_associated,ncbi,Ray-finned Fish,Ray-finned Fish,Cynoglossus_semilaevis_associated,Cynoglossus_semilaevis_associated
1193,57,0.008862938,SRR15046105_1835_,TRUE,5.870052259,528,5.86562079,171.2432432,Danio_rerio_associated,novel,Ray-finned Fish,Ray-finned Fish,Danio_rerio_associated,Danio_rerio_associated
2173,1060,0.411377904,OP933686.1_87_1274_1,TRUE,4.950294634,43,4.744605682,13.94594595,Fish_associated,ncbi,Ray-finned Fish,Ray-finned Fish,Fish_associated,Fish_associated
2157,1043,0.138723107,BK066681.1_213_1511_1,TRUE,4.356760618,70,4.287399064,22.7027027,Gadus_morhua_associated,ncbi,Ray-finned Fish,Ray-finned Fish,Gadus_morhua_associated,Gadus_morhua_associated
2170,1053,0.230312108,BK066851.1_75_1304_1,TRUE,5.210407919,47,5.095251865,15.24324324,Gadus_morhua_associated,ncbi,Ray-finned Fish,Ray-finned Fish,Gadus_morhua_associated,Gadus_morhua_associated
2171,1054,0.01478644,ERR1659874_71_,TRUE,5.24035057,48,5.23295735,15.56756757,Gadus_morhua_associated,novel,Ray-finned Fish,Ray-finned Fish,Gadus_morhua_associated,Gadus_morhua_associated
2171,1055,0.012551802,ERR10824108Score_395.909_,TRUE,5.238115932,49,5.231840031,15.89189189,Gadus_morhua_associated,novel,Ray-finned Fish,Ray-finned Fish,Gadus_morhua_associated,Gadus_morhua_associated
2184,1070,0.421818494,SRR12851781_28432_,TRUE,6.57452919,55,6.363619943,17.83783784,Gadus_morhua_associated,novel,Ray-finned Fish,Ray-finned Fish,Gadus_morhua_associated,Gadus_morhua_associated
2184,1071,0.325249886,BK066321.1_72_1274_1,TRUE,6.477960582,56,6.315335639,18.16216216,Gadus_morhua_associated,ncbi,Ray-finned Fish,Ray-finned Fish,Gadus_morhua_associated,Gadus_morhua_associated
2190,1078,0.506741354,SRR16268598_38627_,TRUE,6.174650007,34,5.92127933,11.02702703,Hypophthalmichthys_nobilis_associated,novel,Ray-finned Fish,Ray-finned Fish,Hypophthalmichthys_nobilis_associated,Hypophthalmichthys_nobilis_associated
2178,1064,0.341846221,MH617579.2_63_1271_1,TRUE,5.378855468,59,5.207932357,19.13513514,Lutjanus_campechanus_associated,ncbi,Ray-finned Fish,Ray-finned Fish,Lutjanus_campechanus_associated,Lutjanus_campechanus_associated
2158,1048,0.999619823,SRR11743604_76211_,TRUE,4.462917684,65,3.963107773,21.08108108,Malapterurus_electricus_associated,novel,Ray-finned Fish,Ray-finned Fish,Malapterurus_electricus_associated,Malapterurus_electricus_associated
2157,1042,0.073455075,MZ570859.1_168_1469_1,TRUE,4.291492586,69,4.254765048,22.37837838,Melanogrammus_aeglefinus_associated,ncbi,Ray-finned Fish,Ray-finned Fish,Melanogrammus_aeglefinus_associated,Melanogrammus_aeglefinus_associated
2156,1044,0.148244862,MZ570861.1_111_1406_1,TRUE,4.290112597,68,4.215990166,22.05405405,Melanogrammus_aeglefinus_associated,ncbi,Ray-finned Fish,Ray-finned Fish,Melanogrammus_aeglefinus_associated,Melanogrammus_aeglefinus_associated
2172,1057,0.390883432,MZ570862.1_78_1322_1,TRUE,4.911259112,44,4.715817396,14.27027027,Melanogrammus_aeglefinus_associated,ncbi,Ray-finned Fish,Ray-finned Fish,Melanogrammus_aeglefinus_associated,Melanogrammus_aeglefinus_associated
2172,1058,0.534315613,MH617143.2_90_1316_1,TRUE,5.054691293,45,4.787533487,14.59459459,Melanogrammus_aeglefinus_associated,ncbi,Ray-finned Fish,Ray-finned Fish,Melanogrammus_aeglefinus_associated,Melanogrammus_aeglefinus_associated
2183,1072,0.453273997,MZ570860.1_66_1277_1,TRUE,6.291412417,54,6.064775419,17.51351351,Melanogrammus_aeglefinus_associated,ncbi,Ray-finned Fish,Ray-finned Fish,Melanogrammus_aeglefinus_associated,Melanogrammus_aeglefinus_associated
2188,1080,0.388576456,DRR319698Score_299.228_,TRUE,5.565493796,32,5.371205568,10.37837838,Misgurnus_anguillicaudatus_associated,novel,Ray-finned Fish,Ray-finned Fish,Misgurnus_anguillicaudatus_associated,Misgurnus_anguillicaudatus_associated
2154,1046,0.558614283,SRR20078264_4021_,TRUE,4.041293633,66,3.761986492,21.40540541,Oncorhynchus_mykiss_associated,novel,Ray-finned Fish,Ray-finned Fish,Oncorhynchus_mykiss_associated,Oncorhynchus_mykiss_associated
2163,1052,0.813601203,MH510267.2_282_1448_1,TRUE,4.923238728,37,4.516438127,12,Oncorhynchus_mykiss_associated,ncbi,Ray-finned Fish,Ray-finned Fish,Oncorhynchus_mykiss_associated,Oncorhynchus_mykiss_associated
2181,1067,0.845279529,SRR21231055_24198_,TRUE,5.669157449,62,5.246517684,20.10810811,Paralichthys_olivaceus_associated,novel,Ray-finned Fish,Ray-finned Fish,Paralichthys_olivaceus_associated,Paralichthys_olivaceus_associated
2165,1050,0.485069366,MN515404.1_72_1238_1,TRUE,5.924341768,40,5.681807085,12.97297297,Silurus_glanis_associated,ncbi,Ray-finned Fish,Ray-finned Fish,Silurus_glanis_associated,Silurus_glanis_associated
2186,1075,0.937924733,BK066885.1_96_1292_1,TRUE,5.44946587,52,4.980503504,16.86486486,Sparus_aurata_associated,ncbi,Ray-finned Fish,Ray-finned Fish,Sparus_aurata_associated,Sparus_aurata_associated
2165,1049,0.380181123,SRR5450932_30728_,TRUE,5.819453525,39,5.629362964,12.64864865,Tachysurus_fulvidraco_associated,novel,Ray-finned Fish,Ray-finned Fish,Tachysurus_fulvidraco_associated,Tachysurus_fulvidraco_associated
2177,1065,0.492444245,MZ447865.1_60_1238_1,TRUE,5.17311441,57,4.926892288,18.48648649,Trematomus_bernacchii_associated,ncbi,Ray-finned Fish,Ray-finned Fish,Trematomus_bernacchii_associated,Trematomus_bernacchii_associated
1111,1,2.977545336,MZ244208.1_57_1235_1,TRUE,2.977545336,1,1.488772668,0.324324324,Urolophus_aurantiacus_associated,ncbi,Ray-finned Fish,Ray-finned Fish,Urolophus_aurantiacus_associated,Urolophus_aurantiacus_associated
2166,1061,0.87667338,BK066746.1_54_1271_1,TRUE,4.943728723,41,4.505392033,13.2972973,Xiphophorus_birchmanni_associated,ncbi,Ray-finned Fish,Ray-finned Fish,Xiphophorus_birchmanni_associated,Xiphophorus_birchmanni_associated
2123,1007,0.095060407,MK207055.1_54_1259_1,TRUE,5.612481955,104,5.564951752,33.72972973,Hemidactylus_frenatus_associated,ncbi,Reptile,Reptile,Hemidactylus_frenatus_associated,Hemidactylus_frenatus_associated
2123,1008,0.067758989,MN194600.1_54_1250_1,TRUE,5.585180538,105,5.551301044,34.05405405,Hemidactylus_frenatus_associated,ncbi,Reptile,Reptile,Hemidactylus_frenatus_associated,Hemidactylus_frenatus_associated
1260,136,0.371174395,HQ262535.1_138_1322_1,TRUE,5.260024006,455,5.074436809,147.5675676,Dyomupapillomavirus,ncbi,Reptile,Reptile,Morelia_spilota,Morelia_spilota_associated
1260,137,0.425466146,MH605022.1_123_1304_1,TRUE,5.314315757,456,5.101582684,147.8918919,Dyomupapillomavirus,ncbi,Reptile,Reptile,Boa_constrictor,Boa_constrictor_associated
2126,1012,0.232189846,EU493092.1_87_1277_1,TRUE,5.228989176,101,5.112894253,32.75675676,Dyozetapapillomavirus,ncbi,Reptile,Reptile,Caretta_caretta,Caretta_caretta_associated
2126,1013,0.283503876,EU493091.1_72_1262_1,TRUE,5.280303205,102,5.138551267,33.08108108,Dyozetapapillomavirus,ncbi,Reptile,Reptile,Chelonia_mydas,Chelonia_mydas_associated
2066,950,1.550165303,SRR10902309_46767_,TRUE,6.199635945,121,5.424553293,39.24324324,Ceratotherium_simum_associated,novel,Rhino,Other,Ceratotherium_simum_associated,Ceratotherium_simum_associated
1835,711,0.407607562,KC020689.2_105_1307_1,TRUE,5.145043431,244,4.94123965,79.13513514,Dyosigmapapillomavirus,ncbi,Rodent,Rodent,Castor_canadensis,Castor_canadensis_associated
1606,493,0.818013393,MH376689.1_72_1247_1,TRUE,5.804388722,794,5.395382026,257.5135135,Erethizon_dorsatum_associated,ncbi,Rodent,Rodent,Erethizon_dorsatum_associated,Erethizon_dorsatum_associated
1927,809,0.477701019,AY684126.1_51_1235_1,TRUE,5.711289962,371,5.472439453,120.3243243,Sigmapapillomavirus,ncbi,Rodent,Rodent,Erethizon_dorsatum,Erethizon_dorsatum_associated
1831,703,0.238414813,ERR3298753_352415_,TRUE,5.513171477,279,5.39396407,90.48648649,"	Marmota_marmota_associated",novel,Rodent,Rodent,"	Marmota_marmota_associated","	Marmota_marmota_associated"
1617,488,0.142315306,BK066393.1_90_1277_1,TRUE,5.530548345,806,5.459390692,261.4054054,Apodemus_sylvaticus_associated,ncbi,Rodent,Rodent,Apodemus_sylvaticus_associated,Apodemus_sylvaticus_associated
2000,876,0.061193876,BK066744.1_195_1370_1,TRUE,5.180784546,229,5.150187608,74.27027027,Iotapapillomavirus,ncbi,Rodent,Rodent,Myodes,Myodes_associated
1999,878,0.144082207,JF755418.1_96_1271_1,TRUE,5.105852726,228,5.033811623,73.94594595,Iotapapillomavirus,ncbi,Rodent,Rodent,Peromyscus_maniculatus,Peromyscus_maniculatus_associated
2002,880,0.238836876,BK066449.1_204_1379_1,TRUE,5.259118865,232,5.139700427,75.24324324,Iotapapillomavirus,ncbi,Rodent,Rodent,Meriones,Meriones_associated
2006,881,0.015120539,HQ625441.1_141_1316_1,TRUE,5.299693099,236,5.29213283,76.54054054,Iotapapillomavirus,ncbi,Rodent,Rodent,Rattus_norvegicus,Rattus_norvegicus_associated
2004,884,0.262158761,NC_001605.1_192_1367_1,TRUE,5.357438712,234,5.226359332,75.89189189,Iotapapillomavirus,ncbi,Rodent,Rodent,Mastomys_natalensis,Mastomys_natalensis_associated
2005,883,0.115725786,SRR22071722_15320_,TRUE,5.317239126,235,5.259376233,76.21621622,Leopoldamys_edwardsi_associated,novel,Rodent,Rodent,Leopoldamys_edwardsi_associated,Leopoldamys_edwardsi_associated
2000,877,0.052583838,SRR26070879_529058_,TRUE,5.172174508,230,5.145882589,74.59459459,Myodes_glareolus_associated,novel,Rodent,Rodent,Myodes_glareolus_associated,Myodes_glareolus_associated
1614,484,0.066517428,GQ180114.1_78_1268_1,TRUE,5.473907267,802,5.440648553,260.1081081,Rattus_norvegicus_associated,ncbi,Rodent,Rodent,Rattus_norvegicus_associated,Rattus_norvegicus_associated
1998,875,0.255002939,SRR5384553_885_,TRUE,5.119972817,227,4.992471347,73.62162162,Orientallactaga_sibirica_associated,novel,Rodent,Rodent,Orientallactaga_sibirica_associated,Orientallactaga_sibirica_associated
2008,888,0.262234711,SRR12903319Score_605.974_,TRUE,5.335739008,224,5.204621652,72.64864865,Peromyscus_boylii_associated,novel,Rodent,Rodent,Peromyscus_boylii_associated,Peromyscus_boylii_associated
2001,879,0.317968609,SRR13318616_110537_,TRUE,5.171588064,231,5.012603759,74.91891892,Peromyscus_maniculatus_associated,novel,Rodent,Rodent,Peromyscus_maniculatus_associated,Peromyscus_maniculatus_associated
2009,886,0.026930671,SRR20730026_148687_,TRUE,5.450219838,225,5.436754503,72.97297297,Peromyscus_maniculatus_associated,novel,Rodent,Rodent,Peromyscus_maniculatus_associated,Peromyscus_maniculatus_associated
2009,887,0.040737976,SRR14146226Score_622.755_,TRUE,5.464027143,226,5.443658155,73.2972973,Peromyscus_maniculatus_associated,novel,Rodent,Rodent,Peromyscus_maniculatus_associated,Peromyscus_maniculatus_associated
2109,992,0.455585501,SRR16611435_9052_,TRUE,5.352433884,119,5.124641134,38.59459459,Peromyscus_maniculatus_associated,novel,Rodent,Rodent,Peromyscus_maniculatus_associated,Peromyscus_maniculatus_associated
2109,993,0.584236609,SRR20730051_44728_,TRUE,5.481084992,120,5.188966688,38.91891892,Peromyscus_maniculatus_associated,novel,Rodent,Rodent,Peromyscus_maniculatus_associated,Peromyscus_maniculatus_associated
1609,480,0.152254009,HG939559.1_63_1247_1,TRUE,5.603462646,797,5.527335641,258.4864865,Pipapillomavirus,ncbi,Rodent,Rodent,Phodopus_sungorus,Phodopus_sungorus_associated
1612,485,0.121144662,DQ269468.1_129_1316_1,TRUE,5.420180028,799,5.359607697,259.1351351,Pipapillomavirus,ncbi,Rodent,Rodent,Micromys_minutus,Micromys_minutus_associated
1618,486,0.103450969,HQ625440.1_174_1364_1,TRUE,5.56211953,807,5.510394045,261.7297297,Pipapillomavirus,ncbi,Rodent,Rodent,Apodemus_sylvaticus,Apodemus_sylvaticus_associated
1619,489,0.004199519,BK066384.1_135_1322_1,TRUE,5.513287443,804,5.511187683,260.7567568,Pipapillomavirus,ncbi,Rodent,Rodent,Mus,Mus_associated
1615,491,0.155738407,DQ664501.1_135_1322_1,TRUE,5.464474218,803,5.386605014,260.4324324,Pipapillomavirus,ncbi,Rodent,Rodent,Mastomys_coucha,Mastomys_coucha_associated
1614,483,0.074326124,ERR1301474_1788_,TRUE,5.481715962,801,5.4445529,259.7837838,Rat_associated,novel,Rodent,Rodent,Rat_associated,Rat_associated
1154,38,0.193121338,SRR14086904Score_635.027_,TRUE,5.751375909,572,5.65481524,185.5135135,Rattus_norvegicus_associated,novel,Rodent,Rodent,Rattus_norvegicus_associated,Rattus_norvegicus_associated
1205,70,0.122756792,SRR14086904Score_633.337_,TRUE,5.901656197,524,5.8402778,169.9459459,Rattus_norvegicus_associated,novel,Rodent,Rodent,Rattus_norvegicus_associated,Rattus_norvegicus_associated
2003,885,0.220522714,SRR5447145_588_,TRUE,5.291036372,233,5.180775016,75.56756757,Rattus_norvegicus_associated,novel,Rodent,Rodent,Rattus_norvegicus_associated,Rattus_norvegicus_associated
1610,492,0.223881757,SRR22071730_45049_,TRUE,5.467703918,798,5.355763039,258.8108108,Rattus_tanezumi_associated,novel,Rodent,Rodent,Rattus_tanezumi_associated,Rattus_tanezumi_associated
1609,479,0.129112267,BK066757.1_75_1259_1,TRUE,5.580320904,796,5.51576477,258.1621622,Rodent_associated,ncbi,Rodent,Rodent,Rodent_associated,Rodent_associated
1608,481,0.100043466,BK066866.1_63_1244_1,TRUE,5.509530452,795,5.459508719,257.8378378,Rodent_associated,ncbi,Rodent,Rodent,Rodent_associated,Rodent_associated
1613,482,0.109759116,ON932813.1_57_1247_1,TRUE,5.451972855,800,5.397093297,259.4594595,Rodent_associated,ncbi,Rodent,Rodent,Rodent_associated,Rodent_associated
1618,487,0.088720961,KY370096.1_87_1277_1,TRUE,5.547389522,808,5.503029042,262.0540541,Rodent_associated,ncbi,Rodent,Rodent,Rodent_associated,Rodent_associated
2007,889,0.833590779,SRR3672741_4018_,TRUE,5.390161075,223,4.973365686,72.32432432,Sciurus_vulgaris_associated,novel,Rodent,Rodent,Sciurus_vulgaris_associated,Sciurus_vulgaris_associated
2194,1082,0.382743791,SRR8379619Score_260.622_,TRUE,2.975899523,4,2.784527628,1.297297297,Triturus_ivanbureschi_associated,novel,Salamander,Other,Triturus_ivanbureschi_associated,Triturus_ivanbureschi_associated
2194,1083,0.445188496,SRR8379619_65067_,TRUE,3.038344228,5,2.81574998,1.621621622,Triturus_ivanbureschi_associated,novel,Salamander,Other,Triturus_ivanbureschi_associated,Triturus_ivanbureschi_associated
2198,1088,0.289104399,BK066884.1_180_1280_1,TRUE,2.724635455,2,2.580083256,0.648648649,Ambystoma_mexicanum_associated,ncbi,Salamander,Other,Ambystoma_mexicanum_associated,Ambystoma_mexicanum_associated
2198,1089,0.419821742,SRR5042766_2243_,TRUE,2.855352798,3,2.645441927,0.972972973,Ambystoma_mexicanum_associated,novel,Salamander,Other,Ambystoma_mexicanum_associated,Ambystoma_mexicanum_associated
2197,1084,0.128615994,SRR24724859Score_266.687_,TRUE,3.105311917,8,3.04100392,2.594594595,Desmognathus_cheaha_associated,novel,Salamander,Other,Desmognathus_cheaha_associated,Desmognathus_cheaha_associated
2196,1086,0.107133353,SRR24724941_48294_,TRUE,2.917625701,7,2.864059024,2.27027027,Desmognathus_kanawha_associated,novel,Salamander,Other,Desmognathus_kanawha_associated,Desmognathus_kanawha_associated
2197,1085,0.164741368,SRR24725051_117114_,TRUE,3.141437291,9,3.059066607,2.918918919,Desmognathus_mavrokoilius_associated,novel,Salamander,Other,Desmognathus_mavrokoilius_associated,Desmognathus_mavrokoilius_associated
2195,1087,0.07533903,SRR24725051_232888_,TRUE,2.829716879,6,2.792047364,1.945945946,Desmognathus_mavrokoilius_associated,novel,Salamander,Other,Desmognathus_mavrokoilius_associated,Desmognathus_mavrokoilius_associated
1798,669,0.202287821,SRR14739427_12287_,TRUE,5.587031855,254,5.485887945,82.37837838,Spilogale_pygmaea_associated,novel,Skunk,Other,Spilogale_pygmaea_associated,Spilogale_pygmaea_associated
1831,704,0.381087375,MK443496.1_129_1322_1,TRUE,5.655844039,280,5.465300352,90.81081081,Tupaia_belangeri_associated,ncbi,Tree shrew,Other,Tupaia_belangeri_associated,Tupaia_belangeri_associated
2029,908,0.742397357,MK443497.1_75_1253_1,TRUE,5.550280682,207,5.179082003,67.13513514,Tupaia_belangeri_associated,ncbi,Tree shrew,Other,Tupaia_belangeri_associated,Tupaia_belangeri_associated
1244,119,0.240181205,MF327535.1_114_1295_1,TRUE,5.318043261,476,5.197952658,154.3783784,Omegapapillomavirus,ncbi,Ursine,Other,Ailuropoda_melanoleuca,Ailuropoda_melanoleuca_associated
1238,125,0.313843811,EF536349.1_108_1286_1,TRUE,5.179488056,467,5.022566151,151.4594595,Omegapapillomavirus,ncbi,Ursine,Other,Ursus_maritimus,Ursus_maritimus_associated
1269,138,0.734145686,SRR20985014_1849650_,TRUE,5.964683924,762,5.59761108,247.1351351,Ursus_americanus_associated,novel,Ursine,Other,Ursus_americanus_associated,Ursus_americanus_associated
1569,438,0.472079617,SRR7408270_4561_,TRUE,6.096611606,845,5.860571797,274.0540541,Ursus_arctos_associated,novel,Ursine,Other,Ursus_arctos_associated,Ursus_arctos_associated
1794,665,0.522120547,MZ357114.1_72_1259_1,TRUE,5.892960084,248,5.631899811,80.43243243,Ailuropoda_melanoleuca_associated,ncbi,Ursine,Other,Ailuropoda_melanoleuca_associated,Ailuropoda_melanoleuca_associated
1572,439,0.27451813,OR915591.1_66_1271_1,TRUE,5.707531315,847,5.57027225,274.7027027,Treisetapapillomavirus,ncbi,Feline,Feline,Caracal_caracal,Caracal_caracal_associated
1573,441,0.440415434,KF857586.1_96_1286_1,TRUE,6.128213858,849,5.908006141,275.3513514,Treisetapapillomavirus,ncbi,Vulpine,Other,Vulpes_vulpes,Vulpes_vulpes_associated
1570,443,0.441799881,OR915593.1_132_1340_1,TRUE,5.680401015,846,5.459501074,274.3783784,Treisetapapillomavirus,ncbi,Feline,Feline,Caracal_caracal,Caracal_caracal_associated
1810,679,0.157059225,SRR24465286_394658_,TRUE,6.009986013,263,5.931456401,85.2972973,Urocyon_cinereoargenteus_associated,novel,Vulpine,Other,Urocyon_cinereoargenteus_associated,Urocyon_cinereoargenteus_associated
1246,115,0.145098405,ERR10447056_1195580_,TRUE,5.794674529,477,5.722125326,154.7027027,Vulpes_lagopus_associated,novel,Vulpine,Other,Vulpes_lagopus_associated,Vulpes_lagopus_associated
1111,1111,0,,FALSE,0,22.07257725,0,7.158673701,NA,ncbi,,,NA,
1111,1112,1.256761627,100,FALSE,1.256761627,56.33687236,0.628380814,18.27141806,NA,ncbi,,,NA,
1112,1113,0.594419013,100,FALSE,1.85118064,73.76065879,1.553971133,23.92237582,NA,ncbi,,,NA,
1113,1114,0.417775328,100,FALSE,2.268955968,81.80256758,2.060068304,26.53056246,NA,ncbi,,,NA,
1114,1115,1.174519627,100,FALSE,3.443475595,92.60513516,2.856215781,30.03409789,NA,ncbi,,,NA,
1115,1116,0.093009639,41,FALSE,3.536485233,109.7180828,3.489980414,35.58424308,NA,ncbi,,,NA,
1116,1117,0.105735718,47,FALSE,3.642220951,118.9361656,3.589353092,38.57389156,NA,ncbi,,,NA,
1117,1118,0.393218821,100,FALSE,4.035439772,133.0754563,3.838830362,43.15960744,NA,ncbi,,,NA,
1118,1119,0.096188821,97,FALSE,4.131628593,150.5259125,4.083534183,48.81921487,NA,ncbi,,,NA,
1119,1120,0.059942339,80,FALSE,4.191570932,181.5518251,4.161599763,58.88167299,NA,ncbi,,,NA,
1120,1121,0.060868214,89,FALSE,4.252439146,229.9674197,4.222005039,74.584028,NA,ncbi,,,NA,
1121,1122,0.046318586,77,FALSE,4.298757732,285.2785893,4.275598439,92.52278572,NA,ncbi,,,NA,
1122,1123,0.024602825,23,FALSE,4.323360557,373.4795419,4.311059144,121.1285001,NA,ncbi,,,NA,
1123,1124,0.044862154,80,FALSE,4.36822271,506.5636065,4.345791633,164.2908994,NA,ncbi,,,NA,
1124,1125,0.015138758,26,FALSE,4.383361468,561.502213,4.375792089,182.1088258,NA,ncbi,,,NA,
1125,1126,0.0550951,88,FALSE,4.438456567,460.0444674,4.410909017,149.2036111,NA,ncbi,,,NA,
1126,1127,0.046906354,99,FALSE,4.485362921,464.5889349,4.461909744,150.6774924,NA,ncbi,,,NA,
1127,1128,0.241239796,100,FALSE,4.726602716,471.4278698,4.605982819,152.8955253,NA,ncbi,,,NA,
1128,1129,0.020875991,79,FALSE,4.747478707,481.2307396,4.737040712,156.0748345,NA,ncbi,,,NA,
1129,1130,0.036356497,85,FALSE,4.783835204,495.3989792,4.765656955,160.6699392,NA,ncbi,,,NA,
1130,1131,0.231966239,100,FALSE,5.015801443,504.7042084,4.899818323,163.6878514,NA,ncbi,,,NA,
1131,1132,0.184673642,100,FALSE,5.200475085,515.5334167,5.108138264,167.2000271,NA,ncbi,,,NA,
1132,1133,0.032487792,88,FALSE,5.232962877,532.0668335,5.216718981,172.5622163,NA,ncbi,,,NA,
1133,1134,0.061006846,91,FALSE,5.293969723,555.664917,5.2634663,180.2156488,NA,ncbi,,,NA,
1134,1135,0.130844217,100,FALSE,5.42481394,544.328125,5.359391832,176.5388514,NA,ncbi,,,NA,
1135,1136,0.121291217,100,FALSE,5.546105157,540.875,5.485459549,175.4189189,NA,ncbi,,,NA,
1136,1137,0.063874768,100,FALSE,5.609979925,541.75,5.578042541,175.7027027,NA,ncbi,,,NA,
1137,1138,0.164976094,100,FALSE,5.774956019,542.5,5.692467972,175.9459459,NA,ncbi,,,NA,
1135,1139,0.09024443,100,FALSE,5.51505837,547.78125,5.469936155,177.6587838,NA,ncbi,,,NA,
1139,1140,0.265204528,100,FALSE,5.780262898,550.8125,5.647660634,178.6418919,NA,ncbi,,,NA,
1140,1141,0.042815848,99,FALSE,5.823078747,553.6875,5.801670822,179.5743243,NA,ncbi,,,NA,
1141,1142,0.102032041,100,FALSE,5.925110788,554.875,5.874094767,179.9594595,NA,ncbi,,,NA,
1142,1143,0.07802759,100,FALSE,6.003138378,555.75,5.964124583,180.2432432,NA,ncbi,,,NA,
1143,1144,0.035052409,100,FALSE,6.038190787,556.5,6.020664583,180.4864865,NA,ncbi,,,NA,
1141,1145,0.093686788,100,FALSE,5.916765535,552.5,5.869922141,179.1891892,NA,ncbi,,,NA,
1140,1146,0.112146275,100,FALSE,5.892409173,547.9375,5.836336036,177.7094595,NA,ncbi,,,NA,
1146,1147,0.100901232,90,FALSE,5.993310405,548.875,5.942859789,178.0135135,NA,ncbi,,,NA,
1147,1148,0.11961445,90,FALSE,6.112924855,549.75,6.05311763,178.2972973,NA,ncbi,,,NA,
1148,1149,0.122657723,100,FALSE,6.235582577,550.5,6.174253716,178.5405405,NA,ncbi,,,NA,
1139,1150,0.336865504,100,FALSE,5.851923874,544.75,5.683491122,176.6756757,NA,ncbi,,,NA,
1150,1151,0.050747175,99,FALSE,5.902671049,545.5,5.877297461,176.9189189,NA,ncbi,,,NA,
1134,1152,0.071640147,98,FALSE,5.36560987,567.001709,5.329789797,183.8924462,NA,ncbi,,,NA,
1152,1153,0.071381756,98,FALSE,5.436991626,572.847168,5.401300748,185.7882707,NA,ncbi,,,NA,
1153,1154,0.121262945,90,FALSE,5.558254571,574.6943359,5.497623099,186.3873522,NA,ncbi,,,NA,
1154,1155,0.068663345,92,FALSE,5.626917915,577.3886719,5.592586243,187.2611909,NA,ncbi,,,NA,
1155,1156,0.20729979,96,FALSE,5.834217705,580.1523438,5.73056781,188.1575169,NA,ncbi,,,NA,
1156,1157,0.22691922,95,FALSE,6.061136925,582.3046875,5.947677315,188.8555743,NA,ncbi,,,NA,
1157,1158,0.032256597,79,FALSE,6.093393522,579.875,6.077265223,188.0675676,NA,ncbi,,,NA,
1158,1159,0.018510979,71,FALSE,6.1119045,580.75,6.102649011,188.3513514,NA,ncbi,,,NA,
1159,1160,0.046630402,76,FALSE,6.158534902,581.5,6.135219701,188.5945946,NA,ncbi,,,NA,
1157,1161,0.050873385,96,FALSE,6.11201031,584.734375,6.086573617,189.6435811,NA,ncbi,,,NA,
1161,1162,0.031595257,96,FALSE,6.143605567,585.96875,6.127807938,190.0439189,NA,ncbi,,,NA,
1162,1163,0.089537633,98,FALSE,6.2331432,586.9375,6.188374384,190.3581081,NA,ncbi,,,NA,
1163,1164,0.140886869,98,FALSE,6.374030069,587.875,6.303586635,190.6621622,NA,ncbi,,,NA,
1164,1165,0.028343349,98,FALSE,6.402373418,588.75,6.388201744,190.9459459,NA,ncbi,,,NA,
1165,1166,0.129756736,100,FALSE,6.532130154,589.5,6.467251786,191.1891892,NA,ncbi,,,NA,
1161,1167,0.103541891,100,FALSE,6.215552201,583.5,6.163781255,189.2432432,NA,ncbi,,,NA,
1155,1168,0.05969748,96,FALSE,5.686615396,574.625,5.656766656,186.3648649,NA,ncbi,,,NA,
1168,1169,0.242360232,99,FALSE,5.928975628,575.75,5.807795512,186.7297297,NA,ncbi,,,NA,
1169,1170,0.120093201,95,FALSE,6.049068828,576.5,5.989022228,186.972973,NA,ncbi,,,NA,
1168,1171,0.048292865,100,FALSE,5.734908261,573.5,5.710761828,186,NA,ncbi,,,NA,
1152,1172,0.070855855,95,FALSE,5.436465725,561.15625,5.401037798,181.9966216,NA,ncbi,,,NA,
1172,1173,0.138725455,100,FALSE,5.57519118,558.5,5.505828453,181.1351351,NA,ncbi,,,NA,
1172,1174,0.067752327,97,FALSE,5.504218053,563.8125,5.470341889,182.8581081,NA,ncbi,,,NA,
1174,1175,0.161376054,100,FALSE,5.665594106,560.9375,5.584906079,181.9256757,NA,ncbi,,,NA,
1175,1176,0.02584206,63,FALSE,5.691436166,561.875,5.678515136,182.2297297,NA,ncbi,,,NA,
1176,1177,0.046473887,95,FALSE,5.737910053,562.75,5.71467311,182.5135135,NA,ncbi,,,NA,
1177,1178,0.028706438,86,FALSE,5.766616491,563.5,5.752263272,182.7567568,NA,ncbi,,,NA,
1174,1179,0.328768479,100,FALSE,5.832986532,566.6875,5.668602292,183.7905405,NA,ncbi,,,NA,
1179,1180,0.084627011,99,FALSE,5.917613543,567.875,5.875300037,184.1756757,NA,ncbi,,,NA,
1180,1181,0.108652925,100,FALSE,6.026266467,568.75,5.971940005,184.4594595,NA,ncbi,,,NA,
1181,1182,0.073960229,100,FALSE,6.100226696,569.5,6.063246582,184.7027027,NA,ncbi,,,NA,
1179,1183,0.051410168,76,FALSE,5.8843967,565.5,5.858691616,183.4054054,NA,ncbi,,,NA,
1133,1184,0.040133429,87,FALSE,5.273096306,508.46875,5.253029591,164.9087838,NA,ncbi,,,NA,
1184,1185,0.199638773,100,FALSE,5.472735079,503.75,5.372915693,163.3783784,NA,ncbi,,,NA,
1185,1186,0.110921105,100,FALSE,5.583656184,504.5,5.528195632,163.6216216,NA,ncbi,,,NA,
1184,1187,0.02702176,28,FALSE,5.300118066,513.1875,5.286607186,166.4391892,NA,ncbi,,,NA,
1187,1188,0.048776927,95,FALSE,5.348894993,519.625,5.32450653,168.527027,NA,ncbi,,,NA,
1188,1189,0.121799803,98,FALSE,5.470694796,526.953125,5.409794895,170.9037162,NA,ncbi,,,NA,
1189,1190,0.044945228,23,FALSE,5.515640025,531.03125,5.49316741,172.2263514,NA,ncbi,,,NA,
1190,1191,0.050842813,26,FALSE,5.566482837,527.34375,5.541061431,171.0304054,NA,ncbi,,,NA,
1191,1192,0.153382571,99,FALSE,5.719865408,528.6875,5.643174123,171.4662162,NA,ncbi,,,NA,
1192,1193,0.141323913,100,FALSE,5.861189321,527.5,5.790527365,171.0810811,NA,ncbi,,,NA,
1192,1194,0.034720357,99,FALSE,5.754585765,529.875,5.737225587,171.8513514,NA,ncbi,,,NA,
1194,1195,0.060657068,99,FALSE,5.815242833,530.75,5.784914299,172.1351351,NA,ncbi,,,NA,
1195,1196,0.069754855,99,FALSE,5.884997688,531.5,5.85012026,172.3783784,NA,ncbi,,,NA,
1190,1197,0.046750293,94,FALSE,5.562390318,534.71875,5.539015171,173.4222973,NA,ncbi,,,NA,
1197,1198,0.055824319,100,FALSE,5.618214637,533.5,5.590302478,173.027027,NA,ncbi,,,NA,
1197,1199,0.227182466,100,FALSE,5.789572784,535.9375,5.675981551,173.8175676,NA,ncbi,,,NA,
1199,1200,0.153200842,100,FALSE,5.942773626,536.875,5.866173205,174.1216216,NA,ncbi,,,NA,
1200,1201,0.147312182,100,FALSE,6.090085808,537.75,6.016429717,174.4054054,NA,ncbi,,,NA,
1201,1202,0.30165895,100,FALSE,6.391744758,538.5,6.240915283,174.6486486,NA,ncbi,,,NA,
1189,1203,0.028301344,38,FALSE,5.498996141,522.875,5.484845468,169.5810811,NA,ncbi,,,NA,
1203,1204,0.110245661,98,FALSE,5.609241801,523.75,5.554118971,169.8648649,NA,ncbi,,,NA,
1204,1205,0.169657603,100,FALSE,5.778899404,524.5,5.694070603,170.1081081,NA,ncbi,,,NA,
1188,1206,0.062554535,100,FALSE,5.411449528,512.296875,5.380172261,166.1503378,NA,ncbi,,,NA,
1206,1207,0.123117115,100,FALSE,5.534566643,514.84375,5.473008085,166.9763514,NA,ncbi,,,NA,
1207,1208,0.024158161,95,FALSE,5.558724804,517.1875,5.546645723,167.7364865,NA,ncbi,,,NA,
1208,1209,0.019807223,91,FALSE,5.578532026,514.875,5.568628415,166.9864865,NA,ncbi,,,NA,
1209,1210,0.038370581,92,FALSE,5.616902607,515.75,5.597717317,167.2702703,NA,ncbi,,,NA,
1210,1211,0.041664159,99,FALSE,5.658566766,516.5,5.637734687,167.5135135,NA,ncbi,,,NA,
1208,1212,0.037043788,97,FALSE,5.595768591,519.5,5.577246698,168.4864865,NA,ncbi,,,NA,
1212,1213,0.025595312,100,FALSE,5.621363903,518.5,5.608566247,168.1621622,NA,ncbi,,,NA,
1212,1214,0.019459211,97,FALSE,5.615227802,520.5,5.605498197,168.8108108,NA,ncbi,,,NA,
1207,1215,0.114063245,100,FALSE,5.648629888,512.5,5.591598266,166.2162162,NA,ncbi,,,NA,
1206,1216,0.124063673,100,FALSE,5.535513201,509.75,5.473481364,165.3243243,NA,ncbi,,,NA,
1216,1217,0.274170999,100,FALSE,5.8096842,510.5,5.672598701,165.5675676,NA,ncbi,,,NA,
1187,1218,0.272467946,100,FALSE,5.572586012,506.75,5.436352039,164.3513514,NA,ncbi,,,NA,
1218,1219,0.082878098,81,FALSE,5.65546411,507.5,5.614025061,164.5945946,NA,ncbi,,,NA,
1132,1220,0.29781543,100,FALSE,5.498290514,499,5.349382799,161.8378378,NA,ncbi,,,NA,
1220,1221,0.074361513,100,FALSE,5.572652027,500.5,5.535471271,162.3243243,NA,ncbi,,,NA,
1221,1222,0.046942593,100,FALSE,5.61959462,499.5,5.596123324,162,NA,ncbi,,,NA,
1221,1223,0.053390834,100,FALSE,5.626042861,501.5,5.599347444,162.6486486,NA,ncbi,,,NA,
1220,1224,0.102833782,100,FALSE,5.601124296,497.5,5.549707405,161.3513514,NA,ncbi,,,NA,
1131,1225,0.145798845,100,FALSE,5.161600288,493.875,5.088700865,160.1756757,NA,ncbi,,,NA,
1225,1226,0.075913262,99,FALSE,5.237513549,494.75,5.199556918,160.4594595,NA,ncbi,,,NA,
1226,1227,0.072462506,100,FALSE,5.309976055,495.5,5.273744802,160.7027027,NA,ncbi,,,NA,
1130,1228,0.097987417,100,FALSE,4.88182262,486.09375,4.832828912,157.652027,NA,ncbi,,,NA,
1228,1229,0.064965328,98,FALSE,4.946787948,483.875,4.914305284,156.9324324,NA,ncbi,,,NA,
1229,1230,0.056384212,79,FALSE,5.003172159,484.75,4.974980053,157.2162162,NA,ncbi,,,NA,
1230,1231,0.286569182,100,FALSE,5.289741341,485.5,5.14645675,157.4594595,NA,ncbi,,,NA,
1228,1232,0.218670938,100,FALSE,5.100493559,488.3125,4.991158089,158.3716216,NA,ncbi,,,NA,
1232,1233,0.028719657,61,FALSE,5.129213216,489.625,5.114853387,158.7972973,NA,ncbi,,,NA,
1233,1234,0.161513329,100,FALSE,5.290726545,490.75,5.20996988,159.1621622,NA,ncbi,,,NA,
1234,1235,0.058002064,100,FALSE,5.348728609,491.5,5.319727577,159.4054054,NA,ncbi,,,NA,
1233,1236,0.21999498,100,FALSE,5.349208195,488.5,5.239210705,158.4324324,NA,ncbi,,,NA,
1129,1237,0.050619899,90,FALSE,4.798098606,467.0625,4.772788656,151.4797297,NA,ncbi,,,NA,
1237,1238,0.067545639,95,FALSE,4.865644245,468.625,4.831871426,151.9864865,NA,ncbi,,,NA,
1238,1239,0.061178253,96,FALSE,4.926822499,470.25,4.896233372,152.5135135,NA,ncbi,,,NA,
1239,1240,0.058303619,99,FALSE,4.985126118,472.5,4.955974308,153.2432432,NA,ncbi,,,NA,
1240,1241,0.172227547,100,FALSE,5.157353664,469.75,5.071239891,152.3513514,NA,ncbi,,,NA,
1241,1242,0.392063618,100,FALSE,5.549417283,470.5,5.353385474,152.5945946,NA,ncbi,,,NA,
1240,1243,0.055544511,86,FALSE,5.040670629,475.25,5.012898373,154.1351351,NA,ncbi,,,NA,
1243,1244,0.037191427,80,FALSE,5.077862056,477.625,5.059266342,154.9054054,NA,ncbi,,,NA,
1244,1245,0.482250998,100,FALSE,5.560113053,479.25,5.318987554,155.4324324,NA,ncbi,,,NA,
1245,1246,0.089463071,100,FALSE,5.649576124,477.75,5.604844588,154.9459459,NA,ncbi,,,NA,
1246,1247,0.103520118,100,FALSE,5.753096242,478.5,5.701336183,155.1891892,NA,ncbi,,,NA,
1245,1248,0.135377874,100,FALSE,5.695490927,480.75,5.62780199,155.9189189,NA,ncbi,,,NA,
1248,1249,0.054138455,90,FALSE,5.749629382,481.5,5.722560154,156.1621622,NA,ncbi,,,NA,
1243,1250,0.202292166,100,FALSE,5.242962795,472.875,5.141816712,153.3648649,NA,ncbi,,,NA,
1250,1251,0.063191178,96,FALSE,5.306153973,473.75,5.274558384,153.6486486,NA,ncbi,,,NA,
1251,1252,0.200245004,100,FALSE,5.506398977,474.5,5.406276475,153.8918919,NA,ncbi,,,NA,
1237,1253,0.326465189,100,FALSE,5.124563795,465.5,4.961331201,150.972973,NA,ncbi,,,NA,
1128,1254,0.059360796,99,FALSE,4.785963513,461.625,4.756283115,149.7162162,NA,ncbi,,,NA,
1254,1255,0.169440124,100,FALSE,4.955403636,462.75,4.870683575,150.0810811,NA,ncbi,,,NA,
1255,1256,0.12666636,100,FALSE,5.082069997,463.5,5.018736817,150.3243243,NA,ncbi,,,NA,
1254,1257,0.147742676,100,FALSE,4.933706188,460.5,4.859834851,149.3513514,NA,ncbi,,,NA,
1127,1258,0.561400871,100,FALSE,5.046763791,457.75,4.766063356,148.4594595,NA,ncbi,,,NA,
1258,1259,0.130701246,100,FALSE,5.177465037,458.5,5.112114414,148.7027027,NA,ncbi,,,NA,
1126,1260,0.450393045,100,FALSE,4.888849612,455.5,4.663653089,147.7297297,NA,ncbi,,,NA,
1125,1261,0.19215668,100,FALSE,4.575518147,662.9599585,4.479439807,215.0140406,NA,ncbi,,,NA,
1261,1262,0.095859981,99,FALSE,4.671378128,714.8308362,4.623448137,231.837028,NA,ncbi,,,NA,
1262,1263,0.028521838,95,FALSE,4.699899966,753.9868143,4.685639047,244.5362641,NA,ncbi,,,NA,
1263,1264,0.072810629,99,FALSE,4.772710594,766.0986286,4.73630528,248.4644201,NA,ncbi,,,NA,
1264,1265,0.019563492,81,FALSE,4.792274086,785.3222571,4.78249234,254.6991104,NA,ncbi,,,NA,
1265,1266,0.219859669,100,FALSE,5.012133755,760.5510254,4.902203921,246.6651974,NA,ncbi,,,NA,
1266,1267,0.114775368,99,FALSE,5.126909123,764.4145508,5.069521439,247.9182327,NA,ncbi,,,NA,
1267,1268,0.046522085,58,FALSE,5.173431208,767.8291016,5.150170165,249.0256546,NA,ncbi,,,NA,
1268,1269,0.05710703,48,FALSE,5.230538237,762.9375,5.201984722,247.4391892,NA,ncbi,,,NA,
1269,1270,0.05100401,53,FALSE,5.281542247,763.875,5.256040242,247.7432432,NA,ncbi,,,NA,
1270,1271,0.12167142,100,FALSE,5.403213667,764.75,5.342377957,248.027027,NA,ncbi,,,NA,
1271,1272,0.179150879,100,FALSE,5.582364546,765.5,5.492789106,248.2702703,NA,ncbi,,,NA,
1268,1273,0.064879104,56,FALSE,5.238310311,772.7207031,5.205870759,250.6121199,NA,ncbi,,,NA,
1273,1274,0.305517502,100,FALSE,5.543827814,776.1914063,5.391069062,251.7377534,NA,ncbi,,,NA,
1274,1275,0.084115739,91,FALSE,5.627943553,779.3828125,5.585885683,252.7728041,NA,ncbi,,,NA,
1275,1276,0.039604118,100,FALSE,5.66754767,783.828125,5.647745611,254.214527,NA,ncbi,,,NA,
1276,1277,0.069393489,100,FALSE,5.736941159,787.03125,5.702244415,255.2533784,NA,ncbi,,,NA,
1277,1278,0.046036766,51,FALSE,5.782977926,789.3125,5.759959542,255.9932432,NA,ncbi,,,NA,
1278,1279,0.132327447,100,FALSE,5.915305372,790.875,5.849141649,256.5,NA,ncbi,,,NA,
1279,1280,0.095681974,100,FALSE,6.010987346,791.75,5.963146359,256.7837838,NA,ncbi,,,NA,
1280,1281,0.11926503,100,FALSE,6.130252377,792.5,6.070619862,257.027027,NA,ncbi,,,NA,
1278,1282,0.114079625,100,FALSE,5.897057551,787.75,5.840017738,255.4864865,NA,ncbi,,,NA,
1282,1283,0.061957495,100,FALSE,5.959015046,788.5,5.928036298,255.7297297,NA,ncbi,,,NA,
1277,1284,0.197965488,100,FALSE,5.934906647,784.75,5.835923903,254.5135135,NA,ncbi,,,NA,
1284,1285,0.060097846,100,FALSE,5.995004493,785.5,5.96495557,254.7567568,NA,ncbi,,,NA,
1276,1286,0.160195303,100,FALSE,5.827742973,780.625,5.747645322,253.1756757,NA,ncbi,,,NA,
1286,1287,0.067977091,100,FALSE,5.895720065,779.5,5.861731519,252.8108108,NA,ncbi,,,NA,
1286,1288,0.0725343,100,FALSE,5.900277273,781.75,5.864010123,253.5405405,NA,ncbi,,,NA,
1288,1289,0.112503753,100,FALSE,6.012781026,782.5,5.956529149,253.7837838,NA,ncbi,,,NA,
1275,1290,0.156202819,100,FALSE,5.784146371,774.9375,5.706044962,251.3310811,NA,ncbi,,,NA,
1290,1291,0.078731199,83,FALSE,5.86287757,775.875,5.823511971,251.6351351,NA,ncbi,,,NA,
1291,1292,0.042600975,83,FALSE,5.905478545,776.75,5.884178058,251.9189189,NA,ncbi,,,NA,
1292,1293,0.227153229,100,FALSE,6.132631774,777.5,6.01905516,252.1621622,NA,ncbi,,,NA,
1273,1294,0.407931513,100,FALSE,5.646241824,769.25,5.442276068,249.4864865,NA,ncbi,,,NA,
1294,1295,0.136669731,100,FALSE,5.782911555,767.75,5.714576689,249,NA,ncbi,,,NA,
1295,1296,0.059042529,99,FALSE,5.841954084,768.5,5.812432819,249.2432432,NA,ncbi,,,NA,
1294,1297,0.173563911,99,FALSE,5.819805735,770.75,5.73302378,249.972973,NA,ncbi,,,NA,
1297,1298,0.051783295,95,FALSE,5.87158903,771.5,5.845697383,250.2162162,NA,ncbi,,,NA,
1266,1299,0.165417085,100,FALSE,5.17755084,756.6875,5.094842298,245.4121622,NA,ncbi,,,NA,
1299,1300,0.23628257,100,FALSE,5.41383341,755.5,5.295692125,245.027027,NA,ncbi,,,NA,
1299,1301,0.301284924,100,FALSE,5.478835764,757.875,5.328193302,245.7972973,NA,ncbi,,,NA,
1301,1302,0.126310676,100,FALSE,5.60514644,758.75,5.541991102,246.0810811,NA,ncbi,,,NA,
1302,1303,0.507180987,100,FALSE,6.112327427,759.5,5.858736933,246.3243243,NA,ncbi,,,NA,
1265,1304,0.093971212,90,FALSE,4.886245298,810.0934889,4.839259692,262.7330234,NA,ncbi,,,NA,
1304,1305,0.049513971,93,FALSE,4.935759268,824.237759,4.911002283,267.3203543,NA,ncbi,,,NA,
1305,1306,0.063058538,97,FALSE,4.998817806,837.850518,4.967288537,271.7353031,NA,ncbi,,,NA,
1306,1307,0.050647272,95,FALSE,5.049465078,855.1336532,5.024141442,277.3406443,NA,ncbi,,,NA,
1307,1308,0.120558878,82,FALSE,5.170023956,866.0798063,5.109744517,280.890748,NA,ncbi,,,NA,
1308,1309,0.093722827,82,FALSE,5.263746783,879.8471127,5.216885369,285.3558203,NA,ncbi,,,NA,
1309,1310,0.093008717,82,FALSE,5.3567555,900.2567253,5.310251141,291.9751542,NA,ncbi,,,NA,
1310,1311,0.052907576,72,FALSE,5.409663076,930.2751694,5.383209288,301.7108657,NA,ncbi,,,NA,
1311,1312,0.042515843,39,FALSE,5.452178919,972.4062958,5.430920998,315.3750148,NA,ncbi,,,NA,
1312,1313,0.068438797,29,FALSE,5.520617716,934.9008789,5.486398318,303.2110959,NA,ncbi,,,NA,
1313,1314,0.21984168,100,FALSE,5.740459396,949.8291016,5.630538556,308.0526816,NA,ncbi,,,NA,
1314,1315,0.086380205,94,FALSE,5.826839601,958.4472656,5.783649498,310.8477618,NA,ncbi,,,NA,
1315,1316,0.053296252,48,FALSE,5.880135853,954.5,5.853487727,309.5675676,NA,ncbi,,,NA,
1316,1317,0.147947458,100,FALSE,6.02808331,952.5,5.954109582,308.9189189,NA,ncbi,,,NA,
1317,1318,0.137667381,100,FALSE,6.165750691,951.5,6.096917001,308.5945946,NA,ncbi,,,NA,
1317,1319,0.173340074,100,FALSE,6.201423384,953.5,6.114753347,309.2432432,NA,ncbi,,,NA,
1316,1320,0.143625553,99,FALSE,6.023761406,956.5,5.951948629,310.2162162,NA,ncbi,,,NA,
1320,1321,0.220204855,100,FALSE,6.243966261,955.5,6.133863834,309.8918919,NA,ncbi,,,NA,
1320,1322,0.193142355,100,FALSE,6.216903761,957.5,6.120332583,310.5405405,NA,ncbi,,,NA,
1315,1323,0.034339574,44,FALSE,5.861179175,962.3945313,5.844009388,312.1279561,NA,ncbi,,,NA,
1323,1324,0.034621238,58,FALSE,5.895800413,965.7890625,5.878489794,313.2288851,NA,ncbi,,,NA,
1324,1325,0.122110797,97,FALSE,6.01791121,970.078125,5.956855812,314.6199324,NA,ncbi,,,NA,
1325,1326,0.254459514,100,FALSE,6.272370724,973.53125,6.145140967,315.7398649,NA,ncbi,,,NA,
1326,1327,0.160252721,100,FALSE,6.432623444,975.3125,6.352497084,316.3175676,NA,ncbi,,,NA,
1327,1328,0.017931869,22,FALSE,6.450555314,976.625,6.441589379,316.7432432,NA,ncbi,,,NA,
1328,1329,0.086580296,100,FALSE,6.53713561,977.75,6.493845462,317.1081081,NA,ncbi,,,NA,
1329,1330,0.144700528,100,FALSE,6.681836138,978.5,6.609485874,317.3513514,NA,ncbi,,,NA,
1328,1331,0.067519641,100,FALSE,6.518074955,975.5,6.484315134,316.3783784,NA,ncbi,,,NA,
1326,1332,0.195284311,100,FALSE,6.467655035,971.75,6.370012879,315.1621622,NA,ncbi,,,NA,
1332,1333,0.02917756,99,FALSE,6.496832595,972.5,6.482243815,315.4054054,NA,ncbi,,,NA,
1325,1334,0.073931278,82,FALSE,6.091842488,966.625,6.054876849,313.5,NA,ncbi,,,NA,
1334,1335,0.031114957,82,FALSE,6.122957445,964.75,6.107399966,312.8918919,NA,ncbi,,,NA,
1335,1336,0.124423074,100,FALSE,6.247380519,965.5,6.185168982,313.1351351,NA,ncbi,,,NA,
1334,1337,0.077814556,100,FALSE,6.169657044,968.5,6.130749766,314.1081081,NA,ncbi,,,NA,
1337,1338,0.066916275,100,FALSE,6.236573319,967.5,6.203115182,313.7837838,NA,ncbi,,,NA,
1337,1339,0.060589607,100,FALSE,6.230246651,969.5,6.199951848,314.4324324,NA,ncbi,,,NA,
1324,1340,0.086348765,100,FALSE,5.982149179,961.5,5.938974796,311.8378378,NA,ncbi,,,NA,
1340,1341,0.186927331,100,FALSE,6.16907651,960.5,6.075612844,311.5135135,NA,ncbi,,,NA,
1340,1342,0.180960935,100,FALSE,6.163110113,962.5,6.072629646,312.1621622,NA,ncbi,,,NA,
1314,1343,0.348262252,100,FALSE,6.088721647,941.2109375,5.914590522,305.2576014,NA,ncbi,,,NA,
1343,1344,0.09016226,100,FALSE,6.178883907,938.0625,6.133802777,304.2364865,NA,ncbi,,,NA,
1344,1345,0.226595323,100,FALSE,6.40547923,936.5,6.292181569,303.7297297,NA,ncbi,,,NA,
1344,1346,0.065065682,100,FALSE,6.243949589,939.625,6.211416748,304.7432432,NA,ncbi,,,NA,
1346,1347,0.254563682,100,FALSE,6.498513271,938.5,6.37123143,304.3783784,NA,ncbi,,,NA,
1346,1348,0.077352981,100,FALSE,6.32130257,940.75,6.282626079,305.1081081,NA,ncbi,,,NA,
1348,1349,0.068299746,100,FALSE,6.389602316,941.5,6.355452443,305.3513514,NA,ncbi,,,NA,
1343,1350,0.148375808,98,FALSE,6.237097455,944.359375,6.162909551,306.2787162,NA,ncbi,,,NA,
1350,1351,0.044369776,98,FALSE,6.281467231,945.71875,6.259282343,306.7195946,NA,ncbi,,,NA,
1351,1352,0.049047371,100,FALSE,6.330514603,946.9375,6.305990917,307.1148649,NA,ncbi,,,NA,
1352,1353,0.042300823,100,FALSE,6.372815426,947.875,6.351665014,307.4189189,NA,ncbi,,,NA,
1353,1354,0.065252685,100,FALSE,6.438068111,948.75,6.405441768,307.7027027,NA,ncbi,,,NA,
1354,1355,0.08110793,100,FALSE,6.51917604,949.5,6.478622076,307.9459459,NA,ncbi,,,NA,
1351,1356,0.060831406,98,FALSE,6.342298637,944.5,6.311882934,306.3243243,NA,ncbi,,,NA,
1313,1357,0.205778671,100,FALSE,5.726396388,919.9726563,5.623507052,298.3695101,NA,ncbi,,,NA,
1357,1358,0.276231788,100,FALSE,6.002628176,925.2265625,5.864512282,300.0734797,NA,ncbi,,,NA,
1358,1359,0.115580753,100,FALSE,6.118208929,928.453125,6.060418552,301.1199324,NA,ncbi,,,NA,
1359,1360,0.134369301,100,FALSE,6.25257823,930.15625,6.185393579,301.6722973,NA,ncbi,,,NA,
1360,1361,0.079085278,99,FALSE,6.331663507,931.3125,6.292120868,302.0472973,NA,ncbi,,,NA,
1361,1362,0.084693622,100,FALSE,6.41635713,932.625,6.374010319,302.472973,NA,ncbi,,,NA,
1362,1363,0.057555215,100,FALSE,6.473912345,931.5,6.445134737,302.1081081,NA,ncbi,,,NA,
1362,1364,0.03273605,100,FALSE,6.44909318,933.75,6.432725155,302.8378378,NA,ncbi,,,NA,
1364,1365,0.031150084,98,FALSE,6.480243264,934.5,6.464668222,303.0810811,NA,ncbi,,,NA,
1359,1366,0.086997234,100,FALSE,6.205206163,926.75,6.161707546,300.5675676,NA,ncbi,,,NA,
1366,1367,0.110533153,100,FALSE,6.315739316,927.5,6.260472739,300.8108108,NA,ncbi,,,NA,
1358,1368,0.18509013,100,FALSE,6.187718305,922,6.09517324,299.027027,NA,ncbi,,,NA,
1368,1369,0.074854869,100,FALSE,6.262573174,923.5,6.22514574,299.5135135,NA,ncbi,,,NA,
1369,1370,0.09499896,100,FALSE,6.357572134,922.5,6.310072654,299.1891892,NA,ncbi,,,NA,
1369,1371,0.055251042,100,FALSE,6.317824216,924.5,6.290198695,299.8378378,NA,ncbi,,,NA,
1368,1372,0.12480664,100,FALSE,6.312524945,920.5,6.250121625,298.5405405,NA,ncbi,,,NA,
1357,1373,0.233823936,100,FALSE,5.960220324,914.71875,5.843308356,296.6655405,NA,ncbi,,,NA,
1373,1374,0.061698895,99,FALSE,6.021919219,915.9375,5.991069771,297.0608108,NA,ncbi,,,NA,
1374,1375,0.325526715,100,FALSE,6.347445934,916.875,6.184682577,297.3648649,NA,ncbi,,,NA,
1375,1376,0.026701541,83,FALSE,6.374147476,917.75,6.360796705,297.6486486,NA,ncbi,,,NA,
1376,1377,0.11990116,100,FALSE,6.494048636,918.5,6.434098056,297.8918919,NA,ncbi,,,NA,
1373,1378,0.179118071,100,FALSE,6.139338395,913.5,6.049779359,296.2702703,NA,ncbi,,,NA,
1312,1379,0.014586878,21,FALSE,5.466765797,1009.911713,5.459472358,327.5389338,NA,ncbi,,,NA,
1379,1380,0.034723982,80,FALSE,5.501489779,1035.733582,5.484127788,335.913594,NA,ncbi,,,NA,
1380,1381,0.176575926,100,FALSE,5.678065705,1058.358521,5.589777742,343.2514121,NA,ncbi,,,NA,
1381,1382,0.132449172,87,FALSE,5.810514877,1062.467041,5.744290291,344.5839052,NA,ncbi,,,NA,
1382,1383,0.146077076,100,FALSE,5.956591954,1066.184082,5.883553415,345.789432,NA,ncbi,,,NA,
1383,1384,0.164227975,100,FALSE,6.120819929,1071.368164,6.038705941,347.4707559,NA,ncbi,,,NA,
1384,1385,0.04407212,8,FALSE,6.164892048,1080.736328,6.142855988,350.5090794,NA,ncbi,,,NA,
1385,1386,0.079786477,99,FALSE,6.244678525,1068.847656,6.204785287,346.6532939,NA,ncbi,,,NA,
1386,1387,0.169639307,100,FALSE,6.414317832,1064.3125,6.329498179,345.1824324,NA,ncbi,,,NA,
1387,1388,0.068932647,100,FALSE,6.483250479,1065.625,6.448784156,345.6081081,NA,ncbi,,,NA,
1388,1389,0.086326579,100,FALSE,6.569577058,1064.5,6.526413768,345.2432432,NA,ncbi,,,NA,
1388,1390,0.090683286,100,FALSE,6.573933766,1066.75,6.528592122,345.972973,NA,ncbi,,,NA,
1390,1391,0.040254104,100,FALSE,6.61418787,1067.5,6.594060818,346.2162162,NA,ncbi,,,NA,
1386,1392,0.130740966,100,FALSE,6.375419492,1073.382813,6.310049008,348.1241554,NA,ncbi,,,NA,
1392,1393,0.082974733,96,FALSE,6.458394224,1076.140625,6.416906858,349.0185811,NA,ncbi,,,NA,
1393,1394,0.12081769,100,FALSE,6.579211914,1078.28125,6.518803069,349.7128378,NA,ncbi,,,NA,
1394,1395,0.079230009,82,FALSE,6.658441923,1080.6875,6.618826919,350.4932432,NA,ncbi,,,NA,
1395,1396,0.09041484,82,FALSE,6.748856764,1079.5,6.703649343,350.1081081,NA,ncbi,,,NA,
1395,1397,0.063511882,89,FALSE,6.721953805,1081.875,6.690197864,350.8783784,NA,ncbi,,,NA,
1397,1398,0.091879406,99,FALSE,6.813833211,1082.75,6.767893508,351.1621622,NA,ncbi,,,NA,
1398,1399,0.034108807,40,FALSE,6.847942018,1083.5,6.830887614,351.4054054,NA,ncbi,,,NA,
1394,1400,0.024065731,76,FALSE,6.603277646,1075.875,6.59124478,348.9324324,NA,ncbi,,,NA,
1400,1401,0.106510963,83,FALSE,6.709788609,1076.75,6.656533127,349.2162162,NA,ncbi,,,NA,
1401,1402,0.081647801,97,FALSE,6.79143641,1077.5,6.75061251,349.4594595,NA,ncbi,,,NA,
1392,1403,0.12306523,100,FALSE,6.498484722,1070.625,6.436952107,347.2297297,NA,ncbi,,,NA,
1403,1404,0.076440832,100,FALSE,6.574925554,1071.75,6.536705138,347.5945946,NA,ncbi,,,NA,
1404,1405,0.03828774,100,FALSE,6.613213293,1072.5,6.594069423,347.8378378,NA,ncbi,,,NA,
1403,1406,0.079635667,100,FALSE,6.578120389,1069.5,6.538302555,346.8648649,NA,ncbi,,,NA,
1385,1407,0.154208432,100,FALSE,6.31910048,1092.625,6.241996264,354.3648649,NA,ncbi,,,NA,
1407,1408,0.067318456,100,FALSE,6.386418936,1086.6875,6.352759708,352.4391892,NA,ncbi,,,NA,
1408,1409,0.06441878,100,FALSE,6.450837716,1085.5,6.418628326,352.0540541,NA,ncbi,,,NA,
1408,1410,0.134217709,100,FALSE,6.520636645,1087.875,6.453527791,352.8243243,NA,ncbi,,,NA,
1410,1411,0.092314298,100,FALSE,6.612950943,1088.75,6.566793794,353.1081081,NA,ncbi,,,NA,
1411,1412,0.058900998,100,FALSE,6.671851941,1089.5,6.642401442,353.3513514,NA,ncbi,,,NA,
1407,1413,0.124065295,100,FALSE,6.443165775,1098.5625,6.381133128,356.2905405,NA,ncbi,,,NA,
1413,1414,0.065215134,100,FALSE,6.508380909,1093.28125,6.475773342,354.5777027,NA,ncbi,,,NA,
1414,1415,0.122277054,100,FALSE,6.630657963,1095.5625,6.569519436,355.3175676,NA,ncbi,,,NA,
1415,1416,0.044860731,100,FALSE,6.675518694,1093.5,6.653088329,354.6486486,NA,ncbi,,,NA,
1416,1417,0.063800501,100,FALSE,6.739319196,1092.5,6.707418945,354.3243243,NA,ncbi,,,NA,
1416,1418,0.086016335,100,FALSE,6.761535029,1094.5,6.718526862,354.972973,NA,ncbi,,,NA,
1415,1419,0.056080075,100,FALSE,6.686738038,1097.625,6.658698,355.9864865,NA,ncbi,,,NA,
1419,1420,0.037858563,100,FALSE,6.7245966,1098.75,6.705667319,356.3513514,NA,ncbi,,,NA,
1420,1421,0.039511004,100,FALSE,6.764107605,1099.5,6.744352102,356.5945946,NA,ncbi,,,NA,
1419,1422,0.03435801,100,FALSE,6.721096048,1096.5,6.703917043,355.6216216,NA,ncbi,,,NA,
1413,1423,0.058941648,87,FALSE,6.502107424,1103.84375,6.4726366,358.0033784,NA,ncbi,,,NA,
1423,1424,0.023516754,87,FALSE,6.525624177,1106.1875,6.513865801,358.7635135,NA,ncbi,,,NA,
1424,1425,0.119829145,100,FALSE,6.645453322,1103.875,6.58553875,358.0135135,NA,ncbi,,,NA,
1425,1426,0.022050904,90,FALSE,6.667504226,1104.75,6.656478774,358.2972973,NA,ncbi,,,NA,
1426,1427,0.061669263,94,FALSE,6.729173489,1105.5,6.698338858,358.5405405,NA,ncbi,,,NA,
1424,1428,0.109444597,100,FALSE,6.635068775,1108.5,6.580346476,359.5135135,NA,ncbi,,,NA,
1428,1429,0.0696443,100,FALSE,6.704713075,1107.5,6.669890925,359.1891892,NA,ncbi,,,NA,
1428,1430,0.04459594,98,FALSE,6.679664714,1109.5,6.657366744,359.8378378,NA,ncbi,,,NA,
1423,1431,0.086569134,100,FALSE,6.588676558,1101.5,6.545391991,357.2432432,NA,ncbi,,,NA,
1382,1432,0.460311418,100,FALSE,6.270826295,1058.75,6.040670586,343.3783784,NA,ncbi,,,NA,
1432,1433,0.093388422,100,FALSE,6.364214717,1059.5,6.317520506,343.6216216,NA,ncbi,,,NA,
1381,1434,0.088711687,20,FALSE,5.766777393,1054.25,5.722421549,341.9189189,NA,ncbi,,,NA,
1434,1435,0.046027542,7,FALSE,5.812804935,1055.5,5.789791164,342.3243243,NA,ncbi,,,NA,
1435,1436,0.40241463,100,FALSE,6.215219565,1054.5,6.01401225,342,NA,ncbi,,,NA,
1435,1437,0.422597593,100,FALSE,6.235402528,1056.5,6.024103731,342.6486486,NA,ncbi,,,NA,
1380,1438,0.120925252,86,FALSE,5.622415031,1013.108643,5.561952405,328.575776,NA,ncbi,,,NA,
1438,1439,0.256793605,100,FALSE,5.879208635,1022.529785,5.750811833,331.6312817,NA,ncbi,,,NA,
1439,1440,0.10079881,79,FALSE,5.980007445,1015.5,5.92960804,329.3513514,NA,ncbi,,,NA,
1440,1441,0.033147099,79,FALSE,6.013154544,1012.3125,5.996580995,328.3175676,NA,ncbi,,,NA,
1441,1442,0.100910683,100,FALSE,6.114065227,1013.625,6.063609886,328.7432432,NA,ncbi,,,NA,
1442,1443,0.173581477,100,FALSE,6.287646705,1014.75,6.200855966,329.1081081,NA,ncbi,,,NA,
1443,1444,0.101119132,100,FALSE,6.388765837,1015.5,6.338206271,329.3513514,NA,ncbi,,,NA,
1442,1445,0.167139852,100,FALSE,6.28120508,1012.5,6.197635153,328.3783784,NA,ncbi,,,NA,
1440,1446,0.075116909,86,FALSE,6.055124354,1018.6875,6.017565899,330.3851351,NA,ncbi,,,NA,
1446,1447,0.12372209,100,FALSE,6.178846444,1019.875,6.116985399,330.7702703,NA,ncbi,,,NA,
1447,1448,0.057737684,100,FALSE,6.236584127,1020.75,6.207715285,331.0540541,NA,ncbi,,,NA,
1448,1449,0.089239985,100,FALSE,6.325824112,1021.5,6.281204119,331.2972973,NA,ncbi,,,NA,
1446,1450,0.172987826,100,FALSE,6.228112179,1017.5,6.141618267,330,NA,ncbi,,,NA,
1439,1451,0.16619546,93,FALSE,6.045404095,1029.55957,5.962306365,333.911212,NA,ncbi,,,NA,
1451,1452,0.164546258,100,FALSE,6.209950354,1035.134766,6.127677224,335.7193834,NA,ncbi,,,NA,
1452,1453,0.064605648,98,FALSE,6.274556001,1039.519531,6.242253177,337.1414696,NA,ncbi,,,NA,
1453,1454,0.081203277,100,FALSE,6.355759278,1034.273438,6.315157639,335.4400338,NA,ncbi,,,NA,
1454,1455,0.058286446,99,FALSE,6.414045724,1035.546875,6.384902501,335.8530405,NA,ncbi,,,NA,
1455,1456,0.03332967,75,FALSE,6.447375394,1037.09375,6.430710559,336.3547297,NA,ncbi,,,NA,
1456,1457,0.032672875,93,FALSE,6.480048268,1038.6875,6.463711831,336.8716216,NA,ncbi,,,NA,
1457,1458,0.092948179,100,FALSE,6.572996448,1037.5,6.526522358,336.4864865,NA,ncbi,,,NA,
1457,1459,0.033904439,89,FALSE,6.513952707,1039.875,6.497000488,337.2567568,NA,ncbi,,,NA,
1459,1460,0.119700483,100,FALSE,6.633653191,1040.75,6.573802949,337.5405405,NA,ncbi,,,NA,
1460,1461,0.069097633,100,FALSE,6.702750824,1041.5,6.668202007,337.7837838,NA,ncbi,,,NA,
1456,1462,0.164540971,100,FALSE,6.611916365,1035.5,6.529645879,335.8378378,NA,ncbi,,,NA,
1453,1463,0.084000848,100,FALSE,6.358556849,1044.765625,6.316556425,338.8429054,NA,ncbi,,,NA,
1463,1464,0.031205644,94,FALSE,6.389762493,1046.53125,6.374159671,339.4155405,NA,ncbi,,,NA,
1464,1465,0.048975559,97,FALSE,6.438738052,1048.3125,6.414250272,339.9932432,NA,ncbi,,,NA,
1465,1466,0.047505238,98,FALSE,6.48624329,1049.625,6.462490671,340.4189189,NA,ncbi,,,NA,
1466,1467,0.145307186,100,FALSE,6.631550476,1048.5,6.558896883,340.0540541,NA,ncbi,,,NA,
1466,1468,0.061881235,100,FALSE,6.548124525,1050.75,6.517183907,340.7837838,NA,ncbi,,,NA,
1468,1469,0.037584425,94,FALSE,6.58570895,1051.5,6.566916737,341.027027,NA,ncbi,,,NA,
1464,1470,0.056880671,100,FALSE,6.446643164,1044.75,6.418202828,338.8378378,NA,ncbi,,,NA,
1470,1471,0.216345133,100,FALSE,6.662988297,1045.5,6.55481573,339.0810811,NA,ncbi,,,NA,
1452,1472,0.267327622,100,FALSE,6.477277976,1030.75,6.343614165,334.2972973,NA,ncbi,,,NA,
1472,1473,0.093712426,100,FALSE,6.570990402,1031.5,6.524134189,334.5405405,NA,ncbi,,,NA,
1451,1474,0.275410265,100,FALSE,6.32081436,1023.984375,6.183109227,332.1030405,NA,ncbi,,,NA,
1474,1475,0.049169642,100,FALSE,6.369984002,1024.96875,6.345399181,332.4222973,NA,ncbi,,,NA,
1475,1476,0.175407546,100,FALSE,6.545391548,1025.9375,6.457687775,332.7364865,NA,ncbi,,,NA,
1476,1477,0.051536132,100,FALSE,6.59692768,1026.875,6.571159614,333.0405405,NA,ncbi,,,NA,
1477,1478,0.154557144,100,FALSE,6.751484824,1027.75,6.674206252,333.3243243,NA,ncbi,,,NA,
1478,1479,0.080293455,100,FALSE,6.831778279,1028.5,6.791631551,333.5675676,NA,ncbi,,,NA,
1438,1480,0.445200057,100,FALSE,6.067615088,1003.6875,5.845015059,325.5202703,NA,ncbi,,,NA,
1480,1481,0.047528423,58,FALSE,6.11514351,1005.375,6.091379299,326.0675676,NA,ncbi,,,NA,
1481,1482,0.136806671,100,FALSE,6.251950181,1007.25,6.183546846,326.6756757,NA,ncbi,,,NA,
1482,1483,0.12362711,100,FALSE,6.375577292,1005.75,6.313763737,326.1891892,NA,ncbi,,,NA,
1483,1484,0.067405657,100,FALSE,6.442982949,1006.5,6.40928012,326.4324324,NA,ncbi,,,NA,
1482,1485,0.161656447,100,FALSE,6.413606628,1008.75,6.332778405,327.1621622,NA,ncbi,,,NA,
1485,1486,0.115077038,100,FALSE,6.528683666,1009.5,6.471145147,327.4054054,NA,ncbi,,,NA,
1481,1487,0.117837864,100,FALSE,6.232981374,1003.5,6.174062442,325.4594595,NA,ncbi,,,NA,
1379,1488,0.103322265,89,FALSE,5.570088063,984.0898438,5.51842693,319.1642736,NA,ncbi,,,NA,
1488,1489,0.09976699,85,FALSE,5.669855053,987.3046875,5.619971558,320.2069257,NA,ncbi,,,NA,
1489,1490,0.447510902,100,FALSE,6.117365954,990.109375,5.893610503,321.1165541,NA,ncbi,,,NA,
1490,1491,0.027982445,85,FALSE,6.145348399,993.46875,6.131357176,322.2060811,NA,ncbi,,,NA,
1491,1492,0.227572526,100,FALSE,6.372920925,990.25,6.259134662,321.1621622,NA,ncbi,,,NA,
1492,1493,0.043590905,92,FALSE,6.416511829,991.5,6.394716377,321.5675676,NA,ncbi,,,NA,
1493,1494,0.049774686,100,FALSE,6.466286516,990.5,6.441399173,321.2432432,NA,ncbi,,,NA,
1493,1495,0.083254354,100,FALSE,6.499766184,992.5,6.458139007,321.8918919,NA,ncbi,,,NA,
1491,1496,0.036175717,89,FALSE,6.181524115,996.6875,6.163436257,323.25,NA,ncbi,,,NA,
1496,1497,0.153654962,100,FALSE,6.335179078,998.625,6.258351596,323.8783784,NA,ncbi,,,NA,
1497,1498,0.109524334,100,FALSE,6.444703412,999.75,6.389941245,324.2432432,NA,ncbi,,,NA,
1498,1499,0.028891238,100,FALSE,6.47359465,1000.5,6.459149031,324.4864865,NA,ncbi,,,NA,
1497,1500,0.174684084,100,FALSE,6.509863162,997.5,6.42252112,323.5135135,NA,ncbi,,,NA,
1496,1501,0.088593327,100,FALSE,6.270117443,994.75,6.225820779,322.6216216,NA,ncbi,,,NA,
1501,1502,0.079477782,100,FALSE,6.349595225,995.5,6.309856334,322.8648649,NA,ncbi,,,NA,
1490,1503,0.114762623,100,FALSE,6.232128577,986.75,6.174747266,320.027027,NA,ncbi,,,NA,
1503,1504,0.088031753,100,FALSE,6.320160331,987.5,6.276144454,320.2702703,NA,ncbi,,,NA,
1489,1505,0.426057158,100,FALSE,6.09591221,984.5,5.882883631,319.2972973,NA,ncbi,,,NA,
1488,1506,0.476911008,100,FALSE,6.046999071,980.875,5.808543567,318.1216216,NA,ncbi,,,NA,
1506,1507,0.093631438,100,FALSE,6.140630509,981.75,6.09381479,318.4054054,NA,ncbi,,,NA,
1507,1508,0.057849637,100,FALSE,6.198480146,982.5,6.169555328,318.6486486,NA,ncbi,,,NA,
1311,1509,0.117139829,44,FALSE,5.526802905,888.144043,5.46823299,288.0467166,NA,ncbi,,,NA,
1509,1510,0.150286291,100,FALSE,5.677089195,891.2880859,5.60194605,289.0664063,NA,ncbi,,,NA,
1510,1511,0.127962206,100,FALSE,5.805051401,895.8261719,5.741070298,290.5382179,NA,ncbi,,,NA,
1511,1512,0.200011173,100,FALSE,6.005062574,900.7460938,5.905056988,292.1338682,NA,ncbi,,,NA,
1512,1513,0.034800171,97,FALSE,6.039862745,903.9921875,6.022462659,293.1866554,NA,ncbi,,,NA,
1513,1514,0.092773576,100,FALSE,6.132636321,906.734375,6.086249533,294.0760135,NA,ncbi,,,NA,
1514,1515,0.054201937,100,FALSE,6.186838258,907.96875,6.15973729,294.4763514,NA,ncbi,,,NA,
1515,1516,0.032633895,100,FALSE,6.219472153,908.9375,6.203155205,294.7905405,NA,ncbi,,,NA,
1516,1517,0.050895909,100,FALSE,6.270368062,909.875,6.244920107,295.0945946,NA,ncbi,,,NA,
1517,1518,0.022229486,100,FALSE,6.292597547,910.75,6.281482804,295.3783784,NA,ncbi,,,NA,
1518,1519,0.041765651,100,FALSE,6.334363198,911.5,6.313480372,295.6216216,NA,ncbi,,,NA,
1514,1520,0.116527897,100,FALSE,6.249164219,905.5,6.19090027,293.6756757,NA,ncbi,,,NA,
1513,1521,0.042879694,97,FALSE,6.082742439,901.25,6.061302592,292.2972973,NA,ncbi,,,NA,
1521,1522,0.045000093,100,FALSE,6.127742532,899.75,6.105242485,291.8108108,NA,ncbi,,,NA,
1522,1523,0.045856413,100,FALSE,6.173598944,900.5,6.150670738,292.0540541,NA,ncbi,,,NA,
1521,1524,0.085040311,97,FALSE,6.16778275,902.75,6.125262594,292.7837838,NA,ncbi,,,NA,
1524,1525,0.107750129,98,FALSE,6.275532879,903.5,6.221657814,293.027027,NA,ncbi,,,NA,
1512,1526,0.027184161,100,FALSE,6.032246735,897.5,6.018654654,291.0810811,NA,ncbi,,,NA,
1511,1527,0.047233585,94,FALSE,5.852284986,890.90625,5.828668194,288.9425676,NA,ncbi,,,NA,
1527,1528,0.107693853,99,FALSE,5.959978839,892.3125,5.906131913,289.3986486,NA,ncbi,,,NA,
1528,1529,0.061960765,100,FALSE,6.021939604,893.625,5.990959222,289.8243243,NA,ncbi,,,NA,
1529,1530,0.043100365,100,FALSE,6.065039969,894.75,6.043489787,290.1891892,NA,ncbi,,,NA,
1530,1531,0.094299676,100,FALSE,6.159339645,895.5,6.112189807,290.4324324,NA,ncbi,,,NA,
1529,1532,0.09799465,100,FALSE,6.119934254,892.5,6.070936929,289.4594595,NA,ncbi,,,NA,
1527,1533,0.150622523,100,FALSE,6.002907509,889.5,5.927596248,288.4864865,NA,ncbi,,,NA,
1510,1534,0.179531266,100,FALSE,5.856620461,886.75,5.766854828,287.5945946,NA,ncbi,,,NA,
1534,1535,0.110529427,100,FALSE,5.967149888,887.5,5.911885175,287.8378378,NA,ncbi,,,NA,
1310,1536,0.049860808,78,FALSE,5.406616307,870.2382813,5.381685903,282.2394426,NA,ncbi,,,NA,
1536,1537,0.26559026,100,FALSE,5.672206567,867.75,5.539411437,281.4324324,NA,ncbi,,,NA,
1537,1538,0.141306887,100,FALSE,5.813513454,868.5,5.742860011,281.6756757,NA,ncbi,,,NA,
1536,1539,0.067383708,81,FALSE,5.474000015,872.7265625,5.440308161,283.0464527,NA,ncbi,,,NA,
1539,1540,0.263744895,100,FALSE,5.737744909,875.453125,5.605872462,283.9307432,NA,ncbi,,,NA,
1540,1541,0.107292367,100,FALSE,5.845037276,872.625,5.791391093,283.0135135,NA,ncbi,,,NA,
1541,1542,0.124794334,100,FALSE,5.969831611,871.5,5.907434444,282.6486486,NA,ncbi,,,NA,
1541,1543,0.055223152,100,FALSE,5.900260428,873.75,5.872648852,283.3783784,NA,ncbi,,,NA,
1543,1544,0.069908424,100,FALSE,5.970168852,874.5,5.93521464,283.6216216,NA,ncbi,,,NA,
1540,1545,0.026924477,98,FALSE,5.764669387,878.28125,5.751207148,284.847973,NA,ncbi,,,NA,
1545,1546,0.040251956,100,FALSE,5.804921342,880.0625,5.784795364,285.4256757,NA,ncbi,,,NA,
1546,1547,0.100157938,100,FALSE,5.905079281,881.625,5.855000312,285.9324324,NA,ncbi,,,NA,
1547,1548,0.018496035,100,FALSE,5.923575316,882.75,5.914327298,286.2972973,NA,ncbi,,,NA,
1548,1549,0.086121176,100,FALSE,6.009696491,883.5,5.966635904,286.5405405,NA,ncbi,,,NA,
1547,1550,0.012619558,4,FALSE,5.917698839,880.5,5.91138906,285.5675676,NA,ncbi,,,NA,
1546,1551,0.066776,100,FALSE,5.871697343,878.5,5.838309343,284.9189189,NA,ncbi,,,NA,
1545,1552,0.071501423,100,FALSE,5.836170809,876.5,5.800420098,284.2702703,NA,ncbi,,,NA,
1309,1553,0.059982731,98,FALSE,5.323729514,859.4375,5.293738148,278.7364865,NA,ncbi,,,NA,
1553,1554,0.150855935,100,FALSE,5.474585449,861.375,5.399157481,279.3648649,NA,ncbi,,,NA,
1554,1555,0.216621414,100,FALSE,5.691206863,859.5,5.582896156,278.7567568,NA,ncbi,,,NA,
1554,1556,0.073687735,100,FALSE,5.548273184,863.25,5.511429316,279.972973,NA,ncbi,,,NA,
1556,1557,0.059531428,77,FALSE,5.607804612,861.75,5.578038898,279.4864865,NA,ncbi,,,NA,
1557,1558,0.123778788,100,FALSE,5.7315834,862.5,5.669694006,279.7297297,NA,ncbi,,,NA,
1556,1559,0.216597294,100,FALSE,5.764870478,864.75,5.656571831,280.4594595,NA,ncbi,,,NA,
1559,1560,0.039524395,100,FALSE,5.804394873,865.5,5.784632675,280.7027027,NA,ncbi,,,NA,
1553,1561,0.423555611,100,FALSE,5.747285125,857.5,5.53550732,278.1081081,NA,ncbi,,,NA,
1308,1562,0.133303282,99,FALSE,5.303327237,852.3125,5.236675597,276.4256757,NA,ncbi,,,NA,
1562,1563,0.312079795,100,FALSE,5.615407032,853.625,5.459367135,276.8513514,NA,ncbi,,,NA,
1563,1564,0.040014404,97,FALSE,5.655421437,854.75,5.635414234,277.2162162,NA,ncbi,,,NA,
1564,1565,0.056031664,98,FALSE,5.711453101,855.5,5.683437269,277.4594595,NA,ncbi,,,NA,
1563,1566,0.06715278,100,FALSE,5.682559813,852.5,5.648983423,276.4864865,NA,ncbi,,,NA,
1307,1567,0.06153175,80,FALSE,5.110996828,844.1875,5.080230953,273.7905405,NA,ncbi,,,NA,
1567,1568,0.099618266,96,FALSE,5.210615094,845.875,5.160805961,274.3378378,NA,ncbi,,,NA,
1568,1569,0.413916895,100,FALSE,5.624531989,844.5,5.417573542,273.8918919,NA,ncbi,,,NA,
1568,1570,0.02798604,74,FALSE,5.238601134,847.25,5.224608114,274.7837838,NA,ncbi,,,NA,
1570,1571,0.059711666,78,FALSE,5.2983128,848.5,5.268456967,275.1891892,NA,ncbi,,,NA,
1571,1572,0.134700385,99,FALSE,5.433013185,847.5,5.365662993,274.8648649,NA,ncbi,,,NA,
1571,1573,0.389485624,100,FALSE,5.687798424,849.5,5.493055612,275.5135135,NA,ncbi,,,NA,
1567,1574,0.626465104,100,FALSE,5.737461931,842.5,5.424229379,273.2432432,NA,ncbi,,,NA,
1306,1575,0.174009268,100,FALSE,5.172827075,820.5673828,5.08582244,266.129962,NA,ncbi,,,NA,
1575,1576,0.067592996,69,FALSE,5.240420071,816.6875,5.206623573,264.8716216,NA,ncbi,,,NA,
1576,1577,0.233158431,100,FALSE,5.473578501,818.625,5.356999286,265.5,NA,ncbi,,,NA,
1577,1578,0.158966452,100,FALSE,5.632544953,819.75,5.553061727,265.8648649,NA,ncbi,,,NA,
1578,1579,0.131962133,100,FALSE,5.764507085,820.5,5.698526019,266.1081081,NA,ncbi,,,NA,
1577,1580,0.277639771,100,FALSE,5.751218272,817.5,5.612398387,265.1351351,NA,ncbi,,,NA,
1576,1581,0.281959308,100,FALSE,5.522379379,814.75,5.381399725,264.2432432,NA,ncbi,,,NA,
1581,1582,0.066467445,100,FALSE,5.588846824,815.5,5.555613101,264.4864865,NA,ncbi,,,NA,
1575,1583,0.063645903,69,FALSE,5.236472977,824.4472656,5.204650026,267.3883024,NA,ncbi,,,NA,
1583,1584,0.205934844,100,FALSE,5.442407821,826.8945313,5.339440399,268.1820101,NA,ncbi,,,NA,
1584,1585,0.079933607,100,FALSE,5.522341427,830.0390625,5.482374624,269.2018581,NA,ncbi,,,NA,
1585,1586,0.027451362,65,FALSE,5.54979279,833.203125,5.536067108,270.2280405,NA,ncbi,,,NA,
1586,1587,0.024368935,22,FALSE,5.574161725,835.53125,5.561977257,270.9831081,NA,ncbi,,,NA,
1587,1588,0.085242679,100,FALSE,5.659404404,837.0625,5.616783064,271.4797297,NA,ncbi,,,NA,
1588,1589,0.04377032,100,FALSE,5.703174724,838.625,5.681289564,271.9864865,NA,ncbi,,,NA,
1589,1590,0.135165682,100,FALSE,5.838340406,837.5,5.770757565,271.6216216,NA,ncbi,,,NA,
1589,1591,0.063191545,100,FALSE,5.766366269,839.75,5.734770497,272.3513514,NA,ncbi,,,NA,
1591,1592,0.103879157,100,FALSE,5.870245426,840.5,5.818305848,272.5945946,NA,ncbi,,,NA,
1588,1593,0.04821849,100,FALSE,5.707622894,835.5,5.683513649,270.972973,NA,ncbi,,,NA,
1586,1594,0.077006168,100,FALSE,5.626798957,830.875,5.588295873,269.472973,NA,ncbi,,,NA,
1594,1595,0.03378335,100,FALSE,5.660582308,831.75,5.643690632,269.7567568,NA,ncbi,,,NA,
1595,1596,0.029994577,98,FALSE,5.690576885,832.5,5.675579596,270,NA,ncbi,,,NA,
1585,1597,0.078174656,100,FALSE,5.600516084,826.875,5.561428755,268.1756757,NA,ncbi,,,NA,
1597,1598,0.052532268,100,FALSE,5.653048352,827.75,5.626782218,268.4594595,NA,ncbi,,,NA,
1598,1599,0.054428577,100,FALSE,5.707476929,828.5,5.68026264,268.7027027,NA,ncbi,,,NA,
1584,1600,0.107897218,100,FALSE,5.550305039,823.75,5.49635643,267.1621622,NA,ncbi,,,NA,
1600,1601,0.181365768,100,FALSE,5.731670807,824.5,5.640987923,267.4054054,NA,ncbi,,,NA,
1305,1602,0.062559543,44,FALSE,4.998318811,810.625,4.96703904,262.9054054,NA,ncbi,,,NA,
1602,1603,0.373776396,100,FALSE,5.372095207,809.5,5.185207009,262.5405405,NA,ncbi,,,NA,
1602,1604,0.078319503,94,FALSE,5.076638314,811.75,5.037478562,263.2702703,NA,ncbi,,,NA,
1604,1605,0.126660918,95,FALSE,5.203299232,812.5,5.139968773,263.5135135,NA,ncbi,,,NA,
1304,1606,0.100130032,98,FALSE,4.986375329,795.9492188,4.936310314,258.1456926,NA,ncbi,,,NA,
1606,1607,0.143482817,100,FALSE,5.129858146,797.8984375,5.058116738,258.7778716,NA,ncbi,,,NA,
1607,1608,0.27962884,100,FALSE,5.409486986,795.75,5.269672566,258.0810811,NA,ncbi,,,NA,
1608,1609,0.041721651,100,FALSE,5.451208637,796.5,5.430347811,258.3243243,NA,ncbi,,,NA,
1607,1610,0.113964015,100,FALSE,5.243822161,800.046875,5.186840153,259.4746622,NA,ncbi,,,NA,
1610,1611,0.024014761,86,FALSE,5.267836921,802.09375,5.255829541,260.1385135,NA,ncbi,,,NA,
1611,1612,0.031198445,87,FALSE,5.299035366,799.875,5.283436144,259.4189189,NA,ncbi,,,NA,
1612,1613,0.043178373,99,FALSE,5.342213739,800.75,5.320624553,259.7027027,NA,ncbi,,,NA,
1613,1614,0.065176099,100,FALSE,5.407389839,801.5,5.374801789,259.9459459,NA,ncbi,,,NA,
1611,1615,0.04089889,100,FALSE,5.308735811,804.3125,5.288286366,260.8581081,NA,ncbi,,,NA,
1615,1616,0.020572233,100,FALSE,5.329308044,805.625,5.319021927,261.2837838,NA,ncbi,,,NA,
1616,1617,0.058924995,100,FALSE,5.388233039,806.75,5.358770541,261.6486486,NA,ncbi,,,NA,
1617,1618,0.070435522,100,FALSE,5.458668561,807.5,5.4234508,261.8918919,NA,ncbi,,,NA,
1616,1619,0.17977988,100,FALSE,5.509087924,804.5,5.419197984,260.9189189,NA,ncbi,,,NA,
1264,1620,0.040573467,90,FALSE,4.813284061,746.875,4.792997328,242.2297297,NA,ncbi,,,NA,
1620,1621,0.193854518,100,FALSE,5.007138579,745.5,4.91021132,241.7837838,NA,ncbi,,,NA,
1620,1622,0.083146703,96,FALSE,4.896430764,748.25,4.854857413,242.6756757,NA,ncbi,,,NA,
1622,1623,0.440659486,100,FALSE,5.33709025,749.5,5.116760507,243.0810811,NA,ncbi,,,NA,
1623,1624,0.122235295,100,FALSE,5.459325545,751,5.398207897,243.5675676,NA,ncbi,,,NA,
1624,1625,0.232806304,100,FALSE,5.692131849,752.5,5.575728697,244.0540541,NA,ncbi,,,NA,
1625,1626,0.296338047,100,FALSE,5.988469896,751.5,5.840300872,243.7297297,NA,ncbi,,,NA,
1625,1627,0.341051098,100,FALSE,6.033182946,753.5,5.862657398,244.3783784,NA,ncbi,,,NA,
1624,1628,0.242042397,100,FALSE,5.701367942,749.5,5.580346744,243.0810811,NA,ncbi,,,NA,
1263,1629,0.108010326,99,FALSE,4.807910291,741.875,4.753905128,240.6081081,NA,ncbi,,,NA,
1629,1630,0.080412253,100,FALSE,4.888322544,742.75,4.848116418,240.8918919,NA,ncbi,,,NA,
1630,1631,0.381514738,100,FALSE,5.269837282,743.5,5.079079913,241.1351351,NA,ncbi,,,NA,
1262,1632,0.071875196,86,FALSE,4.743253324,675.6748581,4.707315726,219.1377918,NA,ncbi,,,NA,
1632,1633,0.265614207,100,FALSE,5.008867531,687.4747162,4.876060427,222.9647728,NA,ncbi,,,NA,
1633,1634,0.130444428,93,FALSE,5.139311959,671.4069138,5.074089745,217.7535937,NA,ncbi,,,NA,
1634,1635,0.091506574,96,FALSE,5.230818533,675.8138275,5.185065246,219.182863,NA,ncbi,,,NA,
1635,1636,0.024315403,86,FALSE,5.255133935,669.5742188,5.242976234,217.1592061,NA,ncbi,,,NA,
1636,1637,0.027964118,90,FALSE,5.283098054,671.1484375,5.269115995,217.6697635,NA,ncbi,,,NA,
1637,1638,0.054961017,98,FALSE,5.33805907,673.296875,5.310578562,218.3665541,NA,ncbi,,,NA,
1638,1639,0.014358095,98,FALSE,5.352417165,675.71875,5.345238118,219.152027,NA,ncbi,,,NA,
1639,1640,0.020921135,97,FALSE,5.373338301,674.5,5.362877733,218.7567568,NA,ncbi,,,NA,
1639,1641,0.056654835,98,FALSE,5.409072,676.9375,5.380744583,219.5472973,NA,ncbi,,,NA,
1641,1642,0.055011418,98,FALSE,5.464083418,677.875,5.436577709,219.8513514,NA,ncbi,,,NA,
1642,1643,0.011938854,98,FALSE,5.476022272,678.75,5.470052845,220.1351351,NA,ncbi,,,NA,
1643,1644,0.121745254,100,FALSE,5.597767526,679.5,5.536894899,220.3783784,NA,ncbi,,,NA,
1638,1645,0.038009202,100,FALSE,5.376068272,670.875,5.357063671,217.5810811,NA,ncbi,,,NA,
1645,1646,0.053556443,100,FALSE,5.429624715,671.75,5.402846493,217.8648649,NA,ncbi,,,NA,
1646,1647,0.039503138,100,FALSE,5.469127853,672.5,5.449376284,218.1081081,NA,ncbi,,,NA,
1635,1648,0.04641058,97,FALSE,5.277229113,682.0534363,5.254023823,221.2065199,NA,ncbi,,,NA,
1648,1649,0.124717042,83,FALSE,5.401946155,683.1068726,5.339587634,221.5481749,NA,ncbi,,,NA,
1649,1650,0.159681555,74,FALSE,5.56162771,684.2137451,5.481786932,221.9071606,NA,ncbi,,,NA,
1650,1651,0.05894398,42,FALSE,5.62057169,685.4274902,5.5910997,222.3008076,NA,ncbi,,,NA,
1651,1652,0.055079756,56,FALSE,5.675651446,686.8549805,5.648111568,222.7637774,NA,ncbi,,,NA,
1652,1653,0.027306206,73,FALSE,5.702957652,688.2099609,5.689304549,223.2032306,NA,ncbi,,,NA,
1653,1654,0.057624568,71,FALSE,5.76058222,689.4199219,5.731769936,223.5956503,NA,ncbi,,,NA,
1654,1655,0.097009543,94,FALSE,5.857591763,690.8398438,5.809086992,224.0561655,NA,ncbi,,,NA,
1655,1656,0.050603867,95,FALSE,5.908195631,689.5,5.882893697,223.6216216,NA,ncbi,,,NA,
1655,1657,0.062596374,65,FALSE,5.920188137,692.1796875,5.88888995,224.4907095,NA,ncbi,,,NA,
1657,1658,0.067007585,65,FALSE,5.987195722,693.359375,5.95369193,224.8733108,NA,ncbi,,,NA,
1658,1659,0.028122878,98,FALSE,6.0153186,694.71875,6.001257161,225.3141892,NA,ncbi,,,NA,
1659,1660,0.054525247,100,FALSE,6.069843847,693.5,6.042581224,224.9189189,NA,ncbi,,,NA,
1659,1661,0.077622441,98,FALSE,6.092941041,695.9375,6.054129821,225.7094595,NA,ncbi,,,NA,
1661,1662,0.093052692,100,FALSE,6.185993733,696.875,6.139467387,226.0135135,NA,ncbi,,,NA,
1662,1663,0.020076685,95,FALSE,6.206070418,697.75,6.196032075,226.2972973,NA,ncbi,,,NA,
1663,1664,0.070559481,97,FALSE,6.276629899,698.5,6.241350158,226.5405405,NA,ncbi,,,NA,
1652,1665,0.031253775,69,FALSE,5.706905221,685.5,5.691278333,222.3243243,NA,ncbi,,,NA,
1633,1666,0.037598611,63,FALSE,5.046466142,703.5425186,5.027666836,228.175952,NA,ncbi,,,NA,
1666,1667,0.075131229,100,FALSE,5.121597372,706.3350372,5.084031757,229.0816337,NA,ncbi,,,NA,
1667,1668,0.035699318,61,FALSE,5.157296689,708.7950745,5.13944703,229.8794836,NA,ncbi,,,NA,
1668,1669,0.066929127,95,FALSE,5.224225816,710.5901489,5.190761252,230.4616699,NA,ncbi,,,NA,
1669,1670,0.100038219,99,FALSE,5.324264035,713.1802979,5.274244925,231.3017182,NA,ncbi,,,NA,
1670,1671,0.039348234,78,FALSE,5.363612269,716.6105957,5.343938152,232.4142473,NA,ncbi,,,NA,
1671,1672,0.01978794,75,FALSE,5.383400209,720.4711914,5.373506239,233.6663323,NA,ncbi,,,NA,
1672,1673,0.020132444,78,FALSE,5.403532653,725.4423828,5.393466431,235.2786106,NA,ncbi,,,NA,
1673,1674,0.020686396,59,FALSE,5.424219049,721.125,5.413875851,233.8783784,NA,ncbi,,,NA,
1674,1675,0.019604535,61,FALSE,5.443823584,718.625,5.434021316,233.0675676,NA,ncbi,,,NA,
1675,1676,0.056190942,100,FALSE,5.500014525,717.5,5.471919054,232.7027027,NA,ncbi,,,NA,
1675,1677,0.083781292,100,FALSE,5.527604876,719.75,5.48571423,233.4324324,NA,ncbi,,,NA,
1677,1678,0.10897545,100,FALSE,5.636580326,720.5,5.582092601,233.6756757,NA,ncbi,,,NA,
1674,1679,0.053017066,100,FALSE,5.477236115,723.625,5.450727582,234.6891892,NA,ncbi,,,NA,
1679,1680,0.067024888,100,FALSE,5.544261003,724.75,5.510748559,235.0540541,NA,ncbi,,,NA,
1680,1681,0.023112357,26,FALSE,5.56737336,725.5,5.555817181,235.2972973,NA,ncbi,,,NA,
1679,1682,0.059520818,100,FALSE,5.536756933,722.5,5.506996524,234.3243243,NA,ncbi,,,NA,
1673,1683,0.02940276,43,FALSE,5.432935414,729.7597656,5.418234033,236.6788429,NA,ncbi,,,NA,
1683,1684,0.112080882,100,FALSE,5.545016295,731.7695313,5.488975854,237.3306588,NA,ncbi,,,NA,
1684,1685,0.081332642,88,FALSE,5.626348937,733.0390625,5.585682616,237.7423986,NA,ncbi,,,NA,
1685,1686,0.087017408,94,FALSE,5.713366345,734.078125,5.669857641,238.0793919,NA,ncbi,,,NA,
1686,1687,0.028091628,87,FALSE,5.741457973,735.15625,5.727412159,238.4290541,NA,ncbi,,,NA,
1687,1688,0.042354667,99,FALSE,5.78381264,736.3125,5.762635306,238.8040541,NA,ncbi,,,NA,
1688,1689,0.060292349,100,FALSE,5.844104989,737.625,5.813958814,239.2297297,NA,ncbi,,,NA,
1689,1690,0.038459312,99,FALSE,5.882564301,736.5,5.863334645,238.8648649,NA,ncbi,,,NA,
1689,1691,0.052882365,100,FALSE,5.896987354,738.75,5.870546171,239.5945946,NA,ncbi,,,NA,
1691,1692,0.142261935,100,FALSE,6.039249289,739.5,5.968118322,239.8378378,NA,ncbi,,,NA,
1684,1693,0.035090959,87,FALSE,5.580107254,730.5,5.562561774,236.9189189,NA,ncbi,,,NA,
1683,1694,0.057859045,99,FALSE,5.490794459,727.75,5.461864936,236.027027,NA,ncbi,,,NA,
1694,1695,0.022630749,85,FALSE,5.513425208,728.5,5.502109833,236.2702703,NA,ncbi,,,NA,
1672,1696,0.04830913,90,FALSE,5.431709339,715.5,5.407554774,232.0540541,NA,ncbi,,,NA,
1671,1697,0.043714966,82,FALSE,5.407327235,712.75,5.385469752,231.1621622,NA,ncbi,,,NA,
1697,1698,0.101172171,100,FALSE,5.508499406,713.5,5.45791332,231.4054054,NA,ncbi,,,NA,
1670,1699,0.206884148,100,FALSE,5.531148183,709.75,5.427706109,230.1891892,NA,ncbi,,,NA,
1699,1700,0.093817832,100,FALSE,5.624966014,710.5,5.578057098,230.4324324,NA,ncbi,,,NA,
1667,1701,0.050536261,65,FALSE,5.172133632,703.875,5.146865502,228.2837838,NA,ncbi,,,NA,
1701,1702,0.120626495,100,FALSE,5.292760127,704.75,5.23244688,228.5675676,NA,ncbi,,,NA,
1702,1703,0.080183637,100,FALSE,5.372943764,705.5,5.332851946,228.8108108,NA,ncbi,,,NA,
1666,1704,0.107451198,98,FALSE,5.15391734,700.75,5.100191741,227.2702703,NA,ncbi,,,NA,
1704,1705,0.124245701,100,FALSE,5.278163041,701.5,5.21604019,227.5135135,NA,ncbi,,,NA,
1632,1706,0.150505255,100,FALSE,4.893758578,663.875,4.818505951,215.3108108,NA,ncbi,,,NA,
1706,1707,0.097074316,74,FALSE,4.990832894,664.75,4.942295736,215.5945946,NA,ncbi,,,NA,
1707,1708,0.590576462,100,FALSE,5.581409357,665.5,5.286121125,215.8378378,NA,ncbi,,,NA,
1261,1709,0.076803972,99,FALSE,4.652322119,611.0890808,4.613920133,198.1910532,NA,ncbi,,,NA,
1709,1710,0.07831579,26,FALSE,4.73063791,598.1503906,4.691480014,193.9947213,NA,ncbi,,,NA,
1710,1711,0.640002542,100,FALSE,5.370640452,592.0820313,5.050639181,192.0266047,NA,ncbi,,,NA,
1711,1712,0.195428433,100,FALSE,5.566068885,593.1640625,5.468354668,192.3775338,NA,ncbi,,,NA,
1712,1713,0.24997512,100,FALSE,5.816044004,594.328125,5.691056444,192.7550676,NA,ncbi,,,NA,
1713,1714,0.185614259,99,FALSE,6.001658263,595.65625,5.908851134,193.1858108,NA,ncbi,,,NA,
1714,1715,0.061333678,65,FALSE,6.062991941,597.3125,6.032325102,193.722973,NA,ncbi,,,NA,
1715,1716,0.028470446,29,FALSE,6.091462387,598.875,6.077227164,194.2297297,NA,ncbi,,,NA,
1716,1717,0.053285221,97,FALSE,6.144747608,599.75,6.118104997,194.5135135,NA,ncbi,,,NA,
1717,1718,0.069946012,100,FALSE,6.21469362,600.5,6.179720614,194.7567568,NA,ncbi,,,NA,
1715,1719,0.015523044,40,FALSE,6.078514986,595.75,6.070753464,193.2162162,NA,ncbi,,,NA,
1719,1720,0.048208489,68,FALSE,6.126723474,596.5,6.10261923,193.4594595,NA,ncbi,,,NA,
1710,1721,0.160090191,100,FALSE,4.890728101,604.21875,4.810683005,195.9628378,NA,ncbi,,,NA,
1721,1722,0.48947463,100,FALSE,5.380202731,602.5,5.135465416,195.4054054,NA,ncbi,,,NA,
1721,1723,0.078182066,64,FALSE,4.968910167,605.9375,4.929819134,196.5202703,NA,ncbi,,,NA,
1723,1724,0.236255631,100,FALSE,5.205165798,607.875,5.087037982,197.1486486,NA,ncbi,,,NA,
1724,1725,0.099386883,100,FALSE,5.304552681,605.875,5.254859239,196.5,NA,ncbi,,,NA,
1725,1726,0.030893504,100,FALSE,5.335446184,606.75,5.319999432,196.7837838,NA,ncbi,,,NA,
1726,1727,0.069672384,100,FALSE,5.405118568,607.5,5.370282376,197.027027,NA,ncbi,,,NA,
1724,1728,0.129864328,100,FALSE,5.335030126,609.875,5.270097962,197.7972973,NA,ncbi,,,NA,
1728,1729,0.011237081,67,FALSE,5.346267207,610.75,5.340648666,198.0810811,NA,ncbi,,,NA,
1729,1730,0.115358634,100,FALSE,5.461625841,611.5,5.403946524,198.3243243,NA,ncbi,,,NA,
1709,1731,0.089158483,30,FALSE,4.741480602,624.027771,4.696901361,202.3873852,NA,ncbi,,,NA,
1731,1732,0.196510234,100,FALSE,4.937990836,631.7664795,4.839735719,204.8972366,NA,ncbi,,,NA,
1732,1733,0.089517441,100,FALSE,5.027508277,634.907959,4.982749557,205.9160948,NA,ncbi,,,NA,
1733,1734,0.128510382,100,FALSE,5.156018659,637.315918,5.091763468,206.6970545,NA,ncbi,,,NA,
1734,1735,0.074966822,100,FALSE,5.23098548,640.1318359,5.193502069,207.6103252,NA,ncbi,,,NA,
1735,1736,0.129097601,100,FALSE,5.360083081,642.6386719,5.295534281,208.423353,NA,ncbi,,,NA,
1736,1737,0.037566075,10,FALSE,5.397649157,644.2773438,5.378866119,208.9548142,NA,ncbi,,,NA,
1737,1738,0.03406079,61,FALSE,5.431709946,646.5546875,5.414679551,209.6934122,NA,ncbi,,,NA,
1738,1739,0.064381444,100,FALSE,5.49609139,650.109375,5.463900668,210.8462838,NA,ncbi,,,NA,
1739,1740,0.097674742,96,FALSE,5.593766132,654.21875,5.544928761,212.1790541,NA,ncbi,,,NA,
1740,1741,0.03140132,15,FALSE,5.625167452,656.8125,5.609466792,213.0202703,NA,ncbi,,,NA,
1741,1742,0.038498395,14,FALSE,5.663665847,658.625,5.644416649,213.6081081,NA,ncbi,,,NA,
1742,1743,0.049235835,16,FALSE,5.712901681,656.75,5.688283764,213,NA,ncbi,,,NA,
1743,1744,0.067924227,97,FALSE,5.780825909,657.5,5.746863795,213.2432432,NA,ncbi,,,NA,
1742,1745,0.158937006,99,FALSE,5.822602853,660.5,5.74313435,214.2162162,NA,ncbi,,,NA,
1745,1746,0.046150511,99,FALSE,5.868753363,659.5,5.845678108,213.8918919,NA,ncbi,,,NA,
1745,1747,0.080993859,100,FALSE,5.903596712,661.5,5.863099782,214.5405405,NA,ncbi,,,NA,
1740,1748,0.142271117,100,FALSE,5.736037249,651.625,5.664901691,211.3378378,NA,ncbi,,,NA,
1748,1749,0.106146853,100,FALSE,5.842184102,650.5,5.789110676,210.972973,NA,ncbi,,,NA,
1748,1750,0.065161461,100,FALSE,5.801198709,652.75,5.768617979,211.7027027,NA,ncbi,,,NA,
1750,1751,0.052904381,77,FALSE,5.85410309,653.5,5.8276509,211.9459459,NA,ncbi,,,NA,
1739,1752,0.076384501,100,FALSE,5.572475891,646,5.53428364,209.5135135,NA,ncbi,,,NA,
1752,1753,0.115221052,100,FALSE,5.687696943,647.5,5.630086417,210,NA,ncbi,,,NA,
1753,1754,0.029513441,67,FALSE,5.717210384,646.5,5.702453663,209.6756757,NA,ncbi,,,NA,
1753,1755,0.040323893,83,FALSE,5.728020836,648.5,5.70785889,210.3243243,NA,ncbi,,,NA,
1752,1756,0.073366798,100,FALSE,5.645842689,644.5,5.60915929,209.027027,NA,ncbi,,,NA,
1735,1757,0.118127441,100,FALSE,5.349112921,637.625,5.290049201,206.7972973,NA,ncbi,,,NA,
1757,1758,0.180937604,100,FALSE,5.530050525,638.75,5.439581723,207.1621622,NA,ncbi,,,NA,
1758,1759,0.069565939,100,FALSE,5.599616464,639.5,5.564833494,207.4054054,NA,ncbi,,,NA,
1757,1760,0.258471218,100,FALSE,5.607584139,636.5,5.47834853,206.4324324,NA,ncbi,,,NA,
1734,1761,0.272886738,100,FALSE,5.428905397,634.5,5.292462028,205.7837838,NA,ncbi,,,NA,
1733,1762,0.062471349,84,FALSE,5.089979626,632.5,5.058743952,205.1351351,NA,ncbi,,,NA,
1732,1763,0.318430172,100,FALSE,5.256421008,628.625,5.097205922,203.8783784,NA,ncbi,,,NA,
1763,1764,0.320589305,100,FALSE,5.577010313,629.75,5.416715661,204.2432432,NA,ncbi,,,NA,
1764,1765,0.114211023,100,FALSE,5.691221336,630.5,5.634115825,204.4864865,NA,ncbi,,,NA,
1763,1766,0.119347939,99,FALSE,5.375768948,627.5,5.316094978,203.5135135,NA,ncbi,,,NA,
1731,1767,0.090986578,31,FALSE,4.83246718,616.2890625,4.786973891,199.8775338,NA,ncbi,,,NA,
1767,1768,0.417553807,100,FALSE,5.250020987,613.875,5.041244083,199.0945946,NA,ncbi,,,NA,
1768,1769,0.095950285,100,FALSE,5.345971272,614.75,5.297996129,199.3783784,NA,ncbi,,,NA,
1769,1770,0.123083392,100,FALSE,5.469054664,615.5,5.407512968,199.6216216,NA,ncbi,,,NA,
1767,1771,0.186064406,40,FALSE,5.018531586,618.703125,4.925499383,200.660473,NA,ncbi,,,NA,
1771,1772,0.536169622,100,FALSE,5.554701208,620.40625,5.286616397,201.2128378,NA,ncbi,,,NA,
1772,1773,0.044103872,98,FALSE,5.59880508,622.3125,5.576753144,201.8310811,NA,ncbi,,,NA,
1773,1774,0.140390732,100,FALSE,5.739195812,623.875,5.669000446,202.3378378,NA,ncbi,,,NA,
1774,1775,0.026777507,96,FALSE,5.765973318,624.75,5.752584565,202.6216216,NA,ncbi,,,NA,
1775,1776,0.078852836,100,FALSE,5.844826154,625.5,5.805399736,202.8648649,NA,ncbi,,,NA,
1773,1777,0.14231316,98,FALSE,5.74111824,620.75,5.66996166,201.3243243,NA,ncbi,,,NA,
1777,1778,0.044152443,98,FALSE,5.785270683,621.5,5.763194462,201.5675676,NA,ncbi,,,NA,
1772,1779,0.083817507,100,FALSE,5.638518715,618.5,5.596609962,200.5945946,NA,ncbi,,,NA,
1124,1780,0.135278091,95,FALSE,4.503500801,451.625,4.435861755,146.472973,NA,ncbi,,,NA,
1780,1781,0.129257002,93,FALSE,4.632757803,450.5,4.568129302,146.1081081,NA,ncbi,,,NA,
1780,1782,0.206905758,100,FALSE,4.710406559,452.75,4.60695368,146.8378378,NA,ncbi,,,NA,
1782,1783,0.246925793,100,FALSE,4.957332351,453.5,4.833869455,147.0810811,NA,ncbi,,,NA,
1123,1784,0.049860728,46,FALSE,4.373221284,240.3954773,4.34829092,77.96610074,NA,ncbi,,,NA,
1784,1785,0.045418417,91,FALSE,4.418639701,256.9159546,4.395930493,83.32409338,NA,ncbi,,,NA,
1785,1786,0.123645458,99,FALSE,4.542285159,283.9022217,4.48046243,92.07639622,NA,ncbi,,,NA,
1786,1787,0.041403808,77,FALSE,4.583688967,242.4559326,4.562987063,78.63435652,NA,ncbi,,,NA,
1787,1788,0.043727837,62,FALSE,4.627416804,246.9118652,4.605552885,80.07952386,NA,ncbi,,,NA,
1788,1789,0.036132955,17,FALSE,4.663549758,253.1987305,4.645483281,82.11850718,NA,ncbi,,,NA,
1789,1790,0.020866984,14,FALSE,4.684416742,261.6474609,4.67398325,84.85863598,NA,ncbi,,,NA,
1790,1791,0.23276795,97,FALSE,4.917184692,250.3476563,4.800800717,81.19383446,NA,ncbi,,,NA,
1791,1792,0.279855864,100,FALSE,5.197040556,253.6953125,5.057112624,82.27956081,NA,ncbi,,,NA,
1792,1793,0.069612151,97,FALSE,5.266652707,250.625,5.231846631,81.28378378,NA,ncbi,,,NA,
1793,1794,0.104186831,96,FALSE,5.370839537,248.75,5.318746122,80.67567568,NA,ncbi,,,NA,
1794,1795,0.132445633,99,FALSE,5.50328517,249.5,5.437062353,80.91891892,NA,ncbi,,,NA,
1793,1796,0.036253853,98,FALSE,5.30290656,252.5,5.284779633,81.89189189,NA,ncbi,,,NA,
1796,1797,0.096589044,99,FALSE,5.399495604,251.5,5.351201082,81.56756757,NA,ncbi,,,NA,
1796,1798,0.081837475,100,FALSE,5.384744035,253.5,5.343825297,82.21621622,NA,ncbi,,,NA,
1792,1799,0.181314368,100,FALSE,5.378354923,256.765625,5.287697739,83.27533784,NA,ncbi,,,NA,
1799,1800,0.136326132,100,FALSE,5.514681055,258.53125,5.446517989,83.84797297,NA,ncbi,,,NA,
1800,1801,0.066708875,14,FALSE,5.581389929,261.0625,5.548035492,84.66891892,NA,ncbi,,,NA,
1801,1802,0.06122154,17,FALSE,5.642611469,258.5,5.612000699,83.83783784,NA,ncbi,,,NA,
1802,1803,0.430647553,100,FALSE,6.073259022,257.5,5.857935245,83.51351351,NA,ncbi,,,NA,
1802,1804,0.090762417,100,FALSE,5.733373886,259.5,5.687992678,84.16216216,NA,ncbi,,,NA,
1801,1805,0.041825025,52,FALSE,5.623214955,263.625,5.602302442,85.5,NA,ncbi,,,NA,
1805,1806,0.119207379,91,FALSE,5.742422334,265.5,5.682818644,86.10810811,NA,ncbi,,,NA,
1806,1807,0.312384231,100,FALSE,6.054806565,264.5,5.898614449,85.78378378,NA,ncbi,,,NA,
1806,1808,0.090855023,44,FALSE,5.833277357,266.5,5.787849845,86.43243243,NA,ncbi,,,NA,
1805,1809,0.063001768,51,FALSE,5.686216723,261.75,5.654715839,84.89189189,NA,ncbi,,,NA,
1809,1810,0.166710065,100,FALSE,5.852926788,262.5,5.769571756,85.13513514,NA,ncbi,,,NA,
1790,1811,0.064766697,83,FALSE,4.749183439,272.9472656,4.71680009,88.5234375,NA,ncbi,,,NA,
1811,1812,0.148682594,100,FALSE,4.897866033,277.0195313,4.823524736,89.8441723,NA,ncbi,,,NA,
1812,1813,0.101980071,100,FALSE,4.999846103,272.9375,4.948856068,88.52027027,NA,ncbi,,,NA,
1813,1814,0.121620443,100,FALSE,5.121466546,273.875,5.060656325,88.82432432,NA,ncbi,,,NA,
1814,1815,0.192373181,100,FALSE,5.313839727,274.75,5.217653137,89.10810811,NA,ncbi,,,NA,
1815,1816,0.166412872,100,FALSE,5.480252599,275.5,5.397046163,89.35135135,NA,ncbi,,,NA,
1812,1817,0.071233462,100,FALSE,4.969099495,281.1015625,4.933482764,91.16807432,NA,ncbi,,,NA,
1817,1818,0.195338644,100,FALSE,5.164438138,284.328125,5.066768816,92.21452703,NA,ncbi,,,NA,
1818,1819,0.065104685,100,FALSE,5.229542823,286.90625,5.196990481,93.05067568,NA,ncbi,,,NA,
1819,1820,0.151146366,100,FALSE,5.380689189,288.9375,5.305116006,93.70945946,NA,ncbi,,,NA,
1820,1821,0.069157857,100,FALSE,5.449847046,289.875,5.415268118,94.01351351,NA,ncbi,,,NA,
1821,1822,0.08969228,88,FALSE,5.539539327,290.75,5.494693186,94.2972973,NA,ncbi,,,NA,
1822,1823,0.046346967,88,FALSE,5.585886294,291.5,5.56271281,94.54054054,NA,ncbi,,,NA,
1819,1824,0.047209953,100,FALSE,5.276752776,284.875,5.253147799,92.39189189,NA,ncbi,,,NA,
1824,1825,0.10071851,100,FALSE,5.377471286,285.75,5.327112031,92.67567568,NA,ncbi,,,NA,
1825,1826,0.117480291,100,FALSE,5.494951577,286.5,5.436211431,92.91891892,NA,ncbi,,,NA,
1818,1827,0.047917284,100,FALSE,5.212355422,281.75,5.18839678,91.37837838,NA,ncbi,,,NA,
1827,1828,0.086670634,100,FALSE,5.299026056,282.5,5.255690739,91.62162162,NA,ncbi,,,NA,
1817,1829,0.109430583,100,FALSE,5.078530077,277.875,5.023814786,90.12162162,NA,ncbi,,,NA,
1829,1830,0.13344844,100,FALSE,5.211978518,278.75,5.145254298,90.40540541,NA,ncbi,,,NA,
1830,1831,0.062778146,98,FALSE,5.274756664,279.5,5.243367591,90.64864865,NA,ncbi,,,NA,
1811,1832,0.459003485,100,FALSE,5.208186924,268.875,4.978685181,87.2027027,NA,ncbi,,,NA,
1832,1833,0.140358223,100,FALSE,5.348545147,269.75,5.278366035,87.48648649,NA,ncbi,,,NA,
1833,1834,0.321422046,100,FALSE,5.669967192,270.5,5.50925617,87.72972973,NA,ncbi,,,NA,
1789,1835,0.073886111,33,FALSE,4.737435869,244.75,4.700492814,79.37837838,NA,ncbi,,,NA,
1835,1836,0.294603698,100,FALSE,5.032039567,245.5,4.884737718,79.62162162,NA,ncbi,,,NA,
1788,1837,0.172909405,100,FALSE,4.800326209,240.625,4.713871506,78.04054054,NA,ncbi,,,NA,
1837,1838,0.439403418,100,FALSE,5.239729627,241.75,5.020027918,78.40540541,NA,ncbi,,,NA,
1838,1839,0.054818054,100,FALSE,5.294547681,242.5,5.267138654,78.64864865,NA,ncbi,,,NA,
1837,1840,0.112388917,100,FALSE,4.912715126,239.5,4.856520667,77.67567568,NA,ncbi,,,NA,
1786,1841,0.038045212,34,FALSE,4.580330371,325.3485107,4.561307765,105.5184359,NA,ncbi,,,NA,
1841,1842,0.318114412,100,FALSE,4.898444783,296.921875,4.739387577,96.29898649,NA,ncbi,,,NA,
1842,1843,0.449433815,100,FALSE,5.347878598,299.90625,5.12316169,97.26689189,NA,ncbi,,,NA,
1843,1844,0.329484246,100,FALSE,5.677362844,298.5,5.512620721,96.81081081,NA,ncbi,,,NA,
1843,1845,0.27780257,100,FALSE,5.625681168,301.3125,5.486779883,97.72297297,NA,ncbi,,,NA,
1845,1846,0.097622786,100,FALSE,5.723303954,302.625,5.674492561,98.14864865,NA,ncbi,,,NA,
1846,1847,0.054291969,100,FALSE,5.777595923,303.75,5.750449938,98.51351351,NA,ncbi,,,NA,
1847,1848,0.077693286,100,FALSE,5.855289208,304.5,5.816442566,98.75675676,NA,ncbi,,,NA,
1846,1849,0.076635801,100,FALSE,5.799939755,301.5,5.761621854,97.78378378,NA,ncbi,,,NA,
1842,1850,0.414712659,100,FALSE,5.313157442,293.9375,5.105801112,95.33108108,NA,ncbi,,,NA,
1850,1851,0.188137103,100,FALSE,5.501294545,294.875,5.407225993,95.63513514,NA,ncbi,,,NA,
1851,1852,0.222304871,100,FALSE,5.723599415,295.75,5.61244698,95.91891892,NA,ncbi,,,NA,
1852,1853,0.196604276,100,FALSE,5.920203691,296.5,5.821901553,96.16216216,NA,ncbi,,,NA,
1841,1854,0.103841938,77,FALSE,4.684172308,353.7751465,4.632251339,114.7378853,NA,ncbi,,,NA,
1854,1855,0.117844556,98,FALSE,4.802016865,390.1174316,4.743094586,126.5245724,NA,ncbi,,,NA,
1855,1856,0.229727749,100,FALSE,5.031744614,402.418457,4.916880739,130.5140942,NA,ncbi,,,NA,
1856,1857,0.133841791,100,FALSE,5.165586405,407.9619141,5.098665509,132.3119721,NA,ncbi,,,NA,
1857,1858,0.048855393,62,FALSE,5.214441798,415.9238281,5.190014101,134.8942145,NA,ncbi,,,NA,
1858,1859,0.246318415,100,FALSE,5.460760213,424.9492188,5.337601005,137.8213682,NA,ncbi,,,NA,
1859,1860,0.055050833,93,FALSE,5.515811046,430.625,5.488285629,139.6621622,NA,ncbi,,,NA,
1860,1861,0.101268026,100,FALSE,5.617079072,432.5,5.566445059,140.2702703,NA,ncbi,,,NA,
1861,1862,0.114510755,100,FALSE,5.731589827,434,5.674334449,140.7567568,NA,ncbi,,,NA,
1862,1863,0.073894594,97,FALSE,5.805484421,436,5.768537124,141.4054054,NA,ncbi,,,NA,
1863,1864,0.050808727,90,FALSE,5.856293148,439,5.830888784,142.3783784,NA,ncbi,,,NA,
1864,1865,0.016570629,30,FALSE,5.872863776,434.875,5.864578462,141.0405405,NA,ncbi,,,NA,
1865,1866,0.033886741,39,FALSE,5.906750517,435.75,5.889807147,141.3243243,NA,ncbi,,,NA,
1866,1867,0.03385304,55,FALSE,5.940603557,436.5,5.923677037,141.5675676,NA,ncbi,,,NA,
1864,1868,0.057457669,33,FALSE,5.913750817,443.125,5.885021982,143.7162162,NA,ncbi,,,NA,
1868,1869,0.047722406,96,FALSE,5.961473223,440.25,5.93761202,142.7837838,NA,ncbi,,,NA,
1869,1870,0.069230111,99,FALSE,6.030703334,438.75,5.996088278,142.2972973,NA,ncbi,,,NA,
1870,1871,0.046550772,98,FALSE,6.077254106,439.5,6.05397872,142.5405405,NA,ncbi,,,NA,
1869,1872,0.046323066,97,FALSE,6.007796289,441.75,5.984634756,143.2702703,NA,ncbi,,,NA,
1872,1873,0.148401601,100,FALSE,6.156197889,442.5,6.081997089,143.5135135,NA,ncbi,,,NA,
1868,1874,0.085382681,85,FALSE,5.999133498,446,5.956442157,144.6486486,NA,ncbi,,,NA,
1874,1875,0.081956536,100,FALSE,6.081090034,447.5,6.040111766,145.1351351,NA,ncbi,,,NA,
1875,1876,0.035052339,92,FALSE,6.116142373,446.5,6.098616203,144.8108108,NA,ncbi,,,NA,
1875,1877,0.063531131,100,FALSE,6.144621164,448.5,6.112855599,145.4594595,NA,ncbi,,,NA,
1874,1878,0.043277554,30,FALSE,6.042411051,444.5,6.020772274,144.1621622,NA,ncbi,,,NA,
1860,1879,0.055811847,63,FALSE,5.571622893,428.75,5.54371697,139.0540541,NA,ncbi,,,NA,
1879,1880,0.203858891,100,FALSE,5.775481784,429.5,5.673552339,139.2972973,NA,ncbi,,,NA,
1859,1881,0.073223593,92,FALSE,5.533983806,419.2734375,5.49737201,135.9805743,NA,ncbi,,,NA,
1881,1882,0.078957442,100,FALSE,5.612941249,420.546875,5.573462527,136.3935811,NA,ncbi,,,NA,
1882,1883,0.059180423,80,FALSE,5.672121671,422.09375,5.64253146,136.8952703,NA,ncbi,,,NA,
1883,1884,0.092360154,80,FALSE,5.764481825,423.6875,5.718301748,137.4121622,NA,ncbi,,,NA,
1884,1885,0.365665886,100,FALSE,6.130147711,422.5,5.947314768,137.027027,NA,ncbi,,,NA,
1884,1886,0.069775507,100,FALSE,5.834257332,424.875,5.799369579,137.7972973,NA,ncbi,,,NA,
1886,1887,0.140580566,100,FALSE,5.974837898,425.75,5.904547615,138.0810811,NA,ncbi,,,NA,
1887,1888,0.09484912,100,FALSE,6.069687018,426.5,6.022262458,138.3243243,NA,ncbi,,,NA,
1883,1889,0.112430825,100,FALSE,5.784552497,420.5,5.728337084,136.3783784,NA,ncbi,,,NA,
1858,1890,0.324417907,100,FALSE,5.538859705,406.8984375,5.376650751,131.9670608,NA,ncbi,,,NA,
1890,1891,0.025939056,95,FALSE,5.56479876,410.546875,5.551829232,133.1503378,NA,ncbi,,,NA,
1891,1892,0.14770695,100,FALSE,5.71250571,412.09375,5.638652235,133.652027,NA,ncbi,,,NA,
1892,1893,0.175154098,100,FALSE,5.887659807,410.5,5.800082759,133.1351351,NA,ncbi,,,NA,
1892,1894,0.160378009,100,FALSE,5.872883718,413.6875,5.792694714,134.1689189,NA,ncbi,,,NA,
1894,1895,0.039368637,100,FALSE,5.912252356,412.5,5.892568037,133.7837838,NA,ncbi,,,NA,
1894,1896,0.070654884,100,FALSE,5.943538602,414.875,5.90821116,134.5540541,NA,ncbi,,,NA,
1896,1897,0.076104767,100,FALSE,6.019643369,415.75,5.981590985,134.8378378,NA,ncbi,,,NA,
1897,1898,0.061749418,100,FALSE,6.081392787,416.5,6.050518078,135.0810811,NA,ncbi,,,NA,
1890,1899,0.030115901,83,FALSE,5.568975606,403.25,5.553917655,130.7837838,NA,ncbi,,,NA,
1899,1900,0.035415129,90,FALSE,5.604390735,405,5.58668317,131.3513514,NA,ncbi,,,NA,
1900,1901,0.26981453,100,FALSE,5.874205265,403.5,5.739298,130.8648649,NA,ncbi,,,NA,
1900,1902,0.145303507,99,FALSE,5.749694242,406.5,5.677042488,131.8378378,NA,ncbi,,,NA,
1902,1903,0.071582007,75,FALSE,5.821276249,405.5,5.785485245,131.5135135,NA,ncbi,,,NA,
1902,1904,0.045459578,77,FALSE,5.795153819,407.5,5.77242403,132.1621622,NA,ncbi,,,NA,
1899,1905,0.09274481,100,FALSE,5.661720416,401.5,5.615348011,130.2162162,NA,ncbi,,,NA,
1856,1906,0.358003271,100,FALSE,5.389747885,396.875,5.210746249,128.7162162,NA,ncbi,,,NA,
1906,1907,0.131372253,100,FALSE,5.521120138,397.75,5.455434011,129,NA,ncbi,,,NA,
1907,1908,0.146232897,100,FALSE,5.667353034,398.5,5.594236586,129.2432432,NA,ncbi,,,NA,
1855,1909,0.088275833,98,FALSE,4.890292697,377.8164063,4.846154781,122.5350507,NA,ncbi,,,NA,
1909,1910,0.09960276,73,FALSE,4.989895458,383.2890625,4.940094077,124.3099662,NA,ncbi,,,NA,
1910,1911,0.172386954,97,FALSE,5.162282411,379.3125,5.076088934,123.0202703,NA,ncbi,,,NA,
1911,1912,0.115240169,94,FALSE,5.27752258,380.625,5.219902496,123.4459459,NA,ncbi,,,NA,
1912,1913,0.314779072,100,FALSE,5.592301652,379.5,5.434912116,123.0810811,NA,ncbi,,,NA,
1912,1914,0.223048303,97,FALSE,5.500570883,381.75,5.389046732,123.8108108,NA,ncbi,,,NA,
1914,1915,0.624681745,100,FALSE,6.125252628,382.5,5.812911755,124.0540541,NA,ncbi,,,NA,
1910,1916,0.240626938,100,FALSE,5.230522395,387.265625,5.110208927,125.5996622,NA,ncbi,,,NA,
1916,1917,0.190075912,100,FALSE,5.420598307,389.65625,5.325560351,126.375,NA,ncbi,,,NA,
1917,1918,0.108701481,84,FALSE,5.529299788,391.3125,5.474949048,126.9121622,NA,ncbi,,,NA,
1918,1919,0.02496014,75,FALSE,5.554259928,389.75,5.541779858,126.4054054,NA,ncbi,,,NA,
1919,1920,0.120615497,100,FALSE,5.674875426,390.5,5.614567677,126.6486486,NA,ncbi,,,NA,
1918,1921,0.038356629,100,FALSE,5.567656417,392.875,5.548478102,127.4189189,NA,ncbi,,,NA,
1921,1922,0.03203873,100,FALSE,5.599695147,393.75,5.583675782,127.7027027,NA,ncbi,,,NA,
1922,1923,0.029405421,100,FALSE,5.629100568,394.5,5.614397857,127.9459459,NA,ncbi,,,NA,
1916,1924,0.189849519,100,FALSE,5.420371914,384.875,5.325447155,124.8243243,NA,ncbi,,,NA,
1924,1925,0.050071185,92,FALSE,5.470443099,385.75,5.445407507,125.1081081,NA,ncbi,,,NA,
1925,1926,0.076664419,100,FALSE,5.547107518,386.5,5.508775309,125.3513514,NA,ncbi,,,NA,
1909,1927,0.343296246,100,FALSE,5.233588943,372.34375,5.06194082,120.7601351,NA,ncbi,,,NA,
1927,1928,0.343094084,100,FALSE,5.576683027,373.6875,5.405135985,121.1959459,NA,ncbi,,,NA,
1928,1929,0.050661636,96,FALSE,5.627344663,374.875,5.602013845,121.5810811,NA,ncbi,,,NA,
1929,1930,0.036743241,86,FALSE,5.664087904,375.75,5.645716283,121.8648649,NA,ncbi,,,NA,
1930,1931,0.217047784,100,FALSE,5.881135688,376.5,5.772611796,122.1081081,NA,ncbi,,,NA,
1928,1932,0.087153801,100,FALSE,5.663836828,372.5,5.620259927,120.8108108,NA,ncbi,,,NA,
1854,1933,0.095650325,76,FALSE,4.779822633,317.4328613,4.73199747,102.9511983,NA,ncbi,,,NA,
1933,1934,0.120828317,76,FALSE,4.90065095,308,4.840236791,99.89189189,NA,ncbi,,,NA,
1934,1935,0.46396521,100,FALSE,5.36461616,306.5,5.132633555,99.40540541,NA,ncbi,,,NA,
1934,1936,0.042613946,26,FALSE,4.943264896,309.5,4.921957923,100.3783784,NA,ncbi,,,NA,
1936,1937,0.303813407,100,FALSE,5.247078303,308.5,5.095171599,100.0540541,NA,ncbi,,,NA,
1936,1938,0.282807384,80,FALSE,5.22607228,310.5,5.084668588,100.7027027,NA,ncbi,,,NA,
1933,1939,0.119735354,99,FALSE,4.899557987,326.8657227,4.83969031,106.0105046,NA,ncbi,,,NA,
1939,1940,0.192027588,100,FALSE,5.091585575,314.5253906,4.995571781,102.0082348,NA,ncbi,,,NA,
1940,1941,0.076896719,83,FALSE,5.168482294,317.0507813,5.130033934,102.8272804,NA,ncbi,,,NA,
1941,1942,0.072398513,84,FALSE,5.240880806,321.1015625,5.20468155,104.1410473,NA,ncbi,,,NA,
1942,1943,0.122294464,100,FALSE,5.36317527,326.109375,5.302028038,105.7652027,NA,ncbi,,,NA,
1943,1944,0.151454163,100,FALSE,5.514629433,323.5,5.438902352,104.9189189,NA,ncbi,,,NA,
1944,1945,0.100176223,100,FALSE,5.614805656,322.5,5.564717544,104.5945946,NA,ncbi,,,NA,
1944,1946,0.061721454,90,FALSE,5.576350887,324.5,5.54549016,105.2432432,NA,ncbi,,,NA,
1943,1947,0.094634832,100,FALSE,5.457810102,328.71875,5.410492686,106.6114865,NA,ncbi,,,NA,
1947,1948,0.065035389,100,FALSE,5.522845491,330.6875,5.490327796,107.25,NA,ncbi,,,NA,
1948,1949,0.023595846,87,FALSE,5.546441337,331.875,5.534643414,107.6351351,NA,ncbi,,,NA,
1949,1950,0.041056542,100,FALSE,5.587497879,332.75,5.566969608,107.9189189,NA,ncbi,,,NA,
1950,1951,0.04563108,100,FALSE,5.633128959,333.5,5.610313419,108.1621622,NA,ncbi,,,NA,
1948,1952,0.099360566,97,FALSE,5.622206057,329.5,5.572525774,106.8648649,NA,ncbi,,,NA,
1947,1953,0.036134515,100,FALSE,5.493944617,326.75,5.475877359,105.972973,NA,ncbi,,,NA,
1953,1954,0.028468617,37,FALSE,5.522413234,327.5,5.508178925,106.2162162,NA,ncbi,,,NA,
1942,1955,0.072351657,100,FALSE,5.313232464,316.09375,5.277056635,102.5168919,NA,ncbi,,,NA,
1955,1956,0.149939934,100,FALSE,5.463172398,317.6875,5.388202431,103.0337838,NA,ncbi,,,NA,
1956,1957,0.072154536,100,FALSE,5.535326934,318.875,5.499249666,103.4189189,NA,ncbi,,,NA,
1957,1958,0.059435911,100,FALSE,5.594762845,319.75,5.56504489,103.7027027,NA,ncbi,,,NA,
1958,1959,0.074710716,100,FALSE,5.669473561,320.5,5.632118203,103.9459459,NA,ncbi,,,NA,
1956,1960,0.087386894,100,FALSE,5.550559292,316.5,5.506865845,102.6486486,NA,ncbi,,,NA,
1955,1961,0.139401153,100,FALSE,5.452633617,314.5,5.38293304,102,NA,ncbi,,,NA,
1939,1962,0.071998061,92,FALSE,4.971556048,339.2060547,4.935557017,110.0127745,NA,ncbi,,,NA,
1962,1963,0.168479362,97,FALSE,5.14003541,343.4121094,5.055795729,111.3769003,NA,ncbi,,,NA,
1963,1964,0.13618832,100,FALSE,5.276223729,337.71875,5.208129569,109.5304054,NA,ncbi,,,NA,
1964,1965,0.135471294,100,FALSE,5.411695023,336.5,5.343959376,109.1351351,NA,ncbi,,,NA,
1964,1966,0.086856007,100,FALSE,5.363079737,338.9375,5.319651733,109.9256757,NA,ncbi,,,NA,
1966,1967,0.075686552,100,FALSE,5.438766288,339.875,5.400923012,110.2297297,NA,ncbi,,,NA,
1967,1968,0.082159645,95,FALSE,5.520925933,340.75,5.479846111,110.5135135,NA,ncbi,,,NA,
1968,1969,0.050272801,100,FALSE,5.571198734,341.5,5.546062333,110.7567568,NA,ncbi,,,NA,
1963,1970,0.043847465,64,FALSE,5.183882875,349.1054688,5.161959142,113.2233953,NA,ncbi,,,NA,
1970,1971,0.195609609,100,FALSE,5.379492484,353.1484375,5.28168768,114.5346284,NA,ncbi,,,NA,
1971,1972,0.059051214,97,FALSE,5.438543698,355.796875,5.409018091,115.3935811,NA,ncbi,,,NA,
1972,1973,0.068412346,88,FALSE,5.506956044,359.59375,5.472749871,116.625,NA,ncbi,,,NA,
1973,1974,0.048635759,89,FALSE,5.555591803,363.5,5.531273924,117.8918919,NA,ncbi,,,NA,
1974,1975,0.357287564,100,FALSE,5.912879367,361.5,5.734235585,117.2432432,NA,ncbi,,,NA,
1974,1976,0.090962752,100,FALSE,5.646554555,365.5,5.601073179,118.5405405,NA,ncbi,,,NA,
1976,1977,0.054267716,100,FALSE,5.700822271,363.75,5.673688413,117.972973,NA,ncbi,,,NA,
1977,1978,0.09965912,100,FALSE,5.800481391,364.5,5.750651831,118.2162162,NA,ncbi,,,NA,
1976,1979,0.046311018,100,FALSE,5.692865573,367.25,5.669710064,119.1081081,NA,ncbi,,,NA,
1979,1980,0.055403894,100,FALSE,5.748269467,368.5,5.72056752,119.5135135,NA,ncbi,,,NA,
1980,1981,0.050573226,100,FALSE,5.798842694,367.5,5.77355608,119.1891892,NA,ncbi,,,NA,
1980,1982,0.071517088,100,FALSE,5.819786555,369.5,5.784028011,119.8378378,NA,ncbi,,,NA,
1973,1983,0.048858233,82,FALSE,5.555814277,355.6875,5.531385161,115.3581081,NA,ncbi,,,NA,
1983,1984,0.044146123,57,FALSE,5.5999604,357.625,5.577887339,115.9864865,NA,ncbi,,,NA,
1984,1985,0.155142149,100,FALSE,5.755102549,356.5,5.677531474,115.6216216,NA,ncbi,,,NA,
1984,1986,0.058500022,56,FALSE,5.658460422,358.75,5.629210411,116.3513514,NA,ncbi,,,NA,
1986,1987,0.039468325,73,FALSE,5.697928746,359.5,5.678194584,116.5945946,NA,ncbi,,,NA,
1983,1988,0.138578195,100,FALSE,5.694392473,353.75,5.625103375,114.7297297,NA,ncbi,,,NA,
1988,1989,0.107279345,100,FALSE,5.801671818,354.5,5.748032145,114.972973,NA,ncbi,,,NA,
1971,1990,0.106305568,100,FALSE,5.485798052,350.5,5.432645268,113.6756757,NA,ncbi,,,NA,
1970,1991,0.062550435,84,FALSE,5.24643331,345.0625,5.215158093,111.9121622,NA,ncbi,,,NA,
1991,1992,0.296649312,100,FALSE,5.543082622,346.625,5.394757966,112.4189189,NA,ncbi,,,NA,
1992,1993,0.276766814,100,FALSE,5.819849436,347.75,5.681466029,112.7837838,NA,ncbi,,,NA,
1993,1994,0.107118757,100,FALSE,5.926968192,348.5,5.873408814,113.027027,NA,ncbi,,,NA,
1992,1995,0.136257059,100,FALSE,5.679339681,345.5,5.611211152,112.0540541,NA,ncbi,,,NA,
1991,1996,0.252269315,100,FALSE,5.498702626,343.5,5.372567968,111.4054054,NA,ncbi,,,NA,
1785,1997,0.390631059,100,FALSE,4.80927076,229.9296875,4.613955231,74.57179054,NA,ncbi,,,NA,
1997,1998,0.055699117,99,FALSE,4.864969878,227.875,4.837120319,73.90540541,NA,ncbi,,,NA,
1998,1999,0.096800641,100,FALSE,4.961770519,228.75,4.913370198,74.18918919,NA,ncbi,,,NA,
1999,2000,0.157820151,100,FALSE,5.11959067,229.5,5.040680594,74.43243243,NA,ncbi,,,NA,
1997,2001,0.044348694,86,FALSE,4.853619455,231.984375,4.831445107,75.23817568,NA,ncbi,,,NA,
2001,2002,0.166662535,100,FALSE,5.020281989,232.96875,4.936950722,75.55743243,NA,ncbi,,,NA,
2002,2003,0.05023167,84,FALSE,5.070513659,233.9375,5.045397824,75.87162162,NA,ncbi,,,NA,
2003,2004,0.024766293,28,FALSE,5.095279952,234.875,5.082896805,76.17567568,NA,ncbi,,,NA,
2004,2005,0.106233389,100,FALSE,5.20151334,235.75,5.148396646,76.45945946,NA,ncbi,,,NA,
2005,2006,0.08305922,100,FALSE,5.28457256,236.5,5.24304295,76.7027027,NA,ncbi,,,NA,
1784,2007,0.183349012,86,FALSE,4.556570296,223.875,4.46489579,72.60810811,NA,ncbi,,,NA,
2007,2008,0.516934,100,FALSE,5.073504297,224.75,4.815037297,72.89189189,NA,ncbi,,,NA,
2008,2009,0.34978487,100,FALSE,5.423289167,225.5,5.248396732,73.13513514,NA,ncbi,,,NA,
1122,2010,0.035385842,29,FALSE,4.334143574,197.0776367,4.316450653,63.91707137,NA,ncbi,,,NA,
2010,2011,0.131905432,99,FALSE,4.466049005,189.0703125,4.40009629,61.32010135,NA,ncbi,,,NA,
2011,2012,0.03604363,100,FALSE,4.502092635,190.640625,4.48407082,61.82939189,NA,ncbi,,,NA,
2012,2013,0.280935379,100,FALSE,4.783028014,192.28125,4.642560325,62.36148649,NA,ncbi,,,NA,
2013,2014,0.154839473,100,FALSE,4.937867487,194.0625,4.860447751,62.93918919,NA,ncbi,,,NA,
2014,2015,0.142058397,100,FALSE,5.079925884,195.625,5.008896685,63.44594595,NA,ncbi,,,NA,
2015,2016,0.064642785,98,FALSE,5.144568669,197.25,5.112247276,63.97297297,NA,ncbi,,,NA,
2016,2017,0.018794591,89,FALSE,5.16336326,195.75,5.153965964,63.48648649,NA,ncbi,,,NA,
2017,2018,0.031662992,91,FALSE,5.195026251,196.5,5.179194756,63.72972973,NA,ncbi,,,NA,
2016,2019,0.120717417,100,FALSE,5.265286086,198.75,5.204927377,64.45945946,NA,ncbi,,,NA,
2019,2020,0.056352937,97,FALSE,5.321639023,199.5,5.293462554,64.7027027,NA,ncbi,,,NA,
2014,2021,0.065425676,100,FALSE,5.003293164,192.5,4.970580325,62.43243243,NA,ncbi,,,NA,
2013,2022,0.136110221,100,FALSE,4.919138236,190.5,4.851083125,61.78378378,NA,ncbi,,,NA,
2011,2023,0.536629957,100,FALSE,5.002678962,187.5,4.734363984,60.81081081,NA,ncbi,,,NA,
2010,2024,0.070084222,31,FALSE,4.404227796,205.0849609,4.369185685,66.51404139,NA,ncbi,,,NA,
2024,2025,0.085987179,96,FALSE,4.490214975,208.6699219,4.447221385,67.67673142,NA,ncbi,,,NA,
2025,2026,0.106697054,97,FALSE,4.596912029,204.625,4.543563502,66.36486486,NA,ncbi,,,NA,
2026,2027,0.256468137,100,FALSE,4.853380166,203.5,4.725146098,66,NA,ncbi,,,NA,
2026,2028,0.111877202,95,FALSE,4.708789231,205.75,4.65285063,66.72972973,NA,ncbi,,,NA,
2028,2029,0.099094094,95,FALSE,4.807883325,206.5,4.758336278,66.97297297,NA,ncbi,,,NA,
2025,2030,0.12771863,100,FALSE,4.617933605,212.7148438,4.55407429,68.98859797,NA,ncbi,,,NA,
2030,2031,0.203573812,100,FALSE,4.821507417,215.7421875,4.719720511,69.97043919,NA,ncbi,,,NA,
2031,2032,0.131828981,100,FALSE,4.953336398,216.984375,4.887421907,70.37331081,NA,ncbi,,,NA,
2032,2033,0.062985949,100,FALSE,5.016322347,217.96875,4.984829372,70.69256757,NA,ncbi,,,NA,
2033,2034,0.107410037,100,FALSE,5.123732384,218.9375,5.070027365,71.00675676,NA,ncbi,,,NA,
2034,2035,0.15432821,100,FALSE,5.278060594,219.875,5.200896489,71.31081081,NA,ncbi,,,NA,
2035,2036,0.07360496,100,FALSE,5.351665553,220.75,5.314863073,71.59459459,NA,ncbi,,,NA,
2036,2037,0.080316931,100,FALSE,5.431982484,221.5,5.391824019,71.83783784,NA,ncbi,,,NA,
2031,2038,0.317806364,100,FALSE,5.139313781,214.5,4.980410599,69.56756757,NA,ncbi,,,NA,
2030,2039,0.188848699,100,FALSE,4.806782304,209.6875,4.712357954,68.00675676,NA,ncbi,,,NA,
2039,2040,0.089895396,100,FALSE,4.8966777,210.875,4.851730002,68.39189189,NA,ncbi,,,NA,
2040,2041,0.152406425,100,FALSE,5.049084125,211.75,4.972880912,68.67567568,NA,ncbi,,,NA,
2041,2042,0.090041787,100,FALSE,5.139125912,212.5,5.094105018,68.91891892,NA,ncbi,,,NA,
2039,2043,0.184870767,100,FALSE,4.99165307,208.5,4.899217687,67.62162162,NA,ncbi,,,NA,
2024,2044,0.20488375,97,FALSE,4.609111546,201.5,4.506669671,65.35135135,NA,ncbi,,,NA,
1121,2045,0.225241283,100,FALSE,4.477680429,174.65625,4.365059788,56.64527027,NA,ncbi,,,NA,
2045,2046,0.070687926,77,FALSE,4.548368355,176.8125,4.513024392,57.34459459,NA,ncbi,,,NA,
2046,2047,0.229811495,100,FALSE,4.77817985,179.125,4.663274102,58.09459459,NA,ncbi,,,NA,
2047,2048,0.312951811,100,FALSE,5.091131661,181.5,4.934655755,58.86486486,NA,ncbi,,,NA,
2048,2049,0.129707669,93,FALSE,5.22083933,183.25,5.155985495,59.43243243,NA,ncbi,,,NA,
2049,2050,0.051289155,63,FALSE,5.272128485,184.5,5.246483907,59.83783784,NA,ncbi,,,NA,
2050,2051,0.271864249,92,FALSE,5.543992734,183.5,5.408060609,59.51351351,NA,ncbi,,,NA,
2050,2052,0.353872646,100,FALSE,5.62600113,185.5,5.449064807,60.16216216,NA,ncbi,,,NA,
2048,2053,0.477819494,100,FALSE,5.568951155,179.75,5.330041408,58.2972973,NA,ncbi,,,NA,
2053,2054,0.153112982,100,FALSE,5.722064137,180.5,5.645507646,58.54054054,NA,ncbi,,,NA,
2047,2055,0.457497361,100,FALSE,5.235677211,176.75,5.00692853,57.32432432,NA,ncbi,,,NA,
2055,2056,0.34350554,100,FALSE,5.579182751,177.5,5.407429981,57.56756757,NA,ncbi,,,NA,
2046,2057,0.171984636,81,FALSE,4.720352991,174.5,4.634360673,56.59459459,NA,ncbi,,,NA,
2045,2058,0.201456791,83,FALSE,4.67913722,172.5,4.578408825,55.94594595,NA,ncbi,,,NA,
1120,2059,0.091881534,92,FALSE,4.283452466,133.1362305,4.237511699,43.17931799,NA,ncbi,,,NA,
2059,2060,0.077950466,92,FALSE,4.361402931,123.921875,4.322427699,40.19087838,NA,ncbi,,,NA,
2060,2061,0.515684336,100,FALSE,4.877087267,125.96875,4.619245099,40.85472973,NA,ncbi,,,NA,
2061,2062,0.086631877,100,FALSE,4.963719143,126.9375,4.920403205,41.16891892,NA,ncbi,,,NA,
2062,2063,0.149350573,100,FALSE,5.113069716,127.875,5.03839443,41.47297297,NA,ncbi,,,NA,
2063,2064,0.168715674,100,FALSE,5.28178539,128.75,5.197427553,41.75675676,NA,ncbi,,,NA,
2064,2065,0.172272025,100,FALSE,5.454057415,129.5,5.367921403,42,NA,ncbi,,,NA,
2060,2066,0.28806771,92,FALSE,4.649470642,121.875,4.505436787,39.52702703,NA,ncbi,,,NA,
2066,2067,0.611772324,100,FALSE,5.261242966,122.75,4.955356804,39.81081081,NA,ncbi,,,NA,
2067,2068,0.067731357,100,FALSE,5.328974323,123.5,5.295108644,40.05405405,NA,ncbi,,,NA,
2059,2069,0.461027543,100,FALSE,4.744480009,142.3505859,4.513966237,46.1677576,NA,ncbi,,,NA,
2069,2070,0.191180389,100,FALSE,4.935660398,152.1464844,4.840070203,49.34480574,NA,ncbi,,,NA,
2070,2071,0.085757476,99,FALSE,5.021417873,144.625,4.978539136,46.90540541,NA,ncbi,,,NA,
2071,2072,0.184826268,100,FALSE,5.206244141,147.5,5.113831007,47.83783784,NA,ncbi,,,NA,
2072,2073,0.09994103,100,FALSE,5.306185171,144.75,5.256214656,46.94594595,NA,ncbi,,,NA,
2073,2074,0.234290036,100,FALSE,5.540475206,145.5,5.423330189,47.18918919,NA,ncbi,,,NA,
2072,2075,0.100886272,99,FALSE,5.307130413,150.25,5.256687277,48.72972973,NA,ncbi,,,NA,
2075,2076,0.037932462,94,FALSE,5.345062875,152.625,5.326096644,49.5,NA,ncbi,,,NA,
2076,2077,0.135729557,100,FALSE,5.480792432,153.75,5.412927654,49.86486486,NA,ncbi,,,NA,
2077,2078,0.208914142,100,FALSE,5.689706574,154.5,5.585249503,50.10810811,NA,ncbi,,,NA,
2076,2079,0.230892929,100,FALSE,5.575955804,151.5,5.460509339,49.13513514,NA,ncbi,,,NA,
2075,2080,0.101951565,100,FALSE,5.409081978,147.875,5.358106196,47.95945946,NA,ncbi,,,NA,
2080,2081,0.082393182,100,FALSE,5.49147516,148.75,5.450278569,48.24324324,NA,ncbi,,,NA,
2081,2082,0.085391984,100,FALSE,5.576867145,149.5,5.534171152,48.48648649,NA,ncbi,,,NA,
2071,2083,0.308287983,100,FALSE,5.329705856,141.75,5.175561865,45.97297297,NA,ncbi,,,NA,
2083,2084,0.092085979,54,FALSE,5.421791835,142.5,5.375748846,46.21621622,NA,ncbi,,,NA,
2070,2085,0.132810503,100,FALSE,5.068470901,159.6679688,5.002065649,51.78420608,NA,ncbi,,,NA,
2085,2086,0.241901944,100,FALSE,5.310372845,156.875,5.189421873,50.87837838,NA,ncbi,,,NA,
2086,2087,0.101239863,95,FALSE,5.411612707,157.75,5.360992776,51.16216216,NA,ncbi,,,NA,
2087,2088,0.296093594,100,FALSE,5.707706301,158.5,5.559659504,51.40540541,NA,ncbi,,,NA,
2085,2089,0.062383519,98,FALSE,5.130854419,162.4609375,5.09966266,52.69003378,NA,ncbi,,,NA,
2089,2090,0.12654351,90,FALSE,5.257397929,164.421875,5.194126174,53.32601351,NA,ncbi,,,NA,
2090,2091,0.833775697,100,FALSE,6.091173627,162.5,5.674285778,52.7027027,NA,ncbi,,,NA,
2090,2092,0.192424634,99,FALSE,5.449822563,166.34375,5.353610246,53.94932432,NA,ncbi,,,NA,
2092,2093,0.187072617,100,FALSE,5.63689518,167.9375,5.543358872,54.46621622,NA,ncbi,,,NA,
2093,2094,0.114939965,100,FALSE,5.751835145,168.875,5.694365163,54.77027027,NA,ncbi,,,NA,
2094,2095,0.084859935,100,FALSE,5.83669508,169.75,5.794265112,55.05405405,NA,ncbi,,,NA,
2095,2096,0.072846568,100,FALSE,5.909541648,170.5,5.873118364,55.2972973,NA,ncbi,,,NA,
2092,2097,0.077507958,94,FALSE,5.527330521,164.75,5.488576542,53.43243243,NA,ncbi,,,NA,
2097,2098,0.089502926,94,FALSE,5.616833447,165.5,5.572081984,53.67567568,NA,ncbi,,,NA,
2089,2099,0.605099497,100,FALSE,5.735953916,160.5,5.433404168,52.05405405,NA,ncbi,,,NA,
2069,2100,0.446405519,100,FALSE,5.190885528,132.5546875,4.967682768,42.99070946,NA,ncbi,,,NA,
2100,2101,0.063369162,88,FALSE,5.25425469,134.109375,5.222570109,43.49493243,NA,ncbi,,,NA,
2101,2102,0.402346535,100,FALSE,5.656601225,135.71875,5.455427958,44.01689189,NA,ncbi,,,NA,
2102,2103,0.083416856,96,FALSE,5.740018081,136.9375,5.698309653,44.41216216,NA,ncbi,,,NA,
2103,2104,0.112382814,100,FALSE,5.852400896,137.875,5.796209489,44.71621622,NA,ncbi,,,NA,
2104,2105,0.036105297,41,FALSE,5.888506192,138.75,5.870453544,45,NA,ncbi,,,NA,
2105,2106,0.038796697,41,FALSE,5.92730289,139.5,5.907904541,45.24324324,NA,ncbi,,,NA,
2102,2107,0.165863735,100,FALSE,5.82246496,134.5,5.739533093,43.62162162,NA,ncbi,,,NA,
2101,2108,0.174804727,100,FALSE,5.429059417,132.5,5.341657053,42.97297297,NA,ncbi,,,NA,
1119,2109,0.76521979,100,FALSE,4.896848383,119.5,4.514238488,38.75675676,NA,ncbi,,,NA,
1118,2110,0.320134944,100,FALSE,4.355574716,115.625,4.195507244,37.5,NA,ncbi,,,NA,
2110,2111,0.106579522,90,FALSE,4.462154238,116.75,4.408864477,37.86486486,NA,ncbi,,,NA,
2111,2112,0.187544834,100,FALSE,4.649699072,117.5,4.555926655,38.10810811,NA,ncbi,,,NA,
2110,2113,0.345421335,100,FALSE,4.700996051,114.5,4.528285384,37.13513514,NA,ncbi,,,NA,
1117,2114,0.383016951,100,FALSE,4.025237901,104.796875,3.833729426,33.98817568,NA,ncbi,,,NA,
2114,2115,0.032385755,99,FALSE,4.057623656,106.59375,4.041430779,34.57094595,NA,ncbi,,,NA,
2115,2116,0.227721082,97,FALSE,4.285344737,108.6875,4.171484197,35.25,NA,ncbi,,,NA,
2116,2117,0.228429986,100,FALSE,4.513774723,110.625,4.39955973,35.87837838,NA,ncbi,,,NA,
2117,2118,0.580011621,100,FALSE,5.093786345,111.75,4.803780534,36.24324324,NA,ncbi,,,NA,
2118,2119,0.442119365,100,FALSE,5.53590571,112.5,5.314846027,36.48648649,NA,ncbi,,,NA,
2117,2120,0.711648879,100,FALSE,5.225423602,109.5,4.869599162,35.51351351,NA,ncbi,,,NA,
2116,2121,1.217813825,100,FALSE,5.503158562,106.75,4.89425165,34.62162162,NA,ncbi,,,NA,
2121,2122,0.169773381,100,FALSE,5.672931944,107.5,5.588045253,34.86486486,NA,ncbi,,,NA,
2115,2123,1.459797893,100,FALSE,5.517421549,104.5,4.787522602,33.89189189,NA,ncbi,,,NA,
1116,2124,0.228718495,82,FALSE,3.765203728,100.5,3.650844481,32.59459459,NA,ncbi,,,NA,
2124,2125,1.387718593,100,FALSE,5.152922321,99.5,4.459063025,32.27027027,NA,ncbi,,,NA,
2124,2126,1.231595601,100,FALSE,4.996799329,101.5,4.381001529,32.91891892,NA,ncbi,,,NA,
1115,2127,0.381311438,100,FALSE,3.824787033,75.4921875,3.634131314,24.4839527,NA,ncbi,,,NA,
2127,2128,0.064729188,95,FALSE,3.889516222,78.484375,3.857151627,25.45439189,NA,ncbi,,,NA,
2128,2129,0.160298783,99,FALSE,4.049815004,82.09375,3.969665613,26.625,NA,ncbi,,,NA,
2129,2130,0.081823211,98,FALSE,4.131638215,85.6875,4.09072661,27.79054054,NA,ncbi,,,NA,
2130,2131,0.03631048,99,FALSE,4.167948695,89.125,4.149793455,28.90540541,NA,ncbi,,,NA,
2131,2132,0.204142429,100,FALSE,4.372091124,91.5,4.27001991,29.67567568,NA,ncbi,,,NA,
2132,2133,0.373421546,100,FALSE,4.74551267,93.5,4.558801897,30.32432432,NA,ncbi,,,NA,
2133,2134,0.200677845,100,FALSE,4.946190515,91.75,4.845851593,29.75675676,NA,ncbi,,,NA,
2134,2135,0.098432701,100,FALSE,5.044623216,92.5,4.995406865,30,NA,ncbi,,,NA,
2133,2136,0.050384275,79,FALSE,4.795896945,95.25,4.770704808,30.89189189,NA,ncbi,,,NA,
2136,2137,0.099165957,82,FALSE,4.895062902,96.5,4.845479924,31.2972973,NA,ncbi,,,NA,
2137,2138,0.064822572,81,FALSE,4.959885475,95.5,4.927474188,30.97297297,NA,ncbi,,,NA,
2137,2139,0.204598871,100,FALSE,5.099661773,97.5,4.997362338,31.62162162,NA,ncbi,,,NA,
2132,2140,0.30615009,100,FALSE,4.678241214,89.5,4.525166169,29.02702703,NA,ncbi,,,NA,
2131,2141,0.487056301,100,FALSE,4.655004996,86.75,4.411476846,28.13513514,NA,ncbi,,,NA,
2141,2142,0.385077109,100,FALSE,5.040082105,87.5,4.84754355,28.37837838,NA,ncbi,,,NA,
2130,2143,0.210086069,100,FALSE,4.341724284,82.25,4.236681249,26.67567568,NA,ncbi,,,NA,
2143,2144,0.139480999,100,FALSE,4.481205283,80.75,4.411464783,26.18918919,NA,ncbi,,,NA,
2144,2145,0.13603964,100,FALSE,4.617244922,81.5,4.549225102,26.43243243,NA,ncbi,,,NA,
2143,2146,0.180462287,100,FALSE,4.52218657,83.75,4.431955427,27.16216216,NA,ncbi,,,NA,
2146,2147,0.032192879,99,FALSE,4.554379449,84.5,4.53828301,27.40540541,NA,ncbi,,,NA,
2129,2148,0.17531605,100,FALSE,4.225131054,78.5,4.137473029,25.45945946,NA,ncbi,,,NA,
2128,2149,0.362658572,100,FALSE,4.252174793,74.875,4.070845507,24.28378378,NA,ncbi,,,NA,
2149,2150,0.069432631,100,FALSE,4.321607424,75.75,4.286891109,24.56756757,NA,ncbi,,,NA,
2150,2151,0.093805297,100,FALSE,4.415412721,76.5,4.368510072,24.81081081,NA,ncbi,,,NA,
2127,2152,0.17338925,100,FALSE,3.998176283,72.5,3.911481658,23.51351351,NA,ncbi,,,NA,
1113,2153,1.376792541,100,FALSE,3.227973181,65.71875,2.53957691,21.31418919,NA,ncbi,,,NA,
2153,2154,0.254706169,100,FALSE,3.48267935,66.9375,3.355326265,21.70945946,NA,ncbi,,,NA,
2154,2155,0.248292697,100,FALSE,3.730972047,67.875,3.606825699,22.01351351,NA,ncbi,,,NA,
2155,2156,0.410895688,100,FALSE,4.141867735,68.75,3.936419891,22.2972973,NA,ncbi,,,NA,
2156,2157,0.076169776,100,FALSE,4.218037511,69.5,4.179952623,22.54054054,NA,ncbi,,,NA,
2153,2158,0.235324681,100,FALSE,3.463297861,64.5,3.345635521,20.91891892,NA,ncbi,,,NA,
1112,2159,2.015534401,100,FALSE,3.272296028,38.91308594,2.264528828,12.6204603,NA,ncbi,,,NA,
2159,2160,0.152652189,4,FALSE,3.424948217,45.88867188,3.348622123,14.8828125,NA,ncbi,,,NA,
2160,2161,0.313673435,100,FALSE,3.738621652,38.10546875,3.581784935,12.35853041,NA,ncbi,,,NA,
2161,2162,0.149938418,22,FALSE,3.88856007,40.2109375,3.813590861,13.04138514,NA,ncbi,,,NA,
2162,2163,0.221077456,20,FALSE,4.109637525,37.875,3.999098798,12.28378378,NA,ncbi,,,NA,
2163,2164,0.546786348,100,FALSE,4.656423873,38.75,4.383030699,12.56756757,NA,ncbi,,,NA,
2164,2165,0.78284853,100,FALSE,5.439272402,39.5,5.047848138,12.81081081,NA,ncbi,,,NA,
2162,2166,0.178495274,76,FALSE,4.067055343,42.546875,3.977807706,13.79898649,NA,ncbi,,,NA,
2166,2167,0.25093706,98,FALSE,4.317992403,44.09375,4.192523873,14.30067568,NA,ncbi,,,NA,
2167,2168,0.075241934,73,FALSE,4.393234336,45.6875,4.35561337,14.81756757,NA,ncbi,,,NA,
2168,2169,0.163894869,99,FALSE,4.557129206,46.875,4.475181771,15.2027027,NA,ncbi,,,NA,
2169,2170,0.422966606,100,FALSE,4.980095811,47.75,4.768612508,15.48648649,NA,ncbi,,,NA,
2170,2171,0.245468319,100,FALSE,5.22556413,48.5,5.102829971,15.72972973,NA,ncbi,,,NA,
2168,2172,0.127141344,100,FALSE,4.52037568,44.5,4.456805008,14.43243243,NA,ncbi,,,NA,
2167,2173,0.220924327,100,FALSE,4.53891673,42.5,4.428454566,13.78378378,NA,ncbi,,,NA,
2160,2174,0.192028362,8,FALSE,3.616976579,53.671875,3.520962398,17.40709459,NA,ncbi,,,NA,
2174,2175,0.36882137,100,FALSE,3.985797949,56.59375,3.801387264,18.35472973,NA,ncbi,,,NA,
2175,2176,0.310975457,94,FALSE,4.296773406,59.3125,4.141285677,19.23648649,NA,ncbi,,,NA,
2176,2177,0.383896759,100,FALSE,4.680670165,57.75,4.488721786,18.72972973,NA,ncbi,,,NA,
2177,2178,0.356339081,100,FALSE,5.037009247,58.5,4.858839706,18.97297297,NA,ncbi,,,NA,
2176,2179,0.211439792,90,FALSE,4.508213198,60.875,4.402493302,19.74324324,NA,ncbi,,,NA,
2179,2180,0.143079247,100,FALSE,4.651292445,61.75,4.579752821,20.02702703,NA,ncbi,,,NA,
2180,2181,0.172585475,100,FALSE,4.82387792,62.5,4.737585182,20.27027027,NA,ncbi,,,NA,
2175,2182,0.300177526,93,FALSE,4.285975475,53.875,4.135886712,17.47297297,NA,ncbi,,,NA,
2182,2183,1.552162945,100,FALSE,5.83813842,54.75,5.062056948,17.75675676,NA,ncbi,,,NA,
2183,2184,0.314572275,100,FALSE,6.152710696,55.5,5.995424558,18,NA,ncbi,,,NA,
2174,2185,0.626997158,100,FALSE,4.243973738,50.75,3.930475158,16.45945946,NA,ncbi,,,NA,
2185,2186,0.2675674,100,FALSE,4.511541138,51.5,4.377757438,16.7027027,NA,ncbi,,,NA,
2159,2187,0.606941018,100,FALSE,3.879237046,31.9375,3.575766537,10.35810811,NA,ncbi,,,NA,
2187,2188,1.297680294,100,FALSE,5.17691734,32.875,4.528077193,10.66216216,NA,ncbi,,,NA,
2188,2189,0.276239003,100,FALSE,5.453156343,33.75,5.315036841,10.94594595,NA,ncbi,,,NA,
2189,2190,0.214752311,100,FALSE,5.667908653,34.5,5.560532498,11.18918919,NA,ncbi,,,NA,
1111,2191,0.478966659,99,FALSE,0.478966659,8.880859375,0.23948333,2.880278716,NA,ncbi,,,NA,
2191,2192,0.91377236,100,FALSE,1.392739019,4.09375,0.935852839,1.327702703,NA,ncbi,,,NA,
2192,2193,0.741462399,100,FALSE,2.134201419,5.6875,1.763470219,1.844594595,NA,ncbi,,,NA,
2193,2194,0.458954314,100,FALSE,2.593155732,4.5,2.363678575,1.459459459,NA,ncbi,,,NA,
2193,2195,0.62017643,99,FALSE,2.754377849,6.875,2.444289634,2.22972973,NA,ncbi,,,NA,
2195,2196,0.056114499,97,FALSE,2.810492348,7.75,2.782435098,2.513513514,NA,ncbi,,,NA,
2196,2197,0.166203576,100,FALSE,2.976695924,8.5,2.893594136,2.756756757,NA,ncbi,,,NA,
2192,2198,1.042792037,100,FALSE,2.435531056,2.5,1.914135038,0.810810811,NA,ncbi,,,NA,
2191,2199,0.608219338,100,FALSE,1.087185997,13.66796875,0.783076328,4.43285473,NA,ncbi,,,NA,
2199,2200,0.432394158,100,FALSE,1.519580155,17.3359375,1.303383076,5.622466216,NA,ncbi,,,NA,
2200,2201,0.466845071,100,FALSE,1.986425226,21.765625,1.753002691,7.059121622,NA,ncbi,,,NA,
2201,2202,0.91806464,100,FALSE,2.904489867,19.5,2.445457546,6.324324324,NA,ncbi,,,NA,
2201,2203,0.299297455,100,FALSE,2.285722681,24.03125,2.136073954,7.793918919,NA,ncbi,,,NA,
2203,2204,0.603657072,100,FALSE,2.889379753,21.75,2.587551217,7.054054054,NA,ncbi,,,NA,
2204,2205,0.879973889,100,FALSE,3.769353642,22.5,3.329366698,7.297297297,NA,ncbi,,,NA,
2203,2206,0.333831715,100,FALSE,2.619554396,26.3125,2.452638538,8.533783784,NA,ncbi,,,NA,
2206,2207,0.843784658,100,FALSE,3.463339054,27.875,3.041446725,9.040540541,NA,ncbi,,,NA,
2207,2208,0.262081869,89,FALSE,3.725420923,28.75,3.594379988,9.324324324,NA,ncbi,,,NA,
2208,2209,0.148117183,89,FALSE,3.873538106,29.5,3.799479514,9.567567568,NA,ncbi,,,NA,
2206,2210,0.432386968,100,FALSE,3.051941363,24.75,2.835747879,8.027027027,NA,ncbi,,,NA,
2210,2211,0.884357551,100,FALSE,3.936298914,25.5,3.494120139,8.27027027,NA,ncbi,,,NA,
2200,2212,0.506976578,100,FALSE,2.026556733,12.90625,1.773068444,4.185810811,NA,ncbi,,,NA,
2212,2213,0.292675581,100,FALSE,2.319232314,14.3125,2.172894523,4.641891892,NA,ncbi,,,NA,
2213,2214,0.14357273,12,FALSE,2.462805044,15.625,2.391018679,5.067567568,NA,ncbi,,,NA,
2214,2215,0.068581891,11,FALSE,2.531386935,16.75,2.49709599,5.432432432,NA,ncbi,,,NA,
2215,2216,0.069315391,48,FALSE,2.600702327,17.5,2.566044631,5.675675676,NA,ncbi,,,NA,
2214,2217,0.192375361,100,FALSE,2.655180405,14.5,2.558992725,4.702702703,NA,ncbi,,,NA,
2212,2218,0.203379089,99,FALSE,2.229935822,11.5,2.128246277,3.72972973,NA,ncbi,,,NA,
