Run,ReleaseDate,LoadDate,spots,bases,spots_with_mates,avgLength,size_MB,AssemblyName,download_path,Experiment,LibraryName,LibraryStrategy,LibrarySelection,LibrarySource,LibraryLayout,InsertSize,InsertDev,Platform,Model,SRAStudy,BioProject,Study_Pubmed_id,ProjectID,Sample,BioSample,SampleType,TaxID,ScientificName,SampleName,g1k_pop_code,source,g1k_analysis_group,Subject_ID,Sex,Disease,Tumor,Affection_Status,Analyte_Type,Histological_Type,Body_Site,CenterName,Submission,dbgap_study_accession,Consent,RunHash,ReadHash
SRR2063933,2015-07-08 11:49:14,2015-07-08 11:46:42,42291260,3383300800,0,80,2020,,https://sra-downloadb.be-md.ncbi.nlm.nih.gov/sos5/sra-pub-zq-11/SRR002/063/SRR2063933/SRR2063933.sralite.1,SRX1059481,,OTHER,RANDOM PCR,VIRAL RNA,SINGLE,0,0,ILLUMINA,Illumina Genome Analyzer II,SRP011912,,,0,SRS961756,SAMN03761372,simple,1213622,bat metagenome,130415_lane7,,,,,,,no,,,,,"INSTITUTE OF PATHOGEN BIOLOGY, CHINESE ACADEMY OF MEDICAL SCIENCES & PEKING UNION MEDICAL COLLEGE",SRA051252,,public,9A59C3A38F79B435D58C09F9FB43D535,EC195197C926744EC191940549A72CC4
SRR2063938,2015-08-09 07:54:07,2015-08-09 07:49:23,30800385,2464030800,0,80,1368,,https://sra-downloadb.be-md.ncbi.nlm.nih.gov/sos5/sra-pub-zq-11/SRR002/063/SRR2063938/SRR2063938.sralite.1,SRX1059487,,OTHER,RANDOM PCR,VIRAL RNA,SINGLE,0,0,ILLUMINA,Illumina Genome Analyzer II,SRP011912,,,0,SRS961763,SAMN03761377,simple,1213622,bat metagenome,130719_lane1,,,,,,,no,,,,,"INSTITUTE OF PATHOGEN BIOLOGY, CHINESE ACADEMY OF MEDICAL SCIENCES & PEKING UNION MEDICAL COLLEGE",SRA051252,,public,95F1C67C19A6B84721C31A5B4462AD51,8670EC920AD305C95149358723710D68
SRR6216855,2018-12-31 00:23:57,2017-10-25 17:37:17,2458218,654170127,2458218,266,302,,https://sra-downloadb.be-md.ncbi.nlm.nih.gov/sos5/sra-pub-zq-14/SRR006/216/SRR6216855.sralite.1,SRX3325405,M1B-008,WGS,RANDOM,METAGENOMIC,PAIRED,0,0,ILLUMINA,NextSeq 500,SRP121403,PRJNA415710,,415710,SRS2628954,SAMN07832860,simple,539655,human skin metagenome,1B-008,,,,,,,no,,,,,"INDIAN INSTITUTE OF SCIENCE EDUCATION AND RESEARCH, BHOPAL",SRA624509,,public,57738BE27E653E41AEEADF99E117F04C,3EB8C973BE8FA37E5C3095CB4177CA71
SRR5384553,2017-03-29 09:26:06,2017-03-29 09:23:42,12448410,1257289410,0,101,684,,https://sra-downloadb.be-md.ncbi.nlm.nih.gov/sos5/sra-pub-zq-14/SRR005/384/SRR5384553.sralite.1,SRX2679579,20140714LANE4,OTHER,RANDOM PCR,VIRAL RNA,SINGLE,0,0,ILLUMINA,Illumina HiSeq 2500,SRP101310,PRJNA375958,,375958,SRS2077120,SAMN06477823,simple,1521111,rodent metagenome,20140714LANE4,,,,,,,no,,,,,"INSTITUTE OF PATHOGEN BIOLOGY, CHINESE ACADEMY OF MEDICAL SCIENCES & PEKING UNION MEDICAL COLLEGE",SRA550027,,public,DA0439CDFA6874915DA2E59318B9888F,E1B68901AD4CA3804F1B0A75AFC81EA9
SRR5447145,2017-04-14 10:03:18,2017-04-14 09:57:45,3736208,370772103,0,99,183,,https://sra-downloadb.be-md.ncbi.nlm.nih.gov/sos5/sra-pub-zq-14/SRR005/447/SRR5447145.sralite.1,SRX2736110,20160907LANE1,OTHER,RANDOM PCR,VIRAL RNA,SINGLE,0,0,ILLUMINA,Illumina HiSeq 2500,SRP101310,PRJNA375958,,375958,SRS2123495,SAMN06477904,simple,1521111,rodent metagenome,20160907LANE1,,,,,,,no,,,,,"INSTITUTE OF PATHOGEN BIOLOGY, CHINESE ACADEMY OF MEDICAL SCIENCES & PEKING UNION MEDICAL COLLEGE",SRA554098,,public,5C8E3ECA1B5A88C4F1E89A73F12F5003,9568DC4A060E5EB1B6564967DBCAB444
SRR7875388,2019-08-08 00:22:26,2018-09-19 07:12:42,149966345,44989903500,149966345,300,15684,,https://sra-downloadb.be-md.ncbi.nlm.nih.gov/sos5/sra-pub-zq-14/SRR007/875/SRR7875388.sralite.1,SRX4714392,509,WGS,RANDOM,GENOMIC,PAIRED,0,0,ILLUMINA,HiSeq X Ten,SRP162094,PRJNA483376,,483376,SRS3800103,SAMN09737113,simple,30521,Bos grunniens,509,,,,,male,,no,,,,,SOUTHWEST MINZU UNIVERSITY,SRA777543,,public,B827F78823537726A99DFD653D578CDC,22F2C9F71CF8AE861E93EA85EAE09BDE
SRR8379619,2019-01-22 17:19:12,2018-12-29 04:54:23,41916734,12658853668,41916734,302,7717,,https://sra-downloadb.be-md.ncbi.nlm.nih.gov/sos5/sra-pub-zq-11/SRR008/379/SRR8379619/SRR8379619.sralite.1,SRX5189611,6724,RNA-Seq,Hybrid Selection,GENOMIC,PAIRED,0,0,ILLUMINA,Illumina HiSeq 2500,SRP174865,PRJNA498336,3,498336,SRS4195904,SAMN10659542,simple,1611729,Triturus ivanbureschi,6724,,,,,male,,no,,,,,UCLA,SRA827747,,public,99C476440552B56699CB79930A7A03BA,7D5FA5457DC9665AD0BA45A940E243D8
SRR7530174,2018-12-29 00:16:12,2018-07-17 12:15:58,195415128,19150682544,195415128,98,12029,,https://sra-downloadb.be-md.ncbi.nlm.nih.gov/sos5/sra-pub-zq-16/SRR007/530/SRR7530174.sralite.1,SRX4398176,CHKSEI14060198,WGS,RANDOM,GENOMIC,PAIRED,0,0,ILLUMINA,Illumina HiSeq 2000,SRP154135,PRJNA481495,,481495,SRS3553195,SAMN09670290,simple,128390,Nipponia nippon,CHKSEI14060198,,,,,female,,no,,,,,BGI,SRA741081,,public,F9C4486A78DF26ECB986E8F8E7A7640D,E5BF6C2E73B5EC7E2FC141946374B19C
SRR9703484,2020-04-27 13:12:57,2019-07-18 11:31:36,32169236,4856754607,32169236,150,1851,,https://sra-downloadb.be-md.ncbi.nlm.nih.gov/sos9/sra-pub-zq-922/SRR009/703/SRR9703484.sralite.1,SRX6461481,DR013_E,RNA-Seq,unspecified,TRANSCRIPTOMIC,PAIRED,0,0,ILLUMINA,NextSeq 500,SRP215219,PRJNA555243,3,555243,SRS5112459,SAMN12306094,simple,148052,Monophyllus redmani,DR013,,,,,male,,no,,,,,QUEEN MARY UNIVERSITY OF LONDON,SRA922713,,public,5931F1E6CE5303C53493DB6662EA4F3A,D5E49A3DC044A89A216F696DE2D95242
SRR7287334,2018-06-11 05:53:21,2018-06-11 05:51:14,1705803,787109569,1705803,461,460,,https://sra-downloadb.be-md.ncbi.nlm.nih.gov/sos5/sra-pub-zq-14/SRR007/287/SRR7287334.sralite.1,SRX4190874,WildGooseFeces-Virome,WGS,RANDOM,METAGENOMIC,PAIRED,0,0,ILLUMINA,Illumina MiSeq,SRP150175,PRJNA471976,,471976,SRS3402095,SAMN09223207,simple,8843,Anser anser,Fecal sample for viral metagenome in wild geese in China,,,,,pooled male and female,,no,,,,,JIANGSU UNIVERSITY,SRA719006,,public,887FE177FF821074CA67300A0F977C66,C67E1AEBAFF5E4570EF65979BF5EFF4D
SRR8066612,2018-10-19 08:59:11,2018-10-16 18:43:19,80128438,16025687600,80128438,200,10557,,https://sra-downloadb.be-md.ncbi.nlm.nih.gov/sos9/sra-pub-zq-922/SRR008/066/SRR8066612.sralite.1,SRX4894947,GreyWolf_Qamanirjuaq,WGS,RANDOM,GENOMIC,PAIRED,0,0,ILLUMINA,Illumina HiSeq 2500,SRP165926,PRJNA496590,,496590,SRS3941469,SAMN10246092,simple,9612,Canis lupus,GreyWolf_Qamanirjuaq,,,,,missing,,no,,,,,UNIVERSITY OF COPENHAGEN,SRA794995,,public,48EC20AD64D3E6BC1FA9F824A6420389,89CDA5BD91FDB5C3AA26017014476FB5
SRR4266018,2017-02-24 00:01:53,2016-09-20 00:48:13,86345501,25903650300,86345501,300,9471,,https://sra-downloadb.be-md.ncbi.nlm.nih.gov/sos5/sra-pub-zq-14/SRR004/266/SRR4266018.sralite.1,SRX2177849,HFS1_HNFNVCCXX_L4,WGS,RANDOM,GENOMIC,PAIRED,0,0,ILLUMINA,Illumina HiSeq 2000,SRP078015,PRJNA320985,2,320985,SRS1703865,SAMN05790889,simple,85571,Citrus reticulata,HFS1_HNFNVCCXX_L4,,,,,,,no,,,,,HUAZHONG AGRICULTURE UNIVERSITY,SRA474302,,public,5E4725A3602BAC6B48919D4EEA836EEE,709744D55A9A47A9B098F8B01E337989
SRR3672741,2016-09-30 00:00:00,2016-06-15 18:17:49,4414129,445827029,0,101,150,,https://sra-downloadb.be-md.ncbi.nlm.nih.gov/sos5/sra-pub-zq-11/SRR003/672/SRR3672741/SRR3672741.sralite.1,SRX1849304,IoW-T,WGS,RANDOM,GENOMIC,SINGLE,0,0,ILLUMINA,Illumina HiSeq 2500,SRP076631,PRJNA325727,,325727,SRS1507470,SAMN05251188,simple,480418,Mycobacterium lepromatosis,IoW-T,,,,,,,no,,,,,ECOLE POLYTECHNIQUE FEDERALE DE LAUSANNE,SRA434237,,public,F2904B4C4BEADC8DB616991FC67C7916,4131C32270757A76FBED17C73F4FC94F
SRR4332828,2016-10-15 00:00:00,2016-10-01 03:49:19,47886,10062207,0,210,7,,https://sra-downloadb.be-md.ncbi.nlm.nih.gov/sos5/sra-pub-zq-11/SRR004/332/SRR4332828/SRR4332828.lite.1,SRX2205878,Hb_Ia1_1_long,WCS,PCR,GENOMIC,SINGLE,0,0,ION_TORRENT,Ion Torrent PGM,SRP090718,PRJNA342792,,342792,SRS1724235,SAMN05768410,simple,1868470,Rana jiemuxiensis,IonXpress_039.Hb_Ia1_1_long.bam,,,,,,,no,,,,,"KUNMING INSTITUTE OF ZOOLOGY, CAS",SRA481516,,public,B33D180EC2D91E933A476D5754BAA2FB,6C28B6420F6DCB8C4C3A1ED8EBB34777
SRR7734125,2019-01-01 00:20:02,2018-08-21 21:32:01,4752763,475276300,0,100,262,,https://sra-downloadb.be-md.ncbi.nlm.nih.gov/sos5/sra-pub-zq-14/SRR007/734/SRR7734125.sralite.1,SRX4590464,KSA_0428_AGCAAG,AMPLICON,RANDOM,METAGENOMIC,SINGLE,0,0,ILLUMINA,Illumina HiSeq 2500,SRP158542,PRJNA487099,3,487099,SRS3698754,SAMN09873747,simple,256318,metagenome,KSA_0428,,,,,,,no,,,,,COLUMBIA UNIVERSITY,SRA761624,,public,9538AFF4185CEBBD9EC3143FA6D188B3,EDF12DEF2F1AA43201DA51C0E3702909
SRR7802447,2019-10-07 00:36:49,2018-09-07 08:19:09,494059,97978304,494059,198,43,,https://sra-downloadb.be-md.ncbi.nlm.nih.gov/sos9/sra-pub-zq-922/SRR007/802/SRR7802447.sralite.1,SRX4654136,MBS031,WGS,other,METAGENOMIC,PAIRED,0,0,ILLUMINA,Illumina HiSeq 2500,SRP160100,PRJNA489681,,489681,SRS3751594,SAMN09988243,simple,1338477,skin metagenome,MBS031,,,,,,,no,,,,,GENOME INSTITUTE OF SINGAPORE,SRA769521,,public,DD9D6D7DD9364D47CE5F3DF92E5924B1,FEDB73BDB4D751C3C112B34021D10919
SRR7802337,2019-10-07 00:36:51,2018-09-07 08:19:14,4211139,834446497,4211139,198,375,,https://sra-downloadb.be-md.ncbi.nlm.nih.gov/sos9/sra-pub-zq-922/SRR007/802/SRR7802337.sralite.1,SRX4654246,MBS266,WGS,other,METAGENOMIC,PAIRED,0,0,ILLUMINA,Illumina HiSeq 2500,SRP160100,PRJNA489681,,489681,SRS3751704,SAMN09988323,simple,1338477,skin metagenome,MBS266,,,,,,,no,,,,,GENOME INSTITUTE OF SINGAPORE,SRA769521,,public,B080468CC592A5C730412FD5CEEF0238,1EF9C71224BFC0D63884C5D3464D5FCD
SRR7802309,2019-10-07 00:36:52,2018-09-07 08:17:37,404272,79048321,404272,195,37,,https://sra-downloadb.be-md.ncbi.nlm.nih.gov/sos9/sra-pub-zq-922/SRR007/802/SRR7802309.sralite.1,SRX4654274,MBS275,WGS,other,METAGENOMIC,PAIRED,0,0,ILLUMINA,Illumina HiSeq 2500,SRP160100,PRJNA489681,,489681,SRS3751732,SAMN09988340,simple,1338477,skin metagenome,MBS275,,,,,,,no,,,,,GENOME INSTITUTE OF SINGAPORE,SRA769521,,public,6E8A1442F27E2F01D1389852A0D3972B,0F7E09BCA1DBFEB726A8BE92E0AFA027
SRR7687704,2018-10-12 00:16:21,2018-08-13 10:14:56,495471,124858692,495471,252,51,,https://sra-downloadb.be-md.ncbi.nlm.nih.gov/sos9/sra-pub-zq-922/SRR007/687/SRR7687704.sralite.1,SRX4548170,AJD1239_1_L7968358,WGS,RANDOM,METAGENOMIC,PAIRED,500,50,ILLUMINA,Illumina HiSeq 2500,SRP157584,PRJNA471898,3,471898,SRS3665438,SAMN09715267,simple,539655,human skin metagenome,MET1079,,,,,,,no,,,,,NISC,SRA757488,,public,3C04404734F1E48C98DCC5762DE6E9DF,5FCF701B8A3AC96A6D579734FF773E88
SRR7687705,2018-10-12 00:16:21,2018-08-13 10:15:53,529350,133396200,529350,252,57,,https://sra-downloadb.be-md.ncbi.nlm.nih.gov/sos5/sra-pub-zq-16/SRR007/687/SRR7687705.sralite.1,SRX4548170,AJD1239_1_L7968358,WGS,RANDOM,METAGENOMIC,PAIRED,500,50,ILLUMINA,Illumina HiSeq 2500,SRP157584,PRJNA471898,3,471898,SRS3665438,SAMN09715267,simple,539655,human skin metagenome,MET1079,,,,,,,no,,,,,NISC,SRA757488,,public,D828A83DECCBAB0CC5571D6F8C4159F4,B620440833B599B83EB215DBB41D6691
SRR7687706,2018-10-12 00:16:21,2018-08-13 10:16:45,465671,117349092,465671,252,48,,https://sra-downloadb.be-md.ncbi.nlm.nih.gov/sos5/sra-pub-zq-14/SRR007/687/SRR7687706.sralite.1,SRX4548170,AJD1239_1_L7968358,WGS,RANDOM,METAGENOMIC,PAIRED,500,50,ILLUMINA,Illumina HiSeq 2500,SRP157584,PRJNA471898,3,471898,SRS3665438,SAMN09715267,simple,539655,human skin metagenome,MET1079,,,,,,,no,,,,,NISC,SRA757488,,public,EB280E88C7B43B0E39D5B2FD76BD2B0D,F4C87C187E83C24CC5D81EF219433947
SRR7687707,2018-10-12 00:16:21,2018-08-13 10:15:47,2131928,537245856,2131928,252,232,,https://sra-downloadb.be-md.ncbi.nlm.nih.gov/sos5/sra-pub-zq-16/SRR007/687/SRR7687707.sralite.1,SRX4548171,AJD1168_1_L7965320,WGS,RANDOM,METAGENOMIC,PAIRED,500,50,ILLUMINA,Illumina HiSeq 2500,SRP157584,PRJNA471898,3,471898,SRS3665439,SAMN09715268,simple,539655,human skin metagenome,MET1080,,,,,,,no,,,,,NISC,SRA757488,,public,FC3502BEF6ACAF2A32EAFE55F238067B,51E01340DA312B9C1BD8D5015FB1A32D
SRR7687708,2018-10-12 00:16:22,2018-08-13 10:16:24,2176419,548457588,2176419,252,237,,https://sra-downloadb.be-md.ncbi.nlm.nih.gov/sos5/sra-pub-zq-14/SRR007/687/SRR7687708.sralite.1,SRX4548171,AJD1168_1_L7965320,WGS,RANDOM,METAGENOMIC,PAIRED,500,50,ILLUMINA,Illumina HiSeq 2500,SRP157584,PRJNA471898,3,471898,SRS3665439,SAMN09715268,simple,539655,human skin metagenome,MET1080,,,,,,,no,,,,,NISC,SRA757488,,public,F7DC769C73388BBDEDD1D9B38C16A367,BD7309334C9EA2F9FABDC49078748B68
SRR7687709,2018-10-12 00:16:22,2018-08-13 10:16:24,2190026,551886552,2190026,252,246,,https://sra-downloadb.be-md.ncbi.nlm.nih.gov/sos5/sra-pub-zq-14/SRR007/687/SRR7687709.sralite.1,SRX4548171,AJD1168_1_L7965320,WGS,RANDOM,METAGENOMIC,PAIRED,500,50,ILLUMINA,Illumina HiSeq 2500,SRP157584,PRJNA471898,3,471898,SRS3665439,SAMN09715268,simple,539655,human skin metagenome,MET1080,,,,,,,no,,,,,NISC,SRA757488,,public,6B7A42CC152AC2DB87661E87B3AB62DC,6B5CBAC24F89CF47B21E6CD34BBADC62
SRR7687884,2018-10-12 00:16:22,2018-08-13 10:21:05,1211788,305370576,1211788,252,136,,https://sra-downloadb.be-md.ncbi.nlm.nih.gov/sos5/sra-pub-zq-16/SRR007/687/SRR7687884.sralite.1,SRX4548302,AND1686_1_L12015347,WGS,RANDOM,METAGENOMIC,PAIRED,500,50,ILLUMINA,Illumina HiSeq 2500,SRP157584,PRJNA471898,3,471898,SRS3665565,SAMN09715272,simple,539655,human skin metagenome,MET1731,,,,,,,no,,,,,NISC,SRA757529,,public,B8879CD66FB090ADFE08B6546E5669C4,2EA773885BE62B2517F7C3311DAEA2F9
SRR7687885,2018-10-12 00:16:22,2018-08-13 10:21:08,1328620,334812240,1328620,252,168,,https://sra-downloadb.be-md.ncbi.nlm.nih.gov/sos9/sra-pub-zq-922/SRR007/687/SRR7687885.sralite.1,SRX4548302,AND1686_1_L12015347,WGS,RANDOM,METAGENOMIC,PAIRED,500,50,ILLUMINA,Illumina HiSeq 2500,SRP157584,PRJNA471898,3,471898,SRS3665565,SAMN09715272,simple,539655,human skin metagenome,MET1731,,,,,,,no,,,,,NISC,SRA757529,,public,91E86DC879206428157D754C721B04BF,CE711E904AC7B41126FBF459898E0CBD
SRR7687886,2018-10-12 00:16:22,2018-08-13 10:21:04,1212489,305547228,1212489,252,143,,https://sra-downloadb.be-md.ncbi.nlm.nih.gov/sos5/sra-pub-zq-16/SRR007/687/SRR7687886.sralite.1,SRX4548302,AND1686_1_L12015347,WGS,RANDOM,METAGENOMIC,PAIRED,500,50,ILLUMINA,Illumina HiSeq 2500,SRP157584,PRJNA471898,3,471898,SRS3665565,SAMN09715272,simple,539655,human skin metagenome,MET1731,,,,,,,no,,,,,NISC,SRA757529,,public,06EAEC7B26E428963804FE35BEF476F8,F24CD3F7BE9DFF029E57AF7D045E91FF
SRR7687887,2018-10-12 00:16:22,2018-08-13 10:21:03,1224652,308612304,1224652,252,145,,https://sra-downloadb.be-md.ncbi.nlm.nih.gov/sos9/sra-pub-zq-922/SRR007/687/SRR7687887.sralite.1,SRX4548302,AND1686_1_L12015347,WGS,RANDOM,METAGENOMIC,PAIRED,500,50,ILLUMINA,Illumina HiSeq 2500,SRP157584,PRJNA471898,3,471898,SRS3665565,SAMN09715272,simple,539655,human skin metagenome,MET1731,,,,,,,no,,,,,NISC,SRA757529,,public,D545234FF09B1CBF25EE472FBF82E671,23253305F82C344BF067470FBBE9F6F6
SRR7687888,2018-10-12 00:16:22,2018-08-13 10:21:10,1215248,306242496,1215248,252,142,,https://sra-downloadb.be-md.ncbi.nlm.nih.gov/sos5/sra-pub-zq-16/SRR007/687/SRR7687888.sralite.1,SRX4548302,AND1686_1_L12015347,WGS,RANDOM,METAGENOMIC,PAIRED,500,50,ILLUMINA,Illumina HiSeq 2500,SRP157584,PRJNA471898,3,471898,SRS3665565,SAMN09715272,simple,539655,human skin metagenome,MET1731,,,,,,,no,,,,,NISC,SRA757529,,public,EDD3A76F2978939871616F8F82897BF2,4E3A753F7543F5301F4B4D5B64BF15D9
SRR7688021,2018-10-12 00:16:23,2018-08-13 11:16:43,1377110,347031720,1377110,252,158,,https://sra-downloadb.be-md.ncbi.nlm.nih.gov/sos5/sra-pub-zq-16/SRR007/688/SRR7688021.sralite.1,SRX4548372,APP0107_1_L13270514,WGS,RANDOM,METAGENOMIC,PAIRED,500,50,ILLUMINA,Illumina HiSeq 2500,SRP157584,PRJNA471898,3,471898,SRS3665635,SAMN09715245,simple,539655,human skin metagenome,MET1789,,,,,,,no,,,,,NISC,SRA757534,,public,B81DB9689F6E5F93368DA718C2DF12EB,9764125D284F185FFA13422A8921C5A9
SRR7688022,2018-10-12 00:16:23,2018-08-13 11:16:55,1322053,333157356,1322053,252,149,,https://sra-downloadb.be-md.ncbi.nlm.nih.gov/sos5/sra-pub-zq-16/SRR007/688/SRR7688022.sralite.1,SRX4548372,APP0107_1_L13270514,WGS,RANDOM,METAGENOMIC,PAIRED,500,50,ILLUMINA,Illumina HiSeq 2500,SRP157584,PRJNA471898,3,471898,SRS3665635,SAMN09715245,simple,539655,human skin metagenome,MET1789,,,,,,,no,,,,,NISC,SRA757534,,public,FAA6DF98383A3D4BE7B392EE03E7B298,C3BF0A577612191886F2B95E78ACAB37
SRR7688386,2018-10-12 00:16:24,2018-08-13 12:25:49,8650873,2180019996,8650873,252,892,,https://sra-downloadb.be-md.ncbi.nlm.nih.gov/sos9/sra-pub-zq-922/SRR007/688/SRR7688386.sralite.1,SRX4548709,APP0176_1_L13270568,WGS,RANDOM,METAGENOMIC,PAIRED,500,50,ILLUMINA,Illumina HiSeq 2500,SRP157584,PRJNA471898,3,471898,SRS3665972,SAMN09715251,simple,539655,human skin metagenome,MET1795,,,,,,,no,,,,,NISC,SRA757694,,public,65EA8DFD4AF0C4D1A5E911A86853C589,A90E5B76E32A34CF7354E43A4E6999D6
SRR7688387,2018-10-12 00:16:24,2018-08-13 12:25:28,8858993,2232466236,8858993,252,943,,https://sra-downloadb.be-md.ncbi.nlm.nih.gov/sos5/sra-pub-zq-16/SRR007/688/SRR7688387.sralite.1,SRX4548709,APP0176_1_L13270568,WGS,RANDOM,METAGENOMIC,PAIRED,500,50,ILLUMINA,Illumina HiSeq 2500,SRP157584,PRJNA471898,3,471898,SRS3665972,SAMN09715251,simple,539655,human skin metagenome,MET1795,,,,,,,no,,,,,NISC,SRA757694,,public,26DF4B0A0D7617B53FA49A625FCCE2D9,B46C4582245E1E43C02FB7AD3D16A009
SRR7688388,2018-10-12 00:16:24,2018-08-13 12:27:40,8872367,2235836484,8872367,252,940,,https://sra-downloadb.be-md.ncbi.nlm.nih.gov/sos5/sra-pub-zq-14/SRR007/688/SRR7688388.sralite.1,SRX4548709,APP0176_1_L13270568,WGS,RANDOM,METAGENOMIC,PAIRED,500,50,ILLUMINA,Illumina HiSeq 2500,SRP157584,PRJNA471898,3,471898,SRS3665972,SAMN09715251,simple,539655,human skin metagenome,MET1795,,,,,,,no,,,,,NISC,SRA757694,,public,71DD95DE51A103BAC59C262F474A6057,13FDD86870517A012653778BB5C7CDF0
SRR7688399,2018-10-12 00:16:24,2018-08-13 12:23:22,1985227,500277204,1985227,252,214,,https://sra-downloadb.be-md.ncbi.nlm.nih.gov/sos5/sra-pub-zq-14/SRR007/688/SRR7688399.sralite.1,SRX4548713,APP0157_1_L13270560,WGS,RANDOM,METAGENOMIC,PAIRED,500,50,ILLUMINA,Illumina HiSeq 2500,SRP157584,PRJNA471898,3,471898,SRS3665976,SAMN09715255,simple,539655,human skin metagenome,MET1799,,,,,,,no,,,,,NISC,SRA757694,,public,2D61E76442D62F0AEACFAE31C5EE2084,6CD120227AA1F16666823484E652863A
SRR7688400,2018-10-12 00:16:24,2018-08-13 12:23:24,1986532,500606064,1986532,252,202,,https://sra-downloadb.be-md.ncbi.nlm.nih.gov/sos5/sra-pub-zq-14/SRR007/688/SRR7688400.sralite.1,SRX4548713,APP0157_1_L13270560,WGS,RANDOM,METAGENOMIC,PAIRED,500,50,ILLUMINA,Illumina HiSeq 2500,SRP157584,PRJNA471898,3,471898,SRS3665976,SAMN09715255,simple,539655,human skin metagenome,MET1799,,,,,,,no,,,,,NISC,SRA757694,,public,300B7E51504EB702CFEE9A95ACD8AB3E,6AA694F5AB1120BF63EC77D861ACF463
SRR7688401,2018-10-12 00:16:24,2018-08-13 12:23:14,2007920,505995840,2007920,252,206,,https://sra-downloadb.be-md.ncbi.nlm.nih.gov/sos5/sra-pub-zq-14/SRR007/688/SRR7688401.sralite.1,SRX4548713,APP0157_1_L13270560,WGS,RANDOM,METAGENOMIC,PAIRED,500,50,ILLUMINA,Illumina HiSeq 2500,SRP157584,PRJNA471898,3,471898,SRS3665976,SAMN09715255,simple,539655,human skin metagenome,MET1799,,,,,,,no,,,,,NISC,SRA757694,,public,61B7CA7ED49DEF760F4F35ABE5CC77BE,7194787CFCB5D3ACB2F6054C29B5F0CB
SRR7688402,2018-10-12 00:16:24,2018-08-13 12:23:30,2325968,586143936,2325968,252,251,,https://sra-downloadb.be-md.ncbi.nlm.nih.gov/sos5/sra-pub-zq-14/SRR007/688/SRR7688402.sralite.1,SRX4548713,APP0157_1_L13270560,WGS,RANDOM,METAGENOMIC,PAIRED,500,50,ILLUMINA,Illumina HiSeq 2500,SRP157584,PRJNA471898,3,471898,SRS3665976,SAMN09715255,simple,539655,human skin metagenome,MET1799,,,,,,,no,,,,,NISC,SRA757694,,public,F469E89AB83294C317E1862498417DA5,1FB100268356AD90E758CE5A1B2A15C3
SRR7688471,2018-10-12 00:16:25,2018-08-13 12:23:16,368453,92850156,368453,252,38,,https://sra-downloadb.be-md.ncbi.nlm.nih.gov/sos5/sra-pub-zq-14/SRR007/688/SRR7688471.sralite.1,SRX4548747,APP0089_1_L13270600,WGS,RANDOM,METAGENOMIC,PAIRED,500,50,ILLUMINA,Illumina HiSeq 2500,SRP157584,PRJNA471898,3,471898,SRS3666010,SAMN09715316,simple,539655,human skin metagenome,MET1821,,,,,,,no,,,,,NISC,SRA757707,,public,CFFFC89038B87DD73DC4C6F396A68847,A1916E1D5516D5F224F096D58BA5092C
SRR7688513,2018-10-12 00:16:25,2018-08-13 12:23:35,101164,25493328,101164,252,11,,https://sra-downloadb.be-md.ncbi.nlm.nih.gov/sos9/sra-pub-zq-922/SRR007/688/SRR7688513.sralite.1,SRX4548762,APP0143_1_L13270506,WGS,RANDOM,METAGENOMIC,PAIRED,500,50,ILLUMINA,Illumina HiSeq 2500,SRP157584,PRJNA471898,3,471898,SRS3666025,SAMN09715331,simple,539655,human skin metagenome,MET1836,,,,,,,no,,,,,NISC,SRA757708,,public,784A8231E0EEBF4D38F80E28F2A7FD5E,41CB4203A259F0953F42B55629F3440C
SRR7688514,2018-10-12 00:16:25,2018-08-13 12:23:36,96425,24299100,96425,252,10,,https://sra-downloadb.be-md.ncbi.nlm.nih.gov/sos9/sra-pub-zq-922/SRR007/688/SRR7688514.sralite.1,SRX4548762,APP0143_1_L13270506,WGS,RANDOM,METAGENOMIC,PAIRED,500,50,ILLUMINA,Illumina HiSeq 2500,SRP157584,PRJNA471898,3,471898,SRS3666025,SAMN09715331,simple,539655,human skin metagenome,MET1836,,,,,,,no,,,,,NISC,SRA757708,,public,1D6B650320A170BDFBA79DFCAEC4976D,674B59E02FE67F8683A6D01AAAC95BCE
SRR7688515,2018-10-12 00:16:25,2018-08-13 12:23:34,97438,24554376,97438,252,10,,https://sra-downloadb.be-md.ncbi.nlm.nih.gov/sos5/sra-pub-zq-14/SRR007/688/SRR7688515.sralite.1,SRX4548762,APP0143_1_L13270506,WGS,RANDOM,METAGENOMIC,PAIRED,500,50,ILLUMINA,Illumina HiSeq 2500,SRP157584,PRJNA471898,3,471898,SRS3666025,SAMN09715331,simple,539655,human skin metagenome,MET1836,,,,,,,no,,,,,NISC,SRA757708,,public,C119D673758F61B46331F5DEDC5A8488,30856A6DF331EFF3DE150215FD902166
SRR7688516,2018-10-12 00:16:25,2018-08-13 12:23:31,100655,25365060,100655,252,11,,https://sra-downloadb.be-md.ncbi.nlm.nih.gov/sos5/sra-pub-zq-14/SRR007/688/SRR7688516.sralite.1,SRX4548762,APP0143_1_L13270506,WGS,RANDOM,METAGENOMIC,PAIRED,500,50,ILLUMINA,Illumina HiSeq 2500,SRP157584,PRJNA471898,3,471898,SRS3666025,SAMN09715331,simple,539655,human skin metagenome,MET1836,,,,,,,no,,,,,NISC,SRA757708,,public,6A15A744B7265602C3CCE4B65C1CD2FF,81A505363880B9202B31138FC92DCF10
SRR7688519,2018-10-12 00:16:25,2018-08-13 12:23:35,61836,15582672,61836,252,6,,https://sra-downloadb.be-md.ncbi.nlm.nih.gov/sos5/sra-pub-zq-14/SRR007/688/SRR7688519.sralite.1,SRX4548764,APP0147_1_L13270544,WGS,RANDOM,METAGENOMIC,PAIRED,500,50,ILLUMINA,Illumina HiSeq 2500,SRP157584,PRJNA471898,3,471898,SRS3666027,SAMN09715333,simple,539655,human skin metagenome,MET1838,,,,,,,no,,,,,NISC,SRA757708,,public,4DF9ED311A30E745E41C3FF9481EAA47,8E651AFA49F6EA2CB19AC829323DAD7E
SRR7688520,2018-10-12 00:16:25,2018-08-13 12:23:34,60870,15339240,60870,252,6,,https://sra-downloadb.be-md.ncbi.nlm.nih.gov/sos5/sra-pub-zq-14/SRR007/688/SRR7688520.sralite.1,SRX4548764,APP0147_1_L13270544,WGS,RANDOM,METAGENOMIC,PAIRED,500,50,ILLUMINA,Illumina HiSeq 2500,SRP157584,PRJNA471898,3,471898,SRS3666027,SAMN09715333,simple,539655,human skin metagenome,MET1838,,,,,,,no,,,,,NISC,SRA757708,,public,3E88F6CD3155AB2A29D288E57538DEB2,202AAAC33DDD08D71FAFE95B6A5101E2
SRR7688521,2018-10-12 00:16:25,2018-08-13 12:23:35,62075,15642900,62075,252,6,,https://sra-downloadb.be-md.ncbi.nlm.nih.gov/sos5/sra-pub-zq-14/SRR007/688/SRR7688521.sralite.1,SRX4548764,APP0147_1_L13270544,WGS,RANDOM,METAGENOMIC,PAIRED,500,50,ILLUMINA,Illumina HiSeq 2500,SRP157584,PRJNA471898,3,471898,SRS3666027,SAMN09715333,simple,539655,human skin metagenome,MET1838,,,,,,,no,,,,,NISC,SRA757708,,public,793D88E0780AC6E1D22119443860ABFD,7FDB931C9F71804C5B46FE4262D429AA
SRR7688522,2018-10-12 00:16:25,2018-08-13 12:23:36,72238,18203976,72238,252,8,,https://sra-downloadb.be-md.ncbi.nlm.nih.gov/sos9/sra-pub-zq-922/SRR007/688/SRR7688522.sralite.1,SRX4548764,APP0147_1_L13270544,WGS,RANDOM,METAGENOMIC,PAIRED,500,50,ILLUMINA,Illumina HiSeq 2500,SRP157584,PRJNA471898,3,471898,SRS3666027,SAMN09715333,simple,539655,human skin metagenome,MET1838,,,,,,,no,,,,,NISC,SRA757708,,public,B59426D0BDDFBC1C054100AEC4095BDF,486E240616A8CD84A40A635FB0AD607A
SRR7688747,2018-10-12 00:16:28,2018-08-13 13:25:45,2713480,683796960,2713480,252,311,,https://sra-downloadb.be-md.ncbi.nlm.nih.gov/sos9/sra-pub-zq-922/SRR007/688/SRR7688747.sralite.1,SRX4548907,ASF0805_1_L14067735,WGS,RANDOM,METAGENOMIC,PAIRED,500,50,ILLUMINA,Illumina HiSeq 2500,SRP157584,PRJNA471898,3,471898,SRS3666171,SAMN09715236,simple,539655,human skin metagenome,MET2052,,,,,,,no,,,,,NISC,SRA757749,,public,E6B6F9FDE4D91905B487C7D520FF0BED,29FD6DA2184E4884952B715EAA234155
SRR7688748,2018-10-12 00:16:28,2018-08-13 13:25:42,2276217,573606684,2276217,252,258,,https://sra-downloadb.be-md.ncbi.nlm.nih.gov/sos9/sra-pub-zq-922/SRR007/688/SRR7688748.sralite.1,SRX4548907,ASF0805_1_L14067735,WGS,RANDOM,METAGENOMIC,PAIRED,500,50,ILLUMINA,Illumina HiSeq 2500,SRP157584,PRJNA471898,3,471898,SRS3666171,SAMN09715236,simple,539655,human skin metagenome,MET2052,,,,,,,no,,,,,NISC,SRA757749,,public,0167940BF4CD2D32882FD5272042C2E5,18D8D86D9B157AF953AD3ED7EA8134C2
SRR4201718,2017-12-15 00:03:52,2016-09-08 17:44:37,9642567,5454999430,9642567,565,3228,,https://sra-downloadb.be-md.ncbi.nlm.nih.gov/sos5/sra-pub-zq-14/SRR004/201/SRR4201718.sralite.1,SRX2148133,MF_S,WGA,RANDOM PCR,METAGENOMIC,PAIRED,0,0,ILLUMINA,Illumina MiSeq,SRP087619,PRJNA341472,2,341472,SRS1679310,SAMN05725478,simple,1070528,viral metagenome,MF_S,,,,,,,no,,,,,INSTITUT PASTEUR DE LA GUYANE,SRA464957,,public,1B452D1EC13AC4586B679AF65671A487,D9EB8837DB23BDB557A9ACF665DE62E0
SRR2565926,2015-10-07 00:00:00,2015-10-06 17:00:39,8846109,1326916350,0,150,891,,https://sra-downloadb.be-md.ncbi.nlm.nih.gov/sos5/sra-pub-zq-11/SRR002/565/SRR2565926/SRR2565926.sralite.1,SRX1307923,MM085.1,WGS,RANDOM,METAGENOMIC,SINGLE,0,0,ILLUMINA,Illumina HiSeq 2000,SRP064400,PRJNA297252,,297252,SRS1101367,SAMN04126271,simple,408170,human gut metagenome,MM085.1,,,,,,,no,,,,,MCGILL UNIVERSITY,SRA303156,,public,6BECE5823C60413F26328281F8D3A9F2,74A700134617389C48F2866A8FC19F30
SRR4201715,2017-12-15 00:03:52,2016-09-08 17:48:23,7800358,4364742668,7800358,559,2448,,https://sra-downloadb.be-md.ncbi.nlm.nih.gov/sos5/sra-pub-zq-14/SRR004/201/SRR4201715.sralite.1,SRX2148130,MU_F,WGA,RANDOM PCR,METAGENOMIC,PAIRED,0,0,ILLUMINA,Illumina MiSeq,SRP087619,PRJNA341472,2,341472,SRS1679309,SAMN05725475,simple,1070528,viral metagenome,MU_F,,,,,,,no,,,,,INSTITUT PASTEUR DE LA GUYANE,SRA464957,,public,1D470C15402B462EA0D681536FC17C39,9A682926C6B4589E32FADD4466658E87
SRR8104729,2019-01-01 00:20:22,2018-10-24 14:06:10,2328900,465780000,2328900,200,289,,https://sra-downloadb.be-md.ncbi.nlm.nih.gov/sos9/sra-pub-zq-922/SRR008/104/SRR8104729.sralite.1,SRX4931518,P7 Index#28,Targeted-Capture,Hybrid Selection,GENOMIC,PAIRED,0,0,ILLUMINA,Illumina HiSeq 2500,SRP166771,PRJNA497907,,497907,SRS3976451,SAMN10272957,simple,246414,Limnonectes kadarsani,MVZ291103,,,,,male,,no,,,,,"UNIVERSITY OF CALIFORNIA, BERKELEY",SRA798406,,public,8AC4A204C4BB0A301AF1962F1003F3CA,B82B600EAD7A82A752FD5D921EACE0F9
SRR9897644,2022-10-31 00:13:38,2019-08-03 10:44:34,108966550,32907898100,108966550,302,10373,,https://sra-downloadb.be-md.ncbi.nlm.nih.gov/sos9/sra-pub-zq-924/SRR009/9897/SRR9897644/SRR9897644.lite.1,SRX6649497,29,WGS,unspecified,GENOMIC,PAIRED,0,0,ILLUMINA,Illumina NovaSeq 6000,SRP217278,PRJNA558458,3,558458,SRS5211175,SAMN12478773,simple,7994,Astyanax mexicanus,Mante_T6154,,,,,not collected,,no,,,,,UNIVERSITY OF MINNESOTA,SRA932013,,public,E87DC0B0ABFBD740C48B6D7AD54B7607,46BE139F5961DD74BC17A44DFBCA6FA4
SRR4075526,2017-02-07 10:30:04,2016-08-28 00:19:54,24375673,7312701900,24375673,300,2656,,https://sra-downloadb.be-md.ncbi.nlm.nih.gov/sos5/sra-pub-zq-11/SRR004/075/SRR4075526/SRR4075526.sralite.1,SRX2059079,NM21-3,WGS,DNase,METAGENOMIC,PAIRED,0,0,ILLUMINA,Illumina HiSeq 2500,SRP083102,PRJNA340315,,340315,SRS1651040,SAMN05712401,simple,1154581,food fermentation metagenome,NM21-3,,,,,,,no,,,,,IMAU,SRA456257,,public,A23C488A7D06795C98E841686F0D7D8F,5B0223C54ACD42F59170E0C2BDD8B924
ERR140767,2012-08-04 00:52:18,2014-10-16 18:15:58,11300891,2260178200,11300891,200,1620,BioProject28585,https://sra-downloadb.be-md.ncbi.nlm.nih.gov/sos5/sra-pub-zq-11/ERR000/140/ERR140767/ERR140767.sralite.1,ERX116771,4601696,WGS,RANDOM,GENOMIC,PAIRED,222,64,ILLUMINA,Illumina HiSeq 2000,ERP000089,PRJEB2035,,203744,ERS095037,SAMEA1398271,simple,813,Chlamydia trachomatis,SAMEA1398271,,,,,,,no,,,,,SC,ERA139405,,public,5597436554A4D81A6715FF7AA460F4EA,0877955FE6CB844B55C5C94A5D68658A
ERR164659,2012-08-28 23:21:09,2014-10-18 03:27:08,2476411,495282200,2476411,200,302,BioProject28585,https://sra-downloadb.be-md.ncbi.nlm.nih.gov/sos5/sra-pub-zq-11/ERR000/164/ERR164659/ERR164659.sralite.1,ERX140536,5341357,WGS,RANDOM,GENOMIC,PAIRED,237,68,ILLUMINA,Illumina HiSeq 2000,ERP000089,PRJEB2035,,203744,ERS133246,SAMEA1483364,simple,813,Chlamydia trachomatis,SAMEA1483364,,,,,,,no,,,,,SC,ERA156316,,public,242A1157EDC184199969EA9A930847DA,C89A7DAE9A7B32560C6D51E8F8E0260E
ERR164661,2012-08-28 23:21:10,2014-10-18 03:27:09,2666269,533253800,2666269,200,315,BioProject28585,https://sra-downloadb.be-md.ncbi.nlm.nih.gov/sos5/sra-pub-zq-11/ERR000/164/ERR164661/ERR164661.sralite.1,ERX140538,5341359,WGS,RANDOM,GENOMIC,PAIRED,237,68,ILLUMINA,Illumina HiSeq 2000,ERP000089,PRJEB2035,,203744,ERS133248,SAMEA1483369,simple,813,Chlamydia trachomatis,SAMEA1483369,,,,,,,no,,,,,SC,ERA156316,,public,CDF6F532EEC5B2143D5B0EEE9E8CD09B,91D013DEB6E6581A68F030A38F622CF6
ERR1301447,2016-03-11 23:01:48,2016-03-14 20:27:21,1753835,876917500,1753835,500,513,,https://sra-downloadb.be-md.ncbi.nlm.nih.gov/sos5/sra-pub-zq-14/ERR001/301/ERR1301447.sralite.1,ERX1373106,14238618,WGS,RANDOM,GENOMIC,PAIRED,350,0,ILLUMINA,Illumina HiSeq 2500,ERP006046,PRJEB6505,,261306,ERS1074132,SAMEA3886998,simple,1070528,viral metagenome,SAMEA3886998,,,,,,,no,,,,,THE WELLCOME TRUST SANGER INSTITUTE,ERA570243,,public,48ECD9F55D6A30D76922920E589A71AB,594F014D6BF921C8E30D515C8042D699
ERR1301521,2016-03-11 23:01:48,2016-03-14 20:25:03,1656615,828307500,1656615,500,495,,https://sra-downloadb.be-md.ncbi.nlm.nih.gov/sos5/sra-pub-zq-14/ERR001/301/ERR1301521.sralite.1,ERX1373180,14238628,WGS,RANDOM,GENOMIC,PAIRED,350,0,ILLUMINA,Illumina HiSeq 2500,ERP006046,PRJEB6505,,261306,ERS1074186,SAMEA3887052,simple,1070528,viral metagenome,SAMEA3887052,,,,,,,no,,,,,THE WELLCOME TRUST SANGER INSTITUTE,ERA570243,,public,D510175037E5259A90CE4952FE4D7415,F573955DFA92156194C03426A5B0BD8D
ERR1301530,2016-03-11 23:01:48,2016-03-14 20:24:54,1504769,752384500,1504769,500,441,,https://sra-downloadb.be-md.ncbi.nlm.nih.gov/sos5/sra-pub-zq-14/ERR001/301/ERR1301530.sralite.1,ERX1373189,14238641,WGS,RANDOM,GENOMIC,PAIRED,350,0,ILLUMINA,Illumina HiSeq 2500,ERP006046,PRJEB6505,,261306,ERS1074194,SAMEA3887060,simple,1070528,viral metagenome,SAMEA3887060,,,,,,,no,,,,,THE WELLCOME TRUST SANGER INSTITUTE,ERA570243,,public,E532EE4B4FB1B628CA2620D76E9A19FB,F810599DEA6713F746E68DAACBFB9FB5
ERR1301474,2016-03-11 23:01:48,2016-03-14 20:26:09,1750291,875145500,1750291,500,515,,https://sra-downloadb.be-md.ncbi.nlm.nih.gov/sos5/sra-pub-zq-14/ERR001/301/ERR1301474.sralite.1,ERX1373133,14238598,WGS,RANDOM,GENOMIC,PAIRED,350,0,ILLUMINA,Illumina HiSeq 2500,ERP006046,PRJEB6505,,261306,ERS1074859,SAMEA3887725,simple,1070528,viral metagenome,SAMEA3887725,,,,,,,no,,,,,THE WELLCOME TRUST SANGER INSTITUTE,ERA570243,,public,6DE815D42AFE6F4065AFE8C8E7D368AB,6FC4576821D58AC6263C576B624C3814
ERR1301851,2016-03-11 23:02:36,2016-03-14 20:17:22,1331322,665661000,1331322,500,349,,https://sra-downloadb.be-md.ncbi.nlm.nih.gov/sos5/sra-pub-zq-14/ERR001/301/ERR1301851.sralite.1,ERX1373510,14323203,WGS,RANDOM,GENOMIC,PAIRED,350,0,ILLUMINA,Illumina HiSeq 2500,ERP006046,PRJEB6505,,261306,ERS1074939,SAMEA3887805,simple,1070528,viral metagenome,SAMEA3887805,,,,,,,no,,,,,THE WELLCOME TRUST SANGER INSTITUTE,ERA570243,,public,AD002FEFBBC430EFD7B21154BEE0756B,8CD21A1A574C326ADEB018D89B000C69
ERR1659874,2016-10-01 10:41:12,2016-10-06 04:37:35,18355589,4625608428,18355589,252,1752,,https://sra-downloadb.be-md.ncbi.nlm.nih.gov/sos5/sra-pub-zq-14/ERR001/659/ERR1659874.sralite.1,ERX1730192,COD027_DD,WGS,RANDOM,GENOMIC,PAIRED,0,0,ILLUMINA,Illumina HiSeq 2500,ERP017326,PRJEB15516,,344983,ERS1364710,SAMEA4465531,simple,8049,Gadus morhua,SAMEA4465531,,,,,,,no,,,,,UNIVERSITY OF OSLO,ERA710026,,public,8035A3A178984EF4E13544ABF771086E,E833E57147DF982FFA9F97ACC12C0A72
ERR2756792,2019-01-24 10:40:58,2019-01-25 13:21:45,11830542,3555673508,11830542,300,1525,,https://sra-downloadb.be-md.ncbi.nlm.nih.gov/sos5/sra-pub-zq-16/ERR002/756/ERR2756792.sralite.1,ERX2769785,unspecified,RNA-Seq,other,METAGENOMIC,PAIRED,250,0,ILLUMINA,NextSeq 500,ERP110310,PRJEB28138,,514625,ERS2678734,SAMEA4858895,simple,9430,Desmodus rotundus,SAMEA4858895,,,,,,,no,,,,,IBAHCM,ERA1577748,,public,972F901F0356CE2A5A2FF563E2BD496D,8E38D2C34EFDF2BD68FB4B92EB582B8C
ERR2850639,2019-06-27 18:36:46,2019-06-27 23:29:28,36167429,9114192108,36167429,252,2936,,https://sra-downloadb.be-md.ncbi.nlm.nih.gov/sos9/sra-pub-zq-922/ERR002/850/ERR2850639.sralite.1,ERX2857252,unspecified,WGS,RANDOM,GENOMIC,PAIRED,150,0,ILLUMINA,Illumina HiSeq 2500,ERP111516,PRJEB29231,,551820,ERS2802646,SAMEA4984591,simple,8049,Gadus morhua,SAMEA4984591,,,,,,,no,,,,,UNIVERSITY OF OSLO,ERA1629809,,public,C2E4186816039DDFCD9489E4A6C6C5AA,922774E2C3C19E25BE9541EC03196DD7
ERR2985417,2019-01-02 08:16:22,2020-04-23 08:47:27,207490610,62351445951,207490610,300,10992,GCA_000003205.4,https://sra-downloadb.be-md.ncbi.nlm.nih.gov/sos9/sra-pub-zq-922/ERR002/985/ERR2985417.sralite.1,ERX2987989,unspecified,WGS,RANDOM,GENOMIC,PAIRED,300,0,ILLUMINA,Illumina NovaSeq 6000,ERP020037,PRJEB18113,,356238,ERS2967559,SAMEA5159831,simple,9913,Bos taurus,SAMEA5159831,,,,,,,no,,,,,"INSTITUTE OF GENETICS, UNIVERSITY OF BERN, SWITZER",ERA1684702,,public,0CC5A725DD19EE644357E556308617A2,A209BDABA901CC13111C5CD8093A20D3
ERR3209766,2019-05-23 08:21:25,2019-05-23 09:19:59,8296848,1656941719,8296848,199,738,,https://sra-downloadb.be-md.ncbi.nlm.nih.gov/sos9/sra-pub-zq-922/ERR003/209/ERR3209766.sralite.1,ERX3237377,unspecified,WGS,RANDOM,METAGENOMIC,PAIRED,400,0,ILLUMINA,Illumina HiSeq 2000,ERP114207,PRJEB31632,,544455,ERS3215333,SAMEA5410025,simple,256318,metagenome,SAMEA5410025,,,,,,,no,,,,,GENOME INSTITRUTE OF SINGAPORE,ERA1759667,,public,2B5BB7EBD233F37A1A7C9F483730963A,D3EEB06EBA84D183B8D907749D52032A
ERR3209929,2019-05-23 08:21:27,2022-07-24 08:20:01,6826999,1371555810,6826999,200,636,,https://sra-downloadb.be-md.ncbi.nlm.nih.gov/sos1/sra-pub-zq-38/ERR003/3209/ERR3209929/ERR3209929.lite.2,ERX3237540,unspecified,WGS,RANDOM,METAGENOMIC,PAIRED,400,0,ILLUMINA,Illumina HiSeq 2000,ERP114207,PRJEB31632,,544455,ERS3215496,SAMEA5410189,simple,256318,metagenome,SAMEA5410189,,,,,,,no,,,,,GENOME INSTITRUTE OF SINGAPORE,ERA1759667,,public,403B283DCB3AEED8305CF7469B7FFF23,1E1F21CD79C9F183059AC0170CF51236
ERR3281568,2019-04-17 08:18:47,2019-04-22 03:56:04,254211611,75947430697,254211611,298,31801,,https://sra-downloadb.be-md.ncbi.nlm.nih.gov/sos5/sra-pub-zq-16/ERR003/3281/ERR3281568/ERR3281568.lite.1,ERX3294557,TZCH-SNJ-0009,WGS,RANDOM,GENOMIC,PAIRED,150,20,ILLUMINA,HiSeq X Ten,ERP114470,PRJEB31857,,533273,ERS3357905,SAMEA5555865,simple,9925,Capra hircus,SAMEA5555865,,,,,female,,no,,,,,THE ROSLIN INSTITUTE,ERA1837284,,public,8A3BCD91D63E8ADA65ED90EFD4DE9E1C,6798BF539B3B0799437567E3CD7EF05A
ERR3298753,2019-04-29 07:40:40,2019-05-04 18:15:31,173310729,34662145800,173310729,200,23629,,https://sra-downloadb.be-md.ncbi.nlm.nih.gov/sos5/sra-pub-zq-16/ERR003/3298/ERR3298753/ERR3298753.lite.1,ERX3325031,,WGS,RANDOM,GENOMIC,PAIRED,0,0,ILLUMINA,Illumina HiSeq 2500,ERP009330,PRJEB8272,,274843,ERS3381932,SAMEA5577698,simple,9994,Marmota marmota marmota,SAMEA5577698,,,,,female,,no,,,,,MRC NATIONAL INSTITUTE FOR MEDICAL RESEARCH,ERA1869978,,public,998C6E61B4AA4AC21B6692CB01D65A86,2525175D97B689F4DF3A476187E2D69B
SRR2005651,2015-05-01 18:31:16,2015-05-01 18:28:31,3763813,743618587,3698208,197,468,,https://sra-downloadb.be-md.ncbi.nlm.nih.gov/sos5/sra-pub-zq-11/SRR002/005/SRR2005651/SRR2005651.sralite.1,SRX1015740,,WGS,RANDOM,METAGENOMIC,PAIRED,0,0,ILLUMINA,Illumina HiSeq 2000,SRP057859,PRJNA281366,,281366,SRS927151,SAMN03576394,simple,539655,human skin metagenome,SKCT13_b2_29,,,,,,,no,,,,,CENTRE FOR INTEGRATIVE BIOLOGY,SRA264982,,public,A2485D59D5FB57853D4978D692502488,64B2AC3133F7F561D761695934393E17
SRR8434718,2019-01-11 11:05:34,2022-04-19 11:47:30,12098143,3629442900,12098143,300,1444,,https://sra-downloadb.be-md.ncbi.nlm.nih.gov/sos9/sra-pub-zq-924/SRR008/8434/SRR8434718/SRR8434718.lite.2,SRX5242388,TCT1,RNA-Seq,PCR,TRANSCRIPTOMIC,PAIRED,0,0,ILLUMINA,Illumina HiSeq 2500,SRP178485,PRJNA514706,,514706,SRS4245112,SAMN10727240,simple,3832,Cyamopsis tetragonoloba,TCT1,,,,,,,no,,,,,CSIR-NATIONAL BOTANICAL RESEARCH INSTITUTE,SRA833411,,public,C7389B7B1FA51433E367970B40437BDC,588323DE7B5B5C0CDBF869CFD1821F5D
SRR7408270,2018-06-21 19:43:22,2018-06-21 19:38:24,37369294,1905833994,0,51,619,,https://sra-downloadb.be-md.ncbi.nlm.nih.gov/sos5/sra-pub-zq-16/SRR007/408/SRR7408270.sralite.1,SRX4279802,JK328_B,WGS,RANDOM,GENOMIC,SINGLE,0,0,ILLUMINA,Illumina HiSeq 4000,SRP151062,PRJNA319270,,319270,SRS3444838,SAMN04884486,simple,9644,Ursus arctos,Ursus_arctos_Kunashir2,,,,,not determined,,no,,,,,"UNIVERSITY OF CALIFORNIA, SANTA CRUZ",SRA726265,,public,6393D0FCE4BC77C539A6FD91097391FE,1C480F7A4451708C79B223B4AB3B2665
SRR7992339,2018-10-12 00:16:35,2018-10-10 08:31:34,1452920,366135840,1452920,252,155,,https://sra-downloadb.be-md.ncbi.nlm.nih.gov/sos5/sra-pub-zq-16/SRR007/992/SRR7992339.sralite.1,SRX4823456,ASF0860_1_L14170379,WGS,RANDOM,METAGENOMIC,PAIRED,500,50,ILLUMINA,Illumina HiSeq 2500,SRP157584,PRJNA471898,3,471898,SRS3897325,SAMN10173369,simple,539655,human skin metagenome,VRNA_050,,,,,,,no,,,,,NISC,SRA791369,,public,B9D081A3A13405D7AD62660011C575D8,A7F11E8C7F85D9A413414DA570B8B31E
SRR7992340,2018-10-12 00:16:35,2018-10-10 08:31:31,1452344,365990688,1452344,252,155,,https://sra-downloadb.be-md.ncbi.nlm.nih.gov/sos9/sra-pub-zq-922/SRR007/992/SRR7992340.sralite.1,SRX4823456,ASF0860_1_L14170379,WGS,RANDOM,METAGENOMIC,PAIRED,500,50,ILLUMINA,Illumina HiSeq 2500,SRP157584,PRJNA471898,3,471898,SRS3897325,SAMN10173369,simple,539655,human skin metagenome,VRNA_050,,,,,,,no,,,,,NISC,SRA791369,,public,04FDA0E64CBB76FA12CD78303C5435EE,A98EB0D2E8B4F6D10F13BB2BF9AE8AB4
SRR7993543,2018-10-12 00:16:38,2018-10-10 12:29:37,449431,113256612,449431,252,62,,https://sra-downloadb.be-md.ncbi.nlm.nih.gov/sos9/sra-pub-zq-922/SRR007/993/SRR7993543.sralite.1,SRX4824489,ASF3495_1_L15343853,WGS,RANDOM,METAGENOMIC,PAIRED,500,50,ILLUMINA,Illumina HiSeq 2500,SRP157584,PRJNA471898,3,471898,SRS3898186,SAMN10173433,simple,539655,human skin metagenome,VRNA_272,,,,,,,no,,,,,NISC,SRA791781,,public,3B0796B4A70F1531CBA31AACB6448EE0,C9D2D1E77DB906078D2C05DEEE58C547
SRR7993544,2018-10-12 00:16:38,2018-10-10 12:29:35,390579,98425908,390579,252,46,,https://sra-downloadb.be-md.ncbi.nlm.nih.gov/sos5/sra-pub-zq-16/SRR007/993/SRR7993544.sralite.1,SRX4824489,ASF3495_1_L15343853,WGS,RANDOM,METAGENOMIC,PAIRED,500,50,ILLUMINA,Illumina HiSeq 2500,SRP157584,PRJNA471898,3,471898,SRS3898186,SAMN10173433,simple,539655,human skin metagenome,VRNA_272,,,,,,,no,,,,,NISC,SRA791781,,public,E0F2FBB0E4CC7FF1DC321306CAD7B51D,FD3D2734C920BE7C5856EC1E368D4D85
SRR7993545,2018-10-12 00:16:38,2018-10-10 12:29:35,390084,98301168,390084,252,45,,https://sra-downloadb.be-md.ncbi.nlm.nih.gov/sos5/sra-pub-zq-16/SRR007/993/SRR7993545.sralite.1,SRX4824489,ASF3495_1_L15343853,WGS,RANDOM,METAGENOMIC,PAIRED,500,50,ILLUMINA,Illumina HiSeq 2500,SRP157584,PRJNA471898,3,471898,SRS3898186,SAMN10173433,simple,539655,human skin metagenome,VRNA_272,,,,,,,no,,,,,NISC,SRA791781,,public,42FD99C8C1F01837F6D534E73F9253DF,3716B199DCD0EB3E75EBCB116D36067D
SRR7993546,2018-10-12 00:16:38,2018-10-10 12:29:41,741061,186747372,741061,252,78,,https://sra-downloadb.be-md.ncbi.nlm.nih.gov/sos5/sra-pub-zq-16/SRR007/993/SRR7993546.sralite.1,SRX4824489,ASF3495_1_L15343853,WGS,RANDOM,METAGENOMIC,PAIRED,500,50,ILLUMINA,Illumina HiSeq 2500,SRP157584,PRJNA471898,3,471898,SRS3898186,SAMN10173433,simple,539655,human skin metagenome,VRNA_272,,,,,,,no,,,,,NISC,SRA791781,,public,82E202D165CE5DCD66F9D34F38B8FEA1,FFBF39CB6F45695C44FA578E3CE95F8A
SRR7993547,2018-10-12 00:16:38,2018-10-10 12:29:54,729956,183948912,729956,252,77,,https://sra-downloadb.be-md.ncbi.nlm.nih.gov/sos5/sra-pub-zq-16/SRR007/993/SRR7993547.sralite.1,SRX4824489,ASF3495_1_L15343853,WGS,RANDOM,METAGENOMIC,PAIRED,500,50,ILLUMINA,Illumina HiSeq 2500,SRP157584,PRJNA471898,3,471898,SRS3898186,SAMN10173433,simple,539655,human skin metagenome,VRNA_272,,,,,,,no,,,,,NISC,SRA791781,,public,F17BA417B763053EF0875EDDABE2D957,C9EC5269686B4DE5D3E3D5E7CEE23E50
SRR8631965,2019-02-26 05:13:12,2019-02-26 05:02:53,80334486,24100345800,80334486,300,8999,,https://sra-downloadb.be-md.ncbi.nlm.nih.gov/sos5/sra-pub-zq-16/SRR008/631/SRR8631965.sralite.1,SRX5430767,WHJ22,WGS,PCR,GENOMIC,PAIRED,0,0,ILLUMINA,HiSeq X Ten,SRP186849,PRJNA524263,,524263,SRS4410759,SAMN11019707,simple,9823,Sus scrofa,WHJ22_HNHHLCCXX_L5,,,,,female,,no,,,,,ANHUI AGRICULTURAL UNIVERSITY,SRA852287,,public,A15198E59F03B92011FA0D44BBA906A0,D3D3C53C560142D08144D7898FDDAC2D
SRR5450932,2017-04-16 22:08:11,2017-04-16 22:03:19,28389669,8440795730,28389669,297,3263,,https://sra-downloadb.be-md.ncbi.nlm.nih.gov/sos5/sra-pub-zq-14/SRR005/450/SRR5450932.sralite.1,SRX2739641,fish1,RNA-Seq,PCR,TRANSCRIPTOMIC,PAIRED,0,0,ILLUMINA,Illumina HiSeq 4000,SRP104000,PRJNA383027,,383027,SRS2126690,SAMN06758710,simple,1610892,Tachysurus fulvidraco x Tachysurus vachelli,bony_fish_1,,,,,not determined,,no,,,,,HUAZHONG AGRICULTURAL UNIVERSITY,SRA554451,,public,8706850A524A5E530E5B3DE143764E54,E23B477958A96FE7B4EA39ABBC0985CD
SRR7122329,2018-05-04 20:42:18,2018-05-09 08:08:40,835544,423316816,835544,506,280,,https://sra-downloadb.be-md.ncbi.nlm.nih.gov/sos5/sra-pub-zq-14/SRR007/122/SRR7122329.sralite.1,SRX4043917,cow_liver1,WGA,RANDOM,GENOMIC,PAIRED,0,0,ILLUMINA,Illumina MiSeq,SRP112556,PRJNA393166,3,393166,SRS3261357,SAMN09074543,simple,1070528,viral metagenome,cow_liver1,,,,,,,no,,,,,NATIONAL CANCER INSTITUTE,SRA699716,,public,EF838C13BCB477AC0F82F3D7DFDF0A05,3D50006337D03C1D53A60F8EF7DD28B2
SRR8437782,2020-02-05 01:37:42,2019-01-13 12:16:10,207114636,55624586622,207114636,268,23816,,https://sra-downloadb.be-md.ncbi.nlm.nih.gov/sos5/sra-pub-zq-14/SRR008/437/SRR8437782.sralite.1,SRX5245278,lib9,WGS,RANDOM,GENOMIC,PAIRED,0,0,ILLUMINA,Illumina HiSeq 4000,SRP178825,PRJNA514886,,514886,SRS4247630,SAMN10736128,simple,72542,Capra ibex,ib.BE0407_bo,,,,,male,,no,,,,,UNIVERSITY OF ZURICH,SRA834189,,public,F9CBA510C7727963E6685B08ADB74460,59787E05245B3152163B96DFB0A116F1
SRR5042766,2016-12-04 15:39:17,2016-11-29 15:35:42,13549457,2736990314,13549457,202,1733,,https://sra-downloadb.be-md.ncbi.nlm.nih.gov/sos5/sra-pub-zq-14/SRR005/042/SRR5042766.sralite.1,SRX2365852,lh1aj1ss05,RNA-Seq,RANDOM,TRANSCRIPTOMIC,PAIRED,0,0,ILLUMINA,Illumina HiSeq 2000,SRP093628,PRJNA354434,,354434,SRS1812142,SAMN06045849,simple,8296,Ambystoma mexicanum,lh1aj1ss05,,,,,female,,no,,,,,LANGEBIO-CINVESTAV,SRA497068,,public,5AB42E73D6A9D42FF7A73499DF349AA6,C156D01B76AD04656DA618EFC66F2CE0
SRR11059661,2020-04-30 00:01:29,2020-02-10 21:22:41,5295078,1059015600,5295078,200,662,,https://sra-downloadb.be-md.ncbi.nlm.nih.gov/sos9/sra-pub-zq-922/SRR011/059/SRR11059661.sralite.1,SRX7705606,NCSU-GSL-0176-06,WGS,MDA,GENOMIC,PAIRED,0,0,ILLUMINA,Illumina HiSeq 2000,SRP248064,PRJNA605869,,605869,SRS6129476,SAMN14081187,simple,7227,Drosophila melanogaster,10A_C1_9.2,,,,,not applicable,,no,,,,,UNIVERSITY OF OREGON,SRA1041028,,public,2B8B8293DC1AF263E74C2ABBE2EC30A9,3DD8B86EE14E2F4200E6377A768BAC8C
SRR12709759,2022-02-16 04:09:37,2020-09-25 04:56:39,2181418,530686476,2181418,243,252,,https://sra-downloadb.be-md.ncbi.nlm.nih.gov/sos4/sra-pub-zq-1/SRR012/12709/SRR12709759/SRR12709759.lite.1,SRX9188830,17O010102_OC053_CapNGS-HZ_lab,OTHER,PCR,GENOMIC,PAIRED,0,0,ILLUMINA,Illumina HiSeq 2000,SRP285336,PRJNA664651,,664651,SRS7425149,SAMN16234802,simple,9606,Homo sapiens,17O010102_OC053_CapNGS-HZ_lab,,,,,female,,no,,,,,SUN YAT-SAN UNIVERSTIY,SRA1130444,,public,733118AAAC6C47E52AF21DFFF5D84893,9B7944048B72EEF198C61DD53B8AFA67
SRR10902309,2020-01-16 06:56:21,2020-01-16 06:26:09,8991206,2697361800,8991206,300,972,,https://sra-downloadb.be-md.ncbi.nlm.nih.gov/sos9/sra-pub-zq-922/SRR010/902/SRR10902309.sralite.1,SRX7570522,211,Targeted-Capture,Hybrid Selection,GENOMIC,PAIRED,0,0,ILLUMINA,Illumina HiSeq 4000,SRP242170,PRJNA601631,,601631,SRS6006220,SAMN13871368,simple,73337,Ceratotherium simum simum,211,,,,,NA,,no,,,,,UNIVERSITY OF GLASGOW,SRA1027114,,public,E530F0FA21B2021246D457AF533A3083,45A812133862C650B7AD965DF432F130
SRR11569199,2020-04-19 17:40:31,2020-04-19 17:37:00,4716963,1188674676,4716963,252,531,,https://sra-downloadb.be-md.ncbi.nlm.nih.gov/sos9/sra-pub-zq-922/SRR011/569/SRR11569199.sralite.1,SRX8138151,8SE_S19,WGS,RANDOM,METAGENOMIC,PAIRED,0,0,ILLUMINA,Illumina HiSeq 2500,SRP257385,PRJNA512046,,512046,SRS6501294,SAMN14640647,simple,1338477,skin metagenome,8SE,,,,8,,,no,,,,,UNIVERSITY OF MINNESOTA,SRA1066862,,public,C02663EDCBCB0468231E69B283795905,AB690C5AB3999A1C64AEF2459695FB29
SRR12596806,2021-07-27 04:55:02,2020-09-05 06:41:23,57590152,17277045600,57590152,300,5623,,https://sra-downloadb.be-md.ncbi.nlm.nih.gov/sos8/sra-pub-zq-818/SRR012/12596/SRR12596806/SRR12596806.lite.1,SRX9080654,A1858802a,WGS,RANDOM,GENOMIC,PAIRED,0,0,ILLUMINA,Illumina NovaSeq 6000,SRP280179,PRJNA655666,,655666,SRS7327373,SAMN15747476,simple,151332,Prunus mira,A1858802a,,,,,,,no,,,,,HUAZHONG AGRICULTURAL UNIVERSITY,SRA1120045,,public,398C33704B95EECDF44905C20042BD11,396AF95B93E2FE87E16B533B141FFC7D
SRR13719170,2022-02-01 04:00:05,2021-02-16 09:27:07,2492797,752824694,2492797,302,249,,https://sra-downloadb.be-md.ncbi.nlm.nih.gov/sos9/sra-pub-zq-922/SRR013/13719/SRR13719170/SRR13719170.lite.1,SRX10107757,Acc.str.striatus.165158,WGS,Hybrid Selection,GENOMIC,PAIRED,0,0,ILLUMINA,Illumina HiSeq 3000,SRP306583,PRJNA701772,,701772,SRS8264669,SAMN17910823,simple,387761,Falco striatus striatus,Acc.str.striatus.165158,,,,,,,no,,,,,ACADEMY OF NATURAL SCIENCES OF DREXEL UNIVERSITY,SRA1196593,,public,26C63CAB63566556F2F497A3932B4A1E,753C6D510666E001B3CB7D6795EEB179
SRR11657643,2020-04-30 22:54:48,2020-04-30 22:21:45,258991622,77697486600,258991622,300,30787,,https://sra-downloadb.be-md.ncbi.nlm.nih.gov/sos5/sra-pub-zq-14/SRR011/11657/SRR11657643/SRR11657643.lite.1,SRX8218468,CLS228,WGS,RANDOM,GENOMIC,PAIRED,0,0,ILLUMINA,HiSeq X Ten,SRP259382,PRJNA624020,,624020,SRS6576518,SAMN14590288,simple,9940,Ovis aries,CLS228,,,,,female,,no,,,,,"INSTITUTE OF ZOOLOGY, CHINESE ACADEMY OF SCIENCES",SRA1070657,,public,4A5601E27E59AC0D9396D41644DEAEE8,8BF5F99076D50E24B781CD6C2CDB5902
SRR13233423,2022-02-01 04:01:21,2020-12-27 10:47:53,12953447,3882937800,12932805,299,1305,,https://sra-downloadb.be-md.ncbi.nlm.nih.gov/sos9/sra-pub-zq-922/SRR013/13233/SRR13233423/SRR13233423.lite.1,SRX9665362,DarwinsArk_005153_31001602031254,WGS,other,GENOMIC,PAIRED,0,0,ILLUMINA,Illumina NovaSeq 6000,SRP297431,PRJNA675863,,675863,SRS7864280,SAMN16778858,simple,9615,Canis lupus familiaris,DarwinsArk_005153_31001602031254,,,,,female,,no,,,,,BROAD INSTITUTE,SRA1169563,,public,D3C3C516B76F2D1F238F0C23E4DE84DD,3030326F86841F38565AFC6816E6DDFE
SRR13235192,2022-02-01 04:01:32,2020-12-10 02:14:32,45990886,13889247572,45990886,302,5881,,https://sra-downloadb.be-md.ncbi.nlm.nih.gov/sos4/sra-pub-zq-1/SRR013/13235/SRR13235192/SRR13235192.lite.1,SRX9666977,DarwinsArk_009881_BroadLC_4.0x,WGS,other,GENOMIC,PAIRED,0,0,ILLUMINA,NextSeq 500,SRP297431,PRJNA675863,,675863,SRS7865937,SAMN16778367,simple,9615,Canis lupus familiaris,DarwinsArk_009881_BroadLC_4.0x,,,,,male,,no,,,,,BROAD INSTITUTE,SRA1169584,,public,DB1EFF5235F3CB9722D26121771E3756,2A0F628E512B9EE896ADFD6C2BF124AC
SRR13233212,2022-02-01 04:01:19,2020-12-20 11:57:39,8819048,2643943500,8807242,299,904,,https://sra-downloadb.be-md.ncbi.nlm.nih.gov/sos4/sra-pub-zq-1/SRR013/13233/SRR13233212/SRR13233212.lite.1,SRX9665083,DarwinsArk_011912_31001602111643,WGS,other,GENOMIC,PAIRED,0,0,ILLUMINA,Illumina NovaSeq 6000,SRP297431,PRJNA675863,,675863,SRS7864001,SAMN16779364,simple,9615,Canis lupus familiaris,DarwinsArk_011912_31001602111643,,,,,male,,no,,,,,BROAD INSTITUTE,SRA1169563,,public,A6360A7B8B4F96B09F46E0C650E44EB1,5CF491044D9757F42505CCD5771EEF2D
SRR13234696,2022-02-01 04:01:32,2020-12-10 00:14:44,13264451,3979335300,13264451,300,1717,,https://sra-downloadb.be-md.ncbi.nlm.nih.gov/sos4/sra-pub-zq-1/SRR013/13234/SRR13234696/SRR13234696.lite.1,SRX9666963,DarwinsArk_017608_31001806034292,WGS,other,GENOMIC,PAIRED,0,0,ILLUMINA,Illumina NovaSeq 6000,SRP297431,PRJNA675863,,675863,SRS7865922,SAMN16778053,simple,9615,Canis lupus familiaris,DarwinsArk_017608_31001806034292,,,,,female,,no,,,,,BROAD INSTITUTE,SRA1169584,,public,80AC42618DCBFA605535BBE77759CD6D,C5AA639E0B90953A3295BD3013867AA6
SRR13235220,2022-02-01 04:01:35,2020-12-10 00:53:38,12629698,3788909400,12629698,300,1461,,https://sra-downloadb.be-md.ncbi.nlm.nih.gov/sos4/sra-pub-zq-1/SRR013/13235/SRR13235220/SRR13235220.lite.1,SRX9667283,DarwinsArk_019398_31001806032962,WGS,other,GENOMIC,PAIRED,0,0,ILLUMINA,Illumina NovaSeq 6000,SRP297431,PRJNA675863,,675863,SRS7866242,SAMN16778090,simple,9615,Canis lupus familiaris,DarwinsArk_019398_31001806032962,,,,,male,,no,,,,,BROAD INSTITUTE,SRA1169584,,public,031933B9A713517444AFEB7AD793F16F,E0545352CAE0BC1ACE4F33EDA79BEE7A
SRR13235485,2022-02-01 04:01:36,2020-12-10 01:01:53,10914943,3274482900,10914943,300,1394,,https://sra-downloadb.be-md.ncbi.nlm.nih.gov/sos4/sra-pub-zq-1/SRR013/13235/SRR13235485/SRR13235485.lite.1,SRX9667352,DarwinsArk_020059_31001806034252,WGS,other,GENOMIC,PAIRED,0,0,ILLUMINA,Illumina NovaSeq 6000,SRP297431,PRJNA675863,,675863,SRS7866312,SAMN16778109,simple,9615,Canis lupus familiaris,DarwinsArk_020059_31001806034252,,,,,female,,no,,,,,BROAD INSTITUTE,SRA1169584,,public,123EA6E00C7F334A375BFAC93BC82A88,A9FE22D621B54B70F71D9D27954A09CE
SRR13318616,2020-12-31 11:28:13,2020-12-31 11:01:53,272158861,54431772200,272158861,200,16870,,https://sra-downloadb.be-md.ncbi.nlm.nih.gov/sos9/sra-pub-zq-924/SRR013/13318/SRR13318616/SRR13318616.lite.1,SRX9746215,ERH_12,WGS,size fractionation,GENOMIC,PAIRED,0,0,ILLUMINA,Illumina NovaSeq 6000,SRP299534,PRJNA688305,,688305,SRS7933838,SAMN17172458,simple,10042,Peromyscus maniculatus,ERH_12,,,,,female,,no,,,,,HARVARD UNIVERSITY,SRA1178445,,public,E1CF96C3361F421E88E2A2E07D4C6602,439011A0068D79BDDFCAA82367ABF31A
SRR13376362,2021-05-31 00:42:10,2021-01-14 14:33:45,171194917,51358475100,171194917,300,19500,,https://sra-downloadb.be-md.ncbi.nlm.nih.gov/sos9/sra-pub-zq-924/SRR013/13376/SRR13376362/SRR13376362.lite.1,SRX9799697,VILLPE000003,WGS,RANDOM,GENOMIC,PAIRED,0,0,ILLUMINA,Illumina HiSeq 3000,SRP273709,PRJNA648123,,648123,SRS7984346,SAMN17023485,simple,9615,Canis lupus familiaris,FAM006833,,,,,missing,,no,,,,,DOG10K,SRA1168508,,public,08C174370DE48C47D6AA262324A62431,098E402BA9A2A74A71521F93C9F88F6F
SRR12709426,2022-02-16 04:09:34,2020-09-25 01:53:29,1840018,539343953,1840018,293,222,,https://sra-downloadb.be-md.ncbi.nlm.nih.gov/sos4/sra-pub-zq-1/SRR012/12709/SRR12709426/SRR12709426.lite.1,SRX9188267,G151224R01601-HZ_lab,OTHER,PCR,GENOMIC,PAIRED,0,0,ILLUMINA,Illumina HiSeq 2000,SRP285336,PRJNA664651,,664651,SRS7424608,SAMN16235088,simple,9606,Homo sapiens,G151224R01601-HZ_lab,,,,,female,,no,,,,,SUN YAT-SAN UNIVERSTIY,SRA1131354,,public,AC56BE81E984E1D7684B51F6A86C21A6,5F8916A44DEA5DCF1DBD28BF5CB97858
SRR12709424,2022-02-16 04:09:34,2020-09-25 01:54:21,2798332,828781151,2798332,296,344,,https://sra-downloadb.be-md.ncbi.nlm.nih.gov/sos4/sra-pub-zq-1/SRR012/12709/SRR12709424/SRR12709424.lite.1,SRX9188269,G151224R01801-HZ_lab,OTHER,PCR,GENOMIC,PAIRED,0,0,ILLUMINA,Illumina HiSeq 2000,SRP285336,PRJNA664651,,664651,SRS7424610,SAMN16235090,simple,9606,Homo sapiens,G151224R01801-HZ_lab,,,,,female,,no,,,,,SUN YAT-SAN UNIVERSTIY,SRA1131354,,public,CABE2D858715CE5DA53A7547FC7C477A,31862FC20E1EBB933F28C93088801825
SRR12709222,2022-02-16 04:09:31,2020-09-25 01:52:14,3352541,988657601,3352541,294,417,,https://sra-downloadb.be-md.ncbi.nlm.nih.gov/sos4/sra-pub-zq-1/SRR012/12709/SRR12709222/SRR12709222.lite.1,SRX9187971,G151224R32501-HZ_lab,OTHER,PCR,GENOMIC,PAIRED,0,0,ILLUMINA,Illumina HiSeq 2000,SRP285336,PRJNA664651,,664651,SRS7424312,SAMN16235335,simple,9606,Homo sapiens,G151224R32501-HZ_lab,,,,,female,,no,,,,,SUN YAT-SAN UNIVERSTIY,SRA1131354,,public,A3AAB4576CC6D1001F37C0FFC7BC5914,DFA613247DB59D3D2B8A9116AA6353E2
SRR12709220,2022-02-16 04:09:31,2020-09-25 01:52:15,3667469,1087166271,3667469,296,458,,https://sra-downloadb.be-md.ncbi.nlm.nih.gov/sos1/sra-pub-zq-38/SRR012/12709/SRR12709220/SRR12709220.lite.1,SRX9187973,G151224R32601-HZ_lab,OTHER,PCR,GENOMIC,PAIRED,0,0,ILLUMINA,Illumina HiSeq 2000,SRP285336,PRJNA664651,,664651,SRS7424314,SAMN16235336,simple,9606,Homo sapiens,G151224R32601-HZ_lab,,,,,female,,no,,,,,SUN YAT-SAN UNIVERSTIY,SRA1131354,,public,436BA972222E3B58BA60D3251F7AA65F,BECA64CF94122D9D90E8BC4A4FE9527B
SRR12709947,2022-02-16 04:09:36,2020-09-25 05:01:01,2819069,821003225,2819069,291,332,,https://sra-downloadb.be-md.ncbi.nlm.nih.gov/sos1/sra-pub-zq-38/SRR012/12709/SRR12709947/SRR12709947.lite.1,SRX9188642,G160310R17801-HZ_lab,OTHER,PCR,GENOMIC,PAIRED,0,0,ILLUMINA,Illumina HiSeq 2000,SRP285336,PRJNA664651,,664651,SRS7424961,SAMN16235448,simple,9606,Homo sapiens,G160310R17801-HZ_lab,,,,,female,,no,,,,,SUN YAT-SAN UNIVERSTIY,SRA1130444,,public,D7B722D22C86CDDEF5B07DA98CAF2156,F9F4FC4046B25B381ECD7C1D92D496FA
SRR12709941,2022-02-16 04:09:36,2020-09-25 05:02:29,6142750,1792513981,6142750,291,732,,https://sra-downloadb.be-md.ncbi.nlm.nih.gov/sos4/sra-pub-zq-1/SRR012/12709/SRR12709941/SRR12709941.lite.1,SRX9188648,G160310R25301-HZ_lab,OTHER,PCR,GENOMIC,PAIRED,0,0,ILLUMINA,Illumina HiSeq 2000,SRP285336,PRJNA664651,,664651,SRS7424967,SAMN16235454,simple,9606,Homo sapiens,G160310R25301-HZ_lab,,,,,female,,no,,,,,SUN YAT-SAN UNIVERSTIY,SRA1130444,,public,EF061CAE911E14F481C9C1A875ACA885,58357000426DB1E012432FA60B833AD7
SRR13725758,2022-01-26 03:39:13,2021-02-16 20:40:43,2300564,602550668,2300564,261,208,,https://sra-downloadb.be-md.ncbi.nlm.nih.gov/sos9/sra-pub-zq-924/SRR013/13725/SRR13725758/SRR13725758.lite.1,SRX10113781,GER_SNF_F199_V3_back,WGS,RANDOM,METAGENOMIC,PAIRED,0,0,ILLUMINA,Illumina NovaSeq 6000,SRP306763,PRJNA699281,,699281,SRS8269233,SAMN17618056,simple,256318,metagenome,GER_SNF_F199_V3_back,,,,,,,no,,,,,JACKSON LABORATORY FOR GENOMIC MEDICINE,SRA1196965,,public,4B3BE05458FBBA0046B05505D33CA494,68A9544C135ABDA726D741AE1C278D81
SRR13725762,2022-01-26 03:39:13,2021-02-16 20:41:03,1705240,490742926,1705240,287,179,,https://sra-downloadb.be-md.ncbi.nlm.nih.gov/sos9/sra-pub-zq-924/SRR013/13725/SRR13725762/SRR13725762.lite.1,SRX10113777,GER_SNF_F199_V3_face,WGS,RANDOM,METAGENOMIC,PAIRED,0,0,ILLUMINA,Illumina NovaSeq 6000,SRP306763,PRJNA699281,,699281,SRS8269229,SAMN17618053,simple,256318,metagenome,GER_SNF_F199_V3_face,,,,,,,no,,,,,JACKSON LABORATORY FOR GENOMIC MEDICINE,SRA1196965,,public,02F945E38F0FAB0C1CDD244ACFFF8E05,F31343CA36E5298FFD65C383F1EDF845
SRR13516717,2021-01-29 11:20:28,2022-07-15 02:46:59,120067646,25094138014,120067646,209,14169,,https://sra-downloadb.be-md.ncbi.nlm.nih.gov/sos1/sra-pub-zq-38/SRR013/13516/SRR13516717/SRR13516717.lite.1,SRX9927841,SaimiriSciureus_PJX009,WGA,RANDOM,GENOMIC,PAIRED,0,0,ILLUMINA,Illumina HiSeq 1000,SRP303030,PRJNA610850,,610850,SRS8103980,SAMN17524280,simple,9521,Saimiri sciureus,Kandita_ear-punch,,,,,not collected,,no,,,,,UNIVERSITY OF CALGARY,SRA1187261,,public,8E9924122FCD11C41C2892CA1CE89688,6CC77045C7F40C34D57DBB5995C9773F
SRR11304755,2020-03-25 08:51:29,2020-03-25 08:49:23,23672713,7149159326,23672713,302,2258,,https://sra-downloadb.be-md.ncbi.nlm.nih.gov/sos5/sra-pub-zq-16/SRR011/304/SRR11304755.sralite.1,SRX7909895,LOR054C,WGS,RANDOM,METAGENOMIC,PAIRED,0,0,ILLUMINA,Illumina NovaSeq 6000,SRP251660,PRJNA478488,,478488,SRS6317448,SAMN14371028,simple,539655,human skin metagenome,LOR054C,,,,,,,no,,,,,CITY UNIVERSITY OF HONG KONG,SRA1054607,,public,224E715E8D89B2AD08DFEBFCCCEF75BD,BCB17E707E820B1389EB9C10F03D4F26
SRR12232778,2020-07-15 20:09:40,2020-07-15 20:05:40,15828532,3731093031,15828532,235,1287,,https://sra-downloadb.be-md.ncbi.nlm.nih.gov/sos9/sra-pub-zq-922/SRR012/12232/SRR12232778/SRR12232778.lite.1,SRX8741244,batpool24,WGS,RANDOM,METAGENOMIC,PAIRED,0,0,ILLUMINA,NextSeq 500,SRP272142,PRJNA646531,,646531,SRS7013683,SAMN15546577,simple,1213622,bat metagenome,Micro bat sample pool 24,,,,,,,no,,,,,MURDOCH UNIVERSITY,SRA1099586,,public,81204A75EF4A6703BC41BA4D7C860616,0E3A8D56423439E6806307725210E1F6
SRR12903319,2020-12-15 00:02:31,2020-10-26 23:41:51,256183488,76855046400,256183488,300,23375,,https://sra-downloadb.be-md.ncbi.nlm.nih.gov/sos9/sra-pub-zq-924/SRR012/12903/SRR12903319/SRR12903319.lite.1,SRX9368229,NC5,WGS,RANDOM,GENOMIC,PAIRED,0,0,ILLUMINA,Illumina HiSeq 4000,SRP288653,PRJNA602711,,602711,SRS7590169,SAMN13902425,simple,56316,Peromyscus boylii,NC1_DNA_UCI,,,,,not determined,,no,,,,,UNIVERSITY OF CALIFORNIA IRVINE,SRA1148048,,public,DCD3DE75A20B5B385F4F9A1529BDECC3,8681BFA822D29CD49AE32603A6D98010
SRR12694846,2022-10-01 00:12:39,2020-09-23 00:55:11,507449041,152234712300,507449041,300,57851,,https://sra-downloadb.be-md.ncbi.nlm.nih.gov/sos1/sra-pub-zq-38/SRR012/12694/SRR12694846/SRR12694846.lite.1,SRX9174620,P5671-sc7,WGA,RANDOM,GENOMIC,PAIRED,0,0,ILLUMINA,HiSeq X Ten,SRP256138,PRJNA604476,,604476,SRS6471951,SAMN14592340,simple,9606,Homo sapiens,P5671-sc7,,,,,male,,no,,,,,BAYLOR COLLEGE OF MEDICINE,SRA1130198,,public,1EA879BCE467E62ADB08F43ABE488BFB,084B354D309D187744B59928FC196AB2
SRR11951209,2021-06-08 00:01:37,2020-06-08 09:35:40,22827805,6848341500,22827805,300,2374,,https://sra-downloadb.be-md.ncbi.nlm.nih.gov/sos4/sra-pub-zq-1/SRR011/11951/SRR11951209/SRR11951209.lite.1,SRX8495612,PZ01,RNA-Seq,PCR,TRANSCRIPTOMIC,PAIRED,0,0,ILLUMINA,Illumina NovaSeq 6000,SRP266426,PRJNA638036,,638036,SRS6794549,SAMN15165741,simple,30331,Bufo gargarizans,PZ,,,,,female,,no,,,,,SCU,SRA1084474,,public,5079335C21F0D96213AF1538713CDFE0,A6441B44ED4743122BE5088F87B169AD
ERR3569485,2019-11-19 14:03:00,2019-11-19 16:42:21,12764201,3835597254,12764201,300,1628,,https://sra-downloadb.be-md.ncbi.nlm.nih.gov/sos5/sra-pub-zq-16/ERR003/569/ERR3569485.sralite.1,ERX3567823,unspecified,RNA-Seq,other,METAGENOMIC,PAIRED,250,0,ILLUMINA,NextSeq 500,ERP117397,PRJEB34487,,590683,ERS3786290,SAMEA5983465,simple,9430,Desmodus rotundus,SAMEA5983465,,,,,,,no,,,,,IBAHCM,ERA2155839,,public,47F39197BC7CE9344CE379952FD37E67,BC7386B83E275DAFF5FA86F8EB68351A
ERR3674534,2019-11-23 14:20:40,2019-11-23 15:58:56,21524017,6391657267,21524017,296,2545,,https://sra-downloadb.be-md.ncbi.nlm.nih.gov/sos5/sra-pub-zq-16/ERR003/674/ERR3674534.sralite.1,ERX3665867,unspecified,WGS,RANDOM,METAGENOMIC,PAIRED,500,0,ILLUMINA,Illumina HiSeq 4000,ERP114207,PRJEB31632,,544455,ERS4039723,SAMEA6240036,simple,256318,metagenome,SAMEA6240036,,,,,,,no,,,,,GENOME INSTITRUTE OF SINGAPORE,ERA2297092,,public,3AAFBD7889EF5FCBF08A037427BC22FB,3A8813FBA585A536BD5AA39229EF2846
ERR3674564,2019-11-23 14:20:40,2019-11-23 17:08:49,24596049,7333230852,24596049,298,2976,,https://sra-downloadb.be-md.ncbi.nlm.nih.gov/sos9/sra-pub-zq-922/ERR003/674/ERR3674564.sralite.1,ERX3665897,unspecified,WGS,RANDOM,METAGENOMIC,PAIRED,500,0,ILLUMINA,Illumina HiSeq 4000,ERP114207,PRJEB31632,,544455,ERS4039753,SAMEA6240066,simple,256318,metagenome,SAMEA6240066,,,,,,,no,,,,,GENOME INSTITRUTE OF SINGAPORE,ERA2297092,,public,0946F78AD03863E24E9198A68937D2EB,8E31136E3887D9200E2C9F2862F0EDF6
SRR12604243,2021-10-01 00:16:30,2020-09-07 11:35:50,28981580,8694474000,28981580,300,2601,,https://sra-downloadb.be-md.ncbi.nlm.nih.gov/sos4/sra-pub-zq-1/SRR012/12604/SRR12604243/SRR12604243.lite.1,SRX9087958,T303,RNA-Seq,cDNA,TRANSCRIPTOMIC,PAIRED,0,0,ILLUMINA,Illumina HiSeq 1500,SRP280349,PRJNA662075,,662075,SRS7333920,SAMN16073332,simple,80462,Takydromus septentrionalis,T303,,,,,male,,no,,,,,NANJING NORMAL UNIVERSITY,SRA1122143,,public,8A07C8DFDD0ED6E33CB5B2D3F0F61298,CEC99C0E69AFC883047999B83E476287
SRR12566196,2020-12-10 00:09:04,2020-09-01 17:41:05,1976872,395374400,1976872,200,154,,https://sra-downloadb.be-md.ncbi.nlm.nih.gov/sos9/sra-pub-zq-922/SRR012/12566/SRR12566196/SRR12566196.lite.1,SRX9054362,Thamphil_dolia_ANSP168260,WGS,Hybrid Selection,GENOMIC,PAIRED,0,0,ILLUMINA,Illumina HiSeq 2500,SRP279468,PRJNA655842,,655842,SRS7304256,SAMN15863335,simple,81889,Thamnophilus doliatus,Thamphil_dolia_ANSP168260,,,,,missing,,no,,,,,LOUISIANA STATE UNIVERSITY,SRA1119721,,public,2CB308E92DFA524463CBCB4E0FFD1778,787844D9AD9A08956B42D96A6AD22C08
SRR11743604,2021-06-30 00:32:55,2020-05-09 04:45:04,24019721,7205916300,24019721,300,2160,,https://sra-downloadb.be-md.ncbi.nlm.nih.gov/sos8/sra-pub-zq-818/SRR011/11743/SRR11743604/SRR11743604.lite.1,SRX8297022,repeat1_Malapterurus_electricus_gill,RNA-Seq,RANDOM,TRANSCRIPTOMIC,PAIRED,0,0,ILLUMINA,Illumina NovaSeq 6000,SRP260531,PRJNA592730,,592730,SRS6617813,SAMN13530295,simple,337630,Malapterurus electricus,The gill of Malapterurus electricus,,,,,not collected,,no,,,,,CENTER FOR ECOLOGICAL AND ENVIRONMENTAL SCIENCES,SRA1073650,,public,36BAA4C49BCE026605D380A4A78C5BAE,7006A7629E7F131C1A32B1C8A96A3EA9
SRR11913441,2020-11-12 13:45:05,2020-06-03 06:18:35,15672216,4733009232,15672216,302,1432,,https://sra-downloadb.be-md.ncbi.nlm.nih.gov/sos9/sra-pub-zq-922/SRR011/11913/SRR11913441/SRR11913441.lite.1,SRX8460036,UCD-S19,WGA,RANDOM,METAGENOMIC,PAIRED,0,0,ILLUMINA,Illumina NovaSeq 6000,SRP265725,PRJNA636289,,636289,SRS6761390,SAMN15070721,simple,1338477,skin metagenome,UCD-S19,,,,,,,no,,,,,"NATIONAL VETERINARY INSTITUTE, SWEDEN (SVA)",SRA1082655,,public,C3F64AC8759C9661E3B2A1C2FC6A09EF,E710CF1EC84C4A1AF4DA693338105B86
SRR12330129,2020-12-18 08:06:42,2020-07-29 14:45:13,406237344,60935601600,0,150,29135,,https://sra-downloadb.be-md.ncbi.nlm.nih.gov/sos8/sra-pub-zq-820/SRR012/12330/SRR12330129/SRR12330129.lite.1,SRX8830540,LVIZS000001,WGS,RANDOM,GENOMIC,PAIRED,0,0,ILLUMINA,Illumina HiSeq 3000,SRP273709,PRJNA648123,,648123,SRS7094736,SAMN15626037,simple,9615,Canis lupus familiaris,VIZS000001,,,,,male,,no,,,,,DOG10K,SRA1102878,,public,4822315A3E98B0786BE96A12F35C7320,C405AC3DFABCEFF00674852A828CF8AC
SRR11842090,2021-06-01 00:20:58,2020-05-25 12:53:43,22266613,6630658838,22266613,297,2519,,https://sra-downloadb.be-md.ncbi.nlm.nih.gov/sos4/sra-pub-zq-1/SRR011/11842/SRR11842090/SRR11842090.lite.1,SRX8392434,W2,RNA-Seq,RANDOM,TRANSCRIPTOMIC,PAIRED,0,0,ILLUMINA,HiSeq X Ten,SRP263117,PRJNA633919,,633919,SRS6705541,SAMN15010195,simple,89462,Bubalus bubalis,W2,,,,,missing,,no,,,,,CHINA AGRICULTURE UNIVERSITY,SRA1079452,,public,4B70176C64E610A32C6BA5FCEBE32758,CD66CC068399BBD8D3CDBC173F5DAFE9
SRR12851781,2021-09-01 00:50:38,2020-10-20 17:20:24,8070004,2030217251,8070004,251,861,,https://sra-downloadb.be-md.ncbi.nlm.nih.gov/sos4/sra-pub-zq-1/SRR012/12851/SRR12851781/SRR12851781.lite.1,SRX9318725,Gmo-00189,WGS,RANDOM,GENOMIC,PAIRED,0,0,ILLUMINA,NextSeq 500,SRP287859,PRJNA669394,,669394,SRS7543535,SAMN16447743,simple,8049,Gadus morhua,WS2018GOMF004,,,,,female,,no,,,,,GLOUCESTER MARINE GENOMICS INSTITUTE,SRA1144521,,public,4980B81887B09EC3E220D9415E109D24,A47807A9D8897D2EE2EC417AEB3FECFF
SRR12532606,2021-06-15 22:06:06,2020-08-27 11:00:43,24792510,4462651800,24792510,180,3284,,https://sra-downloadb.be-md.ncbi.nlm.nih.gov/sos8/sra-pub-zq-820/SRR012/12532/SRR12532606/SRR12532606.lite.1,SRX9022520,cg-f 35 dah,RNA-Seq,cDNA,TRANSCRIPTOMIC,PAIRED,0,0,ILLUMINA,Illumina HiSeq 4000,SRP279016,PRJNA658708,3,658708,SRS7273429,SAMN15887227,simple,101364,Carassius gibelio,cg-f 35 dah,,,,,female,,no,,,,,INSTITUTE OF HYDROBIOLOGY,SRA1118015,,public,810D1E7D32D1223F58CD971FE4996D79,5CE9268C9C7978719B87265D112FE794
DRR319698,2021-10-03 12:55:57,2021-10-02 12:04:35,21140078,6342023400,21140078,300,2652,,https://sra-downloadb.be-md.ncbi.nlm.nih.gov/sos4/sra-pub-zq-1/DRR000/319/DRR319698/DRR319698.lite.1,DRX309046,MOS2,RNA-Seq,RANDOM,TRANSCRIPTOMIC,PAIRED,0,0,ILLUMINA,Illumina HiSeq 2500,DRP007725,PRJDB12350,,768718,DRS205158,SAMD00406526,simple,75329,Misgurnus anguillicaudatus,SAMD00406526,,,,,,,no,,,,,UT-AQUA,DRA012772,,public,CE2C5A9309FA6B9402C0228B5C8F64E5,EAD8A6C256F47FB9D38C0C8BF5230870
DRR336006,2021-12-24 21:17:00,2021-12-24 21:23:52,29872901,4510808051,0,151,2069,,https://sra-downloadb.be-md.ncbi.nlm.nih.gov/sos9/sra-pub-zq-924/DRR000/336/DRR336006/DRR336006.lite.1,DRX325002,BmoMH_5_g317,RNA-Seq,Oligo-dT,TRANSCRIPTOMIC,SINGLE,0,0,ILLUMINA,HiSeq X Ten,DRP008006,PRJDB12787,,792352,DRS217609,SAMD00434254,simple,7091,Bombyx mori,SAMD00434254,,,,,,,no,,,,,KYUSHU,DRA013251,,public,B0886852E697E82F5DCC53206B16C4C4,0BD358EAC9E0E3B2F93A855694E9893E
ERR4982086,2021-05-12 01:21:56,2021-05-20 20:39:23,10743475,1896674987,10743475,176,866,,https://sra-downloadb.be-md.ncbi.nlm.nih.gov/sos1/sra-pub-zq-38/ERR004/4982/ERR4982086/ERR4982086.lite.1,ERX4795726,pooled sweat  EV DNA,WGS,size fractionation,GENOMIC,PAIRED,150,0,ILLUMINA,NextSeq 550,ERP123713,PRJEB40112,,729321,ERS5464748,SAMEA7708246,simple,9606,Homo sapiens,SAMEA7708246,,,,,,,no,,,,,UNIVERSITY OF OULU,ERA3196102,,public,A368EF3333E23F11FC1FB6ED7F17BAEB,9CB68FE8C963F087253DC0003B6E2CC2
ERR5084170,2021-03-15 13:54:52,2021-03-20 19:03:07,5769581,581559054,0,100,197,,https://sra-downloadb.be-md.ncbi.nlm.nih.gov/sos8/sra-pub-zq-820/ERR005/5084/ERR5084170/ERR5084170.lite.1,ERX4890310,MBT499,WGS,PCR,METAGENOMIC,PAIRED,200,0,ILLUMINA,Illumina HiSeq 4000,ERP126250,PRJEB42399,,702377,ERS5524040,SAMEA7776802,simple,256318,metagenome,SAMEA7776802,,,,,,,no,,,,,GENOME INSTITRUTE OF SINGAPORE,ERA3270612,,public,F907506FCED737779551551ABD28D269,FF608A641D8E3397F4A345D9BB154305
ERR7256387,2021-11-16 09:34:19,2021-11-19 19:43:00,97549953,24582588156,97549953,252,8352,,https://sra-downloadb.be-md.ncbi.nlm.nih.gov/sos8/sra-pub-zq-820/ERR007/7256/ERR7256387/ERR7256387.lite.1,ERX6825793,,WGS,RANDOM,GENOMIC,PAIRED,0,0,ILLUMINA,Illumina HiSeq 2500,ERP132727,PRJEB48359,,776233,ERS8186801,SAMEA10534721,simple,9668,Mustela putorius,SAMEA10534721,,,,,,,no,,,,,THE GENOME ANALYSIS CENTRE,ERA7130685,,public,1FC4B4EBB6D0744098530214428AC787,D9415E97C4A7EC15D3B0E2C3C3626507
SRR15046105,2021-08-26 17:14:14,2021-07-05 23:20:04,28352505,4279009397,28352505,150,1674,,https://sra-downloadb.be-md.ncbi.nlm.nih.gov/sos8/sra-pub-zq-820/SRR015/15046/SRR15046105/SRR15046105.lite.1,SRX11356735,Satb2_ChIPseq_Sox10_pos_Rep2,ChIP-Seq,RANDOM,GENOMIC,PAIRED,0,0,ILLUMINA,NextSeq 550,SRP278034,PRJNA657343,,657343,SRS9403584,SAMN20064284,simple,7955,Danio rerio,Sox10_Positive_Satb2_Rep2,,,,,not applicable,,no,,,,,IISER-PUNE,SRA1254741,,public,66E8740404CD1974768B1C3A0502A61C,8A411FA05E9777D8018B66DF1D9853EF
SRR13789819,2022-01-26 03:39:42,2021-02-26 09:39:29,6718292,2000839006,6718292,297,644,,https://sra-downloadb.be-md.ncbi.nlm.nih.gov/sos4/sra-pub-zq-1/SRR013/13789/SRR13789819/SRR13789819.lite.1,SRX10174657,GER_CD_S24_V1_torso,WGS,RANDOM,METAGENOMIC,PAIRED,0,0,ILLUMINA,Illumina NovaSeq 6000,SRP306763,PRJNA699281,,699281,SRS8323680,SAMN17617453,simple,256318,metagenome,GER_CD_S24_V1_torso,,,,,,,no,,,,,JACKSON LABORATORY FOR GENOMIC MEDICINE,SRA1196859,,public,3BA19BC2AF66854B11EC2C383A4242E4,83AA033117C157BCFD6726D4A061D135
SRR13789207,2022-01-26 03:39:29,2021-02-26 09:01:36,6615230,1950150340,6615230,294,593,,https://sra-downloadb.be-md.ncbi.nlm.nih.gov/sos1/sra-pub-zq-38/SRR013/13789/SRR13789207/SRR13789207.lite.1,SRX10174272,GER_CD_S24_V3_back,WGS,RANDOM,METAGENOMIC,PAIRED,0,0,ILLUMINA,Illumina NovaSeq 6000,SRP306763,PRJNA699281,,699281,SRS8323316,SAMN17617627,simple,256318,metagenome,GER_CD_S24_V3_back,,,,,,,no,,,,,JACKSON LABORATORY FOR GENOMIC MEDICINE,SRA1196859,,public,03873BB8AB41EC129E169C5ED51A6299,5AB8FA8480F017241A55E0330C96A1FF
SRR13789197,2022-01-26 03:39:30,2021-02-26 09:00:38,7146293,2113164967,7146293,295,664,,https://sra-downloadb.be-md.ncbi.nlm.nih.gov/sos1/sra-pub-zq-38/SRR013/13789/SRR13789197/SRR13789197.lite.1,SRX10174282,GER_CD_S24_V3_torso,WGS,RANDOM,METAGENOMIC,PAIRED,0,0,ILLUMINA,Illumina NovaSeq 6000,SRP306763,PRJNA699281,,699281,SRS8323326,SAMN17617636,simple,256318,metagenome,GER_CD_S24_V3_torso,,,,,,,no,,,,,JACKSON LABORATORY FOR GENOMIC MEDICINE,SRA1196859,,public,FBC2E1FFF0F00308DB754F0AAED77383,CFC8A4FD76DD0E1C6D035B0C40A9E0A4
SRR13789504,2022-01-26 03:39:33,2021-02-26 09:12:06,3693339,1085984126,3693339,294,334,,https://sra-downloadb.be-md.ncbi.nlm.nih.gov/sos4/sra-pub-zq-1/SRR013/13789/SRR13789504/SRR13789504.lite.1,SRX10174376,GER_CD_S40_V1_back,WGS,RANDOM,METAGENOMIC,PAIRED,0,0,ILLUMINA,Illumina NovaSeq 6000,SRP306763,PRJNA699281,,699281,SRS8323418,SAMN17617048,simple,256318,metagenome,GER_CD_S40_V1_back,,,,,,,no,,,,,JACKSON LABORATORY FOR GENOMIC MEDICINE,SRA1196859,,public,26FB4712D0E2590D97F8811AAD50FEB4,6F2DE08BEC90DF4135C3B7588796FCA6
SRR13789793,2022-01-26 03:39:42,2021-02-26 09:40:24,4711688,1399520635,4711688,297,447,,https://sra-downloadb.be-md.ncbi.nlm.nih.gov/sos4/sra-pub-zq-1/SRR013/13789/SRR13789793/SRR13789793.lite.1,SRX10174683,GER_CD_S40_V2_back,WGS,RANDOM,METAGENOMIC,PAIRED,0,0,ILLUMINA,Illumina NovaSeq 6000,SRP306763,PRJNA699281,,699281,SRS8323707,SAMN17617054,simple,256318,metagenome,GER_CD_S40_V2_back,,,,,,,no,,,,,JACKSON LABORATORY FOR GENOMIC MEDICINE,SRA1196859,,public,EFA4371A7D7E26967291D892D3412462,59C2FCA3C813B12269B26027E3DFB518
SRR13789230,2022-01-26 03:39:28,2021-02-26 09:04:03,6370331,1894128130,6370331,297,599,,https://sra-downloadb.be-md.ncbi.nlm.nih.gov/sos9/sra-pub-zq-924/SRR013/13789/SRR13789230/SRR13789230.lite.1,SRX10174249,GER_CD_S62_V3_back,WGS,RANDOM,METAGENOMIC,PAIRED,0,0,ILLUMINA,Illumina NovaSeq 6000,SRP306763,PRJNA699281,,699281,SRS8323293,SAMN17617606,simple,256318,metagenome,GER_CD_S62_V3_back,,,,,,,no,,,,,JACKSON LABORATORY FOR GENOMIC MEDICINE,SRA1196859,,public,13D3AE95797001C36E736532B2739688,CB435148EB44C39823626B7015DB14C8
SRR13789449,2022-01-26 03:39:35,2021-02-26 09:15:25,9401420,2771082029,9401420,294,841,,https://sra-downloadb.be-md.ncbi.nlm.nih.gov/sos9/sra-pub-zq-924/SRR013/13789/SRR13789449/SRR13789449.lite.1,SRX10174431,GER_CD_S75_V1_torso,WGS,RANDOM,METAGENOMIC,PAIRED,0,0,ILLUMINA,Illumina NovaSeq 6000,SRP306763,PRJNA699281,,699281,SRS8323472,SAMN17617015,simple,256318,metagenome,GER_CD_S75_V1_torso,,,,,,,no,,,,,JACKSON LABORATORY FOR GENOMIC MEDICINE,SRA1196859,,public,A26B21DBAEB8BC8050B2FB882C978DE0,9952F1BADEE382807757994D84A38161
SRR13790117,2022-01-26 03:39:45,2021-02-26 10:07:23,8385774,2505618288,8385774,298,844,,https://sra-downloadb.be-md.ncbi.nlm.nih.gov/sos4/sra-pub-zq-1/SRR013/13790/SRR13790117/SRR13790117.lite.1,SRX10174953,GER_CD_S76_V1_Af,WGS,RANDOM,METAGENOMIC,PAIRED,0,0,ILLUMINA,Illumina NovaSeq 6000,SRP306763,PRJNA699281,,699281,SRS8323940,SAMN17617214,simple,256318,metagenome,GER_CD_S76_V1_Af,,,,,,,no,,,,,JACKSON LABORATORY FOR GENOMIC MEDICINE,SRA1196859,,public,67261FD1A073C3AC48F573D72E825B91,0365E1BF1482BE2E75D2359CEC6FB86D
SRR13790114,2022-01-26 03:39:45,2021-02-26 09:57:49,10251426,3045532591,10251426,297,956,,https://sra-downloadb.be-md.ncbi.nlm.nih.gov/sos4/sra-pub-zq-1/SRR013/13790/SRR13790114/SRR13790114.lite.1,SRX10174956,GER_CD_S76_V1_Pf,WGS,RANDOM,METAGENOMIC,PAIRED,0,0,ILLUMINA,Illumina NovaSeq 6000,SRP306763,PRJNA699281,,699281,SRS8324382,SAMN17617216,simple,256318,metagenome,GER_CD_S76_V1_Pf,,,,,,,no,,,,,JACKSON LABORATORY FOR GENOMIC MEDICINE,SRA1196859,,public,3408A1C5301D310ED6B9DAAE44ADA673,8BA57A3F1B3D61B4EE46C89A3FA7EACD
SRR13789839,2022-01-26 03:39:42,2021-02-26 09:39:07,2294921,683946484,2294921,298,226,,https://sra-downloadb.be-md.ncbi.nlm.nih.gov/sos4/sra-pub-zq-1/SRR013/13789/SRR13789839/SRR13789839.lite.1,SRX10174637,GER_CD_S78_V1_torso,WGS,RANDOM,METAGENOMIC,PAIRED,0,0,ILLUMINA,Illumina NovaSeq 6000,SRP306763,PRJNA699281,,699281,SRS8323664,SAMN17617435,simple,256318,metagenome,GER_CD_S78_V1_torso,,,,,,,no,,,,,JACKSON LABORATORY FOR GENOMIC MEDICINE,SRA1196859,,public,5DB14189982EE6989F1B0ABF9A3EC971,375652801D26007BBBEF333FD58CF3E2
SRR13789294,2022-01-26 03:39:41,2021-02-26 09:07:02,6850226,2038872132,6850226,297,642,,https://sra-downloadb.be-md.ncbi.nlm.nih.gov/sos9/sra-pub-zq-924/SRR013/13789/SRR13789294/SRR13789294.lite.1,SRX10174586,GER_CD_S87_V1_face,WGS,RANDOM,METAGENOMIC,PAIRED,0,0,ILLUMINA,Illumina NovaSeq 6000,SRP306763,PRJNA699281,,699281,SRS8323614,SAMN17616992,simple,256318,metagenome,GER_CD_S87_V1_face,,,,,,,no,,,,,JACKSON LABORATORY FOR GENOMIC MEDICINE,SRA1196859,,public,9CE4B1DA0C6EE9A744463EC7D0FC06E4,70368CFB6E6EAAEC6979425EB240AD23
SRR13790126,2022-01-26 03:39:45,2021-02-26 09:57:08,5423462,1610418711,5423462,296,502,,https://sra-downloadb.be-md.ncbi.nlm.nih.gov/sos1/sra-pub-zq-38/SRR013/13790/SRR13790126/SRR13790126.lite.1,SRX10174944,GER_CD_S87_V2_back,WGS,RANDOM,METAGENOMIC,PAIRED,0,0,ILLUMINA,Illumina NovaSeq 6000,SRP306763,PRJNA699281,,699281,SRS8323932,SAMN17616999,simple,256318,metagenome,GER_CD_S87_V2_back,,,,,,,no,,,,,JACKSON LABORATORY FOR GENOMIC MEDICINE,SRA1196859,,public,788E5EFE652D18B74CEB237560C3582D,DBAB1FCDA9B5B2B2CFF43D0AE5D5A659
SRR13789780,2022-01-26 03:39:42,2021-02-26 09:38:30,3477686,1025158731,3477686,294,332,,https://sra-downloadb.be-md.ncbi.nlm.nih.gov/sos4/sra-pub-zq-1/SRR013/13789/SRR13789780/SRR13789780.lite.1,SRX10174696,GER_SNF_F120_V2_back,WGS,RANDOM,METAGENOMIC,PAIRED,0,0,ILLUMINA,Illumina NovaSeq 6000,SRP306763,PRJNA699281,,699281,SRS8324348,SAMN17617767,simple,256318,metagenome,GER_SNF_F120_V2_back,,,,,,,no,,,,,JACKSON LABORATORY FOR GENOMIC MEDICINE,SRA1196859,,public,F5D5D693960A41C342C6B3E3D821B162,DA594E77673756DAF4B17E03AFA6FD16
SRR13726052,2022-01-26 03:39:16,2021-02-16 20:47:34,2088272,598631913,2088272,286,215,,https://sra-downloadb.be-md.ncbi.nlm.nih.gov/sos9/sra-pub-zq-924/SRR013/13726/SRR13726052/SRR13726052.lite.1,SRX10113839,GER_SNF_F120_V3_back,WGS,RANDOM,METAGENOMIC,PAIRED,0,0,ILLUMINA,Illumina NovaSeq 6000,SRP306763,PRJNA699281,,699281,SRS8269291,SAMN17618107,simple,256318,metagenome,GER_SNF_F120_V3_back,,,,,,,no,,,,,JACKSON LABORATORY FOR GENOMIC MEDICINE,SRA1196965,,public,B6B82A54CE7CF16325885786F9F6B605,DCCBAFBF75085A80527CEB1C5269C874
SRR13789912,2022-01-26 03:39:48,2021-02-26 09:42:12,4128828,1233822876,4128828,298,420,,https://sra-downloadb.be-md.ncbi.nlm.nih.gov/sos4/sra-pub-zq-1/SRR013/13789/SRR13789912/SRR13789912.lite.1,SRX10175158,GER_SNF_F138_V1_face,WGS,RANDOM,METAGENOMIC,PAIRED,0,0,ILLUMINA,Illumina NovaSeq 6000,SRP306763,PRJNA699281,,699281,SRS8324128,SAMN17617880,simple,256318,metagenome,GER_SNF_F138_V1_face,,,,,,,no,,,,,JACKSON LABORATORY FOR GENOMIC MEDICINE,SRA1196859,,public,D3548F707F52A99C9886FD2E3349113A,ECC161DA302EE76C51D727C7D3E2B2AB
SRR13725987,2022-01-26 03:39:19,2021-02-16 20:45:07,1494225,417220155,1494225,279,147,,https://sra-downloadb.be-md.ncbi.nlm.nih.gov/sos1/sra-pub-zq-38/SRR013/13725/SRR13725987/SRR13725987.lite.1,SRX10113904,GER_SNF_F138_V2_back,WGS,RANDOM,METAGENOMIC,PAIRED,0,0,ILLUMINA,Illumina NovaSeq 6000,SRP306763,PRJNA699281,,699281,SRS8269356,SAMN17618166,simple,256318,metagenome,GER_SNF_F138_V2_back,,,,,,,no,,,,,JACKSON LABORATORY FOR GENOMIC MEDICINE,SRA1196965,,public,6777E49FE857C9C9589FBFE41DD3079E,48FF9A90D8A2EFF0E8CA845EFDF3B560
SRR13725757,2022-01-26 03:39:13,2021-02-16 20:39:33,233956,61759557,233956,263,22,,https://sra-downloadb.be-md.ncbi.nlm.nih.gov/sos9/sra-pub-zq-924/SRR013/13725/SRR13725757/SRR13725757.lite.1,SRX10113782,GER_SNF_F199_V3_Af,WGS,RANDOM,METAGENOMIC,PAIRED,0,0,ILLUMINA,Illumina NovaSeq 6000,SRP306763,PRJNA699281,,699281,SRS8269234,SAMN17618057,simple,256318,metagenome,GER_SNF_F199_V3_Af,,,,,,,no,,,,,JACKSON LABORATORY FOR GENOMIC MEDICINE,SRA1196965,,public,7C545F50A442F6BA13F82FCE85AE07C7,5BDE68F81B0C83A78F732B4DDDE64A12
SRR13726042,2022-01-26 03:39:16,2021-02-16 20:46:13,446460,121866561,446460,272,51,,https://sra-downloadb.be-md.ncbi.nlm.nih.gov/sos9/sra-pub-zq-924/SRR013/13726/SRR13726042/SRR13726042.lite.1,SRX10113849,GER_SNF_F270_V3_back,WGS,RANDOM,METAGENOMIC,PAIRED,0,0,ILLUMINA,Illumina NovaSeq 6000,SRP306763,PRJNA699281,,699281,SRS8269301,SAMN17618116,simple,256318,metagenome,GER_SNF_F270_V3_back,,,,,,,no,,,,,JACKSON LABORATORY FOR GENOMIC MEDICINE,SRA1196965,,public,9CE26E6DC74D31E67ED477AD71D7FB58,EBED5EDD6B3B759A7D0F0A026531342E
SRR13765801,2021-03-31 00:03:52,2021-02-22 20:28:38,30315045,5994789131,30315045,197,1991,,https://sra-downloadb.be-md.ncbi.nlm.nih.gov/sos9/sra-pub-zq-924/SRR013/13765/SRR13765801/SRR13765801.lite.1,SRX10152169,6_1,RNA-Seq,Oligo-dT,TRANSCRIPTOMIC,PAIRED,0,0,ILLUMINA,Illumina HiSeq 2500,SRP307582,PRJNA693818,,693818,SRS8304476,SAMN18029453,simple,9305,Sarcophilus harrisii,6_1,,,,,male,,no,,,,,WASHINGTON STATE UNIVERSITY,SRA1199086,,public,3202EDACBA4DEF9B09FEE1D06D38A415,4237099DFDA95EA441397DF92EF4B9C0
SRR13765808,2021-03-31 00:03:52,2021-02-22 20:25:04,20154556,3984337447,20154556,197,1422,,https://sra-downloadb.be-md.ncbi.nlm.nih.gov/sos9/sra-pub-zq-924/SRR013/13765/SRR13765808/SRR13765808.lite.1,SRX10152162,TK10,RNA-Seq,Oligo-dT,TRANSCRIPTOMIC,PAIRED,0,0,ILLUMINA,Illumina HiSeq 2500,SRP307582,PRJNA693818,,693818,SRS8304469,SAMN18029447,simple,9305,Sarcophilus harrisii,TK10,,,,,male,,no,,,,,WASHINGTON STATE UNIVERSITY,SRA1199086,,public,C8D7632CE723D0F53A226A004EB8BA79,D9ADD27E0F61A72F5E3E4691F3437300
SRR13783792,2021-06-23 07:23:16,2021-02-25 14:14:06,20151886,6045565800,20151886,300,2494,,https://sra-downloadb.be-md.ncbi.nlm.nih.gov/sos8/sra-pub-zq-818/SRR013/13783/SRR13783792/SRR13783792.lite.1,SRX10169068,MRI161184_lib1,WGS,RANDOM,GENOMIC,PAIRED,0,0,ILLUMINA,HiSeq X Ten,SRP308204,PRJNA704911,,704911,SRS8319202,SAMN18057461,simple,36239,Mustela nivalis,MRI161184,,,,,not determined,,no,,,,,CIBIO-INBIO,SRA1200100,,public,4039B7D27500AEC39EC2073456C7778E,77FD086478356AA76315C53353BA1087
SRR14086904,2021-09-03 09:31:13,2021-04-05 13:47:16,467583320,55642415080,467583320,119,17123,,https://sra-downloadb.be-md.ncbi.nlm.nih.gov/sos4/sra-pub-zq-1/SRR014/14086/SRR14086904/SRR14086904.lite.1,SRX10461077,,RNA-Seq,cDNA,TRANSCRIPTOMIC,PAIRED,0,0,ILLUMINA,Illumina NovaSeq 6000,SRP312429,PRJNA717971,3,717971,SRS8591923,SAMN18520240,simple,10116,Rattus norvegicus,GSM5215504,,,,,,,no,,,,,GEO,SRA1211339,,public,B6AA695B372CE5E0D8577AB8E2432E57,8DF5D32D90EA002D15D445CCA206F22E
SRR14146226,2021-06-30 11:32:37,2021-04-05 20:12:47,17605454,3556301708,17605454,202,1388,,https://sra-downloadb.be-md.ncbi.nlm.nih.gov/sos8/sra-pub-zq-820/SRR014/14146/SRR14146226/SRR14146226.lite.1,SRX10515266,SG_0616_8_S7,Targeted-Capture,Hybrid Selection,GENOMIC,PAIRED,0,0,ILLUMINA,Illumina HiSeq 4000,SRP313559,PRJNA719846,,719846,SRS8639169,SAMN18620990,simple,10042,Peromyscus maniculatus,SG_0616_8_S7,,,,,not determined,,no,,,,,UNIVERSITY OF MONTANA,SRA1215395,,public,BE5BAD149D72BCE35AB4482AE3D44A0B,195500A02179AEA269090FBA7706668E
SRR14611555,2022-02-16 11:47:31,2021-05-21 10:16:13,32511316,9611356878,32511316,295,3730,,https://sra-downloadb.be-md.ncbi.nlm.nih.gov/sos9/sra-pub-zq-922/SRR014/14611/SRR14611555/SRR14611555.lite.1,SRX10954262,S2,WGS,RANDOM,METAGENOMIC,PAIRED,0,0,ILLUMINA,NextSeq 500,SRP320792,PRJNA731626,,731626,SRS9032600,SAMN19291750,simple,870726,food metagenome,PA2,,,,,,,no,,,,,UPF,SRA1235041,,public,311707989D4F4418CFEEB4A3DC224AC3,68E8FD75534388D96DB232E9F9592471
SRR14731645,2022-08-01 00:01:48,2021-06-05 08:52:18,189205481,38033041760,189205481,201,19157,,https://sra-downloadb.be-md.ncbi.nlm.nih.gov/sos9/sra-pub-zq-924/SRR014/14731/SRR14731645/SRR14731645.lite.1,SRX11068665,15-173,WGS,RANDOM,GENOMIC,PAIRED,0,0,ILLUMINA,Illumina HiSeq 2500,SRP322729,PRJNA731309,,731309,SRS9135109,SAMN19473532,simple,1342835,Ptychadena neumanni,15-173,,,,,male,,no,,,,,NEW YORK UNIVERSITY ABU DHABI,SRA1240685,,public,54DEB65711A2B75BDE5932E79DA728A5,F1B36451F97F2A4A24B5CA50E65DDDD8
SRR14739427,2021-12-31 02:49:22,2021-06-04 22:23:38,2098962,629688600,2098962,300,213,,https://sra-downloadb.be-md.ncbi.nlm.nih.gov/sos9/sra-pub-zq-924/SRR014/14739/SRR14739427/SRR14739427.lite.1,SRX11074125,CNMA13541,Targeted-Capture,Hybrid Selection,GENOMIC,PAIRED,0,0,ILLUMINA,Illumina HiSeq 4000,SRP322814,PRJNA732937,,732937,SRS9140319,SAMN19355756,simple,2019457,Spilogale pygmaea,CNMA13541,,,,,male,,no,,,,,NATIONAL MUSEUM OF NATURAL HISTORY,SRA1238224,,public,9A4D1F701A81E3604AB9600215BE2997,AE1B77C97EEB5CAEABE75510C064B2B1
SRR14825199,2022-04-28 09:06:28,2021-06-16 08:10:36,2608971,785933809,2608971,301,250,,https://sra-downloadb.be-md.ncbi.nlm.nih.gov/sos9/sra-pub-zq-922/SRR014/14825/SRR14825199/SRR14825199.lite.1,SRX11154811,SCC.DE.048.HS2_lib,WGS,size fractionation,METAGENOMIC,PAIRED,0,0,ILLUMINA,Illumina NovaSeq 6000,SRP324179,PRJNA736108,,736108,SRS9216402,SAMN19709205,simple,539655,human skin metagenome,SCC.DE.048.HS2,,,,,,,no,,,,,THE JACKSON LABORATORY FOR GENOMIC MEDICINE,SRA1245141,,public,AB2A9A69EBCA8658FC1830821A6CC915,0929A430D2BECF0F597F05637CA4847F
SRR14825066,2022-04-28 09:06:31,2021-06-16 08:07:10,155915,46921238,155915,300,14,,https://sra-downloadb.be-md.ncbi.nlm.nih.gov/sos9/sra-pub-zq-924/SRR014/14825/SRR14825066/SRR14825066.lite.1,SRX11154944,SCC.DE.C012.HS2_lib,WGS,size fractionation,METAGENOMIC,PAIRED,0,0,ILLUMINA,Illumina HiSeq 2500,SRP324179,PRJNA736108,,736108,SRS9216535,SAMN19709325,simple,539655,human skin metagenome,SCC.DE.C012.HS2,,,,,,,no,,,,,THE JACKSON LABORATORY FOR GENOMIC MEDICINE,SRA1245141,,public,5092BAC084E59D54DF71C59F2B5C5AE2,A08F2D953683A2B1F95CCDE4B22EEC11
SRR19117908,2022-09-15 01:52:32,2022-05-06 13:28:21,167262930,50178879000,167262930,300,15200,,https://sra-downloadb.be-md.ncbi.nlm.nih.gov/sos1/sra-pub-zq-38/SRR019/19117/SRR19117908/SRR19117908.lite.1,SRX15185574,QIN13,WGS,RANDOM,GENOMIC,PAIRED,0,0,ILLUMINA,Illumina NovaSeq 6000,SRP324379,PRJNA738624,,738624,SRS9225686,SAMN19735988,simple,37181,Budorcas taxicolor,takin_genome_sequencing,,,,,male,,no,,,,,INSTITUTE OF ZOOLOGY CHINESE ACADEMY OF SCIENCES,SRA1415055,,public,1B1E8A4D37BDCFACB13EB242F27242BD,F1EC31F7D36F507C19298AA220969B24
SRR14860617,2021-07-15 18:29:36,2021-06-18 12:12:04,341252766,102375829800,341252766,300,32102,,https://sra-downloadb.be-md.ncbi.nlm.nih.gov/sos4/sra-pub-zq-1/SRR014/14860/SRR14860617/SRR14860617.lite.1,SRX11178381,155,WGS,PCR,METAGENOMIC,PAIRED,0,0,ILLUMINA,Illumina NovaSeq 6000,SRP324582,PRJNA739024,,739024,SRS9236065,SAMN19769763,simple,749906,gut metagenome,155_ACTCTATTGT-CATATGCGAT_L002_R2_001.fastq.gz,,,,,,,no,,,,,UNIVERSITY OF ILLINOIS URBANA-CHAMPAIGN,SRA1247799,,public,418592125864B2C450C5173AF7666ADD,6E61DA7B7C5E735E36282645033B21F5
SRR14864829,2022-07-22 00:01:03,2021-06-19 04:42:31,13810635,4143190500,13810635,300,1549,,https://sra-downloadb.be-md.ncbi.nlm.nih.gov/sos8/sra-pub-zq-818/SRR014/14864/SRR14864829/SRR14864829.lite.1,SRX11182376,TD180301659,WGS,RANDOM,GENOMIC,PAIRED,0,0,ILLUMINA,HiSeq X Ten,SRP324682,PRJNA738137,3,738137,SRS9239894,SAMN19774350,simple,171651,Phrynocephalus versicolor,E17,,,,,female,,no,,,,,UNIVERSITY OF CALIFORNIA BERKELEY,SRA1248080,,public,E66F83CC9C8BDA69F1E7B4C4D8576A74,AC9C547B79B82F1A42F92E204AA2F0AC
SRR14864762,2022-07-22 00:01:04,2021-06-19 04:14:56,25102265,7530679500,25102265,300,2493,,https://sra-downloadb.be-md.ncbi.nlm.nih.gov/sos8/sra-pub-zq-818/SRR014/14864/SRR14864762/SRR14864762.lite.1,SRX11182443,FDDP19H000618-1a,WGS,RANDOM,GENOMIC,PAIRED,0,0,ILLUMINA,HiSeq X Ten,SRP324682,PRJNA738137,3,738137,SRS9239961,SAMN19774411,simple,171651,Phrynocephalus versicolor,s18036,,,,,male,,no,,,,,UNIVERSITY OF CALIFORNIA BERKELEY,SRA1248080,,public,681838F368C9A72388AABB0A3E725EF8,4FE592182DD1419DAA42F230543A5C1C
SRR14864799,2022-07-22 00:01:04,2021-06-19 04:34:16,16741540,5022462000,16741540,300,1736,,https://sra-downloadb.be-md.ncbi.nlm.nih.gov/sos8/sra-pub-zq-818/SRR014/14864/SRR14864799/SRR14864799.lite.1,SRX11182406,TD180301711,WGS,RANDOM,GENOMIC,PAIRED,0,0,ILLUMINA,HiSeq X Ten,SRP324682,PRJNA738137,3,738137,SRS9239923,SAMN19774377,simple,171651,Phrynocephalus versicolor,V09,,,,,female,,no,,,,,UNIVERSITY OF CALIFORNIA BERKELEY,SRA1248080,,public,076E30B67478CA850366A5B8F8A8BF90,69CCC02DD85954CC03210DC520B5CCD2
SRR15442792,2021-08-13 15:37:42,2021-08-13 14:31:06,21912869,6573860700,21912869,300,2562,,https://sra-downloadb.be-md.ncbi.nlm.nih.gov/sos9/sra-pub-zq-924/SRR015/15442/SRR15442792/SRR15442792.lite.1,SRX11742248,20-SC-4,OTHER,MDA,METAGENOMIC,PAIRED,0,0,ILLUMINA,Illumina HiSeq 2500,SRP332442,PRJNA754140,,754140,SRS9770617,SAMN20743857,simple,1070528,viral metagenome,HV_014_19,,,,,,,no,,,,,UNIVERSITY OF NEBRASKA LINCOLN,SRA1277252,,public,FCBB51178D5E7424E75BB2597C16EEAB,790D7F1546A7E3E516FAEC0C14EEF58B
SRR15899493,2021-09-15 06:48:26,2021-09-14 22:48:39,14766401,4038908930,14766401,273,1339,,https://sra-downloadb.be-md.ncbi.nlm.nih.gov/sos9/sra-pub-zq-922/SRR015/15899/SRR15899493/SRR15899493.lite.1,SRX12190070,LKMN002-3-01_S204,WGS,RANDOM,METAGENOMIC,PAIRED,0,0,ILLUMINA,Illumina NovaSeq 6000,SRP337076,PRJNA763232,,763232,SRS10167908,SAMN21436447,simple,539655,human skin metagenome,LKMN002-3-01_S204,,,,,,,no,,,,,UNIVERSITY OF WISCONSIN - MADISON,SRA1294629,,public,04FC3198DFF83AE3D24F29699810A8ED,5A3830CE9741C667BE7DDDDFA3DF0213
SRR16268598,2021-10-18 08:38:29,2021-10-09 11:28:40,26472271,7941681300,26472271,300,2351,,https://sra-downloadb.be-md.ncbi.nlm.nih.gov/sos9/sra-pub-zq-924/SRR016/16268/SRR16268598/SRR16268598.lite.1,SRX12547886,Dph30A,RNA-Seq,PCR,TRANSCRIPTOMIC,PAIRED,0,0,ILLUMINA,HiSeq X Ten,SRP340637,PRJNA731038,,731038,SRS10505659,SAMN22072272,simple,7965,Hypophthalmichthys nobilis,Dph30A,,,,,not collected,,no,,,,,"INSTITUTE OF HYDROBIOLOGY, THE INNOVATION ACADEMY OF SEED DESIGN, THE CHINESE ACADEMY OF SCIENCES, W",SRA1308387,,public,38C81F2A71869CAD457E81E8ED8B2F66,5600BB64A2E7B16AD5DC821B9D5091FD
SRR16611435,2022-01-01 03:02:50,2021-10-28 19:55:55,6733947,1683486750,6733947,250,545,,https://sra-downloadb.be-md.ncbi.nlm.nih.gov/sos9/sra-pub-zq-924/SRR016/16611/SRR16611435/SRR16611435.lite.1,SRX12812543,SL269477,WXS,Hybrid Selection,GENOMIC,PAIRED,0,0,ILLUMINA,Illumina HiSeq 2500,SRP343619,PRJNA775971,,775971,SRS10757927,SAMN22645120,simple,10042,Peromyscus maniculatus,SBI935,,,,,male,,no,,,,,FORDHAM UNIVERSITY,SRA1319055,,public,98E44D1AAB92FDDAA03DF86E6AC96C67,DFC24FE7E9B11C67DD752C7896115C0F
SRR16937311,2021-11-16 17:22:30,2021-11-13 04:56:58,593138261,176832806740,593138261,298,56881,,https://sra-downloadb.be-md.ncbi.nlm.nih.gov/sos4/sra-pub-zq-1/SRR016/16937/SRR16937311/SRR16937311.lite.1,SRX13129281,HOCANF12689796,WGS,unspecified,GENOMIC,PAIRED,0,0,ILLUMINA,Illumina NovaSeq 6000,SRP345894,PRJNA780021,,780021,SRS11063228,SAMN23100785,simple,9913,Bos taurus,HOCANF12689796,,,,,female,,no,,,,,UNIVERSITY OF ALBERTA,SRA1328553,,public,965EA0CD6F8A7D77C116028B0A6F93F5,88D3EBA1F39015502DF7E08D3C2DA58C
SRR17035106,2022-12-01 00:01:39,2021-11-24 21:49:42,26711192,8013357600,26711192,300,2618,,https://sra-downloadb.be-md.ncbi.nlm.nih.gov/sos9/sra-pub-zq-922/SRR017/17035/SRR17035106/SRR17035106.lite.1,SRX13225033,JIE1,WGS,RANDOM,METAGENOMIC,PAIRED,0,0,ILLUMINA,Illumina NovaSeq 6000,SRP347777,PRJNA779578,,779578,SRS11150442,SAMN22814842,simple,749906,gut metagenome,JIE1,,,,,,,no,,,,,JILIN AGRICULTURAL UNIVERSITY,SRA1328984,,public,0B8DF5AA441A5670793F111C844D79E3,7202B7D213F063AD375AC669E7BD132B
SRR17035102,2022-12-01 00:01:39,2021-11-24 21:51:12,24063405,7219021500,24063405,300,2492,,https://sra-downloadb.be-md.ncbi.nlm.nih.gov/sos9/sra-pub-zq-922/SRR017/17035/SRR17035102/SRR17035102.lite.1,SRX13225037,JIE5,WGS,RANDOM,METAGENOMIC,PAIRED,0,0,ILLUMINA,Illumina NovaSeq 6000,SRP347777,PRJNA779578,,779578,SRS11150446,SAMN22814846,simple,749906,gut metagenome,JIE5,,,,,,,no,,,,,JILIN AGRICULTURAL UNIVERSITY,SRA1328984,,public,F8C2F75734A4FAF95810FBCAD4437AB5,120644795CF5872FB3470605F8061A0D
SRR17035119,2022-12-01 00:01:39,2021-11-24 22:13:21,55648426,16694527800,55648426,300,5463,,https://sra-downloadb.be-md.ncbi.nlm.nih.gov/sos9/sra-pub-zq-922/SRR017/17035/SRR17035119/SRR17035119.lite.1,SRX13225020,MANG5,WGS,RANDOM,METAGENOMIC,PAIRED,0,0,ILLUMINA,Illumina NovaSeq 6000,SRP347777,PRJNA779578,,779578,SRS11150431,SAMN22814831,simple,749906,gut metagenome,MANG5,,,,,,,no,,,,,JILIN AGRICULTURAL UNIVERSITY,SRA1328984,,public,420C9150B6A93DEF4DEA45601E945C15,9549DA2ECB871A7B2C6673EAFB7E7EAD
SRR17300594,2022-08-19 01:51:30,2021-12-21 22:35:55,2238055,1087429235,2238055,485,524,,https://sra-downloadb.be-md.ncbi.nlm.nih.gov/sos9/sra-pub-zq-924/SRR017/17300/SRR17300594/SRR17300594.lite.1,SRX13477724,APG146,WGS,RANDOM,METAGENOMIC,PAIRED,0,0,ILLUMINA,Illumina HiSeq 2500,SRP352014,PRJNA791118,,791118,SRS11374484,SAMN24223835,simple,655179,air metagenome,APG094,,,,,,,no,,,,,NANYANG TECHNOLOGICAL UNIVERSITY,SRA1347299,,public,44FB7F609E46280371A67475AAFA71E4,6F3DA915648F33E40DD827459416812B
SRR17548765,2022-01-12 03:15:36,2022-01-11 10:04:24,26559645,8021012790,26559645,302,2537,,https://sra-downloadb.be-md.ncbi.nlm.nih.gov/sos8/sra-pub-zq-820/SRR017/17548/SRR17548765/SRR17548765.lite.1,SRX13718215,ASF2913_1_L15208047,WGS,RANDOM,METAGENOMIC,PAIRED,500,50,ILLUMINA,Illumina NovaSeq 6000,SRP352341,PRJNA604820,3,604820,SRS11585803,SAMN21207485,simple,539655,human skin metagenome,Subject4_Ac_D0,,,,,,,no,,,,,NISC,SRA1354992,,public,6E8E936796C8CD5A81791C692765D8D5,D5A4D231F4628922512CD5855FE42D23
SRR17481190,2022-01-07 10:06:59,2022-01-07 10:04:15,20626671,5871460755,18779106,284,1978,,https://sra-downloadb.be-md.ncbi.nlm.nih.gov/sos9/sra-pub-zq-924/SRR017/17481/SRR17481190/SRR17481190.lite.1,SRX13651755,EA-HeN-T-1,RNA-Seq,RANDOM,TRANSCRIPTOMIC,PAIRED,0,0,ILLUMINA,Illumina NovaSeq 6000,SRP353925,PRJNA793740,,793740,SRS11537939,SAMN24587287,simple,2173186,whole organism metagenome,EA-HeN-T-1,,,,,,,no,,,,,NANJING AGRICULTURE UNIVERSITY,SRA1353334,,public,222177AC3A470D43B8077DE1CBF002CD,406C4A366B45313D7AAF7B6A42107A1A
SRR18292739,2023-02-22 10:53:46,2022-03-15 12:29:17,18322983,5496894900,18322983,300,1712,,https://sra-downloadb.be-md.ncbi.nlm.nih.gov/sos1/sra-pub-zq-38/SRR018/18292/SRR18292739/SRR18292739.lite.1,SRX14430284,AA1,WGS,RANDOM,METAGENOMIC,PAIRED,0,0,ILLUMINA,HiSeq X Ten,SRP363461,PRJNA814343,,814343,SRS12238700,SAMN26549442,simple,539655,human skin metagenome,Control.26_scp,,,,,,,no,,,,,"AGENCY FOR SCIENCE, TECHNOLOGY AND RESEARCH",SRA1383478,,public,CE307887E915A8E287AA6BE6D116160E,33E69C3468D5D61F6AC0260571A8B807
SRR18312696,2023-09-19 16:20:46,2022-03-25 19:54:25,130497380,39149214000,130497380,300,12445,,https://sra-downloadb.be-md.ncbi.nlm.nih.gov/sos8/sra-pub-zq-820/SRR018/18312/SRR18312696/SRR18312696.lite.1,SRX14449892,GF292,WGS,RANDOM,GENOMIC,PAIRED,0,0,ILLUMINA,Illumina NovaSeq 6000,SRP363774,PRJNA815626,,815626,SRS12256419,SAMN26630969,simple,409609,Giraffa reticulata,GF292,,,,,female,,no,,,,,SENCKENBERG NATURE RESEARCH SOCIETY,SRA1384231,,public,9D89D65F52301AFB1CEA1DDC191314C9,A3D273861898909A881F6B32155CBEF4
SRR18363241,2022-09-26 10:33:30,2022-03-25 04:45:21,371331310,111399393000,371331310,300,39232,,https://sra-downloadb.be-md.ncbi.nlm.nih.gov/sos1/sra-pub-zq-38/SRR018/18363/SRR18363241/SRR18363241.lite.1,SRX14497786,phyllomedusa_bahiana.illumina_poolseq,WGS,RANDOM,GENOMIC,PAIRED,0,0,ILLUMINA,Illumina NovaSeq 6000,SRP364785,PRJNA771272,,771272,SRS12296102,SAMN26434129,simple,860369,Phyllomedusa bahiana,phyllomedusa_bahiana.illumina_poolseq,,,,,not collected,,no,,,,,CIBIO - CENTRO DE INVESTIGACAO EM BIODIVERSIDADE E RECURSOS GENETICOS,SRA1387865,,public,64DC1452B11353AD3662D09E57888C80,A28162427DA325282ED2AC43D3B34921
SRR18400698,2023-01-01 00:04:52,2022-03-21 20:31:29,10565076,3190652952,10565076,302,1196,,https://sra-downloadb.be-md.ncbi.nlm.nih.gov/sos1/sra-pub-zq-38/SRR018/18400/SRR18400698/SRR18400698.lite.1,SRX14534405,bae78b9b-bf50-4170-be0f-919e780bccc0,WGS,other,GENOMIC,PAIRED,0,0,ILLUMINA,Illumina NovaSeq 6000,SRP365116,PRJNA800779,,800779,SRS12331515,SAMN25330930,simple,9615,Canis lupus familiaris,31001712013449,,,,,female,,no,,,,,DAP,SRA1389116,,public,4541BC3D089CBD23BBD9014D1CC50AC7,E567BD975108210EDCC374A1CD42D118
SRR18442637,2023-01-01 00:05:01,2022-03-23 12:26:27,7069780,2071055600,7069780,292,689,,https://sra-downloadb.be-md.ncbi.nlm.nih.gov/sos1/sra-pub-zq-38/SRR018/18442/SRR18442637/SRR18442637.lite.1,SRX14575667,def3225d-1a7a-475f-8cd9-6f89865de7cc,WGS,other,GENOMIC,PAIRED,0,0,ILLUMINA,Illumina NovaSeq 6000,SRP365116,PRJNA800779,,800779,SRS12351607,SAMN25332669,simple,9615,Canis lupus familiaris,31020061511386,,,,,female,,no,,,,,DAP,SRA1390328,,public,4CC0DA284387D29B2FDD6C4075511BAB,DA88D5DD7BCC646275E58D8C66FD69D7
SRR18400216,2023-01-01 00:04:45,2022-03-21 18:51:47,9121603,2638132558,9121603,289,872,,https://sra-downloadb.be-md.ncbi.nlm.nih.gov/sos1/sra-pub-zq-38/SRR018/18400/SRR18400216/SRR18400216.lite.1,SRX14533887,321e5efc-b3d3-430e-bf7f-deb11aa262dd,WGS,other,GENOMIC,PAIRED,0,0,ILLUMINA,Illumina NovaSeq 6000,SRP365116,PRJNA800779,,800779,SRS12330997,SAMN25331356,simple,9615,Canis lupus familiaris,31020061515487,,,,,female,,no,,,,,DAP,SRA1389116,,public,22CA3AD3A0812D7EF5F21F5272791069,AE4B53513DB27EA1DBEE806643E3F694
SRR18767723,2022-04-15 08:35:41,2022-04-15 08:12:52,79893000,23967900000,79893000,300,7652,,https://sra-downloadb.be-md.ncbi.nlm.nih.gov/sos1/sra-pub-zq-38/SRR018/18767/SRR18767723/SRR18767723.lite.1,SRX14867151,accipiter_nisus_000,WGS,RANDOM,GENOMIC,PAIRED,0,0,ILLUMINA,HiSeq X Ten,SRP370441,PRJNA771898,3,771898,SRS12621195,SAMN22348910,simple,211598,Accipiter nisus,Accipiter nisus,,,,,not determined,,no,,,,,IRIDIAN GENOMES,SRA1404882,,public,A0E7414149770070D07A9480CD5C572E,CDAB713F2BEFE4A4217C60CF39D10C7D
SRR19115560,2022-05-06 04:00:18,2022-05-06 03:58:15,12429267,3753638634,12429267,302,1118,,https://sra-downloadb.be-md.ncbi.nlm.nih.gov/sos8/sra-pub-zq-818/SRR019/19115/SRR19115560/SRR19115560.lite.1,SRX15183243,AG19,OTHER,RANDOM,METAGENOMIC,PAIRED,0,0,ILLUMINA,Illumina NovaSeq 6000,SRP373899,PRJNA835632,,835632,SRS12923758,SAMN28106601,simple,1213622,bat metagenome,AG-MW057-5,,,,,,,no,,,,,UNIVERSITY OF ZURICH (UZH),SRA1415733,,public,0BAC86AB7BC8D2B2C2C04C4C70D75074,4E289A4D8FD311A68B39179BA2A29683
SRR19145070,2023-05-18 09:49:07,2022-05-09 11:58:14,2383457,703871557,2383457,295,295,,https://sra-downloadb.be-md.ncbi.nlm.nih.gov/sos8/sra-pub-zq-818/SRR019/19145/SRR19145070/SRR19145070.lite.1,SRX15211853,314,WGS,RANDOM,METAGENOMIC,PAIRED,0,0,ILLUMINA,Illumina HiSeq 4000,SRP374337,PRJNA836336,3,836336,SRS12949455,SAMN28157674,simple,408170,human gut metagenome,V170254.03212017,,,,,,,no,,,,,UNIVERSITY OF CALIFORNIA LOS ANGELES,SRA1417233,,public,4C5CDD3D6BFDE1629A75444A4591F8A4,15D20AEAC4A9A1581A5E7B38472C8082
SRR19174533,2022-05-18 03:57:49,2022-05-12 04:34:52,55256540,16576962000,55256540,300,5228,,https://sra-downloadb.be-md.ncbi.nlm.nih.gov/sos1/sra-pub-zq-38/SRR019/19174/SRR19174533/SRR19174533.lite.1,SRX15239861,3224,WGS,unspecified,GENOMIC,PAIRED,0,0,ILLUMINA,Illumina NovaSeq 6000,SRP374852,PRJNA837362,,837362,SRS12972799,SAMN28197063,simple,41426,Phacochoerus africanus,3224,,,,,missing,,no,,,,,UNIVERSITY OF COPENHAGEN,SRA1419060,,public,D31B482D26DD30B493779A05A8C03438,68476E0C2E642F633CD48A680DD0FAE8
ERR10447056,2023-02-01 04:16:38,2023-02-04 18:23:28,41009583,12317171047,41009583,300,5278,,https://sra-downloadb.be-md.ncbi.nlm.nih.gov/sos4/sra-pub-zq-3/ERR010/10447/ERR10447056/ERR10447056.lite.1,ERX9971533,,WGS,unspecified,GENOMIC,PAIRED,0,0,ILLUMINA,Illumina HiSeq 4000,ERP140708,PRJEB55788,,929804,ERS13631274,SAMEA111521289,simple,494514,Vulpes lagopus,SAMEA111521289,,,,,,,no,,,,,STOCKHOLM UNIVERSITY,ERA18564721,,public,09DDE453D5850F322EDFD9B8C1C8C637,0BA8A56776EF4D03CA41D7B51E8935FE
ERR10447066,2023-02-01 04:16:38,2023-02-04 18:32:27,55278241,16606191249,55278241,300,7159,,https://sra-downloadb.be-md.ncbi.nlm.nih.gov/sos4/sra-pub-zq-3/ERR010/10447/ERR10447066/ERR10447066.lite.1,ERX9971543,,WGS,unspecified,GENOMIC,PAIRED,0,0,ILLUMINA,Illumina HiSeq 4000,ERP140708,PRJEB55788,,929804,ERS13631277,SAMEA111521292,simple,494514,Vulpes lagopus,SAMEA111521292,,,,,,,no,,,,,STOCKHOLM UNIVERSITY,ERA18564721,,public,0BAE8EDECA2E6CE7482BA268A8DC8EC2,4317556DB04319A2133DA6A2A53541C6
ERR10188009,2022-11-01 00:31:17,2022-11-19 03:24:35,3069130,835124647,3069130,272,275,,https://sra-downloadb.be-md.ncbi.nlm.nih.gov/sos8/sra-pub-zq-818/ERR010/10188/ERR10188009/ERR10188009.lite.1,ERX9723598,dptc_127,OTHER,RANDOM,METAGENOMIC,PAIRED,0,0,ILLUMINA,NextSeq 2000,ERP140858,PRJEB55911,,896071,ERS13450612,SAMEA111353076,simple,1616037,milk metagenome,SAMEA111353076,,,,,,,no,,,,,TEAGASC FOOD RESEARCH CENTRE,ERA17907509,,public,D2B19B891C751F9E6FBC6316AB108968,CE586E5FCAB30631B0EE5D6E9753F6EF
ERR10188014,2022-11-01 00:31:17,2022-11-19 03:24:49,4024484,1002359963,4024484,249,334,,https://sra-downloadb.be-md.ncbi.nlm.nih.gov/sos8/sra-pub-zq-818/ERR010/10188/ERR10188014/ERR10188014.lite.1,ERX9723603,dptc_132,OTHER,RANDOM,METAGENOMIC,PAIRED,0,0,ILLUMINA,NextSeq 2000,ERP140858,PRJEB55911,,896071,ERS13450618,SAMEA111353082,simple,1616037,milk metagenome,SAMEA111353082,,,,,,,no,,,,,TEAGASC FOOD RESEARCH CENTRE,ERA17907509,,public,C0E85962ED6D305EBBBC098679FEAA5A,B34EAA17FE7041D2B103F2BC6DD0E26F
ERR10188083,2022-11-01 00:31:18,2022-11-19 03:24:35,2789716,773230303,2789716,277,256,,https://sra-downloadb.be-md.ncbi.nlm.nih.gov/sos8/sra-pub-zq-818/ERR010/10188/ERR10188083/ERR10188083.lite.1,ERX9723672,dptc_201,OTHER,RANDOM,METAGENOMIC,PAIRED,0,0,ILLUMINA,NextSeq 2000,ERP140858,PRJEB55911,,896071,ERS13450695,SAMEA111353159,simple,1616037,milk metagenome,SAMEA111353159,,,,,,,no,,,,,TEAGASC FOOD RESEARCH CENTRE,ERA17907509,,public,9EB1694721692C32ACBE5660DAB65F59,6A3419494433159EA343329F12612D71
ERR10188112,2022-11-01 00:31:18,2022-11-19 03:24:47,2455047,707216253,2455047,288,234,,https://sra-downloadb.be-md.ncbi.nlm.nih.gov/sos8/sra-pub-zq-818/ERR010/10188/ERR10188112/ERR10188112.lite.1,ERX9723701,dptc_230,OTHER,RANDOM,METAGENOMIC,PAIRED,0,0,ILLUMINA,NextSeq 2000,ERP140858,PRJEB55911,,896071,ERS13450727,SAMEA111353191,simple,1616037,milk metagenome,SAMEA111353191,,,,,,,no,,,,,TEAGASC FOOD RESEARCH CENTRE,ERA17907509,,public,8AD8F578B9BD3987F2420419348FB9F1,74E86F19E140FC49971A1443362E1AF8
ERR10188114,2022-11-01 00:31:18,2022-11-19 03:25:30,3850007,1095854786,3850007,284,361,,https://sra-downloadb.be-md.ncbi.nlm.nih.gov/sos8/sra-pub-zq-818/ERR010/10188/ERR10188114/ERR10188114.lite.1,ERX9723703,dptc_232,OTHER,RANDOM,METAGENOMIC,PAIRED,0,0,ILLUMINA,NextSeq 2000,ERP140858,PRJEB55911,,896071,ERS13450729,SAMEA111353193,simple,1616037,milk metagenome,SAMEA111353193,,,,,,,no,,,,,TEAGASC FOOD RESEARCH CENTRE,ERA17907509,,public,1486661946250858CE873F064D6DB529,0AF3514244524A32BFA8AAE4A7134E8C
ERR10188115,2022-11-01 00:31:18,2022-11-19 03:25:31,3653600,1001074450,3653600,273,329,,https://sra-downloadb.be-md.ncbi.nlm.nih.gov/sos8/sra-pub-zq-818/ERR010/10188/ERR10188115/ERR10188115.lite.1,ERX9723704,dptc_233,OTHER,RANDOM,METAGENOMIC,PAIRED,0,0,ILLUMINA,NextSeq 2000,ERP140858,PRJEB55911,,896071,ERS13450730,SAMEA111353194,simple,1616037,milk metagenome,SAMEA111353194,,,,,,,no,,,,,TEAGASC FOOD RESEARCH CENTRE,ERA17907509,,public,7DFAD2A9D29F20DA1EC997771DCCEA95,B4F3C1C9B1265C5AA002C10B08E4C0B3
ERR10188211,2022-11-01 00:31:19,2022-11-19 03:29:42,4861501,1468173302,4861501,302,665,,https://sra-downloadb.be-md.ncbi.nlm.nih.gov/sos8/sra-pub-zq-818/ERR010/10188/ERR10188211/ERR10188211.lite.1,ERX9723800,dptc_87,OTHER,RANDOM,METAGENOMIC,PAIRED,0,0,ILLUMINA,NextSeq 550,ERP140858,PRJEB55911,,896071,ERS13450810,SAMEA111353274,simple,1616037,milk metagenome,SAMEA111353274,,,,,,,no,,,,,TEAGASC FOOD RESEARCH CENTRE,ERA17907509,,public,F814428D33B81DA7F51249BA4C9E5FA3,5C5499DF987CB69B746D1637DA729FBA
ERR10188212,2022-11-01 00:31:19,2022-11-19 03:30:44,4282097,1293193294,4282097,302,586,,https://sra-downloadb.be-md.ncbi.nlm.nih.gov/sos8/sra-pub-zq-818/ERR010/10188/ERR10188212/ERR10188212.lite.1,ERX9723801,dptc_88,OTHER,RANDOM,METAGENOMIC,PAIRED,0,0,ILLUMINA,NextSeq 550,ERP140858,PRJEB55911,,896071,ERS13450811,SAMEA111353275,simple,1616037,milk metagenome,SAMEA111353275,,,,,,,no,,,,,TEAGASC FOOD RESEARCH CENTRE,ERA17907509,,public,D0CB7D650DAE21F59B88711C6C58876A,BE847A2D2262BCD972BFFAE9002F7F25
ERR10824108,2023-02-10 02:12:54,2023-02-16 05:32:26,4902995,2461303490,4902995,502,1358,,https://sra-downloadb.be-md.ncbi.nlm.nih.gov/sos4/sra-pub-zq-3/ERR010/10824/ERR10824108/ERR10824108.lite.1,ERX10269145,Smart ThruPlex library preparation for low-input samples,WGS,RANDOM,METAGENOMIC,PAIRED,0,0,ILLUMINA,Illumina MiSeq,ERP144281,PRJEB59225,,933072,ERS14555454,SAMEA112445163,simple,8049,Gadus morhua,SAMEA112445163,,,,,,,no,,,,,"UNIVERSITY OF TROMSO, NORWAY",ERA20415599,,public,5A5E410475033EDAF345A0A4032A22C9,821CFE5698A58DDC1558B6B1CC45235C
SRR22213301,2022-11-09 01:07:15,2022-11-08 22:55:50,50276419,15082925700,50276419,300,4684,,https://sra-downloadb.be-md.ncbi.nlm.nih.gov/sos9/sra-pub-zq-922/SRR022/22213/SRR22213301/SRR22213301.lite.1,SRX18191280,Reseq_of_weizhi3,WGS,RANDOM,GENOMIC,PAIRED,0,0,ILLUMINA,HiSeq X Ten,SRP333982,PRJNA664334,,664334,SRS15689496,SAMN21028014,simple,36188,Chionodraco hamatus,weizhi3,,,,,missing,,no,,,,,SHANGHAI OCEAN UNIVERSITY,SRA1285133,,public,30908A92DFC10DEF718E06CD51B2E082,A3C9F674227AF25DD6A30821266B56A7
SRR21770678,2023-01-01 00:09:19,2022-10-02 06:19:52,8994622,2716375844,8994622,302,1031,,https://sra-downloadb.be-md.ncbi.nlm.nih.gov/sos1/sra-pub-zq-38/SRR021/21770/SRR21770678/SRR21770678.lite.1,SRX17765683,05c62960-8870-4784-8b69-fc0497fd7dd6,WGS,other,GENOMIC,PAIRED,0,0,ILLUMINA,Illumina NovaSeq 6000,SRP365116,PRJNA800779,,800779,SRS15292981,SAMN25333901,simple,9615,Canis lupus familiaris,31001712013889,,,,,female,,no,,,,,DAP,SRA1395775,,public,169FB6473986C6B47BAED44D76891973,184FF000DD7982884EA087493E7E478A
SRR19174522,2022-05-18 03:57:49,2022-05-12 04:39:45,74064039,22219211700,74064039,300,6974,,https://sra-downloadb.be-md.ncbi.nlm.nih.gov/sos8/sra-pub-zq-820/SRR019/19174/SRR19174522/SRR19174522.lite.1,SRX15239872,4466,WGS,unspecified,GENOMIC,PAIRED,0,0,ILLUMINA,Illumina NovaSeq 6000,SRP374852,PRJNA837362,,837362,SRS12972810,SAMN28197073,simple,41426,Phacochoerus africanus,4466,,,,,missing,,no,,,,,UNIVERSITY OF COPENHAGEN,SRA1419060,,public,73C4BAAE100BF106A7C0994490272E3C,436EC716C8087041D2B6C85D42DA69E8
SRR19174525,2022-05-18 03:57:49,2022-05-12 04:38:30,47361828,14208548400,47361828,300,4464,,https://sra-downloadb.be-md.ncbi.nlm.nih.gov/sos8/sra-pub-zq-820/SRR019/19174/SRR19174525/SRR19174525.lite.1,SRX15239869,5710,WGS,unspecified,GENOMIC,PAIRED,0,0,ILLUMINA,Illumina NovaSeq 6000,SRP374852,PRJNA837362,,837362,SRS12972807,SAMN28197070,simple,41426,Phacochoerus africanus,5710,,,,,missing,,no,,,,,UNIVERSITY OF COPENHAGEN,SRA1419060,,public,CD330EED68258C484F1367800C0BA9DA,8B7B3F6A80268A4CD5966AB1A51F9E5D
SRR19174523,2022-05-18 03:57:49,2022-05-12 04:36:49,52676165,15802849500,52676165,300,5050,,https://sra-downloadb.be-md.ncbi.nlm.nih.gov/sos1/sra-pub-zq-38/SRR019/19174/SRR19174523/SRR19174523.lite.1,SRX15239871,8628,WGS,unspecified,GENOMIC,PAIRED,0,0,ILLUMINA,Illumina NovaSeq 6000,SRP374852,PRJNA837362,,837362,SRS12972809,SAMN28197072,simple,41426,Phacochoerus africanus,8628,,,,,missing,,no,,,,,UNIVERSITY OF COPENHAGEN,SRA1419060,,public,9F8004783C004BBBE93315D7BBEB1C1C,38F40FBD1113E50E3AAECCC8532F0A00
SRR19174516,2022-05-18 03:57:49,2022-05-12 04:32:52,59834603,17950380900,59834603,300,5672,,https://sra-downloadb.be-md.ncbi.nlm.nih.gov/sos8/sra-pub-zq-820/SRR019/19174/SRR19174516/SRR19174516.lite.1,SRX15239878,1262,WGS,unspecified,GENOMIC,PAIRED,0,0,ILLUMINA,Illumina NovaSeq 6000,SRP374852,PRJNA837362,,837362,SRS12972816,SAMN28197078,simple,41426,Phacochoerus africanus,1262,,,,,missing,,no,,,,,UNIVERSITY OF COPENHAGEN,SRA1419060,,public,21936872EB6D2BF82236E6AFC19B3841,18D5B6A575D2DCB5835C13FDFDA322CD
SRR19430023,2023-06-14 14:45:49,2022-05-29 04:21:10,83145962,12550878082,83145962,150,4997,,https://sra-downloadb.be-md.ncbi.nlm.nih.gov/sos8/sra-pub-zq-818/SRR019/19430/SRR19430023/SRR19430023.lite.1,SRX15483819,WGS_15_220_high,WGS,unspecified,GENOMIC,PAIRED,0,0,ILLUMINA,NextSeq 550,SRP377408,PRJNA841472,3,841472,SRS13199574,SAMN28596758,simple,1380080,Ptychadena nilotica,15_220,,,,,,,no,,,,,NEW YORK UNIVERSITY ABU DHABI,SRA1427913,,public,F74D291D77150EEE5CA4C381D32B6075,49C643B19CA0ADD81FC0D9D3B2A6EB5D
SRR19430196,2023-06-14 14:45:51,2022-05-27 11:27:18,15330021,4629666342,15330021,302,1421,,https://sra-downloadb.be-md.ncbi.nlm.nih.gov/sos1/sra-pub-zq-38/SRR019/19430/SRR19430196/SRR19430196.lite.1,SRX15483646,WGS_SB617_low,WGS,unspecified,GENOMIC,PAIRED,0,0,ILLUMINA,Illumina NovaSeq 6000,SRP377408,PRJNA841472,3,841472,SRS13199418,SAMN28596802,simple,2842115,Ptychadena beka,SB617,,,,,,,no,,,,,NEW YORK UNIVERSITY ABU DHABI,SRA1427913,,public,29FA97B3C7956830371D17DC03E7304C,5211E837439965BCA003446B67C0720B
SRR19431669,2022-07-11 14:09:16,2022-05-27 14:25:55,5856638,1768704676,5856638,302,770,,https://sra-downloadb.be-md.ncbi.nlm.nih.gov/sos8/sra-pub-zq-820/SRR019/19431/SRR19431669/SRR19431669.lite.1,SRX15484929,dendrortyx_leucophrys_hypospodius_WFVZ_53075,WGS,Hybrid Selection,GENOMIC,PAIRED,0,0,ILLUMINA,Illumina HiSeq 3000,SRP377441,PRJNA777908,,777908,SRS13200582,SAMN22937492,simple,2894026,Dendrortyx leucophrys hypospodius,dendrortyx_leucophrys_hypospodius_WFVZ_53075,,,,,not collected,,no,,,,,LOUISIANA STATE UNIVERSITY,SRA1428032,,public,B889A8B33145EC8F7EF8B5D1B31B9D81,6DA01831FF60B38D29A6AE1A46ABDFB7
SRR19505656,2022-06-01 14:02:45,2022-06-01 13:59:44,21585689,6475706700,21585689,300,2028,,https://sra-downloadb.be-md.ncbi.nlm.nih.gov/sos8/sra-pub-zq-820/SRR019/19505/SRR19505656/SRR19505656.lite.1,SRX15558335,HLYD01-MA_FDSW210394639-1r,WGS,MDA,METAGENOMIC,PAIRED,0,0,ILLUMINA,Illumina NovaSeq 6000,SRP378011,PRJNA843368,,843368,SRS13268013,SAMN28729328,simple,1595979,tick metagenome,HLYD01-MA_FDSW210394639-1r,,,,,,,no,,,,,CHANGCHUN VETERINARY INSTITUTE,SRA1429783,,public,537948595287E6386EAF9BE69D7906B4,A340676BDEDA706FFAA13AE2A090C959
SRR19545153,2022-06-06 17:00:13,2022-06-06 15:04:19,44109160,12821893297,44109160,290,3828,,https://sra-downloadb.be-md.ncbi.nlm.nih.gov/sos9/sra-pub-zq-924/SRR019/19545/SRR19545153/SRR19545153.lite.1,SRX15597240,GAP-060,WGS,RANDOM,GENOMIC,PAIRED,0,0,ILLUMINA,HiSeq X Ten,SRP378572,PRJNA846266,,846266,SRS13298353,SAMN28871521,simple,86327,Rangifer tarandus caribou,GAP-060,,,,,missing,,no,,,,,LAVAL UNIVERISTY,SRA1431798,,public,B1174F6953C9234D2CB8E6D9F42CB91A,256DC627CB5521ADA03565ACE6829CEF
SRR19545148,2022-06-06 17:00:13,2022-06-06 15:00:27,40167458,11638323307,40167405,289,3520,,https://sra-downloadb.be-md.ncbi.nlm.nih.gov/sos8/sra-pub-zq-820/SRR019/19545/SRR19545148/SRR19545148.lite.1,SRX15597245,GAP-064,WGS,RANDOM,GENOMIC,PAIRED,0,0,ILLUMINA,HiSeq X Ten,SRP378572,PRJNA846266,,846266,SRS13298359,SAMN28871525,simple,86327,Rangifer tarandus caribou,GAP-064,,,,,missing,,no,,,,,LAVAL UNIVERISTY,SRA1431798,,public,E8CB51791452BFA51CDF1B2449DA327E,454680F7B18587D7A29412527A569471
SRR19742209,2022-06-17 22:31:11,2022-06-17 22:13:31,43369121,13010736300,43369121,300,4061,,https://sra-downloadb.be-md.ncbi.nlm.nih.gov/sos9/sra-pub-zq-924/SRR019/19742/SRR19742209/SRR19742209.lite.1,SRX15788093,GZN3_Dust,WGS,RANDOM,METAGENOMIC,PAIRED,0,0,ILLUMINA,Illumina NovaSeq 6000,SRP382350,PRJNA848284,,848284,SRS13480900,SAMN28993145,simple,655179,air metagenome,GZN3_Dust,,,,,,,no,,,,,SOUTH CHINA NORMAL UNIVERSITY,SRA1439426,,public,1A8715D908664254DB9BC5523833C6EB,5D3421CC4CF69E8C6D9CFB6AAFC5F69D
SRR20078264,2023-08-13 00:00:41,2022-07-11 11:43:59,9055812,2734855224,9055812,302,1184,,https://sra-downloadb.be-md.ncbi.nlm.nih.gov/sos8/sra-pub-zq-818/SRR020/20078/SRR20078264/SRR20078264.lite.1,SRX16116123,OmyRRHW14C-0052,WGS,RANDOM,GENOMIC,PAIRED,0,0,ILLUMINA,NextSeq 550,SRP384541,PRJNA854899,,854899,SRS13778720,SAMN29631227,simple,8022,Oncorhynchus mykiss,OmyRRHW14C-0052,,,,,,,no,,,,,COLUMBIA RIVER INTER-TRIBAL FISH COMMISSION,SRA1452300,,public,36C5BB19F4506EAC9A508868B759AAF3,E929AFBCD500D2171EE54A75829AB5D2
SRR20028133,2022-11-10 17:06:38,2022-07-07 18:14:04,12563805,3129684911,12563805,249,1200,,https://sra-downloadb.be-md.ncbi.nlm.nih.gov/sos1/sra-pub-zq-38/SRR020/20028/SRR20028133/SRR20028133.lite.1,SRX16066567,011_T3_Acne,WGS,RANDOM,METAGENOMIC,PAIRED,0,0,ILLUMINA,NextSeq 500,SRP385369,PRJNA856701,3,856701,SRS13744033,SAMN29584259,simple,256318,metagenome,011_T3_Acne,,,,,,,no,,,,,PENN STATE COLLEGE OF MEDICINE,SRA1450972,,public,A04F0702B3480826E8CFAC9E967072B7,035677C9C48D21AFF786AAAF7F57B532
SRR20701368,2023-01-20 12:59:33,2022-07-28 23:35:53,27698542,8309562600,27698542,300,2564,,https://sra-downloadb.be-md.ncbi.nlm.nih.gov/sos1/sra-pub-zq-38/SRR020/20701/SRR20701368/SRR20701368.lite.1,SRX16723018,YX20200924901-adult2,RNA-Seq,cDNA,TRANSCRIPTOMIC,PAIRED,0,0,ILLUMINA,Illumina HiSeq 2500,SRP388664,PRJNA863339,,863339,SRS14352193,SAMN30032394,simple,8400,Lithobates catesbeianus,adult_2,,,,,missing,,no,,,,,WUHAN UNIVERSITY,SRA1464709,,public,EDA93EE12A2F81E74D218BB96E917084,EA3F98E0018AAE192617BC980932D22E
SRR20730026,2022-09-23 00:51:15,2022-08-01 14:04:52,184420042,55326012600,184420042,300,18065,,https://sra-downloadb.be-md.ncbi.nlm.nih.gov/sos8/sra-pub-zq-818/SRR020/20730/SRR20730026/SRR20730026.lite.1,SRX16750426,MT-14_#23,WGS,RANDOM,GENOMIC,PAIRED,0,0,ILLUMINA,Illumina NovaSeq 6000,SRP389108,PRJNA862503,,862503,SRS14377745,SAMN29981694,simple,10042,Peromyscus maniculatus,MT-14_#23,,,,,not collected,,no,,,,,HARVARD,SRA1463021,,public,966E4EF781A0C7C99075BEA6C2235047,9611915940CD52521EAA75B34514ED6B
SRR20730051,2022-09-23 00:51:15,2022-08-01 14:03:38,237965818,71389745400,237965818,300,22379,,https://sra-downloadb.be-md.ncbi.nlm.nih.gov/sos8/sra-pub-zq-818/SRR020/20730/SRR20730051/SRR20730051.lite.1,SRX16750401,91065,WGS,RANDOM,GENOMIC,PAIRED,0,0,ILLUMINA,Illumina NovaSeq 6000,SRP389108,PRJNA862503,,862503,SRS14377719,SAMN29981618,simple,10042,Peromyscus maniculatus,91065,,,,,not collected,,no,,,,,HARVARD,SRA1463021,,public,322A9DFBA3CA5A80E5344B3F4BD6241F,7F242D31F2567DDDEBFEBEBC8D588F4A
SRR20985014,2023-08-01 00:07:03,2022-08-10 15:55:24,403126579,119187075724,403126579,295,49554,,https://sra-downloadb.be-md.ncbi.nlm.nih.gov/sos8/sra-pub-zq-818/SRR020/20985/SRR20985014/SRR20985014.lite.1,SRX17002489,HA8,WGS,RANDOM,GENOMIC,PAIRED,0,0,ILLUMINA,Illumina NovaSeq 6000,SRP390682,PRJNA867575,4,867575,SRS14587879,SAMN30214223,simple,9643,Ursus americanus,HA8,,,,,female,,no,,,,,UNIVERSITY OF MEMPHIS,SRA1471688,,public,280FC4C5CB2BE9E6DBCB0CAECB2FB1F9,29E011B5C87E17BBA2FE180818B6D508
SRR21231055,2022-10-12 04:36:10,2022-08-26 21:58:49,23180031,6954009300,23180031,300,2119,,https://sra-downloadb.be-md.ncbi.nlm.nih.gov/sos1/sra-pub-zq-38/SRR021/21231/SRR21231055/SRR21231055.lite.1,SRX17241152,CS-7-2,RNA-Seq,Oligo-dT,TRANSCRIPTOMIC,PAIRED,0,0,ILLUMINA,Illumina NovaSeq 6000,SRP394317,PRJNA870695,,870695,SRS14807133,SAMN30383418,simple,8255,Paralichthys olivaceus,CS-7-2,,,,,not collected,,no,,,,,OCEAN UNIVERSITY OF CHINA,SRA1481345,,public,44ECE213521315311DA6F7E4A86F9669,0D619A834665BE2F2E7D6342861F17F7
SRR21974026,2023-06-29 00:00:52,2022-10-19 15:54:34,34029149,10276802998,34029149,302,3316,,https://sra-downloadb.be-md.ncbi.nlm.nih.gov/sos8/sra-pub-zq-820/SRR021/21974/SRR21974026/SRR21974026.lite.1,SRX17957417,AYD3571_1_L18812432,WGS,RANDOM,METAGENOMIC,PAIRED,500,50,ILLUMINA,Illumina NovaSeq 6000,SRP403492,PRJNA872116,,872116,SRS15474495,SAMN30890140,simple,539655,human skin metagenome,Met2897,,,,,,,no,,,,,NISC,SRA1523691,,public,94D3DEDEE0D60135A4A6377FB5D1F29C,9BEBB16C10F600FB94D9300E5AE1BE51
SRR22028468,2022-11-21 11:38:29,2022-10-26 03:33:00,298070873,89421261900,298070873,300,27228,,https://sra-downloadb.be-md.ncbi.nlm.nih.gov/sos8/sra-pub-zq-818/SRR022/22028/SRR22028468/SRR22028468.lite.1,SRX18009767,BC_F7_DNA_seq,WGS,RANDOM,GENOMIC,PAIRED,0,0,ILLUMINA,Illumina HiSeq 2500,SRP404299,PRJNA893868,,893868,SRS15518524,SAMN31434493,simple,1126051,Dibamus deharvengi,BC_F7,,,,,female,,no,,,,,"FACULTY OF SCIENCE, CHARLES UNIVERSITY",SRA1526569,,public,79667BA6CFE1852D4E17603663A059EA,C4021A0A059C57C8B8AE8ED9B719DF6C
SRR22071722,2022-10-28 02:58:48,2022-10-28 02:10:24,16742527,5022758100,16742527,300,3281,,https://sra-downloadb.be-md.ncbi.nlm.nih.gov/sos8/sra-pub-zq-818/SRR022/22071/SRR22071722/SRR22071722.lite.1,SRX18052117,"=VLOOKUP(A22,[1]totalReads!$B:$C,2,FALSE)",RNA-Seq,cDNA,METATRANSCRIPTOMIC,PAIRED,0,0,ILLUMINA,Illumina HiSeq 2500,SRP404985,PRJNA892773,,892773,SRS15558411,SAMN31495649,simple,1070528,viral metagenome,Baisha_Leopoldamys_edwardsi_95,,,,,,,no,,,,,HAINAN MEDICAL UNIVERSITY,SRA1529254,,public,3C4C4C07782A044E63ECD7C0C4D41D63,3455C65956874E5E7E4C005A116EBE66
SRR22071730,2022-10-28 02:58:48,2022-10-28 02:12:08,22476872,6743061600,22476872,300,4334,,https://sra-downloadb.be-md.ncbi.nlm.nih.gov/sos8/sra-pub-zq-818/SRR022/22071/SRR22071730/SRR22071730.lite.1,SRX18052105,"=VLOOKUP(A3,[1]totalReads!$B:$C,2,FALSE)",RNA-Seq,cDNA,METATRANSCRIPTOMIC,PAIRED,0,0,ILLUMINA,Illumina HiSeq 2500,SRP404985,PRJNA892773,,892773,SRS15558398,SAMN31495630,simple,1070528,viral metagenome,Longtang_Rattus_tanezumi_101,,,,,,,no,,,,,HAINAN MEDICAL UNIVERSITY,SRA1529254,,public,1B4E032189BE2072F17EFA6511EC7C95,FD8EA8FCD14B65EBFAE93009D215DD78
SRR22103697,2023-10-18 20:42:58,2022-11-07 02:11:02,560914796,166389555346,560914796,296,69850,,https://sra-downloadb.be-md.ncbi.nlm.nih.gov/sos1/sra-pub-zq-38/SRR022/22103/SRR22103697/SRR22103697.lite.1,SRX18083683,F05,WGS,RANDOM,METAGENOMIC,PAIRED,0,0,ILLUMINA,Illumina HiSeq X,SRP405397,PRJNA895761,,895761,SRS15587618,SAMN31524695,simple,1616037,milk metagenome,F05,,,,,,,no,,,,,INNER MONGOLIA AGRICULTURAL UNIVERSITY,SRA1530361,,public,37DA91300DB9CDCB07F07810037258D0,7EA208CF4A285BA256FA394A5DA4F1B1
SRR22462927,2023-03-29 10:23:55,2022-11-30 11:31:19,44804042,13530820684,44804042,302,4070,,https://sra-downloadb.be-md.ncbi.nlm.nih.gov/sos8/sra-pub-zq-820/SRR022/22462/SRR22462927/SRR22462927.lite.1,SRX18429177,S2_T0-50,WGS,RANDOM,METAGENOMIC,PAIRED,0,0,ILLUMINA,Illumina NovaSeq 6000,SRP409258,PRJNA902366,,902366,SRS15911025,SAMN31837143,simple,256318,metagenome,S2_T0-50_COL1845,,,,,,,no,,,,,RTL GENOMICS,SRA1549712,,public,1D73CBB620BFA10C003C61112B3FB55C,F24BC9ED81E3895F3B3C6FF8203CFCA2
SRR22679053,2022-12-11 22:21:08,2022-12-11 22:12:56,58324432,17437401929,58324432,298,6435,,https://sra-downloadb.be-md.ncbi.nlm.nih.gov/sos8/sra-pub-zq-818/SRR022/22679/SRR22679053/SRR22679053.lite.1,SRX18641153,female25,WGS,RANDOM,OTHER,PAIRED,0,0,ILLUMINA,Illumina HiSeq 2000,SRP411286,PRJNA907420,,907420,SRS16086293,SAMN32155265,simple,89462,Bubalus bubalis,Resequencing,,,,,not applicable,,no,,,,,CHINESE ACADEMY OF AGRICULTURAL SCIENCES,SRA1557256,,public,D6DCFA8DEF4455D06FBC24828B9BBF65,F16D18BA6839D2BC8B5F7AF6AED640C7
SRR22691042,2023-09-08 13:24:23,2022-12-12 17:35:11,71678216,19857214497,71678216,277,6169,,https://sra-downloadb.be-md.ncbi.nlm.nih.gov/sos8/sra-pub-zq-818/SRR022/22691/SRR22691042/SRR22691042.lite.1,SRX18653219,liver_24,RNA-Seq,PolyA,TRANSCRIPTOMIC,PAIRED,0,0,ILLUMINA,Illumina NovaSeq 6000,SRP412588,PRJNA909817,,909817,SRS16097734,SAMN32120120,simple,152496,Oophaga sylvatica,liver_24,,,,,female,,no,,,,,STANFORD UNIVERSITY,SRA1557674,,public,04A6A33C0B36B49BB8F584BED2A021D9,767F367F8475977051758C9526145833
SRR22765759,2023-12-01 00:06:18,2022-12-16 12:43:09,22536078,6760823400,22536078,300,2168,,https://sra-downloadb.be-md.ncbi.nlm.nih.gov/sos9/sra-pub-zq-924/SRR022/22765/SRR22765759/SRR22765759.lite.1,SRX18726147,GSM6846315,OTHER,other,GENOMIC,PAIRED,0,0,ILLUMINA,Illumina NovaSeq 6000,SRP413436,PRJNA913116,,913116,SRS16167216,SAMN32275202,simple,9606,Homo sapiens,GSM6846315,,,,,,,no,,,,,"MAILAENDER, DEPT. OF DERMATOLOGY, UNIVERSITY MEDICAL CENTER MAINZ",SRA1560480,,public,542CE4C172EAA46B082E122E53A82FA3,F34A985DDF9AC1F759ECFDA3F3A1A0A4
SRR24719200,2023-05-24 12:04:18,2023-05-24 10:56:42,26505850,7463298918,26505850,281,2450,,https://sra-downloadb.be-md.ncbi.nlm.nih.gov/sos4/sra-pub-zq-7/SRR024/24719/SRR24719200/SRR24719200.lite.1,SRX20497156,200719MF6_Ptychadena_cooperi,WGS,size fractionation,GENOMIC,PAIRED,0,0,ILLUMINA,Illumina NovaSeq 6000,SRP439293,PRJNA975347,,975347,SRS17806853,SAMN35324687,simple,356243,Ptychadena cooperi,200719MF6_Ptychadena_cooperi,,,,,missing,,no,,,,,NEW YORK UNIVERSITY ABU DHABI,SRA1642409,,public,DEECCA8E0FF689F09638FE4B007F08C6,26DB42423ED19BB503312107014C7717
ERR11271768,2023-04-29 02:29:56,2023-07-30 20:13:31,491988581,146597307885,491988581,297,64835,,https://sra-downloadb.be-md.ncbi.nlm.nih.gov/sos5/sra-pub-zq-16/ERR011/11271/ERR11271768/ERR11271768.lite.1,ERX10679338,,WGS,RANDOM,GENOMIC,PAIRED,0,0,ILLUMINA,Illumina HiSeq X,ERP119159,PRJEB36029,,724105,ERS4950390,SAMEA7190157,simple,9615,Canis lupus familiaris,BH_32591,,,,,,,no,,,,,THE KENNEL CLUB GENETICS CENTRE,ERA22616742,,public,B2CF99FC7BDF7F587E8AFEEE07BC0563,3A6C121AF15AE9BF3CB0BE02495A9E1A
SRR24724859,2023-05-24 14:12:58,2023-05-24 13:58:47,70486596,21145978800,70486596,300,6937,,https://sra-downloadb.be-md.ncbi.nlm.nih.gov/sos4/sra-pub-zq-7/SRR024/24724/SRR24724859/SRR24724859.lite.1,SRX20502857,desmognathus_cheaha_000,WGS,RANDOM,GENOMIC,PAIRED,0,0,ILLUMINA,HiSeq X Ten,SRP439346,PRJNA917162,3,917162,SRS17808148,SAMN34288317,simple,3018289,Desmognathus cheaha,Desmognathus cheaha,,,,,not determined,,no,,,,,IRIDIAN GENOMES,SRA1643475,,public,BCEE2829E83A688E7B9A2C6B0485E227,5078132F4D3D99680E4B61067EDCC6D7
SRR24724941,2023-05-24 14:12:58,2023-05-24 14:04:44,62970696,18891208800,62970696,300,6212,,https://sra-downloadb.be-md.ncbi.nlm.nih.gov/sos4/sra-pub-zq-7/SRR024/24724/SRR24724941/SRR24724941.lite.1,SRX20502939,desmognathus_kanawha_000,WGS,RANDOM,GENOMIC,PAIRED,0,0,ILLUMINA,HiSeq X Ten,SRP439350,PRJNA917169,3,917169,SRS17808228,SAMN34288320,simple,3018292,Desmognathus kanawha,Desmognathus kanawha,,,,,not determined,,no,,,,,IRIDIAN GENOMES,SRA1643493,,public,FE59805C80012BFB4DD764694478EACD,BD6BB5A890E3139837B9E969B5A8E211
SRR24725051,2023-05-24 14:23:34,2023-05-24 14:16:41,73684616,22105384800,73684616,300,7260,,https://sra-downloadb.be-md.ncbi.nlm.nih.gov/sos4/sra-pub-zq-7/SRR024/24725/SRR24725051/SRR24725051.lite.1,SRX20503049,desmognathus_mavrokoilius_000,WGS,RANDOM,GENOMIC,PAIRED,0,0,ILLUMINA,HiSeq X Ten,SRP439360,PRJNA917171,3,917171,SRS17808303,SAMN34288321,simple,3018293,Desmognathus mavrokoilius,Desmognathus mavrokoilius,,,,,not determined,,no,,,,,IRIDIAN GENOMES,SRA1643501,,public,1D7D9F7D5F42097E622E1E196814926E,5656FE8F2C057526D44ADC4B1204F06E
SRR23881938,2023-03-17 17:59:53,2023-03-17 17:18:57,8172500,2468095000,8172500,302,1103,,https://sra-downloadb.be-md.ncbi.nlm.nih.gov/sos4/sra-pub-zq-3/SRR023/23881/SRR23881938/SRR23881938.lite.1,SRX19694002,L6T3,WGS,RANDOM,METAGENOMIC,PAIRED,0,0,ILLUMINA,NextSeq 500,SRP427708,PRJNA945243,,945243,SRS17062941,SAMN33776773,simple,1616037,milk metagenome,L6T3,,,,,,,no,,,,,TEAGASC,SRA1605549,,public,33F71AA2027983F451F59667FFFC03F3,E149CAE67CAE00C292C1AE119DE5729B
SRR24111646,2023-04-08 23:38:28,2023-04-08 23:35:17,666783563,200035068900,0,300,129567,,https://sra-downloadb.be-md.ncbi.nlm.nih.gov/sos4/sra-pub-zq-3/SRR024/24111/SRR24111646/SRR24111646.lite.1,SRX19911062,190b,Hi-C,RANDOM,GENOMIC,PAIRED,0,0,BGISEQ,MGISEQ-2000RS,SRP431307,PRJNA949196,,949196,SRS17264689,SAMN34121557,simple,462321,Zhangixalus dugritei,LAB2020190,,,,,male,,no,,,,,CHINESE ACADEMY OF SCIENCES,SRA1617627,,public,09515A3FA2166C91E8B1E80D83D6C41E,BAEAD82308112E1B00E21919E737D478
ERR11213956,2023-04-15 04:22:20,2023-07-26 10:36:36,415899176,123910385883,415899176,297,52546,,https://sra-downloadb.be-md.ncbi.nlm.nih.gov/sos5/sra-pub-zq-14/ERR011/11213/ERR11213956/ERR11213956.lite.1,ERX10641004,,WGS,RANDOM,GENOMIC,PAIRED,0,0,ILLUMINA,Illumina HiSeq X,ERP119159,PRJEB36029,,724105,ERS4950221,SAMEA7189988,simple,9615,Canis lupus familiaris,LR_25242,,,,,,,no,,,,,THE KENNEL CLUB GENETICS CENTRE,ERA21801400,,public,13A0DD58ECCFF287C9C2EFF0BE9D7B29,E70EEBA4A34B1B2ED0C66BC14202387C
ERR11203069,2023-04-13 18:00:07,2023-07-26 10:26:45,415452088,124635626400,415452088,300,40144,,https://sra-downloadb.be-md.ncbi.nlm.nih.gov/sos5/sra-pub-zq-14/ERR011/11203/ERR11203069/ERR11203069.lite.1,ERX10632453,,WGS,RANDOM,GENOMIC,PAIRED,0,0,ILLUMINA,Illumina NovaSeq 6000,ERP119159,PRJEB36029,,724105,ERS14718678,SAMEA112721112,simple,9615,Canis lupus familiaris,NSDTR_39676,,,,,Male,,no,,,,,THE KENNEL CLUB GENETICS CENTRE,ERA21678716,,public,AD5F6F0578AC4851C989847B80B1D3E7,01936488DA65D58B9F9BC39BAA82B696
SRR24465286,2023-07-01 00:15:03,2023-05-08 13:19:50,48370846,14607995492,48370846,302,4804,,https://sra-downloadb.be-md.ncbi.nlm.nih.gov/sos5/sra-pub-zq-14/SRR024/24465/SRR24465286/SRR24465286.lite.1,SRX20252107,WGSLib-S19-4628,WGS,RANDOM,GENOMIC,PAIRED,0,0,ILLUMINA,Illumina NovaSeq 6000,SRP436451,PRJNA966176,,966176,SRS16896002,SAMN33450813,simple,55040,Urocyon cinereoargenteus,S19-4628,,,,,not determined,,no,,,,,UNIVERSITY OF CALIFORNIA DAVIS,SRA1634119,,public,E26EF3D2D76239E19FDD34A7DCC8BCE2,3D4B9D93FA0DAEB857707D17021A6E0E
DRR452111,2023-03-24 13:08:59,2023-03-24 13:11:12,35014278,10574311956,35014278,302,4875,,https://sra-downloadb.be-md.ncbi.nlm.nih.gov/sos4/sra-pub-zq-3/DRR000/452/DRR452111/DRR452111.lite.1,DRX437201,,WGS,RANDOM PCR,METAGENOMIC,PAIRED,300,0,ILLUMINA,HiSeq X Ten,DRP009758,PRJDB15371,,948569,DRS286233,SAMD00585416,simple,506599,bovine gut metagenome,SAMD00585416,,,,,,,no,,,,,UTSUNOMIYA,DRA015871,,public,F77FE99560091428174F79623870D77C,4A35014519930D972F7E6F5105D6D0D1
ERR11203034,2023-04-13 18:00:07,2023-07-26 05:44:14,368436082,110530824600,368436082,300,34355,,https://sra-downloadb.be-md.ncbi.nlm.nih.gov/sos5/sra-pub-zq-14/ERR011/11203/ERR11203034/ERR11203034.lite.1,ERX10632418,,WGS,RANDOM,GENOMIC,PAIRED,0,0,ILLUMINA,Illumina NovaSeq 6000,ERP119159,PRJEB36029,,724105,ERS14718708,SAMEA112721142,simple,9615,Canis lupus familiaris,SAMEA112721142,,,,,female,,no,,,,,THE KENNEL CLUB GENETICS CENTRE,ERA21678716,,public,27AEE8B0CCEB648A5755B8BA780E132D,F4431600775F5F0628B32AEBF6C1681F
ERR11028317,2023-03-21 05:49:00,2023-07-18 13:11:23,151246835,24426042015,0,161,7913,,https://sra-downloadb.be-md.ncbi.nlm.nih.gov/sos8/sra-pub-zq-820/ERR011/11028/ERR11028317/ERR11028317.lite.1,ERX10464326,L1448A1,WGS,RANDOM,GENOMIC,SINGLE,0,0,ILLUMINA,Illumina NovaSeq 6000,ERP145526,PRJEB60463,,947037,ERS14773384,SAMEA112772585,simple,9595,Gorilla gorilla gorilla,SAMEA112772585,,,,,,,no,,,,,IBE-UPF,ERA20851312,,public,D4B15C93057D366AE43133D01E7AA32F,ECB3747E6204C2972281E6D9A3F261EE
SRR24719138,2023-05-24 12:04:19,2023-05-24 10:51:27,17690732,5068536961,17690732,286,1681,,https://sra-downloadb.be-md.ncbi.nlm.nih.gov/sos4/sra-pub-zq-7/SRR024/24719/SRR24719138/SRR24719138.lite.1,SRX20497218,SB962_Ptychadena_erlangeri,WGS,size fractionation,GENOMIC,PAIRED,0,0,ILLUMINA,Illumina NovaSeq 6000,SRP439293,PRJNA975347,,975347,SRS17806914,SAMN35324844,simple,1342833,Ptychadena erlangeri,SB962_Ptychadena_erlangeri,,,,,missing,,no,,,,,NEW YORK UNIVERSITY ABU DHABI,SRA1642409,,public,C8E127EFD1FD4571AFB3212284CC9A15,C920F72652B61F25C8AC4212FAF45BBD
SRR25288535,2023-08-13 22:34:41,2023-07-14 23:58:58,714951,209589124,0,293,104,,https://sra-downloadb.be-md.ncbi.nlm.nih.gov/sos5/sra-pub-zq-11/SRR025/25288/SRR25288535/SRR25288535.lite.1,SRX21032090,library_23,OTHER,RANDOM PCR,VIRAL RNA,SINGLE,0,0,ILLUMINA,Illumina MiSeq,SRP449640,PRJNA994658,3,994658,SRS18304520,SAMN36440203,simple,1213622,bat metagenome,Sample_Pool-023,,,,,,,no,,,,,INSTITUTE OF PATHOGEN BIOLOGY CHINESE ACADEMY OF MEDICAL SCIENCES & PEKING UNION MEDICAL COLLEGE,SRA1673370,,public,CCDDF6FB38E3C84066AFAC198D4FA079,DEF509D2AD089A4A58587762CF7D8D0D
SRR25288757,2023-08-13 22:34:43,2023-07-15 00:06:25,19113302,5733990600,0,300,2262,,https://sra-downloadb.be-md.ncbi.nlm.nih.gov/sos5/sra-pub-zq-11/SRR025/25288/SRR25288757/SRR25288757.lite.1,SRX21032241,library_59,OTHER,RANDOM PCR,VIRAL RNA,SINGLE,0,0,ILLUMINA,HiSeq X Ten,SRP449640,PRJNA994658,3,994658,SRS18304671,SAMN36440239,simple,1213622,bat metagenome,Sample_Pool-059,,,,,,,no,,,,,INSTITUTE OF PATHOGEN BIOLOGY CHINESE ACADEMY OF MEDICAL SCIENCES & PEKING UNION MEDICAL COLLEGE,SRA1673370,,public,7CFAA97CD82E426AC167184AD1F07720,39332DAFC3DA8F61D49852248596799F
SRR25288751,2023-08-13 22:34:42,2023-07-15 00:03:38,15478944,4643683200,0,300,1814,,https://sra-downloadb.be-md.ncbi.nlm.nih.gov/sos5/sra-pub-zq-11/SRR025/25288/SRR25288751/SRR25288751.lite.1,SRX21032247,library_64,OTHER,RANDOM PCR,VIRAL RNA,SINGLE,0,0,ILLUMINA,HiSeq X Ten,SRP449640,PRJNA994658,3,994658,SRS18304677,SAMN36440244,simple,1213622,bat metagenome,Sample_Pool-064,,,,,,,no,,,,,INSTITUTE OF PATHOGEN BIOLOGY CHINESE ACADEMY OF MEDICAL SCIENCES & PEKING UNION MEDICAL COLLEGE,SRA1673370,,public,1B676C5BDA787B372AE629E99CEEC7BA,185BCC5C0454E6F943FDBAEADFF1CA16
SRR25288749,2023-08-13 22:34:43,2023-07-15 00:03:44,16949832,5084949600,0,300,2013,,https://sra-downloadb.be-md.ncbi.nlm.nih.gov/sos5/sra-pub-zq-11/SRR025/25288/SRR25288749/SRR25288749.lite.1,SRX21032249,library_66,OTHER,RANDOM PCR,VIRAL RNA,SINGLE,0,0,ILLUMINA,HiSeq X Ten,SRP449640,PRJNA994658,3,994658,SRS18304679,SAMN36440246,simple,1213622,bat metagenome,Sample_Pool-066,,,,,,,no,,,,,INSTITUTE OF PATHOGEN BIOLOGY CHINESE ACADEMY OF MEDICAL SCIENCES & PEKING UNION MEDICAL COLLEGE,SRA1673370,,public,9A7F93F73A968CEFB99AC14CE2838C79,9B79EB0FFC2C7D17EFD510E1B44DB0E8
SRR25288745,2023-08-13 22:34:43,2023-07-15 00:04:06,18243981,5473194300,0,300,2108,,https://sra-downloadb.be-md.ncbi.nlm.nih.gov/sos5/sra-pub-zq-11/SRR025/25288/SRR25288745/SRR25288745.lite.1,SRX21032253,library_70,OTHER,RANDOM PCR,VIRAL RNA,SINGLE,0,0,ILLUMINA,HiSeq X Ten,SRP449640,PRJNA994658,3,994658,SRS18304681,SAMN36440250,simple,1213622,bat metagenome,Sample_Pool-070,,,,,,,no,,,,,INSTITUTE OF PATHOGEN BIOLOGY CHINESE ACADEMY OF MEDICAL SCIENCES & PEKING UNION MEDICAL COLLEGE,SRA1673370,,public,104FD18D8DF2F8436D78D161295BD959,F92663473C98C915956DB18D9F4D0487
SRR25288489,2023-08-13 22:34:42,2023-07-15 00:02:18,15347990,4604397000,0,300,1917,,https://sra-downloadb.be-md.ncbi.nlm.nih.gov/sos5/sra-pub-zq-11/SRR025/25288/SRR25288489/SRR25288489.lite.1,SRX21032137,library_91,OTHER,RANDOM PCR,VIRAL RNA,SINGLE,0,0,ILLUMINA,HiSeq X Ten,SRP449640,PRJNA994658,3,994658,SRS18304567,SAMN36440271,simple,1213622,bat metagenome,Sample_Pool-091,,,,,,,no,,,,,INSTITUTE OF PATHOGEN BIOLOGY CHINESE ACADEMY OF MEDICAL SCIENCES & PEKING UNION MEDICAL COLLEGE,SRA1673370,,public,091286CFBEA4E4925C3815A3E2214DF6,1685B3DDD213325F77B9C91CB8F13EF3
SRR25288481,2023-08-13 22:34:42,2023-07-15 00:02:01,15499041,4649712300,0,300,1891,,https://sra-downloadb.be-md.ncbi.nlm.nih.gov/sos5/sra-pub-zq-11/SRR025/25288/SRR25288481/SRR25288481.lite.1,SRX21032144,library_98,OTHER,RANDOM PCR,VIRAL RNA,SINGLE,0,0,ILLUMINA,HiSeq X Ten,SRP449640,PRJNA994658,3,994658,SRS18304574,SAMN36440278,simple,1213622,bat metagenome,Sample_Pool-098,,,,,,,no,,,,,INSTITUTE OF PATHOGEN BIOLOGY CHINESE ACADEMY OF MEDICAL SCIENCES & PEKING UNION MEDICAL COLLEGE,SRA1673370,,public,29FE45D07992ACE94BB1CDF612AE7AAA,D8C2114BAF9EE899D985CFB66C139869
SRR25288841,2023-08-13 22:34:42,2023-07-15 00:05:45,17686817,5306045100,0,300,2178,,https://sra-downloadb.be-md.ncbi.nlm.nih.gov/sos5/sra-pub-zq-11/SRR025/25288/SRR25288841/SRR25288841.lite.1,SRX21032156,library_107,OTHER,RANDOM PCR,VIRAL RNA,SINGLE,0,0,ILLUMINA,HiSeq X Ten,SRP449640,PRJNA994658,3,994658,SRS18304585,SAMN36440287,simple,1213622,bat metagenome,Sample_Pool-107,,,,,,,no,,,,,INSTITUTE OF PATHOGEN BIOLOGY CHINESE ACADEMY OF MEDICAL SCIENCES & PEKING UNION MEDICAL COLLEGE,SRA1673370,,public,38C1C77D29B5C67AB1495D31989388FF,62F6C72C3FB255A4982585579A2D91D8
SRR25288825,2023-08-13 22:34:42,2023-07-15 00:05:16,15971878,4791563400,0,300,1920,,https://sra-downloadb.be-md.ncbi.nlm.nih.gov/sos5/sra-pub-zq-11/SRR025/25288/SRR25288825/SRR25288825.lite.1,SRX21032172,library_121,OTHER,RANDOM PCR,VIRAL RNA,SINGLE,0,0,ILLUMINA,HiSeq X Ten,SRP449640,PRJNA994658,3,994658,SRS18304602,SAMN36440301,simple,1213622,bat metagenome,Sample_Pool-121,,,,,,,no,,,,,INSTITUTE OF PATHOGEN BIOLOGY CHINESE ACADEMY OF MEDICAL SCIENCES & PEKING UNION MEDICAL COLLEGE,SRA1673370,,public,549CBBCAE1655E8E21364E91CF7C9D40,AB46CE225469B852B4884D7C5F557C1A
SRR25288726,2023-08-13 22:34:43,2023-07-15 00:01:45,15828468,4748540400,0,300,1775,,https://sra-downloadb.be-md.ncbi.nlm.nih.gov/sos5/sra-pub-zq-11/SRR025/25288/SRR25288726/SRR25288726.lite.1,SRX21032272,library_130,OTHER,RANDOM PCR,VIRAL RNA,SINGLE,0,0,ILLUMINA,HiSeq X Ten,SRP449640,PRJNA994658,3,994658,SRS18304705,SAMN36440310,simple,1213622,bat metagenome,Sample_Pool-130,,,,,,,no,,,,,INSTITUTE OF PATHOGEN BIOLOGY CHINESE ACADEMY OF MEDICAL SCIENCES & PEKING UNION MEDICAL COLLEGE,SRA1673370,,public,77C75344B57D7C6EBDEF1DC58F0460B2,EEB94731714E175EDA732AC7F96ADF7D
SRR25288821,2023-08-13 22:34:42,2023-07-15 00:04:54,16883277,5064983100,0,300,2172,,https://sra-downloadb.be-md.ncbi.nlm.nih.gov/sos5/sra-pub-zq-11/SRR025/25288/SRR25288821/SRR25288821.lite.1,SRX21032177,library_177,OTHER,RANDOM PCR,VIRAL RNA,SINGLE,0,0,ILLUMINA,HiSeq X Ten,SRP449640,PRJNA994658,3,994658,SRS18304610,SAMN36440357,simple,1213622,bat metagenome,Sample_Pool-177,,,,,,,no,,,,,INSTITUTE OF PATHOGEN BIOLOGY CHINESE ACADEMY OF MEDICAL SCIENCES & PEKING UNION MEDICAL COLLEGE,SRA1673370,,public,22670F705D0474B4D75E2DED92680A08,FAB18C2C98AB735B61713280D371EC45
SRR25288812,2023-08-13 22:34:42,2023-07-15 00:04:53,15414125,4624237500,0,300,1946,,https://sra-downloadb.be-md.ncbi.nlm.nih.gov/sos5/sra-pub-zq-11/SRR025/25288/SRR25288812/SRR25288812.lite.1,SRX21032186,library_185,OTHER,RANDOM PCR,VIRAL RNA,SINGLE,0,0,ILLUMINA,HiSeq X Ten,SRP449640,PRJNA994658,3,994658,SRS18304616,SAMN36440365,simple,1213622,bat metagenome,Sample_Pool-185,,,,,,,no,,,,,INSTITUTE OF PATHOGEN BIOLOGY CHINESE ACADEMY OF MEDICAL SCIENCES & PEKING UNION MEDICAL COLLEGE,SRA1673370,,public,3D8703C6B4069D1A6401A01748883C17,B225BC3465C0F999359BE9A82513EF56
SRR25288807,2023-08-13 22:34:42,2023-07-15 00:04:24,14186507,4255952100,0,300,1835,,https://sra-downloadb.be-md.ncbi.nlm.nih.gov/sos5/sra-pub-zq-11/SRR025/25288/SRR25288807/SRR25288807.lite.1,SRX21032191,library_190,OTHER,RANDOM PCR,VIRAL RNA,SINGLE,0,0,ILLUMINA,HiSeq X Ten,SRP449640,PRJNA994658,3,994658,SRS18304621,SAMN36440370,simple,1213622,bat metagenome,Sample_Pool-190,,,,,,,no,,,,,INSTITUTE OF PATHOGEN BIOLOGY CHINESE ACADEMY OF MEDICAL SCIENCES & PEKING UNION MEDICAL COLLEGE,SRA1673370,,public,E3C9C4026D099A67FB171485B85BFAB5,4AEBC71FA64BEBC1DDC663CFA7BF4672
SRR25288804,2023-08-13 22:34:42,2023-07-15 00:03:27,16037692,4811307600,0,300,1786,,https://sra-downloadb.be-md.ncbi.nlm.nih.gov/sos5/sra-pub-zq-11/SRR025/25288/SRR25288804/SRR25288804.lite.1,SRX21032194,library_192,OTHER,RANDOM PCR,VIRAL RNA,SINGLE,0,0,ILLUMINA,HiSeq X Ten,SRP449640,PRJNA994658,3,994658,SRS18304624,SAMN36440372,simple,1213622,bat metagenome,Sample_Pool-192,,,,,,,no,,,,,INSTITUTE OF PATHOGEN BIOLOGY CHINESE ACADEMY OF MEDICAL SCIENCES & PEKING UNION MEDICAL COLLEGE,SRA1673370,,public,F31799F7C5EFB9B954402ACDEFF4F4BA,63582377D8358E06CA1A35F932091731
SRR25288693,2023-08-13 22:34:43,2023-07-15 00:10:27,18097263,5429178900,0,300,1895,,https://sra-downloadb.be-md.ncbi.nlm.nih.gov/sos5/sra-pub-zq-11/SRR025/25288/SRR25288693/SRR25288693.lite.1,SRX21032304,library_235,OTHER,RANDOM PCR,VIRAL RNA,SINGLE,0,0,ILLUMINA,HiSeq X Ten,SRP449640,PRJNA994658,3,994658,SRS18304734,SAMN36440415,simple,1213622,bat metagenome,Sample_Pool-235,,,,,,,no,,,,,INSTITUTE OF PATHOGEN BIOLOGY CHINESE ACADEMY OF MEDICAL SCIENCES & PEKING UNION MEDICAL COLLEGE,SRA1673370,,public,69B08E39C8F894A266F27CC1071B3A05,3B5ED8A2A36D8BFBDC2512C1F62F3D79
SRR25288688,2023-08-13 22:34:43,2023-07-15 00:03:28,16519067,4955720100,0,300,1802,,https://sra-downloadb.be-md.ncbi.nlm.nih.gov/sos5/sra-pub-zq-11/SRR025/25288/SRR25288688/SRR25288688.lite.1,SRX21032309,library_240,OTHER,RANDOM PCR,VIRAL RNA,SINGLE,0,0,ILLUMINA,HiSeq X Ten,SRP449640,PRJNA994658,3,994658,SRS18304739,SAMN36440420,simple,1213622,bat metagenome,Sample_Pool-240,,,,,,,no,,,,,INSTITUTE OF PATHOGEN BIOLOGY CHINESE ACADEMY OF MEDICAL SCIENCES & PEKING UNION MEDICAL COLLEGE,SRA1673370,,public,206DE749893312BB96A2B04BB8FD6036,F83807D502B557BB4494002DB298024A
SRR25288684,2023-08-13 22:34:43,2023-07-15 00:04:13,19384367,5815310100,0,300,2098,,https://sra-downloadb.be-md.ncbi.nlm.nih.gov/sos5/sra-pub-zq-11/SRR025/25288/SRR25288684/SRR25288684.lite.1,SRX21032313,library_243,OTHER,RANDOM PCR,VIRAL RNA,SINGLE,0,0,ILLUMINA,HiSeq X Ten,SRP449640,PRJNA994658,3,994658,SRS18304742,SAMN36440423,simple,1213622,bat metagenome,Sample_Pool-243,,,,,,,no,,,,,INSTITUTE OF PATHOGEN BIOLOGY CHINESE ACADEMY OF MEDICAL SCIENCES & PEKING UNION MEDICAL COLLEGE,SRA1673370,,public,3ECB55D4DAA72F7A02E5A795C146DEC0,A5EE2EB34D759A4CBFF765B7619C455A
SRR25288680,2023-08-13 22:34:43,2023-07-15 00:05:12,17295281,5188584300,0,300,2197,,https://sra-downloadb.be-md.ncbi.nlm.nih.gov/sos5/sra-pub-zq-11/SRR025/25288/SRR25288680/SRR25288680.lite.1,SRX21032317,library_247,OTHER,RANDOM PCR,VIRAL RNA,SINGLE,0,0,ILLUMINA,HiSeq X Ten,SRP449640,PRJNA994658,3,994658,SRS18304747,SAMN36440427,simple,1213622,bat metagenome,Sample_Pool-247,,,,,,,no,,,,,INSTITUTE OF PATHOGEN BIOLOGY CHINESE ACADEMY OF MEDICAL SCIENCES & PEKING UNION MEDICAL COLLEGE,SRA1673370,,public,46CE0C2728580F0D8B1A70421BF673F5,FBB408F57FF926832180B430172B3840
SRR25288772,2023-08-13 22:34:42,2023-07-15 00:04:26,15807258,4742177400,0,300,1840,,https://sra-downloadb.be-md.ncbi.nlm.nih.gov/sos5/sra-pub-zq-11/SRR025/25288/SRR25288772/SRR25288772.lite.1,SRX21032227,library_300,OTHER,RANDOM PCR,VIRAL RNA,SINGLE,0,0,ILLUMINA,HiSeq X Ten,SRP449640,PRJNA994658,3,994658,SRS18304657,SAMN36440480,simple,1213622,bat metagenome,Sample_Pool-300,,,,,,,no,,,,,INSTITUTE OF PATHOGEN BIOLOGY CHINESE ACADEMY OF MEDICAL SCIENCES & PEKING UNION MEDICAL COLLEGE,SRA1673370,,public,5ECCEFA8C415884E975257795BCCC22D,32D9317E3C5F309604F23A7B3163940C
SRR25288767,2023-08-13 22:34:43,2023-07-15 00:04:52,20123745,6037123500,0,300,2261,,https://sra-downloadb.be-md.ncbi.nlm.nih.gov/sos5/sra-pub-zq-11/SRR025/25288/SRR25288767/SRR25288767.lite.1,SRX21032232,library_303,OTHER,RANDOM PCR,VIRAL RNA,SINGLE,0,0,ILLUMINA,HiSeq X Ten,SRP449640,PRJNA994658,3,994658,SRS18304661,SAMN36440483,simple,1213622,bat metagenome,Sample_Pool-303,,,,,,,no,,,,,INSTITUTE OF PATHOGEN BIOLOGY CHINESE ACADEMY OF MEDICAL SCIENCES & PEKING UNION MEDICAL COLLEGE,SRA1673370,,public,E59E4BBCFA43021D4E8BA39F72AE7536,C2A355419F4B2BC3C2D68EF94A2A86F8
SRR25288506,2023-08-13 22:34:42,2023-07-15 00:03:08,12693873,3808161900,0,300,1549,,https://sra-downloadb.be-md.ncbi.nlm.nih.gov/sos5/sra-pub-zq-11/SRR025/25288/SRR25288506/SRR25288506.lite.1,SRX21032120,library_327,OTHER,RANDOM PCR,VIRAL RNA,SINGLE,0,0,ILLUMINA,HiSeq X Ten,SRP449640,PRJNA994658,3,994658,SRS18304549,SAMN36440507,simple,1213622,bat metagenome,Sample_Pool-327,,,,,,,no,,,,,INSTITUTE OF PATHOGEN BIOLOGY CHINESE ACADEMY OF MEDICAL SCIENCES & PEKING UNION MEDICAL COLLEGE,SRA1673370,,public,993F812ABF5E7719B1D07F289619352A,54A0C054A24FB7C084D8BA508EACE09C
SRR24963268,2023-07-10 00:11:18,2023-06-19 22:32:49,34477504,10412206208,34477504,302,3253,,https://sra-downloadb.be-md.ncbi.nlm.nih.gov/sos5/sra-pub-zq-11/SRR024/24963/SRR24963268/SRR24963268.lite.1,SRX20721223,USDA1001,WGS,RANDOM,METAGENOMIC,PAIRED,0,0,ILLUMINA,Illumina NovaSeq 6000,SRP444541,PRJNA984925,,984925,SRS18012581,SAMN35783492,simple,1218275,bovine metagenome,USDA1001,,,,,,,no,,,,,UNIVERSITY OF MINNESOTA,SRA1658220,,public,2801540142D6AA9DFEDEA92F5CD30C7A,CFBBFAC7F4FDA59291D4444A1A76FB1E
SRR24956076,2023-07-10 00:11:10,2023-06-18 14:09:55,26215842,7917184284,26215842,302,2509,,https://sra-downloadb.be-md.ncbi.nlm.nih.gov/sos5/sra-pub-zq-11/SRR024/24956/SRR24956076/SRR24956076.lite.1,SRX20714153,USDA1211,WGS,RANDOM,METAGENOMIC,PAIRED,0,0,ILLUMINA,Illumina NovaSeq 6000,SRP444541,PRJNA984925,,984925,SRS18018925,SAMN35783836,simple,1218275,bovine metagenome,USDA1211,,,,,,,no,,,,,UNIVERSITY OF MINNESOTA,SRA1657809,,public,548FB4267432770C63A8D699349B95F7,4D4C58A61A29354C7330D1906B96DF78
SRR24956127,2023-07-10 00:11:08,2023-06-18 14:09:02,24995544,7548654288,24995544,302,2415,,https://sra-downloadb.be-md.ncbi.nlm.nih.gov/sos5/sra-pub-zq-11/SRR024/24956/SRR24956127/SRR24956127.lite.1,SRX20714100,USDA1472,WGS,RANDOM,METAGENOMIC,PAIRED,0,0,ILLUMINA,Illumina NovaSeq 6000,SRP444541,PRJNA984925,,984925,SRS18018865,SAMN35783853,simple,1218275,bovine metagenome,USDA1472,,,,,,,no,,,,,UNIVERSITY OF MINNESOTA,SRA1657809,,public,C658EF3CC169D4FCA9386B653621D118,640D21A7393CFAF5D41C79FDC529DD52
SRR24963189,2023-07-10 00:11:20,2023-06-19 22:29:39,30164685,9109734870,30164685,302,2891,,https://sra-downloadb.be-md.ncbi.nlm.nih.gov/sos5/sra-pub-zq-11/SRR024/24963/SRR24963189/SRR24963189.lite.1,SRX20721301,USDA1625,WGS,RANDOM,METAGENOMIC,PAIRED,0,0,ILLUMINA,Illumina NovaSeq 6000,SRP444541,PRJNA984925,,984925,SRS18012659,SAMN35783544,simple,1218275,bovine metagenome,USDA1625,,,,,,,no,,,,,UNIVERSITY OF MINNESOTA,SRA1658220,,public,128223A4D191A6348E272C2C3E4A6087,72F63014A9ACA2BB198CB87DC364C5ED
SRR24963462,2023-07-10 00:11:21,2023-06-19 22:32:59,32104754,9695635708,32104754,302,3040,,https://sra-downloadb.be-md.ncbi.nlm.nih.gov/sos5/sra-pub-zq-11/SRR024/24963/SRR24963462/SRR24963462.lite.1,SRX20721368,USDA1920,WGS,RANDOM,METAGENOMIC,PAIRED,0,0,ILLUMINA,Illumina NovaSeq 6000,SRP444541,PRJNA984925,,984925,SRS18012727,SAMN35783580,simple,1218275,bovine metagenome,USDA1920,,,,,,,no,,,,,UNIVERSITY OF MINNESOTA,SRA1658220,,public,E2AEBD8A868AAA8E9944CE0EEF3A1B9E,C90D7E78357024CCA8E4E9C39658258D
SRR24963500,2023-07-10 00:11:20,2023-06-19 22:26:09,24847709,7504008118,24847709,302,2401,,https://sra-downloadb.be-md.ncbi.nlm.nih.gov/sos5/sra-pub-zq-11/SRR024/24963/SRR24963500/SRR24963500.lite.1,SRX20721331,USDA2736,WGS,RANDOM,METAGENOMIC,PAIRED,0,0,ILLUMINA,Illumina NovaSeq 6000,SRP444541,PRJNA984925,,984925,SRS18012689,SAMN35783620,simple,1218275,bovine metagenome,USDA2736,,,,,,,no,,,,,UNIVERSITY OF MINNESOTA,SRA1658220,,public,DCEC8B76A80E7BA2B62E54D23CED229E,A3643CF8C36B098889C0869D7865D53F
SRR24963419,2023-07-10 00:11:23,2023-06-19 22:40:57,24135824,7289018848,24135824,302,2296,,https://sra-downloadb.be-md.ncbi.nlm.nih.gov/sos5/sra-pub-zq-11/SRR024/24963/SRR24963419/SRR24963419.lite.1,SRX20721410,USDA4387,WGS,RANDOM,METAGENOMIC,PAIRED,0,0,ILLUMINA,Illumina NovaSeq 6000,SRP444541,PRJNA984925,,984925,SRS18012767,SAMN35783697,simple,1218275,bovine metagenome,USDA4387,,,,,,,no,,,,,UNIVERSITY OF MINNESOTA,SRA1658220,,public,405C3872D779B7C81E996D4B12DD1122,51BE97E9E41AA6A2D61F8E9FB7D77502
SRR24956270,2023-07-10 00:11:15,2023-06-18 14:10:04,37830322,11424757244,37830322,302,3555,,https://sra-downloadb.be-md.ncbi.nlm.nih.gov/sos5/sra-pub-zq-11/SRR024/24956/SRR24956270/SRR24956270.lite.1,SRX20714298,USDA460,WGS,RANDOM,METAGENOMIC,PAIRED,0,0,ILLUMINA,Illumina NovaSeq 6000,SRP444541,PRJNA984925,,984925,SRS18019070,SAMN35783775,simple,1218275,bovine metagenome,USDA460,,,,,,,no,,,,,UNIVERSITY OF MINNESOTA,SRA1657809,,public,CEA43174E90E0BDC9FE2C241489D11C1,5432E5874DB1271AF021A8D998A4ECB6
SRR24963196,2023-07-10 00:11:20,2023-06-19 22:32:45,25101290,7580589580,25101290,302,2377,,https://sra-downloadb.be-md.ncbi.nlm.nih.gov/sos5/sra-pub-zq-11/SRR024/24963/SRR24963196/SRR24963196.lite.1,SRX20721293,USDA869,WGS,RANDOM,METAGENOMIC,PAIRED,0,0,ILLUMINA,Illumina NovaSeq 6000,SRP444541,PRJNA984925,,984925,SRS18012652,SAMN35783477,simple,1218275,bovine metagenome,USDA869,,,,,,,no,,,,,UNIVERSITY OF MINNESOTA,SRA1658220,,public,14BE1EDFAFD25101E9602051B69399DD,9B99BAC7EBF8C1EE993FC8862BAB22F7
SRR24955661,2023-07-10 00:11:06,2023-06-18 01:52:43,40190261,12137458822,40190261,302,3803,,https://sra-downloadb.be-md.ncbi.nlm.nih.gov/sos5/sra-pub-zq-11/SRR024/24955/SRR24955661/SRR24955661.lite.1,SRX20713844,USDA883,WGS,RANDOM,METAGENOMIC,PAIRED,0,0,ILLUMINA,Illumina NovaSeq 6000,SRP444541,PRJNA984925,,984925,SRS18006000,SAMN35784112,simple,1218275,bovine metagenome,USDA883,,,,,,,no,,,,,UNIVERSITY OF MINNESOTA,SRA1657788,,public,328DA233EA6657A4229C3A1CB30FE311,F58139E302A88576B94A79D8193D69AC
ERR11223860,2023-04-16 06:17:07,2023-07-27 04:30:43,504768975,150400038891,0,297,60530,,https://sra-downloadb.be-md.ncbi.nlm.nih.gov/sos8/sra-pub-zq-818/ERR011/11223/ERR11223860/ERR11223860.lite.1,ERX10648189,,WGS,RANDOM,GENOMIC,PAIRED,0,0,ILLUMINA,Illumina HiSeq X,ERP119159,PRJEB36029,,724105,ERS4950355,SAMEA7190122,simple,9615,Canis lupus familiaris,WI_34774,,,,,,,no,,,,,THE KENNEL CLUB GENETICS CENTRE,ERA21927561,,public,7A37DD6C147410FB1A846477E5D291D4,85C6BFF4CE7C8951F52B60CFA18D102C
ERR11203045,2023-04-13 18:00:07,2023-07-26 08:45:38,372284811,111685443300,372284811,300,35992,,https://sra-downloadb.be-md.ncbi.nlm.nih.gov/sos5/sra-pub-zq-14/ERR011/11203/ERR11203045/ERR11203045.lite.1,ERX10632429,,WGS,RANDOM,GENOMIC,PAIRED,0,0,ILLUMINA,Illumina NovaSeq 6000,ERP119159,PRJEB36029,,724105,ERS14718686,SAMEA112721120,simple,9615,Canis lupus familiaris,WI_37607,,,,,Female,,no,,,,,THE KENNEL CLUB GENETICS CENTRE,ERA21678716,,public,BDAF02761DBC5F32406A754F66EA6D4D,7E92B5AFADDF255D3FF08AD1E1EC1230
SRR24184640,2023-04-16 13:34:45,2023-04-16 13:26:18,256403513,76921053900,256403513,300,24331,,https://sra-downloadb.be-md.ncbi.nlm.nih.gov/sos4/sra-pub-zq-3/SRR024/24184/SRR24184640/SRR24184640.lite.1,SRX19982159,ZH006,WGS,RANDOM,GENOMIC,PAIRED,0,0,ILLUMINA,Illumina NovaSeq 6000,SRP432845,PRJNA949197,,949197,SRS17327765,SAMN33936142,simple,493776,Zhangixalus hui,ZH006,,,,,male,,no,,,,,CHINESE ACADEMY OF SCIENCES,SRA1618678,,public,5CE54DA2578F4F2EDDE9FCE14B8C472D,7EAEC75DB57648F5C608CA5AF91E1FE0
SRR25256522,2023-09-06 12:39:33,2023-07-13 09:55:31,352466479,105739943700,352466479,300,32539,,https://sra-downloadb.be-md.ncbi.nlm.nih.gov/sos9/sra-pub-zq-922/SRR025/25256/SRR25256522/SRR25256522.lite.1,SRX21002660,SGI11,WGS,PCR,GENOMIC,PAIRED,0,0,ILLUMINA,Illumina NovaSeq 6000,SRP449284,PRJNA962256,,962256,SRS18275794,SAMN34388426,simple,3043966,Manidae sp.,sample,,,,,,,no,,,,,YUNNAN UNIVERSITY,SRA1672067,,public,64CC85D5B8138F46E35196DBD604F82F,F9B6C42DE2A4158B38AF2AFE1A2FC29A
SRR25256528,2023-09-06 12:39:33,2023-07-13 09:48:01,302619210,90785763000,302619210,300,28812,,https://sra-downloadb.be-md.ncbi.nlm.nih.gov/sos9/sra-pub-zq-922/SRR025/25256/SRR25256528/SRR25256528.lite.1,SRX21002654,SGI04,WGS,PCR,GENOMIC,PAIRED,0,0,ILLUMINA,Illumina NovaSeq 6000,SRP449284,PRJNA962256,,962256,SRS18275794,SAMN34388426,simple,3043966,Manidae sp.,sample,,,,,,,no,,,,,YUNNAN UNIVERSITY,SRA1672067,,public,4D07E0A77A06436D99BA99F4F6026203,DBAF257DB320B315FFE9094726F465ED
SRR25256529,2023-09-06 12:39:33,2023-07-13 10:00:03,349561820,104868546000,349561820,300,32050,,https://sra-downloadb.be-md.ncbi.nlm.nih.gov/sos9/sra-pub-zq-922/SRR025/25256/SRR25256529/SRR25256529.lite.1,SRX21002652,SGI06,WGS,PCR,GENOMIC,PAIRED,0,0,ILLUMINA,Illumina NovaSeq 6000,SRP449284,PRJNA962256,,962256,SRS18275794,SAMN34388426,simple,3043966,Manidae sp.,sample,,,,,,,no,,,,,YUNNAN UNIVERSITY,SRA1672067,,public,D4FB972EDC858E3AEBBF47E9674B80F4,98BEAF48E4A119439BD6C5B883C966DE
SRR25256535,2023-09-06 12:39:33,2023-07-13 09:54:55,486482886,145944865800,486482886,300,45266,,https://sra-downloadb.be-md.ncbi.nlm.nih.gov/sos9/sra-pub-zq-922/SRR025/25256/SRR25256535/SRR25256535.lite.1,SRX21002647,PTE19,WGS,PCR,GENOMIC,PAIRED,0,0,ILLUMINA,Illumina NovaSeq 6000,SRP449284,PRJNA962256,,962256,SRS18275794,SAMN34388426,simple,3043966,Manidae sp.,sample,,,,,,,no,,,,,YUNNAN UNIVERSITY,SRA1672067,,public,64C8F784CD0C4891DAA4A8C4253C41A0,7E46E877B0F83F6098F45E1AF9E21448
SRR25256542,2023-09-06 12:39:33,2023-07-13 10:07:46,391544740,117463422000,391544740,300,36439,,https://sra-downloadb.be-md.ncbi.nlm.nih.gov/sos9/sra-pub-zq-922/SRR025/25256/SRR25256542/SRR25256542.lite.1,SRX21002640,PTE13,WGS,PCR,GENOMIC,PAIRED,0,0,ILLUMINA,Illumina NovaSeq 6000,SRP449284,PRJNA962256,,962256,SRS18275794,SAMN34388426,simple,3043966,Manidae sp.,sample,,,,,,,no,,,,,YUNNAN UNIVERSITY,SRA1672067,,public,39E27322F4C26C0F5E1603525239F393,7B1E833D15C53A93F5129475FF996A1B
SRR25256549,2023-09-06 12:39:33,2023-07-31 13:36:26,168131782,50439534600,168131782,300,32500,,https://sra-downloadb.be-md.ncbi.nlm.nih.gov/sos9/sra-pub-zq-922/SRR025/25256/SRR25256549/SRR25256549.lite.1,SRX21002633,PTE07,WGS,PCR,GENOMIC,PAIRED,0,0,BGISEQ,BGISEQ-500,SRP449284,PRJNA962256,,962256,SRS18275794,SAMN34388426,simple,3043966,Manidae sp.,sample,,,,,,,no,,,,,YUNNAN UNIVERSITY,SRA1672067,,public,547ACCA8E7B303F10777ABC16AC9A8B7,82AFBEEE01C9F7F85D2F6314A11A22A7
SRR25256551,2023-09-06 12:39:33,2023-07-13 09:53:42,348675478,104602643400,348675478,300,33108,,https://sra-downloadb.be-md.ncbi.nlm.nih.gov/sos9/sra-pub-zq-922/SRR025/25256/SRR25256551/SRR25256551.lite.1,SRX21002631,PTE05,WGS,PCR,GENOMIC,PAIRED,0,0,ILLUMINA,Illumina NovaSeq 6000,SRP449284,PRJNA962256,,962256,SRS18275794,SAMN34388426,simple,3043966,Manidae sp.,sample,,,,,,,no,,,,,YUNNAN UNIVERSITY,SRA1672067,,public,478ADDACD805BC5967498BC3D58145CD,A8B829E36A5C47ACDBBC90AC3BF11C72
SRR25256569,2023-09-06 12:39:32,2023-07-13 10:30:14,424520946,127356283800,424520946,300,38093,,https://sra-downloadb.be-md.ncbi.nlm.nih.gov/sos9/sra-pub-zq-922/SRR025/25256/SRR25256569/SRR25256569.lite.1,SRX21002613,PTR20,WGS,PCR,GENOMIC,PAIRED,0,0,ILLUMINA,Illumina NovaSeq 6000,SRP449284,PRJNA962256,,962256,SRS18275794,SAMN34388426,simple,3043966,Manidae sp.,sample,,,,,,,no,,,,,YUNNAN UNIVERSITY,SRA1672067,,public,8620FDEFAFF445E28E42D6BC3E73C83D,4460A1BF4F95B4943A58BF2B6070053E
SRR25256578,2023-09-06 12:39:32,2023-07-13 10:15:51,394635804,118390741200,394635804,300,38878,,https://sra-downloadb.be-md.ncbi.nlm.nih.gov/sos9/sra-pub-zq-922/SRR025/25256/SRR25256578/SRR25256578.lite.1,SRX21002604,MCR04,WGS,PCR,GENOMIC,PAIRED,0,0,ILLUMINA,Illumina NovaSeq 6000,SRP449284,PRJNA962256,,962256,SRS18275794,SAMN34388426,simple,3043966,Manidae sp.,sample,,,,,,,no,,,,,YUNNAN UNIVERSITY,SRA1672067,,public,D2FEDA88A12D40FC927B2F805083C752,DA6CC0CC35EE737286867A267D77A11B
SRR25256604,2023-09-06 12:39:31,2023-07-13 10:03:25,405967896,121790368800,405967896,300,38613,,https://sra-downloadb.be-md.ncbi.nlm.nih.gov/sos9/sra-pub-zq-922/SRR025/25256/SRR25256604/SRR25256604.lite.1,SRX21002578,MCR08,WGS,PCR,GENOMIC,PAIRED,0,0,ILLUMINA,Illumina NovaSeq 6000,SRP449284,PRJNA962256,,962256,SRS18275794,SAMN34388426,simple,3043966,Manidae sp.,sample,,,,,,,no,,,,,YUNNAN UNIVERSITY,SRA1672067,,public,CA44D554114DB9BF95D6EEB8AAD900DF,46B2640A36E6362241291C330446E7E4
SRR25256616,2023-09-06 12:39:31,2023-07-13 10:22:32,459875826,137962747800,459875826,300,44609,,https://sra-downloadb.be-md.ncbi.nlm.nih.gov/sos9/sra-pub-zq-922/SRR025/25256/SRR25256616/SRR25256616.lite.1,SRX21002566,SGI28,WGS,PCR,GENOMIC,PAIRED,0,0,ILLUMINA,Illumina NovaSeq 6000,SRP449284,PRJNA962256,,962256,SRS18275794,SAMN34388426,simple,3043966,Manidae sp.,sample,,,,,,,no,,,,,YUNNAN UNIVERSITY,SRA1672067,,public,2B2B89F30A4D9F206154976CA6359255,AAF1DEB36FD24935F48197DB228A90D2
SRR25256617,2023-09-06 12:39:31,2023-07-13 10:13:55,447197123,134159136900,447197123,300,41296,,https://sra-downloadb.be-md.ncbi.nlm.nih.gov/sos9/sra-pub-zq-922/SRR025/25256/SRR25256617/SRR25256617.lite.1,SRX21002565,SGI27,WGS,PCR,GENOMIC,PAIRED,0,0,ILLUMINA,Illumina NovaSeq 6000,SRP449284,PRJNA962256,,962256,SRS18275794,SAMN34388426,simple,3043966,Manidae sp.,sample,,,,,,,no,,,,,YUNNAN UNIVERSITY,SRA1672067,,public,D10AE3E707B80C82D98950AD52C89CA9,3AED2A94B54416574EE45041B2C2970D
SRR25461973,2023-09-06 12:39:33,2023-07-31 13:54:48,165261518,49578455400,165261518,300,31741,,https://sra-downloadb.be-md.ncbi.nlm.nih.gov/sos9/sra-pub-zq-922/SRR025/25461/SRR25461973/SRR25461973.lite.1,SRX21002633,PTE07,WGS,PCR,GENOMIC,PAIRED,0,0,BGISEQ,BGISEQ-500,SRP449284,PRJNA962256,,962256,SRS18275794,SAMN34388426,simple,3043966,Manidae sp.,sample,,,,,,,no,,,,,YUNNAN UNIVERSITY,SRA1672067,,public,AEE3B6C5F1D24DAA0B5687540C508F70,EF7F332CDA95FB42B01BAB12D71C960F
DRR472276,2023-08-22 17:51:03,2023-09-17 01:53:54,35809,15212161,34149,424,9,,https://sra-downloadb.be-md.ncbi.nlm.nih.gov/sos9/sra-pub-zq-922/DRR000/472/DRR472276/DRR472276.lite.1,DRX456505,lib025,Targeted-Capture,other,METAGENOMIC,PAIRED,200,0,ILLUMINA,Illumina HiSeq 2500,DRP010426,PRJDB15907,3,1008443,DRS320392,SAMD00613505,simple,256318,metagenome,SAMD00613505,,,,,,,no,,,,,NAGASAKI,DRA016362,,public,3A04497C0C19028906B6342915A3DA1C,3EB6D03CD562436D1EDFB5E0A2E75377
DRR472365,2023-08-22 17:51:03,2023-09-17 01:21:59,9464551,3312745148,9348700,350,2128,,https://sra-downloadb.be-md.ncbi.nlm.nih.gov/sos9/sra-pub-zq-922/DRR000/472/DRR472365/DRR472365.lite.1,DRX456594,lib222,Targeted-Capture,other,METAGENOMIC,PAIRED,200,0,ILLUMINA,Illumina HiSeq 2500,DRP010426,PRJDB15907,3,1008443,DRS320481,SAMD00613594,simple,256318,metagenome,SAMD00613594,,,,,,,no,,,,,NAGASAKI,DRA016362,,public,6163845D4E6A03D1A1370EC5B94D49D3,96392A739D6D2D1B61DDD5790B7428BC
DRR472482,2023-08-22 17:51:05,2023-09-17 00:59:58,51732,23109913,51036,446,12,,https://sra-downloadb.be-md.ncbi.nlm.nih.gov/sos9/sra-pub-zq-922/DRR000/472/DRR472482/DRR472482.lite.1,DRX456711,lib508,Targeted-Capture,other,METAGENOMIC,PAIRED,200,0,ILLUMINA,Illumina HiSeq 2500,DRP010426,PRJDB15907,3,1008443,DRS320598,SAMD00613711,simple,256318,metagenome,SAMD00613711,,,,,,,no,,,,,NAGASAKI,DRA016362,,public,FA4A5CD47A533F01D203453D05B54740,5504EF9F784D61E45D7CF698CA2F5DDA
DRR472567,2023-08-22 17:51:06,2023-09-17 01:07:26,78730,35633286,74036,452,21,,https://sra-downloadb.be-md.ncbi.nlm.nih.gov/sos9/sra-pub-zq-922/DRR000/472/DRR472567/DRR472567.lite.1,DRX456796,lib656,Targeted-Capture,other,METAGENOMIC,PAIRED,200,0,ILLUMINA,Illumina HiSeq 2500,DRP010426,PRJDB15907,3,1008443,DRS320683,SAMD00613796,simple,256318,metagenome,SAMD00613796,,,,,,,no,,,,,NAGASAKI,DRA016362,,public,E864E8D163FFBF66749A8F4C751AC131,2A7EF0583162F87D2DE112E726AA33FC
DRR472588,2023-08-22 17:51:06,2023-09-17 01:50:55,43035760,19131333943,41265249,444,12166,,https://sra-downloadb.be-md.ncbi.nlm.nih.gov/sos9/sra-pub-zq-922/DRR000/472/DRR472588/DRR472588.lite.1,DRX456817,lib694,Targeted-Capture,other,METAGENOMIC,PAIRED,200,0,ILLUMINA,Illumina HiSeq 2500,DRP010426,PRJDB15907,3,1008443,DRS320704,SAMD00613817,simple,256318,metagenome,SAMD00613817,,,,,,,no,,,,,NAGASAKI,DRA016362,,public,6C3A873F670545B70431AD49ED380E28,8346139BCEF9C7632D9C2B57B0D0CD5A
ERR11403158,2023-09-06 03:45:06,2023-09-09 06:02:08,334981632,100494489600,334981632,300,47843,,https://sra-downloadb.be-md.ncbi.nlm.nih.gov/sos1/sra-pub-zq-38/ERR011/11403/ERR11403158/ERR11403158.lite.1,ERX10810949,,WGS,RANDOM,GENOMIC,PAIRED,0,0,ILLUMINA,Illumina HiSeq 4000,ERP119159,PRJEB36029,,724105,ERS4950210,SAMEA7189977,simple,9615,Canis lupus familiaris,SAMEA7189977,,,,,,,no,,,,,THE KENNEL CLUB GENETICS CENTRE,ERA23268916,,public,A73B590C1B8F17DD596AC3C3CEE22513,B8F1FD43686295DE1A2E149C5CB2843F
ERR11284567,2023-09-05 19:50:41,2023-09-08 19:11:07,509148464,152117503363,509148464,298,60388,,https://sra-downloadb.be-md.ncbi.nlm.nih.gov/sos4/sra-pub-zq-3/ERR011/11284/ERR11284567/ERR11284567.lite.1,ERX10692176,,WGS,RANDOM,GENOMIC,PAIRED,0,0,ILLUMINA,Illumina HiSeq X,ERP119159,PRJEB36029,,724105,ERS4950441,SAMEA7190208,simple,9615,Canis lupus familiaris,SAMEA7190208,,,,,,,no,,,,,THE KENNEL CLUB GENETICS CENTRE,ERA23247218,,public,B76782145940AC87DCA9DCD9073D22FA,E72B64B65CEA60F3338CA46575B085ED
ERR11284570,2023-09-05 19:50:41,2023-10-02 07:58:58,509772251,152143969121,509772251,298,60584,,https://sra-downloadb.be-md.ncbi.nlm.nih.gov/sos1/sra-pub-zq-38/ERR011/11284/ERR11284570/ERR11284570.lite.1,ERX10692179,,WGS,RANDOM,GENOMIC,PAIRED,0,0,ILLUMINA,Illumina HiSeq X,ERP119159,PRJEB36029,,724105,ERS4950442,SAMEA7190209,simple,9615,Canis lupus familiaris,SAMEA7190209,,,,,,,no,,,,,THE KENNEL CLUB GENETICS CENTRE,ERA23247218,,public,4AE9AF712A259DD9777B36102BEECDC0,316612DD11C7674A1F4B4BBC326B6022
ERR11785783,2023-11-30 22:46:07,2023-12-04 06:47:59,207612350,61956579831,207612350,298,26525,,https://sra-downloadb.be-md.ncbi.nlm.nih.gov/sos9/sra-pub-zq-922/ERR011/11785/ERR11785783/ERR11785783.lite.1,ERX11184300,,OTHER,unspecified,GENOMIC,PAIRED,0,0,ILLUMINA,Illumina HiSeq 4000,ERP144275,PRJEB59220,,1046812,ERS14551776,SAMEA112441478,simple,9970,Syncerus caffer,3AFS_7,,,,,,,no,,,,,THE ROSLIN INSTITUTE,ERA26253215,,public,B35DE4ACF4424AD91EC1F7C32E9820B7,6ECA3E86395F5E0AD6286044A4D1621B
ERR11785766,2023-12-01 08:01:07,2023-12-05 04:03:28,212411534,63443909750,212411534,298,26683,,https://sra-downloadb.be-md.ncbi.nlm.nih.gov/sos1/sra-pub-zq-38/ERR011/11785/ERR11785766/ERR11785766.lite.1,ERX11184283,,OTHER,unspecified,GENOMIC,PAIRED,0,0,ILLUMINA,Illumina HiSeq 4000,ERP144275,PRJEB59220,,1046812,ERS14551793,SAMEA112441495,simple,9970,Syncerus caffer,AB42156826,,,,,,,no,,,,,THE ROSLIN INSTITUTE,ERA26253215,,public,E50E378F92C978170517160D82F2F7DD,F3172CF79A65B946999EF1667F64B083
ERR10857021,2023-09-16 14:56:42,2023-09-21 22:02:15,1627244,483928770,1627244,297,294,,https://sra-downloadb.be-md.ncbi.nlm.nih.gov/sos5/sra-pub-zq-11/ERR010/10857/ERR10857021/ERR10857021.lite.1,ERX10301742,None,WGS,RANDOM,METAGENOMIC,PAIRED,0,0,DNBSEQ,DNBSEQ-T7,ERP144436,PRJEB59406,,974795,ERS14606339,SAMEA112614013,simple,539655,human skin metagenome,SAMEA112614013,,,,,,,no,,,,,01LIFE,ERA20440706,,public,0534291F492FBD2E28E0534A7BAA9477,079E8210DC70CF7B62E2A875E665DFC2
ERR10856959,2023-09-16 14:56:42,2023-09-21 21:05:14,15322496,4575372728,15322496,298,2748,,https://sra-downloadb.be-md.ncbi.nlm.nih.gov/sos5/sra-pub-zq-11/ERR010/10856/ERR10856959/ERR10856959.lite.1,ERX10301680,None,WGS,RANDOM,METAGENOMIC,PAIRED,0,0,DNBSEQ,DNBSEQ-T7,ERP144436,PRJEB59406,,974795,ERS14606357,SAMEA112614031,simple,539655,human skin metagenome,SAMEA112614031,,,,,,,no,,,,,01LIFE,ERA20440706,,public,085A2BD6CD8C091A9F030D9B72B516DB,E240876B31122F0855841B1674D9FB35
ERR10942642,2023-09-16 16:08:54,2023-09-22 13:52:14,13417372,4052046344,13417372,302,1267,,https://sra-downloadb.be-md.ncbi.nlm.nih.gov/sos8/sra-pub-zq-820/ERR010/10942/ERR10942642/ERR10942642.lite.1,ERX10381951,9682AB,WGS,RANDOM,GENOMIC,PAIRED,0,0,ILLUMINA,Illumina NovaSeq 6000,ERP144627,PRJEB59576,,979529,ERS14600274,SAMEA112482923,simple,261737,Perodicticus potto ibeanus,SAMEA112482923,,,,,,,no,,,,,IBE(CSIC-UNIVERSITAT POMPEU FABRA),ERA20725256,,public,8E8D4C30319DD93793851483321E3917,61F57825AEEC4409B9B11767B2FE1723
ERR10942648,2023-09-16 16:08:54,2023-09-22 15:09:21,80444383,24294203666,80444383,302,7484,,https://sra-downloadb.be-md.ncbi.nlm.nih.gov/sos8/sra-pub-zq-820/ERR010/10942/ERR10942648/ERR10942648.lite.1,ERX10381957,9682AB,WGS,RANDOM,GENOMIC,PAIRED,0,0,ILLUMINA,Illumina NovaSeq 6000,ERP144627,PRJEB59576,,979529,ERS14600274,SAMEA112482923,simple,261737,Perodicticus potto ibeanus,SAMEA112482923,,,,,,,no,,,,,IBE(CSIC-UNIVERSITAT POMPEU FABRA),ERA20725256,,public,39BBC011126A5E5E6FECED0A179B0D75,ED5F4F69F56EE3E109CDDFB0B4DDCBFE
ERR10972965,2023-09-16 16:33:11,2023-09-23 18:22:31,770552077,232706727254,770552077,302,70057,,https://sra-downloadb.be-md.ncbi.nlm.nih.gov/sos5/sra-pub-zq-16/ERR010/10972/ERR10972965/ERR10972965.lite.1,ERX10410088,2552AE,WGS,RANDOM,GENOMIC,PAIRED,0,0,ILLUMINA,Illumina NovaSeq 6000,ERP144627,PRJEB59576,,979529,ERS14600391,SAMEA112483040,simple,449501,Tarsius dentatus,SAMEA112483040,,,,,,,no,,,,,IBE(CSIC-UNIVERSITAT POMPEU FABRA),ERA20756252,,public,3664057E233F1CD2F7D7A055C2AA3989,EFB59ADCA1C642F660878478F626BA52
SRR25288764,2023-08-13 22:34:44,2023-07-15 00:02:39,17580056,5274016800,0,300,2078,,https://sra-downloadb.be-md.ncbi.nlm.nih.gov/sos5/sra-pub-zq-11/SRR025/25288/SRR25288764/SRR25288764.lite.1,SRX21032441,library_53,OTHER,RANDOM PCR,VIRAL RNA,SINGLE,0,0,ILLUMINA,HiSeq X Ten,SRP449640,PRJNA994658,3,994658,SRS18304872,SAMN36440233,simple,1213622,bat metagenome,Sample_Pool-053,,,,,,,no,,,,,INSTITUTE OF PATHOGEN BIOLOGY CHINESE ACADEMY OF MEDICAL SCIENCES & PEKING UNION MEDICAL COLLEGE,SRA1673370,,public,880991DAA2912DA3BDA75B3428471835,8CD287C4A25247D5B1B3C63E5CB4167C
SRR25288642,2023-08-13 22:34:43,2023-07-15 00:03:09,16422760,4926828000,0,300,1736,,https://sra-downloadb.be-md.ncbi.nlm.nih.gov/sos5/sra-pub-zq-11/SRR025/25288/SRR25288642/SRR25288642.lite.1,SRX21032355,library_152,OTHER,RANDOM PCR,VIRAL RNA,SINGLE,0,0,ILLUMINA,HiSeq X Ten,SRP449640,PRJNA994658,3,994658,SRS18304785,SAMN36440332,simple,1213622,bat metagenome,Sample_Pool-152,,,,,,,no,,,,,INSTITUTE OF PATHOGEN BIOLOGY CHINESE ACADEMY OF MEDICAL SCIENCES & PEKING UNION MEDICAL COLLEGE,SRA1673370,,public,37194F922525F29C4C155AB6D1A0C1EE,ABF92F2A38E4C056C25D0E2FA0114D59
SRR25288621,2023-08-13 22:34:43,2023-07-15 00:02:55,17308886,5192665800,0,300,1888,,https://sra-downloadb.be-md.ncbi.nlm.nih.gov/sos5/sra-pub-zq-11/SRR025/25288/SRR25288621/SRR25288621.lite.1,SRX21032376,library_171,OTHER,RANDOM PCR,VIRAL RNA,SINGLE,0,0,ILLUMINA,HiSeq X Ten,SRP449640,PRJNA994658,3,994658,SRS18304807,SAMN36440351,simple,1213622,bat metagenome,Sample_Pool-171,,,,,,,no,,,,,INSTITUTE OF PATHOGEN BIOLOGY CHINESE ACADEMY OF MEDICAL SCIENCES & PEKING UNION MEDICAL COLLEGE,SRA1673370,,public,01C16FFDC12A42FB6BE573D9E66C0B96,81E55ABA03BA9AA8737C8A46CE7B7E7A
SRR25288616,2023-08-13 22:34:44,2023-07-15 00:03:26,17109986,5132995800,0,300,1854,,https://sra-downloadb.be-md.ncbi.nlm.nih.gov/sos5/sra-pub-zq-11/SRR025/25288/SRR25288616/SRR25288616.lite.1,SRX21032381,library_176,OTHER,RANDOM PCR,VIRAL RNA,SINGLE,0,0,ILLUMINA,HiSeq X Ten,SRP449640,PRJNA994658,3,994658,SRS18304815,SAMN36440356,simple,1213622,bat metagenome,Sample_Pool-176,,,,,,,no,,,,,INSTITUTE OF PATHOGEN BIOLOGY CHINESE ACADEMY OF MEDICAL SCIENCES & PEKING UNION MEDICAL COLLEGE,SRA1673370,,public,1AB52C3B71AD3F6E6C1741E9DAD07D5F,059FA64386AC24ADD3367EEBEF33E028
SRR25288600,2023-08-13 22:34:44,2023-07-15 00:02:32,17205064,5161519200,0,300,2172,,https://sra-downloadb.be-md.ncbi.nlm.nih.gov/sos5/sra-pub-zq-11/SRR025/25288/SRR25288600/SRR25288600.lite.1,SRX21032397,library_268,OTHER,RANDOM PCR,VIRAL RNA,SINGLE,0,0,ILLUMINA,HiSeq X Ten,SRP449640,PRJNA994658,3,994658,SRS18304826,SAMN36440448,simple,1213622,bat metagenome,Sample_Pool-268,,,,,,,no,,,,,INSTITUTE OF PATHOGEN BIOLOGY CHINESE ACADEMY OF MEDICAL SCIENCES & PEKING UNION MEDICAL COLLEGE,SRA1673370,,public,047D66E7899E88E2770939B8084E9984,F29FEE13D31A0600510E49057125B061
SRR25318379,2023-07-20 05:41:41,2023-07-20 05:28:44,29499741,8849922300,29499741,300,2751,,https://sra-downloadb.be-md.ncbi.nlm.nih.gov/sos4/sra-pub-zq-5/SRR025/25318/SRR25318379/SRR25318379.lite.1,SRX21060553,A64,WGS,RANDOM,METAGENOMIC,PAIRED,0,0,ILLUMINA,Illumina HiSeq 4000,SRP450044,PRJNA816261,,816261,SRS18331182,SAMN26665686,simple,59652,Ixodes ovatus,A64,,,,,,,no,,,,,SUN YAT-SEN UNIVERSITY,SRA1387030,,public,F51D9F1775404F0EC991E9AF2C6F3148,706A7AD1780D6041CE8AD35071016C54
SRR25460196,2023-07-31 04:54:20,2023-07-31 04:50:39,926703,219553729,919333,236,83,,https://sra-downloadb.be-md.ncbi.nlm.nih.gov/sos1/sra-pub-zq-38/SRR025/25460/SRR25460196/SRR25460196.lite.1,SRX21193213,P2029_1069,WGS,PCR,METAGENOMIC,PAIRED,0,0,ILLUMINA,Illumina HiSeq 2500,SRP452208,PRJNA1000281,,1000281,SRS18452230,SAMN36766327,simple,646099,human metagenome,MAARS_1_037_02,,,,,,,no,,,,,KAROLINSKA INSTITUTET,SRA1682908,,public,8102D4967D4F89F44B4C6E9C6D4865A6,2C7EFAD7B9F1CC60D95A0A27E6404587
SRR25648973,2023-08-15 18:32:39,2023-08-15 18:28:58,55145805,16543741500,55145805,300,5480,,https://sra-downloadb.be-md.ncbi.nlm.nih.gov/sos5/sra-pub-zq-11/SRR025/25648/SRR25648973/SRR25648973.lite.1,SRX21375102,falco_sparverius_000,WGS,RANDOM,GENOMIC,PAIRED,0,0,ILLUMINA,HiSeq X Ten,SRP455241,PRJNA959111,3,959111,SRS18618194,SAMN36994626,simple,56350,Falco sparverius,Falco sparverius,,,,,missing,,no,,,,,IRIDIAN GENOMES,SRA1693330,,public,EAE588F81E03AA9767778AEBF9186C5F,BC78BF8C899E6183EB1C15A51525550B
SRR25661111,2023-08-17 09:16:04,2023-08-17 09:13:00,66564355,19969306500,66564355,300,6570,,https://sra-downloadb.be-md.ncbi.nlm.nih.gov/sos4/sra-pub-zq-7/SRR025/25661/SRR25661111/SRR25661111.lite.1,SRX21386982,aquila_rapax_000,WGS,RANDOM,GENOMIC,PAIRED,0,0,ILLUMINA,HiSeq X Ten,SRP455509,PRJNA831138,3,831138,SRS18627554,SAMN37016279,simple,252781,Aquila rapax,Aquila rapax belisarius,,,,,not determined,,no,,,,,IRIDIAN GENOMES,SRA1694131,,public,BA57A3A70AB369190E567A329110CA76,5FA05B28FFA34FC1DB4AFFF01621A63D
SRR25662783,2023-08-17 11:52:07,2023-08-17 11:44:53,71203793,21361137900,71203793,300,7150,,https://sra-downloadb.be-md.ncbi.nlm.nih.gov/sos4/sra-pub-zq-7/SRR025/25662/SRR25662783/SRR25662783.lite.1,SRX21388476,aquila_gurneyi_000,WGS,RANDOM,GENOMIC,PAIRED,0,0,ILLUMINA,HiSeq X Ten,SRP455541,PRJNA831133,3,831133,SRS18629038,SAMN36970037,simple,321090,Aquila gurneyi,Aquila gurneyi,,,,,not determined,,no,,,,,IRIDIAN GENOMES,SRA1694216,,public,A0DFF1CC3A0653C3371640160EA9FCD2,D2BB33D1CE277EB6E0B10172AD472C90
SRR25664442,2023-08-17 14:10:20,2023-08-17 14:03:32,84938973,25481691900,84938973,300,8693,,https://sra-downloadb.be-md.ncbi.nlm.nih.gov/sos4/sra-pub-zq-7/SRR025/25664/SRR25664442/SRR25664442.lite.1,SRX21390127,accipiter_madagascariensis_000,WGS,RANDOM,GENOMIC,PAIRED,0,0,ILLUMINA,HiSeq X Ten,SRP455612,PRJNA797801,3,797801,SRS18630566,SAMN36970060,simple,993370,Accipiter madagascariensis,Accipiter madagascariensis,,,,,not determined,,no,,,,,IRIDIAN GENOMES,SRA1694433,,public,2A4595A523AB0D14872DC871E678D3ED,F6EB942379B2A5DF315EAC558479774E
SRR25737668,2023-09-08 00:01:18,2023-08-23 04:49:15,81454481,24436344300,81454481,300,7360,,https://sra-downloadb.be-md.ncbi.nlm.nih.gov/sos8/sra-pub-zq-820/SRR025/25737/SRR25737668/SRR25737668.lite.1,SRX21461148,SX41,WGS,RANDOM,GENOMIC,PAIRED,0,0,ILLUMINA,HiSeq X Ten,SRP456582,PRJNA1008404,,1008404,SRS18696729,SAMN37118857,simple,64176,Podarcis muralis,SX41,,,,,male,,no,,,,,LUND UNIVERSITY,SRA1697861,,public,498812B71F19AF1D7D4E681986240B2B,20CC402BB58DF113D028D32465318299
SRR25936516,2023-09-07 04:42:25,2023-09-07 04:35:00,23472690,7041807000,23472690,300,3000,,https://sra-downloadb.be-md.ncbi.nlm.nih.gov/sos4/sra-pub-zq-5/SRR025/25936/SRR25936516/SRR25936516.lite.1,SRX21655333,EMR_04_22_RS,WGS,RANDOM,METAGENOMIC,PAIRED,0,0,ILLUMINA,Illumina HiSeq 3000,SRP458982,PRJNA1013332,,1013332,SRS18823714,SAMN37295772,simple,539655,human skin metagenome,EMR_04_22_RS,,,,,,,no,,,,,BASF METABOLOME SOLUTIONS GMBH,SRA1705778,,public,611AA3C947BDBEFBDA1C49E52DFB59C5,E6C752E30C378FD2FAF196C09FCD9E63
SRR26070879,2023-10-16 13:20:45,2023-09-15 12:59:48,37244561,11247857422,37244561,302,3421,,https://sra-downloadb.be-md.ncbi.nlm.nih.gov/sos1/sra-pub-zq-38/SRR026/26070/SRR26070879/SRR26070879.lite.1,SRX21786731,798_S107_R1,WGS,RANDOM,GENOMIC,PAIRED,0,0,ILLUMINA,Illumina NovaSeq 6000,SRP460762,PRJNA1017835,,1017835,SRS18889175,SAMN37410790,simple,447135,Myodes glareolus,798,,,,,not determined,,no,,,,,INSTITUTE OF ANIMAL PHYSIOLOGY AND GENETICS CAS,SRA1712867,,public,65682FF0DF4B07954B09E8DF37D8209D,FB124D0A83ACE8C880268CFFEAA30E53
SRR26208199,2023-10-04 00:00:25,2023-09-28 16:05:29,11394825,3441237150,11394825,302,1186,,https://sra-downloadb.be-md.ncbi.nlm.nih.gov/sos9/sra-pub-zq-922/SRR026/26208/SRR26208199/SRR26208199.lite.1,SRX21919209,BEN1533_1_L19347091,WGS,RANDOM,METAGENOMIC,PAIRED,500,50,ILLUMINA,Illumina NovaSeq 6000,SRP463000,PRJNA971252,,971252,SRS19003927,SAMN35319562,simple,1338477,skin metagenome,Met6204,,,,,,,no,,,,,NISC,SRA1722322,,public,4DECFDA0BD7E0EF23C8166D6B9A7B1B6,4F3E0B9548A9F0B3EA3ACDC27291BB9D
SRR26208200,2023-10-04 00:00:25,2023-09-28 16:27:19,14607368,4411425136,14607368,302,1503,,https://sra-downloadb.be-md.ncbi.nlm.nih.gov/sos9/sra-pub-zq-922/SRR026/26208/SRR26208200/SRR26208200.lite.1,SRX21919209,BEN1533_1_L19347091,WGS,RANDOM,METAGENOMIC,PAIRED,500,50,ILLUMINA,Illumina NovaSeq 6000,SRP463000,PRJNA971252,,971252,SRS19003927,SAMN35319562,simple,1338477,skin metagenome,Met6204,,,,,,,no,,,,,NISC,SRA1722322,,public,302527500FE6A511093D75DD1CACD84E,EDE9D7F93AB510A1BAAB52FB4ED64B17
SRR26349144,2023-10-12 00:15:28,2023-10-11 23:57:08,170839307,34509540014,170839307,202,10290,,https://sra-downloadb.be-md.ncbi.nlm.nih.gov/sos1/sra-pub-zq-38/SRR026/26349/SRR26349144/SRR26349144.lite.1,SRX22056800,Infected-Head kidney-1,RNA-Seq,PCR,TRANSCRIPTOMIC,PAIRED,0,0,ILLUMINA,Illumina NovaSeq 6000,SRP465648,PRJNA1023856,,1023856,SRS19126908,SAMN37674716,simple,8103,Cyclopterus lumpus,Infected_head kidney_1,,,,,not applicable,,no,,,,,MEMORIAL UNIVERSITY,SRA1728342,,public,88EC7A3BEAF155B06242A5BBDA9FF4B6,084AA2AD75FE88C3F487B9C9266B52F2
SRR26395441,2023-11-15 09:39:02,2023-10-16 15:29:40,571100969,171330290700,0,300,89025,,https://sra-downloadb.be-md.ncbi.nlm.nih.gov/sos1/sra-pub-zq-38/SRR026/26395/SRR26395441/SRR26395441.lite.1,SRX22101296,DD4,WGS,RANDOM,GENOMIC,PAIRED,0,0,ILLUMINA,Illumina NovaSeq X,SRP466531,PRJNA1027560,3,1027560,SRS19166392,SAMN37799968,simple,273792,Potamochoerus larvatus,GForUga00157,,,,,not applicable,,no,,,,,UNIVERSITY OF COPENHAGEN,SRA1732373,,public,35B07AFCFBDEC0ECBF741BAFFF9CBAFF,7F411E94ADFEDDB6B32E6ABE51D6462C
SRR26395417,2023-11-15 09:39:02,2023-10-16 15:16:41,724053711,217216113300,0,300,115329,,https://sra-downloadb.be-md.ncbi.nlm.nih.gov/sos1/sra-pub-zq-38/SRR026/26395/SRR26395417/SRR26395417.lite.1,SRX22101320,DD10,WGS,RANDOM,GENOMIC,PAIRED,0,0,ILLUMINA,Illumina HiSeq 2500,SRP466531,PRJNA1027560,3,1027560,SRS19166416,SAMN37799974,simple,273792,Potamochoerus larvatus,xxxxEth00163,,,,,not applicable,,no,,,,,UNIVERSITY OF COPENHAGEN,SRA1732373,,public,2A146DF5CB258B23486360FFF7EFA72F,91A1922C8FB304817307F8B1D054180A
SRR26397420,2023-10-16 16:49:44,2023-10-16 15:55:13,3499780,790914524,3499780,225,340,,https://sra-downloadb.be-md.ncbi.nlm.nih.gov/sos1/sra-pub-zq-38/SRR026/26397/SRR26397420/SRR26397420.lite.1,SRX22103224,VN17-420,RNA-Seq,RANDOM PCR,METAGENOMIC,PAIRED,0,0,ILLUMINA,NextSeq 550,SRP466560,PRJNA1027129,,1027129,SRS19168319,SAMN37779231,simple,1213622,bat metagenome,Rt17DN420,,,,,,,no,,,,,UNIVERSITY OF PECS,SRA1732747,,public,23077FCDF0CA84E1245FC7660CDFC5DD,57DD058D7B78405E889EA8056392F760
SRR26638132,2023-11-02 07:03:08,2023-11-02 06:54:20,49235861,14535648314,49235861,295,4660,,https://sra-downloadb.be-md.ncbi.nlm.nih.gov/sos9/sra-pub-zq-924/SRR026/26638/SRR26638132/SRR26638132.lite.1,SRX22338540,2-HW8-Oct18-virus,WGS,RANDOM,METAGENOMIC,PAIRED,0,0,ILLUMINA,Illumina NovaSeq 6000,SRP469819,PRJNA1033037,,1033037,SRS19388200,SAMN37973244,simple,1755691,hospital metagenome,2-HW8-Oct18-virus,,,,,,,no,,,,,CHINESE CENTER FOR DISEASE CONTROL AND PREVENTION,SRA1743740,,public,A9FBD9319776E8F850AC117AD72D860F,91563BD6BF50D3DBCB4FFE1AFEF75ED6
SRR26728132,2023-11-08 18:54:47,2023-11-08 17:03:02,2753512,979262603,2753512,355,381,,https://sra-downloadb.be-md.ncbi.nlm.nih.gov/sos9/sra-pub-zq-924/SRR026/26728/SRR26728132/SRR26728132.lite.1,SRX22427038,P12653_1004,WGS,other,METAGENOMIC,PAIRED,0,0,ILLUMINA,Illumina MiSeq,SRP470857,PRJNA1036630,,1036630,SRS19458587,SAMN38144596,simple,646099,human metagenome,P12653_1004,,,,,,,no,,,,,KAROLINSKA INSTITUTET,SRA1747714,,public,822C959855FCD326806F5A95EA379389,90B1DC9ECF94727E644CD566CF6A32CE
SRR26848396,2023-11-16 10:02:32,2023-11-16 09:29:56,2668153,745160923,2668153,279,258,,https://sra-downloadb.be-md.ncbi.nlm.nih.gov/sos1/sra-pub-zq-38/SRR026/26848/SRR26848396/SRR26848396.lite.1,SRX22543977,LB90,WGS,RANDOM,METAGENOMIC,PAIRED,0,0,ILLUMINA,Illumina NovaSeq 6000,SRP472320,PRJNA1040852,3,1040852,SRS19553449,SAMN38266958,simple,256318,metagenome,V53D,,,,,,,no,,,,,THE JACKSON LABORATORY,SRA1752074,,public,467365C33D30909E3717CF9F767E571C,94AED65AC1B2B6BE74BD527188369CE7
