id,label,xref
DOID:0001816,angiosarcoma,ICDO:9120/3
DOID:0001816,angiosarcoma,MESH:D006394
DOID:0001816,angiosarcoma,NCI:C3088
DOID:0001816,angiosarcoma,NCI:C9275
DOID:0001816,angiosarcoma,SNOMEDCT_US_2023_03_01:39000009
DOID:0001816,angiosarcoma,UMLS_CUI:C0018923
DOID:0001816,angiosarcoma,UMLS_CUI:C0854893
DOID:0050387,nonpapillary renal cell carcinoma,MIM:144700
DOID:0050458,juvenile myelomonocytic leukemia,GARD:9884
DOID:0050458,juvenile myelomonocytic leukemia,ICD10CM:C93.3
DOID:0050458,juvenile myelomonocytic leukemia,ICDO:9946/3
DOID:0050458,juvenile myelomonocytic leukemia,MESH:D054429
DOID:0050458,juvenile myelomonocytic leukemia,MIM:607785
DOID:0050458,juvenile myelomonocytic leukemia,NCI:C9233
DOID:0050458,juvenile myelomonocytic leukemia,SNOMEDCT_US_2023_03_01:445227008
DOID:0050458,juvenile myelomonocytic leukemia,UMLS_CUI:C0349639
DOID:0050523,adult T-cell leukemia/lymphoma,GARD:13103
DOID:0050523,adult T-cell leukemia/lymphoma,ICD10CM:C91.5
DOID:0050523,adult T-cell leukemia/lymphoma,ICDO:9827/3
DOID:0050523,adult T-cell leukemia/lymphoma,MESH:D015459
DOID:0050523,adult T-cell leukemia/lymphoma,NCI:C3184
DOID:0050523,adult T-cell leukemia/lymphoma,SNOMEDCT_US_2023_03_01:77430005
DOID:0050523,adult T-cell leukemia/lymphoma,UMLS_CUI:C0023493
DOID:0050547,familial medullary thyroid carcinoma,MESH:C536911
DOID:0050547,familial medullary thyroid carcinoma,MIM:155240
DOID:0050619,paranasal sinus cancer,MESH:D010255
DOID:0050619,paranasal sinus cancer,NCI:C6014
DOID:0050619,paranasal sinus cancer,NCI:C6017
DOID:0050619,paranasal sinus cancer,NCI:C6018
DOID:0050619,paranasal sinus cancer,NCI:C6019
DOID:0050619,paranasal sinus cancer,NCI:C8193
DOID:0050619,paranasal sinus cancer,SNOMEDCT_US_2023_03_01:1255092002
DOID:0050619,paranasal sinus cancer,UMLS_CUI:C0280334
DOID:0050619,paranasal sinus cancer,UMLS_CUI:C0854995
DOID:0050619,paranasal sinus cancer,UMLS_CUI:C1335336
DOID:0050619,paranasal sinus cancer,UMLS_CUI:C1335337
DOID:0050619,paranasal sinus cancer,UMLS_CUI:C1335340
DOID:0050625,biliary tract benign neoplasm,NCI:C4441
DOID:0050625,biliary tract benign neoplasm,SNOMEDCT_US_2023_03_01:126855001
DOID:0050625,biliary tract benign neoplasm,UMLS_CUI:C0345913
DOID:0050685,small cell carcinoma,ICDO:8041/3
DOID:0050685,small cell carcinoma,NCI:C4099
DOID:0050685,small cell carcinoma,SNOMEDCT_US_2023_03_01:5958006
DOID:0050685,small cell carcinoma,UMLS_CUI:C0334239
DOID:0050686,organ system cancer,MESH:D009371
DOID:0050744,anaplastic large cell lymphoma,ICDO:9714/3
DOID:0050744,anaplastic large cell lymphoma,NCI:C3720
DOID:0050745,diffuse large B-cell lymphoma,GARD:3178
DOID:0050745,diffuse large B-cell lymphoma,ICD11:2A81.Z
DOID:0050745,diffuse large B-cell lymphoma,ICDO:9680/3
DOID:0050745,diffuse large B-cell lymphoma,MESH:D016403
DOID:0050745,diffuse large B-cell lymphoma,NCI:C80280
DOID:0050746,mantle cell lymphoma,GARD:6969
DOID:0050746,mantle cell lymphoma,ICDO:9673/3
DOID:0050746,mantle cell lymphoma,MESH:D020522
DOID:0050748,marginal zone lymphoma,ICDO:9699/3
DOID:0050748,marginal zone lymphoma,MESH:D018442
DOID:0050749,peripheral T-cell lymphoma,GARD:7368
DOID:0050750,splenic marginal zone lymphoma,NCI:C4663
DOID:0050751,T-cell large granular lymphocyte leukemia,ICDO:9831/3
DOID:0050751,T-cell large granular lymphocyte leukemia,NCI:C4664
DOID:0050771,pheochromocytoma,GARD:7385
DOID:0050771,pheochromocytoma,ICDO:8700/0
DOID:0050771,pheochromocytoma,MESH:D010673
DOID:0050771,pheochromocytoma,MIM:171300
DOID:0050773,paraganglioma,ICDO:8680/3
DOID:0050773,paraganglioma,MESH:D010235
DOID:0050773,paraganglioma,MIM:115310
DOID:0050773,paraganglioma,MIM:168000
DOID:0050773,paraganglioma,MIM:601650
DOID:0050773,paraganglioma,MIM:605373
DOID:0050773,paraganglioma,MIM:614165
DOID:0050773,paraganglioma,MIM:PS168000
DOID:0050773,paraganglioma,NCI:C3308
DOID:0050773,paraganglioma,SNOMEDCT_US_2023_03_01:302833002
DOID:0050773,paraganglioma,UMLS_CUI:C0030421
DOID:0050861,colorectal adenocarcinoma,NCI:C5105
DOID:0050861,colorectal adenocarcinoma,SNOMEDCT_US_2023_03_01:408645001
DOID:0050861,colorectal adenocarcinoma,UMLS_CUI:C1319315
DOID:0050865,tongue squamous cell carcinoma,NCI:C4648
DOID:0050865,tongue squamous cell carcinoma,SNOMEDCT_US_2023_03_01:276952000
DOID:0050865,tongue squamous cell carcinoma,UMLS_CUI:C0349566
DOID:0050866,oral squamous cell carcinoma,GARD:7263
DOID:0050869,villous adenoma,ICDO:8261/0
DOID:0050871,fibroma,ICDO:8810/0
DOID:0050871,fibroma,MESH:D005350
DOID:0050872,large cell neuroendocrine carcinoma,ICDO:8013/3
DOID:0050873,follicular lymphoma,GARD:2356
DOID:0050873,follicular lymphoma,ICDO:9690/3
DOID:0050873,follicular lymphoma,MESH:D008224
DOID:0050873,follicular lymphoma,MIM:151430
DOID:0050891,adrenal cortical adenoma,ICDO:8370/0
DOID:0050894,ameloblastoma,GARD:5747
DOID:0050894,ameloblastoma,ICDO:9310/0
DOID:0050894,ameloblastoma,MESH:D000564
DOID:0050902,medulloblastoma,GARD:7005
DOID:0050902,medulloblastoma,ICDO:9470/3
DOID:0050902,medulloblastoma,MESH:D008527
DOID:0050902,medulloblastoma,MESH:D018242
DOID:0050902,medulloblastoma,MIM:155255
DOID:0050902,medulloblastoma,NCI:C27294
DOID:0050902,medulloblastoma,NCI:C3222
DOID:0050902,medulloblastoma,NCI:C3716
DOID:0050902,medulloblastoma,ORDO:616
DOID:0050902,medulloblastoma,SNOMEDCT_US_2023_03_01:189925001
DOID:0050902,medulloblastoma,SNOMEDCT_US_2023_03_01:443333004
DOID:0050902,medulloblastoma,UMLS_CUI:C0025149
DOID:0050902,medulloblastoma,UMLS_CUI:C0206663
DOID:0050902,medulloblastoma,UMLS_CUI:C1334410
DOID:0050905,inflammatory myofibroblastic tumor,GARD:7146
DOID:0050908,myelodysplastic syndrome,GARD:7132
DOID:0050908,myelodysplastic syndrome,ICDO:9989/3
DOID:0050908,myelodysplastic syndrome,MESH:D009190
DOID:0050908,myelodysplastic syndrome,MIM:614286
DOID:0050908,myelodysplastic syndrome,UMLS_CUI:C2713368
DOID:0050909,extranodal marginal zone lymphoma of mucosa-associated lymphoid tissue,ICDO:9699/3
DOID:0050909,extranodal marginal zone lymphoma of mucosa-associated lymphoid tissue,MIM:137245
DOID:0050909,extranodal marginal zone lymphoma of mucosa-associated lymphoid tissue,NCI:C3898
DOID:0050915,rectal adenoma,NCI:C5546
DOID:0050925,small intestine carcinoid neuroendocrine tumor,MIM:114900
DOID:0050938,breast lobular carcinoma,ICDO:8520/3
DOID:0050938,breast lobular carcinoma,NCI:C3771
DOID:0060058,lymphoma,ICD10CM:C85.9
DOID:0060058,lymphoma,ICDO:9590/3
DOID:0060058,lymphoma,MESH:D008223
DOID:0060058,lymphoma,NCI:C3208
DOID:0060058,lymphoma,NCI:C7065
DOID:0060058,lymphoma,SNOMEDCT_US_2023_03_01:118600007
DOID:0060058,lymphoma,SNOMEDCT_US_2023_03_01:414628006
DOID:0060058,lymphoma,UMLS_CUI:C0024299
DOID:0060058,lymphoma,UMLS_CUI:C0598798
DOID:0060060,non-Hodgkin lymphoma,ICD10CM:C85.9
DOID:0060060,non-Hodgkin lymphoma,ICDO:9591/3
DOID:0060060,non-Hodgkin lymphoma,MESH:D008228
DOID:0060060,non-Hodgkin lymphoma,MIM:605027
DOID:0060060,non-Hodgkin lymphoma,NCI:C3211
DOID:0060060,non-Hodgkin lymphoma,ORDO:547
DOID:0060060,non-Hodgkin lymphoma,SNOMEDCT_US_2023_03_01:118601006
DOID:0060060,non-Hodgkin lymphoma,UMLS_CUI:C0024305
DOID:0060061,primary cutaneous T-cell non-Hodgkin lymphoma,GARD:6226
DOID:0060061,primary cutaneous T-cell non-Hodgkin lymphoma,MESH:D016410
DOID:0060061,primary cutaneous T-cell non-Hodgkin lymphoma,NCI:C3467
DOID:0060083,immune system cancer,ICDO:9392/3
DOID:0060085,organ system benign neoplasm,NCI:C3677
DOID:0060098,osteoblastoma,ICDO:9200/0
DOID:0060098,osteoblastoma,MESH:D018215
DOID:0060103,central nervous system embryonal tumor,ICDO:9473/3
DOID:0060103,central nervous system embryonal tumor,NCI:C5398
DOID:0060119,pharynx cancer,MESH:D010610
DOID:0060119,pharynx cancer,NCI:C3325
DOID:0060119,pharynx cancer,SNOMEDCT_US_2023_03_01:126685009
DOID:0060119,pharynx cancer,UMLS_CUI:C0031347
DOID:0060123,connective tissue benign neoplasm,MESH:D012983
DOID:0060123,connective tissue benign neoplasm,NCI:C3377
DOID:0060123,connective tissue benign neoplasm,SNOMEDCT_US_2023_03_01:126600002
DOID:0060123,connective tissue benign neoplasm,UMLS_CUI:C0037579
DOID:0060318,acute promyelocytic leukemia,GARD:538
DOID:0060318,acute promyelocytic leukemia,ICD10CM:C92.4
DOID:0060318,acute promyelocytic leukemia,MESH:D015473
DOID:0060318,acute promyelocytic leukemia,MIM:612376
DOID:0060318,acute promyelocytic leukemia,NCI:C3182
DOID:0060318,acute promyelocytic leukemia,ORDO:520
DOID:0060318,acute promyelocytic leukemia,SNOMEDCT_US_2023_03_01:28950004
DOID:0060318,acute promyelocytic leukemia,UMLS_CUI:C0023487
DOID:0060463,NUT midline carcinoma,NCI:C45716
DOID:0060463,NUT midline carcinoma,SNOMEDCT_US_2023_03_01:733922002
DOID:0060463,NUT midline carcinoma,UMLS_CUI:C1707291
DOID:0060534,hepatoid adenocarcinoma,ICDO:8576/3
DOID:0060534,hepatoid adenocarcinoma,NCI:C66950
DOID:0060548,luminal breast carcinoma A,NCI:C53554
DOID:0060548,luminal breast carcinoma A,UMLS_CUI:C3642345
DOID:0060592,B-cell adult acute lymphocytic leukemia,NCI:C9143
DOID:0060597,"atypical chronic myeloid leukemia, BCR-ABL1 negative",ICD10CM:C92.2
DOID:0060597,"atypical chronic myeloid leukemia, BCR-ABL1 negative",ICD9CM:205.2
DOID:0060597,"atypical chronic myeloid leukemia, BCR-ABL1 negative",ICDO:9876/3
DOID:0060597,"atypical chronic myeloid leukemia, BCR-ABL1 negative",MESH:D054438
DOID:0060597,"atypical chronic myeloid leukemia, BCR-ABL1 negative",NCI:C3519
DOID:0060597,"atypical chronic myeloid leukemia, BCR-ABL1 negative",ORDO:98824
DOID:0060597,"atypical chronic myeloid leukemia, BCR-ABL1 negative",SNOMEDCT_US_2023_03_01:128826001
DOID:0060597,"atypical chronic myeloid leukemia, BCR-ABL1 negative",UMLS_CUI:C1292772
DOID:0060688,arteriovenous malformations of the brain,ICD10CM:Q28.2
DOID:0060688,arteriovenous malformations of the brain,MESH:D002538
DOID:0060688,arteriovenous malformations of the brain,MIM:108010
DOID:0060688,arteriovenous malformations of the brain,ORDO:46724
DOID:0060688,arteriovenous malformations of the brain,UMLS_CUI:C0007772
DOID:0060761,familial chronic myelocytic leukemia-like syndrome,MIM:600080
DOID:0060888,transient myeloproliferative syndrome,GARD:12765
DOID:0060888,transient myeloproliferative syndrome,ICD10CM:D47.7
DOID:0060888,transient myeloproliferative syndrome,MIM:159595
DOID:0060888,transient myeloproliferative syndrome,ORDO:420611
DOID:0060901,lymphoplasmacytic lymphoma,GARD:7872
DOID:0060901,lymphoplasmacytic lymphoma,ICD10CM:C88.0
DOID:0060901,lymphoplasmacytic lymphoma,ICD9CM:273.3
DOID:0060901,lymphoplasmacytic lymphoma,ICDO:9671/3
DOID:0060901,lymphoplasmacytic lymphoma,MESH:D008258
DOID:0060901,lymphoplasmacytic lymphoma,MIM:153600
DOID:0060901,lymphoplasmacytic lymphoma,MIM:610430
DOID:0060901,lymphoplasmacytic lymphoma,NCI:C115212
DOID:0060901,lymphoplasmacytic lymphoma,NCI:C80307
DOID:0060901,lymphoplasmacytic lymphoma,ORDO:33226
DOID:0060901,lymphoplasmacytic lymphoma,SNOMEDCT_US_2023_03_01:35562000
DOID:0060901,lymphoplasmacytic lymphoma,UMLS_CUI:C0024419
DOID:0060901,lymphoplasmacytic lymphoma,UMLS_CUI:C2936755
DOID:0070322,childhood hepatocellular carcinoma,GARD:9331
DOID:0070322,childhood hepatocellular carcinoma,NCI:C7955
DOID:0070322,childhood hepatocellular carcinoma,ORDO:33402
DOID:0070323,childhood acute myeloid leukemia,ICDO:9861/3
DOID:0070323,childhood acute myeloid leukemia,NCI:C9160
DOID:0070324,systemic Epstein-Barr virus positive T-cell lymphoma of childhood,ICDO:9724/3
DOID:0070324,systemic Epstein-Barr virus positive T-cell lymphoma of childhood,ORDO:364033
DOID:0070324,systemic Epstein-Barr virus positive T-cell lymphoma of childhood,SNOMEDCT_US_2023_03_01:721311006
DOID:0070324,systemic Epstein-Barr virus positive T-cell lymphoma of childhood,UMLS_CUI:C4303422
DOID:0070325,malignant childhood adrenal gland pheochromocytoma,GARD:9368
DOID:0070325,malignant childhood adrenal gland pheochromocytoma,NCI:C118822
DOID:0070326,spitzoid melanoma,NCI:C136825
DOID:0070327,melanoma in congenital melanocytic nevus,GARD:2469
DOID:0070327,melanoma in congenital melanocytic nevus,ICDO:8761/3
DOID:0070327,melanoma in congenital melanocytic nevus,NCI:C48613
DOID:0070327,melanoma in congenital melanocytic nevus,UMLS_CUI:C1711221
DOID:0070328,adult hepatocellular carcinoma,NCI:C7956
DOID:0070328,adult hepatocellular carcinoma,ORDO:210159
DOID:0070328,adult hepatocellular carcinoma,SNOMEDCT_US_2023_03_01:1197204009
DOID:0070328,adult hepatocellular carcinoma,UMLS_CUI:C0279607
DOID:0070475,SMARCB1-deficient renal medullary carcinoma,GARD:13175
DOID:0070475,SMARCB1-deficient renal medullary carcinoma,NCI:C7572
DOID:0070475,SMARCB1-deficient renal medullary carcinoma,ORDO:319319
DOID:0070475,SMARCB1-deficient renal medullary carcinoma,SNOMEDCT_US_2023_10_01:765095002
DOID:0070475,SMARCB1-deficient renal medullary carcinoma,UMLS_CUI:C5708330
DOID:0070623,B-lymphoblastic leukemia with MEF2D rearrangement,ICDO:9811/3
DOID:0070623,B-lymphoblastic leukemia with MEF2D rearrangement,NCI:C199233
DOID:0070623,B-lymphoblastic leukemia with MEF2D rearrangement,UMLS_CUI:C5855479
DOID:0070624,B-lymphoblastic leukemia with MYC rearrangement,ICDO:9811/3
DOID:0070624,B-lymphoblastic leukemia with MYC rearrangement,NCI:C199230
DOID:0070624,B-lymphoblastic leukemia with MYC rearrangement,UMLS_CUI:C5855476
DOID:0070625,B-lymphoblastic leukemia with NUTM1 rearrangement,ICDO:9811/3
DOID:0070625,B-lymphoblastic leukemia with NUTM1 rearrangement,NCI:C199239
DOID:0070625,B-lymphoblastic leukemia with NUTM1 rearrangement,UMLS_CUI:C5855485
DOID:0070626,B-lymphoblastic leukemia with PAX5alt,ICDO:9811/3
DOID:0070626,B-lymphoblastic leukemia with PAX5alt,NCI:C199264
DOID:0070626,B-lymphoblastic leukemia with PAX5alt,UMLS_CUI:C5855502
DOID:0070627,B-lymphoblastic leukemia with TCF3-HLF fusion,ICDO:9811/3
DOID:0070627,B-lymphoblastic leukemia with TCF3-HLF fusion,NCI:C200587
DOID:0070627,B-lymphoblastic leukemia with TCF3-HLF fusion,ORDO:641375
DOID:0070627,B-lymphoblastic leukemia with TCF3-HLF fusion,UMLS_CUI:C5816789
DOID:0070627,B-lymphoblastic leukemia with TCF3-HLF fusion,UMLS_CUI:C5856321
DOID:0070628,B-lymphoblastic leukemia with ZNF384 rearrangement,ICDO:9811/3
DOID:0070628,B-lymphoblastic leukemia with ZNF384 rearrangement,NCI:C199234
DOID:0070628,B-lymphoblastic leukemia with ZNF384 rearrangement,UMLS_CUI:C5855480
DOID:0070629,acute myeloid leukemia with CBFA2T3-GLIS2 fusion,ICDO:9861/3
DOID:0070629,acute myeloid leukemia with CBFA2T3-GLIS2 fusion,NCI:C132109
DOID:0070629,acute myeloid leukemia with CBFA2T3-GLIS2 fusion,UMLS_CUI:C4329266
DOID:0070630,acute myeloid leukemia with KAT6A-CREBBP fusion,ICDO:9861/3
DOID:0070630,acute myeloid leukemia with KAT6A-CREBBP fusion,NCI:C200421
DOID:0070630,acute myeloid leukemia with KAT6A-CREBBP fusion,ORDO:370026
DOID:0070630,acute myeloid leukemia with KAT6A-CREBBP fusion,UMLS_CUI:C4511003
DOID:0070631,acute myeloid leukemia with FUS-ERG fusion,ICDO:9861/3
DOID:0070631,acute myeloid leukemia with FUS-ERG fusion,NCI:C200419
DOID:0070631,acute myeloid leukemia with FUS-ERG fusion,UMLS_CUI:C5856227
DOID:0070632,acute myeloid leukemia with MNX1-ETV6 fusion,ICDO:9861/3
DOID:0070632,acute myeloid leukemia with MNX1-ETV6 fusion,NCI:C122690
DOID:0070632,acute myeloid leukemia with MNX1-ETV6 fusion,UMLS_CUI:C4055493
DOID:0070633,acute myeloid leukemia with NPM1-MLF1 fusion,ICDO:9861/3
DOID:0070633,acute myeloid leukemia with NPM1-MLF1 fusion,NCI:C200420
DOID:0070633,acute myeloid leukemia with NPM1-MLF1 fusion,UMLS_CUI:C5856228
DOID:0080109,infantile myofibromatosis,GARD:2998
DOID:0080109,infantile myofibromatosis,MIM:228550
DOID:0080109,infantile myofibromatosis,MIM:615293
DOID:0080109,infantile myofibromatosis,ORDO:2591
DOID:0080144,childhood acute lymphocytic leukemia,NCI:C3168
DOID:0080145,childhood T-cell acute lymphoblastic leukemia,NCI:C5640
DOID:0080145,childhood T-cell acute lymphoblastic leukemia,UMLS_CUI:C1332997
DOID:0080146,childhood B-cell acute lymphoblastic leukemia,NCI:C9140
DOID:0080147,lymphoblastic lymphoma,GARD:3329
DOID:0080148,T-cell childhood lymphoblastic lymphoma,NCI:C7210
DOID:0080149,adult acute monocytic leukemia,NCI:C8263
DOID:0080164,"myeloid and lymphoid neoplasms with eosinophilia and abnormalities of PDGFRA, PDGFRB, and FGFR1",NCI:C84270
DOID:0080164,"myeloid and lymphoid neoplasms with eosinophilia and abnormalities of PDGFRA, PDGFRB, and FGFR1",UMLS_CUI:C2827356
DOID:0080165,myeloid and lymphoid neoplasms associated with PDGFRA rearrangement,NCI:C84275
DOID:0080166,myeloid and lymphoid neoplasms associated with PDGFRB rearrangement,NCI:C84276
DOID:0080167,myeloid and lymphoid neoplasms associated with FGFR1 abnormalities,NCI:C84277
DOID:0080187,chronic neutrophilic leukemia,ICDO:9963/3
DOID:0080187,chronic neutrophilic leukemia,NCI:C3179
DOID:0080188,chronic myelomonocytic leukemia,GARD:8225
DOID:0080188,chronic myelomonocytic leukemia,ICDO:9945/3
DOID:0080188,chronic myelomonocytic leukemia,NCI:C3178
DOID:0080190,malignant epithelioid hemangioendothelioma,NCI:C3800
DOID:0080199,colorectal carcinoma,EFO:1001951
DOID:0080199,colorectal carcinoma,MESH:D015179
DOID:0080199,colorectal carcinoma,NCI:C2955
DOID:0080199,colorectal carcinoma,UMLS_CUI:C0009402
DOID:0080202,adenoid cystic carcinoma,GARD:5743
DOID:0080202,adenoid cystic carcinoma,ICDO:8200/3
DOID:0080202,adenoid cystic carcinoma,MESH:D003528
DOID:0080202,adenoid cystic carcinoma,NCI:C2970
DOID:0080210,primary mediastinal B-cell lymphoma,ICD10CM:C85.2
DOID:0080210,primary mediastinal B-cell lymphoma,ORDO:98838
DOID:0080211,nodal marginal zone lymphoma,NCI:C8863
DOID:0080347,malignant pheochromocytoma,ICDO:8700/3
DOID:0080365,endometrial hyperplasia,MESH:D004714
DOID:0080367,chronic eosinophilic leukemia,ICDO:9964/3
DOID:0080367,chronic eosinophilic leukemia,NCI:C4563
DOID:0080369,ovarian sex-cord stromal tumor,NCI:C4862
DOID:0080370,ovarian sex cord-stromal benign neoplasm,NCI:C6803
DOID:0080521,lung non-squamous non-small cell carcinoma,NCI:C135017
DOID:0080522,anaplastic thyroid carcinoma,NCI:C3878
DOID:0080524,thyroid gland adenocarcinoma,NCI:C27380
DOID:0080525,differentiated high-grade thyroid carcinoma,NCI:C7153
DOID:0080531,dedifferentiated liposarcoma,ICDO:8858/3
DOID:0080531,dedifferentiated liposarcoma,NCI:C3704
DOID:0080531,dedifferentiated liposarcoma,ORDO:99970
DOID:0080532,Smarca4-deficient sarcoma of thorax,ORDO:466962
DOID:0080534,myxofibrosarcoma,ICDO:8811/3
DOID:0080534,myxofibrosarcoma,NCI:C6496
DOID:0080534,myxofibrosarcoma,ORDO:79105
DOID:0080602,benign teratoma,ICDO:9080/1
DOID:0080602,benign teratoma,NCI:C67107
DOID:0080617,lymph node benign neoplasm,NCI:C3636
DOID:0080617,lymph node benign neoplasm,SNOMEDCT_US_2021_09_01:92197001
DOID:0080619,auditory system benign neoplasm,NCI:C8417
DOID:0080630,B-lymphoblastic leukemia/lymphoma,ICDO:9836/3
DOID:0080630,B-lymphoblastic leukemia/lymphoma,NCI:C8936
DOID:0080630,B-lymphoblastic leukemia/lymphoma,SNOMEDCT_US_2023_03_01:1162660006
DOID:0080630,B-lymphoblastic leukemia/lymphoma,UMLS_CUI:C0862030
DOID:0080638,B-cell acute lymphoblastic leukemia,NCI:C8644
DOID:0080640,gallbladder benign neoplasm,NCI:C4440
DOID:0080643,B-lymphoblastic leukemia/lymphoma with BCR-ABL1,ICDO:9812/3
DOID:0080643,B-lymphoblastic leukemia/lymphoma with BCR-ABL1,NCI:C80331
DOID:0080643,B-lymphoblastic leukemia/lymphoma with BCR-ABL1,ORDO:585909
DOID:0080643,B-lymphoblastic leukemia/lymphoma with BCR-ABL1,UMLS_CUI:C5680319
DOID:0080644,B-lymphoblastic leukemia/lymphoma MLL rearranged,ICDO:9813/3
DOID:0080644,B-lymphoblastic leukemia/lymphoma MLL rearranged,NCI:C80342
DOID:0080644,B-lymphoblastic leukemia/lymphoma MLL rearranged,ORDO:585918
DOID:0080645,B-lymphoblastic leukemia/lymphoma with ETV6-RUNX1,ICDO:9814/3
DOID:0080645,B-lymphoblastic leukemia/lymphoma with ETV6-RUNX1,NCI:C80343
DOID:0080645,B-lymphoblastic leukemia/lymphoma with ETV6-RUNX1,ORDO:585929
DOID:0080646,B-lymphoblastic leukemia/lymphoma with hyperdiploidy,ICDO:9815/3
DOID:0080646,B-lymphoblastic leukemia/lymphoma with hyperdiploidy,NCI:C80335
DOID:0080646,B-lymphoblastic leukemia/lymphoma with hyperdiploidy,ORDO:585936
DOID:0080646,B-lymphoblastic leukemia/lymphoma with hyperdiploidy,UMLS_CUI:C2698311
DOID:0080647,B-lymphoblastic leukemia/lymphoma with hypodiploidy,ICDO:9816/3
DOID:0080647,B-lymphoblastic leukemia/lymphoma with hypodiploidy,NCI:C80338
DOID:0080647,B-lymphoblastic leukemia/lymphoma with hypodiploidy,ORDO:585942
DOID:0080647,B-lymphoblastic leukemia/lymphoma with hypodiploidy,UMLS_CUI:C2698312
DOID:0080648,B-lymphoblastic leukemia/lymphoma with IGH::IL3 fusion,ICDO:9817/3
DOID:0080648,B-lymphoblastic leukemia/lymphoma with IGH::IL3 fusion,NCI:C80346
DOID:0080648,B-lymphoblastic leukemia/lymphoma with IGH::IL3 fusion,ORDO:585948
DOID:0080649,B-lymphoblastic leukemia/lymphoma with TCF3-PBX1,ICDO:9818/3
DOID:0080649,B-lymphoblastic leukemia/lymphoma with TCF3-PBX1,NCI:C80347
DOID:0080649,B-lymphoblastic leukemia/lymphoma with TCF3-PBX1,ORDO:585956
DOID:0080649,B-lymphoblastic leukemia/lymphoma with TCF3-PBX1,UMLS_CUI:C5680320
DOID:0080650,"B-lymphoblastic leukemia/lymphoma, BCR-ABL1–like",ICDO:9819/3
DOID:0080651,B-lymphoblastic leukemia/lymphoma with iAMP21,NCI:C130039
DOID:0080674,luminal breast carcinoma B,NCI:C53555
DOID:0080674,luminal breast carcinoma B,UMLS_CUI:C3642346
DOID:0080684,"diffuse midline glioma, H3 K27M-mutant",ICDO:9385/3
DOID:0080684,"diffuse midline glioma, H3 K27M-mutant",NCI:C129309
DOID:0080702,medulloblastoma WNT activated,ICDO:9475/3
DOID:0080702,medulloblastoma WNT activated,NCI:C129440
DOID:0080703,medulloblastoma SHH activated,NCI:C129441
DOID:0080704,medulloblastoma SHH activated and TP53 mutant,ICDO:9476/3
DOID:0080704,medulloblastoma SHH activated and TP53 mutant,NCI:C129442
DOID:0080705,medulloblastoma SHH activated and TP53 wild-type,ICDO:9471/3
DOID:0080705,medulloblastoma SHH activated and TP53 wild-type,NCI:C129443
DOID:0080706,medulloblastoma non-WNT/non-SHH,ICDO:9477/3
DOID:0080706,medulloblastoma non-WNT/non-SHH,NCI:C129444
DOID:0080707,medulloblastoma non-WNT/non-SHH group 3,NCI:C129445
DOID:0080708,medulloblastoma non-WNT/non-SHH group 4,NCI:C129446
DOID:0080763,diffuse gastric cancer,GARD:10334
DOID:0080764,hereditary diffuse gastric cancer,GARD:10900
DOID:0080764,hereditary diffuse gastric cancer,MIM:137215
DOID:0080777,lung sarcomatoid carcinoma,NCI:C45540
DOID:0080779,plasmablastic lymphoma,ICDO:9735/3
DOID:0080779,plasmablastic lymphoma,MESH:D000069293
DOID:0080779,plasmablastic lymphoma,NCI:C7224
DOID:0080780,acute erythroid leukemia,ICDO:9840/3
DOID:0080780,acute erythroid leukemia,NCI:C8923
DOID:0080781,benign exocrine pancreas neoplasm,NCI:C4613
DOID:0080794,childhood acute megakaryoblastic leukemia,NCI:C7972
DOID:0080795,acute basophilic leukemia,ICDO:9870/3
DOID:0080795,acute basophilic leukemia,NCI:C3164
DOID:0080796,core binding factor acute myeloid leukemia,NCI:C122688
DOID:0080797,nasal type extranodal NK/T-cell lymphoma,ICDO:9719/3
DOID:0080797,nasal type extranodal NK/T-cell lymphoma,NCI:C4684
DOID:0080798,myeloid leukemia associated with Down Syndrome,ICDO:9898/3
DOID:0080798,myeloid leukemia associated with Down Syndrome,NCI:C43223
DOID:0080799,sinonasal undifferentiated carcinoma,MESH:C537344
DOID:0080799,sinonasal undifferentiated carcinoma,NCI:C54294
DOID:0080800,salivary gland mucinous adenocarcinoma,NCI:C62193
DOID:0080808,mammary analogue secretory carcinoma,MESH:D000069295
DOID:0080829,low grade glioma,NCI:C132067
DOID:0080842,intracranial meningioma,MESH:D008579
DOID:0080842,intracranial meningioma,NCI:C4656
DOID:0080842,intracranial meningioma,SNOMEDCT_US_2023_03_01:302820008
DOID:0080842,intracranial meningioma,UMLS_CUI:C0349604
DOID:0080843,supratentorial meningioma,NCI:C6971
DOID:0080843,supratentorial meningioma,UMLS_CUI:C1334698
DOID:0080854,anaplastic pleomorphic xanthoastrocytoma,NCI:C129327
DOID:0080875,IDH-mutant anaplastic astrocytoma,NCI:C185167
DOID:0080876,IDH-wildtype anaplastic astrocytoma,ICDO:9401/3
DOID:0080876,IDH-wildtype anaplastic astrocytoma,NCI:C129291
DOID:0080877,"astrocytoma, IDH-mutant, grade 4",ICDO:9445/3
DOID:0080877,"astrocytoma, IDH-mutant, grade 4",NCI:C167335
DOID:0080878,IDH-wildtype glioblastoma,ICDO:9440/3
DOID:0080878,IDH-wildtype glioblastoma,NCI:C39750
DOID:0080880,"diffuse glioma, H3 G34 mutant",ICDO:9385/3
DOID:0080880,"diffuse glioma, H3 G34 mutant",NCI:C185371
DOID:0080882,IDH-mutant and 1p/19q-codeleted oligodendroglioma,NCI:C129321
DOID:0080888,"spinal ependymoma, MYCN-amplified",ICDO:9396/3
DOID:0080888,"spinal ependymoma, MYCN-amplified",NCI:C186494
DOID:0080889,posterior fossa ependymoma,ICDO:9391/3
DOID:0080890,supratentorial ependymoma,ICDO:9391/3
DOID:0080892,RELA fusion-positive ependymoma,ICDO:9396/3
DOID:0080892,RELA fusion-positive ependymoma,NCI:C129351
DOID:0080892,RELA fusion-positive ependymoma,ORDO:530792
DOID:0080895,rapidly involuting congenital hemangioma,NCI:C172207
DOID:0080895,rapidly involuting congenital hemangioma,ORDO:141184
DOID:0080897,solitary fibrous tumor/hemangiopericytoma,ICDO:8815/1
DOID:0080897,solitary fibrous tumor/hemangiopericytoma,ORDO:2126
DOID:0080899,lung pleomorphic carcinoma,NCI:C45542
DOID:0080903,"embryonal tumor with multilayered rosettes, C19MC-altered",MESH:D018242
DOID:0080903,"embryonal tumor with multilayered rosettes, C19MC-altered",NCI:C4915
DOID:0080903,"embryonal tumor with multilayered rosettes, C19MC-altered",SNOMEDCT_US_2023_03_01:253070006
DOID:0080903,"embryonal tumor with multilayered rosettes, C19MC-altered",UMLS_CUI:C0700367
DOID:0080904,"astroblastoma, MN1-altered",ICDO:9430/3
DOID:0080904,"astroblastoma, MN1-altered",UMLS_CUI:C5708128
DOID:0080904,"astroblastoma, MN1-altered",UMLS_CUI:C5708129
DOID:0080905,central nervous system neuroblastoma,NCI:C4826
DOID:0080906,CNS neuroblastoma with FOXR2 activation,ICDO:9500/3
DOID:0080906,CNS neuroblastoma with FOXR2 activation,UMLS_CUI:C5670625
DOID:0080909,castration-resistant prostate carcinoma,MESH:D064129
DOID:0080909,castration-resistant prostate carcinoma,NCI:C130234
DOID:0080915,histiocytic sarcoma,ICDO:9755/3
DOID:0080915,histiocytic sarcoma,MESH:D054747
DOID:0080915,histiocytic sarcoma,NCI:C27349
DOID:0080916,erythroleukemia,NCI:C7152
DOID:0080956,"childhood supratentorial embryonal tumor with multilayered rosettes, C19MC-altered",NCI:C6772
DOID:0080976,acute myeloid leukemia with BCR-ABL1,ICDO:9912/3
DOID:0080976,acute myeloid leukemia with BCR-ABL1,NCI:C129785
DOID:0080996,diffuse large B-cell lymphoma activated B-cell type,NCI:C36081
DOID:0080997,diffuse large B-cell lymphoma germinal center B-cell type,NCI:C36080
DOID:0081004,high-grade B-cell lymphoma double-hit/triple-hit,NCI:C125904
DOID:0081026,benign peritoneal solitary fibrous tumor,NCI:C126357
DOID:0081028,glycogen-rich carcinoma,ICDO:8315/3
DOID:0081028,glycogen-rich carcinoma,NCI:C4153
DOID:0081028,glycogen-rich carcinoma,SNOMEDCT_US_2023_03_01:189656007
DOID:0081028,glycogen-rich carcinoma,UMLS_CUI:C0334319
DOID:0081036,mixed phenotype acute leukemia with BCR-ABL1,ICDO:9806/3
DOID:0081036,mixed phenotype acute leukemia with BCR-ABL1,NCI:C82192
DOID:0081037,mixed phenotype acute leukemia with MLL rearranged,ICDO:9807/3
DOID:0081037,mixed phenotype acute leukemia with MLL rearranged,NCI:C82203
DOID:0081037,mixed phenotype acute leukemia with MLL rearranged,UMLS_CUI:C2826048
DOID:0081038,"mixed phenotype acute leukemia, B/myeloid",ICDO:9808/3
DOID:0081038,"mixed phenotype acute leukemia, B/myeloid",NCI:C82212
DOID:0081039,"mixed phenotype acute leukemia, T/myeloid",ICDO:9809/3
DOID:0081041,B-cell prolymphocytic leukemia,GARD:8223
DOID:0081041,B-cell prolymphocytic leukemia,ICDO:9833/3
DOID:0081041,B-cell prolymphocytic leukemia,NCI:C4753
DOID:0081041,B-cell prolymphocytic leukemia,ORDO:86852
DOID:0081042,T-cell prolymphocytic leukemia,ICDO:9834/3
DOID:0081042,T-cell prolymphocytic leukemia,NCI:C4752
DOID:0081042,T-cell prolymphocytic leukemia,ORDO:86871
DOID:0081049,hepatosplenic T-cell lymphoma,NCI:C8459
DOID:0081049,hepatosplenic T-cell lymphoma,ORDO:86882
DOID:0081050,primary cutaneous gamma-delta T-cell lymphoma,NCI:C45340
DOID:0081050,primary cutaneous gamma-delta T-cell lymphoma,UMLS_CUI:C1707547
DOID:0081064,BN2 diffuse large B-cell lymphoma,NCI:C148395
DOID:0081065,EZB diffuse large B-cell lymphoma,NCI:C148398
DOID:0081066,MCD diffuse large B-cell lymphoma,NCI:C148394
DOID:0081067,N1 diffuse large B-cell lymphoma,NCI:C148396
DOID:0081076,blastic plasmacytoid dendritic cell neoplasm,NCI:C7203
DOID:0081080,acute myeloid leukemia with t(6;9) (p23;q34.1),ICDO:9865/3
DOID:0081080,acute myeloid leukemia with t(6;9) (p23;q34.1),NCI:C82423
DOID:0081080,acute myeloid leukemia with t(6;9) (p23;q34.1),SNOMEDCT_US_2023_03_01:450928003
DOID:0081080,acute myeloid leukemia with t(6;9) (p23;q34.1),UMLS_CUI:C2826169
DOID:0081081,acute promyelocytic leukemia with PML-RARA,NCI:C3182
DOID:0081081,acute promyelocytic leukemia with PML-RARA,ICDO:9866/3
DOID:0081082,acute myelomonocytic leukemia,ICD10CM:C92.5
DOID:0081082,acute myelomonocytic leukemia,ICDO:9867/3
DOID:0081082,acute myelomonocytic leukemia,MESH:D015479
DOID:0081082,acute myelomonocytic leukemia,NCI:C7463
DOID:0081082,acute myelomonocytic leukemia,SNOMEDCT_US_2023_03_01:30962008
DOID:0081082,acute myelomonocytic leukemia,UMLS_CUI:C0023479
DOID:0081083,acute myeloid leukemia with inv(3) (q21.3;q26.2) or t(3;3) (q21.3;q26.2),ICDO:9869/3
DOID:0081083,acute myeloid leukemia with inv(3) (q21.3;q26.2) or t(3;3) (q21.3;q26.2),NCI:C82426
DOID:0081083,acute myeloid leukemia with inv(3) (q21.3;q26.2) or t(3;3) (q21.3;q26.2),SNOMEDCT_US_2023_03_01:780844005
DOID:0081083,acute myeloid leukemia with inv(3) (q21.3;q26.2) or t(3;3) (q21.3;q26.2),UMLS_CUI:C2826172
DOID:0081084,acute myeloid leukemia with inv(16)(p13.1q22) or t(16;16)(p13.1;q22),ICDO:9871/3
DOID:0081084,acute myeloid leukemia with inv(16)(p13.1q22) or t(16;16)(p13.1;q22),SNOMEDCT_US_2023_03_01:103688009
DOID:0081084,acute myeloid leukemia with inv(16)(p13.1q22) or t(16;16)(p13.1;q22),UMLS_CUI:C0522630
DOID:0081085,acute myeloid leukemia with minimal differentiation,ICD10CM:C92.0
DOID:0081085,acute myeloid leukemia with minimal differentiation,ICDO:9872/3
DOID:0081085,acute myeloid leukemia with minimal differentiation,NCI:C8460
DOID:0081085,acute myeloid leukemia with minimal differentiation,SNOMEDCT_US_2023_03_01:103689001
DOID:0081085,acute myeloid leukemia with minimal differentiation,UMLS_CUI:C0522631
DOID:0081086,acute myeloid leukemia without maturation,ICD10CM:C92.0
DOID:0081086,acute myeloid leukemia without maturation,GARD:526
DOID:0081086,acute myeloid leukemia without maturation,ICDO:9873/3
DOID:0081086,acute myeloid leukemia without maturation,MESH:D015470
DOID:0081086,acute myeloid leukemia without maturation,NCI:C3249
DOID:0081086,acute myeloid leukemia without maturation,ORDO:98833
DOID:0081086,acute myeloid leukemia without maturation,SNOMEDCT_US_2023_03_01:103690005
DOID:0081086,acute myeloid leukemia without maturation,UMLS_CUI:C0026998
DOID:0081087,acute myeloid leukemia with maturation,ICD10CM:C92.0
DOID:0081087,acute myeloid leukemia with maturation,MESH:D015470
DOID:0081087,acute myeloid leukemia with maturation,ICDO:9874/3
DOID:0081087,acute myeloid leukemia with maturation,NCI:C3250
DOID:0081087,acute myeloid leukemia with maturation,SNOMEDCT_US_2023_03_01:103691009
DOID:0081087,acute myeloid leukemia with maturation,UMLS_CUI:C1879321
DOID:0081088,"chronic myelogenous leukemia, BCR-ABL1 positive",ICD9CM:205.1
DOID:0081088,"chronic myelogenous leukemia, BCR-ABL1 positive",ICDO:9875/3
DOID:0081088,"chronic myelogenous leukemia, BCR-ABL1 positive",SNOMEDCT_US_2023_03_01:154592009
DOID:0081088,"chronic myelogenous leukemia, BCR-ABL1 positive",UMLS_CUI:C0023473
DOID:0081089,acute myeloid leukemia with mutated NPM1,ICDO:9877/3
DOID:0081089,acute myeloid leukemia with mutated NPM1,NCI:C82431
DOID:0081089,acute myeloid leukemia with mutated NPM1,SNOMEDCT_US_2023_03_01:703820005
DOID:0081089,acute myeloid leukemia with mutated NPM1,UMLS_CUI:C2826177
DOID:0081090,acute myeloid leukemia with biallelic mutation of CEBPA,ICDO:9878/3
DOID:0081090,acute myeloid leukemia with biallelic mutation of CEBPA,NCI:C129782
DOID:0081091,acute myeloid leukemia with mutated RUNX1,ICDO:9879/3
DOID:0081091,acute myeloid leukemia with mutated RUNX1,NCI:C129786
DOID:0081092,acute myeloid leukemia with myelodysplasia-related changes,ICDO:9895/3
DOID:0081092,acute myeloid leukemia with myelodysplasia-related changes,NCI:C7600
DOID:0081092,acute myeloid leukemia with myelodysplasia-related changes,SNOMEDCT_US_2023_03_01:128827005
DOID:0081092,acute myeloid leukemia with myelodysplasia-related changes,UMLS_CUI:C2825139
DOID:0081093,acute myeloid leukemia with t(8;21); (q22; q22.1),ICDO:9896/3
DOID:0081093,acute myeloid leukemia with t(8;21); (q22; q22.1),NCI:C9288
DOID:0081093,acute myeloid leukemia with t(8;21); (q22; q22.1),UMLS_CUI:C1292774
DOID:0081093,acute myeloid leukemia with t(8;21); (q22; q22.1),UMLS_CUI:C2347540
DOID:0081093,acute myeloid leukemia with t(8;21); (q22; q22.1),UMLS_CUI:C5707782
DOID:0081094,acute myeloid leukemia with MLL rearrangement,ICDO:9897/3
DOID:0081094,acute myeloid leukemia with MLL rearrangement,NCI:C174129
DOID:0081095,acute myeloid leukemia with mutated CEBPA,ICDO:9861/3
DOID:0081095,acute myeloid leukemia with mutated CEBPA,NCI:C82433
DOID:0081096,acute myeloid leukemia with t(1;22)(p13;q13),ICDO:9911/3
DOID:0081096,acute myeloid leukemia with t(1;22)(p13;q13),NCI:C82427
DOID:0081244,pituitary blastoma,ICDO:8273/3
DOID:0081244,pituitary blastoma,NCI:C155304
DOID:0081245,cauda equina neuroendocrine tumor,ICDO:8693/3
DOID:0081245,cauda equina neuroendocrine tumor,NCI:C5324
DOID:0081246,teratoma with somatic-type malignancy,ICDO:9084/3
DOID:0081246,teratoma with somatic-type malignancy,NCI:C4289
DOID:0081247,dedifferentiated chondrosarcoma,ICDO:9243/3
DOID:0081247,dedifferentiated chondrosarcoma,NCI:C6476
DOID:0081248,pineocytoma,ICDO:9361/1
DOID:0081248,pineocytoma,NCI:C6966
DOID:0081249,EWSR1-negative small round cell tumor,NCI:C165671
DOID:0081250,CIC-rearranged sarcoma,ICDO:9367/3
DOID:0081250,CIC-rearranged sarcoma,NCI:C120224
DOID:0081251,papillary tumor of the pineal region,ICDO:9395/3
DOID:0081251,papillary tumor of the pineal region,NCI:C92624
DOID:0081252,"supratentorial ependymoma, ZFTA fusion–positive",ICDO:9396/3
DOID:0081252,"supratentorial ependymoma, ZFTA fusion–positive",NCI:C186350
DOID:0081253,"supratentorial ependymoma, YAP1 fusion–positive",ICDO:9396/3
DOID:0081253,"supratentorial ependymoma, YAP1 fusion–positive",NCI:C186351
DOID:0081254,posterior fossa group A ependymoma,ICDO:9396/3
DOID:0081254,posterior fossa group A ependymoma,NCI:C186450
DOID:0081255,posterior fossa group B ependymoma,ICDO:9396/3
DOID:0081255,posterior fossa group B ependymoma,NCI:C186451
DOID:0081256,"astrocytoma, IDH-mutant, grade 2",ICDO:9400/3
DOID:0081256,"astrocytoma, IDH-mutant, grade 2",NCI:C129271
DOID:0081257,"astrocytoma, IDH-mutant, grade 3",ICDO:9401/3
DOID:0081257,"astrocytoma, IDH-mutant, grade 3",NCI:C129290
DOID:0081259,desmoplastic infantile ganglioglioma / desmoplastic infantile astrocytoma,ICDO:9412/1
DOID:0081259,desmoplastic infantile ganglioglioma / desmoplastic infantile astrocytoma,NCI:C4738
DOID:0081259,desmoplastic infantile ganglioglioma / desmoplastic infantile astrocytoma,NCI:C9476
DOID:0081260,"diffuse low-grade glioma, MAPK pathway–altered",ICDO:9421/1
DOID:0081260,"diffuse low-grade glioma, MAPK pathway–altered",NCI:C185218
DOID:0081261,angiocentric glioma,ICDO:9431/1
DOID:0081261,angiocentric glioma,NCI:C92552
DOID:0081277,"diffuse pediatric-type high-grade glioma, H3-wildtype and IDH-wildtype",ICDO:9385/3
DOID:0081277,"diffuse pediatric-type high-grade glioma, H3-wildtype and IDH-wildtype",NCI:C185467
DOID:0081277,"diffuse pediatric-type high-grade glioma, H3-wildtype and IDH-wildtype",UMLS_CUI:C5669918
DOID:0081278,infant-type hemispheric glioma,ICDO:9385/3
DOID:0081278,infant-type hemispheric glioma,NCI:C185471
DOID:0081279,"diffuse astrocytoma, MYB- or MYBL1-altered",ICDO:9421/1
DOID:0081279,"diffuse astrocytoma, MYB- or MYBL1-altered",NCI:C185196
DOID:0081279,"diffuse astrocytoma, MYB- or MYBL1-altered",UMLS_CUI:C5575348
DOID:0081279,"diffuse astrocytoma, MYB- or MYBL1-altered",UMLS_CUI:C5575349
DOID:0081280,pituicytoma,ICDO:9432/1
DOID:0081280,pituicytoma,NCI:C94524
DOID:0081281,"oligodendroglioma, IDH-mutant and 1p/19q-codeleted grade 2",ICDO:9450/3
DOID:0081282,"oligodendroglioma, IDH-mutant and 1p/19q-codeleted, grade 3",ICDO:9451/3
DOID:0081283,papillary glioneuronal tumor,ICDO:9509/1
DOID:0081283,papillary glioneuronal tumor,NCI:C92554
DOID:0081284,rosette-forming glioneuronal tumor,ICDO:9509/1
DOID:0081284,rosette-forming glioneuronal tumor,NCI:C129431
DOID:0081285,myxoid glioneuronal tumor,ICDO:9509/1
DOID:0081285,myxoid glioneuronal tumor,NCI:C179229
DOID:0081286,embryonal tumor with multilayered rosettes,ICDO:9478/3
DOID:0081286,embryonal tumor with multilayered rosettes,NCI:C186534
DOID:0081293,salivary gland mucoepidermoid carcinoma,NCI:C5908
DOID:0081302,diffuse leptomeningeal glioneuronal tumor,ICDO:9509/3
DOID:0081302,diffuse leptomeningeal glioneuronal tumor,NCI:C129424
DOID:0081303,multinodular and vacuolating neuronal tumor,ICDO:9509/0
DOID:0081303,multinodular and vacuolating neuronal tumor,NCI:C129427
DOID:0081304,high-grade astrocytoma with piloid features,ICDO:9421/3
DOID:0081304,high-grade astrocytoma with piloid features,NCI:C185879
DOID:0081305,polymorphous low grade neuroepithelial tumour of the young,ICDO:9413/0
DOID:0081305,polymorphous low grade neuroepithelial tumour of the young,NCI:C180378
DOID:0081305,polymorphous low grade neuroepithelial tumour of the young,UMLS_CUI:C5556330
DOID:0081306,spindle cell oncocytoma,ICDO:8290/0
DOID:0081306,spindle cell oncocytoma,NCI:C94537
DOID:0081311,intravascular large B-cell lymphoma,ICDO:9712/3
DOID:0081311,intravascular large B-cell lymphoma,NCI:C4342
DOID:0081312,T-cell non-Hodgkin lymphoma,ICDO:9702/3
DOID:0081312,T-cell non-Hodgkin lymphoma,MESH:D016399
DOID:0081312,T-cell non-Hodgkin lymphoma,NCI:C3466
DOID:0081312,T-cell non-Hodgkin lymphoma,SNOMEDCT_US_2023_03_01:3172003
DOID:0081312,T-cell non-Hodgkin lymphoma,UMLS_CUI:C0079772
DOID:0081313,primary diffuse large B-cell lymphoma of the central nervous system,ICDO:9680/3
DOID:0081313,primary diffuse large B-cell lymphoma of the central nervous system,NCI:C71720
DOID:0081313,primary diffuse large B-cell lymphoma of the central nervous system,SNOMEDCT_US_2023_03_01:734066005
DOID:0081313,primary diffuse large B-cell lymphoma of the central nervous system,UMLS_CUI:C2026186
DOID:0081314,extraventricular neurocytoma,ICDO:9506/1
DOID:0081314,extraventricular neurocytoma,NCI:C92555
DOID:0081315,central nervous system tumor with BCOR internal tandem duplication,ICDO:9500/3
DOID:0081315,central nervous system tumor with BCOR internal tandem duplication,NCI:C186556
DOID:0081315,central nervous system tumor with BCOR internal tandem duplication,UMLS_CUI:C5670630
DOID:0081316,"primary intracranial sarcoma, DICER1-mutant",ICDO:9480/3
DOID:0081316,"primary intracranial sarcoma, DICER1-mutant",NCI:C186610
DOID:0081402,sarcoma with BCOR genetic alterations,ICDO:9368/3
DOID:0081402,sarcoma with BCOR genetic alterations,NCI:C178465
DOID:0081403,BCOR ITD sarcoma,NCI:C178468
DOID:0081404,BCOR-CCNB3 sarcoma,NCI:C178466
DOID:0081405,childhood sarcoma with BCOR genetic alterations,NCI:C189007
DOID:0081406,round cell sarcoma with EWSR1-non-ETS fusion,ICDO:9366/3
DOID:0081406,round cell sarcoma with EWSR1-non-ETS fusion,NCI:C178459
DOID:0081407,childhood round cell sarcoma with EWSR1-non-ETS fusion,NCI:C189003
DOID:0081408,round cell sarcoma with EWSR1-NFATC2 gene fusion,NCI:C178460
DOID:0081409,round cell sarcoma with EWSR1-PATZ1 gene fusion,NCI:C178461
DOID:0081410,round cell sarcoma with FUS-NFATC2 gene fusion,NCI:C178462
DOID:0081411,B-lymphoblastic leukemia with PAX5 p.P80R,ICDO:9811/3
DOID:0081411,B-lymphoblastic leukemia with PAX5 p.P80R,NCI:C199260
DOID:0081412,B-lymphoblastic leukemia with DUX4 rearrangement,ICDO:9811/3
DOID:0081412,B-lymphoblastic leukemia with DUX4 rearrangement,NCI:C199232
DOID:0081413,renal cell carcinoma with MiT translocations,ICDO:8311/3
DOID:0081413,renal cell carcinoma with MiT translocations,NCI:C154494
DOID:0081414,TFEB-rearranged renal cell carcinoma,NCI:C37210
DOID:0081415,TFE3-rearranged renal cell carcinoma,NCI:C27891
DOID:0081416,childhood renal cell carcinoma with MiT translocations,NCI:C189242
DOID:0081416,childhood renal cell carcinoma with MiT translocations,UMLS_CUI:C5708328
DOID:0081417,poorly differentiated chordoma,ICDO:9370/3
DOID:0081417,poorly differentiated chordoma,NCI:C177898
DOID:0081418,anaplastic sarcoma of the kidney,ICDO:8802/3
DOID:0081418,anaplastic sarcoma of the kidney,NCI:C154496
DOID:0081457,intrathyroid thymic carcinoma,ICDO:8589/3
DOID:0081457,intrathyroid thymic carcinoma,NCI:C46106
DOID:0081458,thyroid gland cribriform morular carcinoma,NCI:C126408
DOID:0081459,thyroid gland mixed medullary and follicular cell-derived carcinoma,NCI:C46104
DOID:0081460,thyroid gland mucinous carcinoma,NCI:C156267
DOID:0081461,thyroid gland spindle epithelial tumor with thymus-like elements,NCI:C46105
DOID:0111147,angioimmunoblastic T-cell lymphoma,GARD:11973
DOID:0111147,angioimmunoblastic T-cell lymphoma,ICD10CM:C86.5
DOID:0111147,angioimmunoblastic T-cell lymphoma,ICDO:9705/3
DOID:0111147,angioimmunoblastic T-cell lymphoma,MEDDRA:10002449
DOID:0111147,angioimmunoblastic T-cell lymphoma,MESH:D007119
DOID:0111147,angioimmunoblastic T-cell lymphoma,NCI:C7528
DOID:0111147,angioimmunoblastic T-cell lymphoma,ORDO:86886
DOID:0111147,angioimmunoblastic T-cell lymphoma,SNOMEDCT_US_2023_03_01:52097008
DOID:0111147,angioimmunoblastic T-cell lymphoma,UMLS_CUI:C0020981
DOID:0111344,myeloproliferative disorder with eosinophilia,MIM:131440
DOID:0111366,familial hepatic adenoma,MIM:142330
DOID:0112007,growth hormone secreting pituitary adenoma 2,MIM:300943
DOID:0112008,pituitary adenoma 5,MIM:617540
DOID:0112009,pituitary adenoma 1,MIM:102200
DOID:0112010,pituitary adenoma 3,MIM:617686
DOID:10011,thyroid lymphoma,NCI:C5265
DOID:10011,thyroid lymphoma,SNOMEDCT_US_2023_03_01:278051002
DOID:10011,thyroid lymphoma,UMLS_CUI:C1336753
DOID:10020,ampulla of Vater cancer,ICD10CM:C24.1
DOID:10020,ampulla of Vater cancer,ICD9CM:156.2
DOID:10020,ampulla of Vater cancer,NCI:C3536
DOID:10020,ampulla of Vater cancer,SNOMEDCT_US_2023_03_01:93668007
DOID:10020,ampulla of Vater cancer,UMLS_CUI:C0153454
DOID:10021,duodenum cancer,ICD10CM:C17.0
DOID:10021,duodenum cancer,ICD9CM:152.0
DOID:10021,duodenum cancer,MESH:D004379
DOID:10021,duodenum cancer,NCI:C4803
DOID:10021,duodenum cancer,NCI:C9328
DOID:10021,duodenum cancer,SNOMEDCT_US_2023_03_01:254570009
DOID:10021,duodenum cancer,SNOMEDCT_US_2023_03_01:363403002
DOID:10021,duodenum cancer,UMLS_CUI:C0153426
DOID:10021,duodenum cancer,UMLS_CUI:C0541912
DOID:10022,ampulla of Vater benign neoplasm,NCI:C4443
DOID:10022,ampulla of Vater benign neoplasm,SNOMEDCT_US_2023_03_01:126858004
DOID:10022,ampulla of Vater benign neoplasm,UMLS_CUI:C0345916
DOID:10040,malignant eyelid melanoma,NCI:C4358
DOID:10040,malignant eyelid melanoma,SNOMEDCT_US_2023_03_01:231834005
DOID:10040,malignant eyelid melanoma,UMLS_CUI:C0339116
DOID:10044,balloon cell malignant melanoma,NCI:C4227
DOID:10044,balloon cell malignant melanoma,SNOMEDCT_US_2023_03_01:403922007
DOID:10044,balloon cell malignant melanoma,UMLS_CUI:C0334426
DOID:10047,nodular malignant melanoma,GARD:9961
DOID:10047,nodular malignant melanoma,NCI:C4225
DOID:10047,nodular malignant melanoma,SNOMEDCT_US_2023_03_01:2142002
DOID:10047,nodular malignant melanoma,UMLS_CUI:C0334424
DOID:10054,skin amelanotic melanoma,NCI:C4633
DOID:10054,skin amelanotic melanoma,SNOMEDCT_US_2023_03_01:276751004
DOID:10054,skin amelanotic melanoma,UMLS_CUI:C0349515
DOID:10069,subglottis benign neoplasm,NCI:C4426
DOID:10069,subglottis benign neoplasm,SNOMEDCT_US_2023_03_01:126696001
DOID:10069,subglottis benign neoplasm,UMLS_CUI:C0345746
DOID:10070,larynx leiomyoma,NCI:C6027
DOID:10070,larynx leiomyoma,UMLS_CUI:C1334370
DOID:10071,larynx squamous papilloma,NCI:C7742
DOID:10071,larynx squamous papilloma,SNOMEDCT_US_2023_03_01:269637007
DOID:10071,larynx squamous papilloma,UMLS_CUI:C0240164
DOID:10087,gastric leiomyoma,NCI:C3876
DOID:10087,gastric leiomyoma,SNOMEDCT_US_2023_03_01:276812001
DOID:10087,gastric leiomyoma,UMLS_CUI:C0238440
DOID:10146,thymus lymphoma,NCI:C6451
DOID:10146,thymus lymphoma,UMLS_CUI:C1336745
DOID:10149,long bones of lower limb cancer,ICD10CM:C40.2
DOID:10149,long bones of lower limb cancer,ICD9CM:170.7
DOID:10149,long bones of lower limb cancer,SNOMEDCT_US_2023_03_01:187959005
DOID:10149,long bones of lower limb cancer,UMLS_CUI:C0153517
DOID:10151,malignant neoplasm of short bones of lower limb,ICD10CM:C40.3
DOID:10151,malignant neoplasm of short bones of lower limb,ICD9CM:170.8
DOID:10151,malignant neoplasm of short bones of lower limb,SNOMEDCT_US_2023_03_01:94003005
DOID:10151,malignant neoplasm of short bones of lower limb,UMLS_CUI:C0153518
DOID:10152,Meckel's diverticulum cancer,ICD9CM:152.3
DOID:10152,Meckel's diverticulum cancer,SNOMEDCT_US_2023_03_01:93890009
DOID:10152,Meckel's diverticulum cancer,UMLS_CUI:C0153429
DOID:10153,ileum cancer,ICD10CM:C17.2
DOID:10153,ileum cancer,ICD9CM:152.2
DOID:10153,ileum cancer,SNOMEDCT_US_2023_03_01:93832004
DOID:10153,ileum cancer,UMLS_CUI:C0153428
DOID:10154,small intestine cancer,GARD:9385
DOID:10154,small intestine cancer,ICD10CM:C17
DOID:10154,small intestine cancer,ICD9CM:152.9
DOID:10154,small intestine cancer,NCI:C7523
DOID:10154,small intestine cancer,SNOMEDCT_US_2023_03_01:363509000
DOID:10154,small intestine cancer,UMLS_CUI:C0153425
DOID:10155,intestinal cancer,ICD10CM:C26.0
DOID:10155,intestinal cancer,ICD9CM:159.0
DOID:10155,intestinal cancer,MESH:D007414
DOID:10155,intestinal cancer,NCI:C4572
DOID:10155,intestinal cancer,SNOMEDCT_US_2023_03_01:93838000
DOID:10155,intestinal cancer,UMLS_CUI:C0346627
DOID:10156,benign ileal neoplasm,MESH:D007078
DOID:10156,benign ileal neoplasm,NCI:C3130
DOID:10156,benign ileal neoplasm,SNOMEDCT_US_2023_03_01:254576003
DOID:10156,benign ileal neoplasm,UMLS_CUI:C0020876
DOID:10183,endobronchial lipoma,NCI:C5063
DOID:10183,endobronchial lipoma,UMLS_CUI:C0852937
DOID:10184,spindle cell lipoma,ICDO:8857/0
DOID:10184,spindle cell lipoma,NCI:C4254
DOID:10184,spindle cell lipoma,SNOMEDCT_US_2023_03_01:27313007
DOID:10184,spindle cell lipoma,UMLS_CUI:C0334474
DOID:10187,esophageal lipoma,NCI:C5701
DOID:10187,esophageal lipoma,UMLS_CUI:C1333455
DOID:10188,skin lipoma,ICD9CM:214.0
DOID:10188,skin lipoma,NCI:C4616
DOID:10188,skin lipoma,NCI:C5566
DOID:10188,skin lipoma,SNOMEDCT_US_2023_03_01:255187008
DOID:10188,skin lipoma,SNOMEDCT_US_2023_03_01:93159009
DOID:10188,skin lipoma,UMLS_CUI:C0153968
DOID:10188,skin lipoma,UMLS_CUI:C0347394
DOID:10188,skin lipoma,UMLS_CUI:C1333174
DOID:10190,liver lipoma,NCI:C5750
DOID:10190,liver lipoma,UMLS_CUI:C1333970
DOID:10192,pleomorphic lipoma,ICDO:8854/0
DOID:10192,pleomorphic lipoma,MESH:D008067
DOID:10192,pleomorphic lipoma,NCI:C3703
DOID:10192,pleomorphic lipoma,SNOMEDCT_US_2023_03_01:189783001
DOID:10192,pleomorphic lipoma,UMLS_CUI:C0205823
DOID:10193,conventional lipoma,NCI:C27530
DOID:10193,conventional lipoma,UMLS_CUI:C1333059
DOID:10194,kidney lipoma,NCI:C5101
DOID:10194,kidney lipoma,UMLS_CUI:C1335744
DOID:10195,pleural lipoma,NCI:C6644
DOID:10195,pleural lipoma,SNOMEDCT_US_2023_03_01:2460001000004103
DOID:10195,pleural lipoma,UMLS_CUI:C1335434
DOID:10199,breast lipoma,NCI:C4647
DOID:10199,breast lipoma,SNOMEDCT_US_2023_03_01:276891009
DOID:10199,breast lipoma,UMLS_CUI:C0349565
DOID:10200,chest wall lipoma,NCI:C6719
DOID:10200,chest wall lipoma,SNOMEDCT_US_2023_03_01:448270009
DOID:10200,chest wall lipoma,UMLS_CUI:C1332932
DOID:10201,gallbladder lipoma,NCI:C5835
DOID:10201,gallbladder lipoma,UMLS_CUI:C1333747
DOID:10203,external ear lipoma,NCI:C4618
DOID:10203,external ear lipoma,SNOMEDCT_US_2023_03_01:188988008
DOID:10203,external ear lipoma,UMLS_CUI:C0347423
DOID:10205,axillary lipoma,NCI:C35419
DOID:10205,axillary lipoma,SNOMEDCT_US_2023_03_01:188993006
DOID:10205,axillary lipoma,UMLS_CUI:C0347429
DOID:10206,lipoma of spermatic cord,ICD9CM:214.4
DOID:10206,lipoma of spermatic cord,NCI:C3606
DOID:10206,lipoma of spermatic cord,SNOMEDCT_US_2023_03_01:93162007
DOID:10206,lipoma of spermatic cord,UMLS_CUI:C0153972
DOID:10207,paratesticular lipoma,NCI:C6384
DOID:10207,paratesticular lipoma,UMLS_CUI:C1335348
DOID:10208,chondroid lipoma,ICDO:8862/0
DOID:10208,chondroid lipoma,NCI:C6503
DOID:10208,chondroid lipoma,SNOMEDCT_US_2023_03_01:404065000
DOID:10208,chondroid lipoma,UMLS_CUI:C1266131
DOID:10209,extrahepatic bile duct lipoma,NCI:C5854
DOID:10209,extrahepatic bile duct lipoma,UMLS_CUI:C1333509
DOID:10283,prostate cancer,ICD10CM:C61
DOID:10283,prostate cancer,ICD9CM:185
DOID:10283,prostate cancer,KEGG:05215
DOID:10283,prostate cancer,MESH:D011471
DOID:10283,prostate cancer,MIM:176807
DOID:10283,prostate cancer,MIM:300147
DOID:10283,prostate cancer,MIM:300704
DOID:10283,prostate cancer,MIM:601518
DOID:10283,prostate cancer,MIM:602759
DOID:10283,prostate cancer,MIM:608656
DOID:10283,prostate cancer,MIM:608658
DOID:10283,prostate cancer,MIM:609299
DOID:10283,prostate cancer,MIM:609558
DOID:10283,prostate cancer,MIM:610321
DOID:10283,prostate cancer,MIM:610997
DOID:10283,prostate cancer,MIM:611100
DOID:10283,prostate cancer,MIM:611868
DOID:10283,prostate cancer,MIM:611928
DOID:10283,prostate cancer,MIM:611955
DOID:10283,prostate cancer,MIM:611958
DOID:10283,prostate cancer,MIM:611959
DOID:10283,prostate cancer,NCI:C3343
DOID:10283,prostate cancer,NCI:C7378
DOID:10283,prostate cancer,ORDO:1331
DOID:10283,prostate cancer,SNOMEDCT_US_2023_03_01:126906006
DOID:10283,prostate cancer,SNOMEDCT_US_2023_03_01:93974005
DOID:10283,prostate cancer,UMLS_CUI:C0033578
DOID:10283,prostate cancer,UMLS_CUI:C0376358
DOID:10286,prostate carcinoma,KEGG:05215
DOID:10286,prostate carcinoma,EFO:0001663
DOID:10286,prostate carcinoma,NCI:C4863
DOID:10286,prostate carcinoma,SNOMEDCT_US_2023_03_01:254900004
DOID:10286,prostate carcinoma,UMLS_CUI:C0600139
DOID:10287,prostate squamous cell carcinoma,NCI:C5536
DOID:10287,prostate squamous cell carcinoma,SNOMEDCT_US_2023_03_01:399590005
DOID:10287,prostate squamous cell carcinoma,UMLS_CUI:C1302530
DOID:10289,prostate malignant phyllodes tumor,MESH:C549759
DOID:10289,prostate malignant phyllodes tumor,NCI:C5531
DOID:10289,prostate malignant phyllodes tumor,UMLS_CUI:C1334615
DOID:10290,prostate lymphoma,NCI:C5533
DOID:10290,prostate lymphoma,UMLS_CUI:C1335512
DOID:10349,solitary cyst of breast,ICD10CM:N60.0
DOID:10349,solitary cyst of breast,ICD9CM:610.0
DOID:10349,solitary cyst of breast,NCI:C3378
DOID:10349,solitary cyst of breast,SNOMEDCT_US_2023_03_01:270538000
DOID:10349,solitary cyst of breast,UMLS_CUI:C0037619
DOID:1035,aggressive NK-cell leukemia,ICD10CM:C94.8
DOID:1035,aggressive NK-cell leukemia,ICDO:9948/3
DOID:1035,aggressive NK-cell leukemia,NCI:C8647
DOID:1035,aggressive NK-cell leukemia,SNOMEDCT_US_2023_03_01:128833001
DOID:1035,aggressive NK-cell leukemia,UMLS_CUI:C1292777
DOID:10350,breast cyst,ICD10CM:N60.0
DOID:10350,breast cyst,MESH:D047688
DOID:10350,breast cyst,NCI:C5315
DOID:10350,breast cyst,SNOMEDCT_US_2023_03_01:56726003
DOID:10350,breast cyst,UMLS_CUI:C0006144
DOID:10352,breast fibroadenosis,ICD10CM:N60.2
DOID:10352,breast fibroadenosis,ICD9CM:610.2
DOID:10352,breast fibroadenosis,SNOMEDCT_US_2023_03_01:270893004
DOID:10352,breast fibroadenosis,UMLS_CUI:C1305875
DOID:10353,fibrosclerosis of breast,ICD10CM:N60.3
DOID:10353,fibrosclerosis of breast,ICD9CM:610.3
DOID:10353,fibrosclerosis of breast,NCI:C3660
DOID:10353,fibrosclerosis of breast,SNOMEDCT_US_2023_03_01:29070004
DOID:10353,fibrosclerosis of breast,UMLS_CUI:C0156318
DOID:10354,breast fibrocystic disease,ICD10CM:N60.1
DOID:10354,breast fibrocystic disease,ICD9CM:610.1
DOID:10354,breast fibrocystic disease,MESH:D005348
DOID:10354,breast fibrocystic disease,NCI:C3039
DOID:10354,breast fibrocystic disease,SNOMEDCT_US_2023_03_01:198091009
DOID:10354,breast fibrocystic disease,UMLS_CUI:C0016034
DOID:1036,chronic leukemia,NCI:C3483
DOID:10366,epididymis cancer,ICD10CM:C63.0
DOID:10366,epididymis cancer,ICD9CM:187.5
DOID:10366,epididymis cancer,NCI:C3558
DOID:10366,epididymis cancer,SNOMEDCT_US_2023_03_01:363452003
DOID:10366,epididymis cancer,UMLS_CUI:C0153602
DOID:10368,epididymis adenocarcinoma,NCI:C39957
DOID:10368,epididymis adenocarcinoma,UMLS_CUI:C1510784
DOID:1037,lymphoid leukemia,ICD10CM:C91
DOID:1037,lymphoid leukemia,ICD9CM:204
DOID:1037,lymphoid leukemia,ICDO:9820/3
DOID:1037,lymphoid leukemia,MESH:D007945
DOID:1037,lymphoid leukemia,NCI:C7539
DOID:1037,lymphoid leukemia,SNOMEDCT_US_2023_03_01:93170002
DOID:1037,lymphoid leukemia,UMLS_CUI:C0023448
DOID:1039,prolymphocytic leukemia,ICDO:9832/3
DOID:1039,prolymphocytic leukemia,MESH:D015463
DOID:1039,prolymphocytic leukemia,NCI:C3181
DOID:1039,prolymphocytic leukemia,SNOMEDCT_US_2023_03_01:110006004
DOID:1039,prolymphocytic leukemia,UMLS_CUI:C0023486
DOID:1040,chronic lymphocytic leukemia,EFO:0000095
DOID:1040,chronic lymphocytic leukemia,GARD:6104
DOID:1040,chronic lymphocytic leukemia,ICD10CM:C91.10
DOID:1040,chronic lymphocytic leukemia,ICD9CM:204.1
DOID:1040,chronic lymphocytic leukemia,MESH:D015451
DOID:1040,chronic lymphocytic leukemia,MIM:109543
DOID:1040,chronic lymphocytic leukemia,MIM:151400
DOID:1040,chronic lymphocytic leukemia,MIM:609630
DOID:1040,chronic lymphocytic leukemia,MIM:612557
DOID:1040,chronic lymphocytic leukemia,MIM:612558
DOID:1040,chronic lymphocytic leukemia,MIM:612559
DOID:1040,chronic lymphocytic leukemia,NCI:C3163
DOID:1040,chronic lymphocytic leukemia,ORDO:67038
DOID:1040,chronic lymphocytic leukemia,SNOMEDCT_US_2023_03_01:51092000
DOID:1040,chronic lymphocytic leukemia,UMLS_CUI:C0023434
DOID:10534,stomach cancer,GARD:7704
DOID:10534,stomach cancer,ICD10CM:C16
DOID:10534,stomach cancer,ICD10CM:C16.2
DOID:10534,stomach cancer,ICD10CM:C16.5
DOID:10534,stomach cancer,ICD10CM:C16.6
DOID:10534,stomach cancer,ICD9CM:151
DOID:10534,stomach cancer,ICD9CM:151.4
DOID:10534,stomach cancer,ICD9CM:151.5
DOID:10534,stomach cancer,ICD9CM:151.6
DOID:10534,stomach cancer,MESH:D013274
DOID:10534,stomach cancer,MIM:613659
DOID:10534,stomach cancer,NCI:C3387
DOID:10534,stomach cancer,NCI:C9331
DOID:10534,stomach cancer,SNOMEDCT_US_2023_03_01:126824007
DOID:10534,stomach cancer,SNOMEDCT_US_2023_03_01:269459004
DOID:10534,stomach cancer,SNOMEDCT_US_2023_03_01:269460009
DOID:10534,stomach cancer,SNOMEDCT_US_2023_03_01:93717002
DOID:10534,stomach cancer,SNOMEDCT_US_2023_03_01:94074003
DOID:10534,stomach cancer,UMLS_CUI:C0024623
DOID:10534,stomach cancer,UMLS_CUI:C0038356
DOID:10534,stomach cancer,UMLS_CUI:C0153421
DOID:10534,stomach cancer,UMLS_CUI:C0153422
DOID:10534,stomach cancer,UMLS_CUI:C0153423
DOID:10536,malignant gastric granular cell tumor,NCI:C5484
DOID:10536,malignant gastric granular cell tumor,UMLS_CUI:C1334585
DOID:10538,gastric fundus cancer,ICD10CM:C16.1
DOID:10538,gastric fundus cancer,ICD9CM:151.3
DOID:10538,gastric fundus cancer,SNOMEDCT_US_2023_03_01:93809003
DOID:10538,gastric fundus cancer,UMLS_CUI:C0153420
DOID:10540,gastric lymphoma,GARD:6485
DOID:10540,gastric lymphoma,NCI:C4636
DOID:10540,gastric lymphoma,SNOMEDCT_US_2023_03_01:276811008
DOID:10540,gastric lymphoma,UMLS_CUI:C0349532
DOID:10541,microinvasive gastric cancer,NCI:C27131
DOID:10541,microinvasive gastric cancer,SNOMEDCT_US_2023_03_01:276809004
DOID:10541,microinvasive gastric cancer,UMLS_CUI:C0349530
DOID:10544,pylorus cancer,ICD10CM:C16.4
DOID:10544,pylorus cancer,ICD9CM:151.1
DOID:10544,pylorus cancer,NCI:C188051
DOID:10544,pylorus cancer,SNOMEDCT_US_2023_03_01:187736009
DOID:10544,pylorus cancer,UMLS_CUI:C0153418
DOID:10547,pyloric antrum cancer,ICD10CM:C16.3
DOID:10547,pyloric antrum cancer,ICD9CM:151.2
DOID:10547,pyloric antrum cancer,SNOMEDCT_US_2023_03_01:93976007
DOID:10547,pyloric antrum cancer,UMLS_CUI:C0153419
DOID:10548,cardia cancer,ICD10CM:C16.0
DOID:10548,cardia cancer,ICD9CM:151.0
DOID:10548,cardia cancer,SNOMEDCT_US_2023_03_01:187732006
DOID:10548,cardia cancer,UMLS_CUI:C0153417
DOID:10619,lymph node cancer,GARD:6932
DOID:10619,lymph node cancer,NCI:C35497
DOID:10619,lymph node cancer,SNOMEDCT_US_2023_03_01:127232002
DOID:10619,lymph node cancer,UMLS_CUI:C0596869
DOID:10655,lipoma of colon,NCI:C5493
DOID:10655,lipoma of colon,UMLS_CUI:C0940607
DOID:10657,colonic lymphangioma,NCI:C5500
DOID:10657,colonic lymphangioma,UMLS_CUI:C1333094
DOID:10660,mediastinum neuroblastoma,NCI:C6628
DOID:10660,mediastinum neuroblastoma,UMLS_CUI:C1334673
DOID:10661,mediastinum ganglioneuroblastoma,NCI:C6627
DOID:10661,mediastinum ganglioneuroblastoma,UMLS_CUI:C1334653
DOID:10686,lactocele,ICD10CM:N64.89
DOID:10686,lactocele,ICD9CM:611.5
DOID:10686,lactocele,MESH:C535998
DOID:10686,lactocele,NCI:C3515
DOID:10686,lactocele,SNOMEDCT_US_2023_03_01:42385006
DOID:10686,lactocele,UMLS_CUI:C0152243
DOID:10744,broad ligament malignant neoplasm,ICD10CM:C57.1
DOID:10744,broad ligament malignant neoplasm,ICD9CM:183.3
DOID:10744,broad ligament malignant neoplasm,NCI:C179934
DOID:10744,broad ligament malignant neoplasm,SNOMEDCT_US_2023_03_01:93728003
DOID:10744,broad ligament malignant neoplasm,UMLS_CUI:C0346866
DOID:10811,nasal cavity cancer,ICD10CM:C30.0
DOID:10811,nasal cavity cancer,ICD9CM:160.0
DOID:10811,nasal cavity cancer,NCI:C4918
DOID:10811,nasal cavity cancer,SNOMEDCT_US_2023_03_01:93917007
DOID:10811,nasal cavity cancer,UMLS_CUI:C0728864
DOID:10812,nasal cavity olfactory neuroblastoma,NCI:C7604
DOID:10812,nasal cavity olfactory neuroblastoma,UMLS_CUI:C1334923
DOID:10813,nasal cavity lymphoma,NCI:C6074
DOID:10813,nasal cavity lymphoma,UMLS_CUI:C1334921
DOID:10816,duodenum adenocarcinoma,NCI:C7889
DOID:10816,duodenum adenocarcinoma,SNOMEDCT_US_2023_03_01:408644002
DOID:10816,duodenum adenocarcinoma,UMLS_CUI:C0278804
DOID:11054,urinary bladder cancer,GARD:12210
DOID:11054,urinary bladder cancer,ICD10CM:C67
DOID:11054,urinary bladder cancer,ICD9CM:188
DOID:11054,urinary bladder cancer,KEGG:05219
DOID:11054,urinary bladder cancer,MESH:D001749
DOID:11054,urinary bladder cancer,MIM:109800
DOID:11054,urinary bladder cancer,NCI:C2901
DOID:11054,urinary bladder cancer,NCI:C9334
DOID:11054,urinary bladder cancer,SNOMEDCT_US_2023_03_01:126885006
DOID:11054,urinary bladder cancer,SNOMEDCT_US_2023_03_01:363455001
DOID:11054,urinary bladder cancer,UMLS_CUI:C0005684
DOID:11054,urinary bladder cancer,UMLS_CUI:C0005695
DOID:1106,esophagus lymphoma,NCI:C5687
DOID:1106,esophagus lymphoma,UMLS_CUI:C1333459
DOID:1107,esophageal carcinoma,EFO:0002916
DOID:1107,esophageal carcinoma,NCI:C3513
DOID:1107,esophageal carcinoma,SNOMEDCT_US_2023_03_01:255079005
DOID:1107,esophageal carcinoma,UMLS_CUI:C0152018
DOID:1108,esophagus melanoma,NCI:C5707
DOID:1108,esophagus melanoma,UMLS_CUI:C1333460
DOID:1114,esophagus sarcoma,NCI:C5341
DOID:1114,esophagus sarcoma,UMLS_CUI:C1333466
DOID:1115,sarcoma,ICD10CM:C49
DOID:1115,sarcoma,ICD9CM:171.9
DOID:1115,sarcoma,ICDO:8800/3
DOID:1115,sarcoma,SNOMEDCT_US_2023_03_01:93765001
DOID:1115,sarcoma,UMLS_CUI:C0153519
DOID:11239,appendix cancer,ICD10CM:C18.1
DOID:11239,appendix cancer,ICD9CM:153.5
DOID:11239,appendix cancer,MESH:D001063
DOID:11239,appendix cancer,NCI:C9333
DOID:11239,appendix cancer,SNOMEDCT_US_2023_03_01:93679002
DOID:11239,appendix cancer,UMLS_CUI:C0496779
DOID:11240,appendiceal neoplasm,MESH:D001063
DOID:11240,appendiceal neoplasm,NCI:C4434
DOID:11240,appendiceal neoplasm,SNOMEDCT_US_2023_03_01:126846004
DOID:11240,appendiceal neoplasm,UMLS_CUI:C0003614
DOID:11241,appendix lymphoma,NCI:C5513
DOID:11241,appendix lymphoma,SNOMEDCT_US_2023_03_01:1153357001
DOID:11241,appendix lymphoma,UMLS_CUI:C1332328
DOID:11294,arteriovenous malformation,ICD10CM:I77.0
DOID:11294,arteriovenous malformation,ICDO:9123/0
DOID:11294,arteriovenous malformation,NCI:C2882
DOID:11294,arteriovenous malformation,SNOMEDCT_US_2023_03_01:403966009
DOID:11294,arteriovenous malformation,UMLS_CUI:C0334533
DOID:1138,spinal meningioma,MESH:D008579
DOID:1138,spinal meningioma,GARD:10264
DOID:1138,spinal meningioma,NCI:C6935
DOID:1138,spinal meningioma,SNOMEDCT_US_2023_03_01:189167009
DOID:1138,spinal meningioma,UMLS_CUI:C0347515
DOID:1140,spinal canal and spinal cord meningioma,NCI:C5134
DOID:1140,spinal canal and spinal cord meningioma,UMLS_CUI:C1334264
DOID:11472,subglottis cancer,ICD10CM:C32.2
DOID:11472,subglottis cancer,ICD9CM:161.2
DOID:11472,subglottis cancer,NCI:C3546
DOID:11472,subglottis cancer,SNOMEDCT_US_2023_03_01:94075002
DOID:11472,subglottis cancer,UMLS_CUI:C0153485
DOID:11593,bladder lateral wall cancer,ICD10CM:C67.2
DOID:11593,bladder lateral wall cancer,ICD9CM:188.2
DOID:11593,bladder lateral wall cancer,NCI:C12333
DOID:11593,bladder lateral wall cancer,SNOMEDCT_US_2023_03_01:93863000
DOID:11593,bladder lateral wall cancer,UMLS_CUI:C0496828
DOID:116,pericardium cancer,ICD10CM:C38.0
DOID:116,pericardium cancer,NCI:C4567
DOID:116,pericardium cancer,NCI:C4651
DOID:116,pericardium cancer,SNOMEDCT_US_2023_03_01:126734005
DOID:116,pericardium cancer,SNOMEDCT_US_2023_03_01:93957005
DOID:116,pericardium cancer,UMLS_CUI:C0346609
DOID:116,pericardium cancer,UMLS_CUI:C0349574
DOID:11615,penile cancer,ICD10CM:C60
DOID:11615,penile cancer,ICD10CM:C60.2
DOID:11615,penile cancer,ICD9CM:187.3
DOID:11615,penile cancer,ICD9CM:187.4
DOID:11615,penile cancer,MESH:D010412
DOID:11615,penile cancer,NCI:C7547
DOID:11615,penile cancer,SNOMEDCT_US_2023_03_01:93716006
DOID:11615,penile cancer,SNOMEDCT_US_2023_03_01:93954003
DOID:11615,penile cancer,UMLS_CUI:C0153600
DOID:11615,penile cancer,UMLS_CUI:C0153601
DOID:11624,penile benign neoplasm,MESH:D010412
DOID:11624,penile benign neoplasm,NCI:C3317
DOID:11624,penile benign neoplasm,SNOMEDCT_US_2023_03_01:126896003
DOID:11624,penile benign neoplasm,UMLS_CUI:C0030849
DOID:11684,melanoacanthoma,NCI:C27548
DOID:11684,melanoacanthoma,SNOMEDCT_US_2023_03_01:201096007
DOID:11684,melanoacanthoma,UMLS_CUI:C1321683
DOID:11685,inflamed seborrheic keratosis,ICD10CM:L82.0
DOID:11685,inflamed seborrheic keratosis,ICD9CM:702.11
DOID:11685,inflamed seborrheic keratosis,SNOMEDCT_US_2023_03_01:442348004
DOID:11685,inflamed seborrheic keratosis,UMLS_CUI:C0376117
DOID:117,heart cancer,ICD10CM:C38.0
DOID:117,heart cancer,GARD:2619
DOID:117,heart cancer,ICD9CM:164.1
DOID:117,heart cancer,MESH:D006338
DOID:117,heart cancer,NCI:C3081
DOID:117,heart cancer,NCI:C3548
DOID:117,heart cancer,SNOMEDCT_US_2023_03_01:126730001
DOID:117,heart cancer,SNOMEDCT_US_2023_03_01:93825008
DOID:117,heart cancer,UMLS_CUI:C0018809
DOID:117,heart cancer,UMLS_CUI:C0153500
DOID:11746,parametrium malignant neoplasm,ICD10CM:C57.3
DOID:11746,parametrium malignant neoplasm,ICD9CM:183.4
DOID:11746,parametrium malignant neoplasm,SNOMEDCT_US_2023_03_01:93942003
DOID:11746,parametrium malignant neoplasm,UMLS_CUI:C0153581
DOID:11747,uterine adnexa cancer,ICD10CM:C57.4
DOID:11747,uterine adnexa cancer,ICD9CM:183
DOID:11747,uterine adnexa cancer,ICD9CM:183.9
DOID:11747,uterine adnexa cancer,SNOMEDCT_US_2023_03_01:188201008
DOID:11747,uterine adnexa cancer,SNOMEDCT_US_2023_03_01:94126000
DOID:11747,uterine adnexa cancer,UMLS_CUI:C0153577
DOID:11747,uterine adnexa cancer,UMLS_CUI:C0153584
DOID:11748,round ligament malignant neoplasm,ICD10CM:C57.2
DOID:11748,round ligament malignant neoplasm,ICD9CM:183.5
DOID:11748,round ligament malignant neoplasm,SNOMEDCT_US_2023_03_01:188204000
DOID:11748,round ligament malignant neoplasm,UMLS_CUI:C0346867
DOID:11809,bladder neck cancer,ICD10CM:C67.5
DOID:11809,bladder neck cancer,ICD9CM:188.5
DOID:11809,bladder neck cancer,SNOMEDCT_US_2023_03_01:188244007
DOID:11809,bladder neck cancer,UMLS_CUI:C0153613
DOID:11811,urinary bladder posterior wall cancer,ICD10CM:C67.4
DOID:11811,urinary bladder posterior wall cancer,ICD9CM:188.4
DOID:11811,urinary bladder posterior wall cancer,SNOMEDCT_US_2023_03_01:93972009
DOID:11811,urinary bladder posterior wall cancer,UMLS_CUI:C0153612
DOID:11812,bladder sarcoma,NCI:C4669
DOID:11812,bladder sarcoma,SNOMEDCT_US_2023_03_01:278046008
DOID:11812,bladder sarcoma,UMLS_CUI:C0349666
DOID:11813,bladder trigone cancer,ICD10CM:C67.0
DOID:11813,bladder trigone cancer,ICD9CM:188.0
DOID:11813,bladder trigone cancer,SNOMEDCT_US_2023_03_01:94109006
DOID:11813,bladder trigone cancer,UMLS_CUI:C0496826
DOID:11814,urinary bladder anterior wall cancer,ICD10CM:C67.3
DOID:11814,urinary bladder anterior wall cancer,ICD9CM:188.3
DOID:11814,urinary bladder anterior wall cancer,SNOMEDCT_US_2023_03_01:93675008
DOID:11814,urinary bladder anterior wall cancer,UMLS_CUI:C0153611
DOID:11817,urachus cancer,GARD:7836
DOID:11817,urachus cancer,ICD10CM:C67.7
DOID:11817,urachus cancer,ICD9CM:188.7
DOID:11817,urachus cancer,SNOMEDCT_US_2023_03_01:94120006
DOID:11817,urachus cancer,UMLS_CUI:C0153615
DOID:11818,ureteric orifice cancer,ICD10CM:C67.6
DOID:11818,ureteric orifice cancer,ICD9CM:188.6
DOID:11818,ureteric orifice cancer,NCI:C12337
DOID:11818,ureteric orifice cancer,SNOMEDCT_US_2023_03_01:188245008
DOID:11818,ureteric orifice cancer,UMLS_CUI:C0153614
DOID:11819,ureter cancer,ICD10CM:C66
DOID:11819,ureter cancer,ICD9CM:189.2
DOID:11819,ureter cancer,MESH:D014516
DOID:11819,ureter cancer,MIM:191600
DOID:11819,ureter cancer,NCI:C7543
DOID:11819,ureter cancer,SNOMEDCT_US_2023_03_01:94121005
DOID:11819,ureter cancer,UMLS_CUI:C0153619
DOID:11820,bladder dome cancer,ICD10CM:C67.1
DOID:11820,bladder dome cancer,ICD9CM:188.1
DOID:11820,bladder dome cancer,NCI:C12332
DOID:11820,bladder dome cancer,SNOMEDCT_US_2023_03_01:93678005
DOID:11820,bladder dome cancer,UMLS_CUI:C0496827
DOID:11821,bladder lymphoma,NCI:C6164
DOID:11821,bladder lymphoma,UMLS_CUI:C1332561
DOID:11838,penis sarcoma,NCI:C7730
DOID:11838,penis sarcoma,UMLS_CUI:C0238352
DOID:11839,glans penis cancer,ICD10CM:C60.1
DOID:11839,glans penis cancer,ICD9CM:187.2
DOID:11839,glans penis cancer,SNOMEDCT_US_2023_03_01:93813005
DOID:11839,glans penis cancer,UMLS_CUI:C0153599
DOID:11885,ureteral benign neoplasm,MESH:D014516
DOID:11885,ureteral benign neoplasm,NCI:C3427
DOID:11885,ureteral benign neoplasm,SNOMEDCT_US_2023_03_01:126882009
DOID:11885,ureteral benign neoplasm,UMLS_CUI:C0041955
DOID:11887,ureter leiomyoma,NCI:C6161
DOID:11887,ureter leiomyoma,UMLS_CUI:C1336875
DOID:11888,schwannoma of ureter,NCI:C6162
DOID:11888,schwannoma of ureter,UMLS_CUI:C1336877
DOID:11889,female breast nipple and areola cancer,ICD9CM:174.0
DOID:11889,female breast nipple and areola cancer,SNOMEDCT_US_2023_03_01:188147009
DOID:11889,female breast nipple and areola cancer,UMLS_CUI:C0024621
DOID:119,vaginal cancer,GARD:9348
DOID:119,vaginal cancer,ICD10CM:C52
DOID:119,vaginal cancer,ICD9CM:184.0
DOID:119,vaginal cancer,MESH:D014625
DOID:119,vaginal cancer,NCI:C3437
DOID:119,vaginal cancer,NCI:C7410
DOID:119,vaginal cancer,SNOMEDCT_US_2023_03_01:126921000
DOID:119,vaginal cancer,SNOMEDCT_US_2023_03_01:188210000
DOID:119,vaginal cancer,UMLS_CUI:C0042237
DOID:119,vaginal cancer,UMLS_CUI:C0042258
DOID:11905,labium majus cancer,ICD10CM:C51.0
DOID:11905,labium majus cancer,ICD9CM:184.1
DOID:11905,labium majus cancer,NCI:C7638
DOID:11905,labium majus cancer,SNOMEDCT_US_2023_03_01:93850006
DOID:11905,labium majus cancer,UMLS_CUI:C0496814
DOID:1192,peripheral nervous system neoplasm,MESH:D010524
DOID:1192,peripheral nervous system neoplasm,MESH:D018317
DOID:1192,peripheral nervous system neoplasm,NCI:C3321
DOID:1192,peripheral nervous system neoplasm,NCI:C4972
DOID:1192,peripheral nervous system neoplasm,SNOMEDCT_US_2023_03_01:126980002
DOID:1192,peripheral nervous system neoplasm,SNOMEDCT_US_2023_03_01:189946005
DOID:1192,peripheral nervous system neoplasm,UMLS_CUI:C0031118
DOID:1192,peripheral nervous system neoplasm,UMLS_CUI:C0206727
DOID:11920,tracheal cancer,ICD10CM:C33
DOID:11920,tracheal cancer,ICD9CM:162.0
DOID:11920,tracheal cancer,NCI:C9346
DOID:11920,tracheal cancer,SNOMEDCT_US_2023_03_01:187855003
DOID:11920,tracheal cancer,UMLS_CUI:C0153489
DOID:11934,head and neck cancer,GARD:12425
DOID:11934,head and neck cancer,MESH:D006258
DOID:11934,head and neck cancer,NCI:C3077
DOID:11934,head and neck cancer,SNOMEDCT_US_2023_03_01:255055008
DOID:11934,head and neck cancer,UMLS_CUI:C0018671
DOID:120,female reproductive organ cancer,ICD10CM:C57
DOID:120,female reproductive organ cancer,ICD9CM:184
DOID:120,female reproductive organ cancer,MESH:D005833
DOID:120,female reproductive organ cancer,NCI:C3053
DOID:120,female reproductive organ cancer,NCI:C4913
DOID:120,female reproductive organ cancer,SNOMEDCT_US_2023_03_01:126907002
DOID:120,female reproductive organ cancer,SNOMEDCT_US_2023_03_01:188207007
DOID:120,female reproductive organ cancer,UMLS_CUI:C0017416
DOID:120,female reproductive organ cancer,UMLS_CUI:C0153585
DOID:120,female reproductive organ cancer,UMLS_CUI:C0699889
DOID:12001,tracheal lymphoma,NCI:C6248
DOID:12001,tracheal lymphoma,UMLS_CUI:C1336773
DOID:12002,trachea sarcoma,NCI:C6050
DOID:12002,trachea sarcoma,UMLS_CUI:C1336774
DOID:12003,trachea squamous cell carcinoma,NCI:C4448
DOID:12003,trachea squamous cell carcinoma,SNOMEDCT_US_2023_03_01:254620000
DOID:12003,trachea squamous cell carcinoma,UMLS_CUI:C0345946
DOID:1201,trigeminal nerve neoplasm,NCI:C5122
DOID:1201,trigeminal nerve neoplasm,SNOMEDCT_US_2023_03_01:126971002
DOID:1201,trigeminal nerve neoplasm,UMLS_CUI:C1263897
DOID:12016,frontal lobe neoplasm,ICD10CM:C71.1
DOID:12016,frontal lobe neoplasm,ICD9CM:191.1
DOID:12016,frontal lobe neoplasm,NCI:C5572
DOID:12016,frontal lobe neoplasm,SNOMEDCT_US_2023_03_01:126954003
DOID:12016,frontal lobe neoplasm,SNOMEDCT_US_2023_03_01:93807001
DOID:12016,frontal lobe neoplasm,UMLS_CUI:C0153635
DOID:12016,frontal lobe neoplasm,UMLS_CUI:C1263886
DOID:12028,Conn's syndrome,GARD:7456
DOID:12028,Conn's syndrome,ICD10CM:E26.01
DOID:12028,Conn's syndrome,ICD9CM:255.12
DOID:12028,Conn's syndrome,MESH:D006929
DOID:12028,Conn's syndrome,NCI:C34510
DOID:12028,Conn's syndrome,SNOMEDCT_US_2023_03_01:13536004
DOID:12028,Conn's syndrome,UMLS_CUI:C1384514
DOID:12064,mediastinum neurofibroma,NCI:C6631
DOID:12064,mediastinum neurofibroma,UMLS_CUI:C1334674
DOID:12190,descending colon cancer,ICD10CM:C18.6
DOID:12190,descending colon cancer,ICD9CM:153.2
DOID:12190,descending colon cancer,SNOMEDCT_US_2023_03_01:93771007
DOID:12190,descending colon cancer,UMLS_CUI:C0153435
DOID:12191,splenic flexure cancer,ICD10CM:C18.5
DOID:12191,splenic flexure cancer,ICD9CM:153.7
DOID:12191,splenic flexure cancer,SNOMEDCT_US_2023_03_01:94072004
DOID:12191,splenic flexure cancer,UMLS_CUI:C0153440
DOID:12192,sigmoid colon cancer,ICD10CM:C18.7
DOID:12192,sigmoid colon cancer,ICD9CM:153.3
DOID:12192,sigmoid colon cancer,MESH:D012811
DOID:12192,sigmoid colon cancer,SNOMEDCT_US_2023_03_01:94006002
DOID:12192,sigmoid colon cancer,UMLS_CUI:C0153436
DOID:12239,anal margin squamous cell carcinoma,ICD10CM:C44.520
DOID:12239,anal margin squamous cell carcinoma,NCI:C6925
DOID:12239,anal margin squamous cell carcinoma,SNOMEDCT_US_2023_03_01:255084004
DOID:12239,anal margin squamous cell carcinoma,UMLS_CUI:C1412037
DOID:12253,testicular lymphoma,NCI:C6810
DOID:12253,testicular lymphoma,SNOMEDCT_US_2023_03_01:277664004
DOID:12253,testicular lymphoma,UMLS_CUI:C0349644
DOID:12276,malignant tumor of undescended testis,ICD10CM:C62.0
DOID:12276,malignant tumor of undescended testis,ICD9CM:186.0
DOID:12276,malignant tumor of undescended testis,SNOMEDCT_US_2023_03_01:188219004
DOID:12276,malignant tumor of undescended testis,UMLS_CUI:C0153595
DOID:12286,testicular leukemia,NCI:C9277
DOID:12286,testicular leukemia,UMLS_CUI:C1336711
DOID:12298,intrahepatic gall duct cancer,ICD9CM:155.1
DOID:12298,intrahepatic gall duct cancer,SNOMEDCT_US_2023_03_01:187777008
DOID:12298,intrahepatic gall duct cancer,UMLS_CUI:C0546835
DOID:12339,retroperitoneal lymphoma,NCI:C7353
DOID:12339,retroperitoneal lymphoma,UMLS_CUI:C1335779
DOID:12341,retroperitoneal sarcoma,NCI:C4832
DOID:12341,retroperitoneal sarcoma,SNOMEDCT_US_2023_03_01:307219002
DOID:12341,retroperitoneal sarcoma,UMLS_CUI:C0585129
DOID:12342,retroperitoneum carcinoma,NCI:C7352
DOID:12342,retroperitoneum carcinoma,UMLS_CUI:C0948749
DOID:1240,leukemia,ICD10CM:C95.90
DOID:1240,leukemia,ICD9CM:208
DOID:1240,leukemia,ICDO:9800/3
DOID:1240,leukemia,MESH:D007938
DOID:1240,leukemia,NCI:C3161
DOID:1240,leukemia,SNOMEDCT_US_2023_03_01:255049003
DOID:1240,leukemia,UMLS_CUI:C0023418
DOID:1243,labia minora cancer,ICD10CM:C51.1
DOID:1243,labia minora cancer,ICD9CM:184.2
DOID:1243,labia minora cancer,NCI:C7637
DOID:1243,labia minora cancer,SNOMEDCT_US_2023_03_01:93851005
DOID:1243,labia minora cancer,UMLS_CUI:C0496815
DOID:1245,vulva cancer,GARD:9349
DOID:1245,vulva cancer,ICD10CM:C51
DOID:1245,vulva cancer,ICD9CM:184.4
DOID:1245,vulva cancer,MESH:D014846
DOID:1245,vulva cancer,NCI:C3443
DOID:1245,vulva cancer,NCI:C7502
DOID:1245,vulva cancer,SNOMEDCT_US_2023_03_01:126922007
DOID:1245,vulva cancer,SNOMEDCT_US_2023_03_01:94143002
DOID:1245,vulva cancer,UMLS_CUI:C0042995
DOID:1245,vulva cancer,UMLS_CUI:C0375071
DOID:125,vagina leiomyoma,NCI:C6373
DOID:125,vagina leiomyoma,UMLS_CUI:C1336939
DOID:12603,acute leukemia,ICD10CM:C95.00
DOID:12603,acute leukemia,ICD9CM:208.0
DOID:12603,acute leukemia,ICDO:9801/3
DOID:12603,acute leukemia,MIM:308960
DOID:12603,acute leukemia,NCI:C9300
DOID:12603,acute leukemia,SNOMEDCT_US_2023_03_01:24072005
DOID:12603,acute leukemia,UMLS_CUI:C0085669
DOID:12603,acute leukemia,UMLS_CUI:C1378511
DOID:12689,acoustic neuroma,GARD:223
DOID:12689,acoustic neuroma,MESH:D009464
DOID:12689,acoustic neuroma,NCI:C3276
DOID:12689,acoustic neuroma,SNOMEDCT_US_2023_03_01:269643009
DOID:12689,acoustic neuroma,UMLS_CUI:C0027859
DOID:127,leiomyoma,ICDO:8890/0
DOID:127,leiomyoma,MESH:D007889
DOID:127,leiomyoma,NCI:C3157
DOID:127,leiomyoma,SNOMEDCT_US_2023_03_01:1162890002
DOID:127,leiomyoma,UMLS_CUI:C0023267
DOID:12756,lacrimal duct cancer,ICD9CM:190.7
DOID:12756,lacrimal duct cancer,NCI:C3567
DOID:12756,lacrimal duct cancer,SNOMEDCT_US_2023_03_01:93852003
DOID:12756,lacrimal duct cancer,UMLS_CUI:C0153631
DOID:12759,choroid cancer,ICD10CM:C69.3
DOID:12759,choroid cancer,ICD9CM:190.6
DOID:12759,choroid cancer,MESH:D002830
DOID:12759,choroid cancer,NCI:C2949
DOID:12759,choroid cancer,NCI:C3566
DOID:12759,choroid cancer,SNOMEDCT_US_2023_03_01:127001008
DOID:12759,choroid cancer,SNOMEDCT_US_2023_03_01:93755007
DOID:12759,choroid cancer,UMLS_CUI:C0008523
DOID:12759,choroid cancer,UMLS_CUI:C0153630
DOID:1293,labia minora carcinoma,NCI:C9364
DOID:1293,labia minora carcinoma,UMLS_CUI:C1334357
DOID:1294,vulva carcinoma,NCI:C4866
DOID:1294,vulva carcinoma,UMLS_CUI:C0677055
DOID:12969,central nervous system leukemia,NCI:C5440
DOID:12969,central nervous system leukemia,UMLS_CUI:C1332884
DOID:12972,intrapelvic lymph node leukemic reticuloendotheliosis,ICD9CM:202.46
DOID:12972,intrapelvic lymph node leukemic reticuloendotheliosis,SNOMEDCT_US_2023_03_01:188650008
DOID:12972,intrapelvic lymph node leukemic reticuloendotheliosis,UMLS_CUI:C0153831
DOID:12984,vagus nerve neoplasm,NCI:C5831
DOID:12984,vagus nerve neoplasm,SNOMEDCT_US_2023_03_01:126976007
DOID:12984,vagus nerve neoplasm,UMLS_CUI:C1263901
DOID:13005,intra-abdominal lymph node mast cell malignancy,ICD9CM:202.63
DOID:13005,intra-abdominal lymph node mast cell malignancy,SNOMEDCT_US_2023_03_01:188664008
DOID:13005,intra-abdominal lymph node mast cell malignancy,UMLS_CUI:C0153844
DOID:13081,hemangioma of subcutaneous tissue,NCI:C8540
DOID:13081,hemangioma of subcutaneous tissue,SNOMEDCT_US_2023_03_01:93473009
DOID:13081,hemangioma of subcutaneous tissue,UMLS_CUI:C0685200
DOID:13109,bladder leiomyoma,NCI:C6178
DOID:13109,bladder leiomyoma,UMLS_CUI:C1332560
DOID:13110,bladder squamous papilloma,NCI:C39834
DOID:13110,bladder squamous papilloma,UMLS_CUI:C1511199
DOID:13159,scrotum squamous cell carcinoma,NCI:C4643
DOID:13159,scrotum squamous cell carcinoma,SNOMEDCT_US_2023_03_01:276860003
DOID:13159,scrotum squamous cell carcinoma,UMLS_CUI:C0349551
DOID:13160,scrotum melanoma,NCI:C7361
DOID:13160,scrotum melanoma,UMLS_CUI:C1331544
DOID:13168,prepuce cancer,ICD10CM:C60.0
DOID:13168,prepuce cancer,ICD9CM:187.1
DOID:13168,prepuce cancer,SNOMEDCT_US_2023_03_01:93805009
DOID:13168,prepuce cancer,UMLS_CUI:C0153598
DOID:13169,spermatic cord cancer,ICD10CM:C63.1
DOID:13169,spermatic cord cancer,ICD9CM:187.6
DOID:13169,spermatic cord cancer,NCI:C3559
DOID:13169,spermatic cord cancer,SNOMEDCT_US_2023_03_01:94065000
DOID:13169,spermatic cord cancer,UMLS_CUI:C0153603
DOID:1319,brain cancer,ICD10CM:C71
DOID:1319,brain cancer,ICD9CM:191
DOID:1319,brain cancer,ICD9CM:239.6
DOID:1319,brain cancer,MESH:D001932
DOID:1319,brain cancer,NCI:C170814
DOID:1319,brain cancer,NCI:C2907
DOID:1319,brain cancer,NCI:C3568
DOID:1319,brain cancer,NCI:C5115
DOID:1319,brain cancer,NCI:C7710
DOID:1319,brain cancer,SNOMEDCT_US_2023_03_01:126952004
DOID:1319,brain cancer,SNOMEDCT_US_2023_03_01:428061005
DOID:1319,brain cancer,SNOMEDCT_US_2023_03_01:93727008
DOID:1319,brain cancer,UMLS_CUI:C0006118
DOID:1319,brain cancer,UMLS_CUI:C0153633
DOID:1319,brain cancer,UMLS_CUI:C0220624
DOID:1319,brain cancer,UMLS_CUI:C0750974
DOID:1319,brain cancer,UMLS_CUI:C0750979
DOID:1319,brain cancer,UMLS_CUI:C1334557
DOID:13222,submucous uterine fibroid,ICD10CM:D25.0
DOID:13222,submucous uterine fibroid,ICD9CM:218.0
DOID:13222,submucous uterine fibroid,SNOMEDCT_US_2023_03_01:95279007
DOID:13222,submucous uterine fibroid,UMLS_CUI:C0153993
DOID:13223,uterine fibroid,MESH:D007889
DOID:13223,uterine fibroid,EFO:0000731
DOID:13223,uterine fibroid,ICD10CM:D25
DOID:13223,uterine fibroid,ICD9CM:218
DOID:13223,uterine fibroid,MIM:150699
DOID:13223,uterine fibroid,NCI:C3434
DOID:13223,uterine fibroid,SNOMEDCT_US_2023_03_01:44598004
DOID:13223,uterine fibroid,UMLS_CUI:C0042133
DOID:1324,lung cancer,ICD10CM:C34.1
DOID:1324,lung cancer,ICD10CM:C34.2
DOID:1324,lung cancer,ICD10CM:C34.3
DOID:1324,lung cancer,ICD9CM:162.3
DOID:1324,lung cancer,ICD9CM:162.4
DOID:1324,lung cancer,ICD9CM:162.5
DOID:1324,lung cancer,ICD9CM:162.8
DOID:1324,lung cancer,MIM:211980
DOID:1324,lung cancer,MIM:608935
DOID:1324,lung cancer,MIM:612571
DOID:1324,lung cancer,MIM:612593
DOID:1324,lung cancer,MIM:614210
DOID:1324,lung cancer,SNOMEDCT_US_2023_03_01:187860004
DOID:1324,lung cancer,SNOMEDCT_US_2023_03_01:187864008
DOID:1324,lung cancer,SNOMEDCT_US_2023_03_01:187868006
DOID:1324,lung cancer,SNOMEDCT_US_2023_03_01:187874006
DOID:1324,lung cancer,UMLS_CUI:C0024624
DOID:1324,lung cancer,UMLS_CUI:C0153491
DOID:1324,lung cancer,UMLS_CUI:C0153492
DOID:1324,lung cancer,UMLS_CUI:C0153493
DOID:1325,bronchus cancer,ICD10CM:C34
DOID:1325,bronchus cancer,ICD9CM:162.9
DOID:1325,bronchus cancer,SNOMEDCT_US_2023_03_01:187875007
DOID:1325,bronchus cancer,UMLS_CUI:C0348343
DOID:133,vaginal Mullerian papilloma,NCI:C40255
DOID:133,vaginal Mullerian papilloma,UMLS_CUI:C1519926
DOID:13348,laryngeal cartilage cancer,ICD10CM:C32.3
DOID:13348,laryngeal cartilage cancer,ICD9CM:161.3
DOID:13348,laryngeal cartilage cancer,SNOMEDCT_US_2023_03_01:109370001
DOID:13348,laryngeal cartilage cancer,UMLS_CUI:C0153486
DOID:13389,labia majora carcinoma,NCI:C9363
DOID:13389,labia majora carcinoma,UMLS_CUI:C1334356
DOID:134,vaginal glandular tumor,NCI:C40250
DOID:134,vaginal glandular tumor,UMLS_CUI:C1519921
DOID:13476,supraglottis cancer,ICD10CM:C32.1
DOID:13476,supraglottis cancer,ICD9CM:161.1
DOID:13476,supraglottis cancer,NCI:C3545
DOID:13476,supraglottis cancer,SNOMEDCT_US_2023_03_01:187842004
DOID:13476,supraglottis cancer,UMLS_CUI:C0153484
DOID:13499,jejunal cancer,ICD10CM:C17.1
DOID:13499,jejunal cancer,ICD9CM:152.1
DOID:13499,jejunal cancer,MESH:D007580
DOID:13499,jejunal cancer,NCI:C170919
DOID:13499,jejunal cancer,SNOMEDCT_US_2023_03_01:93846004
DOID:13499,jejunal cancer,UMLS_CUI:C0153427
DOID:135,benign vaginal carcinosarcoma,NCI:C40275
DOID:135,benign vaginal carcinosarcoma,UMLS_CUI:C1511106
DOID:1350,paranasal sinus benign neoplasm,MESH:D010255
DOID:1350,paranasal sinus benign neoplasm,NCI:C7488
DOID:1350,paranasal sinus benign neoplasm,SNOMEDCT_US_2023_03_01:126675008
DOID:1350,paranasal sinus benign neoplasm,UMLS_CUI:C0030470
DOID:13538,cornea squamous cell carcinoma,NCI:C4552
DOID:13538,cornea squamous cell carcinoma,SNOMEDCT_US_2023_03_01:255008003
DOID:13538,cornea squamous cell carcinoma,UMLS_CUI:C0346366
DOID:1355,paranasal sinus lymphoma,NCI:C6068
DOID:1355,paranasal sinus lymphoma,UMLS_CUI:C1335339
DOID:13560,subserous uterine fibroid,ICD10CM:D25.2
DOID:13560,subserous uterine fibroid,ICD9CM:218.2
DOID:13560,subserous uterine fibroid,SNOMEDCT_US_2023_03_01:95280005
DOID:13560,subserous uterine fibroid,UMLS_CUI:C0153995
DOID:1357,maxillary sinus cancer,ICD10CM:C31.0
DOID:1357,maxillary sinus cancer,ICD9CM:160.2
DOID:1357,maxillary sinus cancer,NCI:C3540
DOID:1357,maxillary sinus cancer,NCI:C9332
DOID:1357,maxillary sinus cancer,SNOMEDCT_US_2023_03_01:93889000
DOID:1357,maxillary sinus cancer,UMLS_CUI:C0153476
DOID:1357,maxillary sinus cancer,UMLS_CUI:C0740487
DOID:1358,maxillary sinus benign neoplasm,MESH:D008444
DOID:1358,maxillary sinus benign neoplasm,NCI:C3219
DOID:1358,maxillary sinus benign neoplasm,SNOMEDCT_US_2023_03_01:126676009
DOID:1358,maxillary sinus benign neoplasm,UMLS_CUI:C0024958
DOID:136,vaginal carcinosarcoma,NCI:C40274
DOID:136,vaginal carcinosarcoma,NCI:C40276
DOID:136,vaginal carcinosarcoma,NCI:C40278
DOID:136,vaginal carcinosarcoma,UMLS_CUI:C1512974
DOID:136,vaginal carcinosarcoma,UMLS_CUI:C1519918
DOID:136,vaginal carcinosarcoma,UMLS_CUI:C1519924
DOID:1360,frontal sinus cancer,ICD10CM:C31.2
DOID:1360,frontal sinus cancer,ICD9CM:160.4
DOID:1360,frontal sinus cancer,NCI:C3542
DOID:1360,frontal sinus cancer,SNOMEDCT_US_2023_03_01:93808006
DOID:1360,frontal sinus cancer,UMLS_CUI:C0153478
DOID:1361,frontal sinus benign neoplasm,NCI:C4419
DOID:1361,frontal sinus benign neoplasm,SNOMEDCT_US_2023_03_01:126678005
DOID:1361,frontal sinus benign neoplasm,UMLS_CUI:C0345672
DOID:1362,paranasal sinus sarcoma,NCI:C6849
DOID:1362,paranasal sinus sarcoma,UMLS_CUI:C1335342
DOID:1363,ethmoid sinus cancer,ICD10CM:C31.1
DOID:1363,ethmoid sinus cancer,ICD9CM:160.3
DOID:1363,ethmoid sinus cancer,NCI:C3541
DOID:1363,ethmoid sinus cancer,SNOMEDCT_US_2023_03_01:363426009
DOID:1363,ethmoid sinus cancer,UMLS_CUI:C0153477
DOID:1364,ethmoidal sinus benign neoplasm,NCI:C4416
DOID:1364,ethmoidal sinus benign neoplasm,SNOMEDCT_US_2023_03_01:126677000
DOID:1364,ethmoidal sinus benign neoplasm,UMLS_CUI:C0345668
DOID:13691,dermoid cyst of skin,NCI:C4632
DOID:13691,dermoid cyst of skin,SNOMEDCT_US_2023_03_01:154630005
DOID:13691,dermoid cyst of skin,UMLS_CUI:C0349502
DOID:137,vaginal squamous papilloma,NCI:C6374
DOID:137,vaginal squamous papilloma,UMLS_CUI:C1336943
DOID:1371,uterine corpus adenomatoid tumor,NCI:C27250
DOID:1371,uterine corpus adenomatoid tumor,UMLS_CUI:C1336902
DOID:1373,endometrial stromal nodule,ICDO:8930/0
DOID:1373,endometrial stromal nodule,NCI:C4262
DOID:1373,endometrial stromal nodule,SNOMEDCT_US_2023_03_01:189810002
DOID:1373,endometrial stromal nodule,UMLS_CUI:C0334485
DOID:13742,neurofibroma of spinal cord,NCI:C5145
DOID:13742,neurofibroma of spinal cord,UMLS_CUI:C1336047
DOID:13743,spinal cord lipoma,NCI:C4619
DOID:13743,spinal cord lipoma,SNOMEDCT_US_2023_03_01:189017000
DOID:13743,spinal cord lipoma,UMLS_CUI:C0347446
DOID:13799,female breast central part cancer,ICD10CM:C50.11
DOID:13799,female breast central part cancer,ICD9CM:174.1
DOID:13799,female breast central part cancer,SNOMEDCT_US_2023_03_01:188151006
DOID:13799,female breast central part cancer,UMLS_CUI:C0153549
DOID:138,vaginal squamous tumor,NCI:C40242
DOID:138,vaginal squamous tumor,UMLS_CUI:C1519931
DOID:1380,endometrial cancer,EFO:0004230
DOID:1380,endometrial cancer,GARD:11981
DOID:1380,endometrial cancer,ICD10CM:C54.1
DOID:1380,endometrial cancer,KEGG:05213
DOID:1380,endometrial cancer,MESH:D016889
DOID:1380,endometrial cancer,MIM:608089
DOID:1380,endometrial cancer,NCI:C27815
DOID:1380,endometrial cancer,NCI:C3012
DOID:1380,endometrial cancer,SNOMEDCT_US_2023_03_01:123844007
DOID:1380,endometrial cancer,SNOMEDCT_US_2023_03_01:188192002
DOID:1380,endometrial cancer,UMLS_CUI:C0007103
DOID:1380,endometrial cancer,UMLS_CUI:C0014170
DOID:139,squamous cell papilloma,ICDO:8052/0
DOID:139,squamous cell papilloma,MESH:D010212
DOID:139,squamous cell papilloma,NCI:C3712
DOID:139,squamous cell papilloma,SNOMEDCT_US_2023_03_01:63451008
DOID:139,squamous cell papilloma,UMLS_CUI:C0205874
DOID:13951,uterine corpus epithelioid leiomyoma,NCI:C40164
DOID:13951,uterine corpus epithelioid leiomyoma,UMLS_CUI:C1519850
DOID:13953,uterine corpus dissecting leiomyoma,NCI:C40172
DOID:13953,uterine corpus dissecting leiomyoma,UMLS_CUI:C1519847
DOID:13955,uterus interstitial leiomyoma,ICD10CM:D25.1
DOID:13955,uterus interstitial leiomyoma,ICD9CM:218.1
DOID:13955,uterus interstitial leiomyoma,SNOMEDCT_US_2023_03_01:93616000
DOID:13955,uterus interstitial leiomyoma,UMLS_CUI:C0153994
DOID:13956,uterine corpus myxoid leiomyoma,NCI:C40166
DOID:13956,uterine corpus myxoid leiomyoma,UMLS_CUI:C1519860
DOID:13957,uterine corpus lipoleiomyoma,NCI:C40168
DOID:13957,uterine corpus lipoleiomyoma,UMLS_CUI:C1519856
DOID:13958,uterine corpus bizarre leiomyoma,NCI:C40167
DOID:13958,uterine corpus bizarre leiomyoma,UMLS_CUI:C1519853
DOID:13972,female breast lower-outer quadrant cancer,ICD10CM:C50.51
DOID:13972,female breast lower-outer quadrant cancer,ICD9CM:174.5
DOID:13972,female breast lower-outer quadrant cancer,SNOMEDCT_US_2023_03_01:188155002
DOID:13972,female breast lower-outer quadrant cancer,UMLS_CUI:C0153553
DOID:13996,small intestine lymphoma,NCI:C4007
DOID:13996,small intestine lymphoma,SNOMEDCT_US_2023_03_01:449074003
DOID:13996,small intestine lymphoma,UMLS_CUI:C0278805
DOID:14032,malignant parietal pleura tumor,SNOMEDCT_US_2023_03_01:93948004
DOID:14032,malignant parietal pleura tumor,UMLS_CUI:C0153495
DOID:14033,malignant visceral pleura tumor,SNOMEDCT_US_2023_03_01:94140004
DOID:14033,malignant visceral pleura tumor,UMLS_CUI:C0153496
DOID:14059,paraurethral gland cancer,ICD10CM:C68.1
DOID:14059,paraurethral gland cancer,ICD9CM:189.4
DOID:14059,paraurethral gland cancer,SNOMEDCT_US_2023_03_01:93944002
DOID:14059,paraurethral gland cancer,UMLS_CUI:C0153621
DOID:14110,anus cancer,GARD:9300
DOID:14110,anus cancer,ICD10CM:C21.0
DOID:14110,anus cancer,ICD10CM:C21.1
DOID:14110,anus cancer,ICD9CM:154.2
DOID:14110,anus cancer,ICD9CM:154.3
DOID:14110,anus cancer,NCI:C7379
DOID:14110,anus cancer,SNOMEDCT_US_2023_03_01:93669004
DOID:14110,anus cancer,SNOMEDCT_US_2023_03_01:93676009
DOID:14110,anus cancer,UMLS_CUI:C0153445
DOID:14110,anus cancer,UMLS_CUI:C0153446
DOID:14125,abducens nerve neoplasm,NCI:C5826
DOID:14125,abducens nerve neoplasm,SNOMEDCT_US_2023_03_01:126972009
DOID:14125,abducens nerve neoplasm,UMLS_CUI:C1263898
DOID:14139,anus lymphoma,NCI:C5601
DOID:14139,anus lymphoma,SNOMEDCT_US_2023_03_01:1153356005
DOID:14139,anus lymphoma,UMLS_CUI:C1332268
DOID:14145,malignant anus melanoma,NCI:C4639
DOID:14145,malignant anus melanoma,SNOMEDCT_US_2023_03_01:276821000
DOID:14145,malignant anus melanoma,UMLS_CUI:C0349538
DOID:14150,spinal cord lymphoma,NCI:C5157
DOID:14150,spinal cord lymphoma,UMLS_CUI:C1336044
DOID:14151,spinal cord melanoma,NCI:C5158
DOID:14151,spinal cord melanoma,UMLS_CUI:C1336045
DOID:14152,spinal cord sarcoma,NCI:C5152
DOID:14152,spinal cord sarcoma,UMLS_CUI:C1336049
DOID:14174,central neurocytoma,ICDO:9506/1
DOID:14174,central neurocytoma,MESH:D018306
DOID:14174,central neurocytoma,NCI:C3791
DOID:14174,central neurocytoma,SNOMEDCT_US_2023_03_01:302832007
DOID:14174,central neurocytoma,UMLS_CUI:C0206719
DOID:14175,von Hippel-Lindau disease,GARD:7855
DOID:14175,von Hippel-Lindau disease,ICD10CM:Q85.83
DOID:14175,von Hippel-Lindau disease,MESH:D006623
DOID:14175,von Hippel-Lindau disease,MIM:193300
DOID:14175,von Hippel-Lindau disease,NCI:C3105
DOID:14175,von Hippel-Lindau disease,SNOMEDCT_US_2023_03_01:46659004
DOID:14175,von Hippel-Lindau disease,UMLS_CUI:C0019562
DOID:14308,skin epithelioid hemangioma,MESH:D000796
DOID:14308,skin epithelioid hemangioma,NCI:C7393
DOID:14308,skin epithelioid hemangioma,SNOMEDCT_US_2023_03_01:254791004
DOID:14308,skin epithelioid hemangioma,UMLS_CUI:C0002989
DOID:14384,parietal lobe neoplasm,ICD10CM:C71.3
DOID:14384,parietal lobe neoplasm,ICD9CM:191.3
DOID:14384,parietal lobe neoplasm,NCI:C5573
DOID:14384,parietal lobe neoplasm,SNOMEDCT_US_2023_03_01:126956001
DOID:14384,parietal lobe neoplasm,SNOMEDCT_US_2023_03_01:93946000
DOID:14384,parietal lobe neoplasm,UMLS_CUI:C0153637
DOID:14384,parietal lobe neoplasm,UMLS_CUI:C1263888
DOID:14489,ureteral lymphoma,NCI:C6175
DOID:14489,ureteral lymphoma,UMLS_CUI:C1336876
DOID:14491,regional ureteric cancer,NCI:C9356
DOID:14491,regional ureteric cancer,UMLS_CUI:C0854921
DOID:14534,malignant cardiac peripheral nerve sheath neoplasm,NCI:C5367
DOID:14534,malignant cardiac peripheral nerve sheath neoplasm,UMLS_CUI:C1334569
DOID:14535,malignant cardiac germ cell tumor,NCI:C5371
DOID:14535,malignant cardiac germ cell tumor,SNOMEDCT_US_2023_03_01:866080006
DOID:14535,malignant cardiac germ cell tumor,UMLS_CUI:C1334566
DOID:14544,rete testis adenocarcinoma,NCI:C8955
DOID:14544,rete testis adenocarcinoma,UMLS_CUI:C0863024
DOID:14545,seminal vesicle adenocarcinoma,NCI:C39906
DOID:14545,seminal vesicle adenocarcinoma,UMLS_CUI:C1519233
DOID:14546,sphenoidal sinus cancer,ICD10CM:C31.3
DOID:14546,sphenoidal sinus cancer,ICD9CM:160.5
DOID:14546,sphenoidal sinus cancer,NCI:C3543
DOID:14546,sphenoidal sinus cancer,SNOMEDCT_US_2023_03_01:94067008
DOID:14546,sphenoidal sinus cancer,UMLS_CUI:C0153479
DOID:14547,sphenoid sinus squamous cell carcinoma,NCI:C6066
DOID:14547,sphenoid sinus squamous cell carcinoma,SNOMEDCT_US_2023_03_01:1255660002
DOID:14547,sphenoid sinus squamous cell carcinoma,UMLS_CUI:C1336039
DOID:1475,lymphangioma,GARD:9789
DOID:1475,lymphangioma,ICD10CM:D18.1
DOID:1475,lymphangioma,ICD9CM:228.1
DOID:1475,lymphangioma,ICDO:9170/0
DOID:1475,lymphangioma,MESH:D008202
DOID:1475,lymphangioma,NCI:C8965
DOID:1475,lymphangioma,SNOMEDCT_US_2023_03_01:154625006
DOID:1475,lymphangioma,UMLS_CUI:C0024221
DOID:1517,cecal benign neoplasm,MESH:D002430
DOID:1517,cecal benign neoplasm,NCI:C4433
DOID:1517,cecal benign neoplasm,SNOMEDCT_US_2023_03_01:126839008
DOID:1517,cecal benign neoplasm,UMLS_CUI:C0007528
DOID:1519,cecum carcinoma,NCI:C3491
DOID:1519,cecum carcinoma,SNOMEDCT_US_2023_03_01:269538009
DOID:1519,cecum carcinoma,UMLS_CUI:C0149640
DOID:1520,colon carcinoma,NCI:C4910
DOID:1520,colon carcinoma,SNOMEDCT_US_2023_03_01:154454005
DOID:1520,colon carcinoma,UMLS_CUI:C0699790
DOID:1521,cecum cancer,MESH:D002430
DOID:1521,cecum cancer,ICD10CM:C18.0
DOID:1521,cecum cancer,ICD9CM:153.4
DOID:1521,cecum cancer,NCI:C9329
DOID:1521,cecum cancer,SNOMEDCT_US_2023_03_01:93736007
DOID:1521,cecum cancer,UMLS_CUI:C0153437
DOID:1522,cecum lymphoma,NCI:C5515
DOID:1522,cecum lymphoma,UMLS_CUI:C1332867
DOID:1523,colon lymphoma,NCI:C4793
DOID:1523,colon lymphoma,SNOMEDCT_US_2023_03_01:133751000119102
DOID:1523,colon lymphoma,UMLS_CUI:C0519037
DOID:154,mixed cell type cancer,MESH:D018198
DOID:154,mixed cell type cancer,NCI:C3729
DOID:154,mixed cell type cancer,NCI:C6930
DOID:154,mixed cell type cancer,SNOMEDCT_US_2023_03_01:8145008
DOID:154,mixed cell type cancer,UMLS_CUI:C0206625
DOID:154,mixed cell type cancer,UMLS_CUI:C1368354
DOID:1540,parathyroid carcinoma,GARD:7329
DOID:1540,parathyroid carcinoma,ICD10CM:C75.0
DOID:1540,parathyroid carcinoma,ICD9CM:194.1
DOID:1540,parathyroid carcinoma,MESH:D010282
DOID:1540,parathyroid carcinoma,MIM:608266
DOID:1540,parathyroid carcinoma,NCI:C3313
DOID:1540,parathyroid carcinoma,NCI:C4906
DOID:1540,parathyroid carcinoma,NCI:C9322
DOID:1540,parathyroid carcinoma,SNOMEDCT_US_2023_03_01:127020005
DOID:1540,parathyroid carcinoma,SNOMEDCT_US_2023_03_01:255037004
DOID:1540,parathyroid carcinoma,SNOMEDCT_US_2023_03_01:363481002
DOID:1540,parathyroid carcinoma,UMLS_CUI:C0030521
DOID:1540,parathyroid carcinoma,UMLS_CUI:C0153653
DOID:1540,parathyroid carcinoma,UMLS_CUI:C0687150
DOID:1542,head and neck carcinoma,NCI:C6077
DOID:1542,head and neck carcinoma,UMLS_CUI:C1334927
DOID:1612,breast cancer,ICD10CM:C50
DOID:1612,breast cancer,MESH:D001943
DOID:1612,breast cancer,MIM:114480
DOID:1612,breast cancer,NCI:C9335
DOID:1612,breast cancer,SNOMEDCT_US_2023_03_01:254837009
DOID:1612,breast cancer,UMLS_CUI:C0006142
DOID:1614,male breast cancer,GARD:9312
DOID:1614,male breast cancer,MESH:D018567
DOID:1614,male breast cancer,SNOMEDCT_US_2023_03_01:126937006
DOID:1614,male breast cancer,UMLS_CUI:C0242788
DOID:1616,benign eccrine breast spiradenoma,NCI:C5193
DOID:1616,benign eccrine breast spiradenoma,UMLS_CUI:C1332492
DOID:1618,breast fibroadenoma,ICD10CM:D24
DOID:1618,breast fibroadenoma,MESH:D018226
DOID:1618,breast fibroadenoma,NCI:C3744
DOID:1618,breast fibroadenoma,NCI:C4276
DOID:1618,breast fibroadenoma,NCI:C5194
DOID:1618,breast fibroadenoma,SNOMEDCT_US_2023_03_01:254847007
DOID:1618,breast fibroadenoma,SNOMEDCT_US_2023_03_01:269640007
DOID:1618,breast fibroadenoma,SNOMEDCT_US_2023_03_01:65877006
DOID:1618,breast fibroadenoma,UMLS_CUI:C0178421
DOID:1618,breast fibroadenoma,UMLS_CUI:C0206650
DOID:1618,breast fibroadenoma,UMLS_CUI:C0346158
DOID:1618,breast fibroadenoma,UMLS_CUI:C1333137
DOID:162,cancer,ICD10CM:C80.1
DOID:162,cancer,ICD9CM:199
DOID:162,cancer,ICDO:8000/3
DOID:162,cancer,MESH:D009369
DOID:162,cancer,NCI:C9305
DOID:162,cancer,SNOMEDCT_US_2023_03_01:269513004
DOID:162,cancer,UMLS_CUI:C0006826
DOID:1623,breast leiomyoma,NCI:C40399
DOID:1623,breast leiomyoma,UMLS_CUI:C1511317
DOID:1625,breast adenoma,SNOMEDCT_US_2023_03_01:269640007
DOID:1625,breast adenoma,NCI:C40382
DOID:1625,breast adenoma,UMLS_CUI:C1328385
DOID:1626,breast duct papilloma,NCI:C3863
DOID:1626,breast duct papilloma,SNOMEDCT_US_2023_03_01:254848002
DOID:1626,breast duct papilloma,UMLS_CUI:C0238034
DOID:1627,intraductal papilloma,ICDO:8503/0
DOID:1627,intraductal papilloma,MESH:D018300
DOID:1627,intraductal papilloma,NCI:C3785
DOID:1627,intraductal papilloma,SNOMEDCT_US_2023_03_01:5244003
DOID:1627,intraductal papilloma,UMLS_CUI:C0206713
DOID:1628,intraductal papillary breast neoplasm,NCI:C36090
DOID:1628,intraductal papillary breast neoplasm,UMLS_CUI:C1334252
DOID:1629,breast myofibroblastoma,NCI:C40397
DOID:1629,breast myofibroblastoma,UMLS_CUI:C1511320
DOID:1631,benign breast phyllodes tumor,ICD10CM:D48.6
DOID:1631,benign breast phyllodes tumor,MESH:D003557
DOID:1631,benign breast phyllodes tumor,NCI:C2977
DOID:1631,benign breast phyllodes tumor,NCI:C4274
DOID:1631,benign breast phyllodes tumor,NCI:C5196
DOID:1631,benign breast phyllodes tumor,SNOMEDCT_US_2023_03_01:16566002
DOID:1631,benign breast phyllodes tumor,SNOMEDCT_US_2023_03_01:71232009
DOID:1631,benign breast phyllodes tumor,SNOMEDCT_US_2023_03_01:720344007
DOID:1631,benign breast phyllodes tumor,UMLS_CUI:C0010701
DOID:1631,benign breast phyllodes tumor,UMLS_CUI:C0334501
DOID:1631,benign breast phyllodes tumor,UMLS_CUI:C1332533
DOID:1641,benign breast adenomyoepithelioma,NCI:C5144
DOID:1641,benign breast adenomyoepithelioma,UMLS_CUI:C1332477
DOID:1642,breast adenomyoepithelioma,NCI:C5143
DOID:1642,breast adenomyoepithelioma,NCI:C6899
DOID:1642,breast adenomyoepithelioma,UMLS_CUI:C1334564
DOID:1642,breast adenomyoepithelioma,UMLS_CUI:C1510795
DOID:1647,female breast upper-inner quadrant cancer,ICD9CM:174.2
DOID:1647,female breast upper-inner quadrant cancer,SNOMEDCT_US_2023_03_01:188152004
DOID:1647,female breast upper-inner quadrant cancer,UMLS_CUI:C0153550
DOID:1649,female breast lower-inner quadrant cancer,ICD10CM:C50.31
DOID:1649,female breast lower-inner quadrant cancer,ICD9CM:174.3
DOID:1649,female breast lower-inner quadrant cancer,SNOMEDCT_US_2023_03_01:188153009
DOID:1649,female breast lower-inner quadrant cancer,UMLS_CUI:C0153551
DOID:1650,female breast axillary tail cancer,ICD10CM:C50.61
DOID:1650,female breast axillary tail cancer,ICD9CM:174.6
DOID:1650,female breast axillary tail cancer,SNOMEDCT_US_2023_03_01:93685009
DOID:1650,female breast axillary tail cancer,UMLS_CUI:C0153554
DOID:1659,supratentorial cancer,ICD10CM:C71.0
DOID:1659,supratentorial cancer,MESH:D015173
DOID:1659,supratentorial cancer,NCI:C3397
DOID:1659,supratentorial cancer,NCI:C4964
DOID:1659,supratentorial cancer,UMLS_CUI:C0038874
DOID:1659,supratentorial cancer,UMLS_CUI:C0751589
DOID:166,melanotic neuroectodermal tumor,ICDO:9363/0
DOID:166,melanotic neuroectodermal tumor,MESH:D017600
DOID:166,melanotic neuroectodermal tumor,NCI:C3717
DOID:166,melanotic neuroectodermal tumor,SNOMEDCT_US_2023_03_01:1513001
DOID:166,melanotic neuroectodermal tumor,UMLS_CUI:C0206094
DOID:1660,malignant pineal area germ cell neoplasm,GARD:12017
DOID:1660,malignant pineal area germ cell neoplasm,NCI:C4659
DOID:1660,malignant pineal area germ cell neoplasm,NCI:C6767
DOID:1660,malignant pineal area germ cell neoplasm,SNOMEDCT_US_2023_03_01:277508009
DOID:1660,malignant pineal area germ cell neoplasm,UMLS_CUI:C0349621
DOID:1660,malignant pineal area germ cell neoplasm,UMLS_CUI:C1334612
DOID:1664,pineoblastoma,GARD:9369
DOID:1664,pineoblastoma,ICDO:9362/3
DOID:1664,pineoblastoma,MESH:D010871
DOID:1664,pineoblastoma,NCI:C9344
DOID:1664,pineoblastoma,SNOMEDCT_US_2023_03_01:31671006
DOID:1664,pineoblastoma,UMLS_CUI:C0205898
DOID:169,neuroendocrine tumor,ICD10CM:D3A.8
DOID:169,neuroendocrine tumor,ICD9CM:209-209.99
DOID:169,neuroendocrine tumor,ICDO:8240/3
DOID:169,neuroendocrine tumor,MESH:D018358
DOID:169,neuroendocrine tumor,NCI:C3809
DOID:169,neuroendocrine tumor,SNOMEDCT_US_2023_03_01:55937004
DOID:169,neuroendocrine tumor,UMLS_CUI:C0206754
DOID:170,endocrine gland cancer,ICD10CM:C75.9
DOID:170,endocrine gland cancer,ICD9CM:194.9
DOID:170,endocrine gland cancer,MESH:D004701
DOID:170,endocrine gland cancer,NCI:C3010
DOID:170,endocrine gland cancer,NCI:C3575
DOID:170,endocrine gland cancer,SNOMEDCT_US_2023_03_01:127015005
DOID:170,endocrine gland cancer,SNOMEDCT_US_2023_03_01:93780007
DOID:170,endocrine gland cancer,UMLS_CUI:C0014132
DOID:170,endocrine gland cancer,UMLS_CUI:C0153658
DOID:1703,Richter's syndrome,GARD:7578
DOID:1703,Richter's syndrome,ICD10CM:C91.1
DOID:1703,Richter's syndrome,NCI:C35424
DOID:1703,Richter's syndrome,SNOMEDCT_US_2023_03_01:277550009
DOID:1703,Richter's syndrome,UMLS_CUI:C0349631
DOID:171,neuroectodermal tumor,MESH:D017599
DOID:171,neuroectodermal tumor,SNOMEDCT_US_2023_03_01:73676002
DOID:171,neuroectodermal tumor,UMLS_CUI:C0206093
DOID:172,clear cell acanthoma,ICDO:8084/0
DOID:172,clear cell acanthoma,MESH:D049309
DOID:172,clear cell acanthoma,NCI:C97041
DOID:172,clear cell acanthoma,SNOMEDCT_US_2023_03_01:65540008
DOID:172,clear cell acanthoma,UMLS_CUI:C0333992
DOID:1725,peritoneum cancer,ICD10CM:C48.1
DOID:1725,peritoneum cancer,ICD9CM:158.8
DOID:1725,peritoneum cancer,SNOMEDCT_US_2023_03_01:187808008
DOID:1725,peritoneum cancer,UMLS_CUI:C0153466
DOID:173,eccrine sweat gland neoplasm,NCI:C6796
DOID:173,eccrine sweat gland neoplasm,UMLS_CUI:C1333371
DOID:1737,duodenal benign neoplasm,MESH:D004379
DOID:1737,duodenal benign neoplasm,NCI:C2995
DOID:1737,duodenal benign neoplasm,SNOMEDCT_US_2023_03_01:126833009
DOID:1737,duodenal benign neoplasm,UMLS_CUI:C0013291
DOID:1738,small intestine leiomyoma,NCI:C7725
DOID:1738,small intestine leiomyoma,SNOMEDCT_US_2023_03_01:424279009
DOID:1738,small intestine leiomyoma,UMLS_CUI:C0238197
DOID:174,acanthoma,MESH:D049309
DOID:174,acanthoma,GARD:8604
DOID:174,acanthoma,NCI:C7419
DOID:174,acanthoma,UMLS_CUI:C0846967
DOID:1748,conjunctival squamous cell carcinoma,NCI:C4549
DOID:1748,conjunctival squamous cell carcinoma,SNOMEDCT_US_2023_03_01:255003007
DOID:1748,conjunctival squamous cell carcinoma,UMLS_CUI:C0346359
DOID:1749,squamous cell carcinoma,EFO:0000707
DOID:1749,squamous cell carcinoma,GARD:1091
DOID:1749,squamous cell carcinoma,ICDO:8070/3
DOID:1749,squamous cell carcinoma,MESH:D002294
DOID:1749,squamous cell carcinoma,MESH:D018307
DOID:1749,squamous cell carcinoma,NCI:C2929
DOID:1749,squamous cell carcinoma,SNOMEDCT_US_2023_03_01:1255006006
DOID:1749,squamous cell carcinoma,SNOMEDCT_US_2023_03_01:154605007
DOID:1749,squamous cell carcinoma,UMLS_CUI:C0007137
DOID:1749,squamous cell carcinoma,UMLS_CUI:C0751688
DOID:175,vascular cancer,MESH:D019043
DOID:175,vascular cancer,NCI:C5348
DOID:175,vascular cancer,NCI:C5380
DOID:175,vascular cancer,NCI:C5383
DOID:175,vascular cancer,NCI:C5388
DOID:175,vascular cancer,NCI:C7390
DOID:175,vascular cancer,SNOMEDCT_US_2023_03_01:126737003
DOID:175,vascular cancer,SNOMEDCT_US_2023_03_01:93817006
DOID:175,vascular cancer,UMLS_CUI:C0282607
DOID:175,vascular cancer,UMLS_CUI:C0346845
DOID:175,vascular cancer,UMLS_CUI:C1290407
DOID:175,vascular cancer,UMLS_CUI:C1334616
DOID:175,vascular cancer,UMLS_CUI:C1334617
DOID:175,vascular cancer,UMLS_CUI:C1334630
DOID:175,vascular cancer,UMLS_CUI:C1335753
DOID:1751,malignant conjunctival melanoma,NCI:C4550
DOID:1751,malignant conjunctival melanoma,SNOMEDCT_US_2023_03_01:255004001
DOID:1751,malignant conjunctival melanoma,UMLS_CUI:C0346360
DOID:1752,ocular melanoma,GARD:7236
DOID:1752,ocular melanoma,GARD:8621
DOID:176,cardiovascular cancer,NCI:C4784
DOID:176,cardiovascular cancer,SNOMEDCT_US_2023_03_01:721573003
DOID:176,cardiovascular cancer,UMLS_CUI:C0497243
DOID:1760,facial nerve neoplasm,NCI:C5827
DOID:1760,facial nerve neoplasm,SNOMEDCT_US_2023_03_01:126973004
DOID:1760,facial nerve neoplasm,UMLS_CUI:C1263899
DOID:1781,thyroid cancer,ICD10CM:C73
DOID:1781,thyroid cancer,ICD9CM:193
DOID:1781,thyroid cancer,KEGG:05216
DOID:1781,thyroid cancer,MESH:D013964
DOID:1781,thyroid cancer,NCI:C3414
DOID:1781,thyroid cancer,NCI:C7510
DOID:1781,thyroid cancer,SNOMEDCT_US_2023_03_01:127018007
DOID:1781,thyroid cancer,SNOMEDCT_US_2023_03_01:94098005
DOID:1781,thyroid cancer,UMLS_CUI:C0007115
DOID:1781,thyroid cancer,UMLS_CUI:C0040136
DOID:1785,pituitary cancer,GARD:9371
DOID:1785,pituitary cancer,ICD10CM:C75.1
DOID:1785,pituitary cancer,MESH:D010911
DOID:1785,pituitary cancer,NCI:C3330
DOID:1785,pituitary cancer,NCI:C4769
DOID:1785,pituitary cancer,SNOMEDCT_US_2023_03_01:127024001
DOID:1785,pituitary cancer,SNOMEDCT_US_2023_03_01:93964007
DOID:1785,pituitary cancer,UMLS_CUI:C0032019
DOID:1785,pituitary cancer,UMLS_CUI:C0496842
DOID:1786,adrenal rest tumor,ICDO:8671/0
DOID:1786,adrenal rest tumor,MESH:D000314
DOID:1786,adrenal rest tumor,NCI:C2860
DOID:1786,adrenal rest tumor,SNOMEDCT_US_2023_03_01:54292009
DOID:1786,adrenal rest tumor,UMLS_CUI:C0001630
DOID:1788,peritoneal mesothelioma,ICD10CM:C45.1
DOID:1788,peritoneal mesothelioma,NCI:C8704
DOID:1788,peritoneal mesothelioma,NCI:C9350
DOID:1788,peritoneal mesothelioma,SNOMEDCT_US_2023_03_01:187806007
DOID:1788,peritoneal mesothelioma,UMLS_CUI:C0346109
DOID:1788,peritoneal mesothelioma,UMLS_CUI:C0854886
DOID:1789,benign peritoneal mesothelioma,NCI:C7633
DOID:1789,benign peritoneal mesothelioma,UMLS_CUI:C1377610
DOID:1790,malignant mesothelioma,MESH:D000086002
DOID:1790,malignant mesothelioma,MIM:156240
DOID:1790,malignant mesothelioma,NCI:C27926
DOID:1790,malignant mesothelioma,NCI:C4456
DOID:1790,malignant mesothelioma,NCI:C7865
DOID:1790,malignant mesothelioma,NCI:C8420
DOID:1790,malignant mesothelioma,SNOMEDCT_US_2023_03_01:109378008
DOID:1790,malignant mesothelioma,UMLS_CUI:C0278752
DOID:1790,malignant mesothelioma,UMLS_CUI:C0345967
DOID:1790,malignant mesothelioma,UMLS_CUI:C0392400
DOID:1790,malignant mesothelioma,UMLS_CUI:C1332338
DOID:1791,peritoneal carcinoma,NCI:C40022
DOID:1791,peritoneal carcinoma,UMLS_CUI:C1514428
DOID:1792,pancreas lymphoma,NCI:C5714
DOID:1792,pancreas lymphoma,UMLS_CUI:C1335307
DOID:1793,pancreatic cancer,GARD:9364
DOID:1793,pancreatic cancer,ICD10CM:C25.0
DOID:1793,pancreatic cancer,ICD10CM:C25.1
DOID:1793,pancreatic cancer,ICD10CM:C25.2
DOID:1793,pancreatic cancer,ICD9CM:157.0
DOID:1793,pancreatic cancer,ICD9CM:157.1
DOID:1793,pancreatic cancer,ICD9CM:157.2
DOID:1793,pancreatic cancer,ICD9CM:157.8
DOID:1793,pancreatic cancer,KEGG:05212
DOID:1793,pancreatic cancer,MESH:D010190
DOID:1793,pancreatic cancer,NCI:C3305
DOID:1793,pancreatic cancer,ORDO:1333
DOID:1793,pancreatic cancer,ORDO:217074
DOID:1793,pancreatic cancer,SNOMEDCT_US_2023_03_01:126859007
DOID:1793,pancreatic cancer,SNOMEDCT_US_2023_03_01:187796007
DOID:1793,pancreatic cancer,SNOMEDCT_US_2023_03_01:93715005
DOID:1793,pancreatic cancer,SNOMEDCT_US_2023_03_01:93823001
DOID:1793,pancreatic cancer,SNOMEDCT_US_2023_03_01:94082003
DOID:1793,pancreatic cancer,UMLS_CUI:C0030297
DOID:1793,pancreatic cancer,UMLS_CUI:C0153458
DOID:1793,pancreatic cancer,UMLS_CUI:C0153459
DOID:1793,pancreatic cancer,UMLS_CUI:C0153460
DOID:1793,pancreatic cancer,UMLS_CUI:C0153463
DOID:1795,malignant exocrine pancreas neoplasm,NCI:C7430
DOID:1795,malignant exocrine pancreas neoplasm,SNOMEDCT_US_2023_03_01:255088001
DOID:1795,malignant exocrine pancreas neoplasm,UMLS_CUI:C0346648
DOID:1796,pancreas sarcoma,NCI:C5715
DOID:1796,pancreas sarcoma,UMLS_CUI:C1096346
DOID:1798,pancreatic endocrine carcinoma,GARD:13034
DOID:1798,pancreatic endocrine carcinoma,ICD10CM:C25.4
DOID:1798,pancreatic endocrine carcinoma,ICD9CM:157.4
DOID:1798,pancreatic endocrine carcinoma,MESH:D018273
DOID:1798,pancreatic endocrine carcinoma,NCI:C3770
DOID:1798,pancreatic endocrine carcinoma,SNOMEDCT_US_2023_03_01:254612002
DOID:1798,pancreatic endocrine carcinoma,UMLS_CUI:C1328479
DOID:1799,islet cell tumor,ICD10CM:C25.4
DOID:1799,islet cell tumor,ICD10CM:D13.7
DOID:1799,islet cell tumor,MESH:D007516
DOID:1799,islet cell tumor,SNOMEDCT_US_2023_03_01:254611009
DOID:1799,islet cell tumor,SNOMEDCT_US_2023_03_01:261713004
DOID:1799,islet cell tumor,UMLS_CUI:C0242363
DOID:1799,islet cell tumor,UMLS_CUI:C0496784
DOID:180,ossifying fibroma,ICDO:9262/0
DOID:180,ossifying fibroma,MESH:D018214
DOID:180,ossifying fibroma,NCI:C8422
DOID:180,ossifying fibroma,SNOMEDCT_US_2023_03_01:189896007
DOID:180,ossifying fibroma,UMLS_CUI:C0206640
DOID:1800,neuroendocrine carcinoma,SNOMEDCT_US_2023_03_01:55937004
DOID:1800,neuroendocrine carcinoma,ICDO:8246/3
DOID:1800,neuroendocrine carcinoma,MESH:D018278
DOID:1800,neuroendocrine carcinoma,NCI:C3773
DOID:1800,neuroendocrine carcinoma,UMLS_CUI:C0206695
DOID:184,bone cancer,MESH:D001859
DOID:184,bone cancer,NCI:C9343
DOID:184,bone cancer,SNOMEDCT_US_2023_03_01:126537000
DOID:184,bone cancer,UMLS_CUI:C0005967
DOID:1862,jaw cancer,MESH:D007573
DOID:1862,jaw cancer,SNOMEDCT_US_2023_03_01:126634001
DOID:1862,jaw cancer,UMLS_CUI:C0022364
DOID:1863,skull cancer,MESH:D012888
DOID:1863,skull cancer,NCI:C3375
DOID:1863,skull cancer,SNOMEDCT_US_2023_03_01:126538005
DOID:1863,skull cancer,UMLS_CUI:C0037305
DOID:1866,giant cell reparative granuloma,ICD10CM:M27.1
DOID:1866,giant cell reparative granuloma,ICD9CM:526.3
DOID:1866,giant cell reparative granuloma,MESH:D006101
DOID:1866,giant cell reparative granuloma,NCI:C173930
DOID:1866,giant cell reparative granuloma,SNOMEDCT_US_2023_03_01:15350006
DOID:1866,giant cell reparative granuloma,UMLS_CUI:C0162375
DOID:1896,sigmoid neoplasm,MESH:D012811
DOID:1896,sigmoid neoplasm,SNOMEDCT_US_2023_03_01:254581007
DOID:1896,sigmoid neoplasm,UMLS_CUI:C0037073
DOID:1901,vagina sarcoma,NCI:C7737
DOID:1901,vagina sarcoma,UMLS_CUI:C0238519
DOID:1906,malignant skin fibrous histiocytoma,NCI:C5576
DOID:1906,malignant skin fibrous histiocytoma,SNOMEDCT_US_2023_03_01:404014008
DOID:1906,malignant skin fibrous histiocytoma,UMLS_CUI:C1275254
DOID:1907,malignant fibrous histiocytoma,ICDO:8830/3
DOID:1907,malignant fibrous histiocytoma,MESH:D051677
DOID:1907,malignant fibrous histiocytoma,NCI:C4247
DOID:1907,malignant fibrous histiocytoma,SNOMEDCT_US_2023_03_01:34360000
DOID:1907,malignant fibrous histiocytoma,UMLS_CUI:C0334463
DOID:1909,melanoma,EFO:0000756
DOID:1909,melanoma,ICDO:8720/3
DOID:1909,melanoma,KEGG:05218
DOID:1909,melanoma,MESH:D008545
DOID:1909,melanoma,NCI:C3224
DOID:1909,melanoma,SNOMEDCT_US_2023_03_01:2092003
DOID:1909,melanoma,UMLS_CUI:C0025202
DOID:1910,vaginal yolk sac tumor,NCI:C6379
DOID:1910,vaginal yolk sac tumor,UMLS_CUI:C1336945
DOID:1911,endodermal sinus tumor,ICDO:9071/3
DOID:1911,endodermal sinus tumor,MESH:D018240
DOID:1911,endodermal sinus tumor,NCI:C3011
DOID:1911,endodermal sinus tumor,SNOMEDCT_US_2023_03_01:74409009
DOID:1911,endodermal sinus tumor,UMLS_CUI:C0014145
DOID:192,sex cord-gonadal stromal tumor,ICDO:8590/1
DOID:192,sex cord-gonadal stromal tumor,MESH:D018312
DOID:192,sex cord-gonadal stromal tumor,NCI:C3794
DOID:192,sex cord-gonadal stromal tumor,SNOMEDCT_US_2023_03_01:253028001
DOID:192,sex cord-gonadal stromal tumor,UMLS_CUI:C0206724
DOID:193,reproductive organ cancer,NCI:C3674
DOID:193,reproductive organ cancer,UMLS_CUI:C0178830
DOID:1963,fallopian tube carcinoma,MESH:D005185
DOID:1963,fallopian tube carcinoma,NCI:C3867
DOID:1963,fallopian tube carcinoma,SNOMEDCT_US_2023_03_01:276870001
DOID:1963,fallopian tube carcinoma,UMLS_CUI:C0238122
DOID:1964,fallopian tube cancer,MESH:D005185
DOID:1964,fallopian tube cancer,GARD:9162
DOID:1964,fallopian tube cancer,ICD10CM:C57.0
DOID:1964,fallopian tube cancer,ICD9CM:183.2
DOID:1964,fallopian tube cancer,NCI:C3032
DOID:1964,fallopian tube cancer,NCI:C7480
DOID:1964,fallopian tube cancer,SNOMEDCT_US_2023_03_01:126916003
DOID:1964,fallopian tube cancer,SNOMEDCT_US_2023_03_01:93794008
DOID:1964,fallopian tube cancer,UMLS_CUI:C0015558
DOID:1964,fallopian tube cancer,UMLS_CUI:C0153579
DOID:1965,fallopian tube leiomyosarcoma,NCI:C40128
DOID:1965,fallopian tube leiomyosarcoma,UMLS_CUI:C1517116
DOID:1967,leiomyosarcoma,GARD:6880
DOID:1967,leiomyosarcoma,ICDO:8890/3
DOID:1967,leiomyosarcoma,MESH:D007890
DOID:1967,leiomyosarcoma,NCI:C3158
DOID:1967,leiomyosarcoma,SNOMEDCT_US_2023_03_01:443719001
DOID:1967,leiomyosarcoma,UMLS_CUI:C0023269
DOID:1970,fallopian tube carcinosarcoma,NCI:C40124
DOID:1970,fallopian tube carcinosarcoma,UMLS_CUI:C1517117
DOID:1973,fallopian tube adenosarcoma,NCI:C40125
DOID:1973,fallopian tube adenosarcoma,UMLS_CUI:C1517121
DOID:1974,adenosarcoma,ICDO:8933/3
DOID:1974,adenosarcoma,MESH:D018195
DOID:1974,adenosarcoma,NCI:C9474
DOID:1974,adenosarcoma,SNOMEDCT_US_2023_03_01:189804002
DOID:1974,adenosarcoma,UMLS_CUI:C0001442
DOID:1975,thymus lipoma,NCI:C6452
DOID:1975,thymus lipoma,SNOMEDCT_US_2023_03_01:447137005
DOID:1975,thymus lipoma,UMLS_CUI:C1336744
DOID:1984,rectal benign neoplasm,MESH:D012004
DOID:1984,rectal benign neoplasm,NCI:C3350
DOID:1984,rectal benign neoplasm,SNOMEDCT_US_2023_03_01:126847008
DOID:1984,rectal benign neoplasm,UMLS_CUI:C0034885
DOID:1988,rectum lymphoma,NCI:C5553
DOID:1988,rectum lymphoma,UMLS_CUI:C1335685
DOID:1992,rectum malignant melanoma,NCI:C4640
DOID:1992,rectum malignant melanoma,SNOMEDCT_US_2023_03_01:276822007
DOID:1992,rectum malignant melanoma,UMLS_CUI:C0349539
DOID:1993,rectum cancer,MESH:D012004
DOID:1993,rectum cancer,ICD10CM:C20
DOID:1993,rectum cancer,ICD9CM:154.1
DOID:1993,rectum cancer,NCI:C7418
DOID:1993,rectum cancer,NCI:C9382
DOID:1993,rectum cancer,SNOMEDCT_US_2023_03_01:254582000
DOID:1993,rectum cancer,SNOMEDCT_US_2023_03_01:93984006
DOID:1993,rectum cancer,UMLS_CUI:C0007113
DOID:1993,rectum cancer,UMLS_CUI:C0949022
DOID:1995,rectum sarcoma,NCI:C5548
DOID:1995,rectum sarcoma,UMLS_CUI:C1335688
DOID:1996,rectum adenocarcinoma,SNOMEDCT_US_2023_03_01:254582000
DOID:1996,rectum adenocarcinoma,NCI:C9383
DOID:1996,rectum adenocarcinoma,UMLS_CUI:C0149978
DOID:200,benign giant cell tumor,MESH:D005870
DOID:200,benign giant cell tumor,NCI:C3055
DOID:200,benign giant cell tumor,SNOMEDCT_US_2023_03_01:443790001
DOID:200,benign giant cell tumor,UMLS_CUI:C0017525
DOID:2001,neuroma,ICDO:9570/0
DOID:2001,neuroma,MESH:D009463
DOID:2001,neuroma,NCI:C3275
DOID:2001,neuroma,SNOMEDCT_US_2023_03_01:443892003
DOID:2001,neuroma,UMLS_CUI:C0027858
DOID:201,connective tissue cancer,MESH:D009372
DOID:201,connective tissue cancer,SNOMEDCT_US_2023_03_01:126598008
DOID:201,connective tissue cancer,UMLS_CUI:C0027656
DOID:2021,placenta cancer,ICD10CM:C58
DOID:2021,placenta cancer,ICD9CM:181
DOID:2021,placenta cancer,NCI:C3555
DOID:2021,placenta cancer,SNOMEDCT_US_2023_03_01:188187004
DOID:2021,placenta cancer,UMLS_CUI:C0153572
DOID:2024,placental choriocarcinoma,NCI:C8893
DOID:2024,placental choriocarcinoma,SNOMEDCT_US_2023_03_01:448401007
DOID:2024,placental choriocarcinoma,UMLS_CUI:C0855173
DOID:2025,gestational choriocarcinoma,NCI:C4646
DOID:2025,gestational choriocarcinoma,SNOMEDCT_US_2023_03_01:1884006
DOID:2025,gestational choriocarcinoma,UMLS_CUI:C0349557
DOID:2060,vulvar nodular hidradenoma,NCI:C40312
DOID:2060,vulvar nodular hidradenoma,UMLS_CUI:C1520091
DOID:2064,vulvar syringoma,NCI:C40311
DOID:2064,vulvar syringoma,UMLS_CUI:C1520099
DOID:2065,syringoma,GARD:10547
DOID:2065,syringoma,ICDO:8407/0
DOID:2065,syringoma,MESH:D018252
DOID:2065,syringoma,MIM:186600
DOID:2065,syringoma,NCI:C3761
DOID:2065,syringoma,SNOMEDCT_US_2023_03_01:189051001
DOID:2065,syringoma,UMLS_CUI:C0206673
DOID:2066,vulvar angiokeratoma,NCI:C8596
DOID:2066,vulvar angiokeratoma,SNOMEDCT_US_2023_03_01:402841001
DOID:2066,vulvar angiokeratoma,UMLS_CUI:C1274281
DOID:2068,Bartholin's gland benign neoplasm,NCI:C6434
DOID:2068,Bartholin's gland benign neoplasm,UMLS_CUI:C0220616
DOID:2071,vulvar squamous papilloma,NCI:C6376
DOID:2071,vulvar squamous papilloma,UMLS_CUI:C1336982
DOID:2072,vulvar squamous tumor,NCI:C40283
DOID:2072,vulvar squamous tumor,UMLS_CUI:C1520097
DOID:2075,minor vestibular glands adenoma,NCI:C40301
DOID:2075,minor vestibular glands adenoma,UMLS_CUI:C1510791
DOID:2076,vulvar glandular tumor,NCI:C40292
DOID:2076,vulvar glandular tumor,UMLS_CUI:C1520082
DOID:2078,chondroid syringoma of the vulva,NCI:C40302
DOID:2078,chondroid syringoma of the vulva,UMLS_CUI:C1511091
DOID:2079,eccrine mixed tumor of skin,NCI:C4474
DOID:2079,eccrine mixed tumor of skin,SNOMEDCT_US_2023_03_01:254720009
DOID:2079,eccrine mixed tumor of skin,UMLS_CUI:C0346026
DOID:2080,vulvar trichoepithelioma,NCI:C40314
DOID:2080,vulvar trichoepithelioma,UMLS_CUI:C1520100
DOID:2093,vulvar melanoma,NCI:C40329
DOID:2093,vulvar melanoma,SNOMEDCT_US_2023_03_01:254896002
DOID:2093,vulvar melanoma,UMLS_CUI:C0241989
DOID:2095,sweat gland cancer,ICD10CM:C44
DOID:2095,sweat gland cancer,NCI:C4810
DOID:2095,sweat gland cancer,SNOMEDCT_US_2023_03_01:255095005
DOID:2095,sweat gland cancer,UMLS_CUI:C1321904
DOID:2096,vulvar sarcoma,NCI:C40317
DOID:2096,vulvar sarcoma,SNOMEDCT_US_2023_03_01:254897006
DOID:2096,vulvar sarcoma,UMLS_CUI:C0238525
DOID:2097,vulval Paget's disease,NCI:C4027
DOID:2097,vulval Paget's disease,SNOMEDCT_US_2023_03_01:254898001
DOID:2097,vulval Paget's disease,UMLS_CUI:C1275217
DOID:2098,vulva adenocarcinoma,NCI:C6380
DOID:2098,vulva adenocarcinoma,UMLS_CUI:C1336975
DOID:2101,vulva squamous cell carcinoma,NCI:C4052
DOID:2101,vulva squamous cell carcinoma,SNOMEDCT_US_2023_03_01:254895003
DOID:2101,vulva squamous cell carcinoma,UMLS_CUI:C0280856
DOID:2127,brain germinoma,NCI:C6284
DOID:2127,brain germinoma,UMLS_CUI:C1332606
DOID:2129,atypical teratoid rhabdoid tumor,ICDO:9508/3
DOID:2129,atypical teratoid rhabdoid tumor,NCI:C6906
DOID:2129,atypical teratoid rhabdoid tumor,ORDO:99966
DOID:2129,atypical teratoid rhabdoid tumor,SNOMEDCT_US_2023_03_01:128792003
DOID:2129,atypical teratoid rhabdoid tumor,UMLS_CUI:C1266184
DOID:2132,brain sarcoma,NCI:C5154
DOID:2132,brain sarcoma,UMLS_CUI:C1332607
DOID:2133,central nervous system sarcoma,NCI:C5153
DOID:2133,central nervous system sarcoma,UMLS_CUI:C1332892
DOID:2135,temporal lobe neoplasm,ICD10CM:C71.2
DOID:2135,temporal lobe neoplasm,ICD9CM:191.2
DOID:2135,temporal lobe neoplasm,NCI:C5567
DOID:2135,temporal lobe neoplasm,SNOMEDCT_US_2023_03_01:126955002
DOID:2135,temporal lobe neoplasm,SNOMEDCT_US_2023_03_01:94086000
DOID:2135,temporal lobe neoplasm,UMLS_CUI:C0153636
DOID:2135,temporal lobe neoplasm,UMLS_CUI:C1263887
DOID:2139,paraurethral gland neoplasm,SNOMEDCT_US_2023_03_01:126884005
DOID:2139,paraurethral gland neoplasm,UMLS_CUI:C0341766
DOID:2140,urethral urothelial papilloma,NCI:C5061
DOID:2140,urethral urothelial papilloma,UMLS_CUI:C1519826
DOID:2142,urethra leiomyoma,NCI:C6171
DOID:2142,urethra leiomyoma,UMLS_CUI:C1336888
DOID:2143,ovarian malignant mesothelioma,NCI:C40444
DOID:2143,ovarian malignant mesothelioma,UMLS_CUI:C1518721
DOID:2145,malignant ovarian cyst,NCI:C3843
DOID:2145,malignant ovarian cyst,UMLS_CUI:C0235770
DOID:2146,ovary sarcoma,NCI:C8267
DOID:2146,ovary sarcoma,SNOMEDCT_US_2023_03_01:423627007
DOID:2146,ovary sarcoma,UMLS_CUI:C0280746
DOID:2150,ovarian lymphoma,NCI:C40021
DOID:2150,ovarian lymphoma,UMLS_CUI:C1518720
DOID:2151,malignant ovarian surface epithelial-stromal neoplasm,NCI:C40026
DOID:2151,malignant ovarian surface epithelial-stromal neoplasm,UMLS_CUI:C1518236
DOID:2152,ovary epithelial cancer,NCI:C4381
DOID:2152,ovary epithelial cancer,SNOMEDCT_US_2023_03_01:237057005
DOID:2152,ovary epithelial cancer,UMLS_CUI:C0341823
DOID:2153,ovarian Wilms' cancer,NCI:C40443
DOID:2153,ovarian Wilms' cancer,UMLS_CUI:C1518746
DOID:2154,nephroblastoma,ICDO:8960/3
DOID:2154,nephroblastoma,MESH:D009396
DOID:2154,nephroblastoma,MIM:194070
DOID:2154,nephroblastoma,NCI:C27730
DOID:2154,nephroblastoma,NCI:C3267
DOID:2154,nephroblastoma,NCI:C6180
DOID:2154,nephroblastoma,SNOMEDCT_US_2023_03_01:25081006
DOID:2154,nephroblastoma,UMLS_CUI:C0027708
DOID:2154,nephroblastoma,UMLS_CUI:C1332219
DOID:2154,nephroblastoma,UMLS_CUI:C1333015
DOID:2155,malignant ovarian germ cell neoplasm,MESH:C562841
DOID:2155,malignant ovarian germ cell neoplasm,NCI:C4514
DOID:2155,malignant ovarian germ cell neoplasm,SNOMEDCT_US_2023_03_01:254869000
DOID:2155,malignant ovarian germ cell neoplasm,UMLS_CUI:C0346180
DOID:2156,ovarian germ cell cancer,GARD:9330
DOID:2156,ovarian germ cell cancer,MIM:603737
DOID:2156,ovarian germ cell cancer,NCI:C3873
DOID:2156,ovarian germ cell cancer,SNOMEDCT_US_2023_03_01:237059008
DOID:2156,ovarian germ cell cancer,UMLS_CUI:C0238324
DOID:2173,eyelid benign neoplasm,MESH:D005142
DOID:2173,eyelid benign neoplasm,NCI:C3031
DOID:2173,eyelid benign neoplasm,SNOMEDCT_US_2023_03_01:278697001
DOID:2173,eyelid benign neoplasm,UMLS_CUI:C0015424
DOID:2174,ocular cancer,ICD9CM:190.8
DOID:2174,ocular cancer,MESH:D005134
DOID:2174,ocular cancer,NCI:C3030
DOID:2174,ocular cancer,SNOMEDCT_US_2023_03_01:126995000
DOID:2174,ocular cancer,SNOMEDCT_US_2023_03_01:188277006
DOID:2174,ocular cancer,UMLS_CUI:C0015414
DOID:2174,ocular cancer,UMLS_CUI:C0153632
DOID:218,ascending colon cancer,ICD10CM:C18.2
DOID:218,ascending colon cancer,ICD9CM:153.6
DOID:218,ascending colon cancer,SNOMEDCT_US_2023_03_01:93683002
DOID:218,ascending colon cancer,UMLS_CUI:C0153439
DOID:219,colon cancer,ICD10CM:C18
DOID:219,colon cancer,ICD9CM:153
DOID:219,colon cancer,MESH:D003110
DOID:219,colon cancer,NCI:C9242
DOID:219,colon cancer,SNOMEDCT_US_2023_03_01:363406005
DOID:219,colon cancer,UMLS_CUI:C0007102
DOID:2224,essential thrombocythemia,GARD:6594
DOID:2224,essential thrombocythemia,ICD10CM:D47.3
DOID:2224,essential thrombocythemia,ICD9CM:238.71
DOID:2224,essential thrombocythemia,ICDO:9962/3
DOID:2224,essential thrombocythemia,MESH:D013920
DOID:2224,essential thrombocythemia,MIM:187950
DOID:2224,essential thrombocythemia,MIM:601977
DOID:2224,essential thrombocythemia,MIM:614521
DOID:2224,essential thrombocythemia,NCI:C3407
DOID:2224,essential thrombocythemia,ORDO:3318
DOID:2224,essential thrombocythemia,ORDO:71493
DOID:2224,essential thrombocythemia,SNOMEDCT_US_2023_03_01:234499005
DOID:2224,essential thrombocythemia,UMLS_CUI:C0040028
DOID:2226,myeloproliferative neoplasm,ICD10CM:D47.1
DOID:2226,myeloproliferative neoplasm,ICDO:9960/3
DOID:2226,myeloproliferative neoplasm,NCI:C4345
DOID:2226,myeloproliferative neoplasm,SNOMEDCT_US_2023_03_01:115248004
DOID:2226,myeloproliferative neoplasm,UMLS_CUI:C1292778
DOID:2286,capillary lymphangioma,ICDO:9171/0
DOID:2286,capillary lymphangioma,NCI:C27509
DOID:2286,capillary lymphangioma,SNOMEDCT_US_2023_03_01:445492005
DOID:2286,capillary lymphangioma,UMLS_CUI:C1333176
DOID:2338,mandibular cancer,ICD10CM:C41.1
DOID:2338,mandibular cancer,ICD9CM:170.1
DOID:2338,mandibular cancer,MESH:D008339
DOID:2338,mandibular cancer,NCI:C35178
DOID:2338,mandibular cancer,SNOMEDCT_US_2023_03_01:126551000
DOID:2338,mandibular cancer,SNOMEDCT_US_2023_03_01:448668007
DOID:2338,mandibular cancer,UMLS_CUI:C0024694
DOID:2338,mandibular cancer,UMLS_CUI:C0153511
DOID:234,colon adenocarcinoma,MESH:D003110
DOID:234,colon adenocarcinoma,NCI:C4349
DOID:234,colon adenocarcinoma,SNOMEDCT_US_2023_03_01:255082000
DOID:234,colon adenocarcinoma,UMLS_CUI:C0338106
DOID:235,colonic benign neoplasm,MESH:D003110
DOID:235,colonic benign neoplasm,NCI:C2953
DOID:235,colonic benign neoplasm,SNOMEDCT_US_2023_03_01:126838000
DOID:235,colonic benign neoplasm,UMLS_CUI:C0009375
DOID:2394,ovarian cancer,GARD:7295
DOID:2394,ovarian cancer,ICD10CM:C56
DOID:2394,ovarian cancer,ICD9CM:183.0
DOID:2394,ovarian cancer,MESH:D010051
DOID:2394,ovarian cancer,MIM:167000
DOID:2394,ovarian cancer,MIM:607893
DOID:2394,ovarian cancer,NCI:C4984
DOID:2394,ovarian cancer,NCI:C7431
DOID:2394,ovarian cancer,ORDO:213500
DOID:2394,ovarian cancer,ORDO:213517
DOID:2394,ovarian cancer,SNOMEDCT_US_2023_03_01:123843001
DOID:2394,ovarian cancer,SNOMEDCT_US_2023_03_01:372117006
DOID:2394,ovarian cancer,SNOMEDCT_US_2023_03_01:93934004
DOID:2394,ovarian cancer,UMLS_CUI:C0919267
DOID:2394,ovarian cancer,UMLS_CUI:C1140680
DOID:2394,ovarian cancer,UMLS_CUI:C1299247
DOID:2401,clitoris cancer,ICD10CM:C51.2
DOID:2401,clitoris cancer,ICD9CM:184.3
DOID:2401,clitoris cancer,NCI:C3557
DOID:2401,clitoris cancer,NCI:C9362
DOID:2401,clitoris cancer,SNOMEDCT_US_2023_03_01:93758009
DOID:2401,clitoris cancer,UMLS_CUI:C0153589
DOID:2401,clitoris cancer,UMLS_CUI:C1333070
DOID:2410,skin granular cell tumor,NCI:C5617
DOID:2410,skin granular cell tumor,SNOMEDCT_US_2023_03_01:254763007
DOID:2410,skin granular cell tumor,UMLS_CUI:C0346060
DOID:2411,granular cell tumor,GARD:9618
DOID:2411,granular cell tumor,ICDO:9580/0
DOID:2411,granular cell tumor,MESH:D016586
DOID:2411,granular cell tumor,NCI:C3474
DOID:2411,granular cell tumor,SNOMEDCT_US_2023_03_01:12169001
DOID:2411,granular cell tumor,UMLS_CUI:C0085167
DOID:2425,cutaneous ganglioneuroma,NCI:C4481
DOID:2425,cutaneous ganglioneuroma,SNOMEDCT_US_2023_03_01:254766004
DOID:2425,cutaneous ganglioneuroma,UMLS_CUI:C0346063
DOID:2426,gangliocytoma,GARD:10638
DOID:2426,gangliocytoma,ICDO:9492/0
DOID:2426,gangliocytoma,MESH:D005729
DOID:2426,gangliocytoma,NCI:C6934
DOID:2426,gangliocytoma,SNOMEDCT_US_2021_09_01:128919000
DOID:2430,skin glomus tumor,NCI:C4491
DOID:2430,skin glomus tumor,SNOMEDCT_US_2023_03_01:254795008
DOID:2430,skin glomus tumor,UMLS_CUI:C0346083
DOID:2431,glomus tumor,ICDO:8711/0
DOID:2431,glomus tumor,MESH:D005918
DOID:2431,glomus tumor,NCI:C3060
DOID:2431,glomus tumor,SNOMEDCT_US_2023_03_01:189193002
DOID:2431,glomus tumor,UMLS_CUI:C0017653
DOID:2433,epidermal appendage tumor,NCI:C4463
DOID:2433,epidermal appendage tumor,SNOMEDCT_US_2023_03_01:126489007
DOID:2433,epidermal appendage tumor,UMLS_CUI:C0345988
DOID:2435,skin glomangioma,NCI:C6750
DOID:2435,skin glomangioma,SNOMEDCT_US_2023_03_01:403970001
DOID:2435,skin glomangioma,UMLS_CUI:C1275226
DOID:2436,glomangioma,MESH:D005918
DOID:2436,glomangioma,ICDO:8712/0
DOID:2436,glomangioma,MIM:138000
DOID:2436,glomangioma,NCI:C4222
DOID:2436,glomangioma,ORDO:83454
DOID:2436,glomangioma,SNOMEDCT_US_2023_03_01:7429002
DOID:2436,glomangioma,UMLS_CUI:C0334421
DOID:2438,dermis tumor,NCI:C4475
DOID:2438,dermis tumor,SNOMEDCT_US_2023_03_01:254735005
DOID:2438,dermis tumor,UMLS_CUI:C0346041
DOID:2441,frontal sinus squamous cell carcinoma,NCI:C6067
DOID:2441,frontal sinus squamous cell carcinoma,SNOMEDCT_US_2023_03_01:1260048003
DOID:2441,frontal sinus squamous cell carcinoma,UMLS_CUI:C1333646
DOID:248,trachea leiomyoma,MESH:D014134
DOID:248,trachea leiomyoma,NCI:C3419
DOID:248,trachea leiomyoma,NCI:C6049
DOID:248,trachea leiomyoma,SNOMEDCT_US_2023_03_01:126703006
DOID:248,trachea leiomyoma,UMLS_CUI:C0040582
DOID:248,trachea leiomyoma,UMLS_CUI:C1336772
DOID:2495,senile angioma,NCI:C4390
DOID:2495,senile angioma,SNOMEDCT_US_2023_03_01:5050001
DOID:2495,senile angioma,UMLS_CUI:C0343082
DOID:2513,basal cell carcinoma,EFO:0004193
DOID:2513,basal cell carcinoma,ICDO:8090/3
DOID:2513,basal cell carcinoma,KEGG:05217
DOID:2513,basal cell carcinoma,MESH:D018295
DOID:2513,basal cell carcinoma,NCI:C156767
DOID:2513,basal cell carcinoma,NCI:C3784
DOID:2513,basal cell carcinoma,NCI:C7586
DOID:2513,basal cell carcinoma,SNOMEDCT_US_2023_03_01:127570002
DOID:2513,basal cell carcinoma,SNOMEDCT_US_2023_03_01:154507009
DOID:2513,basal cell carcinoma,SNOMEDCT_US_2023_03_01:252995000
DOID:2513,basal cell carcinoma,UMLS_CUI:C0007117
DOID:2513,basal cell carcinoma,UMLS_CUI:C0206710
DOID:2513,basal cell carcinoma,UMLS_CUI:C1368295
DOID:2516,intracranial cavernous angioma,NCI:C5432
DOID:2516,intracranial cavernous angioma,SNOMEDCT_US_2023_03_01:445513004
DOID:2516,intracranial cavernous angioma,UMLS_CUI:C1334237
DOID:2517,intracranial structure hemangioma,ICD10CM:D18.02
DOID:2517,intracranial structure hemangioma,ICD9CM:228.02
DOID:2517,intracranial structure hemangioma,NCI:C3633
DOID:2517,intracranial structure hemangioma,SNOMEDCT_US_2023_03_01:93468003
DOID:2517,intracranial structure hemangioma,UMLS_CUI:C0154050
DOID:2526,prostate adenocarcinoma,NCI:C2919
DOID:2526,prostate adenocarcinoma,SNOMEDCT_US_2023_03_01:399490008
DOID:2526,prostate adenocarcinoma,UMLS_CUI:C0007112
DOID:2531,hematologic cancer,MESH:D019337
DOID:2531,hematologic cancer,NCI:C27134
DOID:2531,hematologic cancer,SNOMEDCT_US_2023_03_01:414388001
DOID:2531,hematologic cancer,UMLS_CUI:C0376544
DOID:254,hemangioma of intra-abdominal structure,ICD10CM:D18.03
DOID:254,hemangioma of intra-abdominal structure,ICD9CM:228.04
DOID:254,hemangioma of intra-abdominal structure,NCI:C3635
DOID:254,hemangioma of intra-abdominal structure,SNOMEDCT_US_2023_03_01:93467008
DOID:254,hemangioma of intra-abdominal structure,UMLS_CUI:C0154052
DOID:255,hemangioma,SNOMEDCT_US_2023_03_01:154625006
DOID:255,hemangioma,ICD10CM:D18.0
DOID:255,hemangioma,ICD9CM:228.00
DOID:255,hemangioma,ICDO:9120/0
DOID:255,hemangioma,MESH:D006391
DOID:255,hemangioma,NCI:C3085
DOID:255,hemangioma,UMLS_CUI:C0018916
DOID:2595,glottis cancer,ICD10CM:C32.0
DOID:2595,glottis cancer,ICD9CM:161.0
DOID:2595,glottis cancer,NCI:C3544
DOID:2595,glottis cancer,SNOMEDCT_US_2023_03_01:187841006
DOID:2595,glottis cancer,UMLS_CUI:C0153483
DOID:2596,larynx cancer,GARD:6862
DOID:2596,larynx cancer,ICD10CM:C32
DOID:2596,larynx cancer,ICD9CM:161
DOID:2596,larynx cancer,MESH:D007822
DOID:2596,larynx cancer,NCI:C7484
DOID:2596,larynx cancer,SNOMEDCT_US_2023_03_01:93859007
DOID:2596,larynx cancer,UMLS_CUI:C0007107
DOID:2597,glottis neoplasm,NCI:C4425
DOID:2597,glottis neoplasm,SNOMEDCT_US_2023_03_01:126693009
DOID:2597,glottis neoplasm,UMLS_CUI:C0345713
DOID:2598,laryngeal benign neoplasm,MESH:D007822
DOID:2598,laryngeal benign neoplasm,NCI:C3156
DOID:2598,laryngeal benign neoplasm,SNOMEDCT_US_2023_03_01:126692004
DOID:2598,laryngeal benign neoplasm,UMLS_CUI:C0023055
DOID:2599,glottis carcinoma,NCI:C4923
DOID:2599,glottis carcinoma,SNOMEDCT_US_2023_03_01:372103002
DOID:2599,glottis carcinoma,UMLS_CUI:C0740083
DOID:260,hepatic flexure cancer,ICD10CM:C18.3
DOID:260,hepatic flexure cancer,ICD9CM:153.0
DOID:260,hepatic flexure cancer,SNOMEDCT_US_2023_03_01:93826009
DOID:260,hepatic flexure cancer,UMLS_CUI:C0153433
DOID:2600,laryngeal carcinoma,NCI:C4855
DOID:2600,laryngeal carcinoma,SNOMEDCT_US_2023_03_01:154480006
DOID:2600,laryngeal carcinoma,UMLS_CUI:C0595989
DOID:2601,juxtacortical chondroma,NCI:C4302
DOID:2601,juxtacortical chondroma,SNOMEDCT_US_2023_03_01:9266000
DOID:2601,juxtacortical chondroma,UMLS_CUI:C0334548
DOID:2602,chondroma,GARD:6052
DOID:2602,chondroma,ICDO:9220/0
DOID:2602,chondroma,MESH:D002812
DOID:2602,chondroma,NCI:C53459
DOID:2602,chondroma,SNOMEDCT_US_2023_03_01:269638002
DOID:2602,chondroma,UMLS_CUI:C0936248
DOID:2609,adenomyoma,ICDO:8932/0
DOID:2609,adenomyoma,MESH:D018194
DOID:2609,adenomyoma,NCI:C3726
DOID:2609,adenomyoma,SNOMEDCT_US_2023_03_01:40293003
DOID:2609,adenomyoma,UMLS_CUI:C0206622
DOID:261,transverse colon cancer,ICD10CM:C18.4
DOID:261,transverse colon cancer,ICD9CM:153.1
DOID:261,transverse colon cancer,SNOMEDCT_US_2023_03_01:94105000
DOID:261,transverse colon cancer,UMLS_CUI:C0153434
DOID:2614,serous surface papilloma,ICDO:8461/0
DOID:2614,serous surface papilloma,NCI:C4181
DOID:2614,serous surface papilloma,SNOMEDCT_US_2023_03_01:67073007
DOID:2614,serous surface papilloma,UMLS_CUI:C0334360
DOID:2615,papilloma,MESH:D010212
DOID:2615,papilloma,ICDO:8050/0
DOID:2615,papilloma,NCI:C3713
DOID:2615,papilloma,NCI:C7440
DOID:2615,papilloma,SNOMEDCT_US_2023_03_01:711329002
DOID:2615,papilloma,SNOMEDCT_US_2023_03_01:82049002
DOID:2615,papilloma,UMLS_CUI:C0030354
DOID:2615,papilloma,UMLS_CUI:C0205875
DOID:2616,Wolffian duct adenoma,SNOMEDCT_US_2023_03_01:72889001
DOID:2616,Wolffian duct adenoma,UMLS_CUI:C0334530
DOID:262,kidney hemangiopericytoma,NCI:C4527
DOID:262,kidney hemangiopericytoma,SNOMEDCT_US_2023_03_01:254923001
DOID:262,kidney hemangiopericytoma,UMLS_CUI:C0346256
DOID:2621,autonomic nervous system neoplasm,NCI:C5112
DOID:2621,autonomic nervous system neoplasm,UMLS_CUI:C1332356
DOID:2626,choroid plexus papilloma,GARD:4214
DOID:2626,choroid plexus papilloma,ICDO:9390/0
DOID:2626,choroid plexus papilloma,MESH:D020288
DOID:2626,choroid plexus papilloma,MIM:260500
DOID:2626,choroid plexus papilloma,NCI:C3698
DOID:2626,choroid plexus papilloma,NCI:C5800
DOID:2626,choroid plexus papilloma,SNOMEDCT_US_2023_03_01:18021007
DOID:2626,choroid plexus papilloma,UMLS_CUI:C0205770
DOID:2626,choroid plexus papilloma,UMLS_CUI:C1332963
DOID:263,kidney cancer,ICD10CM:C64
DOID:263,kidney cancer,ICD9CM:189.0
DOID:263,kidney cancer,MESH:D007680
DOID:263,kidney cancer,NCI:C120456
DOID:263,kidney cancer,NCI:C3150
DOID:263,kidney cancer,NCI:C7548
DOID:263,kidney cancer,SNOMEDCT_US_2023_03_01:126880001
DOID:263,kidney cancer,SNOMEDCT_US_2023_03_01:93849006
DOID:263,kidney cancer,UMLS_CUI:C0022665
DOID:263,kidney cancer,UMLS_CUI:C0494158
DOID:263,kidney cancer,UMLS_CUI:C0740457
DOID:2632,papillary serous adenocarcinoma,NCI:C4182
DOID:2632,papillary serous adenocarcinoma,SNOMEDCT_US_2021_09_01:90725004
DOID:2634,cystadenoma,ICDO:8440/0
DOID:2634,cystadenoma,MESH:D003537
DOID:2634,cystadenoma,NCI:C2972
DOID:2634,cystadenoma,SNOMEDCT_US_2023_03_01:189680006
DOID:2634,cystadenoma,UMLS_CUI:C0010633
DOID:2636,ovarian Brenner tumor,GARD:9397
DOID:2636,ovarian Brenner tumor,MESH:D001948
DOID:2636,ovarian Brenner tumor,NCI:C39954
DOID:2636,ovarian Brenner tumor,UMLS_CUI:C0006160
DOID:2639,breast pericanalicular fibroadenoma,NCI:C4272
DOID:2639,breast pericanalicular fibroadenoma,SNOMEDCT_US_2023_03_01:41382006
DOID:2639,breast pericanalicular fibroadenoma,UMLS_CUI:C0334497
DOID:264,hemangiopericytoma,GARD:2627
DOID:264,hemangiopericytoma,ICDO:9150/3
DOID:264,hemangiopericytoma,MESH:D006393
DOID:264,hemangiopericytoma,NCI:C3087
DOID:264,hemangiopericytoma,SNOMEDCT_US_2023_03_01:134335004
DOID:264,hemangiopericytoma,UMLS_CUI:C0018922
DOID:2640,struma ovarii,ICDO:9090/0
DOID:2640,struma ovarii,MESH:D013330
DOID:2640,struma ovarii,NCI:C7468
DOID:2640,struma ovarii,SNOMEDCT_US_2023_03_01:24327009
DOID:2640,struma ovarii,UMLS_CUI:C0038478
DOID:2641,ovarian germ cell monodermal and highly specialized teratoma,NCI:C8113
DOID:2641,ovarian germ cell monodermal and highly specialized teratoma,UMLS_CUI:C0280134
DOID:2643,perivascular epithelioid cell tumor,MESH:D054973
DOID:2643,perivascular epithelioid cell tumor,NCI:C38150
DOID:2643,perivascular epithelioid cell tumor,SNOMEDCT_US_2023_03_01:388601000
DOID:2643,perivascular epithelioid cell tumor,UMLS_CUI:C1300127
DOID:2645,benign mesothelioma,ICD10CM:C45
DOID:2645,benign mesothelioma,MESH:D008654
DOID:2645,benign mesothelioma,NCI:C3234
DOID:2645,benign mesothelioma,SNOMEDCT_US_2023_03_01:154491004
DOID:2645,benign mesothelioma,UMLS_CUI:C0025500
DOID:2647,parachordoma,ICDO:9373/0
DOID:2647,parachordoma,NCI:C6581
DOID:2647,parachordoma,SNOMEDCT_US_2023_03_01:404086000
DOID:2647,parachordoma,UMLS_CUI:C1266175
DOID:2648,sebaceous adenoma,NCI:C4174
DOID:2648,sebaceous adenoma,SNOMEDCT_US_2023_03_01:78424008
DOID:2648,sebaceous adenoma,UMLS_CUI:C1368816
DOID:2649,chondroblastoma,GARD:6047
DOID:2649,chondroblastoma,ICDO:9230/1
DOID:2649,chondroblastoma,MESH:D002804
DOID:2649,chondroblastoma,NCI:C2945
DOID:2649,chondroblastoma,SNOMEDCT_US_2023_03_01:9001003
DOID:2649,chondroblastoma,UMLS_CUI:C0008441
DOID:265,spleen angiosarcoma,NCI:C4564
DOID:265,spleen angiosarcoma,SNOMEDCT_US_2023_03_01:187821001
DOID:265,spleen angiosarcoma,UMLS_CUI:C0346424
DOID:2653,benign fibrous mesothelioma,MESH:D054363
DOID:2653,benign fibrous mesothelioma,NCI:C4457
DOID:2653,benign fibrous mesothelioma,SNOMEDCT_US_2023_03_01:15702005
DOID:2653,benign fibrous mesothelioma,UMLS_CUI:C0334511
DOID:2656,breast intracanalicular fibroadenoma,NCI:C4271
DOID:2656,breast intracanalicular fibroadenoma,SNOMEDCT_US_2023_03_01:72905006
DOID:2656,breast intracanalicular fibroadenoma,UMLS_CUI:C0334496
DOID:2658,dermoid cyst,ICD10CM:K09.8
DOID:2658,dermoid cyst,ICDO:9084/0
DOID:2658,dermoid cyst,MESH:D003884
DOID:2658,dermoid cyst,NCI:C9011
DOID:2658,dermoid cyst,SNOMEDCT_US_2023_03_01:189117002
DOID:2658,dermoid cyst,UMLS_CUI:C0011649
DOID:2660,cystic teratoma,NCI:C9014
DOID:2660,cystic teratoma,SNOMEDCT_US_2023_03_01:42717009
DOID:2660,cystic teratoma,UMLS_CUI:C1368903
DOID:2661,myoepithelioma,ICDO:8982/0
DOID:2661,myoepithelioma,MESH:D009208
DOID:2661,myoepithelioma,NCI:C40392
DOID:2661,myoepithelioma,SNOMEDCT_US_2023_03_01:69291002
DOID:2661,myoepithelioma,UMLS_CUI:C0027070
DOID:2664,sweat gland benign neoplasm,MESH:D013544
DOID:2664,sweat gland benign neoplasm,NCI:C3398
DOID:2664,sweat gland benign neoplasm,SNOMEDCT_US_2023_03_01:126490003
DOID:2664,sweat gland benign neoplasm,UMLS_CUI:C0038987
DOID:2668,mesenchymoma,ICDO:8990/3
DOID:2668,mesenchymoma,MESH:D008637
DOID:2668,mesenchymoma,NCI:C3233
DOID:2668,mesenchymoma,SNOMEDCT_US_2023_03_01:44524009
DOID:2668,mesenchymoma,UMLS_CUI:C0025464
DOID:2669,Pacinian tumor,ICDO:9507/0
DOID:2669,Pacinian tumor,NCI:C4328
DOID:2669,Pacinian tumor,SNOMEDCT_US_2023_03_01:4230004
DOID:2669,Pacinian tumor,UMLS_CUI:C0334599
DOID:2670,transitional papilloma,NCI:C4115
DOID:2670,transitional papilloma,SNOMEDCT_US_2023_03_01:44342003
DOID:2670,transitional papilloma,UMLS_CUI:C0334266
DOID:2671,transitional cell carcinoma,GARD:7794
DOID:2671,transitional cell carcinoma,ICDO:8120/3
DOID:2671,transitional cell carcinoma,MESH:D002295
DOID:2671,transitional cell carcinoma,NCI:C2930
DOID:2671,transitional cell carcinoma,NCI:C6783
DOID:2671,transitional cell carcinoma,SNOMEDCT_US_2023_03_01:118287003
DOID:2671,transitional cell carcinoma,SNOMEDCT_US_2023_03_01:27090000
DOID:2671,transitional cell carcinoma,UMLS_CUI:C0007138
DOID:2671,transitional cell carcinoma,UMLS_CUI:C0334265
DOID:2673,adult cystic nephroma,NCI:C7504
DOID:2679,dysembryoplastic neuroepithelial tumor,ICDO:9413/0
DOID:2679,dysembryoplastic neuroepithelial tumor,GARD:10640
DOID:2679,dysembryoplastic neuroepithelial tumor,NCI:C9505
DOID:2679,dysembryoplastic neuroepithelial tumor,SNOMEDCT_US_2023_03_01:87211000119104
DOID:2679,dysembryoplastic neuroepithelial tumor,UMLS_CUI:C1266177
DOID:268,liver angiosarcoma,GARD:5813
DOID:268,liver angiosarcoma,ICD10CM:C22.3
DOID:268,liver angiosarcoma,NCI:C4438
DOID:268,liver angiosarcoma,SNOMEDCT_US_2023_03_01:187770005
DOID:268,liver angiosarcoma,UMLS_CUI:C0345907
DOID:2682,intracystic papillary adenoma,ICDO:8504/0
DOID:2682,intracystic papillary adenoma,SNOMEDCT_US_2023_03_01:47488001
DOID:2682,intracystic papillary adenoma,UMLS_CUI:C0334374
DOID:2683,adenofibroma,ICDO:9013/0
DOID:2683,adenofibroma,MESH:D000232
DOID:2683,adenofibroma,SNOMEDCT_US_2023_03_01:189823009
DOID:2683,adenofibroma,UMLS_CUI:C0001422
DOID:2685,ossifying fibromyxoid tumor,ICDO:8842/0
DOID:2685,ossifying fibromyxoid tumor,NCI:C6582
DOID:2685,ossifying fibromyxoid tumor,SNOMEDCT_US_2023_03_01:404076001
DOID:2685,ossifying fibromyxoid tumor,UMLS_CUI:C1266128
DOID:2687,skin sarcoma,NCI:C5585
DOID:2687,skin sarcoma,UMLS_CUI:C0856900
DOID:2689,lymphangiosarcoma,ICDO:9170/3
DOID:2689,lymphangiosarcoma,MESH:C537491
DOID:2689,lymphangiosarcoma,MESH:D008204
DOID:2689,lymphangiosarcoma,NCI:C3205
DOID:2689,lymphangiosarcoma,NCI:C4490
DOID:2689,lymphangiosarcoma,SNOMEDCT_US_2023_03_01:403986008
DOID:2689,lymphangiosarcoma,SNOMEDCT_US_2023_03_01:62497000
DOID:2689,lymphangiosarcoma,UMLS_CUI:C0024224
DOID:2689,lymphangiosarcoma,UMLS_CUI:C0346082
DOID:2691,myoma,ICD10CM:D21
DOID:2691,myoma,ICDO:8895/0
DOID:2691,myoma,MESH:D009214
DOID:2691,myoma,NCI:C4882
DOID:2691,myoma,SNOMEDCT_US_2023_03_01:66357004
DOID:2691,myoma,UMLS_CUI:C0027086
DOID:2696,Leydig cell tumor,MESH:D007984
DOID:2696,Leydig cell tumor,NCI:C3188
DOID:2696,Leydig cell tumor,NCI:C4213
DOID:2696,Leydig cell tumor,SNOMEDCT_US_2023_03_01:45002009
DOID:2696,Leydig cell tumor,SNOMEDCT_US_2023_03_01:77870005
DOID:2696,Leydig cell tumor,UMLS_CUI:C0023601
DOID:2696,Leydig cell tumor,UMLS_CUI:C0334410
DOID:2697,renal adenoma,NCI:C8383
DOID:2697,renal adenoma,SNOMEDCT_US_2023_03_01:41627005
DOID:2697,renal adenoma,UMLS_CUI:C0334684
DOID:2698,nephrogenic adenofibroma,NCI:C39812
DOID:2698,nephrogenic adenofibroma,SNOMEDCT_US_2023_03_01:128760004
DOID:2698,nephrogenic adenofibroma,UMLS_CUI:C1266141
DOID:270,liver sarcoma,NCI:C4437
DOID:270,liver sarcoma,SNOMEDCT_US_2023_03_01:254601002
DOID:270,liver sarcoma,UMLS_CUI:C0345906
DOID:2700,mucinous adenofibroma,ICDO:9015/0
DOID:2700,mucinous adenofibroma,NCI:C8978
DOID:2700,mucinous adenofibroma,SNOMEDCT_US_2023_03_01:10705005
DOID:2700,mucinous adenofibroma,UMLS_CUI:C0334499
DOID:2701,nodular tenosynovitis,MESH:D000070779
DOID:2701,nodular tenosynovitis,NCI:C3829
DOID:2701,nodular tenosynovitis,NCI:C6532
DOID:2701,nodular tenosynovitis,SNOMEDCT_US_2023_03_01:5178002
DOID:2701,nodular tenosynovitis,SNOMEDCT_US_2023_03_01:71508003
DOID:2701,nodular tenosynovitis,UMLS_CUI:C0221289
DOID:2701,nodular tenosynovitis,UMLS_CUI:C0588125
DOID:2704,malignant giant cell tumor of the tendon sheath,NCI:C6535
DOID:2704,malignant giant cell tumor of the tendon sheath,SNOMEDCT_US_2023_03_01:128778009
DOID:2704,malignant giant cell tumor of the tendon sheath,UMLS_CUI:C1266168
DOID:2705,malignant giant cell tumor,NCI:C4090
DOID:2705,malignant giant cell tumor,SNOMEDCT_US_2023_03_01:83950009
DOID:2705,malignant giant cell tumor,UMLS_CUI:C0334229
DOID:2706,synovium cancer,NCI:C6531
DOID:2706,synovium cancer,UMLS_CUI:C1334624
DOID:271,hemangioma of liver,NCI:C3869
DOID:271,hemangioma of liver,SNOMEDCT_US_2023_03_01:93469006
DOID:271,hemangioma of liver,UMLS_CUI:C0238246
DOID:2725,capillary hemangioma,ICD10CM:Q82.5
DOID:2725,capillary hemangioma,ICDO:9131/0
DOID:2725,capillary hemangioma,MESH:D018324
DOID:2725,capillary hemangioma,NCI:C7457
DOID:2725,capillary hemangioma,SNOMEDCT_US_2023_03_01:56975005
DOID:2725,capillary hemangioma,UMLS_CUI:C0206733
DOID:275,gastric hemangioma,NCI:C5481
DOID:275,gastric hemangioma,UMLS_CUI:C1333770
DOID:2762,bone carcinoma,NCI:C36082
DOID:2762,bone carcinoma,SNOMEDCT_US_2023_03_01:269568000
DOID:2762,bone carcinoma,UMLS_CUI:C0700110
DOID:2763,ethmoid sinus squamous cell carcinoma,NCI:C6065
DOID:2763,ethmoid sinus squamous cell carcinoma,SNOMEDCT_US_2023_03_01:1260046004
DOID:2763,ethmoid sinus squamous cell carcinoma,UMLS_CUI:C1333477
DOID:2764,ethmoid sinus adenoid cystic carcinoma,NCI:C6238
DOID:2764,ethmoid sinus adenoid cystic carcinoma,UMLS_CUI:C1333473
DOID:2766,ethmoid sinus adenocarcinoma,NCI:C6237
DOID:2766,ethmoid sinus adenocarcinoma,UMLS_CUI:C1333472
DOID:277,chorioangioma,MESH:D006391
DOID:277,chorioangioma,NCI:C4868
DOID:277,chorioangioma,SNOMEDCT_US_2023_03_01:699948001
DOID:277,chorioangioma,UMLS_CUI:C0677608
DOID:2775,long bone adamantinoma,MESH:D050398
DOID:2775,long bone adamantinoma,MIM:102660
DOID:2775,long bone adamantinoma,NCI:C7644
DOID:2775,long bone adamantinoma,SNOMEDCT_US_2023_03_01:56763007
DOID:2775,long bone adamantinoma,UMLS_CUI:C0334556
DOID:2776,adamantinoma,MESH:D050398
DOID:2776,adamantinoma,NCI:C7644
DOID:2776,adamantinoma,SNOMEDCT_US_2023_03_01:56763007
DOID:2776,adamantinoma,UMLS_CUI:C0334556
DOID:2776,adamantinoma,ORDO:55881
DOID:2780,rectosigmoid junction neoplasm,NCI:C4877
DOID:2780,rectosigmoid junction neoplasm,SNOMEDCT_US_2023_03_01:126848003
DOID:2780,rectosigmoid junction neoplasm,UMLS_CUI:C0345873
DOID:2781,rectosigmoid cancer,NCI:C7421
DOID:2781,rectosigmoid cancer,UMLS_CUI:C1327709
DOID:2782,rectosigmoid junction cancer,ICD10CM:C19
DOID:2782,rectosigmoid junction cancer,ICD9CM:154.0
DOID:2782,rectosigmoid junction cancer,NCI:C7420
DOID:2782,rectosigmoid junction cancer,SNOMEDCT_US_2023_03_01:363414004
DOID:2782,rectosigmoid junction cancer,UMLS_CUI:C0153443
DOID:2784,lung sarcoma,NCI:C4860
DOID:2784,lung sarcoma,UMLS_CUI:C0598790
DOID:2814,malignant neoplasm of acoustic nerve,ICD10CM:C72.4
DOID:2814,malignant neoplasm of acoustic nerve,NCI:C4539
DOID:2814,malignant neoplasm of acoustic nerve,SNOMEDCT_US_2023_03_01:93660000
DOID:2814,malignant neoplasm of acoustic nerve,UMLS_CUI:C0346331
DOID:2815,cranial nerve malignant neoplasm,ICD10CM:C72.50
DOID:2815,cranial nerve malignant neoplasm,ICD9CM:192.0
DOID:2815,cranial nerve malignant neoplasm,MESH:D003390
DOID:2815,cranial nerve malignant neoplasm,NCI:C2963
DOID:2815,cranial nerve malignant neoplasm,NCI:C3571
DOID:2815,cranial nerve malignant neoplasm,SNOMEDCT_US_2023_03_01:126966009
DOID:2815,cranial nerve malignant neoplasm,SNOMEDCT_US_2023_03_01:188311003
DOID:2815,cranial nerve malignant neoplasm,UMLS_CUI:C0010267
DOID:2815,cranial nerve malignant neoplasm,UMLS_CUI:C0153644
DOID:2816,malignant oculomotor nerve tumor,NCI:C6995
DOID:2816,malignant oculomotor nerve tumor,SNOMEDCT_US_2023_03_01:93929003
DOID:2816,malignant oculomotor nerve tumor,UMLS_CUI:C0686417
DOID:2817,cranial nerve III tumor,NCI:C6994
DOID:2817,cranial nerve III tumor,SNOMEDCT_US_2023_03_01:126969002
DOID:2817,cranial nerve III tumor,UMLS_CUI:C1263895
DOID:285,hairy cell leukemia,GARD:6560
DOID:285,hairy cell leukemia,ICD10CM:C91.4
DOID:285,hairy cell leukemia,ICD9CM:202.4
DOID:285,hairy cell leukemia,ICDO:9940/3
DOID:285,hairy cell leukemia,MESH:D007943
DOID:285,hairy cell leukemia,NCI:C7402
DOID:285,hairy cell leukemia,SNOMEDCT_US_2023_03_01:118613001
DOID:285,hairy cell leukemia,UMLS_CUI:C0023443
DOID:2870,endometrial adenocarcinoma,NCI:C6287
DOID:2870,endometrial adenocarcinoma,NCI:C6290
DOID:2870,endometrial adenocarcinoma,NCI:C7359
DOID:2870,endometrial adenocarcinoma,SNOMEDCT_US_2023_03_01:123845008
DOID:2870,endometrial adenocarcinoma,SNOMEDCT_US_2023_03_01:1260086007
DOID:2870,endometrial adenocarcinoma,UMLS_CUI:C0279763
DOID:2870,endometrial adenocarcinoma,UMLS_CUI:C1153706
DOID:2870,endometrial adenocarcinoma,UMLS_CUI:C1336905
DOID:2871,endometrial carcinoma,MESH:D016889
DOID:2871,endometrial carcinoma,MESH:D018269
DOID:2871,endometrial carcinoma,NCI:C7558
DOID:2871,endometrial carcinoma,SNOMEDCT_US_2023_03_01:30289006
DOID:2871,endometrial carcinoma,SNOMEDCT_US_2023_03_01:93781006
DOID:2871,endometrial carcinoma,UMLS_CUI:C0206687
DOID:2871,endometrial carcinoma,UMLS_CUI:C0476089
DOID:2876,laryngeal squamous cell carcinoma,MESH:D000077195
DOID:2876,laryngeal squamous cell carcinoma,NCI:C4044
DOID:2876,laryngeal squamous cell carcinoma,SNOMEDCT_US_2023_03_01:707358000
DOID:2876,laryngeal squamous cell carcinoma,UMLS_CUI:C0280324
DOID:2877,larynx sarcoma,NCI:C6020
DOID:2877,larynx sarcoma,UMLS_CUI:C1334377
DOID:2883,prostatic adenoma,MESH:D011470
DOID:2883,prostatic adenoma,NCI:C4795
DOID:2883,prostatic adenoma,SNOMEDCT_US_2023_03_01:21173002
DOID:2883,prostatic adenoma,UMLS_CUI:C0520477
DOID:2885,benign prostate phyllodes tumor,NCI:C5532
DOID:2885,benign prostate phyllodes tumor,NCI:C7574
DOID:2885,benign prostate phyllodes tumor,UMLS_CUI:C1332535
DOID:2885,benign prostate phyllodes tumor,UMLS_CUI:C1335409
DOID:2887,prostate leiomyoma,NCI:C5544
DOID:2887,prostate leiomyoma,UMLS_CUI:C1335510
DOID:2891,thyroid adenoma,MESH:D013964
DOID:2891,thyroid adenoma,NCI:C3502
DOID:2891,thyroid adenoma,SNOMEDCT_US_2023_03_01:189174004
DOID:2891,thyroid adenoma,UMLS_CUI:C0151468
DOID:2892,exocervical carcinoma,NCI:C7453
DOID:2892,exocervical carcinoma,SNOMEDCT_US_2023_03_01:372100004
DOID:2892,exocervical carcinoma,UMLS_CUI:C1299238
DOID:2893,cervix carcinoma,NCI:C9039
DOID:2893,cervix carcinoma,SNOMEDCT_US_2023_03_01:285432005
DOID:2893,cervix carcinoma,UMLS_CUI:C0302592
DOID:292,lacrimal system cancer,NCI:C5102
DOID:292,lacrimal system cancer,SNOMEDCT_US_2023_03_01:416510003
DOID:292,lacrimal system cancer,UMLS_CUI:C1334361
DOID:293,lacrimal gland carcinoma,NCI:C6129
DOID:293,lacrimal gland carcinoma,UMLS_CUI:C1334358
DOID:294,lacrimal gland cancer,ICD9CM:190.2
DOID:294,lacrimal gland cancer,NCI:C3563
DOID:294,lacrimal gland cancer,NCI:C4360
DOID:294,lacrimal gland cancer,SNOMEDCT_US_2023_03_01:127004000
DOID:294,lacrimal gland cancer,SNOMEDCT_US_2023_03_01:188271007
DOID:294,lacrimal gland cancer,UMLS_CUI:C0153627
DOID:294,lacrimal gland cancer,UMLS_CUI:C0339124
DOID:295,eye carcinoma,NCI:C6079
DOID:295,eye carcinoma,UMLS_CUI:C0848866
DOID:296,mixed lacrimal gland cancer,NCI:C6804
DOID:296,mixed lacrimal gland cancer,SNOMEDCT_US_2023_03_01:254989000
DOID:296,mixed lacrimal gland cancer,UMLS_CUI:C0346342
DOID:297,pleomorphic adenoma carcinoma,NCI:C4397
DOID:297,pleomorphic adenoma carcinoma,SNOMEDCT_US_2023_03_01:17264009
DOID:297,pleomorphic adenoma carcinoma,UMLS_CUI:C0344460
DOID:298,lacrimal gland adenocarcinoma,NCI:C4541
DOID:298,lacrimal gland adenocarcinoma,SNOMEDCT_US_2023_03_01:254988008
DOID:298,lacrimal gland adenocarcinoma,UMLS_CUI:C0346341
DOID:299,adenocarcinoma,ICDO:8140/3
DOID:299,adenocarcinoma,MESH:D000230
DOID:299,adenocarcinoma,NCI:C2852
DOID:299,adenocarcinoma,SNOMEDCT_US_2023_03_01:35917007
DOID:299,adenocarcinoma,UMLS_CUI:C0001418
DOID:2992,prostate neuroendocrine neoplasm,NCI:C5545
DOID:2992,prostate neuroendocrine neoplasm,UMLS_CUI:C1335515
DOID:2994,germ cell cancer,MESH:D009373
DOID:2994,germ cell cancer,NCI:C3708
DOID:2994,germ cell cancer,SNOMEDCT_US_2023_03_01:302853003
DOID:2994,germ cell cancer,UMLS_CUI:C0205851
DOID:2996,mixed germ cell-sex cord neoplasm,NCI:C5241
DOID:2996,mixed germ cell-sex cord neoplasm,SNOMEDCT_US_2023_03_01:703601005
DOID:2996,mixed germ cell-sex cord neoplasm,UMLS_CUI:C1321220
DOID:2997,Sertoli-Leydig cell tumor,GARD:9967
DOID:2997,Sertoli-Leydig cell tumor,MESH:D018310
DOID:2997,Sertoli-Leydig cell tumor,SNOMEDCT_US_2023_03_01:34110004
DOID:2997,Sertoli-Leydig cell tumor,UMLS_CUI:C0206723
DOID:2998,testicular cancer,GARD:7746
DOID:2998,testicular cancer,ICD10CM:C62
DOID:2998,testicular cancer,ICD9CM:186
DOID:2998,testicular cancer,MESH:D013736
DOID:2998,testicular cancer,NCI:C3404
DOID:2998,testicular cancer,NCI:C5053
DOID:2998,testicular cancer,NCI:C7251
DOID:2998,testicular cancer,SNOMEDCT_US_2023_03_01:126900000
DOID:2998,testicular cancer,SNOMEDCT_US_2023_03_01:94087009
DOID:2998,testicular cancer,UMLS_CUI:C0039590
DOID:2998,testicular cancer,UMLS_CUI:C0153594
DOID:2998,testicular cancer,UMLS_CUI:C1333010
DOID:2999,granulosa cell tumor,MESH:D006106
DOID:2999,granulosa cell tumor,NCI:C3070
DOID:2999,granulosa cell tumor,NCI:C4205
DOID:2999,granulosa cell tumor,SNOMEDCT_US_2023_03_01:18861007
DOID:2999,granulosa cell tumor,SNOMEDCT_US_2023_03_01:46585005
DOID:2999,granulosa cell tumor,UMLS_CUI:C0018206
DOID:2999,granulosa cell tumor,UMLS_CUI:C0334401
DOID:3001,female reproductive endometrioid cancer,NCI:C7113
DOID:3001,female reproductive endometrioid cancer,SNOMEDCT_US_2023_03_01:253013001
DOID:3001,female reproductive endometrioid cancer,UMLS_CUI:C0474809
DOID:3002,ovary neuroendocrine neoplasm,NCI:C5237
DOID:3002,ovary neuroendocrine neoplasm,UMLS_CUI:C1335172
DOID:3003,nipple benign neoplasm,NCI:C5212
DOID:3003,nipple benign neoplasm,UMLS_CUI:C1112166
DOID:3004,breast myoepithelial neoplasm,NCI:C40389
DOID:3004,breast myoepithelial neoplasm,UMLS_CUI:C1511319
DOID:3007,breast ductal carcinoma,MESH:D044584
DOID:3007,breast ductal carcinoma,SNOMEDCT_US_2023_03_01:82711006
DOID:3007,breast ductal carcinoma,UMLS_CUI:C1176475
DOID:3008,invasive ductal carcinoma,MESH:D018270
DOID:3008,invasive ductal carcinoma,NCI:C4017
DOID:3008,invasive ductal carcinoma,NCI:C4194
DOID:3008,invasive ductal carcinoma,SNOMEDCT_US_2023_03_01:408643008
DOID:3008,invasive ductal carcinoma,UMLS_CUI:C1134719
DOID:3008,invasive ductal carcinoma,UMLS_CUI:C1527349
DOID:3009,breast neuroendocrine neoplasm,NCI:C5169
DOID:3009,breast neuroendocrine neoplasm,UMLS_CUI:C1332635
DOID:3010,lobular neoplasia,NCI:C27939
DOID:3010,lobular neoplasia,UMLS_CUI:C0861352
DOID:3011,breast granular cell tumor,NCI:C40400
DOID:3011,breast granular cell tumor,UMLS_CUI:C1511312
DOID:3013,intraductal breast benign neoplasm,NCI:C36083
DOID:3013,intraductal breast benign neoplasm,UMLS_CUI:C0948967
DOID:3016,breast malignant phyllodes tumor,MESH:D003557
DOID:3016,breast malignant phyllodes tumor,NCI:C4275
DOID:3016,breast malignant phyllodes tumor,NCI:C4504
DOID:3016,breast malignant phyllodes tumor,NCI:C7575
DOID:3016,breast malignant phyllodes tumor,SNOMEDCT_US_2023_03_01:254844000
DOID:3016,breast malignant phyllodes tumor,SNOMEDCT_US_2023_03_01:712989008
DOID:3016,breast malignant phyllodes tumor,SNOMEDCT_US_2023_03_01:87913009
DOID:3016,breast malignant phyllodes tumor,UMLS_CUI:C0238031
DOID:3016,breast malignant phyllodes tumor,UMLS_CUI:C0346154
DOID:3016,breast malignant phyllodes tumor,UMLS_CUI:C0600066
DOID:3017,breast sarcoma,NCI:C4670
DOID:3017,breast sarcoma,SNOMEDCT_US_2023_03_01:278050001
DOID:3017,breast sarcoma,UMLS_CUI:C0349667
DOID:3024,prostatic acinar adenocarcinoma,NCI:C5596
DOID:3024,prostatic acinar adenocarcinoma,UMLS_CUI:C1332139
DOID:3025,acinar cell carcinoma,GARD:8568
DOID:3025,acinar cell carcinoma,ICDO:8550/3
DOID:3025,acinar cell carcinoma,MESH:D018267
DOID:3025,acinar cell carcinoma,NCI:C3768
DOID:3025,acinar cell carcinoma,SNOMEDCT_US_2023_03_01:45410002
DOID:3025,acinar cell carcinoma,UMLS_CUI:C0206685
DOID:3029,colon mucinous adenocarcinoma,NCI:C7966
DOID:3029,colon mucinous adenocarcinoma,UMLS_CUI:C0279639
DOID:3030,mucinous adenocarcinoma,ICDO:8480/3
DOID:3030,mucinous adenocarcinoma,MESH:D002288
DOID:3030,mucinous adenocarcinoma,NCI:C26712
DOID:3030,mucinous adenocarcinoma,NCI:C27379
DOID:3030,mucinous adenocarcinoma,SNOMEDCT_US_2023_03_01:72495009
DOID:3030,mucinous adenocarcinoma,SNOMEDCT_US_2023_03_01:900006
DOID:3030,mucinous adenocarcinoma,UMLS_CUI:C0007130
DOID:3030,mucinous adenocarcinoma,UMLS_CUI:C0334368
DOID:3033,colon signet ring adenocarcinoma,UMLS_CUI:C0279640
DOID:3033,colon signet ring adenocarcinoma,UMLS_CUI:C1707436
DOID:3038,submucosal invasive colon adenocarcinoma,NCI:C38760
DOID:3038,submucosal invasive colon adenocarcinoma,UMLS_CUI:C1515024
DOID:3039,cecum adenocarcinoma,NCI:C5543
DOID:3039,cecum adenocarcinoma,SNOMEDCT_US_2023_03_01:413446001
DOID:3039,cecum adenocarcinoma,UMLS_CUI:C1332866
DOID:305,carcinoma,SNOMEDCT_US_2023_03_01:269513004
DOID:305,carcinoma,ICDO:8010/3
DOID:305,carcinoma,MESH:D002277
DOID:305,carcinoma,MESH:D009375
DOID:305,carcinoma,NCI:C2916
DOID:305,carcinoma,NCI:C3709
DOID:305,carcinoma,SNOMEDCT_US_2023_03_01:188083002
DOID:305,carcinoma,SNOMEDCT_US_2023_03_01:71298006
DOID:305,carcinoma,UMLS_CUI:C0007097
DOID:305,carcinoma,UMLS_CUI:C0553707
DOID:305,carcinoma,UMLS_CUI:C1368683
DOID:3068,glioblastoma,ICDO:9440/3
DOID:3068,glioblastoma,NCI:C39750
DOID:3068,glioblastoma,GARD:2491
DOID:3068,glioblastoma,MESH:D005909
DOID:3068,glioblastoma,NCI:C129295
DOID:3068,glioblastoma,NCI:C9094
DOID:3068,glioblastoma,SNOMEDCT_US_2023_03_01:63634009
DOID:3068,glioblastoma,UMLS_CUI:C0017636
DOID:3068,glioblastoma,UMLS_CUI:C0278878
DOID:3068,glioblastoma,UMLS_CUI:C1514422
DOID:3069,malignant astrocytoma,ICDO:9400/3
DOID:3069,malignant astrocytoma,MESH:D001254
DOID:3069,malignant astrocytoma,NCI:C4951
DOID:3069,malignant astrocytoma,NCI:C60781
DOID:3069,malignant astrocytoma,SNOMEDCT_US_2023_03_01:189914005
DOID:3069,malignant astrocytoma,SNOMEDCT_US_2023_03_01:99131000119108
DOID:3069,malignant astrocytoma,UMLS_CUI:C0004114
DOID:3069,malignant astrocytoma,UMLS_CUI:C0750935
DOID:3070,high grade glioma,ICDO:9380/3
DOID:3070,high grade glioma,KEGG:05214
DOID:3070,high grade glioma,MESH:D005910
DOID:3070,high grade glioma,MIM:PS137800
DOID:3070,high grade glioma,NCI:C3059
DOID:3070,high grade glioma,NCI:C4822
DOID:3070,high grade glioma,ORDO:182067
DOID:3070,high grade glioma,SNOMEDCT_US_2023_03_01:393564001
DOID:3070,high grade glioma,SNOMEDCT_US_2023_03_01:74532006
DOID:3070,high grade glioma,UMLS_CUI:C0017638
DOID:3070,high grade glioma,UMLS_CUI:C0555198
DOID:3071,gliosarcoma,GARD:5653
DOID:3071,gliosarcoma,ICDO:9442/3
DOID:3071,gliosarcoma,MESH:D018316
DOID:3071,gliosarcoma,NCI:C3796
DOID:3071,gliosarcoma,SNOMEDCT_US_2023_03_01:35262004
DOID:3071,gliosarcoma,UMLS_CUI:C0206726
DOID:3073,brain glioblastoma multiforme,NCI:C4642
DOID:3073,brain glioblastoma multiforme,SNOMEDCT_US_2023_03_01:276828006
DOID:3073,brain glioblastoma multiforme,UMLS_CUI:C0349543
DOID:3074,giant cell glioblastoma,MESH:D005909
DOID:3074,giant cell glioblastoma,ICDO:9441/3
DOID:3074,giant cell glioblastoma,NCI:C4325
DOID:3074,giant cell glioblastoma,SNOMEDCT_US_2023_03_01:44529004
DOID:3074,giant cell glioblastoma,UMLS_CUI:C0334588
DOID:3076,adult astrocytic tumor,NCI:C7049
DOID:3076,adult astrocytic tumor,UMLS_CUI:C1332183
DOID:3078,anaplastic astrocytoma,MESH:D001254
DOID:3078,anaplastic astrocytoma,GARD:5860
DOID:3078,anaplastic astrocytoma,NCI:C9477
DOID:3078,anaplastic astrocytoma,SNOMEDCT_US_2023_03_01:55353007
DOID:3078,anaplastic astrocytoma,UMLS_CUI:C0334579
DOID:3079,childhood astrocytic tumor,NCI:C9022
DOID:3079,childhood astrocytic tumor,SNOMEDCT_US_2023_03_01:128854008
DOID:3079,childhood astrocytic tumor,UMLS_CUI:C1321865
DOID:3081,cystic lymphangioma,GARD:6234
DOID:3081,cystic lymphangioma,ICDO:9173/0
DOID:3081,cystic lymphangioma,MESH:D018191
DOID:3081,cystic lymphangioma,MIM:257350
DOID:3081,cystic lymphangioma,NCI:C3724
DOID:3081,cystic lymphangioma,SNOMEDCT_US_2023_03_01:40225001
DOID:3081,cystic lymphangioma,UMLS_CUI:C0206620
DOID:3093,nervous system cancer,ICD9CM:192.9
DOID:3093,nervous system cancer,MESH:D009380
DOID:3093,nervous system cancer,NCI:C35562
DOID:3093,nervous system cancer,SNOMEDCT_US_2023_03_01:188306000
DOID:3093,nervous system cancer,UMLS_CUI:C0027665
DOID:3093,nervous system cancer,UMLS_CUI:C0153643
DOID:3093,nervous system cancer,UMLS_CUI:C1334956
DOID:3095,germ cell and embryonal cancer,MESH:D009373
DOID:3095,germ cell and embryonal cancer,UMLS_CUI:C0027658
DOID:3098,small cell sarcoma,ICDO:8803/3
DOID:3098,small cell sarcoma,MESH:D018228
DOID:3098,small cell sarcoma,NCI:C3746
DOID:3098,small cell sarcoma,SNOMEDCT_US_2023_03_01:73506006
DOID:3098,small cell sarcoma,UMLS_CUI:C0206652
DOID:3110,papillary cystadenocarcinoma,GARD:10162
DOID:3110,papillary cystadenocarcinoma,ICDO:8450/3
DOID:3110,papillary cystadenocarcinoma,MESH:D018283
DOID:3110,papillary cystadenocarcinoma,NCI:C3777
DOID:3110,papillary cystadenocarcinoma,SNOMEDCT_US_2023_03_01:2735009
DOID:3110,papillary cystadenocarcinoma,UMLS_CUI:C0206700
DOID:3111,cystadenocarcinoma,ICDO:8440/3
DOID:3111,cystadenocarcinoma,MESH:D003536
DOID:3111,cystadenocarcinoma,NCI:C2971
DOID:3111,cystadenocarcinoma,SNOMEDCT_US_2023_03_01:21008007
DOID:3111,cystadenocarcinoma,UMLS_CUI:C0010631
DOID:3112,papillary adenocarcinoma,ICDO:8260/3
DOID:3112,papillary adenocarcinoma,MESH:D000231
DOID:3112,papillary adenocarcinoma,NCI:C2853
DOID:3112,papillary adenocarcinoma,SNOMEDCT_US_2023_03_01:4797003
DOID:3112,papillary adenocarcinoma,UMLS_CUI:C0001420
DOID:3113,papillary carcinoma,ICDO:8050/3
DOID:3113,papillary carcinoma,MESH:D002291
DOID:3113,papillary carcinoma,NCI:C2927
DOID:3113,papillary carcinoma,SNOMEDCT_US_2023_03_01:25910003
DOID:3113,papillary carcinoma,UMLS_CUI:C0007133
DOID:3114,serous cystadenocarcinoma,MESH:D018284
DOID:3114,serous cystadenocarcinoma,NCI:C3778
DOID:3114,serous cystadenocarcinoma,SNOMEDCT_US_2023_03_01:90725004
DOID:3114,serous cystadenocarcinoma,UMLS_CUI:C0206701
DOID:3116,kidney benign neoplasm,NCI:C7514
DOID:3116,kidney benign neoplasm,UMLS_CUI:C1334323
DOID:3117,hepatobiliary benign neoplasm,NCI:C8614
DOID:3117,hepatobiliary benign neoplasm,UMLS_CUI:C0854196
DOID:3119,gastrointestinal system cancer,ICD10CM:C26.9
DOID:3119,gastrointestinal system cancer,ICD9CM:239.0
DOID:3119,gastrointestinal system cancer,MESH:D004067
DOID:3119,gastrointestinal system cancer,MESH:D005770
DOID:3119,gastrointestinal system cancer,NCI:C3052
DOID:3119,gastrointestinal system cancer,NCI:C4890
DOID:3119,gastrointestinal system cancer,SNOMEDCT_US_2023_03_01:128348002
DOID:3119,gastrointestinal system cancer,SNOMEDCT_US_2023_03_01:276806006
DOID:3119,gastrointestinal system cancer,SNOMEDCT_US_2023_03_01:428905002
DOID:3119,gastrointestinal system cancer,UMLS_CUI:C0012243
DOID:3119,gastrointestinal system cancer,UMLS_CUI:C0017185
DOID:3119,gastrointestinal system cancer,UMLS_CUI:C0685938
DOID:3120,gallbladder papillomatosis,NCI:C7130
DOID:3120,gallbladder papillomatosis,UMLS_CUI:C1333754
DOID:3121,gallbladder cancer,GARD:9328
DOID:3121,gallbladder cancer,ICD10CM:C23
DOID:3121,gallbladder cancer,ICD9CM:156.0
DOID:3121,gallbladder cancer,MESH:D005706
DOID:3121,gallbladder cancer,NCI:C3048
DOID:3121,gallbladder cancer,NCI:C35676
DOID:3121,gallbladder cancer,NCI:C7481
DOID:3121,gallbladder cancer,SNOMEDCT_US_2023_03_01:126854002
DOID:3121,gallbladder cancer,SNOMEDCT_US_2023_03_01:93810008
DOID:3121,gallbladder cancer,UMLS_CUI:C0016978
DOID:3121,gallbladder cancer,UMLS_CUI:C0153452
DOID:3121,gallbladder cancer,UMLS_CUI:C0278806
DOID:314,tenosynovial giant cell tumor,MESH:D000070779
DOID:314,tenosynovial giant cell tumor,ICD9CM:727.02
DOID:314,tenosynovial giant cell tumor,ICDO:9252/0
DOID:314,tenosynovial giant cell tumor,NCI:C3402
DOID:314,tenosynovial giant cell tumor,SNOMEDCT_US_2023_03_01:310605004
DOID:314,tenosynovial giant cell tumor,UMLS_CUI:C1318543
DOID:3149,keratoacanthoma,MESH:D007636
DOID:3149,keratoacanthoma,NCI:C3146
DOID:3149,keratoacanthoma,SNOMEDCT_US_2023_03_01:201061007
DOID:3149,keratoacanthoma,UMLS_CUI:C0022572
DOID:315,synovium neoplasm,NCI:C8964
DOID:315,synovium neoplasm,SNOMEDCT_US_2023_03_01:189829008
DOID:315,synovium neoplasm,UMLS_CUI:C0476203
DOID:3151,skin squamous cell carcinoma,NCI:C4819
DOID:3151,skin squamous cell carcinoma,SNOMEDCT_US_2023_03_01:254651007
DOID:3151,skin squamous cell carcinoma,UMLS_CUI:C0553723
DOID:3162,malignant spindle cell melanoma,NCI:C4237
DOID:3162,malignant spindle cell melanoma,SNOMEDCT_US_2023_03_01:68827007
DOID:3162,malignant spindle cell melanoma,UMLS_CUI:C0334444
DOID:3165,skin benign neoplasm,MESH:D012878
DOID:3165,skin benign neoplasm,NCI:C3372
DOID:3165,skin benign neoplasm,SNOMEDCT_US_2023_03_01:126488004
DOID:3165,skin benign neoplasm,UMLS_CUI:C0037286
DOID:3168,squamous cell neoplasm,MESH:D018307
DOID:3168,squamous cell neoplasm,NCI:C3792
DOID:3168,squamous cell neoplasm,SNOMEDCT_US_2023_03_01:118286007
DOID:3168,squamous cell neoplasm,UMLS_CUI:C0206720
DOID:3172,papillary adenoma,ICDO:8260/0
DOID:3172,papillary adenoma,MESH:D000236
DOID:3172,papillary adenoma,NCI:C79951
DOID:3172,papillary adenoma,SNOMEDCT_US_2023_03_01:86143001
DOID:3172,papillary adenoma,UMLS_CUI:C0205650
DOID:3173,fallopian tube serous papilloma,NCI:C40112
DOID:3173,fallopian tube serous papilloma,UMLS_CUI:C1517123
DOID:3177,verrucous papilloma,ICDO:8051/0
DOID:3177,verrucous papilloma,NCI:C4101
DOID:3177,verrucous papilloma,SNOMEDCT_US_2023_03_01:48218007
DOID:3177,verrucous papilloma,UMLS_CUI:C0334243
DOID:3178,skin papilloma,SNOMEDCT_US_2023_03_01:189051001
DOID:3178,skin papilloma,NCI:C4614
DOID:3178,skin papilloma,UMLS_CUI:C0347390
DOID:3179,inverted papilloma,MESH:D018308
DOID:3179,inverted papilloma,NCI:C3793
DOID:3179,inverted papilloma,SNOMEDCT_US_2023_03_01:104081000119103
DOID:3179,inverted papilloma,UMLS_CUI:C0206721
DOID:3181,oligodendroglioma,ICDO:9450/3
DOID:3181,oligodendroglioma,GARD:9953
DOID:3181,oligodendroglioma,MESH:D009837
DOID:3181,oligodendroglioma,NCI:C3288
DOID:3181,oligodendroglioma,UMLS_CUI:C0751396
DOID:3183,childhood oligodendroglioma,MESH:D009837
DOID:3183,childhood oligodendroglioma,NCI:C4045
DOID:3183,childhood oligodendroglioma,UMLS_CUI:C0280475
DOID:3184,spinal cord oligodendroglioma,NCI:C4535
DOID:3184,spinal cord oligodendroglioma,SNOMEDCT_US_2023_03_01:254950006
DOID:3184,spinal cord oligodendroglioma,UMLS_CUI:C0346295
DOID:3185,spinal cord glioma,NCI:C4534
DOID:3185,spinal cord glioma,SNOMEDCT_US_2023_03_01:254946004
DOID:3185,spinal cord glioma,UMLS_CUI:C2937245
DOID:3186,adult oligodendroglioma,MESH:D009837
DOID:3186,adult oligodendroglioma,NCI:C4014
DOID:3186,adult oligodendroglioma,NCI:C9376
DOID:3186,adult oligodendroglioma,UMLS_CUI:C0279070
DOID:3186,adult oligodendroglioma,UMLS_CUI:C1332190
DOID:3187,brain oligodendroglioma,NCI:C9377
DOID:3187,brain oligodendroglioma,SNOMEDCT_US_2023_03_01:254940005
DOID:3187,brain oligodendroglioma,UMLS_CUI:C0346286
DOID:3192,neurilemmoma,ICDO:9560/3
DOID:3192,neurilemmoma,MESH:D009442
DOID:3192,neurilemmoma,NCI:C3269
DOID:3192,neurilemmoma,SNOMEDCT_US_2023_03_01:985004
DOID:3192,neurilemmoma,UMLS_CUI:C0027809
DOID:3193,peripheral nerve sheath neoplasm,MESH:D018317
DOID:3193,peripheral nerve sheath neoplasm,UMLS_CUI:C0751689
DOID:3196,cellular schwannoma,NCI:C4724
DOID:3196,cellular schwannoma,SNOMEDCT_US_2023_03_01:253086004
DOID:3196,cellular schwannoma,UMLS_CUI:C0431124
DOID:3197,schwannoma of twelfth cranial nerve,NCI:C5434
DOID:3197,schwannoma of twelfth cranial nerve,UMLS_CUI:C1335928
DOID:3198,hypoglossal nerve neoplasm,NCI:C5830
DOID:3198,hypoglossal nerve neoplasm,SNOMEDCT_US_2023_03_01:126978008
DOID:3198,hypoglossal nerve neoplasm,UMLS_CUI:C1263903
DOID:3199,C-P angle neurinoma,NCI:C5413
DOID:3199,C-P angle neurinoma,UMLS_CUI:C1332905
DOID:3200,cerebellopontine angle tumor,NCI:C5414
DOID:3201,sympathetic neurilemmoma,NCI:C5421
DOID:3201,sympathetic neurilemmoma,UMLS_CUI:C1336543
DOID:3202,neurilemmoma of the fifth cranial nerve,NCI:C4655
DOID:3202,neurilemmoma of the fifth cranial nerve,SNOMEDCT_US_2023_03_01:277185000
DOID:3202,neurilemmoma of the fifth cranial nerve,UMLS_CUI:C0349582
DOID:3203,macrocystic neurilemmoma,NCI:C5321
DOID:3203,macrocystic neurilemmoma,UMLS_CUI:C4054526
DOID:3205,melanotic neurilemmoma,NCI:C6970
DOID:3205,melanotic neurilemmoma,SNOMEDCT_US_2023_03_01:253088003
DOID:3205,melanotic neurilemmoma,UMLS_CUI:C1306247
DOID:3206,plexiform schwannoma,NCI:C6969
DOID:3206,plexiform schwannoma,SNOMEDCT_US_2023_03_01:404025004
DOID:3206,plexiform schwannoma,UMLS_CUI:C1370659
DOID:3216,jejunal somatostatinoma,NCI:C5787
DOID:3216,jejunal somatostatinoma,UMLS_CUI:C1334297
DOID:3218,jejunal neoplasm,MESH:D007580
DOID:3218,jejunal neoplasm,NCI:C8401
DOID:3218,jejunal neoplasm,SNOMEDCT_US_2023_03_01:254575004
DOID:3218,jejunal neoplasm,UMLS_CUI:C0022374
DOID:3234,central nervous system lymphoma,ICD9CM:200.5
DOID:3234,central nervous system lymphoma,NCI:C9301
DOID:3234,central nervous system lymphoma,SNOMEDCT_US_2023_03_01:69110006
DOID:3234,central nervous system lymphoma,UMLS_CUI:C0280803
DOID:3246,embryonal rhabdomyosarcoma,GARD:4702
DOID:3246,embryonal rhabdomyosarcoma,ICDO:8910/3
DOID:3246,embryonal rhabdomyosarcoma,MESH:D018233
DOID:3246,embryonal rhabdomyosarcoma,MIM:268210
DOID:3246,embryonal rhabdomyosarcoma,NCI:C8971
DOID:3246,embryonal rhabdomyosarcoma,ORDO:99757
DOID:3246,embryonal rhabdomyosarcoma,SNOMEDCT_US_2023_03_01:404051002
DOID:3246,embryonal rhabdomyosarcoma,UMLS_CUI:C0206656
DOID:3247,rhabdomyosarcoma,ICDO:8900/3
DOID:3247,rhabdomyosarcoma,MESH:D012208
DOID:3247,rhabdomyosarcoma,NCI:C3359
DOID:3247,rhabdomyosarcoma,SNOMEDCT_US_2023_03_01:302847003
DOID:3247,rhabdomyosarcoma,UMLS_CUI:C0035412
DOID:3250,pleomorphic rhabdomyosarcoma,ICDO:8901/3
DOID:3250,pleomorphic rhabdomyosarcoma,NCI:C4258
DOID:3250,pleomorphic rhabdomyosarcoma,SNOMEDCT_US_2023_03_01:404054005
DOID:3250,pleomorphic rhabdomyosarcoma,UMLS_CUI:C0334480
DOID:3251,prostate embryonal rhabdomyosarcoma,NCI:C5525
DOID:3251,prostate embryonal rhabdomyosarcoma,UMLS_CUI:C1335508
DOID:3252,prostate rhabdomyosarcoma,NCI:C5522
DOID:3252,prostate rhabdomyosarcoma,UMLS_CUI:C1335518
DOID:3253,embryonal extrahepatic bile duct rhabdomyosarcoma,NCI:C5847
DOID:3253,embryonal extrahepatic bile duct rhabdomyosarcoma,UMLS_CUI:C1333505
DOID:3254,bile duct rhabdomyosarcoma,NCI:C5860
DOID:3254,bile duct rhabdomyosarcoma,UMLS_CUI:C2064434
DOID:3255,botryoid rhabdomyosarcoma,NCI:C9150
DOID:3255,botryoid rhabdomyosarcoma,SNOMEDCT_US_2023_03_01:14269005
DOID:3255,botryoid rhabdomyosarcoma,UMLS_CUI:C1306573
DOID:3258,orbit embryonal rhabdomyosarcoma,NCI:C6246
DOID:3258,orbit embryonal rhabdomyosarcoma,UMLS_CUI:C1335127
DOID:3259,orbit rhabdomyosarcoma,MESH:C537605
DOID:3259,orbit rhabdomyosarcoma,NCI:C4543
DOID:3259,orbit rhabdomyosarcoma,SNOMEDCT_US_2023_03_01:254994000
DOID:3259,orbit rhabdomyosarcoma,UMLS_CUI:C0346347
DOID:3260,spindle cell rhabdomyosarcoma,ICDO:8912/3
DOID:3260,spindle cell rhabdomyosarcoma,NCI:C6519
DOID:3260,spindle cell rhabdomyosarcoma,SNOMEDCT_US_2023_03_01:404055006
DOID:3260,spindle cell rhabdomyosarcoma,UMLS_CUI:C1266134
DOID:3264,subacute leukemia,ICD9CM:208.2
DOID:3264,subacute leukemia,SNOMEDCT_US_2023_03_01:49432002
DOID:3264,subacute leukemia,UMLS_CUI:C0153924
DOID:3267,mucinous ovarian cystadenoma,NCI:C4512
DOID:3267,mucinous ovarian cystadenoma,SNOMEDCT_US_2023_03_01:119422004
DOID:3267,mucinous ovarian cystadenoma,UMLS_CUI:C0346172
DOID:3269,ovarian cystadenoma,NCI:C4060
DOID:3269,ovarian cystadenoma,SNOMEDCT_US_2023_03_01:198297004
DOID:3269,ovarian cystadenoma,UMLS_CUI:C0346169
DOID:3274,proliferative type fibrocystic change of breast,NCI:C8365
DOID:3274,proliferative type fibrocystic change of breast,SNOMEDCT_US_2023_03_01:35813005
DOID:3274,proliferative type fibrocystic change of breast,UMLS_CUI:C0334056
DOID:3275,thymoma,ICDO:8580/3
DOID:3275,thymoma,MESH:D013945
DOID:3275,thymoma,NCI:C3411
DOID:3275,thymoma,SNOMEDCT_US_2023_03_01:444231005
DOID:3275,thymoma,UMLS_CUI:C0040100
DOID:3277,thymus cancer,ICD10CM:C37
DOID:3277,thymus cancer,ICD9CM:164.0
DOID:3277,thymus cancer,MESH:D013953
DOID:3277,thymus cancer,NCI:C4962
DOID:3277,thymus cancer,SNOMEDCT_US_2023_03_01:94096009
DOID:3277,thymus cancer,UMLS_CUI:C0751552
DOID:3278,encapsulated thymoma,NCI:C7386
DOID:3278,encapsulated thymoma,UMLS_CUI:C1333383
DOID:3279,spindle cell thymoma,NCI:C6454
DOID:3279,spindle cell thymoma,SNOMEDCT_US_2023_03_01:1144928005
DOID:3279,spindle cell thymoma,UMLS_CUI:C1266091
DOID:3280,mixed type thymoma,NCI:C6885
DOID:3280,mixed type thymoma,SNOMEDCT_US_2023_03_01:1144922006
DOID:3280,mixed type thymoma,UMLS_CUI:C1266092
DOID:3282,thymoma type B,NCI:C7114
DOID:3282,thymoma type B,ORDO:263317
DOID:3282,thymoma type B,SNOMEDCT_US_2023_03_01:1144924007
DOID:3282,thymoma type B,UMLS_CUI:C1328042
DOID:3283,invasive malignant thymoma,NCI:C6453
DOID:3283,invasive malignant thymoma,UMLS_CUI:C0278846
DOID:3284,thymic carcinoma,MESH:D013945
DOID:3284,thymic carcinoma,ICDO:8586/3
DOID:3284,thymic carcinoma,NCI:C7569
DOID:3284,thymic carcinoma,SNOMEDCT_US_2023_03_01:128717008
DOID:3284,thymic carcinoma,UMLS_CUI:C0205969
DOID:3301,gonadoblastoma,ICDO:9073/1
DOID:3301,gonadoblastoma,MESH:D018238
DOID:3301,gonadoblastoma,MIM:424500
DOID:3301,gonadoblastoma,NCI:C3754
DOID:3301,gonadoblastoma,SNOMEDCT_US_2023_03_01:74751003
DOID:3301,gonadoblastoma,UMLS_CUI:C0206661
DOID:3302,chordoma,ICDO:9370/3
DOID:3302,chordoma,GARD:1303
DOID:3302,chordoma,MESH:D002817
DOID:3302,chordoma,NCI:C2947
DOID:3302,chordoma,SNOMEDCT_US_2023_03_01:50007008
DOID:3302,chordoma,UMLS_CUI:C0008487
DOID:3303,notochordal cancer,NCI:C7063
DOID:3303,notochordal cancer,UMLS_CUI:C1335069
DOID:3304,germinoma,ICDO:9064/3
DOID:3304,germinoma,MESH:D018237
DOID:3304,germinoma,SNOMEDCT_US_2023_03_01:154603000
DOID:3304,germinoma,UMLS_CUI:C0206660
DOID:3305,teratocarcinoma,ICDO:9081/3
DOID:3305,teratocarcinoma,MESH:D018243
DOID:3305,teratocarcinoma,NCI:C3756
DOID:3305,teratocarcinoma,SNOMEDCT_US_2023_03_01:67830002
DOID:3305,teratocarcinoma,UMLS_CUI:C0206664
DOID:3306,mixed germ cell cancer,ICDO:9085/3
DOID:3306,mixed germ cell cancer,NCI:C4290
DOID:3306,mixed germ cell cancer,SNOMEDCT_US_2023_03_01:189853002
DOID:3306,mixed germ cell cancer,UMLS_CUI:C0334524
DOID:3307,teratoma,ICDO:9080/3
DOID:3307,teratoma,MESH:D013724
DOID:3307,teratoma,NCI:C3403
DOID:3307,teratoma,SNOMEDCT_US_2023_03_01:36591000119102
DOID:3307,teratoma,UMLS_CUI:C0039538
DOID:3308,embryonal carcinoma,GARD:5140
DOID:3308,embryonal carcinoma,ICDO:9070/3
DOID:3308,embryonal carcinoma,MESH:D018236
DOID:3308,embryonal carcinoma,NCI:C3752
DOID:3308,embryonal carcinoma,NCI:C8880
DOID:3308,embryonal carcinoma,SNOMEDCT_US_2023_03_01:1156454002
DOID:3308,embryonal carcinoma,UMLS_CUI:C0206659
DOID:3308,embryonal carcinoma,UMLS_CUI:C0855159
DOID:3314,angiomyolipoma,ICDO:8860/0
DOID:3314,angiomyolipoma,MESH:D018207
DOID:3314,angiomyolipoma,NCI:C3734
DOID:3314,angiomyolipoma,SNOMEDCT_US_2023_03_01:19929002
DOID:3314,angiomyolipoma,UMLS_CUI:C0206633
DOID:3315,lipoma,MESH:D008067
DOID:3315,lipoma,ICD10CM:D17
DOID:3315,lipoma,ICD10CM:D17.9
DOID:3315,lipoma,ICD9CM:214
DOID:3315,lipoma,ICDO:8850/0
DOID:3315,lipoma,MESH:D018205
DOID:3315,lipoma,NCI:C3192
DOID:3315,lipoma,NCI:C4248
DOID:3315,lipoma,NCI:C4502
DOID:3315,lipoma,SNOMEDCT_US_2023_03_01:115227001
DOID:3315,lipoma,SNOMEDCT_US_2023_03_01:154612003
DOID:3315,lipoma,SNOMEDCT_US_2023_03_01:254830006
DOID:3315,lipoma,UMLS_CUI:C0023798
DOID:3315,lipoma,UMLS_CUI:C0206631
DOID:3315,lipoma,UMLS_CUI:C0346118
DOID:3316,perivascular tumor,NCI:C6528
DOID:3316,perivascular tumor,NCI:C6530
DOID:3316,perivascular tumor,UMLS_CUI:C1334611
DOID:3316,perivascular tumor,UMLS_CUI:C1335392
DOID:3317,hepatic angiomyolipoma,NCI:C27485
DOID:3317,hepatic angiomyolipoma,SNOMEDCT_US_2023_03_01:1196904007
DOID:3317,hepatic angiomyolipoma,UMLS_CUI:C1333962
DOID:3318,epithelioid type angiomyolipoma,NCI:C38151
DOID:3318,epithelioid type angiomyolipoma,SNOMEDCT_US_2021_09_01:733836008
DOID:3347,osteosarcoma,GARD:7284
DOID:3347,osteosarcoma,ICDO:9180/3
DOID:3347,osteosarcoma,MESH:D012516
DOID:3347,osteosarcoma,MESH:D018213
DOID:3347,osteosarcoma,MIM:259500
DOID:3347,osteosarcoma,NCI:C9145
DOID:3347,osteosarcoma,ORDO:668
DOID:3347,osteosarcoma,SNOMEDCT_US_2023_03_01:189878003
DOID:3347,osteosarcoma,UMLS_CUI:C0029463
DOID:3347,osteosarcoma,UMLS_CUI:C0206639
DOID:3350,mesenchymal cell neoplasm,NCI:C6587
DOID:3350,mesenchymal cell neoplasm,NCI:C7059
DOID:3350,mesenchymal cell neoplasm,UMLS_CUI:C1332517
DOID:3350,mesenchymal cell neoplasm,UMLS_CUI:C1334699
DOID:3351,bone angioendothelial sarcoma,NCI:C6479
DOID:3351,bone angioendothelial sarcoma,UMLS_CUI:C1332574
DOID:3352,malignant fibrous histiocytoma of bone,NCI:C8563
DOID:3352,malignant fibrous histiocytoma of bone,UMLS_CUI:C0740479
DOID:3355,fibrosarcoma,GARD:2327
DOID:3355,fibrosarcoma,ICDO:8810/3
DOID:3355,fibrosarcoma,MESH:D005354
DOID:3355,fibrosarcoma,MESH:D018218
DOID:3355,fibrosarcoma,NCI:C3043
DOID:3355,fibrosarcoma,NCI:C6605
DOID:3355,fibrosarcoma,NCI:C7075
DOID:3355,fibrosarcoma,SNOMEDCT_US_2023_03_01:443250000
DOID:3355,fibrosarcoma,UMLS_CUI:C0016057
DOID:3355,fibrosarcoma,UMLS_CUI:C0206643
DOID:3355,fibrosarcoma,UMLS_CUI:C1336021
DOID:3356,localized osteosarcoma,NCI:C7780
DOID:3356,localized osteosarcoma,UMLS_CUI:C0278511
DOID:3357,extraosseous osteosarcoma,NCI:C8810
DOID:3357,extraosseous osteosarcoma,SNOMEDCT_US_2023_03_01:404077005
DOID:3357,extraosseous osteosarcoma,UMLS_CUI:C0855052
DOID:3360,multifocal osteogenic sarcoma,NCI:C6470
DOID:3360,multifocal osteogenic sarcoma,SNOMEDCT_US_2023_03_01:431371000124105
DOID:3360,multifocal osteogenic sarcoma,UMLS_CUI:C1334820
DOID:3361,childhood osteosarcoma,NCI:C6585
DOID:3361,childhood osteosarcoma,UMLS_CUI:C1332986
DOID:3367,bone leiomyosarcoma,NCI:C7154
DOID:3367,bone leiomyosarcoma,UMLS_CUI:C1332579
DOID:3368,Ewing sarcoma of bone,NCI:C35871
DOID:3368,Ewing sarcoma of bone,NCI:C4835
DOID:3368,Ewing sarcoma of bone,NCI:C6623
DOID:3368,Ewing sarcoma of bone,SNOMEDCT_US_2023_03_01:307608006
DOID:3368,Ewing sarcoma of bone,UMLS_CUI:C0585474
DOID:3368,Ewing sarcoma of bone,UMLS_CUI:C1333481
DOID:3368,Ewing sarcoma of bone,UMLS_CUI:C1334406
DOID:3369,Ewing sarcoma,SNOMEDCT_US_2023_03_01:73676002
DOID:3369,Ewing sarcoma,GARD:6390
DOID:3369,Ewing sarcoma,ICDO:9364/3
DOID:3369,Ewing sarcoma,MESH:C563168
DOID:3369,Ewing sarcoma,MESH:D012512
DOID:3369,Ewing sarcoma,MESH:D018241
DOID:3369,Ewing sarcoma,MIM:612219
DOID:3369,Ewing sarcoma,NCI:C27901
DOID:3369,Ewing sarcoma,NCI:C27903
DOID:3369,Ewing sarcoma,NCI:C4817
DOID:3369,Ewing sarcoma,NCI:C7542
DOID:3369,Ewing sarcoma,NCI:C7806
DOID:3369,Ewing sarcoma,NCI:C9341
DOID:3369,Ewing sarcoma,SNOMEDCT_US_2023_03_01:134210007
DOID:3369,Ewing sarcoma,SNOMEDCT_US_2023_03_01:76909002
DOID:3369,Ewing sarcoma,UMLS_CUI:C0553580
DOID:3369,Ewing sarcoma,UMLS_CUI:C0684337
DOID:3369,Ewing sarcoma,UMLS_CUI:C0796547
DOID:3369,Ewing sarcoma,UMLS_CUI:C0863029
DOID:3369,Ewing sarcoma,UMLS_CUI:C0877849
DOID:3369,Ewing sarcoma,UMLS_CUI:C1334408
DOID:337,spinal accessory nerve neoplasm,NCI:C5829
DOID:337,spinal accessory nerve neoplasm,SNOMEDCT_US_2023_03_01:126977003
DOID:337,spinal accessory nerve neoplasm,UMLS_CUI:C1263902
DOID:3371,chondrosarcoma,GARD:6004
DOID:3371,chondrosarcoma,GARD:6055
DOID:3371,chondrosarcoma,ICDO:9220/3
DOID:3371,chondrosarcoma,MESH:D002813
DOID:3371,chondrosarcoma,MIM:215300
DOID:3371,chondrosarcoma,NCI:C2946
DOID:3371,chondrosarcoma,NCI:C7155
DOID:3371,chondrosarcoma,SNOMEDCT_US_2023_03_01:443520009
DOID:3371,chondrosarcoma,SNOMEDCT_US_2023_03_01:735679005
DOID:3371,chondrosarcoma,UMLS_CUI:C0008479
DOID:3371,chondrosarcoma,UMLS_CUI:C1335473
DOID:3372,chondroblastic osteosarcoma,ICDO:9181/3
DOID:3372,chondroblastic osteosarcoma,NCI:C4021
DOID:3372,chondroblastic osteosarcoma,SNOMEDCT_US_2023_03_01:76312009
DOID:3372,chondroblastic osteosarcoma,UMLS_CUI:C0279603
DOID:3373,parosteal osteosarcoma,ICDO:9192/3
DOID:3373,parosteal osteosarcoma,MESH:D018217
DOID:3373,parosteal osteosarcoma,NCI:C8969
DOID:3373,parosteal osteosarcoma,SNOMEDCT_US_2023_03_01:91242000
DOID:3373,parosteal osteosarcoma,UMLS_CUI:C0206642
DOID:3374,peripheral osteosarcoma,NCI:C7134
DOID:3374,peripheral osteosarcoma,UMLS_CUI:C1332591
DOID:3376,bone osteosarcoma,NCI:C53707
DOID:3376,bone osteosarcoma,SNOMEDCT_US_2023_03_01:307576001
DOID:3376,bone osteosarcoma,UMLS_CUI:C0585442
DOID:3377,small cell osteogenic sarcoma,NCI:C4023
DOID:3377,small cell osteogenic sarcoma,SNOMEDCT_US_2023_03_01:12302002
DOID:3377,small cell osteogenic sarcoma,UMLS_CUI:C0279622
DOID:3379,metachronous osteosarcoma of the bone,NCI:C38157
DOID:3379,metachronous osteosarcoma of the bone,UMLS_CUI:C1334704
DOID:3381,liposarcoma of bone,NCI:C7598
DOID:3381,liposarcoma of bone,UMLS_CUI:C1332581
DOID:3382,liposarcoma,GARD:6913
DOID:3382,liposarcoma,ICDO:8850/3
DOID:3382,liposarcoma,MESH:D008080
DOID:3382,liposarcoma,NCI:C3194
DOID:3382,liposarcoma,SNOMEDCT_US_2023_03_01:254829001
DOID:3382,liposarcoma,UMLS_CUI:C0023827
DOID:3417,glossopharyngeal nerve neoplasm,NCI:C5828
DOID:3417,glossopharyngeal nerve neoplasm,SNOMEDCT_US_2023_03_01:126975006
DOID:3417,glossopharyngeal nerve neoplasm,UMLS_CUI:C1263900
DOID:3419,optic nerve neoplasm,MESH:D019574
DOID:3419,optic nerve neoplasm,NCI:C4801
DOID:3419,optic nerve neoplasm,SNOMEDCT_US_2023_03_01:126968005
DOID:3419,optic nerve neoplasm,UMLS_CUI:C0524802
DOID:3421,trochlear nerve neoplasm,NCI:C5825
DOID:3421,trochlear nerve neoplasm,SNOMEDCT_US_2023_03_01:126970001
DOID:3421,trochlear nerve neoplasm,UMLS_CUI:C1263896
DOID:3443,mammary Paget's disease,NCI:C7073
DOID:3443,mammary Paget's disease,UMLS_CUI:C0030185
DOID:3443,mammary Paget's disease,UMLS_CUI:C1368019
DOID:3444,scrotum Paget's disease,NCI:C7728
DOID:3444,scrotum Paget's disease,UMLS_CUI:C0238330
DOID:3445,scrotal carcinoma,NCI:C6389
DOID:3445,scrotal carcinoma,UMLS_CUI:C1370468
DOID:3446,anal Paget's disease,NCI:C5598
DOID:3446,anal Paget's disease,UMLS_CUI:C1332274
DOID:3447,anus adenocarcinoma,NCI:C5600
DOID:3447,anus adenocarcinoma,SNOMEDCT_US_2023_03_01:423607006
DOID:3447,anus adenocarcinoma,UMLS_CUI:C1332257
DOID:3448,penis Paget's disease,NCI:C27817
DOID:3448,penis Paget's disease,SNOMEDCT_US_2023_03_01:255104003
DOID:3448,penis Paget's disease,UMLS_CUI:C0221286
DOID:3449,penis carcinoma,NCI:C9061
DOID:3449,penis carcinoma,SNOMEDCT_US_2023_03_01:372106005
DOID:3449,penis carcinoma,UMLS_CUI:C0853105
DOID:3450,cutaneous Paget's disease,MESH:D010145
DOID:3450,cutaneous Paget's disease,NCI:C3302
DOID:3451,skin carcinoma,NCI:C4914
DOID:3451,skin carcinoma,UMLS_CUI:C0699893
DOID:3457,invasive lobular carcinoma,NCI:C3771
DOID:3457,invasive lobular carcinoma,MESH:D018275
DOID:3457,invasive lobular carcinoma,SNOMEDCT_US_2023_03_01:89740008
DOID:3457,invasive lobular carcinoma,UMLS_CUI:C0206692
DOID:3458,breast adenocarcinoma,NCI:C5214
DOID:3458,breast adenocarcinoma,SNOMEDCT_US_2023_03_01:865954003
DOID:3458,breast adenocarcinoma,UMLS_CUI:C0858252
DOID:3459,breast carcinoma,MESH:D001943
DOID:3459,breast carcinoma,EFO:0000305
DOID:3459,breast carcinoma,NCI:C4872
DOID:3459,breast carcinoma,SNOMEDCT_US_2023_03_01:154513000
DOID:3459,breast carcinoma,UMLS_CUI:C0678222
DOID:3478,iris cancer,MESH:D015811
DOID:3478,iris cancer,NCI:C3142
DOID:3478,iris cancer,NCI:C4554
DOID:3478,iris cancer,SNOMEDCT_US_2023_03_01:188264002
DOID:3478,iris cancer,SNOMEDCT_US_2023_03_01:231964001
DOID:3478,iris cancer,UMLS_CUI:C0022079
DOID:3478,iris cancer,UMLS_CUI:C0346372
DOID:3479,uveal cancer,NCI:C6105
DOID:3479,uveal cancer,UMLS_CUI:C3665670
DOID:3493,signet ring cell adenocarcinoma,MESH:D018279
DOID:3493,signet ring cell adenocarcinoma,NCI:C3774
DOID:3493,signet ring cell adenocarcinoma,SNOMEDCT_US_2023_03_01:189701002
DOID:3493,signet ring cell adenocarcinoma,UMLS_CUI:C0206696
DOID:3494,bile duct signet ring cell carcinoma,NCI:C5776
DOID:3494,bile duct signet ring cell carcinoma,UMLS_CUI:C0861859
DOID:3495,extrahepatic bile duct adenocarcinoma,NCI:C7975
DOID:3495,extrahepatic bile duct adenocarcinoma,UMLS_CUI:C0279659
DOID:3497,pancreatic signet ring cell adenocarcinoma,NCI:C5720
DOID:3497,pancreatic signet ring cell adenocarcinoma,UMLS_CUI:C1335317
DOID:3498,pancreatic ductal adenocarcinoma,NCI:C9120
DOID:3498,pancreatic ductal adenocarcinoma,SNOMEDCT_US_2023_03_01:792907004
DOID:3498,pancreatic ductal adenocarcinoma,UMLS_CUI:C1335302
DOID:3499,gallbladder signet ring cell adenocarcinoma,NCI:C5745
DOID:3499,gallbladder signet ring cell adenocarcinoma,UMLS_CUI:C1333758
DOID:3500,gallbladder adenocarcinoma,NCI:C9166
DOID:3500,gallbladder adenocarcinoma,UMLS_CUI:C0279651
DOID:3501,ampullary signet ring cell adenocarcinoma,NCI:C6656
DOID:3501,ampullary signet ring cell adenocarcinoma,UMLS_CUI:C1332249
DOID:3502,ampulla of Vater adenocarcinoma,NCI:C6650
DOID:3502,ampulla of Vater adenocarcinoma,UMLS_CUI:C1332243
DOID:3503,breast signet ring cell adenocarcinoma,NCI:C5175
DOID:3503,breast signet ring cell adenocarcinoma,UMLS_CUI:C1335964
DOID:3504,prostate signet ring cell adenocarcinoma,NCI:C5535
DOID:3504,prostate signet ring cell adenocarcinoma,UMLS_CUI:C1335520
DOID:3507,dermatofibrosarcoma protuberans,GARD:9569
DOID:3507,dermatofibrosarcoma protuberans,ICDO:8832/1
DOID:3507,dermatofibrosarcoma protuberans,MESH:D018223
DOID:3507,dermatofibrosarcoma protuberans,MIM:607907
DOID:3507,dermatofibrosarcoma protuberans,SNOMEDCT_US_2023_03_01:302844005
DOID:3507,dermatofibrosarcoma protuberans,UMLS_CUI:C0206647
DOID:3512,neurofibrosarcoma,GARD:8211
DOID:3512,neurofibrosarcoma,MESH:D018319
DOID:3512,neurofibrosarcoma,SNOMEDCT_US_2023_03_01:19897006
DOID:3512,neurofibrosarcoma,UMLS_CUI:C0206729
DOID:3516,adult fibrosarcoma,NCI:C7809
DOID:3516,adult fibrosarcoma,UMLS_CUI:C0278595
DOID:3517,conventional fibrosarcoma,NCI:C9429
DOID:3517,conventional fibrosarcoma,UMLS_CUI:C1333156
DOID:3520,childhood fibrosarcoma,NCI:C8088
DOID:3520,childhood fibrosarcoma,UMLS_CUI:C0279981
DOID:3540,choroid plexus cancer,MESH:D016545
DOID:3540,choroid plexus cancer,NCI:C3473
DOID:3540,choroid plexus cancer,SNOMEDCT_US_2023_03_01:254942002
DOID:3540,choroid plexus cancer,UMLS_CUI:C0085138
DOID:3541,cerebral ventricle cancer,GARD:6025
DOID:3541,cerebral ventricle cancer,ICD10CM:C71.5
DOID:3541,cerebral ventricle cancer,ICD9CM:191.5
DOID:3541,cerebral ventricle cancer,MESH:D002551
DOID:3541,cerebral ventricle cancer,NCI:C2937
DOID:3541,cerebral ventricle cancer,SNOMEDCT_US_2023_03_01:126958000
DOID:3541,cerebral ventricle cancer,SNOMEDCT_US_2023_03_01:363471001
DOID:3541,cerebral ventricle cancer,UMLS_CUI:C0007798
DOID:3541,cerebral ventricle cancer,UMLS_CUI:C0346906
DOID:3542,adult choroid plexus cancer,NCI:C8568
DOID:3542,adult choroid plexus cancer,UMLS_CUI:C0796430
DOID:3544,atypical choroid plexus papilloma,ICDO:9390/1
DOID:3544,atypical choroid plexus papilloma,NCI:C53686
DOID:3544,atypical choroid plexus papilloma,SNOMEDCT_US_2023_03_01:1156470000
DOID:3544,atypical choroid plexus papilloma,UMLS_CUI:C1266176
DOID:3545,childhood choroid plexus cancer,NCI:C42080
DOID:3545,childhood choroid plexus cancer,UMLS_CUI:C0280623
DOID:355,mast-cell sarcoma,ICD10CM:C96.22
DOID:355,mast-cell sarcoma,ICD9CM:202.6
DOID:355,mast-cell sarcoma,MESH:D012515
DOID:355,mast-cell sarcoma,NCI:C9348
DOID:355,mast-cell sarcoma,SNOMEDCT_US_2023_03_01:118615008
DOID:355,mast-cell sarcoma,UMLS_CUI:C0036221
DOID:3559,pseudomyxoma peritonei,GARD:7488
DOID:3559,pseudomyxoma peritonei,ICDO:8480/6
DOID:3559,pseudomyxoma peritonei,MESH:D011553
DOID:3559,pseudomyxoma peritonei,NCI:C3345
DOID:3559,pseudomyxoma peritonei,SNOMEDCT_US_2023_03_01:307601000
DOID:3559,pseudomyxoma peritonei,UMLS_CUI:C0033822
DOID:3565,meningioma,MESH:D008579
DOID:3565,meningioma,NCI:C6971
DOID:3565,meningioma,UMLS_CUI:C1334698
DOID:3565,meningioma,SNOMEDCT_US_2023_03_01:269643009
DOID:3565,meningioma,GARD:7015
DOID:3565,meningioma,ICD10CM:D32.9
DOID:3565,meningioma,ICDO:9530/0
DOID:3565,meningioma,NCI:C3230
DOID:3565,meningioma,UMLS_CUI:C0025286
DOID:3571,liver cancer,ICD10CM:C22.0
DOID:3571,liver cancer,ICD10CM:C22.9
DOID:3571,liver cancer,ICD9CM:155.0
DOID:3571,liver cancer,ICD9CM:155.2
DOID:3571,liver cancer,MESH:D008113
DOID:3571,liver cancer,NCI:C34803
DOID:3571,liver cancer,NCI:C7692
DOID:3571,liver cancer,SNOMEDCT_US_2023_03_01:126851005
DOID:3571,liver cancer,SNOMEDCT_US_2023_03_01:187771009
DOID:3571,liver cancer,SNOMEDCT_US_2023_03_01:93870000
DOID:3571,liver cancer,UMLS_CUI:C0023903
DOID:3571,liver cancer,UMLS_CUI:C0024620
DOID:3571,liver cancer,UMLS_CUI:C0345904
DOID:3571,liver cancer,UMLS_CUI:C0854795
DOID:3577,Sertoli cell tumor,ICDO:8640/1
DOID:3577,Sertoli cell tumor,MESH:D012707
DOID:3577,Sertoli cell tumor,NCI:C39976
DOID:3577,Sertoli cell tumor,SNOMEDCT_US_2023_03_01:128857001
DOID:3577,Sertoli cell tumor,UMLS_CUI:C0036769
DOID:3578,ovarian gonadoblastoma,NCI:C39985
DOID:3578,ovarian gonadoblastoma,SNOMEDCT_US_2023_03_01:716594002
DOID:3578,ovarian gonadoblastoma,UMLS_CUI:C1518716
DOID:3579,testicular gonadoblastoma,NCI:C39911
DOID:3579,testicular gonadoblastoma,UMLS_CUI:C1515283
DOID:3587,pancreatic ductal carcinoma,ICD10CM:C25.3
DOID:3587,pancreatic ductal carcinoma,ICD9CM:157.3
DOID:3587,pancreatic ductal carcinoma,MESH:D021441
DOID:3587,pancreatic ductal carcinoma,SNOMEDCT_US_2023_03_01:93939009
DOID:3587,pancreatic ductal carcinoma,UMLS_CUI:C0153461
DOID:3587,pancreatic ductal carcinoma,UMLS_CUI:C0887833
DOID:3590,gestational trophoblastic neoplasm,ICD10CM:O01
DOID:3590,gestational trophoblastic neoplasm,ICD9CM:630
DOID:3590,gestational trophoblastic neoplasm,MESH:D006828
DOID:3590,gestational trophoblastic neoplasm,MESH:D031901
DOID:3590,gestational trophoblastic neoplasm,MIM:231090
DOID:3590,gestational trophoblastic neoplasm,NCI:C3110
DOID:3590,gestational trophoblastic neoplasm,NCI:C4699
DOID:3590,gestational trophoblastic neoplasm,NCI:C7887
DOID:3590,gestational trophoblastic neoplasm,SNOMEDCT_US_2023_03_01:156085008
DOID:3590,gestational trophoblastic neoplasm,SNOMEDCT_US_2023_03_01:417475006
DOID:3590,gestational trophoblastic neoplasm,UMLS_CUI:C0020217
DOID:3590,gestational trophoblastic neoplasm,UMLS_CUI:C0278796
DOID:3590,gestational trophoblastic neoplasm,UMLS_CUI:C1135868
DOID:3593,epithelioid trophoblastic tumor,NCI:C6900
DOID:3593,epithelioid trophoblastic tumor,SNOMEDCT_US_2023_03_01:128767001
DOID:3593,epithelioid trophoblastic tumor,UMLS_CUI:C1266159
DOID:3594,choriocarcinoma,ICD10CM:C58
DOID:3594,choriocarcinoma,GARD:6059
DOID:3594,choriocarcinoma,ICDO:9100/3
DOID:3594,choriocarcinoma,MESH:D002822
DOID:3594,choriocarcinoma,NCI:C2948
DOID:3594,choriocarcinoma,SNOMEDCT_US_2023_03_01:189444004
DOID:3594,choriocarcinoma,UMLS_CUI:C0008497
DOID:3596,placental site trophoblastic tumor,ICDO:9104/1
DOID:3596,placental site trophoblastic tumor,MESH:D018245
DOID:3596,placental site trophoblastic tumor,NCI:C3757
DOID:3596,placental site trophoblastic tumor,SNOMEDCT_US_2023_03_01:75320001
DOID:3596,placental site trophoblastic tumor,UMLS_CUI:C0206666
DOID:3603,mucinous cystadenocarcinoma,ICDO:8470/3
DOID:3603,mucinous cystadenocarcinoma,MESH:D018282
DOID:3603,mucinous cystadenocarcinoma,NCI:C3776
DOID:3603,mucinous cystadenocarcinoma,SNOMEDCT_US_2023_03_01:79143006
DOID:3603,mucinous cystadenocarcinoma,UMLS_CUI:C0206699
DOID:3604,ovarian mucinous cystadenocarcinoma,NCI:C4026
DOID:3604,ovarian mucinous cystadenocarcinoma,SNOMEDCT_US_2023_03_01:254851009
DOID:3604,ovarian mucinous cystadenocarcinoma,UMLS_CUI:C0279665
DOID:3605,ovarian cystadenocarcinoma,NCI:C5228
DOID:3605,ovarian cystadenocarcinoma,SNOMEDCT_US_2023_03_01:314191009
DOID:3605,ovarian cystadenocarcinoma,UMLS_CUI:C1096638
DOID:3606,ovarian mucinous adenocarcinoma,NCI:C5243
DOID:3606,ovarian mucinous adenocarcinoma,UMLS_CUI:C1335167
DOID:3607,appendix mucinous cystadenocarcinoma,NCI:C5511
DOID:3607,appendix mucinous cystadenocarcinoma,UMLS_CUI:C1096639
DOID:3608,appendix adenocarcinoma,NCI:C7718
DOID:3608,appendix adenocarcinoma,SNOMEDCT_US_2023_03_01:413445002
DOID:3608,appendix adenocarcinoma,UMLS_CUI:C0238003
DOID:3609,breast mucinous cystadenocarcinoma,NCI:C40354
DOID:3609,breast mucinous cystadenocarcinoma,UMLS_CUI:C1511318
DOID:3610,breast mucinous carcinoma,NCI:C9131
DOID:3610,breast mucinous carcinoma,SNOMEDCT_US_2023_03_01:444712000
DOID:3610,breast mucinous carcinoma,UMLS_CUI:C1334807
DOID:3615,infiltrating angiolipoma,NCI:C7449
DOID:3615,infiltrating angiolipoma,SNOMEDCT_US_2023_03_01:24045002
DOID:3615,infiltrating angiolipoma,UMLS_CUI:C1305256
DOID:3616,angiolipoma,ICDO:8861/0
DOID:3616,angiolipoma,MESH:D018206
DOID:3616,angiolipoma,NCI:C3733
DOID:3616,angiolipoma,SNOMEDCT_US_2023_03_01:404057003
DOID:3616,angiolipoma,UMLS_CUI:C0206632
DOID:3617,epidural spinal canal angiolipoma,NCI:C5424
DOID:3617,epidural spinal canal angiolipoma,UMLS_CUI:C1333416
DOID:3618,epidural spinal canal neoplasm,MESH:D015174
DOID:3618,epidural spinal canal neoplasm,NCI:C3019
DOID:3618,epidural spinal canal neoplasm,SNOMEDCT_US_2023_03_01:1153337000
DOID:3618,epidural spinal canal neoplasm,UMLS_CUI:C0014536
DOID:3620,central nervous system cancer,EFO:0000326
DOID:3620,central nervous system cancer,ICD10CM:C72.9
DOID:3620,central nervous system cancer,MESH:D016543
DOID:3620,central nervous system cancer,NCI:C4627
DOID:3620,central nervous system cancer,NCI:C9293
DOID:3620,central nervous system cancer,SNOMEDCT_US_2023_03_01:126951006
DOID:3620,central nervous system cancer,SNOMEDCT_US_2023_03_01:93744007
DOID:3620,central nervous system cancer,UMLS_CUI:C0085136
DOID:3620,central nervous system cancer,UMLS_CUI:C0348374
DOID:363,uterine cancer,ICD10CM:C55
DOID:363,uterine cancer,ICD9CM:179
DOID:363,uterine cancer,MESH:D014594
DOID:363,uterine cancer,NCI:C3435
DOID:363,uterine cancer,NCI:C3552
DOID:363,uterine cancer,SNOMEDCT_US_2023_03_01:126908007
DOID:363,uterine cancer,SNOMEDCT_US_2023_03_01:371973000
DOID:363,uterine cancer,UMLS_CUI:C0042138
DOID:363,uterine cancer,UMLS_CUI:C0153567
DOID:3637,childhood spinal cord tumor,NCI:C9234
DOID:3637,childhood spinal cord tumor,UMLS_CUI:C1134515
DOID:3639,spinal cord intramedullary teratoma,NCI:C5428
DOID:3639,spinal cord intramedullary teratoma,UMLS_CUI:C1334259
DOID:3640,central nervous system teratoma,NCI:C5441
DOID:3640,central nervous system teratoma,UMLS_CUI:C1332895
DOID:3641,conus medullaris neoplasm,NCI:C5443
DOID:3641,conus medullaris neoplasm,UMLS_CUI:C1333153
DOID:3643,sella turcica neoplasm,NCI:C4944
DOID:3643,sella turcica neoplasm,UMLS_CUI:C0748616
DOID:3644,hypothalamic neoplasm,MESH:D007029
DOID:3644,hypothalamic neoplasm,NCI:C3129
DOID:3644,hypothalamic neoplasm,SNOMEDCT_US_2023_03_01:254968009
DOID:3644,hypothalamic neoplasm,UMLS_CUI:C0020659
DOID:3664,mast cell neoplasm,ICD10CM:D47.09
DOID:3664,mast cell neoplasm,NCI:C9295
DOID:3664,mast cell neoplasm,SNOMEDCT_US_2023_03_01:127581004
DOID:3664,mast cell neoplasm,UMLS_CUI:C0334664
DOID:3666,solitary mastocytoma of the skin,ICD10CM:D47.01
DOID:3666,solitary mastocytoma of the skin,MESH:D054705
DOID:3666,solitary mastocytoma of the skin,NCI:C7138
DOID:3666,solitary mastocytoma of the skin,SNOMEDCT_US_2023_03_01:239147000
DOID:3666,solitary mastocytoma of the skin,UMLS_CUI:C0343115
DOID:3672,rhabdoid cancer,GARD:7572
DOID:3672,rhabdoid cancer,MESH:D018335
DOID:3672,rhabdoid cancer,NCI:C3808
DOID:3672,rhabdoid cancer,SNOMEDCT_US_2023_03_01:83118000
DOID:3672,rhabdoid cancer,UMLS_CUI:C0206743
DOID:3674,kidney rhabdoid cancer,NCI:C8715
DOID:3674,kidney rhabdoid cancer,UMLS_CUI:C0854917
DOID:3675,childhood kidney cancer,NCI:C6563
DOID:3675,childhood kidney cancer,UMLS_CUI:C1333003
DOID:368,cerebrum cancer,ICD9CM:191.8
DOID:368,cerebrum cancer,NCI:C4874
DOID:368,cerebrum cancer,SNOMEDCT_US_2023_03_01:126953009
DOID:368,cerebrum cancer,SNOMEDCT_US_2023_03_01:188300006
DOID:368,cerebrum cancer,UMLS_CUI:C0153642
DOID:368,cerebrum cancer,UMLS_CUI:C1263885
DOID:3683,lung benign neoplasm,MESH:D008175
DOID:3683,lung benign neoplasm,NCI:C3200
DOID:3683,lung benign neoplasm,SNOMEDCT_US_2023_03_01:126713003
DOID:3683,lung benign neoplasm,UMLS_CUI:C0024121
DOID:369,olfactory neuroblastoma,GARD:2197
DOID:369,olfactory neuroblastoma,ICDO:9522/3
DOID:369,olfactory neuroblastoma,MESH:D018304
DOID:369,olfactory neuroblastoma,NCI:C3789
DOID:369,olfactory neuroblastoma,SNOMEDCT_US_2023_03_01:76060004
DOID:369,olfactory neuroblastoma,UMLS_CUI:C0206717
DOID:3691,anal colloid adenocarcinoma,NCI:C5606
DOID:3691,anal colloid adenocarcinoma,UMLS_CUI:C1332272
DOID:3692,anal canal adenocarcinoma,NCI:C7471
DOID:3692,anal canal adenocarcinoma,SNOMEDCT_US_2023_03_01:764845008
DOID:3692,anal canal adenocarcinoma,UMLS_CUI:C1332259
DOID:3693,ampulla of Vater mucinous adenocarcinoma,NCI:C27416
DOID:3693,ampulla of Vater mucinous adenocarcinoma,UMLS_CUI:C1332248
DOID:3698,bile duct mucinous adenocarcinoma,NCI:C5846
DOID:3698,bile duct mucinous adenocarcinoma,UMLS_CUI:C0861856
DOID:3699,uterine ligament mucinous adenocarcinoma,NCI:C40137
DOID:3699,uterine ligament mucinous adenocarcinoma,UMLS_CUI:C5557429
DOID:370,malignant olfactory nerve neoplasm,ICD10CM:C72.2
DOID:370,malignant olfactory nerve neoplasm,NCI:C4768
DOID:370,malignant olfactory nerve neoplasm,UMLS_CUI:C0496838
DOID:3700,uterine ligament adenocarcinoma,NCI:C40135
DOID:3700,uterine ligament adenocarcinoma,UMLS_CUI:C5557428
DOID:3701,cervical mucinous adenocarcinoma,NCI:C36095
DOID:3701,cervical mucinous adenocarcinoma,UMLS_CUI:C1332919
DOID:3702,cervical adenocarcinoma,NCI:C4029
DOID:3702,cervical adenocarcinoma,SNOMEDCT_US_2023_03_01:254887002
DOID:3702,cervical adenocarcinoma,UMLS_CUI:C0279672
DOID:3703,prostate colloid adenocarcinoma,NCI:C5537
DOID:3703,prostate colloid adenocarcinoma,UMLS_CUI:C1335513
DOID:3704,fallopian tube mucinous adenocarcinoma,NCI:C40103
DOID:3704,fallopian tube mucinous adenocarcinoma,UMLS_CUI:C1517119
DOID:3705,fallopian tube mucinous tumor,NCI:C40109
DOID:3705,fallopian tube mucinous tumor,UMLS_CUI:C1517120
DOID:3706,fallopian tube adenocarcinoma,NCI:C6265
DOID:3706,fallopian tube adenocarcinoma,UMLS_CUI:C1333590
DOID:3707,endometrial mucinous adenocarcinoma,NCI:C40144
DOID:3707,endometrial mucinous adenocarcinoma,UMLS_CUI:C1519859
DOID:3709,rectum mucinous adenocarcinoma,NCI:C7973
DOID:3709,rectum mucinous adenocarcinoma,UMLS_CUI:C0279652
DOID:371,extracranial neuroblastoma,NCI:C5437
DOID:371,extracranial neuroblastoma,UMLS_CUI:C1333499
DOID:3710,bladder colloid adenocarcinoma,NCI:C39837
DOID:3710,bladder colloid adenocarcinoma,UMLS_CUI:C1511193
DOID:3711,bladder adenocarcinoma,NCI:C4032
DOID:3711,bladder adenocarcinoma,SNOMEDCT_US_2023_03_01:255110003
DOID:3711,bladder adenocarcinoma,UMLS_CUI:C0279682
DOID:3713,ovary adenocarcinoma,NCI:C7700
DOID:3713,ovary adenocarcinoma,UMLS_CUI:C0948216
DOID:3716,mucinous stomach adenocarcinoma,NCI:C5248
DOID:3716,mucinous stomach adenocarcinoma,UMLS_CUI:C1334809
DOID:3717,gastric adenocarcinoma,NCI:C4004
DOID:3717,gastric adenocarcinoma,SNOMEDCT_US_2023_03_01:408647009
DOID:3717,gastric adenocarcinoma,UMLS_CUI:C0278701
DOID:3720,extramedullary plasmacytoma,ICD10CM:C90.2
DOID:3720,extramedullary plasmacytoma,NCI:C4002
DOID:3720,extramedullary plasmacytoma,SNOMEDCT_US_2023_03_01:128921005
DOID:3720,extramedullary plasmacytoma,UMLS_CUI:C0278619
DOID:3721,plasmacytoma,ICD10CM:C90.3
DOID:3721,plasmacytoma,ICDO:9731/3
DOID:3721,plasmacytoma,MESH:D010954
DOID:3721,plasmacytoma,NCI:C9349
DOID:3721,plasmacytoma,SNOMEDCT_US_2023_03_01:302852008
DOID:3721,plasmacytoma,UMLS_CUI:C0032131
DOID:3722,solitary osseous plasmacytoma,NCI:C7812
DOID:3722,solitary osseous plasmacytoma,SNOMEDCT_US_2023_03_01:42215000
DOID:3722,solitary osseous plasmacytoma,UMLS_CUI:C0272256
DOID:3723,solitary plasmacytoma of chest wall,NCI:C6711
DOID:3723,solitary plasmacytoma of chest wall,UMLS_CUI:C1332936
DOID:3737,verrucous carcinoma,ICDO:8051/3
DOID:3737,verrucous carcinoma,MESH:D018289
DOID:3737,verrucous carcinoma,NCI:C3781
DOID:3737,verrucous carcinoma,SNOMEDCT_US_2023_03_01:89906000
DOID:3737,verrucous carcinoma,UMLS_CUI:C0206706
DOID:3740,vulva verrucous carcinoma,NCI:C6383
DOID:3740,vulva verrucous carcinoma,UMLS_CUI:C1336983
DOID:3741,bladder verrucous squamous cell carcinoma,NCI:C39832
DOID:3741,bladder verrucous squamous cell carcinoma,UMLS_CUI:C1511208
DOID:3742,bladder squamous cell carcinoma,NCI:C4031
DOID:3742,bladder squamous cell carcinoma,SNOMEDCT_US_2023_03_01:255111004
DOID:3742,bladder squamous cell carcinoma,UMLS_CUI:C0279681
DOID:3743,cervical verrucous carcinoma,NCI:C40190
DOID:3743,cervical verrucous carcinoma,UMLS_CUI:C1516435
DOID:3744,cervical squamous cell carcinoma,NCI:C4028
DOID:3744,cervical squamous cell carcinoma,SNOMEDCT_US_2023_03_01:254886006
DOID:3744,cervical squamous cell carcinoma,UMLS_CUI:C0279671
DOID:3747,esophagus verrucous carcinoma,NCI:C27420
DOID:3747,esophagus verrucous carcinoma,UMLS_CUI:C1333470
DOID:3748,esophagus squamous cell carcinoma,MESH:D000077277
DOID:3748,esophagus squamous cell carcinoma,NCI:C4024
DOID:3748,esophagus squamous cell carcinoma,SNOMEDCT_US_2023_03_01:276804009
DOID:3748,esophagus squamous cell carcinoma,UMLS_CUI:C0279626
DOID:3749,urethral verrucous carcinoma,NCI:C39874
DOID:3749,urethral verrucous carcinoma,UMLS_CUI:C1519827
DOID:3750,urethra squamous cell carcinoma,NCI:C6165
DOID:3750,urethra squamous cell carcinoma,UMLS_CUI:C1336890
DOID:3751,plantar verrucous skin carcinoma,NCI:C6811
DOID:3751,plantar verrucous skin carcinoma,SNOMEDCT_US_2023_03_01:254655003
DOID:3751,plantar verrucous skin carcinoma,UMLS_CUI:C0349657
DOID:3752,larynx verrucous carcinoma,NCI:C8188
DOID:3752,larynx verrucous carcinoma,UMLS_CUI:C0280328
DOID:3772,intraventricular meningioma,MESH:D008579
DOID:3772,intraventricular meningioma,NCI:C5273
DOID:3772,intraventricular meningioma,UMLS_CUI:C1334271
DOID:3774,chordoid glioma,ICDO:9444/1
DOID:3774,chordoid glioma,NCI:C5592
DOID:3774,chordoid glioma,ORDO:251674
DOID:3774,chordoid glioma,SNOMEDCT_US_2023_03_01:128789002
DOID:3774,chordoid glioma,UMLS_CUI:C1322252
DOID:3809,epidural spinal canal meningioma,NCI:C5310
DOID:3809,epidural spinal canal meningioma,UMLS_CUI:C1333417
DOID:3813,central nervous system chondroma,NCI:C7001
DOID:3813,central nervous system chondroma,UMLS_CUI:C1333019
DOID:3814,soft tissue chondroma,NCI:C9482
DOID:3828,chromophobe adenoma,ICDO:8270/0
DOID:3828,chromophobe adenoma,MESH:D000238
DOID:3828,chromophobe adenoma,NCI:C2857
DOID:3828,chromophobe adenoma,SNOMEDCT_US_2023_03_01:37039006
DOID:3828,chromophobe adenoma,UMLS_CUI:C0001432
DOID:3829,pituitary adenoma,MESH:D010911
DOID:3829,pituitary adenoma,ICDO:8272/0
DOID:3829,pituitary adenoma,MIM:PS102200
DOID:3829,pituitary adenoma,NCI:C3329
DOID:3829,pituitary adenoma,SNOMEDCT_US_2023_03_01:154621002
DOID:3829,pituitary adenoma,UMLS_CUI:C0032000
DOID:3840,craniopharyngioma,GARD:10486
DOID:3840,craniopharyngioma,ICDO:9350/1
DOID:3840,craniopharyngioma,MESH:D003397
DOID:3840,craniopharyngioma,NCI:C2964
DOID:3840,craniopharyngioma,SNOMEDCT_US_2023_03_01:189179009
DOID:3840,craniopharyngioma,UMLS_CUI:C0010276
DOID:3842,skull base cancer,MESH:D019292
DOID:3842,skull base cancer,NCI:C4676
DOID:3842,skull base cancer,UMLS_CUI:C0376527
DOID:3843,diencephalic neoplasm,NCI:C5125
DOID:3843,diencephalic neoplasm,NCI:C5126
DOID:3843,diencephalic neoplasm,UMLS_CUI:C1333286
DOID:3843,diencephalic neoplasm,UMLS_CUI:C1334576
DOID:3846,adamantinous craniopharyngioma,MESH:D003397
DOID:3846,adamantinous craniopharyngioma,ICDO:9351/1
DOID:3846,adamantinous craniopharyngioma,NCI:C4726
DOID:3846,adamantinous craniopharyngioma,SNOMEDCT_US_2023_03_01:134216001
DOID:3846,adamantinous craniopharyngioma,UMLS_CUI:C0431129
DOID:3847,papillary craniopharyngioma,MESH:D003397
DOID:3847,papillary craniopharyngioma,ICDO:9352/1
DOID:3847,papillary craniopharyngioma,NCI:C4725
DOID:3847,papillary craniopharyngioma,SNOMEDCT_US_2023_03_01:134215002
DOID:3847,papillary craniopharyngioma,UMLS_CUI:C0431128
DOID:3850,hemangiopericytic tumor,NCI:C7076
DOID:3850,hemangiopericytic tumor,SNOMEDCT_US_2023_03_01:189867006
DOID:3850,hemangiopericytic tumor,UMLS_CUI:C0476144
DOID:3855,seminal vesicle tumor,NCI:C39908
DOID:3855,seminal vesicle tumor,SNOMEDCT_US_2023_03_01:236740006
DOID:3855,seminal vesicle tumor,UMLS_CUI:C0341767
DOID:3856,male reproductive organ cancer,ICD10CM:C63.9
DOID:3856,male reproductive organ cancer,ICD9CM:187.9
DOID:3856,male reproductive organ cancer,MESH:D005834
DOID:3856,male reproductive organ cancer,NCI:C3054
DOID:3856,male reproductive organ cancer,NCI:C8561
DOID:3856,male reproductive organ cancer,SNOMEDCT_US_2023_03_01:126895004
DOID:3856,male reproductive organ cancer,SNOMEDCT_US_2023_03_01:363515000
DOID:3856,male reproductive organ cancer,UMLS_CUI:C0017417
DOID:3856,male reproductive organ cancer,UMLS_CUI:C0153606
DOID:3857,large cell medulloblastoma,ICDO:9474/3
DOID:3857,large cell medulloblastoma,NCI:C6904
DOID:3857,large cell medulloblastoma,ORDO:251855
DOID:3857,large cell medulloblastoma,SNOMEDCT_US_2023_03_01:128790006
DOID:3857,large cell medulloblastoma,UMLS_CUI:C1266180
DOID:3860,cerebellar vermis medulloblastoma,NCI:C5401
DOID:3860,cerebellar vermis medulloblastoma,UMLS_CUI:C1332903
DOID:3861,medullomyoblastoma,MESH:D008527
DOID:3861,medullomyoblastoma,ICDO:9472/3
DOID:3861,medullomyoblastoma,NCI:C3706
DOID:3861,medullomyoblastoma,SNOMEDCT_US_2023_03_01:24604009
DOID:3861,medullomyoblastoma,UMLS_CUI:C0205833
DOID:3864,adult medulloblastoma,MESH:D008527
DOID:3864,adult medulloblastoma,NCI:C4011
DOID:3864,adult medulloblastoma,UMLS_CUI:C0278876
DOID:3865,adult central nervous system embryonal tumor,NCI:C5411
DOID:3865,adult central nervous system embryonal tumor,UMLS_CUI:C1332196
DOID:3868,melanotic medulloblastoma,MESH:D008527
DOID:3868,melanotic medulloblastoma,NCI:C9497
DOID:3868,melanotic medulloblastoma,SNOMEDCT_US_2023_03_01:83217000
DOID:3868,melanotic medulloblastoma,UMLS_CUI:C1275668
DOID:3869,childhood medulloblastoma,MESH:D008527
DOID:3869,childhood medulloblastoma,NCI:C3997
DOID:3869,childhood medulloblastoma,UMLS_CUI:C0278510
DOID:3870,childhood central nervous system embryonal tumor,NCI:C5961
DOID:3870,childhood central nervous system embryonal tumor,UMLS_CUI:C1332957
DOID:3873,desmoplastic/nodular medulloblastoma,ICDO:9471/3
DOID:3873,desmoplastic/nodular medulloblastoma,NCI:C5407
DOID:3873,desmoplastic/nodular medulloblastoma,SNOMEDCT_US_2023_03_01:733902001
DOID:3873,desmoplastic/nodular medulloblastoma,UMLS_CUI:C1334970
DOID:3892,insulinoma,MESH:D007516
DOID:3892,insulinoma,GARD:3010
DOID:3892,insulinoma,ICDO:8151/3
DOID:3892,insulinoma,MESH:D007340
DOID:3892,insulinoma,NCI:C65184
DOID:3892,insulinoma,NCI:C95598
DOID:3892,insulinoma,SNOMEDCT_US_2023_03_01:189586007
DOID:3892,insulinoma,SNOMEDCT_US_2023_03_01:25324008
DOID:3892,insulinoma,UMLS_CUI:C0021670
DOID:3892,insulinoma,UMLS_CUI:C0022134
DOID:3893,hidrocystoma,ICDO:8404/0
DOID:3893,hidrocystoma,MESH:D018251
DOID:3893,hidrocystoma,NCI:C3760
DOID:3893,hidrocystoma,SNOMEDCT_US_2023_03_01:80549000
DOID:3893,hidrocystoma,UMLS_CUI:C0206672
DOID:3895,apocrine adenoma,ICDO:8401/0
DOID:3895,apocrine adenoma,NCI:C4168
DOID:3895,apocrine adenoma,SNOMEDCT_US_2023_03_01:307596009
DOID:3895,apocrine adenoma,UMLS_CUI:C0334345
DOID:3896,hidradenoma,ICDO:8402/0
DOID:3896,hidradenoma,MESH:D006607
DOID:3896,hidradenoma,NCI:C7560
DOID:3896,hidradenoma,SNOMEDCT_US_2023_03_01:81393009
DOID:3896,hidradenoma,UMLS_CUI:C0019522
DOID:3904,bronchus carcinoma,MESH:D002283
DOID:3904,bronchus carcinoma,NCI:C35875
DOID:3904,bronchus carcinoma,SNOMEDCT_US_2023_03_01:254622008
DOID:3904,bronchus carcinoma,UMLS_CUI:C0007121
DOID:3905,lung carcinoma,EFO:0001071
DOID:3905,lung carcinoma,NCI:C4878
DOID:3905,lung carcinoma,SNOMEDCT_US_2023_03_01:154485001
DOID:3905,lung carcinoma,UMLS_CUI:C0684249
DOID:3906,bronchial benign neoplasm,MESH:D001984
DOID:3906,bronchial benign neoplasm,SNOMEDCT_US_2023_03_01:126705004
DOID:3906,bronchial benign neoplasm,UMLS_CUI:C0006264
DOID:3907,lung squamous cell carcinoma,NCI:C3493
DOID:3907,lung squamous cell carcinoma,SNOMEDCT_US_2023_03_01:254634000
DOID:3907,lung squamous cell carcinoma,UMLS_CUI:C0149782
DOID:3908,lung non-small cell carcinoma,EFO:0003060
DOID:3908,lung non-small cell carcinoma,KEGG:05223
DOID:3908,lung non-small cell carcinoma,MESH:D002289
DOID:3908,lung non-small cell carcinoma,NCI:C2926
DOID:3908,lung non-small cell carcinoma,SNOMEDCT_US_2023_03_01:254637007
DOID:3908,lung non-small cell carcinoma,UMLS_CUI:C0007131
DOID:3910,lung adenocarcinoma,EFO:0000571
DOID:3910,lung adenocarcinoma,GARD:5742
DOID:3910,lung adenocarcinoma,MESH:D000077192
DOID:3910,lung adenocarcinoma,NCI:C27745
DOID:3910,lung adenocarcinoma,NCI:C3512
DOID:3910,lung adenocarcinoma,SNOMEDCT_US_2023_03_01:254626006
DOID:3910,lung adenocarcinoma,UMLS_CUI:C0152013
DOID:3910,lung adenocarcinoma,UMLS_CUI:C1335060
DOID:3917,pancreatic serous cystadenoma,NCI:C5712
DOID:3917,pancreatic serous cystadenoma,SNOMEDCT_US_2023_03_01:690761000119100
DOID:3917,pancreatic serous cystadenoma,UMLS_CUI:C1335316
DOID:3918,pancreatic cystadenoma,NCI:C4374
DOID:3918,pancreatic cystadenoma,SNOMEDCT_US_2023_03_01:235967003
DOID:3918,pancreatic cystadenoma,UMLS_CUI:C0341486
DOID:3919,pancreatic serous cystic neoplasm,NCI:C41248
DOID:3919,pancreatic serous cystic neoplasm,UMLS_CUI:C1518875
DOID:3924,main bronchus cancer,ICD10CM:C34.0
DOID:3924,main bronchus cancer,ICD9CM:162.2
DOID:3924,main bronchus cancer,SNOMEDCT_US_2023_03_01:187856002
DOID:3924,main bronchus cancer,UMLS_CUI:C0153490
DOID:3948,adrenocortical carcinoma,GARD:558
DOID:3948,adrenocortical carcinoma,MESH:D018268
DOID:3948,adrenocortical carcinoma,MIM:202300
DOID:3948,adrenocortical carcinoma,NCI:C9325
DOID:3948,adrenocortical carcinoma,SNOMEDCT_US_2023_03_01:255035007
DOID:3948,adrenocortical carcinoma,UMLS_CUI:C0206686
DOID:3953,adrenal gland cancer,GARD:5751
DOID:3953,adrenal gland cancer,ICD10CM:C74
DOID:3953,adrenal gland cancer,ICD9CM:194.0
DOID:3953,adrenal gland cancer,MESH:D000310
DOID:3953,adrenal gland cancer,NCI:C2859
DOID:3953,adrenal gland cancer,NCI:C9338
DOID:3953,adrenal gland cancer,SNOMEDCT_US_2023_03_01:127021009
DOID:3953,adrenal gland cancer,SNOMEDCT_US_2023_03_01:93665005
DOID:3953,adrenal gland cancer,UMLS_CUI:C0001624
DOID:3953,adrenal gland cancer,UMLS_CUI:C0750887
DOID:3962,follicular thyroid carcinoma,ICD11:2D10.0
DOID:3962,follicular thyroid carcinoma,ICDO:8330/3
DOID:3962,follicular thyroid carcinoma,MESH:D018263
DOID:3962,follicular thyroid carcinoma,MIM:188470
DOID:3962,follicular thyroid carcinoma,NCI:C8054
DOID:3962,follicular thyroid carcinoma,SNOMEDCT_US_2023_03_01:255028004
DOID:3962,follicular thyroid carcinoma,UMLS_CUI:C0206682
DOID:3963,thyroid gland carcinoma,MESH:D013964
DOID:3963,thyroid gland carcinoma,EFO:0002892
DOID:3963,thyroid gland carcinoma,NCI:C4815
DOID:3963,thyroid gland carcinoma,UMLS_CUI:C0549473
DOID:3964,trabecular follicular adenocarcinoma,NCI:C46095
DOID:3964,trabecular follicular adenocarcinoma,SNOMEDCT_US_2023_03_01:72174007
DOID:3964,trabecular follicular adenocarcinoma,UMLS_CUI:C0334327
DOID:3965,Merkel cell carcinoma,GARD:9266
DOID:3965,Merkel cell carcinoma,ICDO:8247/3
DOID:3965,Merkel cell carcinoma,NCI:C4068
DOID:3965,Merkel cell carcinoma,SNOMEDCT_US_2023_03_01:29792007
DOID:3965,Merkel cell carcinoma,UMLS_CUI:C0302182
DOID:3969,papillary thyroid carcinoma,ICDO:8260/3
DOID:3969,papillary thyroid carcinoma,GARD:12027
DOID:3969,papillary thyroid carcinoma,ICD11:2D10.1
DOID:3969,papillary thyroid carcinoma,MESH:D000077273
DOID:3969,papillary thyroid carcinoma,MIM:188550
DOID:3969,papillary thyroid carcinoma,NCI:C4035
DOID:3969,papillary thyroid carcinoma,SNOMEDCT_US_2023_03_01:255029007
DOID:3969,papillary thyroid carcinoma,UMLS_CUI:C0238463
DOID:3973,medullary thyroid carcinoma,ICDO:8345/3
DOID:3973,medullary thyroid carcinoma,MESH:C536914
DOID:3973,medullary thyroid carcinoma,NCI:C3879
DOID:3973,medullary thyroid carcinoma,SNOMEDCT_US_2023_03_01:255032005
DOID:3973,medullary thyroid carcinoma,UMLS_CUI:C0238462
DOID:3996,urinary system cancer,ICD10CM:C68.9
DOID:3996,urinary system cancer,ICD9CM:189.9
DOID:3996,urinary system cancer,SNOMEDCT_US_2023_03_01:448233000
DOID:3996,urinary system cancer,UMLS_CUI:C0348371
DOID:3998,Bartholin's gland transitional cell carcinoma,NCI:C40297
DOID:3998,Bartholin's gland transitional cell carcinoma,UMLS_CUI:C1511053
DOID:3999,Bartholin's gland carcinoma,NCI:C9055
DOID:3999,Bartholin's gland carcinoma,SNOMEDCT_US_2023_03_01:399533005
DOID:3999,Bartholin's gland carcinoma,UMLS_CUI:C0349561
DOID:4000,ovary transitional cell carcinoma,NCI:C5240
DOID:4000,ovary transitional cell carcinoma,UMLS_CUI:C1335184
DOID:4001,ovarian carcinoma,EFO:0001075
DOID:4001,ovarian carcinoma,UMLS_CUI:C0677886
DOID:4003,Schneiderian carcinoma,ICDO:8121/3
DOID:4003,Schneiderian carcinoma,NCI:C54287
DOID:4003,Schneiderian carcinoma,SNOMEDCT_US_2023_03_01:5600009
DOID:4003,Schneiderian carcinoma,UMLS_CUI:C0334270
DOID:4005,endometrial transitional cell carcinoma,NCI:C40154
DOID:4005,endometrial transitional cell carcinoma,UMLS_CUI:C1516864
DOID:4006,bladder urothelial carcinoma,NCI:C39851
DOID:4006,bladder urothelial carcinoma,SNOMEDCT_US_2023_03_01:393562002
DOID:4006,bladder urothelial carcinoma,UMLS_CUI:C0279680
DOID:4007,bladder carcinoma,NCI:C4912
DOID:4007,bladder carcinoma,SNOMEDCT_US_2023_03_01:269607003
DOID:4007,bladder carcinoma,UMLS_CUI:C0699885
DOID:4008,fallopian tube transitional cell carcinoma,NCI:C40104
DOID:4008,fallopian tube transitional cell carcinoma,UMLS_CUI:C1517128
DOID:4012,papillary transitional carcinoma,NCI:C4122
DOID:4012,papillary transitional carcinoma,SNOMEDCT_US_2023_03_01:12400006
DOID:4012,papillary transitional carcinoma,UMLS_CUI:C0334274
DOID:4013,urethra transitional cell carcinoma,NCI:C6166
DOID:4013,urethra transitional cell carcinoma,UMLS_CUI:C0863015
DOID:4014,sarcomatoid transitional cell carcinoma,NCI:C4120
DOID:4014,sarcomatoid transitional cell carcinoma,SNOMEDCT_US_2023_03_01:112676006
DOID:4014,sarcomatoid transitional cell carcinoma,UMLS_CUI:C0334271
DOID:4015,sarcomatoid carcinoma,MESH:D002277
DOID:4015,sarcomatoid carcinoma,NCI:C27004
DOID:4015,sarcomatoid carcinoma,SNOMEDCT_US_2023_03_01:65692009
DOID:4015,sarcomatoid carcinoma,UMLS_CUI:C0205697
DOID:4023,linitis plastica,ICDO:8142/3
DOID:4023,linitis plastica,MESH:D008039
DOID:4023,linitis plastica,NCI:C3190
DOID:4023,linitis plastica,SNOMEDCT_US_2023_03_01:307594007
DOID:4023,linitis plastica,UMLS_CUI:C0023743
DOID:4024,scirrhous adenocarcinoma,ICDO:8141/3
DOID:4024,scirrhous adenocarcinoma,MESH:D002293
DOID:4024,scirrhous adenocarcinoma,NCI:C2928
DOID:4024,scirrhous adenocarcinoma,SNOMEDCT_US_2023_03_01:4584002
DOID:4024,scirrhous adenocarcinoma,UMLS_CUI:C0007135
DOID:4028,angioma serpiginosum,ICD10CM:L81.7
DOID:4028,angioma serpiginosum,MIM:106050
DOID:4028,angioma serpiginosum,MIM:300652
DOID:4028,angioma serpiginosum,NCI:C3926
DOID:4028,angioma serpiginosum,ORDO:95429
DOID:4028,angioma serpiginosum,SNOMEDCT_US_2023_03_01:49465005
DOID:4028,angioma serpiginosum,UMLS_CUI:C0263637
DOID:4043,skeletal muscle cancer,NCI:C6516
DOID:4043,skeletal muscle cancer,UMLS_CUI:C1334619
DOID:4044,skeletal muscle neoplasm,NCI:C6514
DOID:4044,skeletal muscle neoplasm,SNOMEDCT_US_2023_03_01:699955004
DOID:4044,skeletal muscle neoplasm,UMLS_CUI:C1335971
DOID:4045,muscle cancer,ICD10CM:C49
DOID:4045,muscle cancer,MESH:D009217
DOID:4045,muscle cancer,MESH:D019042
DOID:4045,muscle cancer,NCI:C4883
DOID:4045,muscle cancer,SNOMEDCT_US_2023_03_01:20667008
DOID:4045,muscle cancer,SNOMEDCT_US_2023_03_01:93913006
DOID:4045,muscle cancer,UMLS_CUI:C0027095
DOID:4045,muscle cancer,UMLS_CUI:C0684743
DOID:4047,liver rhabdomyosarcoma,NCI:C5834
DOID:4047,liver rhabdomyosarcoma,UMLS_CUI:C1333975
DOID:4048,central nervous system rhabdomyosarcoma,NCI:C5464
DOID:4048,central nervous system rhabdomyosarcoma,UMLS_CUI:C1332891
DOID:4049,mediastinum rhabdomyosarcoma,NCI:C6617
DOID:4049,mediastinum rhabdomyosarcoma,UMLS_CUI:C1334677
DOID:4050,mediastinum sarcoma,NCI:C6606
DOID:4050,mediastinum sarcoma,UMLS_CUI:C1334678
DOID:4051,alveolar rhabdomyosarcoma,GARD:4701
DOID:4051,alveolar rhabdomyosarcoma,ICDO:8920/3
DOID:4051,alveolar rhabdomyosarcoma,MESH:D018232
DOID:4051,alveolar rhabdomyosarcoma,MIM:268220
DOID:4051,alveolar rhabdomyosarcoma,NCI:C3749
DOID:4051,alveolar rhabdomyosarcoma,NCI:C7958
DOID:4051,alveolar rhabdomyosarcoma,SNOMEDCT_US_2023_03_01:404053004
DOID:4051,alveolar rhabdomyosarcoma,UMLS_CUI:C0206655
DOID:4051,alveolar rhabdomyosarcoma,UMLS_CUI:C0279613
DOID:4053,rectum rhabdomyosarcoma,NCI:C5627
DOID:4053,rectum rhabdomyosarcoma,UMLS_CUI:C1335687
DOID:4054,prostate sarcoma,NCI:C7731
DOID:4054,prostate sarcoma,UMLS_CUI:C0238393
DOID:4055,ectomesenchymoma,ICDO:8921/3
DOID:4055,ectomesenchymoma,NCI:C4716
DOID:4055,ectomesenchymoma,SNOMEDCT_US_2023_03_01:128750008
DOID:4055,ectomesenchymoma,UMLS_CUI:C0431111
DOID:4057,gallbladder rhabdomyosarcoma,NCI:C5839
DOID:4057,gallbladder rhabdomyosarcoma,UMLS_CUI:C1333756
DOID:4058,gallbladder sarcoma,NCI:C5736
DOID:4058,gallbladder sarcoma,UMLS_CUI:C1333757
DOID:4059,ovary rhabdomyosarcoma,NCI:C5236
DOID:4059,ovary rhabdomyosarcoma,UMLS_CUI:C1335176
DOID:4060,breast rhabdomyosarcoma,NCI:C5190
DOID:4060,breast rhabdomyosarcoma,UMLS_CUI:C1332637
DOID:4061,testis rhabdomyosarcoma,NCI:C6378
DOID:4061,testis rhabdomyosarcoma,UMLS_CUI:C1336726
DOID:4062,testis sarcoma,NCI:C6359
DOID:4062,testis sarcoma,UMLS_CUI:C1336727
DOID:4064,bile duct sarcoma,NCI:C5029
DOID:4064,bile duct sarcoma,UMLS_CUI:C2205442
DOID:4065,mixed type rhabdomyosarcoma,ICDO:8902/3
DOID:4065,mixed type rhabdomyosarcoma,SNOMEDCT_US_2023_03_01:62383007
DOID:4065,mixed type rhabdomyosarcoma,UMLS_CUI:C0334481
DOID:4066,anus rhabdomyosarcoma,NCI:C5610
DOID:4066,anus rhabdomyosarcoma,UMLS_CUI:C1332276
DOID:4067,anus sarcoma,NCI:C5611
DOID:4067,anus sarcoma,UMLS_CUI:C1332277
DOID:4073,pancreatic cystadenocarcinoma,NCI:C3874
DOID:4073,pancreatic cystadenocarcinoma,SNOMEDCT_US_2023_03_01:235966007
DOID:4073,pancreatic cystadenocarcinoma,UMLS_CUI:C0238337
DOID:4074,pancreatic adenocarcinoma,NCI:C8294
DOID:4074,pancreatic adenocarcinoma,SNOMEDCT_US_2023_03_01:700423003
DOID:4074,pancreatic adenocarcinoma,UMLS_CUI:C0281361
DOID:4075,bile duct cystadenocarcinoma,ICDO:8161/3
DOID:4075,bile duct cystadenocarcinoma,NCI:C4130
DOID:4075,bile duct cystadenocarcinoma,SNOMEDCT_US_2023_03_01:50422007
DOID:4075,bile duct cystadenocarcinoma,UMLS_CUI:C0334286
DOID:4084,testicular trophoblastic tumor,NCI:C39934
DOID:4084,testicular trophoblastic tumor,UMLS_CUI:C1515301
DOID:4085,trophoblastic neoplasm,MESH:D014328
DOID:4085,trophoblastic neoplasm,NCI:C3422
DOID:4085,trophoblastic neoplasm,SNOMEDCT_US_2023_03_01:115234004
DOID:4085,trophoblastic neoplasm,UMLS_CUI:C0041182
DOID:4086,testicular germ cell tumor non-seminomatous,ICDO:9065/3
DOID:4086,testicular germ cell tumor non-seminomatous,NCI:C9313
DOID:4086,testicular germ cell tumor non-seminomatous,SNOMEDCT_US_2023_03_01:107691000119101
DOID:4086,testicular germ cell tumor non-seminomatous,UMLS_CUI:C2057625
DOID:4087,testicular pure germ cell tumor,NCI:C39915
DOID:4087,testicular pure germ cell tumor,UMLS_CUI:C1514608
DOID:4111,cervical adenosarcoma,NCI:C40229
DOID:4111,cervical adenosarcoma,SNOMEDCT_US_2023_03_01:764847000
DOID:4111,cervical adenosarcoma,UMLS_CUI:C1516426
DOID:4112,cervical carcinosarcoma,NCI:C36097
DOID:4112,cervical carcinosarcoma,NCI:C40226
DOID:4112,cervical carcinosarcoma,NCI:C40228
DOID:4112,cervical carcinosarcoma,SNOMEDCT_US_2023_03_01:764951002
DOID:4112,cervical carcinosarcoma,UMLS_CUI:C1332917
DOID:4112,cervical carcinosarcoma,UMLS_CUI:C1516420
DOID:4112,cervical carcinosarcoma,UMLS_CUI:C1518168
DOID:4113,uterine corpus adenosarcoma,NCI:C6336
DOID:4113,uterine corpus adenosarcoma,UMLS_CUI:C1336917
DOID:4114,uterine body mixed cancer,NCI:C6311
DOID:4114,uterine body mixed cancer,UMLS_CUI:C1334628
DOID:4115,ovarian mesodermal adenosarcoma,NCI:C7317
DOID:4115,ovarian mesodermal adenosarcoma,UMLS_CUI:C1335169
DOID:4117,vaginal adenosarcoma,NCI:C40277
DOID:4117,vaginal adenosarcoma,UMLS_CUI:C1519914
DOID:4118,colon neuroendocrine neoplasm,NCI:C5697
DOID:4118,colon neuroendocrine neoplasm,SNOMEDCT_US_2023_03_01:1162856006
DOID:4118,colon neuroendocrine neoplasm,UMLS_CUI:C1333097
DOID:4119,intestinal neuroendocrine benign tumor,NCI:C5695
DOID:4119,intestinal neuroendocrine benign tumor,UMLS_CUI:C1334231
DOID:4136,myxosarcoma,ICDO:8840/3
DOID:4136,myxosarcoma,MESH:D009236
DOID:4136,myxosarcoma,NCI:C3255
DOID:4136,myxosarcoma,SNOMEDCT_US_2023_03_01:28351005
DOID:4136,myxosarcoma,UMLS_CUI:C0027155
DOID:4141,intraorbital meningioma,MESH:D008579
DOID:4141,intraorbital meningioma,NCI:C6778
DOID:4141,intraorbital meningioma,UMLS_CUI:C1334261
DOID:4143,orbital cancer,ICD10CM:C69.6
DOID:4143,orbital cancer,ICD9CM:190.1
DOID:4143,orbital cancer,MESH:D009918
DOID:4143,orbital cancer,NCI:C3290
DOID:4143,orbital cancer,NCI:C3562
DOID:4143,orbital cancer,SNOMEDCT_US_2023_03_01:127003006
DOID:4143,orbital cancer,SNOMEDCT_US_2023_03_01:363462005
DOID:4143,orbital cancer,UMLS_CUI:C0029185
DOID:4143,orbital cancer,UMLS_CUI:C0153626
DOID:4147,gastrointestinal adenoma,NCI:C36207
DOID:4147,gastrointestinal adenoma,UMLS_CUI:C0948101
DOID:4148,gastrointestinal neuroendocrine benign tumor,NCI:C27721
DOID:4148,gastrointestinal neuroendocrine benign tumor,UMLS_CUI:C1333799
DOID:4151,skull base chordoma,NCI:C5453
DOID:4151,skull base chordoma,UMLS_CUI:C1335975
DOID:4152,chondroid chordoma,ICDO:9371/3
DOID:4152,chondroid chordoma,NCI:C6902
DOID:4152,chondroid chordoma,SNOMEDCT_US_2023_03_01:128784007
DOID:4152,chondroid chordoma,UMLS_CUI:C1266173
DOID:4153,spinal chordoma,NCI:C5156
DOID:4159,skin cancer,MESH:D012878
DOID:4159,skin cancer,GARD:10421
DOID:4159,skin cancer,NCI:C2920
DOID:4159,skin cancer,SNOMEDCT_US_2023_03_01:94047004
DOID:4159,skin cancer,UMLS_CUI:C0007114
DOID:4160,differentiating neuroblastoma,NCI:C42048
DOID:4160,differentiating neuroblastoma,UMLS_CUI:C1511934
DOID:4163,ganglioneuroblastoma,ICDO:9490/3
DOID:4163,ganglioneuroblastoma,MESH:D018305
DOID:4163,ganglioneuroblastoma,NCI:C3790
DOID:4163,ganglioneuroblastoma,SNOMEDCT_US_2023_03_01:116381000119105
DOID:4163,ganglioneuroblastoma,UMLS_CUI:C0206718
DOID:4164,cerebral neuroblastoma,NCI:C4826
DOID:4164,cerebral neuroblastoma,SNOMEDCT_US_2023_03_01:281560004
DOID:4164,cerebral neuroblastoma,UMLS_CUI:C0559458
DOID:4202,brain stem glioma,NCI:C8501
DOID:4202,brain stem glioma,SNOMEDCT_US_2023_03_01:444545003
DOID:4202,brain stem glioma,UMLS_CUI:C0677865
DOID:4203,brain stem cancer,GARD:8244
DOID:4203,brain stem cancer,ICD10CM:C71.7
DOID:4203,brain stem cancer,ICD9CM:191.7
DOID:4203,brain stem cancer,MESH:D020295
DOID:4203,brain stem cancer,NCI:C3570
DOID:4203,brain stem cancer,NCI:C4869
DOID:4203,brain stem cancer,NCI:C4975
DOID:4203,brain stem cancer,NCI:C5967
DOID:4203,brain stem cancer,SNOMEDCT_US_2023_03_01:126961004
DOID:4203,brain stem cancer,SNOMEDCT_US_2023_03_01:93726004
DOID:4203,brain stem cancer,UMLS_CUI:C0153641
DOID:4203,brain stem cancer,UMLS_CUI:C0677866
DOID:4203,brain stem cancer,UMLS_CUI:C0751886
DOID:4203,brain stem cancer,UMLS_CUI:C1332192
DOID:4205,cerebellum cancer,ICD10CM:C71.6
DOID:4205,cerebellum cancer,ICD9CM:191.6
DOID:4205,cerebellum cancer,MESH:D002528
DOID:4205,cerebellum cancer,NCI:C2935
DOID:4205,cerebellum cancer,NCI:C3569
DOID:4205,cerebellum cancer,SNOMEDCT_US_2023_03_01:126960003
DOID:4205,cerebellum cancer,SNOMEDCT_US_2023_03_01:449420002
DOID:4205,cerebellum cancer,UMLS_CUI:C0007762
DOID:4205,cerebellum cancer,UMLS_CUI:C0153640
DOID:4206,childhood brain stem neoplasm,NCI:C5969
DOID:4206,childhood brain stem neoplasm,UMLS_CUI:C1332951
DOID:4207,childhood infratentorial neoplasm,NCI:C5802
DOID:4207,childhood infratentorial neoplasm,UMLS_CUI:C1332973
DOID:4209,brainstem intraparenchymal clear cell meningioma,NCI:C5295
DOID:4209,brainstem intraparenchymal clear cell meningioma,UMLS_CUI:C1332612
DOID:4210,clear cell meningioma,MESH:D008579
DOID:4210,clear cell meningioma,ICDO:9538/1
DOID:4210,clear cell meningioma,NCI:C4722
DOID:4210,clear cell meningioma,SNOMEDCT_US_2023_03_01:134213009
DOID:4210,clear cell meningioma,UMLS_CUI:C0431121
DOID:4211,posterior fossa meningioma,MESH:D008579
DOID:4211,posterior fossa meningioma,NCI:C6775
DOID:4211,posterior fossa meningioma,UMLS_CUI:C1565950
DOID:4217,malignant ovarian Brenner tumor,MESH:D001948
DOID:4217,malignant ovarian Brenner tumor,NCI:C4270
DOID:4217,malignant ovarian Brenner tumor,SNOMEDCT_US_2023_03_01:42194009
DOID:4217,malignant ovarian Brenner tumor,UMLS_CUI:C0334495
DOID:4226,endometrial stromal sarcoma,GARD:6339
DOID:4226,endometrial stromal sarcoma,ICDO:8930/3
DOID:4226,endometrial stromal sarcoma,MESH:D018203
DOID:4226,endometrial stromal sarcoma,NCI:C8973
DOID:4226,endometrial stromal sarcoma,SNOMEDCT_US_2023_03_01:1178986006
DOID:4226,endometrial stromal sarcoma,UMLS_CUI:C0206630
DOID:4227,uterine corpus endometrial stromal sarcoma,NCI:C40219
DOID:4227,uterine corpus endometrial stromal sarcoma,UMLS_CUI:C1519849
DOID:4230,smooth muscle cancer,NCI:C6511
DOID:4230,smooth muscle cancer,UMLS_CUI:C1334620
DOID:4231,histiocytoma,ICDO:8831/0
DOID:4231,histiocytoma,MESH:D051642
DOID:4231,histiocytoma,NCI:C35765
DOID:4231,histiocytoma,SNOMEDCT_US_2023_03_01:154614002
DOID:4231,histiocytoma,UMLS_CUI:C1509147
DOID:4232,extraosseous Ewing sarcoma,NCI:C27293
DOID:4232,extraosseous Ewing sarcoma,ORDO:370334
DOID:4232,extraosseous Ewing sarcoma,UMLS_CUI:C1333514
DOID:4233,clear cell sarcoma,ICDO:9044/3
DOID:4233,clear cell sarcoma,MESH:D018227
DOID:4233,clear cell sarcoma,NCI:C27370
DOID:4233,clear cell sarcoma,NCI:C3745
DOID:4233,clear cell sarcoma,SNOMEDCT_US_2023_03_01:12622007
DOID:4233,clear cell sarcoma,UMLS_CUI:C0206651
DOID:4233,clear cell sarcoma,UMLS_CUI:C1332198
DOID:4235,spindle cell sarcoma,ICDO:8801/3
DOID:4235,spindle cell sarcoma,MESH:D012509
DOID:4235,spindle cell sarcoma,NCI:C27005
DOID:4235,spindle cell sarcoma,SNOMEDCT_US_2023_03_01:9801004
DOID:4235,spindle cell sarcoma,UMLS_CUI:C0205945
DOID:4236,carcinosarcoma,ICDO:8980/3
DOID:4236,carcinosarcoma,MESH:D002296
DOID:4236,carcinosarcoma,MESH:D018199
DOID:4236,carcinosarcoma,MESH:D018200
DOID:4236,carcinosarcoma,NCI:C34448
DOID:4236,carcinosarcoma,NCI:C3730
DOID:4236,carcinosarcoma,NCI:C8975
DOID:4236,carcinosarcoma,SNOMEDCT_US_2023_03_01:112684005
DOID:4236,carcinosarcoma,SNOMEDCT_US_2023_03_01:63264007
DOID:4236,carcinosarcoma,SNOMEDCT_US_2023_03_01:84427001
DOID:4236,carcinosarcoma,UMLS_CUI:C0007140
DOID:4236,carcinosarcoma,UMLS_CUI:C0206627
DOID:4236,carcinosarcoma,UMLS_CUI:C1334603
DOID:4239,alveolar soft part sarcoma,GARD:5654
DOID:4239,alveolar soft part sarcoma,ICDO:9581/3
DOID:4239,alveolar soft part sarcoma,MESH:D018234
DOID:4239,alveolar soft part sarcoma,MIM:606243
DOID:4239,alveolar soft part sarcoma,NCI:C3750
DOID:4239,alveolar soft part sarcoma,NCI:C7943
DOID:4239,alveolar soft part sarcoma,NCI:C8092
DOID:4239,alveolar soft part sarcoma,ORDO:163699
DOID:4239,alveolar soft part sarcoma,SNOMEDCT_US_2023_03_01:88195001
DOID:4239,alveolar soft part sarcoma,UMLS_CUI:C0206657
DOID:4239,alveolar soft part sarcoma,UMLS_CUI:C0279544
DOID:4239,alveolar soft part sarcoma,UMLS_CUI:C0279985
DOID:4242,kidney sarcoma,NCI:C4525
DOID:4242,kidney sarcoma,SNOMEDCT_US_2023_03_01:254918001
DOID:4242,kidney sarcoma,UMLS_CUI:C0346251
DOID:4277,penis basal cell carcinoma,NCI:C39961
DOID:4277,penis basal cell carcinoma,UMLS_CUI:C1518949
DOID:4278,scrotum basal cell carcinoma,NCI:C6386
DOID:4278,scrotum basal cell carcinoma,UMLS_CUI:C1335934
DOID:4279,infundibulocystic basal cell carcinoma,MIM:604451
DOID:4280,nodular basal cell carcinoma,NCI:C62282
DOID:4280,nodular basal cell carcinoma,SNOMEDCT_US_2023_03_01:716274007
DOID:4280,nodular basal cell carcinoma,UMLS_CUI:C1304300
DOID:4283,anal margin basal cell carcinoma,ICD10CM:C44.510
DOID:4283,anal margin basal cell carcinoma,NCI:C7473
DOID:4283,anal margin basal cell carcinoma,UMLS_CUI:C1332269
DOID:4284,anal margin carcinoma,SNOMEDCT_US_2023_03_01:255084004
DOID:4284,anal margin carcinoma,NCI:C7472
DOID:4284,anal margin carcinoma,UMLS_CUI:C0349534
DOID:4286,skin nasal cell carcinoma with sebaceous differentiation,NCI:C4346
DOID:4287,external ear basal cell carcinoma,NCI:C6082
DOID:4287,external ear basal cell carcinoma,UMLS_CUI:C1333491
DOID:4288,external ear carcinoma,NCI:C6081
DOID:4288,external ear carcinoma,UMLS_CUI:C1333492
DOID:4290,adamantinoid basal cell epithelioma,NCI:C7585
DOID:4290,adamantinoid basal cell epithelioma,SNOMEDCT_US_2023_03_01:402524007
DOID:4290,adamantinoid basal cell epithelioma,UMLS_CUI:C1304295
DOID:4291,fibroepithelial basal cell carcinoma,NCI:C4109
DOID:4291,fibroepithelial basal cell carcinoma,SNOMEDCT_US_2023_03_01:254703005
DOID:4291,fibroepithelial basal cell carcinoma,UMLS_CUI:C0346013
DOID:4292,morpheaform basal cell carcinoma,NCI:C27182
DOID:4292,morpheaform basal cell carcinoma,SNOMEDCT_US_2023_03_01:403913006
DOID:4292,morpheaform basal cell carcinoma,UMLS_CUI:C0555191
DOID:4293,clear cell basal cell carcinoma,NCI:C27536
DOID:4293,clear cell basal cell carcinoma,UMLS_CUI:C1516599
DOID:4294,adenoid basal cell carcinoma,NCI:C27535
DOID:4295,follicular basal cell carcinoma,NCI:C27538
DOID:4300,superficial basal cell carcinoma,ICDO:8091/3
DOID:4300,superficial basal cell carcinoma,NCI:C4108
DOID:4300,superficial basal cell carcinoma,SNOMEDCT_US_2023_03_01:61098004
DOID:4300,superficial basal cell carcinoma,UMLS_CUI:C0334256
DOID:4301,vulva basal cell carcinoma,NCI:C6381
DOID:4301,vulva basal cell carcinoma,SNOMEDCT_US_2023_03_01:717731002
DOID:4301,vulva basal cell carcinoma,UMLS_CUI:C1336977
DOID:4303,sarcomatoid basal cell carcinoma,NCI:C38111
DOID:4303,sarcomatoid basal cell carcinoma,UMLS_CUI:C1519182
DOID:4304,signet ring basal cell carcinoma,NCI:C38110
DOID:4304,signet ring basal cell carcinoma,UMLS_CUI:C1519320
DOID:4305,bone giant cell tumor,MESH:D018212
DOID:4305,bone giant cell tumor,NCI:C121932
DOID:4305,bone giant cell tumor,SNOMEDCT_US_2023_03_01:697970009
DOID:4305,bone giant cell tumor,UMLS_CUI:C0206638
DOID:4310,smooth muscle tumor,MESH:D018235
DOID:4310,smooth muscle tumor,NCI:C3751
DOID:4310,smooth muscle tumor,SNOMEDCT_US_2023_03_01:75109009
DOID:4310,smooth muscle tumor,UMLS_CUI:C0206658
DOID:4320,non-gestational choriocarcinoma,MESH:D031954
DOID:4320,non-gestational choriocarcinoma,UMLS_CUI:C1135873
DOID:4321,large cell acanthoma,ICDO:8072/0
DOID:4321,large cell acanthoma,NCI:C27518
DOID:4321,large cell acanthoma,SNOMEDCT_US_2023_03_01:733894009
DOID:4321,large cell acanthoma,UMLS_CUI:C1334362
DOID:4322,pilar sheath acanthoma,MESH:D049309
DOID:4322,pilar sheath acanthoma,ICDO:8104/0
DOID:4322,pilar sheath acanthoma,NCI:C4468
DOID:4322,pilar sheath acanthoma,SNOMEDCT_US_2023_03_01:254693008
DOID:4322,pilar sheath acanthoma,UMLS_CUI:C0346005
DOID:4323,epidermolytic acanthoma,NCI:C27516
DOID:4323,epidermolytic acanthoma,SNOMEDCT_US_2023_03_01:733892008
DOID:4323,epidermolytic acanthoma,UMLS_CUI:C1333414
DOID:4324,acantholytic acanthoma,NCI:C27517
DOID:4324,acantholytic acanthoma,SNOMEDCT_US_2023_03_01:397188008
DOID:4324,acantholytic acanthoma,UMLS_CUI:C1301270
DOID:4334,splenic manifestation of prolymphocytic leukemia,NCI:C7297
DOID:4334,splenic manifestation of prolymphocytic leukemia,UMLS_CUI:C1336066
DOID:4352,ciliary body cancer,ICD10CM:C69.4
DOID:4352,ciliary body cancer,NCI:C4364
DOID:4352,ciliary body cancer,NCI:C4766
DOID:4352,ciliary body cancer,SNOMEDCT_US_2023_03_01:126998003
DOID:4352,ciliary body cancer,SNOMEDCT_US_2023_03_01:93756008
DOID:4352,ciliary body cancer,UMLS_CUI:C0339349
DOID:4352,ciliary body cancer,UMLS_CUI:C0496833
DOID:4359,amelanotic melanoma,ICDO:8730/3
DOID:4359,amelanotic melanoma,MESH:D018328
DOID:4359,amelanotic melanoma,NCI:C3802
DOID:4359,amelanotic melanoma,SNOMEDCT_US_2023_03_01:70594002
DOID:4359,amelanotic melanoma,UMLS_CUI:C0206735
DOID:436,posterior mediastinum cancer,ICD10CM:C38.2
DOID:436,posterior mediastinum cancer,ICD9CM:164.3
DOID:436,posterior mediastinum cancer,SNOMEDCT_US_2023_03_01:448670003
DOID:436,posterior mediastinum cancer,UMLS_CUI:C0153502
DOID:4360,epithelioid cell melanoma,ICDO:8771/3
DOID:4360,epithelioid cell melanoma,NCI:C4236
DOID:4360,epithelioid cell melanoma,SNOMEDCT_US_2023_03_01:37138001
DOID:4360,epithelioid cell melanoma,UMLS_CUI:C0334443
DOID:4362,cervical cancer,ICD10CM:C53
DOID:4362,cervical cancer,ICD9CM:180
DOID:4362,cervical cancer,MESH:D002583
DOID:4362,cervical cancer,MIM:603956
DOID:4362,cervical cancer,NCI:C2940
DOID:4362,cervical cancer,NCI:C9311
DOID:4362,cervical cancer,SNOMEDCT_US_2023_03_01:123841004
DOID:4362,cervical cancer,SNOMEDCT_US_2023_03_01:254885005
DOID:4362,cervical cancer,UMLS_CUI:C0007847
DOID:4362,cervical cancer,UMLS_CUI:C0007873
DOID:4364,malignant breast melanoma,NCI:C8410
DOID:4364,malignant breast melanoma,SNOMEDCT_US_2023_03_01:188050009
DOID:4364,malignant breast melanoma,UMLS_CUI:C0346787
DOID:4384,orbit alveolar rhabdomyosarcoma,NCI:C6247
DOID:4384,orbit alveolar rhabdomyosarcoma,UMLS_CUI:C1335126
DOID:4385,papillary squamous carcinoma,NCI:C4102
DOID:4385,papillary squamous carcinoma,SNOMEDCT_US_2023_03_01:39056008
DOID:4385,papillary squamous carcinoma,UMLS_CUI:C0334244
DOID:4386,myofibroma,ICDO:8824/0
DOID:4386,myofibroma,MESH:D047708
DOID:4386,myofibroma,SNOMEDCT_US_2023_03_01:128917003
DOID:4386,myofibroma,UMLS_CUI:C1266121
DOID:4388,bone peripheral neuroepithelioma,NCI:C8776
DOID:4388,bone peripheral neuroepithelioma,UMLS_CUI:C0855009
DOID:4389,soft tissue peripheral neuroepithelioma,NCI:C27471
DOID:4389,soft tissue peripheral neuroepithelioma,UMLS_CUI:C1112437
DOID:4413,cervix melanoma,NCI:C40239
DOID:4413,cervix melanoma,UMLS_CUI:C0877611
DOID:4415,fibrous histiocytoma,MESH:D018219
DOID:4415,fibrous histiocytoma,NCI:C3739
DOID:4415,fibrous histiocytoma,SNOMEDCT_US_2023_03_01:25889007
DOID:4415,fibrous histiocytoma,UMLS_CUI:C0206644
DOID:4418,cutaneous fibrous histiocytoma,MESH:D018219
DOID:4418,cutaneous fibrous histiocytoma,GARD:9807
DOID:4418,cutaneous fibrous histiocytoma,NCI:C6801
DOID:4418,cutaneous fibrous histiocytoma,NCI:C7749
DOID:4418,cutaneous fibrous histiocytoma,SNOMEDCT_US_2023_03_01:254749001
DOID:4418,cutaneous fibrous histiocytoma,SNOMEDCT_US_2023_03_01:403999006
DOID:4418,cutaneous fibrous histiocytoma,UMLS_CUI:C0002991
DOID:4418,cutaneous fibrous histiocytoma,UMLS_CUI:C0346049
DOID:4419,benign deep fibrous histiocytoma,NCI:C6492
DOID:4419,benign deep fibrous histiocytoma,SNOMEDCT_US_2023_03_01:128741006
DOID:4419,benign deep fibrous histiocytoma,UMLS_CUI:C1266125
DOID:4422,malignant adenofibroma,NCI:C40035
DOID:4422,malignant adenofibroma,UMLS_CUI:C1510778
DOID:4430,somatostatinoma,GARD:4900
DOID:4430,somatostatinoma,ICDO:8156/3
DOID:4430,somatostatinoma,MESH:D013005
DOID:4430,somatostatinoma,NCI:C3379
DOID:4430,somatostatinoma,SNOMEDCT_US_2023_03_01:128642005
DOID:4430,somatostatinoma,UMLS_CUI:C0037661
DOID:4432,pancreatic somatostatinoma,NCI:C95595
DOID:4432,pancreatic somatostatinoma,UMLS_CUI:C1368041
DOID:4433,pancreatic delta cell neoplasm,NCI:C28396
DOID:4433,pancreatic delta cell neoplasm,UMLS_CUI:C1335301
DOID:4434,small intestine neuroendocrine neoplasm,NCI:C5803
DOID:4434,small intestine neuroendocrine neoplasm,SNOMEDCT_US_2023_03_01:1186805005
DOID:4434,small intestine neuroendocrine neoplasm,UMLS_CUI:C1336005
DOID:4435,cavernous sinus meningioma,NCI:C5268
DOID:4435,cavernous sinus meningioma,UMLS_CUI:C1332865
DOID:4436,anterior cranial fossa meningioma,NCI:C5286
DOID:4436,anterior cranial fossa meningioma,UMLS_CUI:C1332301
DOID:4437,skull base meningioma,NCI:C5272
DOID:4437,skull base meningioma,UMLS_CUI:C1335976
DOID:4438,central nervous system germinoma,GARD:2005
DOID:4438,central nervous system germinoma,NCI:C7009
DOID:4438,central nervous system germinoma,SNOMEDCT_US_2023_03_01:1156833003
DOID:4438,central nervous system germinoma,UMLS_CUI:C1333813
DOID:4439,central nervous system germ cell tumor,NCI:C5461
DOID:4439,central nervous system germ cell tumor,UMLS_CUI:C1332880
DOID:4440,seminoma,ICDO:9061/3
DOID:4440,seminoma,MESH:D018239
DOID:4440,seminoma,NCI:C9309
DOID:4440,seminoma,SNOMEDCT_US_2023_03_01:443675005
DOID:4440,seminoma,UMLS_CUI:C0036631
DOID:4441,dysgerminoma,ICDO:9060/3
DOID:4441,dysgerminoma,MESH:D004407
DOID:4441,dysgerminoma,SNOMEDCT_US_2023_03_01:60718004
DOID:4441,dysgerminoma,UMLS_CUI:C0013377
DOID:4442,cervical alveolar soft part sarcoma,NCI:C40225
DOID:4442,cervical alveolar soft part sarcoma,UMLS_CUI:C1516408
DOID:4450,renal cell carcinoma,EFO:0000681
DOID:4450,renal cell carcinoma,GARD:13215
DOID:4450,renal cell carcinoma,ICDO:8312/3
DOID:4450,renal cell carcinoma,MESH:D002292
DOID:4450,renal cell carcinoma,MIM:300854
DOID:4450,renal cell carcinoma,NCI:C9385
DOID:4450,renal cell carcinoma,ORDO:217071
DOID:4450,renal cell carcinoma,SNOMEDCT_US_2023_03_01:254915003
DOID:4450,renal cell carcinoma,UMLS_CUI:C0007134
DOID:4451,renal carcinoma,SNOMEDCT_US_2023_03_01:254915003
DOID:4451,renal carcinoma,NCI:C9384
DOID:4451,renal carcinoma,UMLS_CUI:C1378703
DOID:4454,childhood kidney cell carcinoma,NCI:C6568
DOID:4454,childhood kidney cell carcinoma,UMLS_CUI:C1333001
DOID:4455,hereditary renal cell carcinoma,GARD:9571
DOID:4463,multilocular clear cell renal cell carcinoma,NCI:C4524
DOID:4463,multilocular clear cell renal cell carcinoma,SNOMEDCT_US_2023_03_01:254916002
DOID:4463,multilocular clear cell renal cell carcinoma,UMLS_CUI:C0346249
DOID:4464,collecting duct carcinoma,MESH:D002292
DOID:4464,collecting duct carcinoma,GARD:9573
DOID:4464,collecting duct carcinoma,ICDO:8319/3
DOID:4464,collecting duct carcinoma,NCI:C6194
DOID:4464,collecting duct carcinoma,SNOMEDCT_US_2023_03_01:733470002
DOID:4464,collecting duct carcinoma,UMLS_CUI:C1266044
DOID:4465,papillary renal cell carcinoma,SNOMEDCT_US_2023_03_01:4797003
DOID:4465,papillary renal cell carcinoma,MESH:D002292
DOID:4465,papillary renal cell carcinoma,GARD:9572
DOID:4465,papillary renal cell carcinoma,MESH:C538614
DOID:4465,papillary renal cell carcinoma,MIM:605074
DOID:4465,papillary renal cell carcinoma,NCI:C27890
DOID:4465,papillary renal cell carcinoma,NCI:C6975
DOID:4465,papillary renal cell carcinoma,UMLS_CUI:C1306837
DOID:4465,papillary renal cell carcinoma,UMLS_CUI:C1336078
DOID:4467,clear cell renal cell carcinoma,MESH:D002292
DOID:4467,clear cell renal cell carcinoma,SNOMEDCT_US_2023_03_01:254915003
DOID:4467,clear cell renal cell carcinoma,GARD:9574
DOID:4467,clear cell renal cell carcinoma,NCI:C4033
DOID:4467,clear cell renal cell carcinoma,UMLS_CUI:C0279702
DOID:4468,clear cell adenocarcinoma,ICDO:8310/3
DOID:4468,clear cell adenocarcinoma,MESH:D008649
DOID:4468,clear cell adenocarcinoma,MESH:D018262
DOID:4468,clear cell adenocarcinoma,NCI:C36815
DOID:4468,clear cell adenocarcinoma,NCI:C4072
DOID:4468,clear cell adenocarcinoma,NCI:C4156
DOID:4468,clear cell adenocarcinoma,SNOMEDCT_US_2023_03_01:2221008
DOID:4468,clear cell adenocarcinoma,SNOMEDCT_US_2023_03_01:30546008
DOID:4468,clear cell adenocarcinoma,SNOMEDCT_US_2023_03_01:80727009
DOID:4468,clear cell adenocarcinoma,UMLS_CUI:C0025490
DOID:4468,clear cell adenocarcinoma,UMLS_CUI:C0206681
DOID:4468,clear cell adenocarcinoma,UMLS_CUI:C0334322
DOID:4471,chromophobe renal cell carcinoma,MESH:D002292
DOID:4471,chromophobe renal cell carcinoma,GARD:6064
DOID:4471,chromophobe renal cell carcinoma,NCI:C4146
DOID:4471,chromophobe renal cell carcinoma,SNOMEDCT_US_2023_03_01:128667008
DOID:4471,chromophobe renal cell carcinoma,UMLS_CUI:C1266042
DOID:4472,mucinous tubular and spindle renal cell carcinoma,NCI:C39807
DOID:4472,mucinous tubular and spindle renal cell carcinoma,UMLS_CUI:C1513719
DOID:4473,sarcomatoid renal cell carcinoma,MESH:D002292
DOID:4473,sarcomatoid renal cell carcinoma,NCI:C27893
DOID:4473,sarcomatoid renal cell carcinoma,SNOMEDCT_US_2023_03_01:128668003
DOID:4473,sarcomatoid renal cell carcinoma,UMLS_CUI:C1266043
DOID:4486,malignant biphasic mesothelioma,NCI:C4282
DOID:4486,malignant biphasic mesothelioma,SNOMEDCT_US_2023_03_01:30383009
DOID:4486,malignant biphasic mesothelioma,UMLS_CUI:C0334515
DOID:4488,sarcomatoid mesothelioma,NCI:C45655
DOID:4488,sarcomatoid mesothelioma,SNOMEDCT_US_2023_03_01:54443001
DOID:4488,sarcomatoid mesothelioma,UMLS_CUI:C0334513
DOID:4489,malignant epithelial mesothelioma,NCI:C7985
DOID:4489,malignant epithelial mesothelioma,SNOMEDCT_US_2023_03_01:65278006
DOID:4489,malignant epithelial mesothelioma,UMLS_CUI:C0862312
DOID:4504,central nervous system angiosarcoma,NCI:C5450
DOID:4504,central nervous system angiosarcoma,UMLS_CUI:C1332875
DOID:4505,childhood angiosarcoma,NCI:C9174
DOID:4505,childhood angiosarcoma,UMLS_CUI:C0279988
DOID:4510,aorta angiosarcoma,NCI:C5376
DOID:4510,aorta angiosarcoma,UMLS_CUI:C1332312
DOID:4511,breast angiosarcoma,MESH:C536368
DOID:4511,breast angiosarcoma,NCI:C5184
DOID:4511,breast angiosarcoma,UMLS_CUI:C1332614
DOID:4512,conventional angiosarcoma,NCI:C9426
DOID:4512,conventional angiosarcoma,UMLS_CUI:C1333155
DOID:4513,gallbladder angiosarcoma,NCI:C5840
DOID:4513,gallbladder angiosarcoma,UMLS_CUI:C1333742
DOID:4514,thyroid angiosarcoma,NCI:C6043
DOID:4514,thyroid angiosarcoma,UMLS_CUI:C1336748
DOID:4515,thyroid sarcoma,NCI:C6041
DOID:4515,thyroid sarcoma,UMLS_CUI:C1336756
DOID:4517,skin angiosarcoma,NCI:C4489
DOID:4517,skin angiosarcoma,SNOMEDCT_US_2023_03_01:254794007
DOID:4517,skin angiosarcoma,UMLS_CUI:C0346081
DOID:452,pleomorphic adenoma,ICDO:8940/0
DOID:452,pleomorphic adenoma,MESH:D008949
DOID:452,pleomorphic adenoma,MIM:181030
DOID:452,pleomorphic adenoma,NCI:C35691
DOID:452,pleomorphic adenoma,SNOMEDCT_US_2023_03_01:8360001
DOID:452,pleomorphic adenoma,UMLS_CUI:C0026277
DOID:4520,cervical endometrial stromal sarcoma,NCI:C40220
DOID:4520,cervical endometrial stromal sarcoma,UMLS_CUI:C3642326
DOID:4521,cervix endometrial stromal tumor,NCI:C40218
DOID:4521,cervix endometrial stromal tumor,UMLS_CUI:C4289586
DOID:4522,superior vena cava angiosarcoma,NCI:C5378
DOID:4522,superior vena cava angiosarcoma,UMLS_CUI:C1336530
DOID:4524,prostate angiosarcoma,NCI:C5528
DOID:4524,prostate angiosarcoma,UMLS_CUI:C1335504
DOID:4525,mediastinum angiosarcoma,NCI:C6613
DOID:4525,mediastinum angiosarcoma,UMLS_CUI:C1334649
DOID:4527,ovarian angiosarcoma,NCI:C5232
DOID:4527,ovarian angiosarcoma,UMLS_CUI:C1335152
DOID:4531,mucoepidermoid carcinoma,GARD:10671
DOID:4531,mucoepidermoid carcinoma,ICDO:8430/3
DOID:4531,mucoepidermoid carcinoma,MESH:D018277
DOID:4531,mucoepidermoid carcinoma,NCI:C3772
DOID:4531,mucoepidermoid carcinoma,SNOMEDCT_US_2023_03_01:4079000
DOID:4531,mucoepidermoid carcinoma,UMLS_CUI:C0206694
DOID:4542,basophil adenoma,ICDO:8300/0
DOID:4542,basophil adenoma,MESH:D000237
DOID:4542,basophil adenoma,NCI:C2856
DOID:4542,basophil adenoma,SNOMEDCT_US_2023_03_01:9436005
DOID:4542,basophil adenoma,UMLS_CUI:C0001431
DOID:4545,mesenchymal chondrosarcoma,ICDO:9240/3
DOID:4545,mesenchymal chondrosarcoma,MESH:D018211
DOID:4545,mesenchymal chondrosarcoma,NCI:C3737
DOID:4545,mesenchymal chondrosarcoma,SNOMEDCT_US_2023_03_01:56565002
DOID:4545,mesenchymal chondrosarcoma,UMLS_CUI:C0206637
DOID:4546,childhood mesenchymal chondrosarcoma,NCI:C27374
DOID:4546,childhood mesenchymal chondrosarcoma,UMLS_CUI:C1332982
DOID:4547,adult mesenchymal chondrosarcoma,NCI:C27375
DOID:4547,adult mesenchymal chondrosarcoma,UMLS_CUI:C1332207
DOID:4548,extraskeletal mesenchymal chondrosarcoma,NCI:C27481
DOID:4548,extraskeletal mesenchymal chondrosarcoma,SNOMEDCT_US_2023_03_01:404080006
DOID:4548,extraskeletal mesenchymal chondrosarcoma,UMLS_CUI:C1275279
DOID:4549,extraskeletal myxoid chondrosarcoma,ICDO:9231/3
DOID:4549,extraskeletal myxoid chondrosarcoma,MESH:C563195
DOID:4549,extraskeletal myxoid chondrosarcoma,MIM:612237
DOID:4549,extraskeletal myxoid chondrosarcoma,NCI:C27502
DOID:4549,extraskeletal myxoid chondrosarcoma,SNOMEDCT_US_2023_03_01:404079008
DOID:4549,extraskeletal myxoid chondrosarcoma,UMLS_CUI:C1275278
DOID:4550,anal gland neoplasm,MESH:D000694
DOID:4550,anal gland neoplasm,UMLS_CUI:C0002757
DOID:4551,anus benign neoplasm,MESH:D001005
DOID:4551,anus benign neoplasm,NCI:C2877
DOID:4551,anus benign neoplasm,SNOMEDCT_US_2023_03_01:126849006
DOID:4551,anus benign neoplasm,UMLS_CUI:C0003463
DOID:4552,large cell carcinoma,ICDO:8012/3
DOID:4552,large cell carcinoma,MESH:D018287
DOID:4552,large cell carcinoma,NCI:C3780
DOID:4552,large cell carcinoma,SNOMEDCT_US_2023_03_01:22687000
DOID:4552,large cell carcinoma,UMLS_CUI:C0206704
DOID:4553,thymus large cell carcinoma,NCI:C6461
DOID:4553,thymus large cell carcinoma,UMLS_CUI:C1334364
DOID:4554,type C thymoma,NCI:C7612
DOID:4554,type C thymoma,SNOMEDCT_US_2023_03_01:15949004
DOID:4554,type C thymoma,UMLS_CUI:C1322286
DOID:4555,ovarian large-cell neuroendocrine carcinoma,NCI:C5238
DOID:4555,ovarian large-cell neuroendocrine carcinoma,UMLS_CUI:C1335174
DOID:4556,lung large cell carcinoma,NCI:C4450
DOID:4556,lung large cell carcinoma,SNOMEDCT_US_2023_03_01:254629004
DOID:4556,lung large cell carcinoma,UMLS_CUI:C0345958
DOID:4584,choroid plexus meningioma,NCI:C4719
DOID:4584,choroid plexus meningioma,SNOMEDCT_US_2023_03_01:253082002
DOID:4584,choroid plexus meningioma,UMLS_CUI:C0431118
DOID:4586,familial meningioma,MESH:C537443
DOID:4586,familial meningioma,NCI:C5301
DOID:4586,familial meningioma,UMLS_CUI:C1333989
DOID:4587,benign meningioma,MESH:D008579
DOID:4587,benign meningioma,NCI:C4055
DOID:4587,benign meningioma,SNOMEDCT_US_2023_03_01:1157019008
DOID:4587,benign meningioma,UMLS_CUI:C0281784
DOID:4588,secretory meningioma,MESH:D008579
DOID:4588,secretory meningioma,NCI:C4718
DOID:4588,secretory meningioma,SNOMEDCT_US_2023_03_01:253081009
DOID:4588,secretory meningioma,UMLS_CUI:C1384406
DOID:4591,lymphoplasmacyte-rich meningioma,NCI:C4720
DOID:4591,lymphoplasmacyte-rich meningioma,SNOMEDCT_US_2023_03_01:19453003
DOID:4591,lymphoplasmacyte-rich meningioma,UMLS_CUI:C0431119
DOID:4593,childhood meningioma,NCI:C8264
DOID:4593,childhood meningioma,UMLS_CUI:C0280656
DOID:4594,microcystic meningioma,MESH:D008579
DOID:4594,microcystic meningioma,NCI:C4721
DOID:4594,microcystic meningioma,SNOMEDCT_US_2023_03_01:253084001
DOID:4594,microcystic meningioma,UMLS_CUI:C1384408
DOID:4606,bile duct cancer,ICD10CM:C24.0
DOID:4606,bile duct cancer,ICD9CM:156.1
DOID:4606,bile duct cancer,MESH:D001650
DOID:4606,bile duct cancer,NCI:C2898
DOID:4606,bile duct cancer,NCI:C7483
DOID:4606,bile duct cancer,SNOMEDCT_US_2023_03_01:93790004
DOID:4606,bile duct cancer,UMLS_CUI:C0005396
DOID:4606,bile duct cancer,UMLS_CUI:C0153453
DOID:4607,biliary tract cancer,GARD:5924
DOID:4607,biliary tract cancer,GARD:9304
DOID:4607,biliary tract cancer,ICD10CM:C24.9
DOID:4607,biliary tract cancer,ICD9CM:156.9
DOID:4607,biliary tract cancer,MESH:D001661
DOID:4607,biliary tract cancer,SNOMEDCT_US_2023_03_01:126853008
DOID:4607,biliary tract cancer,SNOMEDCT_US_2023_03_01:93688006
DOID:4607,biliary tract cancer,UMLS_CUI:C0005426
DOID:4607,biliary tract cancer,UMLS_CUI:C0750952
DOID:4608,common bile duct neoplasm,MESH:D003138
DOID:4608,common bile duct neoplasm,SNOMEDCT_US_2023_03_01:126857009
DOID:4608,common bile duct neoplasm,UMLS_CUI:C0009442
DOID:461,muscle benign neoplasm,MESH:D019042
DOID:461,muscle benign neoplasm,MESH:D009379
DOID:461,muscle benign neoplasm,NCI:C4063
DOID:461,muscle benign neoplasm,SNOMEDCT_US_2023_03_01:115228006
DOID:461,muscle benign neoplasm,UMLS_CUI:C0027664
DOID:461,muscle benign neoplasm,UMLS_CUI:C0282606
DOID:4610,intestinal benign neoplasm,MESH:D007414
DOID:4610,intestinal benign neoplasm,NCI:C3141
DOID:4610,intestinal benign neoplasm,SNOMEDCT_US_2023_03_01:126769007
DOID:4610,intestinal benign neoplasm,UMLS_CUI:C0021841
DOID:4618,maxillary cancer,MESH:D008441
DOID:4618,maxillary cancer,SNOMEDCT_US_2023_03_01:126550004
DOID:4618,maxillary cancer,UMLS_CUI:C0024954
DOID:4630,inverted transitional papilloma,SNOMEDCT_US_2023_03_01:46580000
DOID:4630,inverted transitional papilloma,UMLS_CUI:C0334269
DOID:4633,nasal cavity inverting papilloma,NCI:C8194
DOID:4633,nasal cavity inverting papilloma,UMLS_CUI:C0280336
DOID:4645,retinal cancer,ICD10CM:C69.2
DOID:4645,retinal cancer,ICD9CM:190.5
DOID:4645,retinal cancer,MESH:D019572
DOID:4645,retinal cancer,NCI:C3216
DOID:4645,retinal cancer,NCI:C4800
DOID:4645,retinal cancer,SNOMEDCT_US_2023_03_01:127002001
DOID:4645,retinal cancer,SNOMEDCT_US_2023_03_01:93987004
DOID:4645,retinal cancer,UMLS_CUI:C0024622
DOID:4645,retinal cancer,UMLS_CUI:C0524801
DOID:4648,familial retinoblastoma,MESH:D012175
DOID:4648,familial retinoblastoma,NCI:C8495
DOID:4648,familial retinoblastoma,UMLS_CUI:C0751483
DOID:4650,bilateral retinoblastoma,NCI:C8713
DOID:4650,bilateral retinoblastoma,UMLS_CUI:C0854914
DOID:4651,unilateral retinoblastoma,NCI:C8714
DOID:4651,unilateral retinoblastoma,UMLS_CUI:C0854915
DOID:4653,intraocular retinoblastoma,NCI:C7846
DOID:4653,intraocular retinoblastoma,UMLS_CUI:C0278717
DOID:4656,extraocular retinoblastoma,NCI:C7848
DOID:4656,extraocular retinoblastoma,UMLS_CUI:C0278719
DOID:4658,benign mastocytoma,ICD10CM:D47.09
DOID:4658,benign mastocytoma,NCI:C9303
DOID:4658,benign mastocytoma,SNOMEDCT_US_2023_03_01:134333006
DOID:4658,benign mastocytoma,UMLS_CUI:C0024897
DOID:4659,extracutaneous mastocytoma,ICD10CM:D47.09
DOID:4659,extracutaneous mastocytoma,MESH:D034801
DOID:4659,extracutaneous mastocytoma,NCI:C7136
DOID:4659,extracutaneous mastocytoma,SNOMEDCT_US_2023_03_01:63175003
DOID:4659,extracutaneous mastocytoma,UMLS_CUI:C0272202
DOID:467,venous hemangioma,ICDO:9122/0
DOID:467,venous hemangioma,NCI:C4296
DOID:467,venous hemangioma,SNOMEDCT_US_2023_03_01:56468002
DOID:467,venous hemangioma,UMLS_CUI:C0334532
DOID:4678,thymus mucoepidermoid carcinoma,NCI:C6457
DOID:4678,thymus mucoepidermoid carcinoma,UMLS_CUI:C1334814
DOID:4679,breast mucoepidermoid carcinoma,NCI:C5166
DOID:4679,breast mucoepidermoid carcinoma,UMLS_CUI:C1334813
DOID:468,intramuscular hemangioma,MESH:D006391
DOID:468,intramuscular hemangioma,ICDO:9132/0
DOID:468,intramuscular hemangioma,NCI:C3699
DOID:468,intramuscular hemangioma,SNOMEDCT_US_2023_03_01:54249004
DOID:468,intramuscular hemangioma,UMLS_CUI:C0205789
DOID:4680,breast metaplastic carcinoma,GARD:10804
DOID:4680,breast metaplastic carcinoma,ICDO:8575/3
DOID:4680,breast metaplastic carcinoma,NCI:C5164
DOID:4680,breast metaplastic carcinoma,SNOMEDCT_US_2023_03_01:763479005
DOID:4680,breast metaplastic carcinoma,UMLS_CUI:C1334708
DOID:4681,bile duct mucoepidermoid carcinoma,NCI:C5862
DOID:4681,bile duct mucoepidermoid carcinoma,UMLS_CUI:C1332552
DOID:4682,extrahepatic bile duct carcinoma,NCI:C3860
DOID:4682,extrahepatic bile duct carcinoma,SNOMEDCT_US_2023_03_01:372101000
DOID:4682,extrahepatic bile duct carcinoma,UMLS_CUI:C0238019
DOID:4683,cutaneous mucoepidermoid carcinoma,NCI:C4472
DOID:4683,cutaneous mucoepidermoid carcinoma,SNOMEDCT_US_2023_03_01:254713002
DOID:4683,cutaneous mucoepidermoid carcinoma,UMLS_CUI:C0346019
DOID:4685,lacrimal gland mucoepidermoid carcinoma,NCI:C6091
DOID:4685,lacrimal gland mucoepidermoid carcinoma,UMLS_CUI:C1334359
DOID:4686,mucoepidermoid esophageal carcinoma,NCI:C5343
DOID:4686,mucoepidermoid esophageal carcinoma,UMLS_CUI:C1333461
DOID:4687,thyroid gland mucoepidermoid carcinoma,NCI:C38762
DOID:4687,thyroid gland mucoepidermoid carcinoma,UMLS_CUI:C1513721
DOID:4688,laryngeal mucoepidermoid carcinoma,NCI:C9463
DOID:4688,laryngeal mucoepidermoid carcinoma,UMLS_CUI:C1334373
DOID:469,deep angioma,NCI:C6555
DOID:469,deep angioma,UMLS_CUI:C1333265
DOID:4690,childhood mediastinal neurogenic tumor,NCI:C5429
DOID:4690,childhood mediastinal neurogenic tumor,UMLS_CUI:C1332981
DOID:4691,malignant mediastinal neurogenic neoplasm,NCI:C6624
DOID:4691,malignant mediastinal neurogenic neoplasm,UMLS_CUI:C1334672
DOID:4693,nerve plexus neoplasm,NCI:C5822
DOID:4693,nerve plexus neoplasm,UMLS_CUI:C1334945
DOID:4696,intraneural perineurioma,GARD:10921
DOID:4696,intraneural perineurioma,NCI:C6911
DOID:4696,intraneural perineurioma,SNOMEDCT_US_2023_03_01:768934004
DOID:4696,intraneural perineurioma,UMLS_CUI:C1370658
DOID:4697,perineurioma,MESH:D018317
DOID:4697,perineurioma,GARD:12698
DOID:4697,perineurioma,ICDO:9571/0
DOID:4697,perineurioma,NCI:C4973
DOID:4697,perineurioma,NCI:C6912
DOID:4697,perineurioma,SNOMEDCT_US_2023_03_01:128795001
DOID:4697,perineurioma,SNOMEDCT_US_2023_03_01:404036006
DOID:4697,perineurioma,UMLS_CUI:C0751691
DOID:4697,perineurioma,UMLS_CUI:C1370657
DOID:4698,nerve root neoplasm,NCI:C5119
DOID:4698,nerve root neoplasm,UMLS_CUI:C1334946
DOID:4699,epicardium cancer,NCI:C5347
DOID:4699,epicardium cancer,SNOMEDCT_US_2023_03_01:126733004
DOID:4699,epicardium cancer,SNOMEDCT_US_2023_03_01:93782004
DOID:4699,epicardium cancer,UMLS_CUI:C0346610
DOID:4699,epicardium cancer,UMLS_CUI:C1290403
DOID:470,verrucous keratotic hemangioma,ICDO:9142/0
DOID:470,verrucous keratotic hemangioma,NCI:C4299
DOID:470,verrucous keratotic hemangioma,SNOMEDCT_US_2023_03_01:20985003
DOID:470,verrucous keratotic hemangioma,UMLS_CUI:C0334540
DOID:4706,infratentorial cancer,ICD10CM:C71.7
DOID:4706,infratentorial cancer,MESH:D015192
DOID:4706,infratentorial cancer,NCI:C3139
DOID:4706,infratentorial cancer,NCI:C4966
DOID:4706,infratentorial cancer,UMLS_CUI:C0021432
DOID:4706,infratentorial cancer,UMLS_CUI:C0751593
DOID:4707,cervicomedullary junction neoplasm,NCI:C5423
DOID:4707,cervicomedullary junction neoplasm,UMLS_CUI:C1332923
DOID:4708,foramen magnum meningioma,NCI:C5280
DOID:4708,foramen magnum meningioma,UMLS_CUI:C1333630
DOID:471,skin hemangioma,NCI:C4905
DOID:471,skin hemangioma,SNOMEDCT_US_2023_03_01:254773009
DOID:471,skin hemangioma,UMLS_CUI:C0687140
DOID:4715,gastric neuroendocrine neoplasm,NCI:C5696
DOID:4715,gastric neuroendocrine neoplasm,SNOMEDCT_US_2023_03_01:721194008
DOID:4715,gastric neuroendocrine neoplasm,UMLS_CUI:C1333783
DOID:4716,malignant gastric germ cell tumor,NCI:C6448
DOID:4716,malignant gastric germ cell tumor,UMLS_CUI:C1333769
DOID:4717,extragonadal germ cell cancer,NCI:C3918
DOID:4717,extragonadal germ cell cancer,NCI:C8881
DOID:4717,extragonadal germ cell cancer,UMLS_CUI:C0262963
DOID:4717,extragonadal germ cell cancer,UMLS_CUI:C1334581
DOID:4719,bone giant cell sarcoma,NCI:C4304
DOID:4719,bone giant cell sarcoma,SNOMEDCT_US_2023_03_01:10069009
DOID:4719,bone giant cell sarcoma,UMLS_CUI:C0334552
DOID:472,subglottic angioma,NCI:C6026
DOID:472,subglottic angioma,UMLS_CUI:C1336518
DOID:4739,testicular Brenner tumor,NCI:C39953
DOID:4739,testicular Brenner tumor,UMLS_CUI:C1515281
DOID:474,histiocytoid hemangioma,MESH:D006391
DOID:474,histiocytoid hemangioma,NCI:C4298
DOID:474,histiocytoid hemangioma,SNOMEDCT_US_2023_03_01:253054009
DOID:474,histiocytoid hemangioma,UMLS_CUI:C0205788
DOID:4743,mixed testicular germ cell tumor,NCI:C6347
DOID:4743,mixed testicular germ cell tumor,UMLS_CUI:C1336720
DOID:4749,middle cranial fossa meningioma,NCI:C5586
DOID:4749,middle cranial fossa meningioma,UMLS_CUI:C1334757
DOID:4756,testicular Leydig cell tumor,NCI:C39942
DOID:4756,testicular Leydig cell tumor,NCI:C6356
DOID:4756,testicular Leydig cell tumor,SNOMEDCT_US_2023_03_01:67871000119105
DOID:4756,testicular Leydig cell tumor,UMLS_CUI:C0863027
DOID:4756,testicular Leydig cell tumor,UMLS_CUI:C1515288
DOID:4757,testicular sex cord-stromal neoplasm,NCI:C39948
DOID:4757,testicular sex cord-stromal neoplasm,UMLS_CUI:C1515289
DOID:476,breast hemangioma,NCI:C5353
DOID:476,breast hemangioma,UMLS_CUI:C0853715
DOID:4765,pulmonary blastoma,ICDO:8972/3
DOID:4765,pulmonary blastoma,MESH:D018202
DOID:4765,pulmonary blastoma,NCI:C3732
DOID:4765,pulmonary blastoma,SNOMEDCT_US_2023_03_01:189815007
DOID:4765,pulmonary blastoma,UMLS_CUI:C0206629
DOID:4766,embryoma,NCI:C8997
DOID:4766,embryoma,SNOMEDCT_US_2023_03_01:86049000
DOID:4766,embryoma,UMLS_CUI:C0936282
DOID:4767,classic pulmonary blastoma,NCI:C36054
DOID:4767,classic pulmonary blastoma,UMLS_CUI:C1332556
DOID:4768,epithelial predominant pulmonary blastoma,NCI:C36053
DOID:4768,epithelial predominant pulmonary blastoma,UMLS_CUI:C1333420
DOID:4769,pleuropulmonary blastoma,GARD:8757
DOID:4769,pleuropulmonary blastoma,ICDO:8973/3
DOID:4769,pleuropulmonary blastoma,MESH:C537516
DOID:4769,pleuropulmonary blastoma,NCI:C5669
DOID:4769,pleuropulmonary blastoma,ORDO:64742
DOID:4769,pleuropulmonary blastoma,SNOMEDCT_US_2023_03_01:707670009
DOID:4769,pleuropulmonary blastoma,UMLS_CUI:C1266144
DOID:4773,congenital mesoblastic nephroma,GARD:1493
DOID:4773,congenital mesoblastic nephroma,MESH:D018201
DOID:4773,congenital mesoblastic nephroma,NCI:C6569
DOID:4773,congenital mesoblastic nephroma,UMLS_CUI:C1332965
DOID:4787,cerebellopontine angle primitive neuroectodermal tumor,NCI:C5436
DOID:4787,cerebellopontine angle primitive neuroectodermal tumor,UMLS_CUI:C1332904
DOID:4788,intracranial primitive neuroectodermal tumor,NCI:C5817
DOID:4788,intracranial primitive neuroectodermal tumor,UMLS_CUI:C1334246
DOID:479,angiokeratoma,ICDO:9141/0
DOID:479,angiokeratoma,MESH:D000794
DOID:479,angiokeratoma,NCI:C2874
DOID:479,angiokeratoma,NCI:C4488
DOID:479,angiokeratoma,SNOMEDCT_US_2023_03_01:254788004
DOID:479,angiokeratoma,SNOMEDCT_US_2023_03_01:26810009
DOID:479,angiokeratoma,UMLS_CUI:C0002985
DOID:479,angiokeratoma,UMLS_CUI:C0346075
DOID:4790,medulloepithelioma,MESH:D018242
DOID:4790,medulloepithelioma,ICDO:9501/3
DOID:4790,medulloepithelioma,NCI:C66808
DOID:4790,medulloepithelioma,SNOMEDCT_US_2023_03_01:715903004
DOID:4790,medulloepithelioma,UMLS_CUI:C0334596
DOID:4791,supratentorial primitive neuroectodermal tumor,GARD:7366
DOID:4791,supratentorial primitive neuroectodermal tumor,NCI:C6968
DOID:4791,supratentorial primitive neuroectodermal tumor,SNOMEDCT_US_2023_03_01:699318007
DOID:4791,supratentorial primitive neuroectodermal tumor,UMLS_CUI:C1336538
DOID:4812,adult brainstem gliosarcoma,NCI:C9370
DOID:4812,adult brainstem gliosarcoma,UMLS_CUI:C1377914
DOID:4813,adult brain stem glioma,NCI:C9091
DOID:4813,adult brain stem glioma,UMLS_CUI:C0278873
DOID:4817,ganglioneuroma,MESH:D005729
DOID:4817,ganglioneuroma,ICDO:9490/0
DOID:4817,ganglioneuroma,NCI:C3049
DOID:4817,ganglioneuroma,NCI:C42065
DOID:4817,ganglioneuroma,SNOMEDCT_US_2023_03_01:189929007
DOID:4817,ganglioneuroma,UMLS_CUI:C0017075
DOID:4817,ganglioneuroma,UMLS_CUI:C1513025
DOID:482,hemangioma of peripheral nerve,NCI:C27507
DOID:482,hemangioma of peripheral nerve,UMLS_CUI:C1333956
DOID:4829,adenosquamous lung carcinoma,NCI:C9133
DOID:4829,adenosquamous lung carcinoma,SNOMEDCT_US_2023_03_01:1260042002
DOID:4829,adenosquamous lung carcinoma,UMLS_CUI:C0279557
DOID:4830,adenosquamous carcinoma,ICDO:8560/3
DOID:4830,adenosquamous carcinoma,MESH:D018196
DOID:4830,adenosquamous carcinoma,NCI:C3727
DOID:4830,adenosquamous carcinoma,SNOMEDCT_US_2023_03_01:403902008
DOID:4830,adenosquamous carcinoma,UMLS_CUI:C0206623
DOID:4838,myoepithelial carcinoma,GARD:10558
DOID:4838,myoepithelial carcinoma,ICDO:8982/3
DOID:4838,myoepithelial carcinoma,NCI:C7596
DOID:4838,myoepithelial carcinoma,SNOMEDCT_US_2023_03_01:24292006
DOID:4838,myoepithelial carcinoma,UMLS_CUI:C0334699
DOID:4839,sebaceous adenocarcinoma,MESH:D018266
DOID:4839,sebaceous adenocarcinoma,NCI:C40310
DOID:4839,sebaceous adenocarcinoma,SNOMEDCT_US_2023_03_01:54734006
DOID:4839,sebaceous adenocarcinoma,UMLS_CUI:C0206684
DOID:4840,sebaceous carcinoma,ICD10CM:C44
DOID:4840,sebaceous carcinoma,SNOMEDCT_US_2023_03_01:188083002
DOID:4840,sebaceous carcinoma,ICDO:8410/3
DOID:4840,sebaceous carcinoma,NCI:C8409
DOID:4840,sebaceous carcinoma,UMLS_CUI:C1382026
DOID:4843,subependymal glioma,ICDO:9383/1
DOID:4843,subependymal glioma,MESH:D018315
DOID:4843,subependymal glioma,NCI:C3795
DOID:4843,subependymal glioma,SNOMEDCT_US_2023_03_01:4553004
DOID:4843,subependymal glioma,UMLS_CUI:C0206725
DOID:4844,benign ependymoma,MESH:D004806
DOID:4844,benign ependymoma,NCI:C3017
DOID:4844,benign ependymoma,SNOMEDCT_US_2023_03_01:443643007
DOID:4844,benign ependymoma,UMLS_CUI:C0014474
DOID:4845,pilomyxoid astrocytoma,ICDO:9425/3
DOID:4845,pilomyxoid astrocytoma,NCI:C40315
DOID:4845,pilomyxoid astrocytoma,SNOMEDCT_US_2023_03_01:388600004
DOID:4845,pilomyxoid astrocytoma,UMLS_CUI:C1519086
DOID:4846,cauda equina intradural extramedullary astrocytoma,NCI:C5408
DOID:4846,cauda equina intradural extramedullary astrocytoma,UMLS_CUI:C1334254
DOID:4847,cauda equina neoplasm,NCI:C5479
DOID:4847,cauda equina neoplasm,SNOMEDCT_US_2023_03_01:126963001
DOID:4847,cauda equina neoplasm,UMLS_CUI:C1263892
DOID:4848,cerebellar astrocytoma,NCI:C9475
DOID:4848,cerebellar astrocytoma,UMLS_CUI:C0740480
DOID:4851,pilocytic astrocytoma,ICDO:9421/1
DOID:4851,pilocytic astrocytoma,MESH:D001254
DOID:4851,pilocytic astrocytoma,GARD:9808
DOID:4851,pilocytic astrocytoma,NCI:C4047
DOID:4851,pilocytic astrocytoma,SNOMEDCT_US_2023_03_01:67859002
DOID:4851,pilocytic astrocytoma,UMLS_CUI:C0334583
DOID:4852,pleomorphic xanthoastrocytoma,ICDO:9424/3
DOID:4852,pleomorphic xanthoastrocytoma,NCI:C4323
DOID:4852,pleomorphic xanthoastrocytoma,SNOMEDCT_US_2023_03_01:189924002
DOID:4852,pleomorphic xanthoastrocytoma,UMLS_CUI:C0334586
DOID:4853,pilocytic astrocytoma of cerebellum,NCI:C6809
DOID:4853,pilocytic astrocytoma of cerebellum,SNOMEDCT_US_2023_03_01:277507004
DOID:4853,pilocytic astrocytoma of cerebellum,UMLS_CUI:C0349620
DOID:4855,diencephalic astrocytoma,NCI:C5128
DOID:4855,diencephalic astrocytoma,UMLS_CUI:C1333284
DOID:4856,gliofibroma,ICDO:9442/1
DOID:4856,gliofibroma,NCI:C5419
DOID:4856,gliofibroma,SNOMEDCT_US_2023_03_01:128909006
DOID:4856,gliofibroma,UMLS_CUI:C1266178
DOID:4857,diffuse astrocytoma,NCI:C7173
DOID:4858,pineal gland astrocytoma,NCI:C8274
DOID:4858,pineal gland astrocytoma,UMLS_CUI:C0280795
DOID:486,glomeruloid hemangioma,NCI:C27505
DOID:486,glomeruloid hemangioma,SNOMEDCT_US_2023_03_01:403976007
DOID:486,glomeruloid hemangioma,UMLS_CUI:C1304511
DOID:4860,brain stem astrocytic neoplasm,NCI:C7445
DOID:4860,brain stem astrocytic neoplasm,SNOMEDCT_US_2023_03_01:107581000119103
DOID:4860,brain stem astrocytic neoplasm,UMLS_CUI:C1332608
DOID:4863,spinal cord astrocytoma,NCI:C4641
DOID:4863,spinal cord astrocytoma,SNOMEDCT_US_2023_03_01:254948003
DOID:4863,spinal cord astrocytoma,UMLS_CUI:C0349540
DOID:4866,salivary gland adenoid cystic carcinoma,MESH:D003528
DOID:4866,salivary gland adenoid cystic carcinoma,NCI:C2970
DOID:4866,salivary gland adenoid cystic carcinoma,SNOMEDCT_US_2023_03_01:11671000
DOID:4866,salivary gland adenoid cystic carcinoma,UMLS_CUI:C0010606
DOID:4867,cervical adenoid cystic carcinoma,NCI:C6346
DOID:4867,cervical adenoid cystic carcinoma,SNOMEDCT_US_2023_03_01:763064007
DOID:4867,cervical adenoid cystic carcinoma,UMLS_CUI:C1332911
DOID:4868,prostate adenoid cystic carcinoma,NCI:C5539
DOID:4868,prostate adenoid cystic carcinoma,UMLS_CUI:C1335502
DOID:4869,laryngeal adenoid cystic carcinoma,NCI:C9462
DOID:4869,laryngeal adenoid cystic carcinoma,UMLS_CUI:C1334368
DOID:4870,lacrimal gland adenoid cystic carcinoma,NCI:C4540
DOID:4870,lacrimal gland adenoid cystic carcinoma,SNOMEDCT_US_2023_03_01:254987003
DOID:4870,lacrimal gland adenoid cystic carcinoma,UMLS_CUI:C0346340
DOID:4871,cutaneous adenocystic carcinoma,SNOMEDCT_US_2023_03_01:399968001
DOID:4871,cutaneous adenocystic carcinoma,UMLS_CUI:C0346017
DOID:4872,lung adenoid cystic carcinoma,NCI:C5666
DOID:4872,lung adenoid cystic carcinoma,SNOMEDCT_US_2023_03_01:1260019009
DOID:4872,lung adenoid cystic carcinoma,UMLS_CUI:C1334439
DOID:4875,trachea adenoid cystic carcinoma,NCI:C6051
DOID:4875,trachea adenoid cystic carcinoma,SNOMEDCT_US_2023_03_01:254619006
DOID:4875,trachea adenoid cystic carcinoma,UMLS_CUI:C0345945
DOID:4876,trachea carcinoma,SNOMEDCT_US_2023_03_01:154486000
DOID:4876,trachea carcinoma,UMLS_CUI:C0848879
DOID:4877,breast adenoid cystic carcinoma,NCI:C5130
DOID:4877,breast adenoid cystic carcinoma,UMLS_CUI:C1332167
DOID:4878,esophageal adenoid cystic carcinoma,NCI:C5342
DOID:4878,esophageal adenoid cystic carcinoma,UMLS_CUI:C1333441
DOID:4879,Bartholin's gland adenoid cystic carcinoma,NCI:C40295
DOID:4879,Bartholin's gland adenoid cystic carcinoma,UMLS_CUI:C1511047
DOID:4880,kidney clear cell sarcoma,NCI:C4264
DOID:4880,kidney clear cell sarcoma,ORDO:457246
DOID:4880,kidney clear cell sarcoma,SNOMEDCT_US_2023_03_01:24007003
DOID:4880,kidney clear cell sarcoma,UMLS_CUI:C0334488
DOID:4892,middle ear adenocarcinoma,NCI:C6848
DOID:4892,middle ear adenocarcinoma,UMLS_CUI:C1334758
DOID:4893,middle ear carcinoma,NCI:C6089
DOID:4893,middle ear carcinoma,UMLS_CUI:C1334760
DOID:4894,rete ovarii adenocarcinoma,NCI:C40017
DOID:4894,rete ovarii adenocarcinoma,SNOMEDCT_US_2023_03_01:703655009
DOID:4894,rete ovarii adenocarcinoma,UMLS_CUI:C3840223
DOID:4895,rete ovarii benign neoplasm,NCI:C40016
DOID:4895,rete ovarii benign neoplasm,UMLS_CUI:C1514909
DOID:4896,bile duct adenocarcinoma,NCI:C27813
DOID:4896,bile duct adenocarcinoma,SNOMEDCT_US_2023_03_01:70179006
DOID:4896,bile duct adenocarcinoma,UMLS_CUI:C1370800
DOID:4897,bile duct carcinoma,MESH:D001650
DOID:4897,bile duct carcinoma,SNOMEDCT_US_2023_03_01:70179006
DOID:4897,bile duct carcinoma,NCI:C27814
DOID:4897,bile duct carcinoma,UMLS_CUI:C0740277
DOID:4901,peritoneal serous adenocarcinoma,NCI:C40023
DOID:4901,peritoneal serous adenocarcinoma,UMLS_CUI:C1514429
DOID:4902,appendix carcinoma,NCI:C9330
DOID:4902,appendix carcinoma,SNOMEDCT_US_2023_03_01:269541000
DOID:4902,appendix carcinoma,UMLS_CUI:C0728951
DOID:4903,granular cell carcinoma,MESH:D000230
DOID:4903,granular cell carcinoma,ICDO:8320/3
DOID:4903,granular cell carcinoma,NCI:C3681
DOID:4903,granular cell carcinoma,SNOMEDCT_US_2023_03_01:69028005
DOID:4903,granular cell carcinoma,UMLS_CUI:C0205644
DOID:4905,pancreatic carcinoma,EFO:0002618
DOID:4905,pancreatic carcinoma,MIM:260350
DOID:4905,pancreatic carcinoma,NCI:C3850
DOID:4905,pancreatic carcinoma,SNOMEDCT_US_2023_03_01:154475002
DOID:4905,pancreatic carcinoma,UMLS_CUI:C0235974
DOID:4906,small intestine adenocarcinoma,GARD:13090
DOID:4906,small intestine adenocarcinoma,NCI:C7888
DOID:4906,small intestine adenocarcinoma,SNOMEDCT_US_2023_03_01:424440001
DOID:4906,small intestine adenocarcinoma,UMLS_CUI:C0278803
DOID:4907,small intestine carcinoma,NCI:C7724
DOID:4907,small intestine carcinoma,UMLS_CUI:C0238196
DOID:4908,anal carcinoma,MESH:D001005
DOID:4908,anal carcinoma,NCI:C9291
DOID:4908,anal carcinoma,SNOMEDCT_US_2023_03_01:187762000
DOID:4908,anal carcinoma,UMLS_CUI:C0279637
DOID:4910,urethra adenocarcinoma,NCI:C6167
DOID:4910,urethra adenocarcinoma,UMLS_CUI:C1336885
DOID:4914,esophagus adenocarcinoma,MESH:C562730
DOID:4914,esophagus adenocarcinoma,NCI:C4025
DOID:4914,esophagus adenocarcinoma,SNOMEDCT_US_2023_03_01:276803003
DOID:4914,esophagus adenocarcinoma,UMLS_CUI:C0279628
DOID:4915,basophilic adenocarcinoma,NCI:C4150
DOID:4915,basophilic adenocarcinoma,SNOMEDCT_US_2023_03_01:47107000
DOID:4915,basophilic adenocarcinoma,UMLS_CUI:C0334314
DOID:4916,pituitary carcinoma,MESH:D010911
DOID:4916,pituitary carcinoma,ICDO:8272/3
DOID:4916,pituitary carcinoma,NCI:C4536
DOID:4916,pituitary carcinoma,SNOMEDCT_US_2023_03_01:128665000
DOID:4916,pituitary carcinoma,UMLS_CUI:C0346300
DOID:4917,villous adenocarcinoma,ICDO:8262/3
DOID:4917,villous adenocarcinoma,NCI:C4142
DOID:4917,villous adenocarcinoma,SNOMEDCT_US_2023_03_01:28558000
DOID:4917,villous adenocarcinoma,UMLS_CUI:C0334306
DOID:4918,renal pelvis adenocarcinoma,NCI:C6143
DOID:4918,renal pelvis adenocarcinoma,UMLS_CUI:C1335748
DOID:4919,renal pelvis carcinoma,ICD10CM:C65
DOID:4919,renal pelvis carcinoma,ICD9CM:189.1
DOID:4919,renal pelvis carcinoma,NCI:C6142
DOID:4919,renal pelvis carcinoma,NCI:C7525
DOID:4919,renal pelvis carcinoma,SNOMEDCT_US_2023_03_01:363457009
DOID:4919,renal pelvis carcinoma,UMLS_CUI:C0153618
DOID:4919,renal pelvis carcinoma,UMLS_CUI:C1335749
DOID:492,acquired hemangioma,NCI:C27018
DOID:492,acquired hemangioma,UMLS_CUI:C0856897
DOID:4920,eccrine adenocarcinoma,ICDO:8413/3
DOID:4920,eccrine adenocarcinoma,SNOMEDCT_US_2023_03_01:128686000
DOID:4920,eccrine adenocarcinoma,UMLS_CUI:C1266066
DOID:4921,eccrine sweat gland cancer,NCI:C5559
DOID:4921,eccrine sweat gland cancer,UMLS_CUI:C1334577
DOID:4922,breast secretory carcinoma,MESH:C537535
DOID:4922,breast secretory carcinoma,NCI:C4189
DOID:4922,breast secretory carcinoma,SNOMEDCT_US_2023_03_01:41919003
DOID:4922,breast secretory carcinoma,UMLS_CUI:C0334371
DOID:4923,thymus adenocarcinoma,NCI:C6459
DOID:4923,thymus adenocarcinoma,UMLS_CUI:C1336743
DOID:4926,bronchiolo-alveolar adenocarcinoma,MESH:D002282
DOID:4926,bronchiolo-alveolar adenocarcinoma,NCI:C2923
DOID:4926,bronchiolo-alveolar adenocarcinoma,SNOMEDCT_US_2023_03_01:307595008
DOID:4926,bronchiolo-alveolar adenocarcinoma,UMLS_CUI:C0007120
DOID:4927,Klatskin's tumor,GARD:10175
DOID:4927,Klatskin's tumor,MESH:D018285
DOID:4927,Klatskin's tumor,NCI:C36077
DOID:4927,Klatskin's tumor,SNOMEDCT_US_2023_03_01:253017000
DOID:4927,Klatskin's tumor,UMLS_CUI:C0206702
DOID:4928,intrahepatic cholangiocarcinoma,GARD:6042
DOID:4928,intrahepatic cholangiocarcinoma,ICD10CM:C22.1
DOID:4928,intrahepatic cholangiocarcinoma,MESH:D018281
DOID:4928,intrahepatic cholangiocarcinoma,NCI:C35417
DOID:4928,intrahepatic cholangiocarcinoma,SNOMEDCT_US_2023_03_01:1260050006
DOID:4928,intrahepatic cholangiocarcinoma,UMLS_CUI:C0345905
DOID:4929,tubular adenocarcinoma,MESH:D000230
DOID:4929,tubular adenocarcinoma,ICDO:8211/3
DOID:4929,tubular adenocarcinoma,NCI:C65192
DOID:4929,tubular adenocarcinoma,SNOMEDCT_US_2023_03_01:4631006
DOID:4929,tubular adenocarcinoma,UMLS_CUI:C0205645
DOID:4930,nasal cavity adenocarcinoma,NCI:C6015
DOID:4930,nasal cavity adenocarcinoma,UMLS_CUI:C1334920
DOID:4931,nasal cavity carcinoma,NCI:C9336
DOID:4931,nasal cavity carcinoma,UMLS_CUI:C1377785
DOID:4932,ampulla of Vater carcinoma,NCI:C3908
DOID:4932,ampulla of Vater carcinoma,SNOMEDCT_US_2023_03_01:254609000
DOID:4932,ampulla of Vater carcinoma,UMLS_CUI:C0262401
DOID:4933,apocrine carcinoma,GARD:12138
DOID:4933,apocrine carcinoma,ICDO:8401/3
DOID:4933,apocrine carcinoma,NCI:C4169
DOID:4933,apocrine carcinoma,SNOMEDCT_US_2023_03_01:57141000
DOID:4933,apocrine carcinoma,UMLS_CUI:C0334346
DOID:4934,apocrine sweat gland cancer,NCI:C6800
DOID:4934,apocrine sweat gland cancer,UMLS_CUI:C1334561
DOID:4938,ureter adenocarcinoma,NCI:C6155
DOID:4938,ureter adenocarcinoma,UMLS_CUI:C1336873
DOID:4939,ureter carcinoma,NCI:C8993
DOID:4939,ureter carcinoma,UMLS_CUI:C0600079
DOID:4943,adenocarcinoma in situ,ICDO:8140/2
DOID:4943,adenocarcinoma in situ,MESH:D065311
DOID:4943,adenocarcinoma in situ,NCI:C4123
DOID:4943,adenocarcinoma in situ,SNOMEDCT_US_2023_03_01:51642000
DOID:4943,adenocarcinoma in situ,UMLS_CUI:C0334276
DOID:4944,gastroesophageal junction adenocarcinoma,NCI:C9296
DOID:4944,gastroesophageal junction adenocarcinoma,UMLS_CUI:C1332166
DOID:4947,cholangiocarcinoma,SNOMEDCT_US_2023_03_01:70179006
DOID:4947,cholangiocarcinoma,ICD10CM:C22.1
DOID:4947,cholangiocarcinoma,MESH:D018281
DOID:4947,cholangiocarcinoma,ICDO:8160/3
DOID:4947,cholangiocarcinoma,NCI:C4436
DOID:4947,cholangiocarcinoma,NCI:C8265
DOID:4947,cholangiocarcinoma,UMLS_CUI:C0206698
DOID:4947,cholangiocarcinoma,UMLS_CUI:C0280725
DOID:4948,gallbladder carcinoma,SNOMEDCT_US_2023_03_01:93810008
DOID:4948,gallbladder carcinoma,NCI:C3844
DOID:4948,gallbladder carcinoma,UMLS_CUI:C0235782
DOID:495,sclerosing hemangioma,SNOMEDCT_US_2023_03_01:134302009
DOID:495,sclerosing hemangioma,UMLS_CUI:C1509148
DOID:4955,central nervous system melanocytic neoplasm,NCI:C5504
DOID:4955,central nervous system melanocytic neoplasm,SNOMEDCT_US_2023_03_01:277523004
DOID:4955,central nervous system melanocytic neoplasm,UMLS_CUI:C0349623
DOID:4955,central nervous system melanocytic neoplasm,UMLS_CUI:C1332887
DOID:4957,meninges hemangiopericytoma,NCI:C4660
DOID:4957,meninges hemangiopericytoma,SNOMEDCT_US_2023_03_01:277522009
DOID:4957,meninges hemangiopericytoma,UMLS_CUI:C0349622
DOID:496,spindle cell hemangioma,NCI:C4754
DOID:496,spindle cell hemangioma,SNOMEDCT_US_2023_03_01:128769003
DOID:496,spindle cell hemangioma,UMLS_CUI:C1304508
DOID:4960,bone marrow cancer,ICD10CM:D47.1
DOID:4960,bone marrow cancer,EFO:0004251
DOID:4960,bone marrow cancer,MESH:D009196
DOID:4960,bone marrow cancer,SNOMEDCT_US_2023_03_01:128925001
DOID:4960,bone marrow cancer,UMLS_CUI:C0027022
DOID:4971,myelofibrosis,GARD:8618
DOID:4971,myelofibrosis,ICD10CM:D47.4
DOID:4971,myelofibrosis,ICD10CM:D75.81
DOID:4971,myelofibrosis,ICD9CM:238.76
DOID:4971,myelofibrosis,ICD9CM:289.83
DOID:4971,myelofibrosis,MESH:D055728
DOID:4971,myelofibrosis,MIM:254450
DOID:4971,myelofibrosis,NCI:C2862
DOID:4971,myelofibrosis,NCI:C3248
DOID:4971,myelofibrosis,SNOMEDCT_US_2023_03_01:128843003
DOID:4971,myelofibrosis,SNOMEDCT_US_2023_03_01:267572005
DOID:4971,myelofibrosis,UMLS_CUI:C0001815
DOID:4971,myelofibrosis,UMLS_CUI:C0026987
DOID:4972,myelodysplastic/myeloproliferative neoplasm,MESH:D054437
DOID:4972,myelodysplastic/myeloproliferative neoplasm,NCI:C27262
DOID:4972,myelodysplastic/myeloproliferative neoplasm,SNOMEDCT_US_2023_03_01:445738007
DOID:4972,myelodysplastic/myeloproliferative neoplasm,UMLS_CUI:C1301355
DOID:4985,extraosseous Ewings sarcoma-primitive neuroepithelial tumor,NCI:C7135
DOID:4985,extraosseous Ewings sarcoma-primitive neuroepithelial tumor,UMLS_CUI:C0279980
DOID:4991,optic nerve astrocytoma,NCI:C6769
DOID:4991,optic nerve astrocytoma,NCI:C7533
DOID:4991,optic nerve astrocytoma,UMLS_CUI:C1335114
DOID:4991,optic nerve astrocytoma,UMLS_CUI:C1336971
DOID:4992,optic nerve glioma,GARD:4107
DOID:4992,optic nerve glioma,MESH:D020339
DOID:4992,optic nerve glioma,NCI:C4537
DOID:4992,optic nerve glioma,SNOMEDCT_US_2023_03_01:254976006
DOID:4992,optic nerve glioma,UMLS_CUI:C0346326
DOID:4993,atypical polypoid adenomyoma,SNOMEDCT_US_2023_03_01:40293003
DOID:4993,atypical polypoid adenomyoma,NCI:C6895
DOID:4993,atypical polypoid adenomyoma,UMLS_CUI:C1300347
DOID:4994,adenomyoma of uterine corpus,NCI:C6338
DOID:4994,adenomyoma of uterine corpus,UMLS_CUI:C1336903
DOID:4995,cervical adenomyoma,NCI:C40231
DOID:4995,cervical adenomyoma,UMLS_CUI:C1516404
DOID:501,central nervous system hemangioma,NCI:C7004
DOID:501,central nervous system hemangioma,UMLS_CUI:C1333957
DOID:5015,fibrolamellar carcinoma,MESH:C537258
DOID:5015,fibrolamellar carcinoma,NCI:C4131
DOID:5015,fibrolamellar carcinoma,ORDO:401920
DOID:5015,fibrolamellar carcinoma,SNOMEDCT_US_2023_03_01:15619004
DOID:5015,fibrolamellar carcinoma,UMLS_CUI:C0334287
DOID:5016,hepatocellular clear cell carcinoma,ICDO:8174/3
DOID:5016,hepatocellular clear cell carcinoma,NCI:C5754
DOID:5016,hepatocellular clear cell carcinoma,SNOMEDCT_US_2023_03_01:128649001
DOID:5016,hepatocellular clear cell carcinoma,UMLS_CUI:C1266020
DOID:5022,aflatoxins-related hepatocellular carcinoma,NCI:C27922
DOID:5022,aflatoxins-related hepatocellular carcinoma,UMLS_CUI:C1332222
DOID:5026,sclerosing hepatic carcinoma,NCI:C27388
DOID:5026,sclerosing hepatic carcinoma,SNOMEDCT_US_2023_03_01:128646008
DOID:5026,sclerosing hepatic carcinoma,UMLS_CUI:C1266018
DOID:5030,pineal parenchymal tumor of intermediate differentiation,ICDO:9362/3
DOID:5030,pineal parenchymal tumor of intermediate differentiation,NCI:C6967
DOID:5030,pineal parenchymal tumor of intermediate differentiation,SNOMEDCT_US_2023_03_01:715904005
DOID:5030,pineal parenchymal tumor of intermediate differentiation,UMLS_CUI:C1367859
DOID:5031,adult pineal parenchymal tumor,NCI:C8273
DOID:5031,adult pineal parenchymal tumor,UMLS_CUI:C0280794
DOID:5032,pineal gland cancer,MESH:D010871
DOID:5032,pineal gland cancer,ICD10CM:C75.3
DOID:5032,pineal gland cancer,ICD9CM:194.4
DOID:5032,pineal gland cancer,NCI:C3328
DOID:5032,pineal gland cancer,NCI:C3573
DOID:5032,pineal gland cancer,NCI:C6965
DOID:5032,pineal gland cancer,SNOMEDCT_US_2023_03_01:127026004
DOID:5032,pineal gland cancer,SNOMEDCT_US_2023_03_01:93962006
DOID:5032,pineal gland cancer,UMLS_CUI:C0031941
DOID:5032,pineal gland cancer,UMLS_CUI:C0153655
DOID:5032,pineal gland cancer,UMLS_CUI:C1412004
DOID:5039,myoblastoma,MESH:D009379
DOID:5039,myoblastoma,NCI:C3252
DOID:5039,myoblastoma,UMLS_CUI:C0027043
DOID:5040,malignant granular cell esophageal tumor,NCI:C5700
DOID:5040,malignant granular cell esophageal tumor,SNOMEDCT_US_2023_03_01:1196862008
DOID:5040,malignant granular cell esophageal tumor,UMLS_CUI:C1333448
DOID:5041,esophageal cancer,GARD:6383
DOID:5041,esophageal cancer,ICD10CM:C15.3
DOID:5041,esophageal cancer,ICD10CM:C15.4
DOID:5041,esophageal cancer,ICD10CM:C15.5
DOID:5041,esophageal cancer,ICD9CM:150.2
DOID:5041,esophageal cancer,ICD9CM:150.3
DOID:5041,esophageal cancer,ICD9CM:150.4
DOID:5041,esophageal cancer,ICD9CM:150.5
DOID:5041,esophageal cancer,ICD9CM:150.8
DOID:5041,esophageal cancer,MESH:D004938
DOID:5041,esophageal cancer,MIM:133239
DOID:5041,esophageal cancer,NCI:C3028
DOID:5041,esophageal cancer,NCI:C3533
DOID:5041,esophageal cancer,NCI:C3534
DOID:5041,esophageal cancer,NCI:C3535
DOID:5041,esophageal cancer,NCI:C4764
DOID:5041,esophageal cancer,SNOMEDCT_US_2023_03_01:126817006
DOID:5041,esophageal cancer,SNOMEDCT_US_2023_03_01:187729008
DOID:5041,esophageal cancer,SNOMEDCT_US_2023_03_01:93656003
DOID:5041,esophageal cancer,SNOMEDCT_US_2023_03_01:93877002
DOID:5041,esophageal cancer,SNOMEDCT_US_2023_03_01:93895004
DOID:5041,esophageal cancer,SNOMEDCT_US_2023_03_01:94119000
DOID:5041,esophageal cancer,UMLS_CUI:C0014859
DOID:5041,esophageal cancer,UMLS_CUI:C0153413
DOID:5041,esophageal cancer,UMLS_CUI:C0153414
DOID:5041,esophageal cancer,UMLS_CUI:C0153415
DOID:5041,esophageal cancer,UMLS_CUI:C0153416
DOID:5041,esophageal cancer,UMLS_CUI:C0496775
DOID:5042,malignant granular cell myoblastoma,NCI:C4336
DOID:5042,malignant granular cell myoblastoma,SNOMEDCT_US_2023_03_01:404041003
DOID:5042,malignant granular cell myoblastoma,UMLS_CUI:C0334618
DOID:5043,vulvar granular cell tumor,NCI:C40328
DOID:5043,vulvar granular cell tumor,UMLS_CUI:C1520083
DOID:5044,cardiac granular cell neoplasm,NCI:C5360
DOID:5044,cardiac granular cell neoplasm,UMLS_CUI:C1332845
DOID:5046,mediastinal granular cell myoblastoma,NCI:C6601
DOID:5046,mediastinal granular cell myoblastoma,UMLS_CUI:C1334656
DOID:5047,granular cell tumor of the sellar region,NCI:C7017
DOID:5047,granular cell tumor of the sellar region,SNOMEDCT_US_2023_03_01:699331002
DOID:5047,granular cell tumor of the sellar region,UMLS_CUI:C1333873
DOID:5048,posterior pituitary gland neoplasm,NCI:C7157
DOID:5048,posterior pituitary gland neoplasm,UMLS_CUI:C1334957
DOID:5050,Ehrlich tumor carcinoma,MESH:D002286
DOID:5050,Ehrlich tumor carcinoma,UMLS_CUI:C0007125
DOID:5056,adult cerebellar neoplasm,NCI:C5968
DOID:5056,adult cerebellar neoplasm,UMLS_CUI:C1332197
DOID:5057,papillary meningioma of the cerebellum,NCI:C5270
DOID:5057,papillary meningioma of the cerebellum,UMLS_CUI:C1332902
DOID:5058,rhabdoid meningioma,NCI:C6909
DOID:5058,rhabdoid meningioma,SNOMEDCT_US_2023_03_01:399469000
DOID:5058,rhabdoid meningioma,UMLS_CUI:C0259786
DOID:5059,childhood cerebellar neoplasm,NCI:C5970
DOID:5059,childhood cerebellar neoplasm,UMLS_CUI:C1332959
DOID:5063,basosquamous carcinoma,ICDO:8094/3
DOID:5063,basosquamous carcinoma,MESH:D002281
DOID:5063,basosquamous carcinoma,NCI:C2922
DOID:5063,basosquamous carcinoma,SNOMEDCT_US_2023_03_01:37304002
DOID:5063,basosquamous carcinoma,UMLS_CUI:C0007118
DOID:5074,high grade ependymoma,ICDO:9391/3
DOID:5074,high grade ependymoma,NCI:C6770
DOID:5074,high grade ependymoma,UMLS_CUI:C1333407
DOID:5075,myxopapillary ependymoma,MESH:D004806
DOID:5075,myxopapillary ependymoma,GARD:10633
DOID:5075,myxopapillary ependymoma,ICDO:9394/1
DOID:5075,myxopapillary ependymoma,NCI:C3697
DOID:5075,myxopapillary ependymoma,SNOMEDCT_US_2023_03_01:1623000
DOID:5075,myxopapillary ependymoma,UMLS_CUI:C0205769
DOID:5076,mixed glioma,MESH:D005910
DOID:5076,mixed glioma,NCI:C3903
DOID:5076,mixed glioma,SNOMEDCT_US_2023_03_01:443937008
DOID:5076,mixed glioma,UMLS_CUI:C0259783
DOID:5077,subependymal giant cell astrocytoma,MESH:D001254
DOID:5077,subependymal giant cell astrocytoma,GARD:10632
DOID:5077,subependymal giant cell astrocytoma,ICDO:9384/1
DOID:5077,subependymal giant cell astrocytoma,NCI:C3696
DOID:5077,subependymal giant cell astrocytoma,SNOMEDCT_US_2023_03_01:449799008
DOID:5077,subependymal giant cell astrocytoma,UMLS_CUI:C0205768
DOID:5078,ganglioglioma,GARD:2430
DOID:5078,ganglioglioma,ICDO:9505/1
DOID:5078,ganglioglioma,MESH:D018303
DOID:5078,ganglioglioma,NCI:C27362
DOID:5078,ganglioglioma,NCI:C27363
DOID:5078,ganglioglioma,NCI:C3788
DOID:5078,ganglioglioma,SNOMEDCT_US_2023_03_01:87191000119100
DOID:5078,ganglioglioma,UMLS_CUI:C0206716
DOID:5078,ganglioglioma,UMLS_CUI:C1332202
DOID:5078,ganglioglioma,UMLS_CUI:C1332969
DOID:5088,mixed epithelial stromal tumour,NCI:C37265
DOID:5088,mixed epithelial stromal tumour,UMLS_CUI:C1334602
DOID:5090,sternum cancer,NCI:C6730
DOID:5090,sternum cancer,NCI:C8408
DOID:5090,sternum cancer,SNOMEDCT_US_2023_03_01:126559003
DOID:5090,sternum cancer,UMLS_CUI:C1290244
DOID:5090,sternum cancer,UMLS_CUI:C1382025
DOID:5093,thoracic cancer,ICD10CM:C76.1
DOID:5093,thoracic cancer,ICD9CM:195.1
DOID:5093,thoracic cancer,MESH:D013899
DOID:5093,thoracic cancer,NCI:C3406
DOID:5093,thoracic cancer,NCI:C3576
DOID:5093,thoracic cancer,SNOMEDCT_US_2023_03_01:188361007
DOID:5093,thoracic cancer,SNOMEDCT_US_2023_03_01:255058005
DOID:5093,thoracic cancer,UMLS_CUI:C0039981
DOID:5093,thoracic cancer,UMLS_CUI:C0153661
DOID:5099,middle ear cancer,NCI:C4412
DOID:5099,middle ear cancer,SNOMEDCT_US_2023_03_01:127006003
DOID:5099,middle ear cancer,UMLS_CUI:C0345617
DOID:5101,ear cancer,MESH:D004428
DOID:5101,ear cancer,UMLS_CUI:C0751094
DOID:5102,inner ear cancer,NCI:C39784
DOID:5102,inner ear cancer,UMLS_CUI:C1512779
DOID:5117,dermoid cyst of ovary,MESH:C562731
DOID:5117,dermoid cyst of ovary,MIM:166950
DOID:5117,dermoid cyst of ovary,NCI:C3856
DOID:5117,dermoid cyst of ovary,SNOMEDCT_US_2023_03_01:189116006
DOID:5117,dermoid cyst of ovary,UMLS_CUI:C0237020
DOID:5118,ovarian cystic teratoma,NCI:C7283
DOID:5118,ovarian cystic teratoma,UMLS_CUI:C1335155
DOID:512,epididymal neoplasm,NCI:C39958
DOID:512,epididymal neoplasm,SNOMEDCT_US_2023_03_01:126902008
DOID:512,epididymal neoplasm,UMLS_CUI:C0346239
DOID:5123,mediastinum leiomyoma,NCI:C6598
DOID:5123,mediastinum leiomyoma,UMLS_CUI:C1334659
DOID:5124,fallopian tube leiomyoma,NCI:C40127
DOID:5124,fallopian tube leiomyoma,UMLS_CUI:C1517115
DOID:5125,extrahepatic bile duct leiomyoma,NCI:C5855
DOID:5125,extrahepatic bile duct leiomyoma,UMLS_CUI:C1333507
DOID:5126,central nervous system leiomyoma,NCI:C6998
DOID:5126,central nervous system leiomyoma,UMLS_CUI:C1334382
DOID:5127,bizarre leiomyoma,ICDO:8893/0
DOID:5127,bizarre leiomyoma,NCI:C4257
DOID:5127,bizarre leiomyoma,SNOMEDCT_US_2023_03_01:48897006
DOID:5127,bizarre leiomyoma,UMLS_CUI:C0334478
DOID:5128,deep leiomyoma,NCI:C6512
DOID:5128,deep leiomyoma,UMLS_CUI:C1333266
DOID:5132,leiomyoma cutis,NCI:C4482
DOID:5132,leiomyoma cutis,SNOMEDCT_US_2023_03_01:254767008
DOID:5132,leiomyoma cutis,UMLS_CUI:C0346064
DOID:5134,anus leiomyoma,NCI:C5608
DOID:5134,anus leiomyoma,UMLS_CUI:C1332266
DOID:5136,lung leiomyoma,NCI:C5660
DOID:5136,lung leiomyoma,SNOMEDCT_US_2023_03_01:707374005
DOID:5136,lung leiomyoma,UMLS_CUI:C1334447
DOID:5137,pericardium leiomyoma,NCI:C6743
DOID:5137,pericardium leiomyoma,UMLS_CUI:C1335380
DOID:5138,leiomyomatosis,ICDO:8890/1
DOID:5138,leiomyomatosis,MESH:D018231
DOID:5138,leiomyomatosis,NCI:C3748
DOID:5138,leiomyomatosis,SNOMEDCT_US_2023_03_01:1157154004
DOID:5138,leiomyomatosis,UMLS_CUI:C0206654
DOID:5139,cellular leiomyoma,ICDO:8892/0
DOID:5139,cellular leiomyoma,NCI:C4256
DOID:5139,cellular leiomyoma,SNOMEDCT_US_2023_03_01:90955001
DOID:5139,cellular leiomyoma,UMLS_CUI:C0334477
DOID:5140,gallbladder leiomyoma,NCI:C5747
DOID:5140,gallbladder leiomyoma,UMLS_CUI:C1333745
DOID:5142,vulvar leiomyoma,NCI:C40326
DOID:5142,vulvar leiomyoma,UMLS_CUI:C1520087
DOID:5143,large bowel leiomyoma,NCI:C5677
DOID:5143,large bowel leiomyoma,SNOMEDCT_US_2023_03_01:1196826007
DOID:5143,large bowel leiomyoma,UMLS_CUI:C1333113
DOID:5146,appendix leiomyoma,NCI:C5514
DOID:5146,appendix leiomyoma,SNOMEDCT_US_2023_03_01:1196825006
DOID:5146,appendix leiomyoma,UMLS_CUI:C1332327
DOID:5147,dartoic leiomyoma,NCI:C4483
DOID:5147,dartoic leiomyoma,SNOMEDCT_US_2023_03_01:254770007
DOID:5147,dartoic leiomyoma,UMLS_CUI:C0346066
DOID:5149,epithelioid neurofibroma,NCI:C6558
DOID:5149,epithelioid neurofibroma,SNOMEDCT_US_2023_03_01:404032008
DOID:5149,epithelioid neurofibroma,UMLS_CUI:C1275264
DOID:5150,neurofibroma of gallbladder,NCI:C5746
DOID:5150,neurofibroma of gallbladder,UMLS_CUI:C1333751
DOID:5151,plexiform neurofibroma,ICDO:9550/0
DOID:5151,plexiform neurofibroma,MESH:D018318
DOID:5151,plexiform neurofibroma,NCI:C3797
DOID:5151,plexiform neurofibroma,SNOMEDCT_US_2023_03_01:41252002
DOID:5151,plexiform neurofibroma,UMLS_CUI:C0206728
DOID:5152,cellular neurofibroma,NCI:C41427
DOID:5152,cellular neurofibroma,UMLS_CUI:C1516371
DOID:5153,atypical neurofibroma,SNOMEDCT_US_2023_03_01:734083001
DOID:5153,atypical neurofibroma,UMLS_CUI:C1510961
DOID:5155,multiple mucosal neuroma,NCI:C6559
DOID:5155,multiple mucosal neuroma,UMLS_CUI:C1334828
DOID:5157,benign pleural mesothelioma,NCI:C9351
DOID:5157,benign pleural mesothelioma,UMLS_CUI:C1377913
DOID:5158,pleural cancer,ICD10CM:C38.4
DOID:5158,pleural cancer,ICD9CM:163
DOID:5158,pleural cancer,MESH:D010997
DOID:5158,pleural cancer,NCI:C3332
DOID:5158,pleural cancer,NCI:C3547
DOID:5158,pleural cancer,SNOMEDCT_US_2023_03_01:126719004
DOID:5158,pleural cancer,SNOMEDCT_US_2023_03_01:363433009
DOID:5158,pleural cancer,UMLS_CUI:C0032229
DOID:5158,pleural cancer,UMLS_CUI:C0153494
DOID:5165,uterine corpus sarcoma,GARD:9383
DOID:5165,uterine corpus sarcoma,NCI:C6339
DOID:5165,uterine corpus sarcoma,SNOMEDCT_US_2023_03_01:254877001
DOID:5165,uterine corpus sarcoma,UMLS_CUI:C0338113
DOID:5166,endometrial stromal tumor,MESH:D036821
DOID:5166,endometrial stromal tumor,SNOMEDCT_US_2023_03_01:68738004
DOID:5166,endometrial stromal tumor,UMLS_CUI:C0334695
DOID:5169,ovarian endometrioid stromal sarcoma,NCI:C40065
DOID:5169,ovarian endometrioid stromal sarcoma,UMLS_CUI:C4288544
DOID:5170,vaginal endometrial stromal sarcoma,NCI:C40270
DOID:5170,vaginal endometrial stromal sarcoma,UMLS_CUI:C3642329
DOID:5171,vaginal endometrial stromal tumor,NCI:C40269
DOID:5171,vaginal endometrial stromal tumor,UMLS_CUI:C4289585
DOID:5172,endometrium carcinoma in situ,ICD10CM:D07.0
DOID:5172,endometrium carcinoma in situ,SNOMEDCT_US_2023_03_01:189343006
DOID:5172,endometrium carcinoma in situ,UMLS_CUI:C0346191
DOID:5176,renal Wilms' tumor,NCI:C6951
DOID:5176,renal Wilms' tumor,UMLS_CUI:C1335062
DOID:5178,metachronous kidney Wilms' tumor,NCI:C38158
DOID:5178,metachronous kidney Wilms' tumor,UMLS_CUI:C1334705
DOID:5179,mixed cell type kidney Wilms' tumor,NCI:C9149
DOID:5179,mixed cell type kidney Wilms' tumor,UMLS_CUI:C0279611
DOID:518,scrotum neoplasm,ICD10CM:C63.2
DOID:518,scrotum neoplasm,ICD9CM:187.7
DOID:518,scrotum neoplasm,NCI:C3560
DOID:518,scrotum neoplasm,NCI:C4380
DOID:518,scrotum neoplasm,SNOMEDCT_US_2023_03_01:126905005
DOID:518,scrotum neoplasm,SNOMEDCT_US_2023_03_01:93999006
DOID:518,scrotum neoplasm,UMLS_CUI:C0153604
DOID:518,scrotum neoplasm,UMLS_CUI:C0341790
DOID:5182,blastema predominant kidney Wilms' tumor,NCI:C9147
DOID:5182,blastema predominant kidney Wilms' tumor,UMLS_CUI:C0279609
DOID:5183,hereditary Wilms' tumor,NCI:C8496
DOID:5183,hereditary Wilms' tumor,UMLS_CUI:C0677779
DOID:5189,epithelial predominant Wilms' tumor,NCI:C9146
DOID:5189,epithelial predominant Wilms' tumor,UMLS_CUI:C0279608
DOID:5190,cervical Wilms' tumor,NCI:C40236
DOID:5190,cervical Wilms' tumor,UMLS_CUI:C1516437
DOID:5191,stromal predominant kidney Wilms' tumor,NCI:C9148
DOID:5191,stromal predominant kidney Wilms' tumor,UMLS_CUI:C0279610
DOID:5193,nodular ganglioneuroblastoma,NCI:C42058
DOID:5193,nodular ganglioneuroblastoma,SNOMEDCT_US_2023_03_01:822950002
DOID:5193,nodular ganglioneuroblastoma,UMLS_CUI:C1517445
DOID:5194,intermixed schwannian stroma-rich ganglioneuroblastoma,NCI:C42057
DOID:5194,intermixed schwannian stroma-rich ganglioneuroblastoma,SNOMEDCT_US_2023_03_01:822951003
DOID:5194,intermixed schwannian stroma-rich ganglioneuroblastoma,UMLS_CUI:C1517444
DOID:5195,peripheral nervous system ganglioneuroblastoma,NCI:C6594
DOID:5195,peripheral nervous system ganglioneuroblastoma,UMLS_CUI:C1335387
DOID:5196,fallopian tube adenomatoid tumor,NCI:C40129
DOID:5196,fallopian tube adenomatoid tumor,UMLS_CUI:C1517110
DOID:5207,monodermal teratoma,NCI:C7286
DOID:5207,monodermal teratoma,SNOMEDCT_US_2023_03_01:399632009
DOID:5207,monodermal teratoma,UMLS_CUI:C1302569
DOID:5208,malignant struma ovarii,NCI:C4291
DOID:5208,malignant struma ovarii,SNOMEDCT_US_2023_03_01:18854008
DOID:5208,malignant struma ovarii,UMLS_CUI:C0334525
DOID:5233,glomangiosarcoma,ICDO:8710/3
DOID:5233,glomangiosarcoma,NCI:C4221
DOID:5233,glomangiosarcoma,SNOMEDCT_US_2023_03_01:128908003
DOID:5233,glomangiosarcoma,UMLS_CUI:C1266111
DOID:5236,subungual glomus tumor,NCI:C36079
DOID:5236,subungual glomus tumor,SNOMEDCT_US_2023_03_01:403973004
DOID:5236,subungual glomus tumor,UMLS_CUI:C1304510
DOID:5238,benign perivascular tumor,NCI:C6529
DOID:5238,benign perivascular tumor,UMLS_CUI:C1332532
DOID:5240,retinal hemangioblastoma,NCI:C39783
DOID:5240,retinal hemangioblastoma,SNOMEDCT_US_2023_03_01:312935003
DOID:5240,retinal hemangioblastoma,UMLS_CUI:C0730303
DOID:5241,hemangioblastoma,GARD:8232
DOID:5241,hemangioblastoma,GARD:8522
DOID:5241,hemangioblastoma,ICDO:9161/1
DOID:5241,hemangioblastoma,MESH:D018325
DOID:5241,hemangioblastoma,NCI:C3801
DOID:5241,hemangioblastoma,SNOMEDCT_US_2023_03_01:81201000
DOID:5241,hemangioblastoma,UMLS_CUI:C0206734
DOID:5251,inflammatory leiomyosarcoma,NCI:C27495
DOID:5251,inflammatory leiomyosarcoma,UMLS_CUI:C1334179
DOID:5253,conventional leiomyosarcoma,NCI:C9428
DOID:5253,conventional leiomyosarcoma,UMLS_CUI:C1333157
DOID:5254,central nervous system leiomyosarcoma,NCI:C6999
DOID:5254,central nervous system leiomyosarcoma,UMLS_CUI:C1334385
DOID:5258,granular cell leiomyosarcoma,NCI:C27494
DOID:5258,granular cell leiomyosarcoma,UMLS_CUI:C1333871
DOID:5259,colon leiomyosarcoma,NCI:C5494
DOID:5259,colon leiomyosarcoma,SNOMEDCT_US_2023_03_01:1156788007
DOID:5259,colon leiomyosarcoma,UMLS_CUI:C1333093
DOID:5260,colon sarcoma,NCI:C5495
DOID:5260,colon sarcoma,UMLS_CUI:C1333098
DOID:5261,heart leiomyosarcoma,NCI:C5364
DOID:5261,heart leiomyosarcoma,UMLS_CUI:C1332848
DOID:5262,heart sarcoma,NCI:C7723
DOID:5262,heart sarcoma,UMLS_CUI:C0238152
DOID:5263,ovary leiomyosarcoma,NCI:C5234
DOID:5263,ovary leiomyosarcoma,UMLS_CUI:C1335163
DOID:5264,epithelioid leiomyosarcoma,MESH:D007890
DOID:5264,epithelioid leiomyosarcoma,ICDO:8891/3
DOID:5264,epithelioid leiomyosarcoma,NCI:C3700
DOID:5264,epithelioid leiomyosarcoma,SNOMEDCT_US_2023_03_01:42392001
DOID:5264,epithelioid leiomyosarcoma,UMLS_CUI:C0205815
DOID:5265,lung leiomyosarcoma,NCI:C5667
DOID:5265,lung leiomyosarcoma,UMLS_CUI:C1334448
DOID:5267,anus leiomyosarcoma,NCI:C5599
DOID:5267,anus leiomyosarcoma,UMLS_CUI:C1332267
DOID:5268,myxoid leiomyosarcoma,MESH:D007890
DOID:5268,myxoid leiomyosarcoma,ICDO:8896/3
DOID:5268,myxoid leiomyosarcoma,NCI:C3701
DOID:5268,myxoid leiomyosarcoma,SNOMEDCT_US_2023_03_01:189792003
DOID:5268,myxoid leiomyosarcoma,UMLS_CUI:C0205816
DOID:5271,small intestine leiomyosarcoma,NCI:C7085
DOID:5271,small intestine leiomyosarcoma,SNOMEDCT_US_2023_03_01:716651004
DOID:5271,small intestine leiomyosarcoma,UMLS_CUI:C0920305
DOID:5272,small intestinal sarcoma,NCI:C5335
DOID:5272,small intestinal sarcoma,UMLS_CUI:C1336007
DOID:5273,cutaneous leiomyosarcoma,NCI:C4484
DOID:5273,cutaneous leiomyosarcoma,SNOMEDCT_US_2023_03_01:254771006
DOID:5273,cutaneous leiomyosarcoma,UMLS_CUI:C0346067
DOID:5274,malignant dermis tumor,NCI:C4574
DOID:5274,malignant dermis tumor,SNOMEDCT_US_2023_03_01:255096006
DOID:5274,malignant dermis tumor,UMLS_CUI:C0346811
DOID:5275,gallbladder leiomyosarcoma,NCI:C5841
DOID:5275,gallbladder leiomyosarcoma,UMLS_CUI:C1333746
DOID:5276,esophagus leiomyosarcoma,NCI:C5334
DOID:5276,esophagus leiomyosarcoma,SNOMEDCT_US_2023_03_01:1156786006
DOID:5276,esophagus leiomyosarcoma,UMLS_CUI:C1333454
DOID:5280,gastric leiomyosarcoma,NCI:C27200
DOID:5280,gastric leiomyosarcoma,SNOMEDCT_US_2023_03_01:447785000
DOID:5280,gastric leiomyosarcoma,UMLS_CUI:C0744295
DOID:5282,prostate leiomyosarcoma,NCI:C5526
DOID:5282,prostate leiomyosarcoma,UMLS_CUI:C1335511
DOID:5283,vagina leiomyosarcoma,NCI:C6326
DOID:5283,vagina leiomyosarcoma,UMLS_CUI:C1336940
DOID:5284,retroperitoneal leiomyosarcoma,NCI:C27904
DOID:5285,breast leiomyosarcoma,NCI:C5186
DOID:5285,breast leiomyosarcoma,UMLS_CUI:C1332631
DOID:5286,vulvar leiomyosarcoma,NCI:C40318
DOID:5287,kidney leiomyosarcoma,NCI:C6183
DOID:5287,kidney leiomyosarcoma,UMLS_CUI:C1335743
DOID:5288,larynx leiomyosarcoma,NCI:C6022
DOID:5288,larynx leiomyosarcoma,UMLS_CUI:C1334371
DOID:5289,uterus leiomyosarcoma,NCI:C6340
DOID:5289,uterus leiomyosarcoma,SNOMEDCT_US_2023_03_01:447389009
DOID:5289,uterus leiomyosarcoma,UMLS_CUI:C0280631
DOID:5292,mediastinum leiomyosarcoma,NCI:C6619
DOID:5292,mediastinum leiomyosarcoma,UMLS_CUI:C1334660
DOID:5293,extrahepatic bile duct leiomyosarcoma,NCI:C5848
DOID:5293,extrahepatic bile duct leiomyosarcoma,UMLS_CUI:C1333508
DOID:5296,liver leiomyosarcoma,NCI:C5756
DOID:5296,liver leiomyosarcoma,UMLS_CUI:C1333969
DOID:5297,rectum leiomyosarcoma,NCI:C5549
DOID:5297,rectum leiomyosarcoma,SNOMEDCT_US_2023_03_01:1156783003
DOID:5297,rectum leiomyosarcoma,UMLS_CUI:C1335683
DOID:5299,endometrial clear cell adenocarcinoma,NCI:C8028
DOID:5299,endometrial clear cell adenocarcinoma,UMLS_CUI:C0279765
DOID:5301,fallopian tube clear cell adenocarcinoma,NCI:C6280
DOID:5301,fallopian tube clear cell adenocarcinoma,UMLS_CUI:C1333591
DOID:5302,uterine ligament clear cell adenocarcinoma,NCI:C40139
DOID:5302,uterine ligament clear cell adenocarcinoma,UMLS_CUI:C5557431
DOID:5303,cervical clear cell adenocarcinoma,NCI:C6344
DOID:5303,cervical clear cell adenocarcinoma,UMLS_CUI:C1332912
DOID:5304,ovarian clear cell adenocarcinoma,NCI:C40078
DOID:5304,ovarian clear cell adenocarcinoma,SNOMEDCT_US_2023_03_01:763131005
DOID:5304,ovarian clear cell adenocarcinoma,UMLS_CUI:C1518693
DOID:5306,bladder clear cell adenocarcinoma,NCI:C6179
DOID:5306,bladder clear cell adenocarcinoma,UMLS_CUI:C1332557
DOID:5307,urethra clear cell adenocarcinoma,NCI:C6172
DOID:5307,urethra clear cell adenocarcinoma,UMLS_CUI:C1336886
DOID:5308,ampulla of Vater clear cell adenocarcinoma,NCI:C27414
DOID:5308,ampulla of Vater clear cell adenocarcinoma,UMLS_CUI:C1332246
DOID:5309,epithelial-myoepithelial carcinoma,ICDO:8562/3
DOID:5309,epithelial-myoepithelial carcinoma,NCI:C4199
DOID:5309,epithelial-myoepithelial carcinoma,SNOMEDCT_US_2023_03_01:189722008
DOID:5309,epithelial-myoepithelial carcinoma,UMLS_CUI:C0334392
DOID:5310,glycogen-rich clear cell breast carcinoma,NCI:C40368
DOID:5310,glycogen-rich clear cell breast carcinoma,UMLS_CUI:C2012261
DOID:5313,vulvar alveolar soft part sarcoma,NCI:C40320
DOID:5313,vulvar alveolar soft part sarcoma,UMLS_CUI:C1520069
DOID:5324,fallopian tube germ cell cancer,NCI:C40130
DOID:5324,fallopian tube germ cell cancer,UMLS_CUI:C1517114
DOID:5331,testicular granulosa cell tumor,NCI:C6357
DOID:5331,testicular granulosa cell tumor,UMLS_CUI:C1336709
DOID:5341,pineal region yolk sac tumor,NCI:C6752
DOID:5341,pineal region yolk sac tumor,UMLS_CUI:C1335420
DOID:5342,childhood endodermal sinus tumor,NCI:C27364
DOID:5342,childhood endodermal sinus tumor,UMLS_CUI:C1333016
DOID:5343,central nervous system endodermal sinus tumor,NCI:C6209
DOID:5343,central nervous system endodermal sinus tumor,NCI:C7011
DOID:5343,central nervous system endodermal sinus tumor,SNOMEDCT_US_2023_03_01:1197280002
DOID:5343,central nervous system endodermal sinus tumor,UMLS_CUI:C1337040
DOID:5343,central nervous system endodermal sinus tumor,UMLS_CUI:C1377613
DOID:5344,testicular yolk sac tumor,GARD:348
DOID:5344,testicular yolk sac tumor,NCI:C8000
DOID:5344,testicular yolk sac tumor,UMLS_CUI:C0279708
DOID:5345,testicular non-seminomatous germ cell cancer,NCI:C5027
DOID:5345,testicular non-seminomatous germ cell cancer,UMLS_CUI:C1334625
DOID:5348,adult endodermal sinus tumor,NCI:C27241
DOID:5348,adult endodermal sinus tumor,UMLS_CUI:C1332221
DOID:5349,central nervous system adult germ cell tumor,NCI:C6285
DOID:5349,central nervous system adult germ cell tumor,UMLS_CUI:C0280796
DOID:5350,ovarian endodermal sinus tumor,NCI:C8107
DOID:5350,ovarian endodermal sinus tumor,SNOMEDCT_US_2023_03_01:254876005
DOID:5350,ovarian endodermal sinus tumor,UMLS_CUI:C0346188
DOID:5351,ovarian primitive germ cell tumor,NCI:C39986
DOID:5351,ovarian primitive germ cell tumor,UMLS_CUI:C1518727
DOID:5363,myxoid liposarcoma,GARD:7157
DOID:5363,myxoid liposarcoma,ICDO:8852/3
DOID:5363,myxoid liposarcoma,MESH:D018208
DOID:5363,myxoid liposarcoma,MIM:613488
DOID:5363,myxoid liposarcoma,ORDO:99967
DOID:5363,myxoid liposarcoma,SNOMEDCT_US_2023_03_01:404069006
DOID:5363,myxoid liposarcoma,UMLS_CUI:C0206634
DOID:5364,pulmonary coin lesion,ICD10CM:R91.1
DOID:5364,pulmonary coin lesion,MESH:D003074
DOID:5364,pulmonary coin lesion,SNOMEDCT_US_2023_03_01:308689002
DOID:5364,pulmonary coin lesion,UMLS_CUI:C0009250
DOID:5368,Wolffian duct adenocarcinoma,NCI:C40254
DOID:5368,Wolffian duct adenocarcinoma,UMLS_CUI:C1516419
DOID:5370,breast hemangiopericytoma,NCI:C40396
DOID:5370,breast hemangiopericytoma,UMLS_CUI:C1511313
DOID:5373,retroperitoneal hemangiopericytoma,NCI:C5386
DOID:5373,retroperitoneal hemangiopericytoma,UMLS_CUI:C1335777
DOID:5374,pilomatrixoma,GARD:9452
DOID:5374,pilomatrixoma,MESH:D018296
DOID:5374,pilomatrixoma,MIM:132600
DOID:5374,pilomatrixoma,NCI:C7368
DOID:5374,pilomatrixoma,SNOMEDCT_US_2023_03_01:274901004
DOID:5374,pilomatrixoma,UMLS_CUI:C0206711
DOID:5375,hair follicle neoplasm,NCI:C7367
DOID:5375,hair follicle neoplasm,SNOMEDCT_US_2023_03_01:44155009
DOID:5375,hair follicle neoplasm,UMLS_CUI:C0859920
DOID:5376,skin pilomatrix carcinoma,NCI:C4114
DOID:5376,skin pilomatrix carcinoma,SNOMEDCT_US_2023_03_01:307610008
DOID:5376,skin pilomatrix carcinoma,UMLS_CUI:C0585475
DOID:5381,bile duct adenoma,ICDO:8160/0
DOID:5381,bile duct adenoma,MESH:D002759
DOID:5381,bile duct adenoma,NCI:C2942
DOID:5381,bile duct adenoma,SNOMEDCT_US_2023_03_01:39471001
DOID:5381,bile duct adenoma,UMLS_CUI:C0008309
DOID:5382,Bartholin's gland adenoma,NCI:C40299
DOID:5382,Bartholin's gland adenoma,UMLS_CUI:C1511048
DOID:5384,bile duct cystadenoma,ICDO:8161/0
DOID:5384,bile duct cystadenoma,NCI:C4129
DOID:5384,bile duct cystadenoma,SNOMEDCT_US_2023_03_01:83025009
DOID:5384,bile duct cystadenoma,UMLS_CUI:C0334285
DOID:5385,mixed cell adenoma,ICDO:8323/0
DOID:5385,mixed cell adenoma,NCI:C4157
DOID:5385,mixed cell adenoma,SNOMEDCT_US_2023_03_01:89773001
DOID:5385,mixed cell adenoma,UMLS_CUI:C0334323
DOID:5386,lung adenoma,NCI:C4455
DOID:5386,lung adenoma,SNOMEDCT_US_2023_03_01:254642004
DOID:5386,lung adenoma,UMLS_CUI:C0345964
DOID:5387,middle ear adenoma,NCI:C6834
DOID:5387,middle ear adenoma,SNOMEDCT_US_2023_03_01:734078009
DOID:5387,middle ear adenoma,UMLS_CUI:C1334759
DOID:5389,oxyphilic adenoma,ICDO:8290/0
DOID:5389,oxyphilic adenoma,MESH:D018249
DOID:5389,oxyphilic adenoma,NCI:C3759
DOID:5389,oxyphilic adenoma,SNOMEDCT_US_2023_03_01:89439007
DOID:5389,oxyphilic adenoma,UMLS_CUI:C1510502
DOID:5390,clear cell adenoma,ICDO:8310/0
DOID:5390,clear cell adenoma,NCI:C4151
DOID:5390,clear cell adenoma,SNOMEDCT_US_2023_03_01:1752006
DOID:5390,clear cell adenoma,UMLS_CUI:C0334315
DOID:5391,bronchus adenoma,NCI:C3494
DOID:5391,bronchus adenoma,SNOMEDCT_US_2023_03_01:24482001
DOID:5391,bronchus adenoma,UMLS_CUI:C0149845
DOID:5392,acidophil adenoma,ICDO:8280/0
DOID:5392,acidophil adenoma,MESH:D000239
DOID:5392,acidophil adenoma,NCI:C6780
DOID:5392,acidophil adenoma,SNOMEDCT_US_2023_03_01:21109002
DOID:5392,acidophil adenoma,UMLS_CUI:C0001433
DOID:5393,brain angioma,NCI:C7739
DOID:5393,brain angioma,UMLS_CUI:C0238814
DOID:5394,prolactinoma,GARD:4508
DOID:5394,prolactinoma,MESH:D015175
DOID:5394,prolactinoma,NCI:C3342
DOID:5394,prolactinoma,SNOMEDCT_US_2023_03_01:367098005
DOID:5394,prolactinoma,UMLS_CUI:C0033375
DOID:5395,functioning pituitary adenoma,NCI:C8388
DOID:5395,functioning pituitary adenoma,UMLS_CUI:C0854486
DOID:5396,prolactin producing pituitary tumor,NCI:C5962
DOID:5396,prolactin producing pituitary tumor,UMLS_CUI:C1334614
DOID:5398,lipoadenoma,ICDO:8324/0
DOID:5398,lipoadenoma,NCI:C4159
DOID:5398,lipoadenoma,SNOMEDCT_US_2023_03_01:22024005
DOID:5398,lipoadenoma,UMLS_CUI:C0334325
DOID:5401,water-clear cell adenoma,ICDO:8322/0
DOID:5401,water-clear cell adenoma,NCI:C4155
DOID:5401,water-clear cell adenoma,SNOMEDCT_US_2023_03_01:26638004
DOID:5401,water-clear cell adenoma,UMLS_CUI:C0334321
DOID:5402,vaginal adenoma,NCI:C40256
DOID:5402,vaginal adenoma,UMLS_CUI:C1519913
DOID:5403,microcystic adenoma,MESH:D000236
DOID:5403,microcystic adenoma,ICDO:8202/0
DOID:5403,microcystic adenoma,NCI:C3685
DOID:5403,microcystic adenoma,SNOMEDCT_US_2023_03_01:189580001
DOID:5403,microcystic adenoma,UMLS_CUI:C0205648
DOID:5409,lung small cell carcinoma,KEGG:05222
DOID:5409,lung small cell carcinoma,MESH:D055752
DOID:5409,lung small cell carcinoma,MIM:182280
DOID:5409,lung small cell carcinoma,NCI:C4917
DOID:5409,lung small cell carcinoma,SNOMEDCT_US_2023_03_01:254632001
DOID:5409,lung small cell carcinoma,UMLS_CUI:C0149925
DOID:5410,pulmonary neuroendocrine tumor,NCI:C5670
DOID:5410,pulmonary neuroendocrine tumor,SNOMEDCT_US_2023_03_01:707594002
DOID:5410,pulmonary neuroendocrine tumor,UMLS_CUI:C1334452
DOID:5411,lung oat cell carcinoma,MESH:D018288
DOID:5411,lung oat cell carcinoma,NCI:C3915
DOID:5411,lung oat cell carcinoma,SNOMEDCT_US_2023_03_01:11010461000119101
DOID:5411,lung oat cell carcinoma,UMLS_CUI:C0262584
DOID:5414,lung occult small cell carcinoma,NCI:C6683
DOID:5414,lung occult small cell carcinoma,UMLS_CUI:C1335099
DOID:5421,lung combined type small cell carcinoma,NCI:C9137
DOID:5421,lung combined type small cell carcinoma,UMLS_CUI:C1333125
DOID:5427,urinary bladder villous adenoma,NCI:C7414
DOID:5427,urinary bladder villous adenoma,UMLS_CUI:C1336893
DOID:5429,bladder flat intraepithelial lesion,NCI:C37266
DOID:5429,bladder flat intraepithelial lesion,UMLS_CUI:C1332559
DOID:5432,bladder papillary transitional cell neoplasm,NCI:C39857
DOID:5432,bladder papillary transitional cell neoplasm,UMLS_CUI:C1511197
DOID:5433,urinary tract papillary transitional cell benign neoplasm,NCI:C27883
DOID:5433,urinary tract papillary transitional cell benign neoplasm,NCI:C6192
DOID:5433,urinary tract papillary transitional cell benign neoplasm,SNOMEDCT_US_2023_03_01:733845009
DOID:5433,urinary tract papillary transitional cell benign neoplasm,UMLS_CUI:C1334282
DOID:5433,urinary tract papillary transitional cell benign neoplasm,UMLS_CUI:C1335329
DOID:5437,intrahepatic bile duct adenoma,NCI:C7126
DOID:5437,intrahepatic bile duct adenoma,UMLS_CUI:C1331535
DOID:5438,extrahepatic bile duct adenoma,NCI:C5857
DOID:5438,extrahepatic bile duct adenoma,SNOMEDCT_US_2023_03_01:1196880004
DOID:5438,extrahepatic bile duct adenoma,UMLS_CUI:C1331534
DOID:5439,papillary hidradenoma,ICDO:8405/0
DOID:5439,papillary hidradenoma,MESH:D000074009
DOID:5439,papillary hidradenoma,NCI:C4171
DOID:5439,papillary hidradenoma,SNOMEDCT_US_2023_03_01:89791006
DOID:5439,papillary hidradenoma,UMLS_CUI:C0334348
DOID:5442,eccrine acrospiroma,MESH:D018250
DOID:5442,eccrine acrospiroma,NCI:C7568
DOID:5442,eccrine acrospiroma,SNOMEDCT_US_2023_03_01:254719003
DOID:5442,eccrine acrospiroma,UMLS_CUI:C0206671
DOID:5443,clear cell hidradenoma,SNOMEDCT_US_2023_03_01:254719003
DOID:5443,clear cell hidradenoma,NCI:C7567
DOID:5443,clear cell hidradenoma,UMLS_CUI:C1370701
DOID:5444,spiradenoma,ICDO:8403/0
DOID:5444,spiradenoma,NCI:C4170
DOID:5444,spiradenoma,SNOMEDCT_US_2023_03_01:403938001
DOID:5444,spiradenoma,UMLS_CUI:C0334347
DOID:5445,syringocystadenoma papilliferum,MESH:D000074009
DOID:5445,syringocystadenoma papilliferum,GARD:5100
DOID:5445,syringocystadenoma papilliferum,ICDO:8406/0
DOID:5445,syringocystadenoma papilliferum,NCI:C4172
DOID:5445,syringocystadenoma papilliferum,SNOMEDCT_US_2023_03_01:8934006
DOID:5445,syringocystadenoma papilliferum,UMLS_CUI:C0406803
DOID:5446,eccrine papillary adenoma,GARD:10463
DOID:5446,eccrine papillary adenoma,ICDO:8408/0
DOID:5446,eccrine papillary adenoma,NCI:C4173
DOID:5446,eccrine papillary adenoma,SNOMEDCT_US_2023_03_01:253021007
DOID:5446,eccrine papillary adenoma,UMLS_CUI:C0334350
DOID:5457,laryngeal neuroendocrine tumor,NCI:C6023
DOID:5457,laryngeal neuroendocrine tumor,SNOMEDCT_US_2023_03_01:707625001
DOID:5457,laryngeal neuroendocrine tumor,UMLS_CUI:C1334374
DOID:5465,conjunctival intraepithelial neoplasm,NCI:C6120
DOID:5465,conjunctival intraepithelial neoplasm,SNOMEDCT_US_2023_03_01:418134006
DOID:5465,conjunctival intraepithelial neoplasm,UMLS_CUI:C1333148
DOID:5467,conjunctival cancer,ICD10CM:C69.0
DOID:5467,conjunctival cancer,ICD9CM:190.3
DOID:5467,conjunctival cancer,MESH:D003230
DOID:5467,conjunctival cancer,NCI:C2961
DOID:5467,conjunctival cancer,NCI:C3564
DOID:5467,conjunctival cancer,SNOMEDCT_US_2023_03_01:126996004
DOID:5467,conjunctival cancer,SNOMEDCT_US_2023_03_01:93764002
DOID:5467,conjunctival cancer,UMLS_CUI:C0009761
DOID:5467,conjunctival cancer,UMLS_CUI:C0153628
DOID:5468,biliary papillomatosis,NCI:C65198
DOID:5468,biliary papillomatosis,SNOMEDCT_US_2023_03_01:128663007
DOID:5468,biliary papillomatosis,UMLS_CUI:C1266038
DOID:5469,biliary tract intraductal papillary mucinous neoplasm,NCI:C37215
DOID:5474,ovarian serous adenofibroma,NCI:C40031
DOID:5474,ovarian serous adenofibroma,UMLS_CUI:C1518729
DOID:5475,uterine corpus adenofibroma,NCI:C6337
DOID:5475,uterine corpus adenofibroma,UMLS_CUI:C1336901
DOID:5476,cervical adenofibroma,NCI:C40230
DOID:5476,cervical adenofibroma,UMLS_CUI:C1516402
DOID:5477,clear cell adenofibroma,ICDO:8313/0
DOID:5477,clear cell adenofibroma,MESH:D062625
DOID:5477,clear cell adenofibroma,NCI:C8985
DOID:5477,clear cell adenofibroma,SNOMEDCT_US_2023_03_01:2962009
DOID:5477,clear cell adenofibroma,UMLS_CUI:C0334317
DOID:5478,fallopian tube adenofibroma,NCI:C40113
DOID:5478,fallopian tube adenofibroma,UMLS_CUI:C1517109
DOID:5479,papillary adenofibroma,SNOMEDCT_US_2023_03_01:2962009
DOID:5479,papillary adenofibroma,NCI:C8986
DOID:5479,papillary adenofibroma,UMLS_CUI:C1377850
DOID:5480,ovarian endometrioid adenofibroma,NCI:C27287
DOID:5482,cystadenofibroma,MESH:D062625
DOID:5482,cystadenofibroma,NCI:C8985
DOID:5482,cystadenofibroma,SNOMEDCT_US_2023_03_01:2962009
DOID:5482,cystadenofibroma,UMLS_CUI:C0334317
DOID:5484,fibrous synovial sarcoma,NCI:C6533
DOID:5484,fibrous synovial sarcoma,UMLS_CUI:C1333616
DOID:5485,synovial sarcoma,GARD:7721
DOID:5485,synovial sarcoma,ICDO:9040/3
DOID:5485,synovial sarcoma,MESH:D013584
DOID:5485,synovial sarcoma,MIM:300813
DOID:5485,synovial sarcoma,NCI:C3400
DOID:5485,synovial sarcoma,SNOMEDCT_US_2023_03_01:63211008
DOID:5485,synovial sarcoma,UMLS_CUI:C0039101
DOID:5487,spindle cell synovial sarcoma,NCI:C4277
DOID:5487,spindle cell synovial sarcoma,SNOMEDCT_US_2023_03_01:37206003
DOID:5487,spindle cell synovial sarcoma,UMLS_CUI:C0334505
DOID:5488,mediastinum synovial sarcoma,NCI:C6618
DOID:5488,mediastinum synovial sarcoma,UMLS_CUI:C1334681
DOID:5492,biphasic synovial sarcoma,NCI:C4279
DOID:5492,biphasic synovial sarcoma,SNOMEDCT_US_2023_03_01:18588008
DOID:5492,biphasic synovial sarcoma,UMLS_CUI:C0334507
DOID:5494,epithelioid cell synovial sarcoma,NCI:C4278
DOID:5494,epithelioid cell synovial sarcoma,SNOMEDCT_US_2023_03_01:56422000
DOID:5494,epithelioid cell synovial sarcoma,UMLS_CUI:C0334506
DOID:5495,monophasic synovial sarcoma,NCI:C6534
DOID:5495,monophasic synovial sarcoma,UMLS_CUI:C1334801
DOID:5500,cellular ependymoma,MESH:D004806
DOID:5500,cellular ependymoma,NCI:C4713
DOID:5500,cellular ependymoma,SNOMEDCT_US_2023_03_01:57706008
DOID:5500,cellular ependymoma,UMLS_CUI:C1384403
DOID:5503,spinal cord ependymoma,ICDO:9391/3
DOID:5503,spinal cord ependymoma,NCI:C3875
DOID:5503,spinal cord ependymoma,SNOMEDCT_US_2023_03_01:254949006
DOID:5503,spinal cord ependymoma,UMLS_CUI:C0238432
DOID:5504,tanycytic ependymoma,SNOMEDCT_US_2023_03_01:57706008
DOID:5504,tanycytic ependymoma,NCI:C6903
DOID:5504,tanycytic ependymoma,UMLS_CUI:C1370500
DOID:5505,papillary ependymoma,MESH:D004806
DOID:5505,papillary ependymoma,ICDO:9393/3
DOID:5505,papillary ependymoma,NCI:C4319
DOID:5505,papillary ependymoma,SNOMEDCT_US_2023_03_01:112686007
DOID:5505,papillary ependymoma,UMLS_CUI:C0334578
DOID:5508,brain stem ependymoma,NCI:C5098
DOID:5508,brain stem ependymoma,SNOMEDCT_US_2023_03_01:107561000119107
DOID:5508,brain stem ependymoma,UMLS_CUI:C1332609
DOID:5509,childhood ependymoma,NCI:C8578
DOID:5510,pineal dysgerminoma,NCI:C7169
DOID:5510,pineal dysgerminoma,UMLS_CUI:C1335415
DOID:5511,dysgerminoma of ovary,NCI:C8106
DOID:5511,dysgerminoma of ovary,SNOMEDCT_US_2023_03_01:254874008
DOID:5511,dysgerminoma of ovary,UMLS_CUI:C0346185
DOID:5514,breast squamous cell carcinoma,NCI:C5177
DOID:5514,breast squamous cell carcinoma,UMLS_CUI:C1336079
DOID:5515,nasal cavity squamous cell carcinoma,MESH:D000077195
DOID:5515,nasal cavity squamous cell carcinoma,NCI:C8192
DOID:5515,nasal cavity squamous cell carcinoma,UMLS_CUI:C0280333
DOID:5516,gastric squamous cell carcinoma,NCI:C5475
DOID:5516,gastric squamous cell carcinoma,SNOMEDCT_US_2023_03_01:766980008
DOID:5516,gastric squamous cell carcinoma,UMLS_CUI:C1333789
DOID:5517,stomach carcinoma,EFO:0000178
DOID:5517,stomach carcinoma,NCI:C4911
DOID:5517,stomach carcinoma,SNOMEDCT_US_2023_03_01:154446008
DOID:5517,stomach carcinoma,UMLS_CUI:C0699791
DOID:5518,penis squamous cell carcinoma,NCI:C6979
DOID:5518,penis squamous cell carcinoma,NCI:C7729
DOID:5518,penis squamous cell carcinoma,SNOMEDCT_US_2023_03_01:403468003
DOID:5518,penis squamous cell carcinoma,UMLS_CUI:C0238348
DOID:5518,penis squamous cell carcinoma,UMLS_CUI:C1336081
DOID:5519,colon squamous cell carcinoma,NCI:C5490
DOID:5519,colon squamous cell carcinoma,SNOMEDCT_US_2023_03_01:766981007
DOID:5519,colon squamous cell carcinoma,UMLS_CUI:C1333100
DOID:5520,head and neck squamous cell carcinoma,MESH:D000077195
DOID:5520,head and neck squamous cell carcinoma,GARD:8503
DOID:5520,head and neck squamous cell carcinoma,MIM:275355
DOID:5520,head and neck squamous cell carcinoma,NCI:C34447
DOID:5520,head and neck squamous cell carcinoma,SNOMEDCT_US_2023_03_01:716659002
DOID:5520,head and neck squamous cell carcinoma,UMLS_CUI:C1168401
DOID:5521,keratinizing squamous cell carcinoma,NCI:C4105
DOID:5521,keratinizing squamous cell carcinoma,SNOMEDCT_US_2023_03_01:18048008
DOID:5521,keratinizing squamous cell carcinoma,UMLS_CUI:C0334247
DOID:5522,basaloid squamous cell carcinoma,ICDO:8083/3
DOID:5522,basaloid squamous cell carcinoma,NCI:C54244
DOID:5522,basaloid squamous cell carcinoma,SNOMEDCT_US_2023_03_01:128634009
DOID:5522,basaloid squamous cell carcinoma,UMLS_CUI:C1266005
DOID:5524,adenoid squamous cell carcinoma,NCI:C4200
DOID:5524,adenoid squamous cell carcinoma,SNOMEDCT_US_2023_03_01:15176003
DOID:5524,adenoid squamous cell carcinoma,SNOMEDCT_US_2023_03_01:85956000
DOID:5524,adenoid squamous cell carcinoma,UMLS_CUI:C0334250
DOID:5524,adenoid squamous cell carcinoma,UMLS_CUI:C0334393
DOID:5525,anal squamous cell carcinoma,SNOMEDCT_US_2023_03_01:255084004
DOID:5525,anal squamous cell carcinoma,NCI:C9161
DOID:5525,anal squamous cell carcinoma,UMLS_CUI:C1412036
DOID:5526,middle ear squamous cell carcinoma,NCI:C6086
DOID:5526,middle ear squamous cell carcinoma,UMLS_CUI:C1334762
DOID:5527,ampulla of Vater squamous cell carcinoma,NCI:C27417
DOID:5527,ampulla of Vater squamous cell carcinoma,UMLS_CUI:C1332251
DOID:5528,rectum squamous cell carcinoma,NCI:C5554
DOID:5528,rectum squamous cell carcinoma,SNOMEDCT_US_2023_03_01:766979005
DOID:5528,rectum squamous cell carcinoma,UMLS_CUI:C1335690
DOID:5529,lacrimal gland squamous cell carcinoma,NCI:C6092
DOID:5529,lacrimal gland squamous cell carcinoma,UMLS_CUI:C5447980
DOID:5530,thymus squamous cell carcinoma,NCI:C6455
DOID:5530,thymus squamous cell carcinoma,UMLS_CUI:C1336082
DOID:5531,ovarian squamous cell carcinoma,NCI:C40093
DOID:5531,ovarian squamous cell carcinoma,UMLS_CUI:C2019443
DOID:5533,endometrial squamous cell carcinoma,NCI:C8719
DOID:5533,endometrial squamous cell carcinoma,SNOMEDCT_US_2023_03_01:733359005
DOID:5533,endometrial squamous cell carcinoma,UMLS_CUI:C1333396
DOID:5534,renal pelvis squamous cell carcinoma,NCI:C7732
DOID:5534,renal pelvis squamous cell carcinoma,UMLS_CUI:C0238409
DOID:5535,gallbladder squamous cell carcinoma,NCI:C9170
DOID:5535,gallbladder squamous cell carcinoma,UMLS_CUI:C0279658
DOID:5536,sarcomatoid squamous cell skin carcinoma,NCI:C27084
DOID:5536,sarcomatoid squamous cell skin carcinoma,SNOMEDCT_US_2023_03_01:10288008
DOID:5536,sarcomatoid squamous cell skin carcinoma,UMLS_CUI:C0349656
DOID:5537,squamous cell bile duct carcinoma,NCI:C5777
DOID:5537,squamous cell bile duct carcinoma,UMLS_CUI:C0861861
DOID:5538,external ear squamous cell carcinoma,NCI:C6083
DOID:5538,external ear squamous cell carcinoma,UMLS_CUI:C1333494
DOID:5539,ureter squamous cell carcinoma,NCI:C6154
DOID:5539,ureter squamous cell carcinoma,UMLS_CUI:C1336879
DOID:5540,fallopian tube squamous cell carcinoma,NCI:C6282
DOID:5540,fallopian tube squamous cell carcinoma,UMLS_CUI:C1333596
DOID:5545,anal neuroendocrine tumor,NCI:C5603
DOID:5545,anal neuroendocrine tumor,UMLS_CUI:C1332273
DOID:5546,femoral cancer,MESH:D005266
DOID:5546,femoral cancer,SNOMEDCT_US_2023_03_01:126583006
DOID:5546,femoral cancer,UMLS_CUI:C0015807
DOID:5547,pulmonary artery choriocarcinoma,NCI:C5381
DOID:5547,pulmonary artery choriocarcinoma,UMLS_CUI:C1335571
DOID:5550,choriocarcinoma of ovary,NCI:C4515
DOID:5550,choriocarcinoma of ovary,SNOMEDCT_US_2023_03_01:254870004
DOID:5550,choriocarcinoma of ovary,UMLS_CUI:C0346181
DOID:5551,choriocarcinoma of the testis,NCI:C7733
DOID:5551,choriocarcinoma of the testis,SNOMEDCT_US_2023_03_01:147371000119101
DOID:5551,choriocarcinoma of the testis,UMLS_CUI:C0238449
DOID:5553,pineal region choriocarcinoma,NCI:C6759
DOID:5553,pineal region choriocarcinoma,UMLS_CUI:C1335414
DOID:5556,testicular malignant germ cell cancer,NCI:C9063
DOID:5556,testicular malignant germ cell cancer,SNOMEDCT_US_2023_03_01:713646001
DOID:5556,testicular malignant germ cell cancer,UMLS_CUI:C0855197
DOID:5557,testicular germ cell cancer,MESH:C563236
DOID:5557,testicular germ cell cancer,MIM:273300
DOID:5557,testicular germ cell cancer,MIM:300228
DOID:5557,testicular germ cell cancer,NCI:C8591
DOID:5557,testicular germ cell cancer,ORDO:3636504
DOID:5557,testicular germ cell cancer,SNOMEDCT_US_2023_03_01:713577007
DOID:5557,testicular germ cell cancer,UMLS_CUI:C1336708
DOID:5559,mediastinal cancer,ICD10CM:C38.3
DOID:5559,mediastinal cancer,ICD9CM:164.9
DOID:5559,mediastinal cancer,MESH:D008479
DOID:5559,mediastinal cancer,NCI:C3221
DOID:5559,mediastinal cancer,NCI:C3549
DOID:5559,mediastinal cancer,SNOMEDCT_US_2023_03_01:363494000
DOID:5559,mediastinal cancer,SNOMEDCT_US_2023_03_01:94147001
DOID:5559,mediastinal cancer,UMLS_CUI:C0025063
DOID:5559,mediastinal cancer,UMLS_CUI:C0153504
DOID:5560,mediastinal mesenchymal tumor,NCI:C6637
DOID:5560,mediastinal mesenchymal tumor,UMLS_CUI:C1334669
DOID:5561,gastric teratoma,NCI:C5259
DOID:5561,gastric teratoma,UMLS_CUI:C1333790
DOID:5563,malignant teratoma,ICDO:9080/3
DOID:5563,malignant teratoma,MESH:D013724
DOID:5563,malignant teratoma,NCI:C4286
DOID:5563,malignant teratoma,NCI:C8884
DOID:5563,malignant teratoma,SNOMEDCT_US_2023_03_01:1157239001
DOID:5563,malignant teratoma,UMLS_CUI:C0334520
DOID:5563,malignant teratoma,UMLS_CUI:C0855163
DOID:5564,fallopian tube teratoma,NCI:C40131
DOID:5564,fallopian tube teratoma,UMLS_CUI:C1517127
DOID:5565,adult teratoma,SNOMEDCT_US_2023_03_01:42717009
DOID:5565,adult teratoma,NCI:C9013
DOID:5565,adult teratoma,UMLS_CUI:C1368898
DOID:5566,mature teratoma,ICDO:9080/0
DOID:5566,mature teratoma,NCI:C9015
DOID:5566,mature teratoma,SNOMEDCT_US_2023_03_01:55818009
DOID:5566,mature teratoma,UMLS_CUI:C1368910
DOID:5567,ovarian germ cell teratoma,NCI:C8110
DOID:5567,ovarian germ cell teratoma,SNOMEDCT_US_2023_03_01:716077006
DOID:5567,ovarian germ cell teratoma,UMLS_CUI:C0280131
DOID:5568,mediastinum teratoma,NCI:C6438
DOID:5568,mediastinum teratoma,UMLS_CUI:C1334682
DOID:5570,malignant acrospiroma,NCI:C43345
DOID:5570,malignant acrospiroma,SNOMEDCT_US_2023_03_01:403939009
DOID:5570,malignant acrospiroma,UMLS_CUI:C1260964
DOID:5574,VIPoma,GARD:5493
DOID:5574,VIPoma,ICDO:8155/3
DOID:5574,VIPoma,MESH:D003969
DOID:5574,VIPoma,NCI:C26749
DOID:5574,VIPoma,SNOMEDCT_US_2023_03_01:447643008
DOID:5574,VIPoma,UMLS_CUI:C0011993
DOID:5577,gastrinoma,ICDO:8153/3
DOID:5577,gastrinoma,MESH:D015408
DOID:5577,gastrinoma,NCI:C3050
DOID:5577,gastrinoma,SNOMEDCT_US_2023_03_01:16189002
DOID:5577,gastrinoma,UMLS_CUI:C0017150
DOID:5579,gastric gastrinoma,NCI:C27444
DOID:5579,gastric gastrinoma,UMLS_CUI:C1333767
DOID:5580,pancreatic gastrinoma,NCI:C9069
DOID:5580,pancreatic gastrinoma,UMLS_CUI:C1368066
DOID:5583,lung giant cell carcinoma,MESH:D018286
DOID:5583,lung giant cell carcinoma,NCI:C3779
DOID:5583,lung giant cell carcinoma,NCI:C4452
DOID:5583,lung giant cell carcinoma,SNOMEDCT_US_2023_03_01:254631008
DOID:5583,lung giant cell carcinoma,SNOMEDCT_US_2023_03_01:42596004
DOID:5583,lung giant cell carcinoma,UMLS_CUI:C0206703
DOID:5583,lung giant cell carcinoma,UMLS_CUI:C0345960
DOID:5585,Ferguson-Smith tumor,NCI:C4461
DOID:5585,Ferguson-Smith tumor,SNOMEDCT_US_2023_03_01:254659009
DOID:5585,Ferguson-Smith tumor,UMLS_CUI:C0345982
DOID:5588,lung papillary adenocarcinoma,NCI:C5650
DOID:5588,lung papillary adenocarcinoma,SNOMEDCT_US_2023_03_01:1260068009
DOID:5588,lung papillary adenocarcinoma,UMLS_CUI:C1335325
DOID:5591,eccrine papillary adenocarcinoma,SNOMEDCT_US_2023_03_01:128898008
DOID:5591,eccrine papillary adenocarcinoma,UMLS_CUI:C1367774
DOID:5592,breast papillary carcinoma,NCI:C6870
DOID:5592,breast papillary carcinoma,UMLS_CUI:C1336027
DOID:5593,gastric papillary adenocarcinoma,NCI:C5472
DOID:5593,gastric papillary adenocarcinoma,UMLS_CUI:C1333785
DOID:5595,papillary thymic adenocarcinoma,NCI:C27937
DOID:5595,papillary thymic adenocarcinoma,UMLS_CUI:C1335327
DOID:5597,fallopian tube papillary adenocarcinoma,NCI:C6267
DOID:5597,fallopian tube papillary adenocarcinoma,UMLS_CUI:C1333595
DOID:5598,fallopian tube serous adenocarcinoma,NCI:C40099
DOID:5598,fallopian tube serous adenocarcinoma,UMLS_CUI:C1517124
DOID:5602,T-cell adult acute lymphocytic leukemia,NCI:C9142
DOID:5602,T-cell adult acute lymphocytic leukemia,UMLS_CUI:C0279592
DOID:5603,T-cell acute lymphoblastic leukemia,ICDO:9729/3
DOID:5603,T-cell acute lymphoblastic leukemia,ICDO:9837/3
DOID:5603,T-cell acute lymphoblastic leukemia,MESH:D015458
DOID:5603,T-cell acute lymphoblastic leukemia,UMLS_CUI:C0023492
DOID:5604,adult acute lymphocytic leukemia,NCI:C4967
DOID:5604,adult acute lymphocytic leukemia,UMLS_CUI:C0751606
DOID:5605,breast medullary carcinoma,NCI:C9119
DOID:5605,breast medullary carcinoma,UMLS_CUI:C0860580
DOID:5612,spinal cancer,ICD10CM:C72.0
DOID:5612,spinal cancer,ICD9CM:192.2
DOID:5612,spinal cancer,MESH:D013120
DOID:5612,spinal cancer,MESH:D013125
DOID:5612,spinal cancer,NCI:C168693
DOID:5612,spinal cancer,NCI:C3381
DOID:5612,spinal cancer,NCI:C3572
DOID:5612,spinal cancer,SNOMEDCT_US_2023_03_01:126962006
DOID:5612,spinal cancer,SNOMEDCT_US_2023_03_01:709289008
DOID:5612,spinal cancer,SNOMEDCT_US_2023_03_01:94068003
DOID:5612,spinal cancer,UMLS_CUI:C0037930
DOID:5612,spinal cancer,UMLS_CUI:C0037939
DOID:5612,spinal cancer,UMLS_CUI:C0153646
DOID:5615,spinal canal intradural extramedullary neoplasm,NCI:C5135
DOID:5615,spinal canal intradural extramedullary neoplasm,UMLS_CUI:C1334255
DOID:5621,histiocytic and dendritic cell cancer,NCI:C9294
DOID:5621,histiocytic and dendritic cell cancer,UMLS_CUI:C1334030
DOID:5623,adenosquamous breast carcinoma,NCI:C40361
DOID:5623,adenosquamous breast carcinoma,UMLS_CUI:C1510796
DOID:5624,adenosquamous bile duct carcinoma,NCI:C5778
DOID:5624,adenosquamous bile duct carcinoma,UMLS_CUI:C0861854
DOID:5625,esophageal adenosquamous carcinoma,NCI:C27421
DOID:5626,thymus adenosquamous carcinoma,NCI:C6458
DOID:5626,thymus adenosquamous carcinoma,UMLS_CUI:C1332171
DOID:5627,adenosquamous gallbladder carcinoma,NCI:C7356
DOID:5627,adenosquamous gallbladder carcinoma,UMLS_CUI:C1333741
DOID:5628,ampulla of Vater adenosquamous carcinoma,NCI:C27418
DOID:5628,ampulla of Vater adenosquamous carcinoma,UMLS_CUI:C1332245
DOID:5629,adenosquamous colon carcinoma,NCI:C5491
DOID:5629,adenosquamous colon carcinoma,UMLS_CUI:C1333082
DOID:5630,Bartholin's gland adenosquamous carcinoma,NCI:C40296
DOID:5630,Bartholin's gland adenosquamous carcinoma,UMLS_CUI:C1511050
DOID:5632,optic nerve sheath meningioma,NCI:C4538
DOID:5632,optic nerve sheath meningioma,SNOMEDCT_US_2023_03_01:254978007
DOID:5632,optic nerve sheath meningioma,UMLS_CUI:C0346328
DOID:5634,adenosquamous prostate carcinoma,NCI:C5538
DOID:5634,adenosquamous prostate carcinoma,UMLS_CUI:C1335503
DOID:5635,gastric adenosquamous carcinoma,NCI:C5474
DOID:5635,gastric adenosquamous carcinoma,UMLS_CUI:C1333761
DOID:5636,cervical adenosquamous carcinoma,NCI:C4519
DOID:5636,cervical adenosquamous carcinoma,SNOMEDCT_US_2023_03_01:254888007
DOID:5636,cervical adenosquamous carcinoma,UMLS_CUI:C0346202
DOID:5637,pancreatic adenosquamous carcinoma,NCI:C5721
DOID:5637,pancreatic adenosquamous carcinoma,UMLS_CUI:C1335299
DOID:5638,malignant giant cell tumor of soft parts,ICDO:9251/3
DOID:5638,malignant giant cell tumor of soft parts,NCI:C8380
DOID:5638,malignant giant cell tumor of soft parts,SNOMEDCT_US_2023_03_01:48460009
DOID:5638,malignant giant cell tumor of soft parts,UMLS_CUI:C0334554
DOID:5639,rete testis neoplasm,NCI:C39955
DOID:5639,rete testis neoplasm,UMLS_CUI:C1514912
DOID:5643,urethral villous adenoma,NCI:C39872
DOID:5643,urethral villous adenoma,UMLS_CUI:C1519828
DOID:5648,choroid plexus carcinoma,GARD:8238
DOID:5648,choroid plexus carcinoma,ICDO:9390/3
DOID:5648,choroid plexus carcinoma,MESH:C562943
DOID:5648,choroid plexus carcinoma,NCI:C4533
DOID:5648,choroid plexus carcinoma,NCI:C4715
DOID:5648,choroid plexus carcinoma,SNOMEDCT_US_2023_03_01:1156471001
DOID:5648,choroid plexus carcinoma,SNOMEDCT_US_2023_03_01:188292007
DOID:5648,choroid plexus carcinoma,UMLS_CUI:C0346289
DOID:5648,choroid plexus carcinoma,UMLS_CUI:C0431109
DOID:5658,lipid-rich carcinoma,ICDO:8314/3
DOID:5658,lipid-rich carcinoma,NCI:C4152
DOID:5658,lipid-rich carcinoma,SNOMEDCT_US_2023_03_01:189655006
DOID:5658,lipid-rich carcinoma,UMLS_CUI:C0334318
DOID:5660,lymphoepithelioma-like carcinoma,NCI:C4107
DOID:5660,lymphoepithelioma-like carcinoma,SNOMEDCT_US_2023_03_01:764938007
DOID:5660,lymphoepithelioma-like carcinoma,UMLS_CUI:C0334254
DOID:5662,pleomorphic carcinoma,ICDO:8022/3
DOID:5662,pleomorphic carcinoma,NCI:C4094
DOID:5662,pleomorphic carcinoma,SNOMEDCT_US_2023_03_01:16741004
DOID:5662,pleomorphic carcinoma,UMLS_CUI:C0334233
DOID:5665,external ear cancer,NCI:C4653
DOID:5665,external ear cancer,SNOMEDCT_US_2023_03_01:277156006
DOID:5665,external ear cancer,UMLS_CUI:C0349576
DOID:5667,sweat gland carcinoma,NCI:C6938
DOID:5667,sweat gland carcinoma,SNOMEDCT_US_2023_03_01:254708001
DOID:5667,sweat gland carcinoma,UMLS_CUI:C1412016
DOID:5670,comedo carcinoma,NCI:C4188
DOID:5670,comedo carcinoma,SNOMEDCT_US_2023_03_01:36425007
DOID:5670,comedo carcinoma,UMLS_CUI:C0334370
DOID:5672,large intestine cancer,ICD10CM:C18.9
DOID:5672,large intestine cancer,NCI:C4978
DOID:5672,large intestine cancer,SNOMEDCT_US_2023_03_01:93854002
DOID:5672,large intestine cancer,UMLS_CUI:C0346629
DOID:5675,cribriform carcinoma,MESH:D000230
DOID:5675,cribriform carcinoma,ICDO:8201/3
DOID:5675,cribriform carcinoma,NCI:C3680
DOID:5675,cribriform carcinoma,SNOMEDCT_US_2023_03_01:30156004
DOID:5675,cribriform carcinoma,UMLS_CUI:C0205643
DOID:5677,malignant extragonadal nonseminomatous germ cell tumor,GARD:10165
DOID:5677,malignant extragonadal nonseminomatous germ cell tumor,NCI:C8885
DOID:5677,malignant extragonadal nonseminomatous germ cell tumor,UMLS_CUI:C1334582
DOID:5680,embryonal testis carcinoma,NCI:C6341
DOID:5680,embryonal testis carcinoma,UMLS_CUI:C0238448
DOID:5681,ovarian embryonal carcinoma,NCI:C8108
DOID:5681,ovarian embryonal carcinoma,SNOMEDCT_US_2023_03_01:254872007
DOID:5681,ovarian embryonal carcinoma,UMLS_CUI:C0346183
DOID:5690,well-differentiated liposarcoma,MESH:D008080
DOID:5690,well-differentiated liposarcoma,NCI:C176979
DOID:5690,well-differentiated liposarcoma,ORDO:99971
DOID:5690,well-differentiated liposarcoma,SNOMEDCT_US_2023_03_01:28655007
DOID:5690,well-differentiated liposarcoma,UMLS_CUI:C1370889
DOID:5692,cellular myxoid liposarcoma,NCI:C4252
DOID:5692,cellular myxoid liposarcoma,SNOMEDCT_US_2023_03_01:404070007
DOID:5692,cellular myxoid liposarcoma,UMLS_CUI:C0334471
DOID:5693,adult liposarcoma,NCI:C7811
DOID:5693,adult liposarcoma,UMLS_CUI:C0278608
DOID:5694,esophagus liposarcoma,NCI:C5705
DOID:5694,esophagus liposarcoma,UMLS_CUI:C1333456
DOID:5695,childhood liposarcoma,NCI:C8091
DOID:5695,childhood liposarcoma,UMLS_CUI:C0279984
DOID:5696,larynx liposarcoma,NCI:C6021
DOID:5696,larynx liposarcoma,UMLS_CUI:C1334372
DOID:5697,liposarcoma of the ovary,NCI:C6419
DOID:5697,liposarcoma of the ovary,UMLS_CUI:C1335165
DOID:5698,fibroblastic liposarcoma,ICDO:8857/3
DOID:5698,fibroblastic liposarcoma,NCI:C6509
DOID:5698,fibroblastic liposarcoma,SNOMEDCT_US_2023_03_01:128883006
DOID:5698,fibroblastic liposarcoma,UMLS_CUI:C1266130
DOID:5699,kidney liposarcoma,NCI:C6185
DOID:5699,kidney liposarcoma,UMLS_CUI:C1335745
DOID:5700,gastric liposarcoma,NCI:C5488
DOID:5700,gastric liposarcoma,UMLS_CUI:C1333778
DOID:5701,breast liposarcoma,NCI:C5187
DOID:5701,breast liposarcoma,UMLS_CUI:C1332632
DOID:5702,pleomorphic liposarcoma,MESH:D008080
DOID:5702,pleomorphic liposarcoma,ICDO:8854/3
DOID:5702,pleomorphic liposarcoma,NCI:C3705
DOID:5702,pleomorphic liposarcoma,SNOMEDCT_US_2023_03_01:404071006
DOID:5702,pleomorphic liposarcoma,UMLS_CUI:C0205825
DOID:5703,mixed liposarcoma,ICDO:8855/3
DOID:5703,mixed liposarcoma,NCI:C4253
DOID:5703,mixed liposarcoma,SNOMEDCT_US_2023_03_01:11073003
DOID:5703,mixed liposarcoma,UMLS_CUI:C0334472
DOID:5704,sclerosing liposarcoma,SNOMEDCT_US_2023_03_01:28655007
DOID:5704,sclerosing liposarcoma,NCI:C6507
DOID:5704,sclerosing liposarcoma,UMLS_CUI:C0334469
DOID:5705,spindle cell liposarcoma,NCI:C27489
DOID:5705,spindle cell liposarcoma,SNOMEDCT_US_2023_03_01:404073009
DOID:5705,spindle cell liposarcoma,UMLS_CUI:C1275275
DOID:5709,mixed-type liposarcoma,NCI:C27781
DOID:5709,mixed-type liposarcoma,UMLS_CUI:C0545074
DOID:5711,vulvar liposarcoma,NCI:C40321
DOID:5712,cutaneous liposarcoma,NCI:C5615
DOID:5712,cutaneous liposarcoma,UMLS_CUI:C1333175
DOID:5713,mediastinum liposarcoma,NCI:C6614
DOID:5713,mediastinum liposarcoma,UMLS_CUI:C1334663
DOID:5714,intracranial liposarcoma,NCI:C6973
DOID:5714,intracranial liposarcoma,UMLS_CUI:C1334242
DOID:5715,functionless pituitary adenoma,NCI:C4348
DOID:5715,functionless pituitary adenoma,SNOMEDCT_US_2023_03_01:254962005
DOID:5715,functionless pituitary adenoma,UMLS_CUI:C0338078
DOID:5716,hormone producing pituitary cancer,UMLS_CUI:C0278864
DOID:5718,adrenal neuroblastoma,NCI:C4827
DOID:5718,adrenal neuroblastoma,SNOMEDCT_US_2023_03_01:281562007
DOID:5718,adrenal neuroblastoma,UMLS_CUI:C0559460
DOID:5719,adrenal medulla cancer,GARD:5755
DOID:5719,adrenal medulla cancer,ICD10CM:C74.1
DOID:5719,adrenal medulla cancer,NCI:C4396
DOID:5719,adrenal medulla cancer,NCI:C4856
DOID:5719,adrenal medulla cancer,SNOMEDCT_US_2023_03_01:127023007
DOID:5719,adrenal medulla cancer,SNOMEDCT_US_2023_03_01:93666006
DOID:5719,adrenal medulla cancer,UMLS_CUI:C0344456
DOID:5719,adrenal medulla cancer,UMLS_CUI:C0596046
DOID:5724,seminal vesicle cystadenoma,NCI:C39907
DOID:5724,seminal vesicle cystadenoma,UMLS_CUI:C1519234
DOID:5725,rete ovarii cystadenoma,NCI:C40019
DOID:5725,rete ovarii cystadenoma,UMLS_CUI:C1514907
DOID:5726,uterine ligament papillary cystadenoma associated with von Hippel-Lindau disease,NCI:C40142
DOID:5726,uterine ligament papillary cystadenoma associated with von Hippel-Lindau disease,UMLS_CUI:C3642324
DOID:5727,uterine ligament cancer,NCI:C40133
DOID:5727,uterine ligament cancer,UMLS_CUI:C1519870
DOID:5728,diffuse peritoneal leiomyomatosis,GARD:12843
DOID:5728,diffuse peritoneal leiomyomatosis,NCI:C3958
DOID:5728,diffuse peritoneal leiomyomatosis,SNOMEDCT_US_2023_03_01:62557001
DOID:5728,diffuse peritoneal leiomyomatosis,UMLS_CUI:C0267785
DOID:5740,small intestinal vasoactive intestinal peptide producing tumor,NCI:C27455
DOID:5740,small intestinal vasoactive intestinal peptide producing tumor,UMLS_CUI:C1336009
DOID:5741,pancreatic vasoactive intestinal peptide producing tumor,NCI:C95599
DOID:5741,pancreatic vasoactive intestinal peptide producing tumor,UMLS_CUI:C2033037
DOID:5742,pancreatic acinar cell adenocarcinoma,NCI:C7977
DOID:5742,pancreatic acinar cell adenocarcinoma,SNOMEDCT_US_2023_03_01:783771003
DOID:5742,pancreatic acinar cell adenocarcinoma,UMLS_CUI:C0279661
DOID:5743,acinic cell breast carcinoma,NCI:C40367
DOID:5743,acinic cell breast carcinoma,UMLS_CUI:C1515868
DOID:5744,ovary serous adenocarcinoma,NCI:C40025
DOID:5744,ovary serous adenocarcinoma,NCI:C7550
DOID:5744,ovary serous adenocarcinoma,UMLS_CUI:C1335177
DOID:5744,ovary serous adenocarcinoma,UMLS_CUI:C1518234
DOID:5746,ovarian serous cystadenocarcinoma,NCI:C7978
DOID:5746,ovarian serous cystadenocarcinoma,UMLS_CUI:C0279663
DOID:5747,uterine ligament serous adenocarcinoma,NCI:C40136
DOID:5747,uterine ligament serous adenocarcinoma,UMLS_CUI:C1519872
DOID:5750,endometrial serous adenocarcinoma,NCI:C27838
DOID:5750,endometrial serous adenocarcinoma,UMLS_CUI:C0854924
DOID:5751,pancreatic serous cystadenocarcinoma,NCI:C5724
DOID:5751,pancreatic serous cystadenocarcinoma,SNOMEDCT_US_2023_03_01:690801000119108
DOID:5751,pancreatic serous cystadenocarcinoma,UMLS_CUI:C1335315
DOID:5752,cervical serous adenocarcinoma,NCI:C40201
DOID:5752,cervical serous adenocarcinoma,UMLS_CUI:C1516431
DOID:5758,malignant mesenchymoma,GARD:3369
DOID:5758,malignant mesenchymoma,MESH:C535700
DOID:5758,malignant mesenchymoma,NCI:C4268
DOID:5758,malignant mesenchymoma,SNOMEDCT_US_2023_03_01:89623007
DOID:5758,malignant mesenchymoma,UMLS_CUI:C0334492
DOID:5759,sebaceous gland neoplasm,MESH:D012626
DOID:5759,sebaceous gland neoplasm,NCI:C3363
DOID:5759,sebaceous gland neoplasm,SNOMEDCT_US_2023_03_01:126491004
DOID:5759,sebaceous gland neoplasm,UMLS_CUI:C0036503
DOID:5760,sebaceous breast carcinoma,NCI:C40369
DOID:5760,sebaceous breast carcinoma,UMLS_CUI:C1519207
DOID:5761,vulvar sebaceous carcinoma,NCI:C40309
DOID:5761,vulvar sebaceous carcinoma,UMLS_CUI:C1520094
DOID:5763,lung clear cell-sugar-tumor,NCI:C38152
DOID:5763,lung clear cell-sugar-tumor,UMLS_CUI:C1333065
DOID:5764,lung meningioma,NCI:C5276
DOID:5764,lung meningioma,NCI:C5668
DOID:5764,lung meningioma,UMLS_CUI:C1334450
DOID:5764,lung meningioma,UMLS_CUI:C1335488
DOID:5766,pulmonary sclerosing hemangioma,MESH:D047868
DOID:5766,pulmonary sclerosing hemangioma,NCI:C5656
DOID:5766,pulmonary sclerosing hemangioma,SNOMEDCT_US_2023_03_01:707365008
DOID:5766,pulmonary sclerosing hemangioma,UMLS_CUI:C1334455
DOID:5767,hilar lung neoplasm,NCI:C5671
DOID:5767,hilar lung neoplasm,SNOMEDCT_US_2023_03_01:126707007
DOID:5767,hilar lung neoplasm,UMLS_CUI:C1290358
DOID:5772,central nervous system hematologic cancer,NCI:C5503
DOID:5772,central nervous system hematologic cancer,UMLS_CUI:C1332882
DOID:5777,rectum neuroendocrine neoplasm,NCI:C5698
DOID:5777,rectum neuroendocrine neoplasm,SNOMEDCT_US_2023_03_01:1186811008
DOID:5777,rectum neuroendocrine neoplasm,UMLS_CUI:C1335686
DOID:5784,esophageal neuroendocrine tumor,NCI:C5821
DOID:5784,esophageal neuroendocrine tumor,UMLS_CUI:C1333462
DOID:5789,mixed hepatoblastoma,NCI:C7097
DOID:5789,mixed hepatoblastoma,SNOMEDCT_US_2023_03_01:734033006
DOID:5789,mixed hepatoblastoma,UMLS_CUI:C1334784
DOID:5798,macrotrabecular hepatoblastoma,NCI:C7095
DOID:5798,macrotrabecular hepatoblastoma,UMLS_CUI:C1334543
DOID:5806,stork bite,MIM:163100
DOID:5809,childhood parosteal osteogenic sarcoma,NCI:C6589
DOID:5809,childhood parosteal osteogenic sarcoma,UMLS_CUI:C1332994
DOID:5815,cerebral lymphoma,NCI:C7611
DOID:5815,cerebral lymphoma,SNOMEDCT_US_2023_03_01:276836002
DOID:5815,cerebral lymphoma,UMLS_CUI:C0240803
DOID:5820,composite lymphoma,MESH:D058617
DOID:5820,composite lymphoma,NCI:C38661
DOID:5820,composite lymphoma,SNOMEDCT_US_2023_03_01:1156403002
DOID:5820,composite lymphoma,UMLS_CUI:C0545080
DOID:5821,methotrexate-associated lymphoproliferation,SNOMEDCT_US_2023_03_01:771073006
DOID:5821,methotrexate-associated lymphoproliferation,UMLS_CUI:C1334749
DOID:5822,gray zone lymphoma,GARD:10897
DOID:5822,gray zone lymphoma,NCI:C37869
DOID:5822,gray zone lymphoma,SNOMEDCT_US_2023_03_01:722954005
DOID:5822,gray zone lymphoma,UMLS_CUI:C1333878
DOID:5823,childhood lymphoma,NCI:C5165
DOID:5823,childhood lymphoma,UMLS_CUI:C1332979
DOID:5825,adult lymphoma,NCI:C7587
DOID:5825,adult lymphoma,UMLS_CUI:C1332206
DOID:5826,breast lymphoma,SNOMEDCT_US_2023_03_01:278052009
DOID:5826,breast lymphoma,UMLS_CUI:C0349669
DOID:5828,endometrioid ovary carcinoma,NCI:C7979
DOID:5828,endometrioid ovary carcinoma,SNOMEDCT_US_2023_03_01:254852002
DOID:5828,endometrioid ovary carcinoma,UMLS_CUI:C0346163
DOID:5829,uterine ligament endometrioid adenocarcinoma,NCI:C40138
DOID:5829,uterine ligament endometrioid adenocarcinoma,UMLS_CUI:C5557430
DOID:5830,cervical endometrioid adenocarcinoma,NCI:C6343
DOID:5830,cervical endometrioid adenocarcinoma,UMLS_CUI:C1332913
DOID:5831,fallopian tube endometrioid adenocarcinoma,NCI:C40111
DOID:5831,fallopian tube endometrioid adenocarcinoma,NCI:C6279
DOID:5831,fallopian tube endometrioid adenocarcinoma,UMLS_CUI:C1333592
DOID:5831,fallopian tube endometrioid adenocarcinoma,UMLS_CUI:C1517113
DOID:5834,spermatocytoma,NCI:C39921
DOID:5834,spermatocytoma,SNOMEDCT_US_2023_03_01:9294008
DOID:5834,spermatocytoma,UMLS_CUI:C0334517
DOID:5838,extragonadal seminoma,NCI:C7327
DOID:5838,extragonadal seminoma,UMLS_CUI:C1333502
DOID:5842,testis seminoma,MESH:D018239
DOID:5842,testis seminoma,NCI:C9309
DOID:5842,testis seminoma,SNOMEDCT_US_2023_03_01:443675005
DOID:5842,testis seminoma,UMLS_CUI:C0036631
DOID:5859,periosteal chondrosarcoma,ICDO:9221/3
DOID:5861,myxoid chondrosarcoma,ICDO:9231/3
DOID:5861,myxoid chondrosarcoma,SNOMEDCT_US_2023_03_01:75622000
DOID:5861,myxoid chondrosarcoma,UMLS_CUI:C0334551
DOID:5862,localized chondrosarcoma,NCI:C8778
DOID:5862,localized chondrosarcoma,UMLS_CUI:C0855011
DOID:5866,juxtacortical chondrosarcoma,NCI:C7357
DOID:5866,juxtacortical chondrosarcoma,SNOMEDCT_US_2023_03_01:26211003
DOID:5866,juxtacortical chondrosarcoma,UMLS_CUI:C0334549
DOID:5867,clear cell chondrosarcoma,ICDO:9242/3
DOID:5867,clear cell chondrosarcoma,MESH:D000077207
DOID:5867,clear cell chondrosarcoma,NCI:C6475
DOID:5867,clear cell chondrosarcoma,SNOMEDCT_US_2023_03_01:128775007
DOID:5867,clear cell chondrosarcoma,UMLS_CUI:C1266167
DOID:5874,retroperitoneal germ cell neoplasm,NCI:C6447
DOID:5874,retroperitoneal germ cell neoplasm,UMLS_CUI:C1335776
DOID:5875,retroperitoneal cancer,ICD10CM:C48
DOID:5875,retroperitoneal cancer,ICD10CM:C48.0
DOID:5875,retroperitoneal cancer,ICD9CM:158
DOID:5875,retroperitoneal cancer,ICD9CM:158.0
DOID:5875,retroperitoneal cancer,MESH:D012186
DOID:5875,retroperitoneal cancer,NCI:C3357
DOID:5875,retroperitoneal cancer,NCI:C3537
DOID:5875,retroperitoneal cancer,SNOMEDCT_US_2023_03_01:187801002
DOID:5875,retroperitoneal cancer,SNOMEDCT_US_2023_03_01:254617008
DOID:5875,retroperitoneal cancer,SNOMEDCT_US_2023_03_01:363420003
DOID:5875,retroperitoneal cancer,UMLS_CUI:C0035358
DOID:5875,retroperitoneal cancer,UMLS_CUI:C0153464
DOID:5875,retroperitoneal cancer,UMLS_CUI:C0153465
DOID:5876,apocrine sweat gland neoplasm,NCI:C6798
DOID:5876,apocrine sweat gland neoplasm,UMLS_CUI:C1332318
DOID:5877,endocardium cancer,NCI:C4570
DOID:5877,endocardium cancer,NCI:C5346
DOID:5877,endocardium cancer,SNOMEDCT_US_2023_03_01:126731002
DOID:5877,endocardium cancer,SNOMEDCT_US_2023_03_01:363436001
DOID:5877,endocardium cancer,UMLS_CUI:C0346612
DOID:5877,endocardium cancer,UMLS_CUI:C1290401
DOID:5884,benign intermediate mesothelioma,NCI:C7635
DOID:5884,benign intermediate mesothelioma,SNOMEDCT_US_2023_03_01:734100004
DOID:5884,benign intermediate mesothelioma,UMLS_CUI:C1337012
DOID:5889,anaplastic ependymoma,ICDO:9392/3
DOID:5890,malignant adult ependymoma,NCI:C8269
DOID:5890,malignant adult ependymoma,UMLS_CUI:C0280787
DOID:5893,childhood malignant mesenchymoma,NCI:C8097
DOID:5893,childhood malignant mesenchymoma,UMLS_CUI:C0279991
DOID:5894,adult malignant mesenchymoma,NCI:C7947
DOID:5894,adult malignant mesenchymoma,UMLS_CUI:C0279548
DOID:5895,clear cell cystadenofibroma,NCI:C8988
DOID:5895,clear cell cystadenofibroma,SNOMEDCT_US_2023_03_01:58161009
DOID:5895,clear cell cystadenofibroma,UMLS_CUI:C1377853
DOID:5896,ovarian clear cell cystadenofibroma,NCI:C40086
DOID:5896,ovarian clear cell cystadenofibroma,UMLS_CUI:C1518695
DOID:5897,ovarian clear cell adenofibroma,NCI:C40085
DOID:5897,ovarian clear cell adenofibroma,UMLS_CUI:C1518694
DOID:5900,meningeal melanocytoma,ICDO:8728/1
DOID:5900,meningeal melanocytoma,NCI:C4662
DOID:5900,meningeal melanocytoma,ORDO:252046
DOID:5900,meningeal melanocytoma,SNOMEDCT_US_2023_03_01:128730009
DOID:5900,meningeal melanocytoma,UMLS_CUI:C1266113
DOID:5907,penis non-invasive verrucous carcinoma,NCI:C27791
DOID:5907,penis non-invasive verrucous carcinoma,UMLS_CUI:C1334984
DOID:5908,penis verrucous carcinoma,NCI:C6982
DOID:5908,penis verrucous carcinoma,UMLS_CUI:C1336955
DOID:5913,brachial plexus neoplasm,NCI:C5823
DOID:5913,brachial plexus neoplasm,UMLS_CUI:C1332602
DOID:5914,diffuse sclerosing papillary thyroid carcinoma,ICDO:8350/3
DOID:5914,diffuse sclerosing papillary thyroid carcinoma,NCI:C7427
DOID:5914,diffuse sclerosing papillary thyroid carcinoma,SNOMEDCT_US_2023_03_01:62681000
DOID:5914,diffuse sclerosing papillary thyroid carcinoma,UMLS_CUI:C0334330
DOID:5916,uterine corpus leiomyomatosis,NCI:C40170
DOID:5916,uterine corpus leiomyomatosis,UMLS_CUI:C1519855
DOID:5921,adult brainstem mixed glioma,NCI:C9371
DOID:5921,adult brainstem mixed glioma,UMLS_CUI:C1377915
DOID:5922,adult brainstem astrocytoma,NCI:C6954
DOID:5922,adult brainstem astrocytoma,UMLS_CUI:C1332191
DOID:5923,distal biliary tract carcinoma,NCI:C7109
DOID:5923,distal biliary tract carcinoma,UMLS_CUI:C1333308
DOID:5926,extrahepatic bile duct small cell adenocarcinoma,NCI:C5845
DOID:5926,extrahepatic bile duct small cell adenocarcinoma,UMLS_CUI:C1335979
DOID:5936,ovarian mixed germ cell neoplasm,NCI:C8114
DOID:5936,ovarian mixed germ cell neoplasm,UMLS_CUI:C0280135
DOID:5940,malignant peripheral nerve sheath tumor,MESH:D018319
DOID:5940,malignant peripheral nerve sheath tumor,GARD:10872
DOID:5940,malignant peripheral nerve sheath tumor,ICDO:9540/3
DOID:5940,malignant peripheral nerve sheath tumor,NCI:C3798
DOID:5940,malignant peripheral nerve sheath tumor,SNOMEDCT_US_2023_03_01:134324009
DOID:5940,malignant peripheral nerve sheath tumor,UMLS_CUI:C0751690
DOID:5948,angiokeratoma of mibelli,NCI:C3927
DOID:5948,angiokeratoma of mibelli,SNOMEDCT_US_2023_03_01:62727008
DOID:5948,angiokeratoma of mibelli,UMLS_CUI:C0263640
DOID:5949,angiokeratoma circumscriptum,NCI:C7751
DOID:5949,angiokeratoma circumscriptum,SNOMEDCT_US_2023_03_01:21848000
DOID:5949,angiokeratoma circumscriptum,UMLS_CUI:C0263638
DOID:5957,bladder urachal squamous cell carcinoma,NCI:C39845
DOID:5957,bladder urachal squamous cell carcinoma,UMLS_CUI:C1511206
DOID:5958,bladder urachal carcinoma,MESH:C536475
DOID:5958,bladder urachal carcinoma,NCI:C39842
DOID:5958,bladder urachal carcinoma,UMLS_CUI:C2931202
DOID:5973,kidney pelvis papillary carcinoma,NCI:C6148
DOID:5973,kidney pelvis papillary carcinoma,UMLS_CUI:C1377909
DOID:5974,renal pelvis transitional cell carcinoma,NCI:C7355
DOID:5975,renal pelvis papillary tumor,NCI:C8603
DOID:5975,renal pelvis papillary tumor,UMLS_CUI:C0853688
DOID:5977,renal pelvis benign neoplasm,NCI:C8404
DOID:5977,renal pelvis benign neoplasm,SNOMEDCT_US_2023_03_01:126881002
DOID:5977,renal pelvis benign neoplasm,UMLS_CUI:C0346260
DOID:5982,kidney fibrosarcoma,NCI:C7726
DOID:5982,kidney fibrosarcoma,UMLS_CUI:C0238208
DOID:5983,kidney osteogenic sarcoma,NCI:C6181
DOID:5983,kidney osteogenic sarcoma,UMLS_CUI:C1335747
DOID:5990,internal auditory canal meningioma,NCI:C5307
DOID:5990,internal auditory canal meningioma,UMLS_CUI:C1334227
DOID:5997,non-proliferative fibrocystic change of the breast,NCI:C6943
DOID:5997,non-proliferative fibrocystic change of the breast,UMLS_CUI:C1332628
DOID:5999,apocrine adenosis of breast,NCI:C5198
DOID:5999,apocrine adenosis of breast,UMLS_CUI:C1332314
DOID:6001,breast fibrosarcoma,NCI:C5185
DOID:6001,breast fibrosarcoma,UMLS_CUI:C1332630
DOID:6003,aleukemic leukemia cutis,NCI:C4983
DOID:6003,aleukemic leukemia cutis,UMLS_CUI:C0887846
DOID:6004,aleukemic leukemia,NCI:C4982
DOID:6004,aleukemic leukemia,SNOMEDCT_US_2023_03_01:154602005
DOID:6004,aleukemic leukemia,UMLS_CUI:C0877858
DOID:6015,adult central nervous system teratoma,NCI:C5794
DOID:6015,adult central nervous system teratoma,UMLS_CUI:C1370506
DOID:6016,adult central nervous system mature teratoma,NCI:C27400
DOID:6016,adult central nervous system mature teratoma,UMLS_CUI:C1332194
DOID:6017,central nervous system mature teratoma,NCI:C7013
DOID:6017,central nervous system mature teratoma,UMLS_CUI:C1332886
DOID:6018,adult central nervous system immature teratoma,NCI:C27401
DOID:6018,adult central nervous system immature teratoma,UMLS_CUI:C1332193
DOID:6019,central nervous system immature teratoma,NCI:C7014
DOID:6019,central nervous system immature teratoma,UMLS_CUI:C1332883
DOID:6032,juvenile type testicular granulosa cell tumor,NCI:C39947
DOID:6032,juvenile type testicular granulosa cell tumor,NCI:C4207
DOID:6032,juvenile type testicular granulosa cell tumor,SNOMEDCT_US_2023_03_01:189735004
DOID:6032,juvenile type testicular granulosa cell tumor,UMLS_CUI:C0334403
DOID:6032,juvenile type testicular granulosa cell tumor,UMLS_CUI:C1515285
DOID:6033,heart fibrosarcoma,NCI:C5361
DOID:6033,heart fibrosarcoma,UMLS_CUI:C1332844
DOID:6034,heart malignant hemangiopericytoma,NCI:C5365
DOID:6034,heart malignant hemangiopericytoma,UMLS_CUI:C1334567
DOID:6037,spindle cell intraocular melanoma,NCI:C7986
DOID:6037,spindle cell intraocular melanoma,UMLS_CUI:C0279687
DOID:6039,uveal melanoma,MESH:C536494
DOID:6039,uveal melanoma,MIM:155720
DOID:6039,uveal melanoma,MIM:606660
DOID:6039,uveal melanoma,MIM:606661
DOID:6039,uveal melanoma,NCI:C7712
DOID:6039,uveal melanoma,ORDO:39044
DOID:6039,uveal melanoma,UMLS_CUI:C0220633
DOID:6041,choroid spindle cell melanoma,NCI:C6099
DOID:6041,choroid spindle cell melanoma,UMLS_CUI:C1333027
DOID:6043,ciliary body spindle cell melanoma,NCI:C6117
DOID:6043,ciliary body spindle cell melanoma,UMLS_CUI:C1333052
DOID:6048,telangiectatic glomangioma,NCI:C5345
DOID:6048,telangiectatic glomangioma,UMLS_CUI:C1336699
DOID:6052,central nervous system childhood germ cell tumor,NCI:C6205
DOID:6052,central nervous system childhood germ cell tumor,UMLS_CUI:C0278754
DOID:6053,childhood germ cell cancer,NCI:C7928
DOID:6053,childhood germ cell cancer,UMLS_CUI:C0279014
DOID:6054,frontal sinus Schneiderian papilloma,NCI:C6837
DOID:6054,frontal sinus Schneiderian papilloma,UMLS_CUI:C1333645
DOID:6059,nasal vestibule papilloma,NCI:C4369
DOID:6059,nasal vestibule papilloma,SNOMEDCT_US_2023_03_01:232364006
DOID:6059,nasal vestibule papilloma,UMLS_CUI:C0339826
DOID:6065,urinary tract non-invasive transitional cell neoplasm,NCI:C39854
DOID:6065,urinary tract non-invasive transitional cell neoplasm,UMLS_CUI:C1518361
DOID:6067,ovarian mucinous neoplasm,NCI:C40033
DOID:6067,ovarian mucinous neoplasm,NCI:C5242
DOID:6067,ovarian mucinous neoplasm,SNOMEDCT_US_2023_03_01:189683008
DOID:6067,ovarian mucinous neoplasm,UMLS_CUI:C1335168
DOID:6067,ovarian mucinous neoplasm,UMLS_CUI:C1518233
DOID:6082,childhood testicular germ cell tumor,NCI:C6552
DOID:6082,childhood testicular germ cell tumor,UMLS_CUI:C0796663
DOID:6083,childhood ovarian endodermal sinus tumor,NCI:C6551
DOID:6083,childhood ovarian endodermal sinus tumor,UMLS_CUI:C1332993
DOID:6084,childhood ovarian germ cell tumor,NCI:C8588
DOID:6084,childhood ovarian germ cell tumor,UMLS_CUI:C0796664
DOID:6085,meningeal melanoma,ICDO:8720/3
DOID:6085,meningeal melanoma,NCI:C5317
DOID:6085,meningeal melanoma,SNOMEDCT_US_2023_03_01:726420002
DOID:6085,meningeal melanoma,UMLS_CUI:C1334386
DOID:6086,malignant leptomeningeal neoplasm,NCI:C8506
DOID:6086,malignant leptomeningeal neoplasm,UMLS_CUI:C1334596
DOID:6089,childhood leptomeningeal melanoma,NCI:C5318
DOID:6089,childhood leptomeningeal melanoma,UMLS_CUI:C1332976
DOID:6090,adult leptomeningeal melanoma,NCI:C5319
DOID:6090,adult leptomeningeal melanoma,UMLS_CUI:C1332204
DOID:6098,thalamic neoplasm,NCI:C4576
DOID:6098,thalamic neoplasm,NCI:C6221
DOID:6098,thalamic neoplasm,SNOMEDCT_US_2023_03_01:188287005
DOID:6098,thalamic neoplasm,UMLS_CUI:C0346902
DOID:6098,thalamic neoplasm,UMLS_CUI:C1336733
DOID:6101,signet ring cell variant cervical mucinous adenocarcinoma,NCI:C40205
DOID:6101,signet ring cell variant cervical mucinous adenocarcinoma,UMLS_CUI:C1516424
DOID:6103,thoracic spinal canal and spinal cord meningioma,NCI:C5297
DOID:6103,thoracic spinal canal and spinal cord meningioma,UMLS_CUI:C1336738
DOID:6110,jugular foramen meningioma,NCI:C5293
DOID:6110,jugular foramen meningioma,UMLS_CUI:C1334298
DOID:6112,cerebral meningioma,NCI:C4807
DOID:6112,cerebral meningioma,SNOMEDCT_US_2023_03_01:189164002
DOID:6112,cerebral meningioma,UMLS_CUI:C0542564
DOID:6113,intracerebral cystic meningioma,NCI:C5269
DOID:6113,intracerebral cystic meningioma,UMLS_CUI:C1334236
DOID:6114,cerebral convexity meningioma,MESH:D008579
DOID:6114,cerebral convexity meningioma,NCI:C4959
DOID:6114,cerebral convexity meningioma,UMLS_CUI:C0751303
DOID:6115,lateral ventricle meningioma,NCI:C5302
DOID:6115,lateral ventricle meningioma,UMLS_CUI:C1334380
DOID:6118,renal pelvis inverted papilloma,NCI:C6187
DOID:6118,renal pelvis inverted papilloma,UMLS_CUI:C1335751
DOID:6119,renal pelvis urothelial papilloma,NCI:C4528
DOID:6119,renal pelvis urothelial papilloma,UMLS_CUI:C1514844
DOID:6126,anal canal carcinoma,MESH:C563020
DOID:6126,anal canal carcinoma,MIM:105580
DOID:6126,anal canal carcinoma,NCI:C7489
DOID:6126,anal canal carcinoma,SNOMEDCT_US_2023_03_01:285310000
DOID:6126,anal canal carcinoma,UMLS_CUI:C0563211
DOID:6128,gliomatosis cerebri,GARD:6514
DOID:6128,gliomatosis cerebri,ICDO:9381/3
DOID:6128,gliomatosis cerebri,MESH:D018302
DOID:6128,gliomatosis cerebri,NCI:C4318
DOID:6128,gliomatosis cerebri,SNOMEDCT_US_2023_03_01:26138003
DOID:6128,gliomatosis cerebri,UMLS_CUI:C0334576
DOID:6139,uterine corpus epithelioid leiomyosarcoma,NCI:C40174
DOID:6139,uterine corpus epithelioid leiomyosarcoma,UMLS_CUI:C1519851
DOID:6148,nasal cavity carcinoma in situ,ICD10CM:D02.3
DOID:6148,nasal cavity carcinoma in situ,SNOMEDCT_US_2023_03_01:92663007
DOID:6148,nasal cavity carcinoma in situ,UMLS_CUI:C0347095
DOID:6160,childhood choriocarcinoma of the testis,NCI:C6544
DOID:6160,childhood choriocarcinoma of the testis,UMLS_CUI:C1333006
DOID:6161,childhood testicular mixed germ cell tumor,NCI:C6542
DOID:6161,childhood testicular mixed germ cell tumor,UMLS_CUI:C1333009
DOID:6162,childhood embryonal testis carcinoma,NCI:C6545
DOID:6162,childhood embryonal testis carcinoma,UMLS_CUI:C1333007
DOID:6163,familial renal papillary carcinoma,NCI:C9222
DOID:6163,familial renal papillary carcinoma,SNOMEDCT_US_2023_03_01:715561008
DOID:6163,familial renal papillary carcinoma,UMLS_CUI:C0879257
DOID:6166,prostatic urethra urothelial carcinoma,NCI:C39900
DOID:6166,prostatic urethra urothelial carcinoma,UMLS_CUI:C1514522
DOID:6167,prostatic urethral cancer,NCI:C39870
DOID:6167,prostatic urethral cancer,UMLS_CUI:C1514523
DOID:6170,ovarian carcinosarcoma,GARD:7296
DOID:6170,ovarian carcinosarcoma,NCI:C9192
DOID:6170,ovarian carcinosarcoma,SNOMEDCT_US_2023_03_01:702368000
DOID:6170,ovarian carcinosarcoma,UMLS_CUI:C0392998
DOID:6171,uterine carcinosarcoma,GARD:12335
DOID:6171,uterine carcinosarcoma,NCI:C42700
DOID:6171,uterine carcinosarcoma,SNOMEDCT_US_2023_03_01:702369008
DOID:6171,uterine carcinosarcoma,UMLS_CUI:C0280630
DOID:6175,mediastinal neurilemmoma,NCI:C6643
DOID:6175,mediastinal neurilemmoma,UMLS_CUI:C1334679
DOID:6179,ovarian small cell carcinoma,GARD:10411
DOID:6179,ovarian small cell carcinoma,NCI:C27390
DOID:6190,rectum Kaposi's sarcoma,NCI:C5550
DOID:6190,rectum Kaposi's sarcoma,SNOMEDCT_US_2023_03_01:1156797006
DOID:6190,rectum Kaposi's sarcoma,UMLS_CUI:C1335681
DOID:6192,malignant inflammatory fibrous histiocytoma,NCI:C6497
DOID:6192,malignant inflammatory fibrous histiocytoma,UMLS_CUI:C1334180
DOID:6193,epithelioid sarcoma,MESH:D012509
DOID:6193,epithelioid sarcoma,GARD:10181
DOID:6193,epithelioid sarcoma,ICDO:8804/3
DOID:6193,epithelioid sarcoma,NCI:C3714
DOID:6193,epithelioid sarcoma,SNOMEDCT_US_2023_03_01:782827000
DOID:6193,epithelioid sarcoma,UMLS_CUI:C0205944
DOID:6197,conventional malignant hemangiopericytoma,NCI:C9425
DOID:6197,conventional malignant hemangiopericytoma,UMLS_CUI:C1333158
DOID:6198,corneal intraepithelial neoplasm,NCI:C6093
DOID:6198,corneal intraepithelial neoplasm,SNOMEDCT_US_2023_03_01:420835009
DOID:6198,corneal intraepithelial neoplasm,UMLS_CUI:C1333159
DOID:6199,cornea cancer,ICD10CM:C69.1
DOID:6199,cornea cancer,ICD9CM:190.4
DOID:6199,cornea cancer,NCI:C3565
DOID:6199,cornea cancer,NCI:C4361
DOID:6199,cornea cancer,SNOMEDCT_US_2023_03_01:126997008
DOID:6199,cornea cancer,SNOMEDCT_US_2023_03_01:93766000
DOID:6199,cornea cancer,UMLS_CUI:C0153629
DOID:6199,cornea cancer,UMLS_CUI:C0339304
DOID:6201,pericardial mesothelioma,ICD10CM:C45.2
DOID:6201,pericardial mesothelioma,NCI:C7631
DOID:6201,pericardial mesothelioma,NCI:C7632
DOID:6201,pericardial mesothelioma,NCI:C8703
DOID:6201,pericardial mesothelioma,SNOMEDCT_US_2023_03_01:187885008
DOID:6201,pericardial mesothelioma,UMLS_CUI:C0346110
DOID:6201,pericardial mesothelioma,UMLS_CUI:C0854883
DOID:6201,pericardial mesothelioma,UMLS_CUI:C1335381
DOID:6203,thyroid hyalinizing trabecular adenoma,NCI:C6846
DOID:6203,thyroid hyalinizing trabecular adenoma,SNOMEDCT_US_2023_03_01:722214003
DOID:6203,thyroid hyalinizing trabecular adenoma,UMLS_CUI:C1336751
DOID:6204,follicular adenoma,MESH:D000236
DOID:6204,follicular adenoma,ICDO:8330/0
DOID:6204,follicular adenoma,SNOMEDCT_US_2023_03_01:55021007
DOID:6204,follicular adenoma,UMLS_CUI:C0205647
DOID:6208,mediastinal osteogenic sarcoma,NCI:C6615
DOID:6208,mediastinal osteogenic sarcoma,UMLS_CUI:C1334675
DOID:6209,malignant mediastinum hemangiopericytoma,NCI:C6608
DOID:6209,malignant mediastinum hemangiopericytoma,UMLS_CUI:C1334598
DOID:6210,bladder diffuse clear cell adenocarcinoma,NCI:C39849
DOID:6210,bladder diffuse clear cell adenocarcinoma,UMLS_CUI:C1511187
DOID:6211,mixed epithelial tumor of ovary,NCI:C4508
DOID:6211,mixed epithelial tumor of ovary,SNOMEDCT_US_2023_03_01:254855000
DOID:6211,mixed epithelial tumor of ovary,UMLS_CUI:C0346166
DOID:6212,ovarian endometrial cancer,NCI:C40051
DOID:6212,ovarian endometrial cancer,NCI:C6257
DOID:6212,ovarian endometrial cancer,UMLS_CUI:C1335159
DOID:6212,ovarian endometrial cancer,UMLS_CUI:C1518231
DOID:6214,ovarian papillary neoplasm,SNOMEDCT_US_2023_03_01:189683008
DOID:6214,ovarian papillary neoplasm,NCI:C8430
DOID:6214,ovarian papillary neoplasm,UMLS_CUI:C0476121
DOID:6217,gastric diffuse adenocarcinoma,NCI:C4127
DOID:6217,gastric diffuse adenocarcinoma,NCI:C9159
DOID:6217,gastric diffuse adenocarcinoma,SNOMEDCT_US_2023_03_01:24505004
DOID:6217,gastric diffuse adenocarcinoma,UMLS_CUI:C0279635
DOID:6217,gastric diffuse adenocarcinoma,UMLS_CUI:C0334280
DOID:6228,peritoneal serous papillary adenocarcinoma,NCI:C7695
DOID:6228,peritoneal serous papillary adenocarcinoma,SNOMEDCT_US_2023_03_01:15674004
DOID:6228,peritoneal serous papillary adenocarcinoma,UMLS_CUI:C1368918
DOID:6229,childhood mature teratoma of the ovary,NCI:C6548
DOID:6229,childhood mature teratoma of the ovary,UMLS_CUI:C1332991
DOID:6230,childhood teratoma of the ovary,NCI:C6554
DOID:6230,childhood teratoma of the ovary,UMLS_CUI:C1332992
DOID:6231,mature teratoma of the ovary,NCI:C8112
DOID:6231,mature teratoma of the ovary,UMLS_CUI:C1334637
DOID:6232,ovarian biphasic or triphasic teratoma,NCI:C39992
DOID:6232,ovarian biphasic or triphasic teratoma,UMLS_CUI:C1518691
DOID:6239,non-invasive bladder papillary urothelial neoplasm,NCI:C27884
DOID:6239,non-invasive bladder papillary urothelial neoplasm,NCI:C39831
DOID:6239,non-invasive bladder papillary urothelial neoplasm,SNOMEDCT_US_2023_03_01:128625004
DOID:6239,non-invasive bladder papillary urothelial neoplasm,UMLS_CUI:C1266010
DOID:6239,non-invasive bladder papillary urothelial neoplasm,UMLS_CUI:C1518358
DOID:6244,familial renal oncocytoma,NCI:C8960
DOID:6244,familial renal oncocytoma,UMLS_CUI:C0879606
DOID:6245,renal oncocytoma,GARD:8477
DOID:6245,renal oncocytoma,MESH:C537750
DOID:6245,renal oncocytoma,MIM:553000
DOID:6245,renal oncocytoma,NCI:C4526
DOID:6245,renal oncocytoma,SNOMEDCT_US_2023_03_01:254922006
DOID:6245,renal oncocytoma,UMLS_CUI:C0346255
DOID:6249,mediastinum seminoma,NCI:C6812
DOID:6249,mediastinum seminoma,UMLS_CUI:C1334680
DOID:6255,growth hormone secreting pituitary adenoma,MESH:D049912
DOID:6255,growth hormone secreting pituitary adenoma,NCI:C7461
DOID:6255,growth hormone secreting pituitary adenoma,SNOMEDCT_US_2023_03_01:254957009
DOID:6255,growth hormone secreting pituitary adenoma,UMLS_CUI:C0346302
DOID:6256,malignant growth hormone secreting neoplasm of pituitary,NCI:C5963
DOID:6256,malignant growth hormone secreting neoplasm of pituitary,UMLS_CUI:C1334587
DOID:6257,chromophil adenoma of the kidney,NCI:C3687
DOID:6257,chromophil adenoma of the kidney,UMLS_CUI:C1518879
DOID:6258,type 1 papillary adenoma of the kidney,NCI:C39809
DOID:6258,type 1 papillary adenoma of the kidney,UMLS_CUI:C1519706
DOID:6259,type 2 papillary adenoma of the kidney,NCI:C39810
DOID:6259,type 2 papillary adenoma of the kidney,UMLS_CUI:C1519710
DOID:6262,follicular dendritic cell sarcoma,ICD10CM:C96.4
DOID:6262,follicular dendritic cell sarcoma,ICDO:9758/3
DOID:6262,follicular dendritic cell sarcoma,MESH:D054740
DOID:6262,follicular dendritic cell sarcoma,NCI:C9281
DOID:6262,follicular dendritic cell sarcoma,SNOMEDCT_US_2023_03_01:128816008
DOID:6262,follicular dendritic cell sarcoma,UMLS_CUI:C1260325
DOID:6263,inflammatory breast carcinoma,MESH:D058922
DOID:6263,inflammatory breast carcinoma,NCI:C4001
DOID:6263,inflammatory breast carcinoma,SNOMEDCT_US_2023_03_01:254840009
DOID:6263,inflammatory breast carcinoma,UMLS_CUI:C0278601
DOID:6270,gastric cardia carcinoma,NCI:C6794
DOID:6270,gastric cardia carcinoma,UMLS_CUI:C1333763
DOID:6271,gastric cardia adenocarcinoma,NCI:C5247
DOID:6271,gastric cardia adenocarcinoma,UMLS_CUI:C1333762
DOID:6274,malignant thyroid stimulating hormone producing neoplasm of pituitary gland,NCI:C5965
DOID:6274,malignant thyroid stimulating hormone producing neoplasm of pituitary gland,UMLS_CUI:C1334627
DOID:6275,TSH producing pituitary tumor,NCI:C7915
DOID:6275,TSH producing pituitary tumor,SNOMEDCT_US_2023_03_01:254959007
DOID:6275,TSH producing pituitary tumor,UMLS_CUI:C0346303
DOID:6276,malignant ACTH producing neoplasm of pituitary gland,NCI:C5964
DOID:6276,malignant ACTH producing neoplasm of pituitary gland,UMLS_CUI:C1334556
DOID:6278,ovarian mucinous malignant adenofibroma,NCI:C40034
DOID:6284,epicardium lipoma,NCI:C6742
DOID:6284,epicardium lipoma,UMLS_CUI:C1333411
DOID:6285,heart lipoma,NCI:C6741
DOID:6285,heart lipoma,UMLS_CUI:C1332849
DOID:6286,childhood cerebellar astrocytic neoplasm,NCI:C6286
DOID:6286,childhood cerebellar astrocytic neoplasm,UMLS_CUI:C0278594
DOID:6291,cerebral hemisphere lipoma,NCI:C6220
DOID:6291,cerebral hemisphere lipoma,UMLS_CUI:C1332907
DOID:6293,central nervous system lipoma,NCI:C5451
DOID:6293,central nervous system lipoma,UMLS_CUI:C1332885
DOID:6294,corpus callosum lipoma,NCI:C5438
DOID:6294,corpus callosum lipoma,UMLS_CUI:C1333160
DOID:6312,clivus chordoma,NCI:C5412
DOID:6312,clivus chordoma,SNOMEDCT_US_2023_03_01:446939001
DOID:6312,clivus chordoma,UMLS_CUI:C1333071
DOID:6313,clivus chondroid chordoma,NCI:C5426
DOID:6313,clivus chondroid chordoma,UMLS_CUI:C1333072
DOID:6314,ovarian fetiform teratoma,NCI:C39996
DOID:6314,ovarian fetiform teratoma,UMLS_CUI:C1518715
DOID:6315,ovarian solid teratoma,NCI:C7285
DOID:6315,ovarian solid teratoma,UMLS_CUI:C1335181
DOID:6316,Bartholin's gland adenocarcinoma,NCI:C7719
DOID:6316,Bartholin's gland adenocarcinoma,UMLS_CUI:C0238016
DOID:6322,tibial adamantinoma,NCI:C8461
DOID:6322,tibial adamantinoma,SNOMEDCT_US_2023_03_01:210233007
DOID:6322,tibial adamantinoma,UMLS_CUI:C1273017
DOID:6331,immature teratoma of ovary,NCI:C8111
DOID:6331,immature teratoma of ovary,SNOMEDCT_US_2023_03_01:254871000
DOID:6331,immature teratoma of ovary,UMLS_CUI:C0346182
DOID:6332,adult malignant hemangiopericytoma,NCI:C7946
DOID:6332,adult malignant hemangiopericytoma,UMLS_CUI:C0279547
DOID:6333,adult intracranial malignant hemangiopericytoma,NCI:C9183
DOID:6333,adult intracranial malignant hemangiopericytoma,UMLS_CUI:C1334558
DOID:6334,anterior optic tract meningioma,NCI:C7538
DOID:6334,anterior optic tract meningioma,UMLS_CUI:C1332308
DOID:6335,bilateral meningioma of optic nerve,MESH:C000608854
DOID:6335,bilateral meningioma of optic nerve,NCI:C5304
DOID:6335,bilateral meningioma of optic nerve,UMLS_CUI:C1332551
DOID:6337,cerebellopontine angle meningioma,NCI:C5300
DOID:6337,cerebellopontine angle meningioma,SNOMEDCT_US_2023_03_01:126948004
DOID:6337,cerebellopontine angle meningioma,UMLS_CUI:C1263882
DOID:6339,vulvar eccrine adenocarcinoma,NCI:C40305
DOID:6344,melanotic psammomatous malignant peripheral nerve sheath tumor,SNOMEDCT_US_2023_03_01:19897006
DOID:6344,melanotic psammomatous malignant peripheral nerve sheath tumor,NCI:C6910
DOID:6344,melanotic psammomatous malignant peripheral nerve sheath tumor,UMLS_CUI:C1321709
DOID:6345,malignant melanocytic neoplasm of the peripheral nerve sheath,NCI:C4748
DOID:6345,malignant melanocytic neoplasm of the peripheral nerve sheath,SNOMEDCT_US_2023_03_01:404039004
DOID:6345,malignant melanocytic neoplasm of the peripheral nerve sheath,UMLS_CUI:C0474847
DOID:6354,chronic lymphocytic leukemia/small lymphocytic lymphoma,ICDO:9823/3
DOID:6354,chronic lymphocytic leukemia/small lymphocytic lymphoma,NCI:C27911
DOID:6354,chronic lymphocytic leukemia/small lymphocytic lymphoma,SNOMEDCT_US_2023_03_01:399607007
DOID:6354,chronic lymphocytic leukemia/small lymphocytic lymphoma,UMLS_CUI:C1302547
DOID:6367,acral lentiginous melanoma,GARD:9570
DOID:6370,hepatic osteogenic sarcoma,NCI:C5833
DOID:6370,hepatic osteogenic sarcoma,UMLS_CUI:C1333974
DOID:6379,diffuse meningeal melanocytosis,ICDO:8728/0
DOID:6379,diffuse meningeal melanocytosis,NCI:C6890
DOID:6379,diffuse meningeal melanocytosis,ORDO:252031
DOID:6379,diffuse meningeal melanocytosis,SNOMEDCT_US_2023_03_01:128729004
DOID:6379,diffuse meningeal melanocytosis,UMLS_CUI:C1266112
DOID:6381,anterior foramen magnum meningioma,NCI:C5281
DOID:6381,anterior foramen magnum meningioma,UMLS_CUI:C1332302
DOID:6383,childhood brain stem glioma,GARD:9306
DOID:6383,childhood brain stem glioma,NCI:C9042
DOID:6383,childhood brain stem glioma,UMLS_CUI:C0278600
DOID:6386,childhood brainstem astrocytoma,NCI:C6216
DOID:6386,childhood brainstem astrocytoma,UMLS_CUI:C1332950
DOID:6404,metanephric adenoma,ICDO:8325/0
DOID:6404,metanephric adenoma,NCI:C27253
DOID:6404,metanephric adenoma,SNOMEDCT_US_2023_03_01:128670007
DOID:6404,metanephric adenoma,UMLS_CUI:C1266045
DOID:6405,ovarian papillary cystadenoma,NCI:C7278
DOID:6405,ovarian papillary cystadenoma,UMLS_CUI:C1335175
DOID:6407,ovarian surface papilloma,NCI:C7279
DOID:6407,ovarian surface papilloma,UMLS_CUI:C1335183
DOID:6408,ovary papillary carcinoma,NCI:C6256
DOID:6408,ovary papillary carcinoma,UMLS_CUI:C1335178
DOID:6423,childhood central nervous system mature teratoma,NCI:C27404
DOID:6423,childhood central nervous system mature teratoma,UMLS_CUI:C1332955
DOID:6425,eyelid carcinoma,NCI:C6078
DOID:6425,eyelid carcinoma,UMLS_CUI:C0920196
DOID:6428,cervical adenoid basal carcinoma,NCI:C40213
DOID:6428,cervical adenoid basal carcinoma,SNOMEDCT_US_2023_03_01:763063001
DOID:6428,cervical adenoid basal carcinoma,UMLS_CUI:C1516403
DOID:6438,malignant choroid melanoma,NCI:C4561
DOID:6438,malignant choroid melanoma,SNOMEDCT_US_2023_03_01:255021005
DOID:6438,malignant choroid melanoma,UMLS_CUI:C0346388
DOID:6445,ovarian endometrioid malignant adenofibroma,NCI:C40060
DOID:6445,ovarian endometrioid malignant adenofibroma,UMLS_CUI:C1518711
DOID:6446,ceruminous adenocarcinoma,ICDO:8420/3
DOID:6446,ceruminous adenocarcinoma,NCI:C4176
DOID:6446,ceruminous adenocarcinoma,SNOMEDCT_US_2023_03_01:58069009
DOID:6446,ceruminous adenocarcinoma,UMLS_CUI:C0334353
DOID:6448,vulvar apocrine adenocarcinoma,NCI:C40308
DOID:6451,central nervous system fibrosarcoma,NCI:C5465
DOID:6451,central nervous system fibrosarcoma,UMLS_CUI:C1332879
DOID:6458,cerebellar liponeurocytoma,ICDO:9506/1
DOID:6458,cerebellar liponeurocytoma,GARD:10642
DOID:6458,cerebellar liponeurocytoma,NCI:C6905
DOID:6458,cerebellar liponeurocytoma,SNOMEDCT_US_2023_03_01:734134003
DOID:6458,cerebellar liponeurocytoma,UMLS_CUI:C1370507
DOID:6459,rectal lipoma,NCI:C5551
DOID:6459,rectal lipoma,UMLS_CUI:C1335684
DOID:6460,large intestine lipoma,NCI:C5678
DOID:6460,large intestine lipoma,SNOMEDCT_US_2023_03_01:1196824005
DOID:6460,large intestine lipoma,UMLS_CUI:C1333114
DOID:6468,mucinous cystadenofibroma,SNOMEDCT_US_2023_03_01:10705005
DOID:6468,mucinous cystadenofibroma,NCI:C8979
DOID:6468,mucinous cystadenofibroma,UMLS_CUI:C1377844
DOID:6469,ovarian mucinous adenofibroma,NCI:C40040
DOID:6469,ovarian mucinous adenofibroma,UMLS_CUI:C1518723
DOID:6474,childhood teratocarcinoma of the testis,NCI:C6539
DOID:6474,childhood teratocarcinoma of the testis,UMLS_CUI:C1333008
DOID:6476,clear cell variant infiltrating bladder urothelial carcinoma,NCI:C39827
DOID:6476,clear cell variant infiltrating bladder urothelial carcinoma,UMLS_CUI:C1512737
DOID:6477,invasive bladder transitional cell carcinoma,NCI:C27885
DOID:6477,invasive bladder transitional cell carcinoma,UMLS_CUI:C1334281
DOID:6481,bladder signet ring cell adenocarcinoma,NCI:C6163
DOID:6481,bladder signet ring cell adenocarcinoma,UMLS_CUI:C1332563
DOID:6482,lung acinar adenocarcinoma,NCI:C5649
DOID:6482,lung acinar adenocarcinoma,UMLS_CUI:C1332137
DOID:6483,rete testis adenoma,NCI:C39956
DOID:6483,rete testis adenoma,UMLS_CUI:C1514910
DOID:6484,mediastinal melanocytic neurilemmoma,NCI:C6635
DOID:6484,mediastinal melanocytic neurilemmoma,UMLS_CUI:C1334668
DOID:6489,periosteal osteogenic sarcoma,SNOMEDCT_US_2023_03_01:91242000
DOID:6489,periosteal osteogenic sarcoma,NCI:C8970
DOID:6489,periosteal osteogenic sarcoma,UMLS_CUI:C1377843
DOID:6491,breast capillary hemangioma,NCI:C5210
DOID:6491,breast capillary hemangioma,UMLS_CUI:C1332619
DOID:6492,breast epithelioid hemangioma,NCI:C5211
DOID:6492,breast epithelioid hemangioma,UMLS_CUI:C1332627
DOID:6494,childhood myxoid chondrosarcoma,NCI:C27377
DOID:6494,childhood myxoid chondrosarcoma,UMLS_CUI:C1332984
DOID:6498,seborrheic keratosis,SNOMEDCT_US_2023_03_01:201096007
DOID:6498,seborrheic keratosis,ICD10CM:L82
DOID:6498,seborrheic keratosis,GARD:3108
DOID:6498,seborrheic keratosis,ICD9CM:702.1
DOID:6498,seborrheic keratosis,MESH:D017492
DOID:6498,seborrheic keratosis,MIM:182000
DOID:6498,seborrheic keratosis,NCI:C9006
DOID:6498,seborrheic keratosis,UMLS_CUI:C0022603
DOID:6500,cerebellar angioblastoma,NCI:C5146
DOID:6500,cerebellar angioblastoma,UMLS_CUI:C1332900
DOID:6501,brain stem angioblastoma,NCI:C5147
DOID:6501,brain stem angioblastoma,UMLS_CUI:C1332611
DOID:6505,vaginal spindle cell epithelioma,NCI:C40280
DOID:6505,vaginal spindle cell epithelioma,UMLS_CUI:C1511107
DOID:6510,lung occult squamous cell carcinoma,NCI:C6686
DOID:6510,lung occult squamous cell carcinoma,UMLS_CUI:C1335100
DOID:6511,glandular pattern ovarian yolk sac tumor,NCI:C39988
DOID:6511,glandular pattern ovarian yolk sac tumor,UMLS_CUI:C1518747
DOID:6512,hepatoid pattern ovarian yolk sac tumor,NCI:C39989
DOID:6512,hepatoid pattern ovarian yolk sac tumor,UMLS_CUI:C1518748
DOID:6514,polyvesicular vitelline pattern ovarian yolk sac tumor,NCI:C39987
DOID:6514,polyvesicular vitelline pattern ovarian yolk sac tumor,UMLS_CUI:C1518749
DOID:6517,clivus meningioma,NCI:C5289
DOID:6517,clivus meningioma,UMLS_CUI:C1333073
DOID:6518,Bartholin's gland adenomyoma,NCI:C40300
DOID:6518,Bartholin's gland adenomyoma,UMLS_CUI:C1511049
DOID:6522,mixed cell uveal melanoma,NCI:C35781
DOID:6522,mixed cell uveal melanoma,UMLS_CUI:C1334782
DOID:6523,ciliary body mixed cell melanoma,NCI:C35783
DOID:6523,ciliary body mixed cell melanoma,UMLS_CUI:C1333051
DOID:6524,malignant ciliary body melanoma,NCI:C4558
DOID:6524,malignant ciliary body melanoma,SNOMEDCT_US_2023_03_01:255015006
DOID:6524,malignant ciliary body melanoma,UMLS_CUI:C0346379
DOID:6525,choroid mixed cell melanoma,NCI:C35782
DOID:6525,choroid mixed cell melanoma,UMLS_CUI:C1333025
DOID:6530,thymoma type B2,NCI:C6888
DOID:6530,thymoma type B2,SNOMEDCT_US_2023_03_01:128713007
DOID:6530,thymoma type B2,UMLS_CUI:C1266095
DOID:6536,plasma cell neoplasm,EFO:0000200
DOID:6536,plasma cell neoplasm,MESH:D010265
DOID:6536,plasma cell neoplasm,SNOMEDCT_US_2023_03_01:71390001
DOID:6536,plasma cell neoplasm,UMLS_CUI:C1136084
DOID:6547,heart lymphoma,NCI:C5368
DOID:6547,heart lymphoma,UMLS_CUI:C1332850
DOID:6548,angiomatous meningioma,MESH:D008579
DOID:6548,angiomatous meningioma,ICDO:9534/0
DOID:6548,angiomatous meningioma,NCI:C4332
DOID:6548,angiomatous meningioma,SNOMEDCT_US_2023_03_01:73918009
DOID:6548,angiomatous meningioma,UMLS_CUI:C0334608
DOID:6552,gastric small cell carcinoma,NCI:C6764
DOID:6552,gastric small cell carcinoma,UMLS_CUI:C1333788
DOID:6553,posterior foramen magnum meningioma,NCI:C5282
DOID:6553,posterior foramen magnum meningioma,UMLS_CUI:C1335449
DOID:6554,ovarian clear cell malignant adenofibroma,NCI:C40079
DOID:6559,ethmoid sinus Schneiderian papilloma,NCI:C6836
DOID:6559,ethmoid sinus Schneiderian papilloma,UMLS_CUI:C1333476
DOID:656,adrenal adenoma,GARD:5745
DOID:6562,ethmoid sinus inverted papilloma,NCI:C6843
DOID:6562,ethmoid sinus inverted papilloma,UMLS_CUI:C1333474
DOID:6564,neurilemmoma of the pleura,NCI:C5418
DOID:6564,neurilemmoma of the pleura,UMLS_CUI:C1335435
DOID:6566,posterior uveal melanoma,NCI:C9089
DOID:6566,posterior uveal melanoma,NCI:C9090
DOID:6566,posterior uveal melanoma,UMLS_CUI:C0278867
DOID:6566,posterior uveal melanoma,UMLS_CUI:C0278868
DOID:6567,uterine corpus myxoid leiomyosarcoma,NCI:C40175
DOID:6567,uterine corpus myxoid leiomyosarcoma,UMLS_CUI:C1519861
DOID:6569,micropapillomatosis labialis,NCI:C40290
DOID:6569,micropapillomatosis labialis,UMLS_CUI:C1519982
DOID:657,adenoma,MESH:D000236
DOID:657,adenoma,ICDO:8140/0
DOID:657,adenoma,NCI:C2855
DOID:657,adenoma,NCI:C4196
DOID:657,adenoma,SNOMEDCT_US_2023_03_01:443416007
DOID:657,adenoma,SNOMEDCT_US_2023_03_01:79041005
DOID:657,adenoma,UMLS_CUI:C0001430
DOID:657,adenoma,UMLS_CUI:C0334389
DOID:6575,childhood optic tract astrocytoma,NCI:C7534
DOID:6575,childhood optic tract astrocytoma,UMLS_CUI:C1333014
DOID:6576,childhood optic nerve glioma,MESH:D020339
DOID:6576,childhood optic nerve glioma,NCI:C7535
DOID:6576,childhood optic nerve glioma,UMLS_CUI:C0278653
DOID:6579,chest wall bone cancer,NCI:C6724
DOID:6579,chest wall bone cancer,UMLS_CUI:C1334572
DOID:6581,breast apocrine carcinoma,NCI:C5141
DOID:6581,breast apocrine carcinoma,UMLS_CUI:C1332316
DOID:6585,breast oncocytic carcinoma,ICDO:8290/3
DOID:6585,breast oncocytic carcinoma,NCI:C40366
DOID:6585,breast oncocytic carcinoma,UMLS_CUI:C1518574
DOID:6587,breast tubular carcinoma,ICDO:8211/3
DOID:6587,breast tubular carcinoma,NCI:C9135
DOID:6587,breast tubular carcinoma,UMLS_CUI:C1328544
DOID:6594,bladder colonic type adenocarcinoma,NCI:C39835
DOID:6594,bladder colonic type adenocarcinoma,UMLS_CUI:C1511188
DOID:6595,gastric tubular adenocarcinoma,NCI:C5473
DOID:6595,gastric tubular adenocarcinoma,UMLS_CUI:C1333791
DOID:660,adrenal cortex cancer,ICD10CM:C74.0
DOID:660,adrenal cortex cancer,MESH:D000306
DOID:660,adrenal cortex cancer,NCI:C2858
DOID:660,adrenal cortex cancer,NCI:C9327
DOID:660,adrenal cortex cancer,SNOMEDCT_US_2023_03_01:127022002
DOID:660,adrenal cortex cancer,SNOMEDCT_US_2023_03_01:93664009
DOID:660,adrenal cortex cancer,UMLS_CUI:C0001618
DOID:660,adrenal cortex cancer,UMLS_CUI:C0346402
DOID:6605,classic variant of chromophobe renal cell carcinoma,NCI:C27888
DOID:6605,classic variant of chromophobe renal cell carcinoma,UMLS_CUI:C1333062
DOID:6606,eosinophilic variant of chromophobe renal cell carcinoma,NCI:C27889
DOID:6606,eosinophilic variant of chromophobe renal cell carcinoma,UMLS_CUI:C1333405
DOID:6607,nervous system hibernoma,NCI:C6997
DOID:6608,endobronchial leiomyoma,NCI:C5661
DOID:6608,endobronchial leiomyoma,UMLS_CUI:C1333386
DOID:6610,bone epithelioid hemangioma,NCI:C5396
DOID:6610,bone epithelioid hemangioma,NCI:C6477
DOID:6610,bone epithelioid hemangioma,SNOMEDCT_US_2023_03_01:685021000119103
DOID:6610,bone epithelioid hemangioma,UMLS_CUI:C1332575
DOID:6610,bone epithelioid hemangioma,UMLS_CUI:C1332578
DOID:6613,vaginal villous adenoma,NCI:C40259
DOID:6613,vaginal villous adenoma,UMLS_CUI:C1519936
DOID:6621,cerebral angioma,NCI:C5433
DOID:6621,cerebral angioma,UMLS_CUI:C0877388
DOID:6627,cervical adenoma malignum,NCI:C40206
DOID:6627,cervical adenoma malignum,UMLS_CUI:C1516423
DOID:6629,nipple carcinoma,NCI:C28432
DOID:6629,nipple carcinoma,UMLS_CUI:C1334966
DOID:663,scrotal angioma,NCI:C6387
DOID:663,scrotal angioma,UMLS_CUI:C1335936
DOID:6634,adult central nervous system choriocarcinoma,NCI:C5793
DOID:6634,adult central nervous system choriocarcinoma,UMLS_CUI:C1370505
DOID:6639,childhood CNS choriocarcinoma,NCI:C6206
DOID:6639,childhood CNS choriocarcinoma,UMLS_CUI:C1377604
DOID:664,angiokeratoma of Fordyce,NCI:C7752
DOID:664,angiokeratoma of Fordyce,SNOMEDCT_US_2023_03_01:254789007
DOID:664,angiokeratoma of Fordyce,UMLS_CUI:C0263639
DOID:6641,breast juvenile papillomatosis,NCI:C9503
DOID:6641,breast juvenile papillomatosis,SNOMEDCT_US_2023_03_01:708518001
DOID:6641,breast juvenile papillomatosis,UMLS_CUI:C1334303
DOID:6648,adult pineoblastoma,NCI:C8292
DOID:6648,adult pineoblastoma,UMLS_CUI:C0281332
DOID:6654,childhood central nervous system immature teratoma,NCI:C27405
DOID:6654,childhood central nervous system immature teratoma,UMLS_CUI:C1332954
DOID:6657,breast large cell neuroendocrine carcinoma,NCI:C40356
DOID:6657,breast large cell neuroendocrine carcinoma,UMLS_CUI:C1511316
DOID:6658,pulmonary large cell neuroendocrine carcinoma,NCI:C5672
DOID:6658,pulmonary large cell neuroendocrine carcinoma,NCI:C6875
DOID:6658,pulmonary large cell neuroendocrine carcinoma,SNOMEDCT_US_2023_03_01:128628002
DOID:6658,pulmonary large cell neuroendocrine carcinoma,UMLS_CUI:C1265996
DOID:6658,pulmonary large cell neuroendocrine carcinoma,UMLS_CUI:C1334363
DOID:6659,cervical large cell neuroendocrine carcinoma,NCI:C40214
DOID:6659,cervical large cell neuroendocrine carcinoma,UMLS_CUI:C1516417
DOID:6693,testicular monophasic choriocarcinoma,NCI:C39935
DOID:6693,testicular monophasic choriocarcinoma,UMLS_CUI:C1515290
DOID:6696,synchronous multifocal osteogenic sarcoma,NCI:C6471
DOID:6696,synchronous multifocal osteogenic sarcoma,UMLS_CUI:C1336544
DOID:6697,asynchronous multifocal osteogenic sarcoma,NCI:C6472
DOID:6697,asynchronous multifocal osteogenic sarcoma,UMLS_CUI:C1332342
DOID:6700,gastric fundus carcinoma,NCI:C8398
DOID:6700,gastric fundus carcinoma,SNOMEDCT_US_2023_03_01:254555008
DOID:6700,gastric fundus carcinoma,UMLS_CUI:C0345799
DOID:6703,gastric pylorus carcinoma,NCI:C6795
DOID:6703,gastric pylorus carcinoma,UMLS_CUI:C1333787
DOID:6705,gastric body carcinoma,NCI:C8399
DOID:6705,gastric body carcinoma,SNOMEDCT_US_2023_03_01:254557000
DOID:6705,gastric body carcinoma,UMLS_CUI:C0345804
DOID:6706,tubular variant testicular seminoma,NCI:C40959
DOID:6706,tubular variant testicular seminoma,UMLS_CUI:C1515294
DOID:6707,malignant triton tumor,NCI:C4335
DOID:6707,malignant triton tumor,SNOMEDCT_US_2023_03_01:189951004
DOID:6707,malignant triton tumor,UMLS_CUI:C0334616
DOID:672,spleen cancer,GARD:7683
DOID:672,spleen cancer,ICD10CM:C26.1
DOID:672,spleen cancer,MESH:D013160
DOID:672,spleen cancer,NCI:C3383
DOID:672,spleen cancer,NCI:C3539
DOID:672,spleen cancer,SNOMEDCT_US_2023_03_01:127230005
DOID:672,spleen cancer,SNOMEDCT_US_2023_03_01:94071006
DOID:672,spleen cancer,UMLS_CUI:C0037999
DOID:672,spleen cancer,UMLS_CUI:C0153470
DOID:6721,Littre gland carcinoma,NCI:C39865
DOID:6721,Littre gland carcinoma,UMLS_CUI:C1516285
DOID:6723,malignant type AB thymoma,NCI:C6886
DOID:6723,malignant type AB thymoma,SNOMEDCT_US_2023_03_01:128710005
DOID:6723,malignant type AB thymoma,UMLS_CUI:C1266093
DOID:6726,fibrillary astrocytoma,MESH:D001254
DOID:6726,fibrillary astrocytoma,ICDO:9420/3
DOID:6726,fibrillary astrocytoma,NCI:C4322
DOID:6726,fibrillary astrocytoma,SNOMEDCT_US_2023_03_01:71314006
DOID:6726,fibrillary astrocytoma,UMLS_CUI:C0334582
DOID:6727,colon small cell carcinoma,NCI:C6761
DOID:6727,colon small cell carcinoma,UMLS_CUI:C1333099
DOID:6733,intrahepatic bile duct cystadenoma,NCI:C96835
DOID:6733,intrahepatic bile duct cystadenoma,UMLS_CUI:C1334257
DOID:6735,schwannoma of jugular foramen,NCI:C5323
DOID:6735,schwannoma of jugular foramen,UMLS_CUI:C1334300
DOID:6740,cervix small cell carcinoma,NCI:C7982
DOID:6740,cervix small cell carcinoma,UMLS_CUI:C0279674
DOID:6741,bilateral breast cancer,NCI:C8287
DOID:6741,bilateral breast cancer,UMLS_CUI:C0281267
DOID:6742,synchronous bilateral breast carcinoma,NCI:C40370
DOID:6742,synchronous bilateral breast carcinoma,UMLS_CUI:C1515107
DOID:6752,internal auditory canal lipoma,NCI:C5452
DOID:6752,internal auditory canal lipoma,UMLS_CUI:C1334226
DOID:6755,amyloid tumor,SNOMEDCT_US_2023_03_01:37279009
DOID:6755,amyloid tumor,UMLS_CUI:C0333572
DOID:6758,chest wall lymphoma,NCI:C4580
DOID:6758,chest wall lymphoma,NCI:C6712
DOID:6758,chest wall lymphoma,SNOMEDCT_US_2023_03_01:93754006
DOID:6758,chest wall lymphoma,UMLS_CUI:C0346948
DOID:6758,chest wall lymphoma,UMLS_CUI:C1332933
DOID:6759,bone lymphoma,NCI:C6620
DOID:6759,bone lymphoma,SNOMEDCT_US_2023_03_01:766935007
DOID:6759,bone lymphoma,UMLS_CUI:C1332582
DOID:6760,lung lymphoma,UMLS_CUI:C0519063
DOID:6762,sternum lymphoma,NCI:C6716
DOID:6762,sternum lymphoma,UMLS_CUI:C1336504
DOID:6774,polyembryoma of the ovary,NCI:C39990
DOID:6774,polyembryoma of the ovary,UMLS_CUI:C1514199
DOID:6776,breast myoepithelial carcinoma,NCI:C40395
DOID:6776,breast myoepithelial carcinoma,UMLS_CUI:C1518167
DOID:6777,villoglandular endometrial endometrioid adenocarcinoma,NCI:C27846
DOID:6777,villoglandular endometrial endometrioid adenocarcinoma,UMLS_CUI:C1336962
DOID:6785,desmoplastic small round cell tumor,GARD:6265
DOID:6785,desmoplastic small round cell tumor,ICDO:8806/3
DOID:6785,desmoplastic small round cell tumor,NCI:C8300
DOID:6786,childhood botryoid rhabdomyosarcoma,NCI:C35574
DOID:6786,childhood botryoid rhabdomyosarcoma,UMLS_CUI:C1332944
DOID:6787,childhood vagina botryoid rhabdomyosarcoma,NCI:C35556
DOID:6787,childhood vagina botryoid rhabdomyosarcoma,UMLS_CUI:C1332945
DOID:6788,vagina botryoid rhabdomyosarcoma,NCI:C40268
DOID:6788,vagina botryoid rhabdomyosarcoma,UMLS_CUI:C1511275
DOID:6789,vulvar childhood botryoid-type embryonal rhabdomyosarcoma,NCI:C36098
DOID:6789,vulvar childhood botryoid-type embryonal rhabdomyosarcoma,UMLS_CUI:C1332946
DOID:6804,colon Kaposi sarcoma,NCI:C5516
DOID:6804,colon Kaposi sarcoma,SNOMEDCT_US_2023_03_01:1156795003
DOID:6804,colon Kaposi sarcoma,UMLS_CUI:C1333091
DOID:6811,juvenile pilocytic astrocytoma,MESH:D001254
DOID:6811,juvenile pilocytic astrocytoma,NCI:C27081
DOID:6811,juvenile pilocytic astrocytoma,UMLS_CUI:C0280783
DOID:6812,childhood pilocytic astrocytoma,NCI:C4048
DOID:6812,childhood pilocytic astrocytoma,UMLS_CUI:C1332995
DOID:6823,pancreatoblastoma,GARD:4210
DOID:6823,pancreatoblastoma,ICDO:8971/3
DOID:6823,pancreatoblastoma,MESH:C537162
DOID:6823,pancreatoblastoma,NCI:C4265
DOID:6823,pancreatoblastoma,SNOMEDCT_US_2023_03_01:53618008
DOID:6823,pancreatoblastoma,UMLS_CUI:C0334489
DOID:6827,pancreatic solid pseudopapillary carcinoma,NCI:C5728
DOID:6827,pancreatic solid pseudopapillary carcinoma,SNOMEDCT_US_2023_03_01:782697005
DOID:6827,pancreatic solid pseudopapillary carcinoma,UMLS_CUI:C1336029
DOID:6837,rete ovarii adenoma,NCI:C40018
DOID:6837,rete ovarii adenoma,SNOMEDCT_US_2023_03_01:703654008
DOID:6837,rete ovarii adenoma,UMLS_CUI:C1514905
DOID:6838,rete ovarii cystadenofibroma,NCI:C40020
DOID:6838,rete ovarii cystadenofibroma,UMLS_CUI:C1514906
DOID:6839,breast intraductal proliferative lesion,NCI:C27942
DOID:6839,breast intraductal proliferative lesion,UMLS_CUI:C1334631
DOID:684,hepatocellular carcinoma,ICD10CM:C22.0
DOID:684,hepatocellular carcinoma,EFO:0000182
DOID:684,hepatocellular carcinoma,ICDO:8170/3
DOID:684,hepatocellular carcinoma,MESH:D006528
DOID:684,hepatocellular carcinoma,MIM:114550
DOID:684,hepatocellular carcinoma,NCI:C3099
DOID:684,hepatocellular carcinoma,ORDO:88673
DOID:684,hepatocellular carcinoma,SNOMEDCT_US_2023_03_01:154469006
DOID:684,hepatocellular carcinoma,UMLS_CUI:C2239176
DOID:6841,flat ductal epithelial atypia,NCI:C36086
DOID:6841,flat ductal epithelial atypia,SNOMEDCT_US_2023_03_01:860895001
DOID:6841,flat ductal epithelial atypia,UMLS_CUI:C1333620
DOID:6844,kidney pelvis sarcomatoid transitional cell carcinoma,NCI:C6186
DOID:6844,kidney pelvis sarcomatoid transitional cell carcinoma,UMLS_CUI:C1335752
DOID:6845,infiltrating ureter transitional cell carcinoma,NCI:C39879
DOID:6845,infiltrating ureter transitional cell carcinoma,UMLS_CUI:C1512750
DOID:6846,familial melanoma,NCI:C8498
DOID:6846,familial melanoma,UMLS_CUI:C1512419
DOID:6847,adult botryoid rhabdomyosarcoma,NCI:C36099
DOID:6847,adult botryoid rhabdomyosarcoma,UMLS_CUI:C1332185
DOID:6848,adult vagina botryoid rhabdomyosarcoma,NCI:C40267
DOID:6848,adult vagina botryoid rhabdomyosarcoma,UMLS_CUI:C1515893
DOID:6854,ethmoid sinus ectopic meningioma,NCI:C5309
DOID:6854,ethmoid sinus ectopic meningioma,UMLS_CUI:C1333475
DOID:6856,pineal region teratoma,NCI:C6753
DOID:6856,pineal region teratoma,UMLS_CUI:C1335419
DOID:6857,pineal region mature teratoma,NCI:C6754
DOID:6857,pineal region mature teratoma,UMLS_CUI:C1335417
DOID:6858,pineal region immature teratoma,NCI:C6755
DOID:6858,pineal region immature teratoma,UMLS_CUI:C1335416
DOID:686,liver carcinoma,NCI:C7927
DOID:686,liver carcinoma,UMLS_CUI:C0279000
DOID:6865,oxyphilic endometrial endometrioid adenocarcinoma,NCI:C27849
DOID:6865,oxyphilic endometrial endometrioid adenocarcinoma,UMLS_CUI:C1518768
DOID:6867,mediastinal gray zone lymphoma,NCI:C37870
DOID:6867,mediastinal gray zone lymphoma,UMLS_CUI:C1334657
DOID:6868,mediastinal malignant lymphoma,NCI:C6633
DOID:6868,mediastinal malignant lymphoma,UMLS_CUI:C1334665
DOID:6869,parasagittal meningioma,MESH:D008579
DOID:6869,parasagittal meningioma,NCI:C4960
DOID:6869,parasagittal meningioma,UMLS_CUI:C0751304
DOID:687,hepatoblastoma,GARD:2657
DOID:687,hepatoblastoma,ICD10CM:C22.2
DOID:687,hepatoblastoma,ICDO:8970/3
DOID:687,hepatoblastoma,MESH:D018197
DOID:687,hepatoblastoma,NCI:C3728
DOID:687,hepatoblastoma,SNOMEDCT_US_2023_03_01:109843000
DOID:687,hepatoblastoma,UMLS_CUI:C0206624
DOID:6871,spinal cord neuroblastoma,NCI:C5155
DOID:6871,spinal cord neuroblastoma,UMLS_CUI:C1336046
DOID:6872,spinal cord primitive neuroectodermal neoplasm,NCI:C5406
DOID:6872,spinal cord primitive neuroectodermal neoplasm,UMLS_CUI:C1336048
DOID:688,embryonal cancer,MESH:D009373
DOID:688,embryonal cancer,NCI:C3264
DOID:688,embryonal cancer,UMLS_CUI:C0027654
DOID:6880,small bowel fibrosarcoma,NCI:C5336
DOID:6880,small bowel fibrosarcoma,UMLS_CUI:C1335994
DOID:6886,ureter small cell carcinoma,NCI:C6176
DOID:6886,ureter small cell carcinoma,UMLS_CUI:C1336878
DOID:6888,ureter transitional cell carcinoma,NCI:C4830
DOID:6888,ureter transitional cell carcinoma,SNOMEDCT_US_2023_03_01:300988009
DOID:6888,ureter transitional cell carcinoma,UMLS_CUI:C0577692
DOID:6898,ovarian seromucinous carcinoma,NCI:C40090
DOID:6898,ovarian seromucinous carcinoma,UMLS_CUI:C0279392
DOID:6901,familiar ovarian carcinoma,NCI:C36102
DOID:6901,familiar ovarian carcinoma,UMLS_CUI:C1333992
DOID:6903,eye lymphoma,NCI:C35690
DOID:6903,eye lymphoma,SNOMEDCT_US_2023_03_01:312939009
DOID:6903,eye lymphoma,UMLS_CUI:C0730306
DOID:6906,glomangiomatosis,ICDO:8711/1
DOID:6906,glomangiomatosis,NCI:C27496
DOID:6906,glomangiomatosis,SNOMEDCT_US_2023_03_01:703603008
DOID:6906,glomangiomatosis,UMLS_CUI:C1333824
DOID:6917,predominantly cortical thymoma,NCI:C6887
DOID:6917,predominantly cortical thymoma,SNOMEDCT_US_2023_03_01:128711009
DOID:6917,predominantly cortical thymoma,UMLS_CUI:C1266094
DOID:6931,papillary extrahepatic bile duct adenocarcinoma,UMLS_CUI:C0861858
DOID:6932,urinary bladder inverted papilloma,NCI:C39859
DOID:6932,urinary bladder inverted papilloma,SNOMEDCT_US_2023_03_01:447765004
DOID:6932,urinary bladder inverted papilloma,UMLS_CUI:C1511190
DOID:6933,bladder transitional cell papilloma,NCI:C3842
DOID:6933,bladder transitional cell papilloma,NCI:C39858
DOID:6933,bladder transitional cell papilloma,SNOMEDCT_US_2023_03_01:189459005
DOID:6933,bladder transitional cell papilloma,SNOMEDCT_US_2023_03_01:45083001
DOID:6933,bladder transitional cell papilloma,UMLS_CUI:C0235754
DOID:6933,bladder transitional cell papilloma,UMLS_CUI:C1384678
DOID:6934,urethra inverted papilloma,NCI:C6173
DOID:6934,urethra inverted papilloma,UMLS_CUI:C1336887
DOID:6935,ureter inverted papilloma,NCI:C6174
DOID:6935,ureter inverted papilloma,UMLS_CUI:C1336874
DOID:6936,ureter urothelial papilloma,NCI:C6160
DOID:6936,ureter urothelial papilloma,UMLS_CUI:C1519823
DOID:6938,childhood intraocular retinoblastoma,NCI:C9047
DOID:6938,childhood intraocular retinoblastoma,UMLS_CUI:C1321869
DOID:6939,childhood brain meningioma,NCI:C6253
DOID:6939,childhood brain meningioma,UMLS_CUI:C1332949
DOID:6943,vulvar inverted follicular keratosis,NCI:C40291
DOID:6943,vulvar inverted follicular keratosis,UMLS_CUI:C1520084
DOID:6944,vulvar seborrheic keratosis,NCI:C6375
DOID:6944,vulvar seborrheic keratosis,UMLS_CUI:C1336981
DOID:6945,inverted follicular keratosis,SNOMEDCT_US_2023_03_01:201096007
DOID:6945,inverted follicular keratosis,NCI:C9007
DOID:6945,inverted follicular keratosis,UMLS_CUI:C0334019
DOID:6947,sphenoidal sinus benign neoplasm,NCI:C6792
DOID:6947,sphenoidal sinus benign neoplasm,SNOMEDCT_US_2023_03_01:126679002
DOID:6947,sphenoidal sinus benign neoplasm,UMLS_CUI:C0345676
DOID:6948,malignant gastric teratoma,NCI:C5256
DOID:6948,malignant gastric teratoma,UMLS_CUI:C1334151
DOID:6951,telangiectatic osteogenic sarcoma,NCI:C3902
DOID:6951,telangiectatic osteogenic sarcoma,SNOMEDCT_US_2023_03_01:78453009
DOID:6951,telangiectatic osteogenic sarcoma,UMLS_CUI:C0259782
DOID:6958,aleukemic monocytic leukemia cutis,NCI:C5630
DOID:6958,aleukemic monocytic leukemia cutis,UMLS_CUI:C1332232
DOID:6959,rectal cloacogenic carcinoma,NCI:C5555
DOID:6959,rectal cloacogenic carcinoma,UMLS_CUI:C1333074
DOID:6961,Bartholin's gland squamous cell carcinoma,NCI:C40293
DOID:6961,Bartholin's gland squamous cell carcinoma,UMLS_CUI:C1511052
DOID:6975,bladder urothelial papillary carcinoma,NCI:C7383
DOID:6975,bladder urothelial papillary carcinoma,UMLS_CUI:C1518882
DOID:6976,micropapillary variant infiltrating bladder urothelial carcinoma,NCI:C27202
DOID:6976,micropapillary variant infiltrating bladder urothelial carcinoma,UMLS_CUI:C1517579
DOID:6988,peripheral epithelioid sarcoma,NCI:C27473
DOID:6988,peripheral epithelioid sarcoma,UMLS_CUI:C1333306
DOID:6992,intraocular mixed cell type melanoma,NCI:C7989
DOID:6992,intraocular mixed cell type melanoma,UMLS_CUI:C0279693
DOID:6993,iris mixed cell melanoma,NCI:C6101
DOID:6993,iris mixed cell melanoma,UMLS_CUI:C1334210
DOID:6994,malignant iris melanoma,NCI:C9088
DOID:6994,malignant iris melanoma,SNOMEDCT_US_2023_03_01:255012009
DOID:6994,malignant iris melanoma,UMLS_CUI:C0346373
DOID:6996,intermediate cell type choroid melanoma,NCI:C6100
DOID:6996,intermediate cell type choroid melanoma,UMLS_CUI:C1334208
DOID:6997,intermediate cell type ciliary body melanoma,NCI:C6118
DOID:6997,intermediate cell type ciliary body melanoma,UMLS_CUI:C1334209
DOID:6998,gallbladder mucinous carcinoma,NCI:C5744
DOID:6998,gallbladder mucinous carcinoma,UMLS_CUI:C1333750
DOID:7004,ACTH-secreting pituitary adenoma,GARD:12867
DOID:7004,ACTH-secreting pituitary adenoma,MESH:D049913
DOID:7004,ACTH-secreting pituitary adenoma,MIM:219090
DOID:7004,ACTH-secreting pituitary adenoma,NCI:C7462
DOID:7004,ACTH-secreting pituitary adenoma,SNOMEDCT_US_2023_03_01:254958004
DOID:7004,ACTH-secreting pituitary adenoma,UMLS_CUI:C1306214
DOID:7005,gemistocytic astrocytoma,MESH:D001254
DOID:7005,gemistocytic astrocytoma,ICDO:9411/3
DOID:7005,gemistocytic astrocytoma,NCI:C4321
DOID:7005,gemistocytic astrocytoma,SNOMEDCT_US_2023_03_01:73982001
DOID:7005,gemistocytic astrocytoma,UMLS_CUI:C0334581
DOID:7007,childhood cerebral astrocytoma,MESH:D001254
DOID:7007,childhood cerebral astrocytoma,NCI:C4347
DOID:7007,childhood cerebral astrocytoma,UMLS_CUI:C0338070
DOID:7008,protoplasmic astrocytoma,MESH:D001254
DOID:7008,protoplasmic astrocytoma,ICDO:9410/3
DOID:7008,protoplasmic astrocytoma,NCI:C4320
DOID:7008,protoplasmic astrocytoma,SNOMEDCT_US_2023_03_01:55094006
DOID:7008,protoplasmic astrocytoma,UMLS_CUI:C0334580
DOID:7013,ovarian mucinous cystadenofibroma,NCI:C40041
DOID:7013,ovarian mucinous cystadenofibroma,UMLS_CUI:C1518725
DOID:7014,infiltrating lipoma,SNOMEDCT_US_2023_03_01:24045002
DOID:7014,infiltrating lipoma,NCI:C7450
DOID:7014,infiltrating lipoma,UMLS_CUI:C0334473
DOID:7016,tendon sheath lipoma,NCI:C6499
DOID:7016,tendon sheath lipoma,UMLS_CUI:C1336703
DOID:7017,lumbosacral lipoma,NCI:C6500
DOID:7017,lumbosacral lipoma,UMLS_CUI:C1334438
DOID:7024,mucinous intrahepatic cholangiocarcinoma,NCI:C41618
DOID:7024,mucinous intrahepatic cholangiocarcinoma,UMLS_CUI:C1513718
DOID:7030,bronchial mucus gland adenoma,NCI:C5664
DOID:7030,bronchial mucus gland adenoma,SNOMEDCT_US_2023_03_01:838297005
DOID:7030,bronchial mucus gland adenoma,UMLS_CUI:C1332640
DOID:7031,glottis squamous cell carcinoma,NCI:C8186
DOID:7031,glottis squamous cell carcinoma,UMLS_CUI:C0280325
DOID:7032,bile duct clear cell adenocarcinoma,NCI:C5775
DOID:7032,bile duct clear cell adenocarcinoma,UMLS_CUI:C0861855
DOID:7037,childhood immature teratoma of ovary,NCI:C6547
DOID:7037,childhood immature teratoma of ovary,UMLS_CUI:C1332990
DOID:7039,Borst-Jadassohn intraepidermal carcinoma,SNOMEDCT_US_2023_03_01:403886007
DOID:7039,Borst-Jadassohn intraepidermal carcinoma,UMLS_CUI:C0334260
DOID:7040,uveal epithelioid cell melanoma,NCI:C35780
DOID:7040,uveal epithelioid cell melanoma,UMLS_CUI:C1333422
DOID:7041,choroid epithelioid cell melanoma,NCI:C6102
DOID:7041,choroid epithelioid cell melanoma,UMLS_CUI:C1333024
DOID:7042,ciliary body epithelioid cell melanoma,NCI:C6119
DOID:7042,ciliary body epithelioid cell melanoma,UMLS_CUI:C1333050
DOID:7045,basaloid lung carcinoma,NCI:C7266
DOID:7045,basaloid lung carcinoma,UMLS_CUI:C1332463
DOID:7046,cervical basaloid squamous cell carcinoma,NCI:C40189
DOID:7046,cervical basaloid squamous cell carcinoma,UMLS_CUI:C1511063
DOID:7047,penis basaloid carcinoma,NCI:C6980
DOID:7047,penis basaloid carcinoma,UMLS_CUI:C1332462
DOID:7048,vulvar basaloid squamous cell carcinoma,NCI:C40286
DOID:7049,basaloid squamous cell skin carcinoma,NCI:C27543
DOID:7049,basaloid squamous cell skin carcinoma,UMLS_CUI:C1335973
DOID:7050,thymus basaloid carcinoma,NCI:C6456
DOID:7050,thymus basaloid carcinoma,UMLS_CUI:C1332464
DOID:7051,esophageal basaloid squamous cell carcinoma,NCI:C7032
DOID:7051,esophageal basaloid squamous cell carcinoma,UMLS_CUI:C1333443
DOID:7054,multiple skull base meningioma,NCI:C5279
DOID:7054,multiple skull base meningioma,UMLS_CUI:C1334829
DOID:706,mature B-cell neoplasm,EFO:0000096
DOID:706,mature B-cell neoplasm,NCI:C27910
DOID:706,mature B-cell neoplasm,UMLS_CUI:C1334633
DOID:707,B-cell lymphoma,GARD:5877
DOID:707,B-cell lymphoma,MESH:D016393
DOID:707,B-cell lymphoma,NCI:C3457
DOID:707,B-cell lymphoma,SNOMEDCT_US_2023_03_01:109979007
DOID:707,B-cell lymphoma,UMLS_CUI:C0079731
DOID:7071,spinal cord dermoid cyst,NCI:C6808
DOID:7071,spinal cord dermoid cyst,SNOMEDCT_US_2023_03_01:830015009
DOID:7071,spinal cord dermoid cyst,UMLS_CUI:C1333278
DOID:7076,breast lipid-rich carcinoma,ICDO:8314/3
DOID:7076,breast lipid-rich carcinoma,NCI:C40365
DOID:7076,breast lipid-rich carcinoma,UMLS_CUI:C1517894
DOID:7077,malignant melanocytic peripheral nerve sheath tumor of mediastinum,NCI:C6630
DOID:7077,malignant melanocytic peripheral nerve sheath tumor of mediastinum,UMLS_CUI:C1334600
DOID:7079,adult cystic teratoma,SNOMEDCT_US_2023_03_01:42717009
DOID:7079,adult cystic teratoma,NCI:C9012
DOID:7079,adult cystic teratoma,UMLS_CUI:C1368888
DOID:7081,lung mixed small cell and squamous cell carcinoma,NCI:C9423
DOID:7081,lung mixed small cell and squamous cell carcinoma,UMLS_CUI:C1334788
DOID:7086,multicentric papillary thyroid carcinoma,NCI:C37304
DOID:7086,multicentric papillary thyroid carcinoma,UMLS_CUI:C1334817
DOID:7088,columnar cell papillary thyroid carcinoma,ICDO:8344/3
DOID:7088,columnar cell papillary thyroid carcinoma,NCI:C35830
DOID:7088,columnar cell papillary thyroid carcinoma,UMLS_CUI:C1333120
DOID:7089,tall cell papillary thyroid carcinoma,NCI:C35558
DOID:7089,tall cell papillary thyroid carcinoma,UMLS_CUI:C1336695
DOID:709,splenic manifestation of hairy cell leukemia,ICD9CM:202.47
DOID:709,splenic manifestation of hairy cell leukemia,NCI:C7301
DOID:709,splenic manifestation of hairy cell leukemia,SNOMEDCT_US_2023_03_01:93151007
DOID:709,splenic manifestation of hairy cell leukemia,UMLS_CUI:C0153832
DOID:709,splenic manifestation of hairy cell leukemia,UMLS_CUI:C1336064
DOID:7095,childhood epithelioid sarcoma,NCI:C8095
DOID:7095,childhood epithelioid sarcoma,UMLS_CUI:C0279989
DOID:7097,macrocystic pattern testicular yolk sac tumor,NCI:C39924
DOID:7097,macrocystic pattern testicular yolk sac tumor,UMLS_CUI:C1515307
DOID:710,splenic manifestation of leukemia,NCI:C7296
DOID:710,splenic manifestation of leukemia,UMLS_CUI:C1336065
DOID:7103,diaphragma sellae meningioma,NCI:C5283
DOID:7103,diaphragma sellae meningioma,UMLS_CUI:C1333283
DOID:7105,epiglottis neoplasm,NCI:C4933
DOID:7105,epiglottis neoplasm,SNOMEDCT_US_2023_03_01:126699008
DOID:7105,epiglottis neoplasm,UMLS_CUI:C1290353
DOID:711,refractory hairy cell leukemia,ICD10CM:C91.42
DOID:711,refractory hairy cell leukemia,NCI:C142882
DOID:711,refractory hairy cell leukemia,UMLS_CUI:C0279780
DOID:712,refractory hematologic cancer,NCI:C27357
DOID:712,refractory hematologic cancer,UMLS_CUI:C1335724
DOID:713,HCL-V,NCI:C7401
DOID:713,HCL-V,SNOMEDCT_US_2023_03_01:54087003
DOID:713,HCL-V,UMLS_CUI:C0349633
DOID:7132,urinary bladder small cell neuroendocrine carcinoma,NCI:C9461
DOID:7132,urinary bladder small cell neuroendocrine carcinoma,SNOMEDCT_US_2023_03_01:718604008
DOID:7132,urinary bladder small cell neuroendocrine carcinoma,UMLS_CUI:C1332564
DOID:7133,gallbladder small cell carcinoma,NCI:C6763
DOID:7133,gallbladder small cell carcinoma,UMLS_CUI:C1333759
DOID:7134,esophagus small cell carcinoma,NCI:C6762
DOID:7134,esophagus small cell carcinoma,UMLS_CUI:C1112474
DOID:7136,ampulla of Vater small cell carcinoma,NCI:C6655
DOID:7136,ampulla of Vater small cell carcinoma,UMLS_CUI:C1332250
DOID:7139,endometrial small cell carcinoma,NCI:C40155
DOID:7139,endometrial small cell carcinoma,UMLS_CUI:C1516858
DOID:7140,Bartholin's gland small cell carcinoma,NCI:C40298
DOID:7140,Bartholin's gland small cell carcinoma,UMLS_CUI:C1511051
DOID:7141,prostate small cell carcinoma,SNOMEDCT_US_2023_03_01:396198006
DOID:7141,prostate small cell carcinoma,UMLS_CUI:C1300585
DOID:7142,thymus small cell carcinoma,NCI:C6460
DOID:7142,thymus small cell carcinoma,UMLS_CUI:C1335980
DOID:7144,laryngeal small cell carcinoma,NCI:C6025
DOID:7144,laryngeal small cell carcinoma,UMLS_CUI:C1334378
DOID:7146,Langerhans cell sarcoma,ICD10CM:C96.4
DOID:7146,Langerhans cell sarcoma,GARD:10491
DOID:7146,Langerhans cell sarcoma,ICDO:9756/3
DOID:7146,Langerhans cell sarcoma,MESH:D054752
DOID:7146,Langerhans cell sarcoma,NCI:C6921
DOID:7146,Langerhans cell sarcoma,ORDO:86897
DOID:7146,Langerhans cell sarcoma,SNOMEDCT_US_2023_03_01:724649000
DOID:7146,Langerhans cell sarcoma,UMLS_CUI:C1260327
DOID:7152,prostate stromal sarcoma,NCI:C5524
DOID:7152,prostate stromal sarcoma,UMLS_CUI:C1335521
DOID:7154,anaplastic oligodendroglioma,NCI:C4326
DOID:7160,rectal leiomyoma,NCI:C5552
DOID:7160,rectal leiomyoma,UMLS_CUI:C1335682
DOID:7168,lung occult adenocarcinoma,NCI:C6699
DOID:7168,lung occult adenocarcinoma,UMLS_CUI:C1335096
DOID:7169,lung occult large cell carcinoma,NCI:C6685
DOID:7169,lung occult large cell carcinoma,UMLS_CUI:C1335095
DOID:7173,cloacogenic carcinoma,ICDO:8124/3
DOID:7173,cloacogenic carcinoma,NCI:C8255
DOID:7173,cloacogenic carcinoma,SNOMEDCT_US_2023_03_01:84570003
DOID:7173,cloacogenic carcinoma,UMLS_CUI:C0334273
DOID:7174,anus basaloid carcinoma,NCI:C8256
DOID:7174,anus basaloid carcinoma,UMLS_CUI:C0280470
DOID:7175,anal Buschke-Lowenstein tumor,NCI:C7470
DOID:7175,anal Buschke-Lowenstein tumor,UMLS_CUI:C1332278
DOID:7177,anal canal squamous cell carcinoma,NCI:C7469
DOID:7177,anal canal squamous cell carcinoma,UMLS_CUI:C1332262
DOID:7179,mixed eosinophil-basophil adenoma,NCI:C4148
DOID:7179,mixed eosinophil-basophil adenoma,SNOMEDCT_US_2023_03_01:48619006
DOID:7179,mixed eosinophil-basophil adenoma,UMLS_CUI:C0334312
DOID:7181,benign dermal neurilemmoma,NCI:C5569
DOID:7181,benign dermal neurilemmoma,UMLS_CUI:C1332490
DOID:7191,ovarian endometrioid cystadenoma,NCI:C40075
DOID:7191,ovarian endometrioid cystadenoma,UMLS_CUI:C1518713
DOID:7192,hereditary conventional renal cell carcinoma,NCI:C36260
DOID:7192,hereditary conventional renal cell carcinoma,SNOMEDCT_US_2023_03_01:764961009
DOID:7192,hereditary conventional renal cell carcinoma,UMLS_CUI:C1333985
DOID:7198,maxillary sinus adenoid cystic carcinoma,NCI:C6239
DOID:7198,maxillary sinus adenoid cystic carcinoma,UMLS_CUI:C1334643
DOID:7202,intermediate malignant teratoma,NCI:C4288
DOID:7202,intermediate malignant teratoma,SNOMEDCT_US_2023_03_01:21912003
DOID:7202,intermediate malignant teratoma,UMLS_CUI:C0334522
DOID:7206,melanomatosis,NCI:C9499
DOID:7206,melanomatosis,UMLS_CUI:C1334691
DOID:7207,lung combined large cell neuroendocrine carcinoma,NCI:C7267
DOID:7207,lung combined large cell neuroendocrine carcinoma,UMLS_CUI:C1333122
DOID:7210,psammomatous meningioma,MESH:D008579
DOID:7210,psammomatous meningioma,ICDO:9533/0
DOID:7210,psammomatous meningioma,NCI:C4331
DOID:7210,psammomatous meningioma,SNOMEDCT_US_2023_03_01:38431002
DOID:7210,psammomatous meningioma,UMLS_CUI:C0334607
DOID:7211,fibrous meningioma,MESH:D008579
DOID:7211,fibrous meningioma,ICDO:9532/0
DOID:7211,fibrous meningioma,NCI:C4330
DOID:7211,fibrous meningioma,SNOMEDCT_US_2023_03_01:511008
DOID:7211,fibrous meningioma,UMLS_CUI:C0334606
DOID:7212,meningothelial meningioma,MESH:D008579
DOID:7212,meningothelial meningioma,ICDO:9531/0
DOID:7212,meningothelial meningioma,NCI:C4329
DOID:7212,meningothelial meningioma,SNOMEDCT_US_2023_03_01:68944005
DOID:7212,meningothelial meningioma,UMLS_CUI:C0334605
DOID:7213,transitional meningioma,MESH:D008579
DOID:7213,transitional meningioma,ICDO:9537/0
DOID:7213,transitional meningioma,NCI:C4333
DOID:7213,transitional meningioma,SNOMEDCT_US_2023_03_01:64967004
DOID:7213,transitional meningioma,UMLS_CUI:C0334611
DOID:7214,noninvasive malignant thymoma,NCI:C9080
DOID:7214,noninvasive malignant thymoma,UMLS_CUI:C0278847
DOID:7221,gallbladder papillary carcinoma,NCI:C5743
DOID:7221,gallbladder papillary carcinoma,UMLS_CUI:C5399921
DOID:7223,breast giant fibroadenoma,NCI:C4273
DOID:7223,breast giant fibroadenoma,SNOMEDCT_US_2023_03_01:254846003
DOID:7223,breast giant fibroadenoma,UMLS_CUI:C0346157
DOID:7224,spinal meninges cancer,ICD10CM:C70.1
DOID:7224,spinal meninges cancer,ICD9CM:192.3
DOID:7224,spinal meninges cancer,SNOMEDCT_US_2023_03_01:94069006
DOID:7224,spinal meninges cancer,UMLS_CUI:C0153647
DOID:7230,postgerminal center chronic lymphocytic leukemia/small lymphocytic lymphoma,NCI:C37201
DOID:7230,postgerminal center chronic lymphocytic leukemia/small lymphocytic lymphoma,UMLS_CUI:C1333037
DOID:7231,childhood CNS embryonal cell carcinoma,NCI:C6208
DOID:7231,childhood CNS embryonal cell carcinoma,UMLS_CUI:C1377605
DOID:7232,central nervous system embryonal carcinoma,NCI:C7010
DOID:7232,central nervous system embryonal carcinoma,UMLS_CUI:C1333377
DOID:7233,adult central nervous system embryonal carcinoma,NCI:C5790
DOID:7233,adult central nervous system embryonal carcinoma,UMLS_CUI:C1370503
DOID:7234,mucinous cystadenocarcinoma of pancreas,NCI:C5713
DOID:7234,mucinous cystadenocarcinoma of pancreas,SNOMEDCT_US_2023_03_01:785879009
DOID:7234,mucinous cystadenocarcinoma of pancreas,UMLS_CUI:C2063873
DOID:7235,pancreatic mucinous cystadenoma,NCI:C41247
DOID:7235,pancreatic mucinous cystadenoma,UMLS_CUI:C1518872
DOID:7236,pancreatic invasive mucinous cystadenocarcinoma,NCI:C41246
DOID:7236,pancreatic invasive mucinous cystadenocarcinoma,UMLS_CUI:C1518870
DOID:7237,pancreatic non-invasive mucinous cystadenocarcinoma,NCI:C41245
DOID:7237,pancreatic non-invasive mucinous cystadenocarcinoma,SNOMEDCT_US_2023_03_01:128900005
DOID:7237,pancreatic non-invasive mucinous cystadenocarcinoma,UMLS_CUI:C1266078
DOID:7241,uterine corpus apoplectic leiomyoma,NCI:C40165
DOID:7241,uterine corpus apoplectic leiomyoma,UMLS_CUI:C1519852
DOID:7242,uterine corpus cellular leiomyoma,NCI:C40163
DOID:7242,uterine corpus cellular leiomyoma,UMLS_CUI:C1519845
DOID:7244,bladder urachal urothelial carcinoma,NCI:C39844
DOID:7244,bladder urachal urothelial carcinoma,UMLS_CUI:C1511207
DOID:7246,lymphoepithelioma-like acinar prostate adenocarcinoma,NCI:C39885
DOID:7246,lymphoepithelioma-like acinar prostate adenocarcinoma,UMLS_CUI:C1515864
DOID:7266,familiar fallopian tube carcinoma,NCI:C40455
DOID:7266,familiar fallopian tube carcinoma,UMLS_CUI:C1512418
DOID:7267,lung clear cell carcinoma,SNOMEDCT_US_2023_03_01:254630009
DOID:7267,lung clear cell carcinoma,UMLS_CUI:C0345959
DOID:7269,cribriform variant testicular seminoma,NCI:C40957
DOID:7269,cribriform variant testicular seminoma,UMLS_CUI:C1515292
DOID:7284,Skene gland carcinoma,NCI:C39863
DOID:7284,Skene gland carcinoma,NCI:C7371
DOID:7284,Skene gland carcinoma,UMLS_CUI:C1335352
DOID:7284,Skene gland carcinoma,UMLS_CUI:C1527427
DOID:7289,"endometrial endometrioid adenocarcinoma, secretory variant",NCI:C27839
DOID:7289,"endometrial endometrioid adenocarcinoma, secretory variant",SNOMEDCT_US_2023_03_01:128680006
DOID:7289,"endometrial endometrioid adenocarcinoma, secretory variant",UMLS_CUI:C1266057
DOID:7293,mucin-rich endometrial endometrioid adenocarcinoma,NCI:C8717
DOID:7293,mucin-rich endometrial endometrioid adenocarcinoma,UMLS_CUI:C1513711
DOID:7297,childhood extraosseous osteosarcoma,NCI:C27376
DOID:7297,childhood extraosseous osteosarcoma,UMLS_CUI:C1332968
DOID:730,urethral benign neoplasm,MESH:D014523
DOID:730,urethral benign neoplasm,NCI:C3428
DOID:730,urethral benign neoplasm,SNOMEDCT_US_2023_03_01:126883004
DOID:730,urethral benign neoplasm,UMLS_CUI:C0041971
DOID:7302,endodermal sinus pattern testicular yolk sac tumor,NCI:C39927
DOID:7302,endodermal sinus pattern testicular yolk sac tumor,UMLS_CUI:C1515303
DOID:7305,astroblastoma,ICDO:9430/3
DOID:7305,astroblastoma,MESH:D018302
DOID:7305,astroblastoma,GARD:10635
DOID:7305,astroblastoma,NCI:C4324
DOID:7305,astroblastoma,SNOMEDCT_US_2023_03_01:48952003
DOID:7305,astroblastoma,UMLS_CUI:C0334587
DOID:731,urinary system benign neoplasm,MESH:D014571
DOID:731,urinary system benign neoplasm,NCI:C3431
DOID:731,urinary system benign neoplasm,SNOMEDCT_US_2023_03_01:254913005
DOID:731,urinary system benign neoplasm,UMLS_CUI:C0042076
DOID:7315,Jewett-Marshall bladder cancer,NCI:C9368
DOID:7315,Jewett-Marshall bladder cancer,UMLS_CUI:C1336362
DOID:7320,ovarian serous cystadenofibroma,NCI:C40032
DOID:7320,ovarian serous cystadenofibroma,UMLS_CUI:C0877572
DOID:7328,iris spindle cell melanoma,NCI:C6098
DOID:7328,iris spindle cell melanoma,UMLS_CUI:C1334287
DOID:7333,nephrogenic adenoma of urinary bladder,NCI:C7415
DOID:7333,nephrogenic adenoma of urinary bladder,UMLS_CUI:C1336892
DOID:7334,nephrogenic adenoma,NCI:C97097
DOID:7334,nephrogenic adenoma,SNOMEDCT_US_2023_03_01:78236000
DOID:7334,nephrogenic adenoma,UMLS_CUI:C0334039
DOID:734,urethra cancer,MESH:D014523
DOID:734,urethra cancer,GARD:9390
DOID:734,urethra cancer,ICD10CM:C68.0
DOID:734,urethra cancer,ICD9CM:189.3
DOID:734,urethra cancer,NCI:C7507
DOID:734,urethra cancer,NCI:C9106
DOID:734,urethra cancer,SNOMEDCT_US_2023_03_01:363459007
DOID:734,urethra cancer,SNOMEDCT_US_2023_03_01:94123008
DOID:734,urethra cancer,UMLS_CUI:C0153620
DOID:734,urethra cancer,UMLS_CUI:C0700101
DOID:7340,childhood ovarian dysgerminoma,NCI:C6550
DOID:7340,childhood ovarian dysgerminoma,UMLS_CUI:C1332988
DOID:7356,rectum sarcomatoid carcinoma,NCI:C5556
DOID:7356,rectum sarcomatoid carcinoma,UMLS_CUI:C1335689
DOID:736,male urethral cancer,NCI:C39867
DOID:736,male urethral cancer,UMLS_CUI:C1518164
DOID:7360,solid pattern testicular yolk sac tumor,NCI:C39925
DOID:7360,solid pattern testicular yolk sac tumor,UMLS_CUI:C1515312
DOID:7363,vulvar keratinizing squamous cell carcinoma,NCI:C40284
DOID:7371,superficial urinary bladder cancer,MESH:D000093284
DOID:7371,superficial urinary bladder cancer,NCI:C27474
DOID:7371,superficial urinary bladder cancer,SNOMEDCT_US_2023_03_01:425231005
DOID:7371,superficial urinary bladder cancer,UMLS_CUI:C1336527
DOID:7379,adrenal medulla carcinoma,NCI:C9276
DOID:7379,adrenal medulla carcinoma,UMLS_CUI:C1334717
DOID:738,female urethral cancer,NCI:C39866
DOID:738,female urethral cancer,UMLS_CUI:C1517154
DOID:7380,squamous cell papilloma of skin,NCI:C4462
DOID:7380,squamous cell papilloma of skin,SNOMEDCT_US_2023_03_01:254661000
DOID:7380,squamous cell papilloma of skin,UMLS_CUI:C0345983
DOID:7381,lymphohistiocytoid mesothelioma,NCI:C27779
DOID:7381,lymphohistiocytoid mesothelioma,UMLS_CUI:C1334464
DOID:7388,pulmonary vein leiomyosarcoma,NCI:C5374
DOID:7388,pulmonary vein leiomyosarcoma,UMLS_CUI:C1335575
DOID:7389,pulmonary artery leiomyosarcoma,NCI:C5373
DOID:7389,pulmonary artery leiomyosarcoma,UMLS_CUI:C1335572
DOID:7390,superior vena cava leiomyosarcoma,NCI:C6745
DOID:7390,superior vena cava leiomyosarcoma,UMLS_CUI:C1336531
DOID:7398,cerebral primitive neuroectodermal tumor,MESH:D018242
DOID:7398,cerebral primitive neuroectodermal tumor,NCI:C4970
DOID:7398,cerebral primitive neuroectodermal tumor,UMLS_CUI:C0751675
DOID:7401,colonic L-cell glucagon-like peptide producing tumor,NCI:C27447
DOID:7401,colonic L-cell glucagon-like peptide producing tumor,UMLS_CUI:C3274139
DOID:7402,L-cell glucagon-like peptide producing tumor,NCI:C27448
DOID:7402,L-cell glucagon-like peptide producing tumor,UMLS_CUI:C3274140
DOID:7408,vulvar keratoacanthoma,NCI:C128167
DOID:7408,vulvar keratoacanthoma,UMLS_CUI:C4288007
DOID:7409,vulvar non-keratinizing squamous cell carcinoma,NCI:C40285
DOID:7409,vulvar non-keratinizing squamous cell carcinoma,UMLS_CUI:C1520092
DOID:7411,ovarian endometrioid cystadenofibroma,NCI:C27288
DOID:7411,ovarian endometrioid cystadenofibroma,UMLS_CUI:C1335158
DOID:7428,pineal region germinoma,NCI:C8712
DOID:7428,pineal region germinoma,UMLS_CUI:C0854912
DOID:7429,childhood brain germinoma,NCI:C6207
DOID:7429,childhood brain germinoma,UMLS_CUI:C1332948
DOID:7430,childhood germ cell brain tumor,NCI:C5795
DOID:7430,childhood germ cell brain tumor,UMLS_CUI:C1377598
DOID:7435,polyvesicular vitelline pattern testicular yolk sac tumor,NCI:C39930
DOID:7435,polyvesicular vitelline pattern testicular yolk sac tumor,UMLS_CUI:C1515311
DOID:7436,sarcomatoid uterine corpus endometrioid adenocarcinoma,NCI:C27850
DOID:7436,sarcomatoid uterine corpus endometrioid adenocarcinoma,UMLS_CUI:C1336913
DOID:7437,uterus perivascular epithelioid cell tumor,NCI:C40180
DOID:7437,uterus perivascular epithelioid cell tumor,UMLS_CUI:C1519862
DOID:7438,ovarian clear cell cystadenocarcinoma,NCI:C7980
DOID:7438,ovarian clear cell cystadenocarcinoma,UMLS_CUI:C0279667
DOID:745,epididymis adenomatoid tumor,NCI:C6382
DOID:745,epididymis adenomatoid tumor,SNOMEDCT_US_2023_03_01:449052009
DOID:745,epididymis adenomatoid tumor,UMLS_CUI:C1333415
DOID:7459,acantholytic variant squamous cell breast carcinoma,NCI:C40359
DOID:7459,acantholytic variant squamous cell breast carcinoma,UMLS_CUI:C1519485
DOID:746,adenomatoid tumor,ICD10CM:D19.9
DOID:746,adenomatoid tumor,ICDO:9054/0
DOID:746,adenomatoid tumor,MESH:D018254
DOID:746,adenomatoid tumor,NCI:C3762
DOID:746,adenomatoid tumor,SNOMEDCT_US_2023_03_01:2348006
DOID:746,adenomatoid tumor,UMLS_CUI:C0206675
DOID:7460,spindle cell variant squamous cell breast carcinoma,NCI:C40358
DOID:7460,spindle cell variant squamous cell breast carcinoma,UMLS_CUI:C1519487
DOID:7461,large cell keratinizing variant squamous cell breast carcinoma,NCI:C40357
DOID:7461,large cell keratinizing variant squamous cell breast carcinoma,UMLS_CUI:C1519486
DOID:7463,childhood pleomorphic rhabdomyosarcoma,NCI:C7959
DOID:7463,childhood pleomorphic rhabdomyosarcoma,UMLS_CUI:C0279614
DOID:7474,malignant pleural mesothelioma,MESH:D000086002
DOID:7474,malignant pleural mesothelioma,ICD10CM:C45.0
DOID:7474,malignant pleural mesothelioma,NCI:C7376
DOID:7474,malignant pleural mesothelioma,SNOMEDCT_US_2023_03_01:254645002
DOID:7474,malignant pleural mesothelioma,UMLS_CUI:C0812413
DOID:7479,duodenal somatostatinoma,NCI:C27407
DOID:7479,duodenal somatostatinoma,UMLS_CUI:C1333320
DOID:7480,large cell carcinoma with rhabdoid phenotype,ICDO:8014/3
DOID:7480,large cell carcinoma with rhabdoid phenotype,NCI:C6876
DOID:7480,large cell carcinoma with rhabdoid phenotype,SNOMEDCT_US_2023_03_01:128629005
DOID:7480,large cell carcinoma with rhabdoid phenotype,UMLS_CUI:C1265997
DOID:7482,petrous apex meningioma,NCI:C5271
DOID:7482,petrous apex meningioma,UMLS_CUI:C1335396
DOID:7483,cervical keratinizing squamous cell carcinoma,NCI:C40187
DOID:7483,cervical keratinizing squamous cell carcinoma,UMLS_CUI:C1517658
DOID:7488,posterior urethra cancer,NCI:C7640
DOID:7488,posterior urethra cancer,UMLS_CUI:C0279931
DOID:7491,vulvar proximal-type epithelioid sarcoma,NCI:C40319
DOID:7491,vulvar proximal-type epithelioid sarcoma,UMLS_CUI:C1520093
DOID:7492,central epithelioid sarcoma,NCI:C27472
DOID:7492,central epithelioid sarcoma,UMLS_CUI:C1335563
DOID:7497,brain ependymoma,NCI:C3861
DOID:7497,brain ependymoma,SNOMEDCT_US_2023_03_01:254939008
DOID:7497,brain ependymoma,UMLS_CUI:C0238029
DOID:7501,childhood infratentorial ependymoma,NCI:C9041
DOID:7501,childhood infratentorial ependymoma,UMLS_CUI:C0278599
DOID:7502,childhood supratentorial ependymoma,NCI:C9043
DOID:7502,childhood supratentorial ependymoma,UMLS_CUI:C0278650
DOID:7503,extrahepatic bile duct papillary adenoma,NCI:C5849
DOID:7503,extrahepatic bile duct papillary adenoma,UMLS_CUI:C1333510
DOID:7505,small intestine benign neoplasm,NCI:C4432
DOID:7505,small intestine benign neoplasm,SNOMEDCT_US_2023_03_01:126832004
DOID:7505,small intestine benign neoplasm,UMLS_CUI:C0345832
DOID:7506,small intestinal L-cell glucagon-like peptide producing tumor,NCI:C27452
DOID:7506,small intestinal L-cell glucagon-like peptide producing tumor,UMLS_CUI:C3274143
DOID:7511,breast intraductal papillomatosis,NCI:C5201
DOID:7511,breast intraductal papillomatosis,UMLS_CUI:C1334247
DOID:7514,Wolffian adnexal neoplasm,MESH:C536741
DOID:7514,Wolffian adnexal neoplasm,NCI:C40141
DOID:7514,Wolffian adnexal neoplasm,UMLS_CUI:C1520159
DOID:7515,lumbar spinal canal and spinal cord meningioma,NCI:C5298
DOID:7515,lumbar spinal canal and spinal cord meningioma,UMLS_CUI:C1334436
DOID:7516,childhood central nervous system mixed germ cell tumor,NCI:C27403
DOID:7516,childhood central nervous system mixed germ cell tumor,UMLS_CUI:C1332956
DOID:7519,endocervical carcinoma,SNOMEDCT_US_2023_03_01:372098004
DOID:7519,endocervical carcinoma,UMLS_CUI:C1299237
DOID:7520,periductal breast myoepitheliosis,NCI:C40388
DOID:7520,periductal breast myoepitheliosis,UMLS_CUI:C1518974
DOID:7521,breast myoepitheliosis,NCI:C40385
DOID:7521,breast myoepitheliosis,UMLS_CUI:C1513799
DOID:7522,"childhood infratentorial embryonal tumor with multilayered rosettes, C19MC-altered",NCI:C6773
DOID:7522,"childhood infratentorial embryonal tumor with multilayered rosettes, C19MC-altered",UMLS_CUI:C1332972
DOID:7531,anal gland adenocarcinoma,NCI:C5609
DOID:7531,anal gland adenocarcinoma,SNOMEDCT_US_2023_03_01:128655006
DOID:7531,anal gland adenocarcinoma,UMLS_CUI:C1266027
DOID:7532,squamous papillomatosis,SNOMEDCT_US_2023_03_01:82049002
DOID:7532,squamous papillomatosis,ICDO:8060/0
DOID:7532,squamous papillomatosis,NCI:C9009
DOID:7532,squamous papillomatosis,UMLS_CUI:C1378340
DOID:7533,subareolar duct papillomatosis,NCI:C9008
DOID:7538,breast ductal adenoma,NCI:C40384
DOID:7538,breast ductal adenoma,UMLS_CUI:C1511307
DOID:7539,pregnancy adenoma,NCI:C9473
DOID:7539,pregnancy adenoma,SNOMEDCT_US_2023_03_01:128651002
DOID:7539,pregnancy adenoma,UMLS_CUI:C1266023
DOID:7540,breast apocrine adenoma,NCI:C40383
DOID:7540,breast apocrine adenoma,UMLS_CUI:C1388299
DOID:7541,mixed epithelial/mesenchymal metaplastic breast carcinoma,NCI:C40364
DOID:7541,mixed epithelial/mesenchymal metaplastic breast carcinoma,UMLS_CUI:C1513365
DOID:7542,osteosarcoma arising in bone Paget's disease,NCI:C6469
DOID:7542,osteosarcoma arising in bone Paget's disease,SNOMEDCT_US_2023_03_01:33681003
DOID:7542,osteosarcoma arising in bone Paget's disease,UMLS_CUI:C0334546
DOID:7549,ceruminoma,NCI:C6088
DOID:7549,ceruminoma,SNOMEDCT_US_2023_03_01:403945001
DOID:7549,ceruminoma,UMLS_CUI:C0334352
DOID:7553,infiltrating bladder urothelial carcinoma sarcomatoid variant,NCI:C39824
DOID:7553,infiltrating bladder urothelial carcinoma sarcomatoid variant,UMLS_CUI:C1512743
DOID:7565,vulvar eccrine porocarcinoma,NCI:C40306
DOID:7565,vulvar eccrine porocarcinoma,UMLS_CUI:C1520081
DOID:7566,eccrine porocarcinoma,SNOMEDCT_US_2023_03_01:254708001
DOID:7566,eccrine porocarcinoma,GARD:7431
DOID:7566,eccrine porocarcinoma,MESH:D057090
DOID:7566,eccrine porocarcinoma,NCI:C5560
DOID:7566,eccrine porocarcinoma,UMLS_CUI:C1266065
DOID:7567,vulvar clear cell hidradenocarcinoma,NCI:C40307
DOID:7567,vulvar clear cell hidradenocarcinoma,UMLS_CUI:C1520076
DOID:7571,malignant cystic nephroma,ICDO:8959/3
DOID:7574,pancreatic intraductal papillary-colloid carcinoma,NCI:C5725
DOID:7574,pancreatic intraductal papillary-colloid carcinoma,UMLS_CUI:C1335304
DOID:7575,pancreatic intraductal papillary-mucinous neoplasm,SNOMEDCT_US_2023_03_01:128689007
DOID:7575,pancreatic intraductal papillary-mucinous neoplasm,UMLS_CUI:C1266071
DOID:7577,pancreatic foamy gland adenocarcinoma,NCI:C37256
DOID:7577,pancreatic foamy gland adenocarcinoma,UMLS_CUI:C1335303
DOID:7578,breast scirrhous carcinoma,NCI:C7362
DOID:7578,breast scirrhous carcinoma,SNOMEDCT_US_2023_03_01:254839007
DOID:7578,breast scirrhous carcinoma,UMLS_CUI:C0346151
DOID:7583,glottis verrucous carcinoma,NCI:C8189
DOID:7583,glottis verrucous carcinoma,UMLS_CUI:C0280329
DOID:7584,subglottis verrucous carcinoma,NCI:C8190
DOID:7584,subglottis verrucous carcinoma,UMLS_CUI:C0280330
DOID:7585,subglottis squamous cell carcinoma,NCI:C8187
DOID:7585,subglottis squamous cell carcinoma,UMLS_CUI:C0280326
DOID:7586,supraglottis verrucous carcinoma,NCI:C8191
DOID:7586,supraglottis verrucous carcinoma,UMLS_CUI:C0280331
DOID:7587,supraglottis squamous cell carcinoma,NCI:C4945
DOID:7587,supraglottis squamous cell carcinoma,UMLS_CUI:C0749163
DOID:7591,gestational ovarian choriocarcinoma,NCI:C40442
DOID:7591,gestational ovarian choriocarcinoma,UMLS_CUI:C1517538
DOID:7596,asbestos-related lung carcinoma,NCI:C27925
DOID:7596,asbestos-related lung carcinoma,UMLS_CUI:C1332337
DOID:7598,cervical lymphoepithelioma-like carcinoma,NCI:C40193
DOID:7598,cervical lymphoepithelioma-like carcinoma,UMLS_CUI:C1516418
DOID:7599,lymphoepithelioma-like thymic carcinoma,NCI:C7998
DOID:7599,lymphoepithelioma-like thymic carcinoma,UMLS_CUI:C0279706
DOID:7600,infiltrating bladder lymphoepithelioma-like carcinoma,NCI:C39821
DOID:7600,infiltrating bladder lymphoepithelioma-like carcinoma,UMLS_CUI:C1512736
DOID:7602,conventional osteosarcoma,ICDO:9195/3
DOID:7602,conventional osteosarcoma,NCI:C35870
DOID:7602,conventional osteosarcoma,SNOMEDCT_US_2023_03_01:128770002
DOID:7602,conventional osteosarcoma,UMLS_CUI:C1266166
DOID:7603,fibrosarcomatous osteosarcoma,NCI:C4020
DOID:7603,fibrosarcomatous osteosarcoma,SNOMEDCT_US_2023_03_01:12690005
DOID:7603,fibrosarcomatous osteosarcoma,UMLS_CUI:C0279602
DOID:7607,chief cell adenoma,ICDO:8321/0
DOID:7607,chief cell adenoma,NCI:C4154
DOID:7607,chief cell adenoma,SNOMEDCT_US_2023_03_01:12205003
DOID:7607,chief cell adenoma,UMLS_CUI:C0334320
DOID:7608,parathyroid adenoma,MESH:D010282
DOID:7608,parathyroid adenoma,NCI:C156757
DOID:7608,parathyroid adenoma,SNOMEDCT_US_2023_03_01:128474007
DOID:7608,parathyroid adenoma,UMLS_CUI:C0262587
DOID:7609,parathyroid transitional clear cell adenoma,NCI:C7993
DOID:7609,parathyroid transitional clear cell adenoma,UMLS_CUI:C0279700
DOID:7610,mixed cell type adenoma of parathyroid,NCI:C7994
DOID:7610,mixed cell type adenoma of parathyroid,UMLS_CUI:C0279701
DOID:7611,parathyroid oncocytic adenoma,NCI:C27393
DOID:7611,parathyroid oncocytic adenoma,UMLS_CUI:C1335351
DOID:7612,childhood intracortical osteosarcoma,NCI:C6590
DOID:7612,childhood intracortical osteosarcoma,UMLS_CUI:C1332974
DOID:7613,sarcomatosis of the meninges,NCI:C4334
DOID:7613,sarcomatosis of the meninges,SNOMEDCT_US_2023_03_01:14494009
DOID:7613,sarcomatosis of the meninges,UMLS_CUI:C0334612
DOID:7614,meninges sarcoma,NCI:C4073
DOID:7614,meninges sarcoma,SNOMEDCT_US_2023_03_01:78303004
DOID:7614,meninges sarcoma,UMLS_CUI:C0302327
DOID:7615,sarcomatosis,ICDO:8800/9
DOID:7615,sarcomatosis,NCI:C4243
DOID:7615,sarcomatosis,SNOMEDCT_US_2023_03_01:9395006
DOID:7615,sarcomatosis,UMLS_CUI:C0334451
DOID:7631,"adult embryonal tumor with multilayered rosettes, C19MC-altered",NCI:C8290
DOID:7631,"adult embryonal tumor with multilayered rosettes, C19MC-altered",UMLS_CUI:C0281330
DOID:7632,Cowper gland carcinoma,NCI:C39864
DOID:7632,Cowper gland carcinoma,UMLS_CUI:C1516284
DOID:7634,suprasellar meningioma,NCI:C6776
DOID:7634,suprasellar meningioma,UMLS_CUI:C1336535
DOID:7635,Gasserian ganglion meningioma,NCI:C6779
DOID:7635,Gasserian ganglion meningioma,UMLS_CUI:C1333760
DOID:7639,malignant granular cell skin tumor,NCI:C5614
DOID:7639,malignant granular cell skin tumor,UMLS_CUI:C1334575
DOID:7642,cholangiolocellular carcinoma,NCI:C41617
DOID:7642,cholangiolocellular carcinoma,UMLS_CUI:C1516490
DOID:7643,acantholytic squamous cell skin carcinoma,NCI:C4460
DOID:7643,acantholytic squamous cell skin carcinoma,SNOMEDCT_US_2023_03_01:254654004
DOID:7643,acantholytic squamous cell skin carcinoma,UMLS_CUI:C0345979
DOID:7646,multiple spinal canal and spinal cord meningioma,NCI:C5275
DOID:7646,multiple spinal canal and spinal cord meningioma,UMLS_CUI:C1334825
DOID:7650,pulmonary type ovarian small cell carcinoma,NCI:C40440
DOID:7650,pulmonary type ovarian small cell carcinoma,UMLS_CUI:C1518737
DOID:7651,small-cell carcinoma of the ovary of hypercalcemic type,NCI:C40439
DOID:7651,small-cell carcinoma of the ovary of hypercalcemic type,UMLS_CUI:C1518736
DOID:7656,adult infiltrating astrocytic neoplasm,NCI:C8289
DOID:7656,adult infiltrating astrocytic neoplasm,UMLS_CUI:C0281329
DOID:7664,endometrial mixed adenocarcinoma,NCI:C40153
DOID:7665,non-gestational ovarian choriocarcinoma,NCI:C39991
DOID:7665,non-gestational ovarian choriocarcinoma,UMLS_CUI:C1518355
DOID:7675,testicular fibroma,NCI:C39951
DOID:7675,testicular fibroma,UMLS_CUI:C1515282
DOID:7676,testicular thecoma,NCI:C39952
DOID:7676,testicular thecoma,UMLS_CUI:C1515299
DOID:7678,sphenoid sinus inverted papilloma,NCI:C6841
DOID:7678,sphenoid sinus inverted papilloma,UMLS_CUI:C1336037
DOID:7679,sphenoid sinus Schneiderian papilloma,NCI:C6838
DOID:7679,sphenoid sinus Schneiderian papilloma,UMLS_CUI:C1336038
DOID:768,retinoblastoma,MESH:D012175
DOID:768,retinoblastoma,GARD:7563
DOID:768,retinoblastoma,ICDO:9510/3
DOID:768,retinoblastoma,MIM:180200
DOID:768,retinoblastoma,NCI:C7541
DOID:768,retinoblastoma,SNOMEDCT_US_2023_03_01:154553002
DOID:768,retinoblastoma,UMLS_CUI:C0035335
DOID:7684,maxillary sinus adenocarcinoma,NCI:C6240
DOID:7684,maxillary sinus adenocarcinoma,SNOMEDCT_US_2023_03_01:1255110007
DOID:7684,maxillary sinus adenocarcinoma,UMLS_CUI:C1334642
DOID:7685,pancreatic non-invasive intraductal papillary-mucinous carcinoma,NCI:C41251
DOID:7685,pancreatic non-invasive intraductal papillary-mucinous carcinoma,UMLS_CUI:C1518873
DOID:7689,leptomeninges sarcoma,SNOMEDCT_US_2023_03_01:78303004
DOID:7689,leptomeninges sarcoma,NCI:C8312
DOID:7689,leptomeninges sarcoma,UMLS_CUI:C1384416
DOID:769,neuroblastoma,ICDO:9500/3
DOID:769,neuroblastoma,EFO:0000621
DOID:769,neuroblastoma,GARD:7185
DOID:769,neuroblastoma,MESH:D009447
DOID:769,neuroblastoma,NCI:C3270
DOID:769,neuroblastoma,ORDO:635
DOID:769,neuroblastoma,SNOMEDCT_US_2023_03_01:432328008
DOID:769,neuroblastoma,UMLS_CUI:C0027819
DOID:7694,bladder urachal adenocarcinoma,NCI:C39843
DOID:7694,bladder urachal adenocarcinoma,UMLS_CUI:C1511204
DOID:7696,lung hilum cancer,SNOMEDCT_US_2023_03_01:93827000
DOID:7696,lung hilum cancer,UMLS_CUI:C0346601
DOID:7697,pancreatic ACTH hormone producing tumor,NCI:C27466
DOID:7697,pancreatic ACTH hormone producing tumor,UMLS_CUI:C1335300
DOID:7698,non-functioning pancreatic endocrine tumor,MESH:C536126
DOID:7698,non-functioning pancreatic endocrine tumor,NCI:C45837
DOID:7698,non-functioning pancreatic endocrine tumor,SNOMEDCT_US_2023_03_01:703816006
DOID:7698,non-functioning pancreatic endocrine tumor,UMLS_CUI:C1334977
DOID:7707,rectum signet ring adenocarcinoma,NCI:C9168
DOID:7707,rectum signet ring adenocarcinoma,UMLS_CUI:C0279654
DOID:7708,perianal skin Paget's disease,NCI:C7476
DOID:7708,perianal skin Paget's disease,UMLS_CUI:C1332270
DOID:771,retinal cell cancer,NCI:C7061
DOID:771,retinal cell cancer,UMLS_CUI:C1335765
DOID:7713,tuberculum sellae meningioma,NCI:C5284
DOID:7713,tuberculum sellae meningioma,UMLS_CUI:C1336829
DOID:7716,mixed ductal-endocrine carcinoma,SNOMEDCT_US_2023_03_01:999000
DOID:7716,mixed ductal-endocrine carcinoma,UMLS_CUI:C1301048
DOID:7717,colloid carcinoma of the pancreas,NCI:C37214
DOID:7717,colloid carcinoma of the pancreas,UMLS_CUI:C1333081
DOID:7729,acinar cell cystadenocarcinoma,ICDO:8551/3
DOID:7729,acinar cell cystadenocarcinoma,NCI:C5727
DOID:7729,acinar cell cystadenocarcinoma,SNOMEDCT_US_2023_03_01:128703004
DOID:7729,acinar cell cystadenocarcinoma,UMLS_CUI:C1266087
DOID:7731,childhood malignant hemangiopericytoma,NCI:C8090
DOID:7731,childhood malignant hemangiopericytoma,UMLS_CUI:C0279983
DOID:7732,childhood malignant schwannoma,NCI:C8094
DOID:7732,childhood malignant schwannoma,UMLS_CUI:C0279987
DOID:7733,signet ring cell intrahepatic cholangiocarcinoma,NCI:C41619
DOID:7733,signet ring cell intrahepatic cholangiocarcinoma,UMLS_CUI:C1519321
DOID:7735,pancreatic colloid cystadenoma,NCI:C5718
DOID:7735,pancreatic colloid cystadenoma,SNOMEDCT_US_2023_03_01:690751000119102
DOID:7735,pancreatic colloid cystadenoma,UMLS_CUI:C1335309
DOID:774,retina lymphoma,NCI:C4365
DOID:774,retina lymphoma,SNOMEDCT_US_2023_03_01:232075002
DOID:774,retina lymphoma,UMLS_CUI:C0339556
DOID:7747,childhood extraocular retinoblastoma,NCI:C9048
DOID:7747,childhood extraocular retinoblastoma,UMLS_CUI:C1321870
DOID:775,intraocular lymphoma,MESH:D064090
DOID:775,intraocular lymphoma,NCI:C9184
DOID:775,intraocular lymphoma,UMLS_CUI:C0281658
DOID:7750,adult brain ependymoma,NCI:C9372
DOID:7750,adult brain ependymoma,UMLS_CUI:C1332186
DOID:7752,extrahepatic biliary papillomatosis,NCI:C7124
DOID:7752,extrahepatic biliary papillomatosis,UMLS_CUI:C1333511
DOID:7756,neonatal leukemia,NCI:C3845
DOID:7756,neonatal leukemia,UMLS_CUI:C0235813
DOID:7757,childhood leukemia,NCI:C4989
DOID:7757,childhood leukemia,UMLS_CUI:C1332977
DOID:7762,childhood multilocular cystic kidney neoplasm,NCI:C6566
DOID:7762,childhood multilocular cystic kidney neoplasm,UMLS_CUI:C1332983
DOID:7763,carcinoma of supraglottis,NCI:C5973
DOID:7763,carcinoma of supraglottis,SNOMEDCT_US_2023_03_01:372105009
DOID:7763,carcinoma of supraglottis,UMLS_CUI:C1299240
DOID:7764,subglottis carcinoma,NCI:C5972
DOID:7764,subglottis carcinoma,SNOMEDCT_US_2023_03_01:372104008
DOID:7764,subglottis carcinoma,UMLS_CUI:C1299239
DOID:7787,breast osteosarcoma,NCI:C5189
DOID:7787,breast osteosarcoma,UMLS_CUI:C1335149
DOID:7788,adult spinal cord ependymoma,NCI:C27399
DOID:7788,adult spinal cord ependymoma,UMLS_CUI:C1332215
DOID:7806,adult spinal cord glioblastoma multiforme,NCI:C27183
DOID:7806,adult spinal cord glioblastoma multiforme,SNOMEDCT_US_2023_03_01:276829003
DOID:7806,adult spinal cord glioblastoma multiforme,UMLS_CUI:C0559185
DOID:7807,choroid necrotic melanoma,NCI:C6865
DOID:7807,choroid necrotic melanoma,UMLS_CUI:C1333026
DOID:7808,necrotic uveal melanoma,NCI:C7990
DOID:7808,necrotic uveal melanoma,UMLS_CUI:C0279695
DOID:7817,mixed astrocytoma-ependymoma-oligodendroglioma,NCI:C8272
DOID:7817,mixed astrocytoma-ependymoma-oligodendroglioma,UMLS_CUI:C0280792
DOID:7818,petroclival meningioma,NCI:C5278
DOID:7818,petroclival meningioma,UMLS_CUI:C1335395
DOID:7819,sphenoorbital meningioma,NCI:C5285
DOID:7819,sphenoorbital meningioma,UMLS_CUI:C1336040
DOID:7820,sphenocavernous meningioma,NCI:C5313
DOID:7820,sphenocavernous meningioma,UMLS_CUI:C1336036
DOID:7824,spinal multifocal clear cell meningioma,NCI:C5287
DOID:7824,spinal multifocal clear cell meningioma,UMLS_CUI:C1336051
DOID:7826,adult papillary meningioma,NCI:C8293
DOID:7826,adult papillary meningioma,UMLS_CUI:C0281334
DOID:7827,adult extraosseous osteosarcoma,NCI:C7925
DOID:7827,adult extraosseous osteosarcoma,UMLS_CUI:C0278985
DOID:7839,infiltrating nipple syringomatous adenoma,NCI:C40363
DOID:7839,infiltrating nipple syringomatous adenoma,SNOMEDCT_US_2023_03_01:703552001
DOID:7839,infiltrating nipple syringomatous adenoma,UMLS_CUI:C3839745
DOID:7840,pancreatic non-functioning delta cell tumor,NCI:C28333
DOID:7840,pancreatic non-functioning delta cell tumor,UMLS_CUI:C1335311
DOID:7841,"childhood embryonal tumor with multilayered rosettes, C19MC-altered",NCI:C115203
DOID:7843,female breast carcinoma,NCI:C2918
DOID:7843,female breast carcinoma,UMLS_CUI:C0007104
DOID:7848,interdigitating dendritic cell sarcoma,ICD10CM:C96.4
DOID:7848,interdigitating dendritic cell sarcoma,ICDO:9757/3
DOID:7848,interdigitating dendritic cell sarcoma,MESH:D054739
DOID:7848,interdigitating dendritic cell sarcoma,NCI:C9282
DOID:7848,interdigitating dendritic cell sarcoma,SNOMEDCT_US_2023_03_01:715664005
DOID:7848,interdigitating dendritic cell sarcoma,UMLS_CUI:C1260326
DOID:7849,dendritic cell sarcoma,ICD10CM:C96.4
DOID:7849,dendritic cell sarcoma,NCI:C27260
DOID:7849,dendritic cell sarcoma,SNOMEDCT_US_2023_03_01:397355008
DOID:7849,dendritic cell sarcoma,UMLS_CUI:C1301364
DOID:7851,pancreatic intraductal papillary-mucinous adenoma,SNOMEDCT_US_2023_03_01:473418001
DOID:7851,pancreatic intraductal papillary-mucinous adenoma,UMLS_CUI:C1518868
DOID:7867,adult central nervous system germinoma,NCI:C5792
DOID:7867,adult central nervous system germinoma,UMLS_CUI:C1370504
DOID:7868,maxillary sinus inverted papilloma,NCI:C6840
DOID:7868,maxillary sinus inverted papilloma,UMLS_CUI:C1334645
DOID:7878,uterine corpus atypical polypoid adenomyoma,NCI:C40235
DOID:7878,uterine corpus atypical polypoid adenomyoma,UMLS_CUI:C1519844
DOID:7880,luteoma,ICDO:8610/0
DOID:7880,luteoma,NCI:C40445
DOID:7880,luteoma,UMLS_CUI:C1517842
DOID:7902,adult extraskeletal myxoid chondrosarcoma,NCI:C7924
DOID:7902,adult extraskeletal myxoid chondrosarcoma,UMLS_CUI:C1706731
DOID:7903,intracranial chondrosarcoma,NCI:C5462
DOID:7903,intracranial chondrosarcoma,UMLS_CUI:C1334238
DOID:7907,mixed astrocytoma-ependymoma,NCI:C8271
DOID:7907,mixed astrocytoma-ependymoma,UMLS_CUI:C0280791
DOID:7910,maxillary sinus squamous cell carcinoma,NCI:C6064
DOID:7910,maxillary sinus squamous cell carcinoma,SNOMEDCT_US_2023_03_01:1260080001
DOID:7910,maxillary sinus squamous cell carcinoma,UMLS_CUI:C1334647
DOID:7912,mixed oligodendroglioma-astrocytoma,MESH:D009837
DOID:7912,mixed oligodendroglioma-astrocytoma,NCI:C4050
DOID:7912,mixed oligodendroglioma-astrocytoma,SNOMEDCT_US_2023_03_01:22217002
DOID:7912,mixed oligodendroglioma-astrocytoma,UMLS_CUI:C0280793
DOID:7915,cervical spinal canal and spinal cord meningioma,NCI:C5296
DOID:7915,cervical spinal canal and spinal cord meningioma,UMLS_CUI:C1332916
DOID:7921,mediastinal psammomatous neurilemmoma,NCI:C6636
DOID:7921,mediastinal psammomatous neurilemmoma,UMLS_CUI:C1332513
DOID:7926,epithelial malignant thymoma,NCI:C7997
DOID:7926,epithelial malignant thymoma,SNOMEDCT_US_2023_03_01:128716004
DOID:7926,epithelial malignant thymoma,UMLS_CUI:C0279705
DOID:7927,malignant type A thymoma,NCI:C7999
DOID:7927,malignant type A thymoma,SNOMEDCT_US_2023_03_01:128708008
DOID:7927,malignant type A thymoma,UMLS_CUI:C0279707
DOID:7928,testis refractory cancer,NCI:C9077
DOID:7928,testis refractory cancer,UMLS_CUI:C1377904
DOID:7930,glandular-alveolar pattern testicular yolk sac tumor,NCI:C39926
DOID:7930,glandular-alveolar pattern testicular yolk sac tumor,UMLS_CUI:C1515305
DOID:7936,refractory T lymphoblastic leukemia/lymphoma,NCI:C8696
DOID:7936,refractory T lymphoblastic leukemia/lymphoma,UMLS_CUI:C0854859
DOID:7941,Barrett's adenocarcinoma,NCI:C7027
DOID:7941,Barrett's adenocarcinoma,UMLS_CUI:C1332460
DOID:7945,adult central nervous system mixed germ cell tumor,NCI:C27402
DOID:7945,adult central nervous system mixed germ cell tumor,UMLS_CUI:C1332195
DOID:7949,stroma-dominant and stroma-poor composite ganglioneuroblastoma,NCI:C42060
DOID:7949,stroma-dominant and stroma-poor composite ganglioneuroblastoma,UMLS_CUI:C1516761
DOID:7951,Schwannian stroma-rich and stroma-poor composite ganglioneuroblastoma,NCI:C42059
DOID:7951,Schwannian stroma-rich and stroma-poor composite ganglioneuroblastoma,UMLS_CUI:C1516760
DOID:7953,nipple duct carcinoma,NCI:C27234
DOID:7953,nipple duct carcinoma,UMLS_CUI:C1334967
DOID:7958,sarcomatoid penile squamous cell carcinoma,NCI:C6984
DOID:7958,sarcomatoid penile squamous cell carcinoma,UMLS_CUI:C1335923
DOID:7959,duodenal gastrinoma,NCI:C5731
DOID:7959,duodenal gastrinoma,SNOMEDCT_US_2023_03_01:879992009
DOID:7959,duodenal gastrinoma,UMLS_CUI:C1333321
DOID:7960,malignant spiradenoma,NCI:C5117
DOID:7960,malignant spiradenoma,SNOMEDCT_US_2023_03_01:403942003
DOID:7960,malignant spiradenoma,UMLS_CUI:C1266063
DOID:7961,cervical non-keratinizing squamous cell carcinoma,NCI:C40188
DOID:7961,cervical non-keratinizing squamous cell carcinoma,UMLS_CUI:C1518366
DOID:7967,lipid-cell variant infiltrating bladder urothelial carcinoma,NCI:C39828
DOID:7967,lipid-cell variant infiltrating bladder urothelial carcinoma,UMLS_CUI:C1512738
DOID:7968,plasmacytoid variant infiltrating bladder urothelial carcinoma,NCI:C39823
DOID:7968,plasmacytoid variant infiltrating bladder urothelial carcinoma,UMLS_CUI:C1512742
DOID:7969,nested variant infiltrating bladder urothelial carcinoma,NCI:C39819
DOID:7969,nested variant infiltrating bladder urothelial carcinoma,UMLS_CUI:C1512741
DOID:7971,microcystic variant infiltrating bladder urothelial carcinoma,NCI:C39820
DOID:7971,microcystic variant infiltrating bladder urothelial carcinoma,UMLS_CUI:C1512740
DOID:7972,lymphoma-like variant infiltrating bladder urothelial carcinoma,NCI:C39822
DOID:7972,lymphoma-like variant infiltrating bladder urothelial carcinoma,UMLS_CUI:C1512739
DOID:7983,breast malignant eccrine spiradenoma,NCI:C5180
DOID:7983,breast malignant eccrine spiradenoma,UMLS_CUI:C1334565
DOID:7984,sclerosing breast papilloma,NCI:C27944
DOID:7984,sclerosing breast papilloma,UMLS_CUI:C1335932
DOID:7986,cerebral falx meningioma,NCI:C5267
DOID:7986,cerebral falx meningioma,UMLS_CUI:C1333597
DOID:7994,central nervous system osteosarcoma,NCI:C7002
DOID:7994,central nervous system osteosarcoma,UMLS_CUI:C1335150
DOID:7996,familial glomangioma,NCI:C5350
DOID:7996,familial glomangioma,UMLS_CUI:C1333987
DOID:8000,frontal convexity meningioma,NCI:C5292
DOID:8000,frontal convexity meningioma,UMLS_CUI:C1333643
DOID:8002,supraglottis neoplasm,NCI:C6793
DOID:8002,supraglottis neoplasm,SNOMEDCT_US_2023_03_01:126697005
DOID:8002,supraglottis neoplasm,UMLS_CUI:C0345726
DOID:8003,alveoli adenoma,NCI:C4140
DOID:8003,alveoli adenoma,SNOMEDCT_US_2023_03_01:8097004
DOID:8003,alveoli adenoma,UMLS_CUI:C0334303
DOID:8006,skin meningioma,NCI:C5277
DOID:8006,skin meningioma,UMLS_CUI:C1335481
DOID:8007,Pancoast tumor,MESH:D010178
DOID:8007,Pancoast tumor,NCI:C27710
DOID:8007,Pancoast tumor,NCI:C55815
DOID:8007,Pancoast tumor,NCI:C7527
DOID:8007,Pancoast tumor,SNOMEDCT_US_2023_03_01:269562004
DOID:8007,Pancoast tumor,SNOMEDCT_US_2023_03_01:278065000
DOID:8007,Pancoast tumor,UMLS_CUI:C0030271
DOID:8007,Pancoast tumor,UMLS_CUI:C0549471
DOID:8007,Pancoast tumor,UMLS_CUI:C1335574
DOID:8009,penis mixed squamous cell carcinoma,NCI:C39959
DOID:8009,penis mixed squamous cell carcinoma,UMLS_CUI:C1513369
DOID:8012,benign pericardial teratoma,NCI:C6744
DOID:8012,benign pericardial teratoma,UMLS_CUI:C1334638
DOID:8013,penis papillary carcinoma,NCI:C6983
DOID:8013,penis papillary carcinoma,UMLS_CUI:C1335322
DOID:8020,glomangiomyoma,ICDO:8713/0
DOID:8020,glomangiomyoma,NCI:C4223
DOID:8020,glomangiomyoma,SNOMEDCT_US_2023_03_01:189745002
DOID:8020,glomangiomyoma,UMLS_CUI:C0334422
DOID:8022,liver fibrosarcoma,NCI:C5832
DOID:8022,liver fibrosarcoma,UMLS_CUI:C1333966
DOID:8023,myxoid liposarcoma of the ovary,NCI:C5235
DOID:8023,myxoid liposarcoma of the ovary,UMLS_CUI:C1335170
DOID:8025,gastric signet ring cell adenocarcinoma,NCI:C5250
DOID:8025,gastric signet ring cell adenocarcinoma,UMLS_CUI:C1335965
DOID:8029,sporadic breast cancer,NCI:C7566
DOID:8029,sporadic breast cancer,UMLS_CUI:C1336076
DOID:8030,periocular meningioma,NCI:C6777
DOID:8030,periocular meningioma,UMLS_CUI:C1335383
DOID:8031,pineal region meningioma,NCI:C6756
DOID:8031,pineal region meningioma,UMLS_CUI:C1335418
DOID:8036,childhood ovarian embryonal carcinoma,NCI:C6546
DOID:8036,childhood ovarian embryonal carcinoma,UMLS_CUI:C1332989
DOID:8042,testis polyembryoma,NCI:C40962
DOID:8042,testis polyembryoma,UMLS_CUI:C1514200
DOID:8043,chest wall parachordoma,NCI:C6720
DOID:8043,chest wall parachordoma,UMLS_CUI:C1332934
DOID:8050,bladder tubulo-cystic clear cell adenocarcinoma,NCI:C39847
DOID:8050,bladder tubulo-cystic clear cell adenocarcinoma,UMLS_CUI:C1511203
DOID:8051,bladder papillary clear cell adenocarcinoma,NCI:C39848
DOID:8051,bladder papillary clear cell adenocarcinoma,UMLS_CUI:C1511196
DOID:8057,olfactory groove meningioma,MESH:D008579
DOID:8057,olfactory groove meningioma,NCI:C6771
DOID:8057,olfactory groove meningioma,UMLS_CUI:C1335107
DOID:8058,pituitary stalk meningioma,NCI:C5311
DOID:8058,pituitary stalk meningioma,UMLS_CUI:C1335422
DOID:8060,frontal sinus inverted papilloma,NCI:C6842
DOID:8060,frontal sinus inverted papilloma,UMLS_CUI:C1333644
DOID:8068,intraductal breast myoepitheliosis,NCI:C40387
DOID:8068,intraductal breast myoepitheliosis,UMLS_CUI:C1512935
DOID:8072,sarcomatous intrahepatic cholangiocarcinoma,NCI:C41620
DOID:8072,sarcomatous intrahepatic cholangiocarcinoma,UMLS_CUI:C1519184
DOID:8078,childhood central nervous system germinoma,NCI:C27406
DOID:8078,childhood central nervous system germinoma,UMLS_CUI:C1332953
DOID:8081,myxomatous pattern testicular yolk sac tumor,NCI:C39929
DOID:8081,myxomatous pattern testicular yolk sac tumor,UMLS_CUI:C1515309
DOID:8082,cellular congenital mesoblastic nephroma,NCI:C39815
DOID:8082,cellular congenital mesoblastic nephroma,SNOMEDCT_US_2023_03_01:405941007
DOID:8082,cellular congenital mesoblastic nephroma,UMLS_CUI:C1320471
DOID:8083,classic congenital mesoblastic nephroma,NCI:C39814
DOID:8083,classic congenital mesoblastic nephroma,UMLS_CUI:C1516475
DOID:8093,maxillary sinus Schneiderian papilloma,NCI:C6839
DOID:8093,maxillary sinus Schneiderian papilloma,UMLS_CUI:C1334646
DOID:8096,bladder mixed adenocarcinoma,NCI:C39839
DOID:8096,bladder mixed adenocarcinoma,UMLS_CUI:C1511192
DOID:8097,bladder hepatoid adenocarcinoma,NCI:C39838
DOID:8097,bladder hepatoid adenocarcinoma,UMLS_CUI:C1511189
DOID:8102,fetal adenoma,NCI:C4160
DOID:8102,fetal adenoma,SNOMEDCT_US_2023_03_01:30301008
DOID:8102,fetal adenoma,UMLS_CUI:C0334328
DOID:8104,vaginal tubulovillous adenoma,NCI:C40258
DOID:8104,vaginal tubulovillous adenoma,UMLS_CUI:C1519933
DOID:8105,extrahepatic bile duct cystadenoma,NCI:C5851
DOID:8105,extrahepatic bile duct cystadenoma,UMLS_CUI:C1333504
DOID:8106,cellular phase chronic idiopathic myelofibrosis,NCI:C41237
DOID:8106,cellular phase chronic idiopathic myelofibrosis,UMLS_CUI:C1516553
DOID:8109,nephrogenic adenoma of the urethra,NCI:C7416
DOID:8109,nephrogenic adenoma of the urethra,UMLS_CUI:C1336889
DOID:8110,periampullary adenocarcinoma,NCI:C27322
DOID:8110,periampullary adenocarcinoma,UMLS_CUI:C1335377
DOID:8118,mature gastric teratoma,NCI:C5260
DOID:8118,mature gastric teratoma,UMLS_CUI:C1334635
DOID:8119,anal canal Paget's disease,NCI:C7477
DOID:8119,anal canal Paget's disease,SNOMEDCT_US_2023_03_01:236811000119101
DOID:8119,anal canal Paget's disease,UMLS_CUI:C1332261
DOID:8122,pseudovascular skin squamous cell carcinoma,NCI:C27542
DOID:8122,pseudovascular skin squamous cell carcinoma,UMLS_CUI:C1335974
DOID:8130,breast columnar cell mucinous carcinoma,NCI:C40355
DOID:8130,breast columnar cell mucinous carcinoma,UMLS_CUI:C1511305
DOID:8133,epiglottis cancer,ICD10CM:C10.1
DOID:8133,epiglottis cancer,ICD9CM:146.4
DOID:8133,epiglottis cancer,NCI:C35697
DOID:8133,epiglottis cancer,NCI:C4836
DOID:8133,epiglottis cancer,SNOMEDCT_US_2023_03_01:187849008
DOID:8133,epiglottis cancer,SNOMEDCT_US_2023_03_01:93670003
DOID:8133,epiglottis cancer,UMLS_CUI:C0496765
DOID:8133,epiglottis cancer,UMLS_CUI:C0585946
DOID:8133,epiglottis cancer,UMLS_CUI:C1112382
DOID:8135,gallbladder lymphoma,NCI:C5734
DOID:8135,gallbladder lymphoma,UMLS_CUI:C1333748
DOID:8137,thymus clear cell carcinoma,NCI:C6462
DOID:8137,thymus clear cell carcinoma,UMLS_CUI:C1333069
DOID:8138,thymus sarcomatoid carcinoma,NCI:C6463
DOID:8138,thymus sarcomatoid carcinoma,UMLS_CUI:C1335924
DOID:8140,adrenal gland ganglioneuroblastoma,NCI:C7646
DOID:8140,adrenal gland ganglioneuroblastoma,UMLS_CUI:C1332176
DOID:8144,pregerminal center chronic lymphocytic leukemia/small lymphocytic lymphoma,NCI:C37204
DOID:8144,pregerminal center chronic lymphocytic leukemia/small lymphocytic lymphoma,UMLS_CUI:C1333038
DOID:8149,malignant childhood germ cell neoplasm,NCI:C6541
DOID:8149,malignant childhood germ cell neoplasm,UMLS_CUI:C1334574
DOID:8150,pancreatic invasive intraductal papillary-mucinous carcinoma,NCI:C5726
DOID:8150,pancreatic invasive intraductal papillary-mucinous carcinoma,SNOMEDCT_US_2023_03_01:780821007
DOID:8150,pancreatic invasive intraductal papillary-mucinous carcinoma,UMLS_CUI:C1518871
DOID:8151,appendiceal L-cell glucagon-like peptide producing tumor,NCI:C27445
DOID:8151,appendiceal L-cell glucagon-like peptide producing tumor,UMLS_CUI:C3274138
DOID:8153,fibroosseous pseudotumor of digits,NCI:C6573
DOID:8153,fibroosseous pseudotumor of digits,UMLS_CUI:C1333612
DOID:8161,oncocytic carcinoma of the thyroid,ICDO:8290/3
DOID:8161,oncocytic carcinoma of the thyroid,MESH:C536913
DOID:8161,oncocytic carcinoma of the thyroid,MIM:607464
DOID:8161,oncocytic carcinoma of the thyroid,NCI:C4946
DOID:8161,oncocytic carcinoma of the thyroid,SNOMEDCT_US_2023_03_01:423158009
DOID:8161,oncocytic carcinoma of the thyroid,UMLS_CUI:C0749424
DOID:8162,thyroid Hurthle cell adenoma,NCI:C6042
DOID:8162,thyroid Hurthle cell adenoma,UMLS_CUI:C1336750
DOID:8167,gallbladder melanoma,NCI:C5735
DOID:8167,gallbladder melanoma,UMLS_CUI:C1333749
DOID:8177,endocervical type cervical adenomyoma,NCI:C40232
DOID:8177,endocervical type cervical adenomyoma,UMLS_CUI:C1516405
DOID:8178,endometrial type cervical adenomyoma,NCI:C40233
DOID:8178,endometrial type cervical adenomyoma,UMLS_CUI:C5557432
DOID:8179,cervical atypical polypoid adenomyoma,NCI:C40234
DOID:8179,cervical atypical polypoid adenomyoma,UMLS_CUI:C1516409
DOID:8186,fallopian tube gestational choriocarcinoma,NCI:C6278
DOID:8186,fallopian tube gestational choriocarcinoma,UMLS_CUI:C1333593
DOID:8188,uterine corpus choriocarcinoma,NCI:C27246
DOID:8188,uterine corpus choriocarcinoma,UMLS_CUI:C1336904
DOID:8193,papillary pattern testicular yolk sac tumor,NCI:C39928
DOID:8193,papillary pattern testicular yolk sac tumor,UMLS_CUI:C1515310
DOID:8195,hepatoid pattern testicular yolk sac tumor,NCI:C39931
DOID:8195,hepatoid pattern testicular yolk sac tumor,UMLS_CUI:C1515306
DOID:8203,sacral spinal canal and spinal cord meningioma,NCI:C5299
DOID:8203,sacral spinal canal and spinal cord meningioma,UMLS_CUI:C1335893
DOID:8207,hilar lung carcinoma,NCI:C7454
DOID:8207,hilar lung carcinoma,UMLS_CUI:C1334445
DOID:8208,lung superior sulcus carcinoma,NCI:C7779
DOID:8208,lung superior sulcus carcinoma,UMLS_CUI:C1336529
DOID:8211,fallopian tube cystadenofibroma,NCI:C40114
DOID:8211,fallopian tube cystadenofibroma,UMLS_CUI:C1517111
DOID:8216,parapharyngeal meningioma,NCI:C5303
DOID:8216,parapharyngeal meningioma,UMLS_CUI:C5421232
DOID:8221,upper clivus meningioma,NCI:C5290
DOID:8221,upper clivus meningioma,UMLS_CUI:C1336871
DOID:8223,penile urethral cancer,NCI:C39868
DOID:8223,penile urethral cancer,UMLS_CUI:C1518950
DOID:8224,central breast papilloma,NCI:C36087
DOID:8224,central breast papilloma,UMLS_CUI:C1332896
DOID:8225,microscopic breast papilloma,NCI:C36088
DOID:8225,microscopic breast papilloma,UMLS_CUI:C1335390
DOID:8227,atypical breast papilloma,NCI:C36089
DOID:8227,atypical breast papilloma,UMLS_CUI:C1332346
DOID:8230,intrahepatic biliary papillomatosis,NCI:C7125
DOID:8230,intrahepatic biliary papillomatosis,UMLS_CUI:C1334258
DOID:8233,inflammatory liposarcoma,SNOMEDCT_US_2023_03_01:28655007
DOID:8233,inflammatory liposarcoma,NCI:C6508
DOID:8233,inflammatory liposarcoma,UMLS_CUI:C1370890
DOID:8239,lower clivus meningioma,NCI:C5288
DOID:8239,lower clivus meningioma,UMLS_CUI:C1334434
DOID:8243,meningeal melanomatosis,ICDO:8728/3
DOID:8243,meningeal melanomatosis,NCI:C6891
DOID:8243,meningeal melanomatosis,SNOMEDCT_US_2023_03_01:128731008
DOID:8243,meningeal melanomatosis,UMLS_CUI:C1266114
DOID:8251,adult pleomorphic rhabdomyosarcoma,ICDO:8901/3
DOID:8251,adult pleomorphic rhabdomyosarcoma,NCI:C27369
DOID:8251,adult pleomorphic rhabdomyosarcoma,SNOMEDCT_US_2023_03_01:77455004
DOID:8251,adult pleomorphic rhabdomyosarcoma,UMLS_CUI:C1332211
DOID:8259,bulbomembranous urethral cancer,NCI:C39869
DOID:8259,bulbomembranous urethral cancer,UMLS_CUI:C1511339
DOID:8272,anterior urethra cancer,NCI:C7641
DOID:8272,anterior urethra cancer,UMLS_CUI:C0279930
DOID:8274,synovial angioma,NCI:C6525
DOID:8274,synovial angioma,UMLS_CUI:C1336546
DOID:8275,intratubular embryonal carcinoma,NCI:C7325
DOID:8275,intratubular embryonal carcinoma,UMLS_CUI:C1336096
DOID:8282,adult epithelioid sarcoma,NCI:C7944
DOID:8282,adult epithelioid sarcoma,UMLS_CUI:C0279545
DOID:8288,clear cell squamous cell skin carcinoma,NCI:C4459
DOID:8288,clear cell squamous cell skin carcinoma,SNOMEDCT_US_2023_03_01:254652000
DOID:8288,clear cell squamous cell skin carcinoma,UMLS_CUI:C0345978
DOID:8292,atypical follicular adenoma,ICDO:8330/1
DOID:8292,atypical follicular adenoma,NCI:C27729
DOID:8292,atypical follicular adenoma,SNOMEDCT_US_2023_03_01:128892009
DOID:8292,atypical follicular adenoma,UMLS_CUI:C1266046
DOID:8302,mixed endometrial stromal and smooth muscle tumor,NCI:C40178
DOID:8302,mixed endometrial stromal and smooth muscle tumor,UMLS_CUI:C1513364
DOID:8304,lymph node palisaded myofibroblastoma,NCI:C6584
DOID:8304,lymph node palisaded myofibroblastoma,UMLS_CUI:C1335295
DOID:8305,nonossifying fibromyxoid tumor,NCI:C6583
DOID:8305,nonossifying fibromyxoid tumor,UMLS_CUI:C1335063
DOID:8307,early invasive cervical adenocarcinoma,NCI:C36096
DOID:8307,early invasive cervical adenocarcinoma,UMLS_CUI:C1333369
DOID:8310,sclerosing adenosis of breast,NCI:C5205
DOID:8310,sclerosing adenosis of breast,SNOMEDCT_US_2023_03_01:105261000119101
DOID:8310,sclerosing adenosis of breast,UMLS_CUI:C1335931
DOID:833,auditory system cancer,MESH:D004428
DOID:833,auditory system cancer,NCI:C3000
DOID:833,auditory system cancer,SNOMEDCT_US_2023_03_01:363228008
DOID:833,auditory system cancer,UMLS_CUI:C0013449
DOID:8331,perineural angioma,NCI:C6526
DOID:8331,perineural angioma,UMLS_CUI:C1335382
DOID:8336,childhood choriocarcinoma of the ovary,NCI:C6549
DOID:8336,childhood choriocarcinoma of the ovary,UMLS_CUI:C1332987
DOID:8338,villoglandular variant cervical mucinous adenocarcinoma,NCI:C40208
DOID:8338,villoglandular variant cervical mucinous adenocarcinoma,UMLS_CUI:C4289808
DOID:8339,intestinal variant cervical mucinous adenocarcinoma,NCI:C40203
DOID:8339,intestinal variant cervical mucinous adenocarcinoma,UMLS_CUI:C1516422
DOID:8340,endocervical type cervical mucinous adenocarcinoma,ICDO:8482/3
DOID:8340,endocervical type cervical mucinous adenocarcinoma,SNOMEDCT_US_2023_03_01:128695008
DOID:8340,endocervical type cervical mucinous adenocarcinoma,UMLS_CUI:C1266079
DOID:8352,aortic malignant tumor,NCI:C5375
DOID:8352,aortic malignant tumor,UMLS_CUI:C1334560
DOID:8353,epithelioid malignant peripheral nerve sheath tumor,NCI:C6561
DOID:8353,epithelioid malignant peripheral nerve sheath tumor,SNOMEDCT_US_2023_03_01:253093000
DOID:8353,epithelioid malignant peripheral nerve sheath tumor,UMLS_CUI:C1321427
DOID:8358,pseudoglandular variant testicular seminoma,NCI:C40958
DOID:8358,pseudoglandular variant testicular seminoma,UMLS_CUI:C1515293
DOID:8361,glassy cell variant cervical adenosquamous carcinoma,NCI:C40212
DOID:8361,glassy cell variant cervical adenosquamous carcinoma,UMLS_CUI:C1516407
DOID:8362,enteric pattern testicular yolk sac tumor,NCI:C39932
DOID:8362,enteric pattern testicular yolk sac tumor,UMLS_CUI:C1515304
DOID:8368,chordoid meningioma,ICDO:9538/1
DOID:8368,chordoid meningioma,NCI:C6908
DOID:8368,chordoid meningioma,SNOMEDCT_US_2023_03_01:57606003
DOID:8368,chordoid meningioma,UMLS_CUI:C1370510
DOID:8369,adult malignant schwannoma,NCI:C7814
DOID:8369,adult malignant schwannoma,UMLS_CUI:C0278622
DOID:8389,lumbar plexus neoplasm,NCI:C5824
DOID:8389,lumbar plexus neoplasm,UMLS_CUI:C1334437
DOID:8392,reticular pattern testicular yolk sac tumor,NCI:C39923
DOID:8392,reticular pattern testicular yolk sac tumor,UMLS_CUI:C1515308
DOID:8394,adult type testicular granulosa cell tumor,NCI:C39946
DOID:8394,adult type testicular granulosa cell tumor,UMLS_CUI:C1515284
DOID:8400,malignant cornea melanoma,NCI:C4553
DOID:8400,malignant cornea melanoma,SNOMEDCT_US_2023_03_01:255009006
DOID:8400,malignant cornea melanoma,UMLS_CUI:C0346367
DOID:8409,microinvasive cervical squamous cell carcinoma,NCI:C36094
DOID:8409,microinvasive cervical squamous cell carcinoma,UMLS_CUI:C1333370
DOID:8410,childhood kidney angiomyolipoma,NCI:C6565
DOID:8410,childhood kidney angiomyolipoma,UMLS_CUI:C1333000
DOID:8411,kidney angiomyolipoma,NCI:C3888
DOID:8411,kidney angiomyolipoma,SNOMEDCT_US_2023_03_01:254921004
DOID:8411,kidney angiomyolipoma,UMLS_CUI:C0241961
DOID:8415,carcinoma arising in nasal papillomatosis,NCI:C27389
DOID:8415,carcinoma arising in nasal papillomatosis,UMLS_CUI:C1332840
DOID:8418,congenital fibrosarcoma,NCI:C4244
DOID:8418,congenital fibrosarcoma,SNOMEDCT_US_2023_03_01:403996004
DOID:8418,congenital fibrosarcoma,UMLS_CUI:C0334459
DOID:8419,colloid adenoma,NCI:C4161
DOID:8419,colloid adenoma,SNOMEDCT_US_2023_03_01:26545006
DOID:8419,colloid adenoma,UMLS_CUI:C0334329
DOID:8420,malignant glandular tumor of peripheral nerve sheath,NCI:C6560
DOID:8420,malignant glandular tumor of peripheral nerve sheath,SNOMEDCT_US_2023_03_01:699659007
DOID:8420,malignant glandular tumor of peripheral nerve sheath,UMLS_CUI:C1333821
DOID:8426,follicular infundibulum tumor,NCI:C4469
DOID:8426,follicular infundibulum tumor,SNOMEDCT_US_2023_03_01:254694002
DOID:8426,follicular infundibulum tumor,UMLS_CUI:C0346006
DOID:8427,retinal melanoma,NCI:C8601
DOID:8427,retinal melanoma,SNOMEDCT_US_2023_03_01:423673009
DOID:8427,retinal melanoma,UMLS_CUI:C0853394
DOID:8428,breast apocrine carcinoma in situ,NCI:C5140
DOID:8428,breast apocrine carcinoma in situ,UMLS_CUI:C1332315
DOID:8527,monocytic leukemia,ICD10CM:C93.Z
DOID:8527,monocytic leukemia,ICD9CM:206.8
DOID:8527,monocytic leukemia,SNOMEDCT_US_2023_03_01:188747004
DOID:8527,monocytic leukemia,UMLS_CUI:C0153903
DOID:8533,hypopharynx cancer,GARD:9334
DOID:8533,hypopharynx cancer,ICD10CM:C13
DOID:8533,hypopharynx cancer,ICD10CM:C13.2
DOID:8533,hypopharynx cancer,ICD9CM:148
DOID:8533,hypopharynx cancer,ICD9CM:148.3
DOID:8533,hypopharynx cancer,MESH:D007012
DOID:8533,hypopharynx cancer,NCI:C7190
DOID:8533,hypopharynx cancer,SNOMEDCT_US_2023_03_01:93831006
DOID:8533,hypopharynx cancer,SNOMEDCT_US_2023_03_01:93968005
DOID:8533,hypopharynx cancer,UMLS_CUI:C0153398
DOID:8533,hypopharynx cancer,UMLS_CUI:C0496770
DOID:8538,reticulosarcoma,MESH:D008228
DOID:8538,reticulosarcoma,ICD9CM:200.0
DOID:8538,reticulosarcoma,MIM:267730
DOID:8538,reticulosarcoma,NCI:C27824
DOID:8538,reticulosarcoma,SNOMEDCT_US_2023_03_01:154579006
DOID:8538,reticulosarcoma,UMLS_CUI:C0024302
DOID:8541,Sezary's disease,GARD:7629
DOID:8541,Sezary's disease,ICD10CM:C84.1
DOID:8541,Sezary's disease,ICD9CM:202.2
DOID:8541,Sezary's disease,MESH:D012751
DOID:8541,Sezary's disease,NCI:C3366
DOID:8541,Sezary's disease,SNOMEDCT_US_2023_03_01:4950009
DOID:8541,Sezary's disease,UMLS_CUI:C0036920
DOID:8543,"Hodgkin's lymphoma, lymphocytic-histiocytic predominance",ICD10CM:C81.4
DOID:8543,"Hodgkin's lymphoma, lymphocytic-histiocytic predominance",ICD9CM:201.4
DOID:8543,"Hodgkin's lymphoma, lymphocytic-histiocytic predominance",MESH:D006689
DOID:8543,"Hodgkin's lymphoma, lymphocytic-histiocytic predominance",NCI:C6913
DOID:8543,"Hodgkin's lymphoma, lymphocytic-histiocytic predominance",SNOMEDCT_US_2023_03_01:128799007
DOID:8543,"Hodgkin's lymphoma, lymphocytic-histiocytic predominance",UMLS_CUI:C1266194
DOID:8552,chronic myeloid leukemia,ICD9CM:205.1
DOID:8552,chronic myeloid leukemia,SNOMEDCT_US_2023_03_01:154592009
DOID:8552,chronic myeloid leukemia,UMLS_CUI:C0023473
DOID:8552,chronic myeloid leukemia,EFO:0000339
DOID:8552,chronic myeloid leukemia,GARD:6105
DOID:8552,chronic myeloid leukemia,ICDO:9863/3
DOID:8552,chronic myeloid leukemia,KEGG:05220
DOID:8552,chronic myeloid leukemia,MIM:608232
DOID:8552,chronic myeloid leukemia,ORDO:521
DOID:8556,vallecula cancer,ICD10CM:C10.0
DOID:8556,vallecula cancer,ICD9CM:146.3
DOID:8556,vallecula cancer,SNOMEDCT_US_2023_03_01:94132005
DOID:8556,vallecula cancer,UMLS_CUI:C0153386
DOID:8557,oropharynx cancer,ICD10CM:C10
DOID:8557,oropharynx cancer,ICD10CM:C10.2
DOID:8557,oropharynx cancer,ICD10CM:C10.3
DOID:8557,oropharynx cancer,ICD10CM:C10.8
DOID:8557,oropharynx cancer,ICD9CM:146
DOID:8557,oropharynx cancer,ICD9CM:146.5
DOID:8557,oropharynx cancer,ICD9CM:146.6
DOID:8557,oropharynx cancer,ICD9CM:146.7
DOID:8557,oropharynx cancer,NCI:C7398
DOID:8557,oropharynx cancer,SNOMEDCT_US_2023_03_01:187686007
DOID:8557,oropharynx cancer,SNOMEDCT_US_2023_03_01:93933005
DOID:8557,oropharynx cancer,SNOMEDCT_US_2023_03_01:93971002
DOID:8557,oropharynx cancer,UMLS_CUI:C0153382
DOID:8557,oropharynx cancer,UMLS_CUI:C0153388
DOID:8557,oropharynx cancer,UMLS_CUI:C0153389
DOID:8557,oropharynx cancer,UMLS_CUI:C0153390
DOID:8564,lip cancer,ICD10CM:C00
DOID:8564,lip cancer,ICD9CM:140
DOID:8564,lip cancer,ICD9CM:140.6
DOID:8564,lip cancer,ICD9CM:140.8
DOID:8564,lip cancer,MESH:D008048
DOID:8564,lip cancer,NCI:C7485
DOID:8564,lip cancer,SNOMEDCT_US_2023_03_01:187626009
DOID:8564,lip cancer,SNOMEDCT_US_2023_03_01:93762003
DOID:8564,lip cancer,SNOMEDCT_US_2023_03_01:93869001
DOID:8564,lip cancer,UMLS_CUI:C0153340
DOID:8564,lip cancer,UMLS_CUI:C0153346
DOID:8564,lip cancer,UMLS_CUI:C0153347
DOID:8567,Hodgkin's lymphoma,MESH:D006689
DOID:8567,Hodgkin's lymphoma,EFO:0000183
DOID:8567,Hodgkin's lymphoma,GARD:2714
DOID:8567,Hodgkin's lymphoma,ICD10CM:C81
DOID:8567,Hodgkin's lymphoma,ICD9CM:201
DOID:8567,Hodgkin's lymphoma,MIM:236000
DOID:8567,Hodgkin's lymphoma,MIM:300221
DOID:8567,Hodgkin's lymphoma,MIM:400021
DOID:8567,Hodgkin's lymphoma,NCI:C9357
DOID:8567,Hodgkin's lymphoma,ORDO:98293
DOID:8567,Hodgkin's lymphoma,SNOMEDCT_US_2023_03_01:118599009
DOID:8567,Hodgkin's lymphoma,UMLS_CUI:C0019829
DOID:8578,soft palate cancer,ICD10CM:C05.1
DOID:8578,soft palate cancer,ICD9CM:145.3
DOID:8578,soft palate cancer,NCI:C3529
DOID:8578,soft palate cancer,SNOMEDCT_US_2023_03_01:94049001
DOID:8578,soft palate cancer,UMLS_CUI:C0153376
DOID:8584,Burkitt lymphoma,GARD:5973
DOID:8584,Burkitt lymphoma,ICD10CM:C83.7
DOID:8584,Burkitt lymphoma,ICD9CM:200.2
DOID:8584,Burkitt lymphoma,ICDO:9687/3
DOID:8584,Burkitt lymphoma,MESH:D002051
DOID:8584,Burkitt lymphoma,MIM:113970
DOID:8584,Burkitt lymphoma,NCI:C2912
DOID:8584,Burkitt lymphoma,ORDO:543
DOID:8584,Burkitt lymphoma,SNOMEDCT_US_2023_03_01:118617000
DOID:8584,Burkitt lymphoma,UMLS_CUI:C0006413
DOID:8593,chronic monocytic leukemia,ICD10CM:C93.1
DOID:8593,chronic monocytic leukemia,ICD9CM:206.1
DOID:8593,chronic monocytic leukemia,MESH:D007951
DOID:8593,chronic monocytic leukemia,NCI:C34774
DOID:8593,chronic monocytic leukemia,SNOMEDCT_US_2023_03_01:46236001
DOID:8593,chronic monocytic leukemia,UMLS_CUI:C0023466
DOID:8601,upper gum cancer,ICD10CM:C03.0
DOID:8601,upper gum cancer,ICD9CM:143.0
DOID:8601,upper gum cancer,SNOMEDCT_US_2023_03_01:94114005
DOID:8601,upper gum cancer,UMLS_CUI:C0153365
DOID:8602,gum cancer,ICD10CM:C03
DOID:8602,gum cancer,ICD9CM:143
DOID:8602,gum cancer,NCI:C9317
DOID:8602,gum cancer,SNOMEDCT_US_2023_03_01:93819009
DOID:8602,gum cancer,UMLS_CUI:C0153364
DOID:8618,oral cavity cancer,GARD:9360
DOID:8618,oral cavity cancer,ICD10CM:C04
DOID:8618,oral cavity cancer,ICD10CM:C04.0
DOID:8618,oral cavity cancer,ICD10CM:C04.1
DOID:8618,oral cavity cancer,ICD9CM:144
DOID:8618,oral cavity cancer,ICD9CM:144.0
DOID:8618,oral cavity cancer,ICD9CM:144.1
DOID:8618,oral cavity cancer,NCI:C9318
DOID:8618,oral cavity cancer,SNOMEDCT_US_2023_03_01:93672006
DOID:8618,oral cavity cancer,SNOMEDCT_US_2023_03_01:93802007
DOID:8618,oral cavity cancer,SNOMEDCT_US_2023_03_01:93860002
DOID:8618,oral cavity cancer,UMLS_CUI:C0153368
DOID:8618,oral cavity cancer,UMLS_CUI:C0153369
DOID:8618,oral cavity cancer,UMLS_CUI:C0496758
DOID:8628,"Hodgkin's lymphoma, lymphocytic depletion",MESH:D006689
DOID:8628,"Hodgkin's lymphoma, lymphocytic depletion",ICD10CM:C81.3
DOID:8628,"Hodgkin's lymphoma, lymphocytic depletion",ICD9CM:201.7
DOID:8628,"Hodgkin's lymphoma, lymphocytic depletion",NCI:C9283
DOID:8628,"Hodgkin's lymphoma, lymphocytic depletion",SNOMEDCT_US_2023_03_01:112687003
DOID:8628,"Hodgkin's lymphoma, lymphocytic depletion",UMLS_CUI:C0152267
DOID:8630,upper lip cancer,ICD10CM:C00.0
DOID:8630,upper lip cancer,ICD10CM:C00.3
DOID:8630,upper lip cancer,ICD9CM:140.0
DOID:8630,upper lip cancer,ICD9CM:140.3
DOID:8630,upper lip cancer,SNOMEDCT_US_2023_03_01:187609003
DOID:8630,upper lip cancer,SNOMEDCT_US_2023_03_01:94137004
DOID:8630,upper lip cancer,UMLS_CUI:C0432579
DOID:8630,upper lip cancer,UMLS_CUI:C0474962
DOID:8632,Kaposi's sarcoma,GARD:6814
DOID:8632,Kaposi's sarcoma,ICD10CM:C46
DOID:8632,Kaposi's sarcoma,ICD10CM:C46.0
DOID:8632,Kaposi's sarcoma,ICD10CM:C46.1
DOID:8632,Kaposi's sarcoma,ICD10CM:C46.2
DOID:8632,Kaposi's sarcoma,ICD10CM:C46.3
DOID:8632,Kaposi's sarcoma,ICD10CM:C46.4
DOID:8632,Kaposi's sarcoma,ICD10CM:C46.5
DOID:8632,Kaposi's sarcoma,ICD9CM:176
DOID:8632,Kaposi's sarcoma,ICD9CM:176.0
DOID:8632,Kaposi's sarcoma,ICD9CM:176.1
DOID:8632,Kaposi's sarcoma,ICD9CM:176.2
DOID:8632,Kaposi's sarcoma,ICD9CM:176.3
DOID:8632,Kaposi's sarcoma,ICD9CM:176.4
DOID:8632,Kaposi's sarcoma,ICD9CM:176.5
DOID:8632,Kaposi's sarcoma,MESH:D012514
DOID:8632,Kaposi's sarcoma,NCI:C27500
DOID:8632,Kaposi's sarcoma,NCI:C3550
DOID:8632,Kaposi's sarcoma,NCI:C3551
DOID:8632,Kaposi's sarcoma,NCI:C4578
DOID:8632,Kaposi's sarcoma,NCI:C4579
DOID:8632,Kaposi's sarcoma,NCI:C5363
DOID:8632,Kaposi's sarcoma,NCI:C5523
DOID:8632,Kaposi's sarcoma,NCI:C5529
DOID:8632,Kaposi's sarcoma,NCI:C5602
DOID:8632,Kaposi's sarcoma,NCI:C5706
DOID:8632,Kaposi's sarcoma,NCI:C5842
DOID:8632,Kaposi's sarcoma,NCI:C6377
DOID:8632,Kaposi's sarcoma,NCI:C6749
DOID:8632,Kaposi's sarcoma,NCI:C7006
DOID:8632,Kaposi's sarcoma,NCI:C9087
DOID:8632,Kaposi's sarcoma,SNOMEDCT_US_2023_03_01:109385007
DOID:8632,Kaposi's sarcoma,SNOMEDCT_US_2023_03_01:109388009
DOID:8632,Kaposi's sarcoma,SNOMEDCT_US_2023_03_01:109390005
DOID:8632,Kaposi's sarcoma,SNOMEDCT_US_2023_03_01:188029000
DOID:8632,Kaposi's sarcoma,SNOMEDCT_US_2023_03_01:188144002
DOID:8632,Kaposi's sarcoma,SNOMEDCT_US_2023_03_01:188775002
DOID:8632,Kaposi's sarcoma,SNOMEDCT_US_2023_03_01:255114007
DOID:8632,Kaposi's sarcoma,SNOMEDCT_US_2023_03_01:255115008
DOID:8632,Kaposi's sarcoma,UMLS_CUI:C0036220
DOID:8632,Kaposi's sarcoma,UMLS_CUI:C0153560
DOID:8632,Kaposi's sarcoma,UMLS_CUI:C0153561
DOID:8632,Kaposi's sarcoma,UMLS_CUI:C0153562
DOID:8632,Kaposi's sarcoma,UMLS_CUI:C0153563
DOID:8632,Kaposi's sarcoma,UMLS_CUI:C0153564
DOID:8632,Kaposi's sarcoma,UMLS_CUI:C0153565
DOID:8632,Kaposi's sarcoma,UMLS_CUI:C0346935
DOID:8632,Kaposi's sarcoma,UMLS_CUI:C0346936
DOID:8632,Kaposi's sarcoma,UMLS_CUI:C1332265
DOID:8632,Kaposi's sarcoma,UMLS_CUI:C1332847
DOID:8632,Kaposi's sarcoma,UMLS_CUI:C1333453
DOID:8632,Kaposi's sarcoma,UMLS_CUI:C1333744
DOID:8632,Kaposi's sarcoma,UMLS_CUI:C1333776
DOID:8632,Kaposi's sarcoma,UMLS_CUI:C1334318
DOID:8632,Kaposi's sarcoma,UMLS_CUI:C1334457
DOID:8632,Kaposi's sarcoma,UMLS_CUI:C1335372
DOID:8632,Kaposi's sarcoma,UMLS_CUI:C1335509
DOID:8634,prostate carcinoma in situ,ICD10CM:D07.5
DOID:8634,prostate carcinoma in situ,ICD9CM:233.4
DOID:8634,prostate carcinoma in situ,SNOMEDCT_US_2023_03_01:92691004
DOID:8634,prostate carcinoma in situ,UMLS_CUI:C0154088
DOID:8635,uvula cancer,ICD10CM:C05.2
DOID:8635,uvula cancer,ICD9CM:145.4
DOID:8635,uvula cancer,NCI:C35177
DOID:8635,uvula cancer,SNOMEDCT_US_2023_03_01:94129007
DOID:8635,uvula cancer,UMLS_CUI:C0153377
DOID:8642,Hodgkin's paragranuloma,UMLS_CUI:C0019829
DOID:8649,tongue cancer,GARD:7779
DOID:8649,tongue cancer,ICD10CM:C01
DOID:8649,tongue cancer,ICD10CM:C02.0
DOID:8649,tongue cancer,ICD10CM:C02.1
DOID:8649,tongue cancer,ICD10CM:C02.2
DOID:8649,tongue cancer,ICD10CM:C02.4
DOID:8649,tongue cancer,ICD10CM:C02.9
DOID:8649,tongue cancer,ICD9CM:141
DOID:8649,tongue cancer,ICD9CM:141.0
DOID:8649,tongue cancer,ICD9CM:141.1
DOID:8649,tongue cancer,ICD9CM:141.2
DOID:8649,tongue cancer,ICD9CM:141.3
DOID:8649,tongue cancer,ICD9CM:141.5
DOID:8649,tongue cancer,ICD9CM:141.6
DOID:8649,tongue cancer,MESH:D014062
DOID:8649,tongue cancer,NCI:C3524
DOID:8649,tongue cancer,NCI:C9345
DOID:8649,tongue cancer,SNOMEDCT_US_2023_03_01:187644001
DOID:8649,tongue cancer,SNOMEDCT_US_2023_03_01:363376007
DOID:8649,tongue cancer,SNOMEDCT_US_2023_03_01:363377003
DOID:8649,tongue cancer,SNOMEDCT_US_2023_03_01:93773005
DOID:8649,tongue cancer,SNOMEDCT_US_2023_03_01:94100005
DOID:8649,tongue cancer,SNOMEDCT_US_2023_03_01:94101009
DOID:8649,tongue cancer,SNOMEDCT_US_2023_03_01:94134006
DOID:8649,tongue cancer,UMLS_CUI:C0153349
DOID:8649,tongue cancer,UMLS_CUI:C0153350
DOID:8649,tongue cancer,UMLS_CUI:C0153351
DOID:8649,tongue cancer,UMLS_CUI:C0153356
DOID:8649,tongue cancer,UMLS_CUI:C0474963
DOID:8649,tongue cancer,UMLS_CUI:C0496755
DOID:8649,tongue cancer,UMLS_CUI:C0684333
DOID:8654,"Hodgkin's lymphoma, mixed cellularity",MESH:D006689
DOID:8654,"Hodgkin's lymphoma, mixed cellularity",ICD10CM:C81.2
DOID:8654,"Hodgkin's lymphoma, mixed cellularity",ICD9CM:201.6
DOID:8654,"Hodgkin's lymphoma, mixed cellularity",NCI:C3517
DOID:8654,"Hodgkin's lymphoma, mixed cellularity",SNOMEDCT_US_2023_03_01:118609008
DOID:8654,"Hodgkin's lymphoma, mixed cellularity",UMLS_CUI:C0152266
DOID:8660,postcricoid region cancer,ICD10CM:C13.0
DOID:8660,postcricoid region cancer,ICD9CM:148.0
DOID:8660,postcricoid region cancer,NCI:C9323
DOID:8660,postcricoid region cancer,SNOMEDCT_US_2023_03_01:93967000
DOID:8660,postcricoid region cancer,UMLS_CUI:C0496769
DOID:8661,lip carcinoma in situ,ICD10CM:D00.0
DOID:8661,lip carcinoma in situ,ICD9CM:230.0
DOID:8661,lip carcinoma in situ,SNOMEDCT_US_2023_03_01:189210009
DOID:8661,lip carcinoma in situ,UMLS_CUI:C0154058
DOID:8663,aryepiglottic fold cancer,ICD10CM:C13.1
DOID:8663,aryepiglottic fold cancer,ICD9CM:148.2
DOID:8663,aryepiglottic fold cancer,SNOMEDCT_US_2023_03_01:187708004
DOID:8663,aryepiglottic fold cancer,UMLS_CUI:C0153401
DOID:8683,myeloid sarcoma,GARD:12763
DOID:8683,myeloid sarcoma,ICD10CM:C92.3
DOID:8683,myeloid sarcoma,ICDO:9930/3
DOID:8683,myeloid sarcoma,MESH:D023981
DOID:8683,myeloid sarcoma,NCI:C35815
DOID:8683,myeloid sarcoma,SNOMEDCT_US_2023_03_01:188738007
DOID:8683,myeloid sarcoma,UMLS_CUI:C0152276
DOID:8687,skin carcinoma in situ,ICD10CM:D04
DOID:8687,skin carcinoma in situ,ICD10CM:D04.0
DOID:8687,skin carcinoma in situ,ICD10CM:D04.2
DOID:8687,skin carcinoma in situ,ICD10CM:D04.3
DOID:8687,skin carcinoma in situ,ICD10CM:D04.4
DOID:8687,skin carcinoma in situ,ICD10CM:D04.6
DOID:8687,skin carcinoma in situ,ICD10CM:D04.7
DOID:8687,skin carcinoma in situ,ICD9CM:232
DOID:8687,skin carcinoma in situ,ICD9CM:232.0
DOID:8687,skin carcinoma in situ,ICD9CM:232.2
DOID:8687,skin carcinoma in situ,ICD9CM:232.3
DOID:8687,skin carcinoma in situ,ICD9CM:232.4
DOID:8687,skin carcinoma in situ,ICD9CM:232.5
DOID:8687,skin carcinoma in situ,ICD9CM:232.6
DOID:8687,skin carcinoma in situ,ICD9CM:232.7
DOID:8687,skin carcinoma in situ,NCI:C3640
DOID:8687,skin carcinoma in situ,SNOMEDCT_US_2023_03_01:189276007
DOID:8687,skin carcinoma in situ,SNOMEDCT_US_2023_03_01:189291009
DOID:8687,skin carcinoma in situ,SNOMEDCT_US_2023_03_01:189295000
DOID:8687,skin carcinoma in situ,SNOMEDCT_US_2023_03_01:190179004
DOID:8687,skin carcinoma in situ,SNOMEDCT_US_2023_03_01:255144005
DOID:8687,skin carcinoma in situ,SNOMEDCT_US_2023_03_01:92735004
DOID:8687,skin carcinoma in situ,SNOMEDCT_US_2023_03_01:92747005
DOID:8687,skin carcinoma in situ,SNOMEDCT_US_2023_03_01:92749008
DOID:8687,skin carcinoma in situ,UMLS_CUI:C0154073
DOID:8687,skin carcinoma in situ,UMLS_CUI:C0154074
DOID:8687,skin carcinoma in situ,UMLS_CUI:C0154077
DOID:8687,skin carcinoma in situ,UMLS_CUI:C0154078
DOID:8687,skin carcinoma in situ,UMLS_CUI:C0154079
DOID:8687,skin carcinoma in situ,UMLS_CUI:C0154080
DOID:8687,skin carcinoma in situ,UMLS_CUI:C0154081
DOID:8687,skin carcinoma in situ,UMLS_CUI:C0347139
DOID:8688,tonsillar pillar cancer,ICD10CM:C09.1
DOID:8688,tonsillar pillar cancer,ICD9CM:146.2
DOID:8688,tonsillar pillar cancer,SNOMEDCT_US_2023_03_01:187676006
DOID:8688,tonsillar pillar cancer,UMLS_CUI:C0153385
DOID:8691,mycosis fungoides,GARD:3863
DOID:8691,mycosis fungoides,ICD10CM:C84.0
DOID:8691,mycosis fungoides,ICD9CM:202.1
DOID:8691,mycosis fungoides,ICDO:9700/3
DOID:8691,mycosis fungoides,MESH:D009182
DOID:8691,mycosis fungoides,MIM:254400
DOID:8691,mycosis fungoides,NCI:C3246
DOID:8691,mycosis fungoides,SNOMEDCT_US_2023_03_01:118618005
DOID:8691,mycosis fungoides,UMLS_CUI:C0026948
DOID:8692,myeloid leukemia,MESH:D007951
DOID:8692,myeloid leukemia,GARD:8226
DOID:8692,myeloid leukemia,ICD10CM:C92
DOID:8692,myeloid leukemia,ICD9CM:205
DOID:8692,myeloid leukemia,ICDO:9860/3
DOID:8692,myeloid leukemia,NCI:C3172
DOID:8692,myeloid leukemia,SNOMEDCT_US_2023_03_01:269631008
DOID:8692,myeloid leukemia,UMLS_CUI:C0023470
DOID:8696,subacute monocytic leukemia,ICD9CM:206.2
DOID:8696,subacute monocytic leukemia,SNOMEDCT_US_2023_03_01:95276000
DOID:8696,subacute monocytic leukemia,UMLS_CUI:C0152275
DOID:8702,cheek mucosa cancer,ICD10CM:C06.0
DOID:8702,cheek mucosa cancer,ICD9CM:145.0
DOID:8702,cheek mucosa cancer,NCI:C9320
DOID:8702,cheek mucosa cancer,SNOMEDCT_US_2023_03_01:93735006
DOID:8702,cheek mucosa cancer,UMLS_CUI:C0153373
DOID:8719,in situ carcinoma,ICD10CM:D09.9
DOID:8719,in situ carcinoma,ICD9CM:230-234.99
DOID:8719,in situ carcinoma,MESH:D002278
DOID:8719,in situ carcinoma,NCI:C2917
DOID:8719,in situ carcinoma,SNOMEDCT_US_2023_03_01:189208007
DOID:8719,in situ carcinoma,UMLS_CUI:C0007099
DOID:8731,carotid body cancer,ICD10CM:C75.4
DOID:8731,carotid body cancer,ICD9CM:194.5
DOID:8731,carotid body cancer,NCI:C3574
DOID:8731,carotid body cancer,SNOMEDCT_US_2023_03_01:93740003
DOID:8731,carotid body cancer,UMLS_CUI:C0153656
DOID:8761,acute megakaryocytic leukemia,GARD:524
DOID:8761,acute megakaryocytic leukemia,ICD10CM:C94.2
DOID:8761,acute megakaryocytic leukemia,ICD9CM:207.2
DOID:8761,acute megakaryocytic leukemia,ICDO:9910/3
DOID:8761,acute megakaryocytic leukemia,MESH:D007947
DOID:8761,acute megakaryocytic leukemia,NCI:C3170
DOID:8761,acute megakaryocytic leukemia,SNOMEDCT_US_2023_03_01:52220008
DOID:8761,acute megakaryocytic leukemia,UMLS_CUI:C0023462
DOID:8791,breast carcinoma in situ,ICD10CM:D05
DOID:8791,breast carcinoma in situ,ICD9CM:233.0
DOID:8791,breast carcinoma in situ,MESH:D000071960
DOID:8791,breast carcinoma in situ,SNOMEDCT_US_2023_03_01:154636004
DOID:8791,breast carcinoma in situ,UMLS_CUI:C0154084
DOID:8792,eye carcinoma in situ,ICD10CM:D09.2
DOID:8792,eye carcinoma in situ,ICD9CM:234.0
DOID:8792,eye carcinoma in situ,SNOMEDCT_US_2023_03_01:92590009
DOID:8792,eye carcinoma in situ,UMLS_CUI:C0154094
DOID:8800,lung carcinoma in situ,ICD10CM:D02.2
DOID:8800,lung carcinoma in situ,ICD9CM:231.2
DOID:8800,lung carcinoma in situ,SNOMEDCT_US_2023_03_01:189262006
DOID:8800,lung carcinoma in situ,UMLS_CUI:C0154071
DOID:8802,trachea carcinoma in situ,ICD10CM:D02.1
DOID:8802,trachea carcinoma in situ,ICD9CM:231.1
DOID:8802,trachea carcinoma in situ,NCI:C3639
DOID:8802,trachea carcinoma in situ,SNOMEDCT_US_2023_03_01:92772005
DOID:8802,trachea carcinoma in situ,UMLS_CUI:C0154070
DOID:8826,colon carcinoma in situ,ICD10CM:D01.0
DOID:8826,colon carcinoma in situ,ICD9CM:230.3
DOID:8826,colon carcinoma in situ,SNOMEDCT_US_2023_03_01:92568009
DOID:8826,colon carcinoma in situ,UMLS_CUI:C0154061
DOID:8838,"Hodgkin's lymphoma, nodular sclerosis",ICD10CM:C81.1
DOID:8838,"Hodgkin's lymphoma, nodular sclerosis",ICD9CM:201.5
DOID:8838,"Hodgkin's lymphoma, nodular sclerosis",NCI:C3518
DOID:8838,"Hodgkin's lymphoma, nodular sclerosis",SNOMEDCT_US_2023_03_01:52248008
DOID:8838,"Hodgkin's lymphoma, nodular sclerosis",UMLS_CUI:C0152268
DOID:8849,sublingual gland cancer,ICD10CM:C08.1
DOID:8849,sublingual gland cancer,ICD9CM:142.2
DOID:8849,sublingual gland cancer,NCI:C3527
DOID:8849,sublingual gland cancer,SNOMEDCT_US_2023_03_01:94076001
DOID:8849,sublingual gland cancer,UMLS_CUI:C0153361
DOID:8850,salivary gland cancer,ICD10CM:C08
DOID:8850,salivary gland cancer,ICD9CM:142.8
DOID:8850,salivary gland cancer,SNOMEDCT_US_2023_03_01:187648003
DOID:8850,salivary gland cancer,UMLS_CUI:C0153362
DOID:8858,tonsil cancer,ICD10CM:C09
DOID:8858,tonsil cancer,ICD9CM:146.0
DOID:8858,tonsil cancer,MESH:D014067
DOID:8858,tonsil cancer,NCI:C7404
DOID:8858,tonsil cancer,SNOMEDCT_US_2023_03_01:93937006
DOID:8858,tonsil cancer,UMLS_CUI:C0751560
DOID:8864,acute monocytic leukemia,GARD:525
DOID:8864,acute monocytic leukemia,ICD9CM:206.0
DOID:8864,acute monocytic leukemia,ICDO:9891/3
DOID:8864,acute monocytic leukemia,MESH:D007948
DOID:8864,acute monocytic leukemia,MIM:151380
DOID:8864,acute monocytic leukemia,SNOMEDCT_US_2023_03_01:91859000
DOID:8864,acute monocytic leukemia,UMLS_CUI:C0023465
DOID:8866,actinic keratosis,ICD10CM:L57.0
DOID:8866,actinic keratosis,ICD9CM:702.0
DOID:8866,actinic keratosis,ICDO:8070/0
DOID:8866,actinic keratosis,MESH:D055623
DOID:8866,actinic keratosis,NCI:C3148
DOID:8866,actinic keratosis,SNOMEDCT_US_2023_03_01:267858008
DOID:8866,actinic keratosis,UMLS_CUI:C0022602
DOID:8872,penis carcinoma in situ,ICD10CM:D07.4
DOID:8872,penis carcinoma in situ,ICD9CM:233.5
DOID:8872,penis carcinoma in situ,NCI:C27790
DOID:8872,penis carcinoma in situ,SNOMEDCT_US_2023_03_01:92679008
DOID:8872,penis carcinoma in situ,UMLS_CUI:C0154089
DOID:8883,lower lip cancer,ICD10CM:C00.1
DOID:8883,lower lip cancer,ICD9CM:140.1
DOID:8883,lower lip cancer,SNOMEDCT_US_2023_03_01:94136008
DOID:8883,lower lip cancer,UMLS_CUI:C0432520
DOID:8923,skin melanoma,ICD10CM:C43.9
DOID:8923,skin melanoma,ICD9CM:172.9
DOID:8923,skin melanoma,MESH:D000096142
DOID:8923,skin melanoma,MIM:608035
DOID:8923,skin melanoma,MIM:612263
DOID:8923,skin melanoma,NCI:C3510
DOID:8923,skin melanoma,SNOMEDCT_US_2023_03_01:269577007
DOID:8923,skin melanoma,UMLS_CUI:C0151779
DOID:8930,retromolar area cancer,ICD10CM:C06.2
DOID:8930,retromolar area cancer,ICD9CM:145.6
DOID:8930,retromolar area cancer,SNOMEDCT_US_2023_03_01:363391009
DOID:8930,retromolar area cancer,UMLS_CUI:C0153379
DOID:8937,Waldeyer's ring cancer,ICD10CM:C14.2
DOID:8937,Waldeyer's ring cancer,ICD9CM:149.1
DOID:8937,Waldeyer's ring cancer,SNOMEDCT_US_2023_03_01:94144008
DOID:8937,Waldeyer's ring cancer,UMLS_CUI:C0153406
DOID:8969,tonsillar fossa cancer,ICD10CM:C09.0
DOID:8969,tonsillar fossa cancer,ICD9CM:146.1
DOID:8969,tonsillar fossa cancer,SNOMEDCT_US_2023_03_01:363394001
DOID:8969,tonsillar fossa cancer,UMLS_CUI:C0153384
DOID:8991,cervix uteri carcinoma in situ,ICD10CM:D06
DOID:8991,cervix uteri carcinoma in situ,ICD9CM:233.1
DOID:8991,cervix uteri carcinoma in situ,MESH:D002578
DOID:8991,cervix uteri carcinoma in situ,SNOMEDCT_US_2023_03_01:92564006
DOID:8991,cervix uteri carcinoma in situ,UMLS_CUI:C0851140
DOID:8997,polycythemia vera,GARD:7422
DOID:8997,polycythemia vera,ICD10CM:D45
DOID:8997,polycythemia vera,ICD9CM:207.1
DOID:8997,polycythemia vera,ICD9CM:238.4
DOID:8997,polycythemia vera,ICDO:9950/3
DOID:8997,polycythemia vera,MESH:D011087
DOID:8997,polycythemia vera,MIM:263300
DOID:8997,polycythemia vera,NCI:C3336
DOID:8997,polycythemia vera,SNOMEDCT_US_2023_03_01:154644004
DOID:8997,polycythemia vera,SNOMEDCT_US_2023_03_01:188753004
DOID:8997,polycythemia vera,UMLS_CUI:C0032463
DOID:8997,polycythemia vera,UMLS_CUI:C0152272
DOID:901,liver lymphoma,NCI:C4949
DOID:901,liver lymphoma,UMLS_CUI:C1112746
DOID:9011,larynx carcinoma in situ,ICD10CM:D02.0
DOID:9011,larynx carcinoma in situ,ICD9CM:231.0
DOID:9011,larynx carcinoma in situ,SNOMEDCT_US_2023_03_01:92634009
DOID:9011,larynx carcinoma in situ,UMLS_CUI:C0154069
DOID:9024,intestine carcinoma in situ,ICD10CM:D01.4
DOID:9024,intestine carcinoma in situ,ICD9CM:230.7
DOID:9024,intestine carcinoma in situ,SNOMEDCT_US_2023_03_01:190172008
DOID:9024,intestine carcinoma in situ,UMLS_CUI:C0154065
DOID:903,gastrointestinal lymphoma,NCI:C38162
DOID:903,gastrointestinal lymphoma,SNOMEDCT_US_2023_03_01:449072004
DOID:903,gastrointestinal lymphoma,UMLS_CUI:C0740372
DOID:9036,parotid gland cancer,ICD10CM:C07
DOID:9036,parotid gland cancer,ICD9CM:142.0
DOID:9036,parotid gland cancer,MESH:D010307
DOID:9036,parotid gland cancer,NCI:C3525
DOID:9036,parotid gland cancer,SNOMEDCT_US_2023_03_01:93949007
DOID:9036,parotid gland cancer,UMLS_CUI:C0747273
DOID:9053,bladder carcinoma in situ,ICD10CM:D09.0
DOID:9053,bladder carcinoma in situ,ICD9CM:233.7
DOID:9053,bladder carcinoma in situ,SNOMEDCT_US_2023_03_01:92546004
DOID:9053,bladder carcinoma in situ,UMLS_CUI:C0154091
DOID:907,liver fibroma,NCI:C5752
DOID:907,liver fibroma,UMLS_CUI:C1333965
DOID:9087,anal carcinoma in situ,ICD9CM:230.6
DOID:9087,anal carcinoma in situ,NCI:C157575
DOID:9087,anal carcinoma in situ,SNOMEDCT_US_2023_03_01:92537005
DOID:9087,anal carcinoma in situ,UMLS_CUI:C0154064
DOID:9095,esophagus carcinoma in situ,ICD10CM:D00.1
DOID:9095,esophagus carcinoma in situ,ICD9CM:230.1
DOID:9095,esophagus carcinoma in situ,SNOMEDCT_US_2023_03_01:92585006
DOID:9095,esophagus carcinoma in situ,UMLS_CUI:C0154059
DOID:910,occipital lobe neoplasm,ICD10CM:C71.4
DOID:910,occipital lobe neoplasm,ICD9CM:191.4
DOID:910,occipital lobe neoplasm,NCI:C5574
DOID:910,occipital lobe neoplasm,SNOMEDCT_US_2023_03_01:126957005
DOID:910,occipital lobe neoplasm,SNOMEDCT_US_2023_03_01:93928006
DOID:910,occipital lobe neoplasm,UMLS_CUI:C0153638
DOID:910,occipital lobe neoplasm,UMLS_CUI:C1263889
DOID:9108,uterus carcinoma in situ,ICD9CM:233.2
DOID:9108,uterus carcinoma in situ,SNOMEDCT_US_2023_03_01:189342001
DOID:9108,uterus carcinoma in situ,UMLS_CUI:C0154086
DOID:9119,acute myeloid leukemia,ICDO:9861/3
DOID:9119,acute myeloid leukemia,ICD10CM:C92.0
DOID:9119,acute myeloid leukemia,MESH:D015470
DOID:9119,acute myeloid leukemia,GARD:12757
DOID:9119,acute myeloid leukemia,ICD9CM:205.0
DOID:9119,acute myeloid leukemia,KEGG:05221
DOID:9119,acute myeloid leukemia,MIM:601626
DOID:9119,acute myeloid leukemia,NCI:C3171
DOID:9119,acute myeloid leukemia,SNOMEDCT_US_2023_03_01:17788007
DOID:9119,acute myeloid leukemia,UMLS_CUI:C0023467
DOID:9125,lower gum cancer,ICD10CM:C03.1
DOID:9125,lower gum cancer,ICD9CM:143.1
DOID:9125,lower gum cancer,SNOMEDCT_US_2023_03_01:93873003
DOID:9125,lower gum cancer,UMLS_CUI:C0432581
DOID:9132,liver carcinoma in situ,ICD10CM:D01.5
DOID:9132,liver carcinoma in situ,ICD9CM:230.8
DOID:9132,liver carcinoma in situ,SNOMEDCT_US_2023_03_01:271525004
DOID:9132,liver carcinoma in situ,UMLS_CUI:C0496854
DOID:9138,stomach carcinoma in situ,ICD10CM:D00.2
DOID:9138,stomach carcinoma in situ,ICD9CM:230.2
DOID:9138,stomach carcinoma in situ,SNOMEDCT_US_2023_03_01:92756002
DOID:9138,stomach carcinoma in situ,UMLS_CUI:C0154060
DOID:9149,hard palate cancer,ICD10CM:C05.0
DOID:9149,hard palate cancer,ICD9CM:145.2
DOID:9149,hard palate cancer,NCI:C3528
DOID:9149,hard palate cancer,SNOMEDCT_US_2023_03_01:93822006
DOID:9149,hard palate cancer,UMLS_CUI:C0153375
DOID:916,liver benign neoplasm,NCI:C7103
DOID:916,liver benign neoplasm,NCI:C7106
DOID:916,liver benign neoplasm,UMLS_CUI:C1333419
DOID:916,liver benign neoplasm,UMLS_CUI:C1333976
DOID:917,liver leiomyoma,NCI:C5753
DOID:917,liver leiomyoma,UMLS_CUI:C1333968
DOID:9173,submandibular gland cancer,ICD10CM:C08.0
DOID:9173,submandibular gland cancer,ICD9CM:142.1
DOID:9173,submandibular gland cancer,NCI:C3526
DOID:9173,submandibular gland cancer,SNOMEDCT_US_2023_03_01:363380002
DOID:9173,submandibular gland cancer,UMLS_CUI:C0153360
DOID:9174,rectum carcinoma in situ,ICD10CM:D01.2
DOID:9174,rectum carcinoma in situ,ICD9CM:230.4
DOID:9174,rectum carcinoma in situ,SNOMEDCT_US_2023_03_01:92696009
DOID:9174,rectum carcinoma in situ,UMLS_CUI:C0154062
DOID:9188,vestibule of mouth cancer,ICD10CM:C06.1
DOID:9188,vestibule of mouth cancer,ICD9CM:145.1
DOID:9188,vestibule of mouth cancer,SNOMEDCT_US_2023_03_01:187658004
DOID:9188,vestibule of mouth cancer,UMLS_CUI:C0153374
DOID:9234,kidney carcinoma in situ,ICD10CM:D09.1
DOID:9234,kidney carcinoma in situ,ICD9CM:233.9
DOID:9234,kidney carcinoma in situ,SNOMEDCT_US_2023_03_01:190185006
DOID:9234,kidney carcinoma in situ,UMLS_CUI:C0154092
DOID:9235,pyriform sinus cancer,ICD10CM:C12
DOID:9235,pyriform sinus cancer,ICD9CM:148.1
DOID:9235,pyriform sinus cancer,NCI:C3531
DOID:9235,pyriform sinus cancer,SNOMEDCT_US_2023_03_01:363401000
DOID:9235,pyriform sinus cancer,UMLS_CUI:C0153400
DOID:9253,gastrointestinal stromal tumor,GARD:8598
DOID:9253,gastrointestinal stromal tumor,ICD10CM:C49.A
DOID:9253,gastrointestinal stromal tumor,ICDO:8936/3
DOID:9253,gastrointestinal stromal tumor,MESH:D046152
DOID:9253,gastrointestinal stromal tumor,MIM:606764
DOID:9253,gastrointestinal stromal tumor,NCI:C3868
DOID:9253,gastrointestinal stromal tumor,SNOMEDCT_US_2023_03_01:1187383001
DOID:9253,gastrointestinal stromal tumor,UMLS_CUI:C0238198
DOID:9254,mast-cell leukemia,ICD10CM:C94.3
DOID:9254,mast-cell leukemia,ICDO:9742/3
DOID:9254,mast-cell leukemia,MESH:D007946
DOID:9254,mast-cell leukemia,NCI:C3169
DOID:9254,mast-cell leukemia,SNOMEDCT_US_2023_03_01:110002002
DOID:9254,mast-cell leukemia,UMLS_CUI:C0023461
DOID:9256,colorectal cancer,MESH:D015179
DOID:9256,colorectal cancer,ICD10CM:C18.9
DOID:9256,colorectal cancer,NCI:C4978
DOID:9256,colorectal cancer,SNOMEDCT_US_2023_03_01:93854002
DOID:9256,colorectal cancer,UMLS_CUI:C0346629
DOID:9256,colorectal cancer,KEGG:05210
DOID:9256,colorectal cancer,MIM:114500
DOID:9256,colorectal cancer,NCI:C2956
DOID:9256,colorectal cancer,SNOMEDCT_US_2023_03_01:126837005
DOID:9256,colorectal cancer,UMLS_CUI:C0009404
DOID:9261,nasopharynx carcinoma,GARD:7163
DOID:9261,nasopharynx carcinoma,ICD10CM:C11
DOID:9261,nasopharynx carcinoma,ICD10CM:C11.0
DOID:9261,nasopharynx carcinoma,ICD10CM:C11.1
DOID:9261,nasopharynx carcinoma,ICD10CM:C11.2
DOID:9261,nasopharynx carcinoma,ICD10CM:C11.3
DOID:9261,nasopharynx carcinoma,ICD9CM:147
DOID:9261,nasopharynx carcinoma,ICD9CM:147.0
DOID:9261,nasopharynx carcinoma,ICD9CM:147.1
DOID:9261,nasopharynx carcinoma,ICD9CM:147.2
DOID:9261,nasopharynx carcinoma,ICD9CM:147.3
DOID:9261,nasopharynx carcinoma,MESH:D009303
DOID:9261,nasopharynx carcinoma,MIM:161550
DOID:9261,nasopharynx carcinoma,MIM:607107
DOID:9261,nasopharynx carcinoma,NCI:C9321
DOID:9261,nasopharynx carcinoma,ORDO:150
DOID:9261,nasopharynx carcinoma,SNOMEDCT_US_2023_03_01:187692001
DOID:9261,nasopharynx carcinoma,SNOMEDCT_US_2023_03_01:187693006
DOID:9261,nasopharynx carcinoma,SNOMEDCT_US_2023_03_01:187700006
DOID:9261,nasopharynx carcinoma,SNOMEDCT_US_2023_03_01:363398003
DOID:9261,nasopharynx carcinoma,SNOMEDCT_US_2023_03_01:93919005
DOID:9261,nasopharynx carcinoma,SNOMEDCT_US_2023_03_01:94078000
DOID:9261,nasopharynx carcinoma,UMLS_CUI:C0153392
DOID:9261,nasopharynx carcinoma,UMLS_CUI:C0153393
DOID:9261,nasopharynx carcinoma,UMLS_CUI:C0153394
DOID:9261,nasopharynx carcinoma,UMLS_CUI:C0153395
DOID:9261,nasopharynx carcinoma,UMLS_CUI:C0153396
DOID:9261,nasopharynx carcinoma,UMLS_CUI:C0238301
DOID:9299,myocardium cancer,NCI:C4569
DOID:9299,myocardium cancer,NCI:C5349
DOID:9299,myocardium cancer,SNOMEDCT_US_2023_03_01:126732009
DOID:9299,myocardium cancer,SNOMEDCT_US_2023_03_01:363437005
DOID:9299,myocardium cancer,UMLS_CUI:C0346611
DOID:9299,myocardium cancer,UMLS_CUI:C1290402
DOID:9300,neurofibroma of the heart,NCI:C5359
DOID:9300,neurofibroma of the heart,UMLS_CUI:C1096349
DOID:9310,nasal cavity benign neoplasm,NCI:C4603
DOID:9310,nasal cavity benign neoplasm,SNOMEDCT_US_2023_03_01:188874008
DOID:9310,nasal cavity benign neoplasm,UMLS_CUI:C0347215
DOID:9442,cervical Mullerian papilloma,NCI:C40215
DOID:9442,cervical Mullerian papilloma,UMLS_CUI:C1516427
DOID:9445,cervix squamous papilloma,NCI:C6342
DOID:9445,cervix squamous papilloma,UMLS_CUI:C1336900
DOID:9459,isthmus cancer,ICD9CM:182.1
DOID:9459,isthmus cancer,UMLS_CUI:C0153575
DOID:9460,uterine corpus cancer,ICD10CM:C54
DOID:9460,uterine corpus cancer,ICD9CM:182
DOID:9460,uterine corpus cancer,NCI:C3556
DOID:9460,uterine corpus cancer,SNOMEDCT_US_2023_03_01:93718007
DOID:9460,uterine corpus cancer,UMLS_CUI:C0153574
DOID:9504,benign mammary dysplasia,ICD9CM:610.8
DOID:9504,benign mammary dysplasia,UMLS_CUI:C0156319
DOID:9513,plasma cell leukemia,GARD:9373
DOID:9513,plasma cell leukemia,ICD10CM:C90.1
DOID:9513,plasma cell leukemia,ICD9CM:203.1
DOID:9513,plasma cell leukemia,ICDO:9733/3
DOID:9513,plasma cell leukemia,MESH:D007952
DOID:9513,plasma cell leukemia,NCI:C3180
DOID:9513,plasma cell leukemia,SNOMEDCT_US_2023_03_01:269630009
DOID:9513,plasma cell leukemia,UMLS_CUI:C0023484
DOID:9538,multiple myeloma,EFO:0001378
DOID:9538,multiple myeloma,GARD:7108
DOID:9538,multiple myeloma,ICD10CM:C90.0
DOID:9538,multiple myeloma,ICD9CM:203.0
DOID:9538,multiple myeloma,MESH:D009101
DOID:9538,multiple myeloma,MIM:254500
DOID:9538,multiple myeloma,NCI:C3242
DOID:9538,multiple myeloma,ORDO:29073
DOID:9538,multiple myeloma,SNOMEDCT_US_2023_03_01:94705007
DOID:9538,multiple myeloma,UMLS_CUI:C0026764
DOID:9541,osteosclerotic myeloma,SNOMEDCT_US_2023_03_01:42215000
DOID:9541,osteosclerotic myeloma,UMLS_CUI:C1510415
DOID:9544,refractory plasma cell neoplasm,NCI:C7813
DOID:9544,refractory plasma cell neoplasm,UMLS_CUI:C0278620
DOID:9547,non-secretory myeloma,SNOMEDCT_US_2023_03_01:277580004
DOID:9547,non-secretory myeloma,UMLS_CUI:C0456845
DOID:9550,indolent plasma cell myeloma,NCI:C7150
DOID:9550,indolent plasma cell myeloma,SNOMEDCT_US_2023_03_01:441313008
DOID:9550,indolent plasma cell myeloma,UMLS_CUI:C2049069
DOID:956,peripheral nerve schwannoma,NCI:C41430
DOID:956,peripheral nerve schwannoma,UMLS_CUI:C1519001
DOID:959,esophagus squamous cell papilloma,NCI:C5344
DOID:959,esophagus squamous cell papilloma,SNOMEDCT_US_2023_03_01:1197270001
DOID:959,esophagus squamous cell papilloma,UMLS_CUI:C1333467
DOID:9597,Krukenberg carcinoma,GARD:8627
DOID:9597,Krukenberg carcinoma,MESH:D007725
DOID:9597,Krukenberg carcinoma,NCI:C3153
DOID:9597,Krukenberg carcinoma,SNOMEDCT_US_2023_03_01:4305004
DOID:9597,Krukenberg carcinoma,UMLS_CUI:C0022790
DOID:960,esophagus leiomyoma,NCI:C3866
DOID:960,esophagus leiomyoma,SNOMEDCT_US_2023_03_01:276805005
DOID:960,esophagus leiomyoma,UMLS_CUI:C0238114
DOID:961,neurofibroma of the esophagus,NCI:C5704
DOID:961,neurofibroma of the esophagus,UMLS_CUI:C1333463
DOID:962,neurofibroma,GARD:7191
DOID:962,neurofibroma,ICDO:9540/0
DOID:962,neurofibroma,MESH:D009455
DOID:962,neurofibroma,NCI:C3272
DOID:962,neurofibroma,SNOMEDCT_US_2023_03_01:404029005
DOID:962,neurofibroma,UMLS_CUI:C0027830
DOID:9773,female breast upper-outer quadrant cancer,ICD10CM:C50.41
DOID:9773,female breast upper-outer quadrant cancer,ICD9CM:174.4
DOID:9773,female breast upper-outer quadrant cancer,SNOMEDCT_US_2023_03_01:188154003
DOID:9773,female breast upper-outer quadrant cancer,UMLS_CUI:C0153552
DOID:9952,acute lymphoblastic leukemia,EFO:0000220
DOID:9952,acute lymphoblastic leukemia,GARD:522
DOID:9952,acute lymphoblastic leukemia,ICD10CM:C91.00
DOID:9952,acute lymphoblastic leukemia,ICD9CM:204.0
DOID:9952,acute lymphoblastic leukemia,MIM:247640
DOID:9952,acute lymphoblastic leukemia,MIM:613065
DOID:9952,acute lymphoblastic leukemia,NCI:C3167
DOID:9952,acute lymphoblastic leukemia,NCI:C7055
DOID:9952,acute lymphoblastic leukemia,ORDO:513
DOID:9952,acute lymphoblastic leukemia,SNOMEDCT_US_2023_03_01:128822004
DOID:9952,acute lymphoblastic leukemia,UMLS_CUI:C0023449
DOID:9952,acute lymphoblastic leukemia,UMLS_CUI:C1335469
DOID:9953,acute biphenotypic leukemia,ICD10CM:C95.0
DOID:9953,acute biphenotypic leukemia,ICDO:9805/3
DOID:9953,acute biphenotypic leukemia,MESH:D015456
DOID:9953,acute biphenotypic leukemia,NCI:C4673
DOID:9953,acute biphenotypic leukemia,SNOMEDCT_US_2023_03_01:128818009
DOID:9953,acute biphenotypic leukemia,UMLS_CUI:C0023464
DOID:9954,null-cell leukemia,SNOMEDCT_US_2023_03_01:277574007
DOID:9954,null-cell leukemia,UMLS_CUI:C0023483
DOID:9986,orbit lymphoma,GARD:9719
DOID:9986,orbit lymphoma,MESH:C537131
DOID:9986,orbit lymphoma,NCI:C6244
DOID:9986,orbit lymphoma,SNOMEDCT_US_2023_03_01:13048006
DOID:9986,orbit lymphoma,UMLS_CUI:C0271333
DOID:9987,orbit sarcoma,NCI:C6095
DOID:9987,orbit sarcoma,SNOMEDCT_US_2023_03_01:699354006
DOID:9987,orbit sarcoma,UMLS_CUI:C1335131
