DRR013325_2_ka_f_31.729_L_4808_L_5197_L_2282_L_4806_:156-1334	1	1178	1178	gi|525341911|dbj|AB818689.1|	5685	6862	7907	99.745	0.0	333760	Human papillomavirus 16
DRR013325_2_ka_f_31.729_L_4808_L_5197_L_2282_L_4806_:156-1334	1	1178	1178	gi|2771814726|gb|OR348859.1|	46	1223	2827	99.660	0.0	333760	Human papillomavirus 16
DRR013325_2_ka_f_31.729_L_4808_L_5197_L_2282_L_4806_:156-1334	1	1178	1178	gi|2771814723|gb|OR348858.1|	46	1223	2827	99.660	0.0	333760	Human papillomavirus 16
DRR013325_2_ka_f_31.729_L_4808_L_5197_L_2282_L_4806_:156-1334	1	1178	1178	gi|1547130538|gb|MH937377.1|	89	1266	3169	99.660	0.0	333760	Human papillomavirus 16
DRR013325_2_ka_f_31.729_L_4808_L_5197_L_2282_L_4806_:156-1334	1	1178	1178	gi|1360358076|gb|MG850702.1|	5600	6777	7821	99.660	0.0	333760	Human papillomavirus 16
DRR013319_8_ka_f_41.304_L_254_L_38_:27-1217	1	1190	1190	gi|2791380496|gb|PQ177652.1|	124	1313	1590	100.000	0.0	10618	human papillomavirus 52
DRR013319_8_ka_f_41.304_L_254_L_38_:27-1217	1	1190	1190	gi|2791380388|gb|PQ177597.1|	124	1313	1590	100.000	0.0	10618	human papillomavirus 52
DRR013319_8_ka_f_41.304_L_254_L_38_:27-1217	1	1190	1190	gi|2791380350|gb|PQ177578.1|	124	1313	1590	100.000	0.0	10618	human papillomavirus 52
DRR013319_8_ka_f_41.304_L_254_L_38_:27-1217	1	1190	1190	gi|2791380288|gb|PQ177547.1|	124	1313	1590	100.000	0.0	10618	human papillomavirus 52
DRR013319_8_ka_f_41.304_L_254_L_38_:27-1217	1	1190	1190	gi|2791380272|gb|PQ177539.1|	124	1313	1590	100.000	0.0	10618	human papillomavirus 52
DRR013317_15_ka_f_115.034_L_473_L_205_:27-1202	1	1175	1175	gi|2791380779|gb|PQ177791.1|	124	1298	1575	100.000	0.0	10598	human papillomavirus 58
DRR013317_15_ka_f_115.034_L_473_L_205_:27-1202	1	1175	1175	gi|2791380749|gb|PQ177776.1|	124	1298	1575	100.000	0.0	10598	human papillomavirus 58
DRR013317_15_ka_f_115.034_L_473_L_205_:27-1202	1	1175	1175	gi|2791380671|gb|PQ177737.1|	124	1298	1575	100.000	0.0	10598	human papillomavirus 58
DRR013317_15_ka_f_115.034_L_473_L_205_:27-1202	1	1175	1175	gi|1368653242|dbj|LC373210.1|	5688	6862	7824	100.000	0.0	10598	human papillomavirus 58
DRR013317_15_ka_f_115.034_L_473_L_205_:27-1202	1	1175	1175	gi|1368653233|dbj|LC373209.1|	5688	6862	7824	100.000	0.0	10598	human papillomavirus 58
DRR472272_11_ka_f_40.670_:198-1370	1	1172	1172	gi|1220130420|gb|KX645779.1|	151	1322	1605	100.000	0.0	10596	human papillomavirus 56
DRR472272_11_ka_f_40.670_:198-1370	1	1172	1172	gi|2374020011|gb|OP712103.1|	5643	6814	7841	100.000	0.0	10596	human papillomavirus 56
DRR472272_11_ka_f_40.670_:198-1370	1	1172	1172	gi|2374019658|gb|OP712049.1|	5643	6814	7839	100.000	0.0	10596	human papillomavirus 56
DRR472272_11_ka_f_40.670_:198-1370	1	1172	1172	gi|2374019114|gb|OP711967.1|	5643	6814	7839	100.000	0.0	10596	human papillomavirus 56
DRR472272_11_ka_f_40.670_:198-1370	1	1172	1172	gi|2416400522|gb|OP721217.1|	199	1370	1653	100.000	0.0	10566	Human papillomavirus
DRR472267_48_ka_f_48.097_:120-1298	1	1178	1178	gi|2645646807|gb|OR997938.1|	5569	6746	7811	99.915	0.0	10595	human papillomavirus 51
DRR472267_48_ka_f_48.097_:120-1298	1	1178	1178	gi|765527077|gb|KP090033.1|	1436	2613	2905	99.915	0.0	10595	human papillomavirus 51
DRR472267_48_ka_f_48.097_:120-1298	1	1178	1178	gi|2188188865|gb|MW888938.1|	46	1223	1515	99.915	0.0	10595	human papillomavirus 51
DRR472267_48_ka_f_48.097_:120-1298	1	1178	1178	gi|2188188847|gb|MW888929.1|	46	1223	1515	99.915	0.0	10595	human papillomavirus 51
DRR472267_48_ka_f_48.097_:120-1298	1	1178	1178	gi|1547165884|gb|MH577953.1|	46	1223	1515	99.830	0.0	10595	human papillomavirus 51
DRR472269_16_ka_f_82.421_:126-1301	1	1175	1175	gi|2416400546|gb|OP721229.1|	127	1301	1590	99.830	0.0	10566	Human papillomavirus
DRR472269_16_ka_f_82.421_:126-1301	1	1175	1175	gi|2416400494|gb|OP721202.1|	127	1301	1590	99.830	0.0	10566	Human papillomavirus
DRR472269_16_ka_f_82.421_:126-1301	1	1175	1175	gi|2416400468|gb|OP721189.1|	127	1301	1590	99.660	0.0	10566	Human papillomavirus
DRR472269_16_ka_f_82.421_:126-1301	1	1175	1175	gi|2888783067|gb|OR714761.1|	5769	6943	7920	99.574	0.0	10590	human papillomavirus 42
DRR472269_16_ka_f_82.421_:126-1301	1	1175	1175	gi|2888783053|gb|OR714759.1|	5769	6943	7920	99.574	0.0	10590	human papillomavirus 42
DRR213724_5837_ka_f_25.428_:153-1319	1	1166	1166	gi|1493606859|gb|MH407281.1|	43	1208	1503	100.000	0.0	32630	synthetic construct
DRR213724_5837_ka_f_25.428_:153-1319	1	1166	1166	gi|1191444240|gb|KX514423.1|	5832	6997	7990	100.000	0.0	31552	Human papillomavirus type 6
DRR213724_5837_ka_f_25.428_:153-1319	1	1166	1166	gi|2374020549|gb|OP712051.1|	5832	6997	7990	100.000	0.0	31552	Human papillomavirus type 6
DRR213724_5837_ka_f_25.428_:153-1319	1	1166	1166	gi|2374020101|gb|OP712113.1|	5832	6997	7990	100.000	0.0	31552	Human papillomavirus type 6
DRR213724_5837_ka_f_25.428_:153-1319	1	1166	1166	gi|2374019755|gb|OP712065.1|	5832	6997	7990	100.000	0.0	31552	Human papillomavirus type 6
DRR472326_25_ka_f_1828.414_:123-1304	1	1181	1181	gi|2416400414|gb|OP721162.1|	124	1304	1605	100.000	0.0	10566	Human papillomavirus
DRR472326_25_ka_f_1828.414_:123-1304	1	1181	1181	gi|1906948342|gb|MT934294.1|	46	1226	1527	100.000	0.0	37115	human papillomavirus 59
DRR472326_25_ka_f_1828.414_:123-1304	1	1181	1181	gi|1906948130|gb|MT934188.1|	46	1226	1527	100.000	0.0	37115	human papillomavirus 59
DRR472326_25_ka_f_1828.414_:123-1304	1	1181	1181	gi|1906948090|gb|MT934168.1|	46	1226	1527	100.000	0.0	37115	human papillomavirus 59
DRR472326_25_ka_f_1828.414_:123-1304	1	1181	1181	gi|1906948034|gb|MT934140.1|	46	1226	1527	100.000	0.0	37115	human papillomavirus 59
DRR472337_43_ka_f_2702.682_L_73_L_146_:78-1259	1	1181	1181	gi|537802364|gb|KC470267.1|	5533	6713	7822	99.831	0.0	45240	human papillomavirus 68
DRR472337_43_ka_f_2702.682_L_73_L_146_:78-1259	1	1181	1181	gi|1898669669|emb|LR861873.1|	5533	6713	7822	99.746	0.0	338322	Human papillomavirus type 68a
DRR472337_43_ka_f_2702.682_L_73_L_146_:78-1259	1	1181	1181	gi|537802373|gb|KC470268.1|	5533	6713	7822	99.661	0.0	45240	human papillomavirus 68
DRR472337_43_ka_f_2702.682_L_73_L_146_:78-1259	1	1181	1181	gi|1898669776|emb|LR861886.1|	5533	6713	7822	99.661	0.0	338322	Human papillomavirus type 68a
DRR472337_43_ka_f_2702.682_L_73_L_146_:78-1259	1	1181	1181	gi|1197494|emb|X67161.1|	239	1419	1855	99.661	0.0	45240	human papillomavirus 68
DRR472366_50_ka_f_1209.590_:78-1256	1	1178	1178	gi|1706880127|gb|MK344670.1|	46	1223	1518	100.000	0.0	10588	human papillomavirus 39
DRR472366_50_ka_f_1209.590_:78-1256	1	1178	1178	gi|2422053746|gb|OP971087.1|	5571	6748	7822	100.000	0.0	10588	human papillomavirus 39
DRR472366_50_ka_f_1209.590_:78-1256	1	1178	1178	gi|2422053251|gb|OP971024.1|	5582	6759	7833	100.000	0.0	10588	human papillomavirus 39
DRR472366_50_ka_f_1209.590_:78-1256	1	1178	1178	gi|537802027|gb|KC470235.1|	5688	6865	7833	100.000	0.0	10588	human papillomavirus 39
DRR472366_50_ka_f_1209.590_:78-1256	1	1178	1178	gi|537802018|gb|KC470234.1|	5688	6865	7833	100.000	0.0	10588	human papillomavirus 39
DRR213713_5066_ka_f_976.440_L_32963_L_28876_L_34729_:81-1262	1	1181	1181	gi|2588958512|dbj|LC779569.1|	5597	6777	7939	100.000	0.0	10585	human papillomavirus 31
DRR213713_5066_ka_f_976.440_L_32963_L_28876_L_34729_:81-1262	1	1181	1181	gi|2588958503|dbj|LC779568.1|	5603	6783	7945	100.000	0.0	10585	human papillomavirus 31
DRR213713_5066_ka_f_976.440_L_32963_L_28876_L_34729_:81-1262	1	1181	1181	gi|2588958422|dbj|LC779559.1|	5615	6795	7957	100.000	0.0	10585	human papillomavirus 31
DRR213713_5066_ka_f_976.440_L_32963_L_28876_L_34729_:81-1262	1	1181	1181	gi|1024262580|gb|KU163578.1|	82	1262	1551	100.000	0.0	10585	human papillomavirus 31
DRR213713_5066_ka_f_976.440_L_32963_L_28876_L_34729_:81-1262	1	1181	1181	gi|1024262562|gb|KU163569.1|	82	1262	1551	100.000	0.0	10585	human papillomavirus 31
DRR472322_30_ka_f_3078.494_L_32_L_38_:240-1421	1	1181	1181	gi|1836651240|dbj|LC509005.1|	5658	6838	7857	100.000	0.0	333761	human papillomavirus 18
DRR472322_30_ka_f_3078.494_L_32_L_38_:240-1421	1	1181	1181	gi|1440802838|gb|MH196519.1|	4804	5984	6539	100.000	0.0	333761	human papillomavirus 18
DRR472322_30_ka_f_3078.494_L_32_L_38_:240-1421	1	1181	1181	gi|1258167711|gb|MF288698.1|	5658	6838	7857	100.000	0.0	333761	human papillomavirus 18
DRR472322_30_ka_f_3078.494_L_32_L_38_:240-1421	1	1181	1181	gi|1258167675|gb|MF288694.1|	5658	6838	7857	100.000	0.0	333761	human papillomavirus 18
DRR472322_30_ka_f_3078.494_L_32_L_38_:240-1421	1	1181	1181	gi|1258167648|gb|MF288691.1|	5658	6838	7857	100.000	0.0	333761	human papillomavirus 18
ERR10889843_2443_ka_f_6.144_:63-1271	1	1208	1208	gi|1878296596|gb|MN605989.1|	5393	6600	7353	97.103	0.0	10617	Human papillomavirus 4
ERR10889843_2443_ka_f_6.144_:63-1271	1	1208	1208	gi|9626597|ref|NC_001457.1|	5393	6600	7353	97.103	0.0	10617	Human papillomavirus 4
ERR10889843_2443_ka_f_6.144_:63-1271	1	801	1208	gi|1653972927|gb|MK620828.1|	5202	6002	6002	96.380	0.0	10617	Human papillomavirus 4
ERR10889843_2443_ka_f_6.144_:63-1271	1	1205	1208	gi|312100|emb|X70829.1|	5374	6578	7308	84.328	0.0	28312	Human papillomavirus 65
ERR10889843_2443_ka_f_6.144_:63-1271	266	869	1208	gi|2130833611|gb|MZ516382.1|	1	604	604	99.172	0.0	10617	Human papillomavirus 4
ERR10158587_10301_ka_f_6.812_:198-1370	1	1172	1172	gi|1613835772|gb|MH607467.1|	46	1217	1503	100.000	0.0	37119	human papillomavirus 66
ERR10158587_10301_ka_f_6.812_:198-1370	1	1172	1172	gi|1898670422|emb|LR861964.1|	5693	6864	7816	100.000	0.0	37119	human papillomavirus 66
ERR10158587_10301_ka_f_6.812_:198-1370	1	1172	1172	gi|1898669392|emb|LR861840.1|	5693	6864	7816	100.000	0.0	37119	human papillomavirus 66
ERR10158587_10301_ka_f_6.812_:198-1370	1	1172	1172	gi|1613835776|gb|MH607469.1|	46	1217	1503	99.915	0.0	37119	human papillomavirus 66
ERR10158587_10301_ka_f_6.812_:198-1370	1	1172	1172	gi|1898669483|emb|LR861851.1|	5693	6864	7816	99.915	0.0	37119	human papillomavirus 66
ERR10856925_24255_ka_f_75.697_L_9907_L_1470838_L_1469709_:303-1508	1	1205	1205	gi|389885570|gb|JN211196.1|	5706	6910	7397	98.174	0.0	37959	Human papillomavirus 38
ERR10856925_24255_ka_f_75.697_L_9907_L_1470838_L_1469709_:303-1508	1	1205	1205	gi|1020234|gb|U31787.1|HPU31787	5709	6913	7400	96.520	0.0	37959	Human papillomavirus 38
ERR10856925_24255_ka_f_75.697_L_9907_L_1470838_L_1469709_:303-1508	1	1205	1205	gi|74484000|gb|DQ090005.2|	5709	6913	7400	95.104	0.0	334514	Human papillomavirus type 38b
ERR10856925_24255_ka_f_75.697_L_9907_L_1470838_L_1469709_:303-1508	556	1205	1205	gi|1653972968|gb|MK620839.1|	6191	6840	7108	93.846	0.0	37959	Human papillomavirus 38
ERR10856925_24255_ka_f_75.697_L_9907_L_1470838_L_1469709_:303-1508	1	1202	1205	gi|186461194|gb|EU410348.1|	5724	6925	7423	78.678	0.0	518629	Human papillomavirus 110
ERR10856976_4784_ka_f_5.539_:96-1304	1	1208	1208	gi|389885562|gb|JN211195.1|	5771	6978	7426	98.179	0.0	10607	Human papillomavirus 17
ERR10856976_4784_ka_f_5.539_:96-1304	1	1208	1208	gi|396932|emb|X74469.1|	5772	6979	7427	95.695	0.0	10607	Human papillomavirus 17
ERR10856976_4784_ka_f_5.539_:96-1304	1	1205	1208	gi|1134447332|gb|KY348861.1|	49	1253	1524	95.104	0.0	10607	Human papillomavirus 17
ERR10856976_4784_ka_f_5.539_:96-1304	1	1205	1208	gi|1808182487|gb|MK080568.2|	5784	6988	7441	82.353	0.0	10566	Human papillomavirus
ERR10856976_4784_ka_f_5.539_:96-1304	1	1193	1208	gi|395627595|emb|HE963025.1|	5554	6746	7443	80.033	0.0	1209820	Human papillomavirus 159
ERR10856934_81_ka_f_10.968_L_81_L_81_:135-1352	1	1217	1217	gi|1144331739|gb|KX781283.1|	5268	6484	7306	93.673	0.0	10566	Human papillomavirus
ERR10856934_81_ka_f_10.968_L_81_L_81_:135-1352	1	1217	1217	gi|371486189|gb|JF966371.1|	5370	6586	7300	93.673	0.0	10566	Human papillomavirus
ERR10856934_81_ka_f_10.968_L_81_L_81_:135-1352	1	1217	1217	gi|1480689103|gb|MH777362.1|	5268	6484	7306	93.591	0.0	10566	Human papillomavirus
ERR10856934_81_ka_f_10.968_L_81_L_81_:135-1352	10	1217	1217	gi|1559669432|gb|MH777269.2|	5277	6481	7287	77.514	0.0	10566	Human papillomavirus
ERR10856934_81_ka_f_10.968_L_81_L_81_:135-1352	10	1217	1217	gi|1273499555|gb|MF588748.1|	5277	6481	7304	77.250	0.0	1961681	Gammapapillomavirus 24
ERR12247145_4385_ka_f_38.870_L_47842_L_43844_L_43845_:114-1319	1	1205	1205	gi|126131393|gb|EF422221.1|	5836	7040	7562	99.419	0.0	427343	Human papillomavirus 107
ERR12247145_4385_ka_f_38.870_L_47842_L_43844_L_43845_:114-1319	1	1205	1205	gi|1150189779|gb|KY242583.1|	5524	6728	7399	87.303	0.0	1961924	Human papillomavirus type 209
ERR12247145_4385_ka_f_38.870_L_47842_L_43844_L_43845_:114-1319	104	540	1205	gi|19423683|gb|AF489722.1|	1	437	437	100.000	0.0	10566	Human papillomavirus
ERR12247145_4385_ka_f_38.870_L_47842_L_43844_L_43845_:114-1319	15	1205	1205	gi|186461186|gb|EU410347.1|	5682	6869	7401	78.947	0.0	563190	Human papillomavirus FA75/KI88-03
ERR12247145_4385_ka_f_38.870_L_47842_L_43844_L_43845_:114-1319	104	540	1205	gi|19387145|gb|AF479249.1|	1	437	437	99.542	0.0	10566	Human papillomavirus
ERR3974428_55632_ka_f_8.028_L_62354_:201-1409	1	1208	1208	gi|1559669419|gb|MH777256.2|	5362	6569	7142	99.834	0.0	10566	Human papillomavirus
ERR3974428_55632_ka_f_8.028_L_62354_:201-1409	1	1208	1208	gi|1273499333|gb|MF588720.1|	5362	6569	7142	97.848	0.0	1513257	Gammapapillomavirus 12
ERR3974428_55632_ka_f_8.028_L_62354_:201-1409	1	1202	1208	gi|1559669428|gb|MH777262.2|	5192	6397	7139	83.416	0.0	10566	Human papillomavirus
ERR3974428_55632_ka_f_8.028_L_62354_:201-1409	1	1193	1208	gi|309273978|gb|GU129016.1|	5676	6875	7164	77.723	0.0	942038	Human papillomavirus 148
ERR3974428_55632_ka_f_8.028_L_62354_:201-1409	550	920	1208	gi|636576472|emb|LK022317.1|	1	371	372	97.844	1.84e-178	10566	Human papillomavirus
ERR10856926_755_ka_f_226.848_L_17040_L_17040_:57-1286	1	1229	1229	gi|1020194|gb|U31782.1|HPU31782	5761	6989	7452	97.234	0.0	37956	human papillomavirus 24
ERR10856926_755_ka_f_226.848_L_17040_L_17040_:57-1286	1	1229	1229	gi|1559669342|gb|MH777190.2|	5569	6797	7456	88.546	0.0	10566	Human papillomavirus
ERR10856926_755_ka_f_226.848_L_17040_L_17040_:57-1286	1	1214	1229	gi|262113834|emb|FM955837.2|	5832	7045	7466	84.115	0.0	587347	Human papillomavirus 98
ERR10856926_755_ka_f_226.848_L_17040_L_17040_:57-1286	1	1226	1229	gi|37089393|gb|AY382778.1|	5688	6913	7450	80.537	0.0	10566;247268	Human papillomavirus;Human papillomavirus 93
ERR10856926_755_ka_f_226.848_L_17040_L_17040_:57-1286	134	629	1229	gi|2894523|emb|AJ223858.1|	1	496	496	96.573	0.0	37956	human papillomavirus 24
SRR22983885_29126_ka_f_6.900_:60-1310	1	1250	1250	gi|222395|dbj|D90252.1|PPH5BCG	5971	7220	7779	99.600	0.0	10599	Human papillomavirus type 5b
SRR22983885_29126_ka_f_6.900_:60-1310	1	1250	1250	gi|389885555|gb|JN211194.1|	5965	7187	7746	97.040	0.0	333923	Human papillomavirus 5
SRR22983885_29126_ka_f_6.900_:60-1310	1	1250	1250	gi|162417300|emb|AM922325.1|	49	1271	1551	96.560	0.0	333923	Human papillomavirus 5
SRR22983885_29126_ka_f_6.900_:60-1310	141	1250	1250	gi|1065999|dbj|D26561.1|	1383	2492	8852	99.640	0.0	10599	Human papillomavirus type 5b
SRR22983885_29126_ka_f_6.900_:60-1310	1	1250	1250	gi|1653972907|gb|MK620822.1|	5179	6401	6576	94.480	0.0	333923	Human papillomavirus 5
ERR10158439_27524_ka_f_9.686_L_325457_L_531454_L_325457_L_531454_:318-1496	1	1178	1178	gi|1898670728|emb|LR862004.1|	5906	7083	7959	100.000	0.0	202252	human papillomavirus 91
ERR10158439_27524_ka_f_9.686_L_325457_L_531454_L_325457_L_531454_:318-1496	1	1178	1178	gi|1898670177|emb|LR861935.1|	5906	7083	7959	100.000	0.0	202252	human papillomavirus 91
ERR10158439_27524_ka_f_9.686_L_325457_L_531454_L_325457_L_531454_:318-1496	1	1178	1178	gi|1898669425|emb|LR861844.1|	5906	7083	7959	100.000	0.0	202252	human papillomavirus 91
ERR10158439_27524_ka_f_9.686_L_325457_L_531454_L_325457_L_531454_:318-1496	1	1178	1178	gi|1898671337|emb|LR862082.1|	5906	7083	7959	99.915	0.0	202252	human papillomavirus 91
ERR10158439_27524_ka_f_9.686_L_325457_L_531454_L_325457_L_531454_:318-1496	1	1178	1178	gi|3676538|gb|AF070938.1|AF070938	50	1227	1546	99.830	0.0	10566	Human papillomavirus
ERR10856989_1040_ka_f_9.787_:90-1283	1	1193	1193	gi|1166134776|gb|KY652675.1|	5702	6894	7317	99.078	0.0	37955	Human papillomavirus 23
ERR10856989_1040_ka_f_9.787_:90-1283	1	1193	1193	gi|1020186|gb|U31781.1|HPU31781	5708	6900	7324	97.737	0.0	37955	Human papillomavirus 23
ERR10856989_1040_ka_f_9.787_:90-1283	1	1190	1193	gi|388771295|gb|JQ963500.1|	49	1238	1521	84.074	0.0	765052	Human papillomavirus 120
ERR10856989_1040_ka_f_9.787_:90-1283	1	1190	1193	gi|388771292|gb|JQ963499.1|	49	1238	1521	84.074	0.0	765052	Human papillomavirus 120
ERR10856989_1040_ka_f_9.787_:90-1283	1	1190	1193	gi|388771268|gb|JQ963491.1|	49	1238	1521	84.074	0.0	765052	Human papillomavirus 120
ERR10857015_15821_ka_f_33.710_L_186569_L_113225_:93-1310	1	1217	1217	gi|2183144156|gb|OL700023.1|	49	1265	1539	99.507	0.0	696746	human papillomavirus 115
ERR10857015_15821_ka_f_33.710_L_186569_L_113225_:93-1310	1	1217	1217	gi|2183144171|gb|OL700030.1|	5803	7019	7476	99.425	0.0	696746	human papillomavirus 115
ERR10857015_15821_ka_f_33.710_L_186569_L_113225_:93-1310	1	1217	1217	gi|2183144166|gb|OL700028.1|	49	1265	1539	99.425	0.0	696746	human papillomavirus 115
ERR10857015_15821_ka_f_33.710_L_186569_L_113225_:93-1310	1	1217	1217	gi|2183144164|gb|OL700027.1|	49	1265	1539	99.425	0.0	696746	human papillomavirus 115
ERR10857015_15821_ka_f_33.710_L_186569_L_113225_:93-1310	1	1217	1217	gi|2183144152|gb|OL700021.1|	49	1265	1539	99.425	0.0	696746	human papillomavirus 115
DRR125354_52_ka_f_330.319_:3-1187	4	1184	1184	gi|2416400514|gb|OP721212.1|	94	1274	1563	99.915	0.0	10566	Human papillomavirus
DRR125354_52_ka_f_330.319_:3-1187	4	1184	1184	gi|2416400484|gb|OP721197.1|	94	1274	1563	99.915	0.0	10566	Human papillomavirus
DRR125354_52_ka_f_330.319_:3-1187	4	1184	1184	gi|2416400428|gb|OP721169.1|	94	1274	1563	99.915	0.0	10566	Human papillomavirus
DRR125354_52_ka_f_330.319_:3-1187	4	1184	1184	gi|360038692|dbj|AB542808.1|	5831	7011	8024	99.915	0.0	333769	Human papillomavirus type 90
DRR125354_52_ka_f_330.319_:3-1187	4	1184	1184	gi|1262306054|gb|MF614959.1|	49	1229	1518	99.831	0.0	10566	Human papillomavirus
ERR12027538_2567_ka_f_360.255_L_19827_L_26036_:0-1220	1	1220	1220	gi|333074|gb|M12737.1|PPH8CG	5899	7118	7654	99.672	0.0	10579	Human papillomavirus type 8
ERR12027538_2567_ka_f_360.255_L_19827_L_26036_:0-1220	1	1217	1220	gi|238623435|emb|FM955838.1|	5910	7129	7698	81.633	0.0	587348	Human papillomavirus 99
ERR12027538_2567_ka_f_360.255_L_19827_L_26036_:0-1220	1	1206	1220	gi|396910|emb|X74466.1|	5892	7100	7673	81.616	0.0	10604	human papillomavirus 12
ERR12027538_2567_ka_f_360.255_L_19827_L_26036_:0-1220	1	1217	1220	gi|238623458|emb|FM955841.1|	5909	7128	7667	81.276	0.0	587350	Human papillomavirus 105
ERR12027538_2567_ka_f_360.255_L_19827_L_26036_:0-1220	1	1217	1220	gi|2218078|gb|U85660.1|HPU85660	5969	7188	7731	81.224	0.0	79691	Human papillomavirus RTRX7
ERR12160749_37328_ka_f_25.225_L_37328_L_111140_L_37328_:90-1283	1	1193	1193	gi|1569059746|gb|MK377489.1|	236	1428	1851	95.390	0.0	2052558	Papillomaviridae sp.
ERR12160749_37328_ka_f_25.225_L_37328_L_111140_L_37328_:90-1283	1	1193	1193	gi|1020178|gb|U31780.1|HPU31780	5710	6902	7368	94.132	0.0	37954	Human papillomavirus 22
ERR12160749_37328_ka_f_25.225_L_37328_L_111140_L_37328_:90-1283	1	1193	1193	gi|290964861|emb|FN677756.1|	5725	6920	7386	87.980	0.0	743812	Human papillomavirus 151
ERR12160749_37328_ka_f_25.225_L_37328_L_111140_L_37328_:90-1283	1	1193	1193	gi|1273499050|gb|MF588684.1|	5518	6710	7363	82.206	0.0	333924	Betapapillomavirus 2
ERR12160749_37328_ka_f_25.225_L_37328_L_111140_L_37328_:90-1283	1	1193	1193	gi|1559669436|gb|MH777272.2|	5545	6737	7390	81.636	0.0	10566	Human papillomavirus
ERR10857044_2878_ka_f_14.472_L_2878_L_2878_:63-1268	1	1205	1205	gi|9627363|ref|NC_001591.1|	5862	7066	7560	99.502	0.0	10616	Human papillomavirus type 49
ERR10857044_2878_ka_f_14.472_L_2878_L_2878_:63-1268	1	1205	1205	gi|373158195|gb|JN231328.1|	5812	7016	7958	99.419	0.0	1034800	uncultured Papillomavirus
ERR10857044_2878_ka_f_14.472_L_2878_L_2878_:63-1268	14	1202	1205	gi|1273499050|gb|MF588684.1|	5531	6707	7363	75.124	6.92e-143	333924	Betapapillomavirus 2
ERR10857044_2878_ka_f_14.472_L_2878_L_2878_:63-1268	14	1202	1205	gi|1559669436|gb|MH777272.2|	5558	6734	7390	74.752	1.51e-134	10566	Human papillomavirus
ERR10857044_2878_ka_f_14.472_L_2878_L_2878_:63-1268	1	1202	1205	gi|290964853|emb|FN677755.1|	5889	7093	7436	72.615	5.70e-99	743811	human papillomavirus 150
DRR472350_14_ka_f_133.628_L_25_:123-1298	1	1175	1175	gi|2791380141|gb|PQ186019.1|	46	1220	1500	100.000	0.0	10586	human papillomavirus 33
DRR472350_14_ka_f_133.628_L_25_:123-1298	1	1175	1175	gi|2734753092|gb|PP792149.1|	46	1220	1500	100.000	0.0	10566	Human papillomavirus
DRR472350_14_ka_f_133.628_L_25_:123-1298	1	1175	1175	gi|2734753076|gb|PP792141.1|	46	1220	1500	100.000	0.0	10566	Human papillomavirus
DRR472350_14_ka_f_133.628_L_25_:123-1298	1	1175	1175	gi|2669656607|gb|PP093686.1|	5609	6783	7865	100.000	0.0	10586	human papillomavirus 33
DRR472350_14_ka_f_133.628_L_25_:123-1298	1	1175	1175	gi|1017205358|gb|KU550667.1|	46	1220	1500	100.000	0.0	10586	human papillomavirus 33
ERR11513000_756_ka_f_55.081_L_756_L_756_:81-1289	1	1208	1208	gi|1559669269|gb|MH675889.2|	5546	6753	7405	100.000	0.0	10566	Human papillomavirus
ERR11513000_756_ka_f_55.081_L_756_L_756_:81-1289	1	1208	1208	gi|1132312754|gb|KY349817.1|	5744	6951	7405	99.917	0.0	10566	Human papillomavirus
ERR11513000_756_ka_f_55.081_L_756_L_756_:81-1289	1	1205	1208	gi|1273499018|gb|MF588680.1|	5558	6762	7417	98.589	0.0	333924	Betapapillomavirus 2
ERR11513000_756_ka_f_55.081_L_756_L_756_:81-1289	1	1205	1208	gi|1031620533|gb|KR816170.1|	5558	6762	7416	98.257	0.0	1851125	Human papillomavirus type 182
ERR11513000_756_ka_f_55.081_L_756_L_756_:81-1289	1	1205	1208	gi|261286791|gb|GQ916646.1|	507	1711	1850	97.842	0.0	682125	Papillomavirus cat/EAA/USA/2001
DRR472344_11_ka_f_9.966_L_134_:78-1259	1	1181	1181	gi|1191444223|gb|KX514421.1|	5615	6795	7865	99.831	0.0	129724	human papillomavirus 82
DRR472344_11_ka_f_9.966_L_134_:78-1259	1	1181	1181	gi|938318665|gb|KF436792.1|	5615	6795	7872	99.831	0.0	129724	human papillomavirus 82
DRR472344_11_ka_f_9.966_L_134_:78-1259	1	1181	1181	gi|938318647|gb|KF436790.1|	5615	6795	7871	99.831	0.0	129724	human papillomavirus 82
DRR472344_11_ka_f_9.966_L_134_:78-1259	1	1181	1181	gi|938318629|gb|KF436788.1|	5615	6795	7876	99.831	0.0	129724	human papillomavirus 82
DRR472344_11_ka_f_9.966_L_134_:78-1259	1	1181	1181	gi|938318620|gb|KF436787.1|	5615	6795	7872	99.831	0.0	129724	human papillomavirus 82
ERR10821435_2265823_ka_f_95.309_L_2659133_L_2428998_L_3419832_:57-1286	1	1229	1229	gi|262113834|emb|FM955837.2|	5832	7060	7466	99.186	0.0	587347	Human papillomavirus 98
ERR10821435_2265823_ka_f_95.309_L_2659133_L_2428998_L_3419832_:57-1286	283	962	1229	gi|562318|emb|X79945.1|	7	686	686	99.118	0.0	10566	Human papillomavirus
ERR10821435_2265823_ka_f_95.309_L_2659133_L_2428998_L_3419832_:57-1286	1	1214	1229	gi|1020194|gb|U31782.1|HPU31782	5761	6974	7452	84.033	0.0	37956	human papillomavirus 24
ERR10821435_2265823_ka_f_95.309_L_2659133_L_2428998_L_3419832_:57-1286	1	1226	1229	gi|1559669342|gb|MH777190.2|	5569	6794	7456	83.645	0.0	10566	Human papillomavirus
ERR10821435_2265823_ka_f_95.309_L_2659133_L_2428998_L_3419832_:57-1286	1	1226	1229	gi|37089393|gb|AY382778.1|	5688	6913	7450	82.846	0.0	10566;247268	Human papillomavirus;Human papillomavirus 93
ERR1332615_320853_ka_f_7.378_L_143498_:60-1268	1	1208	1208	gi|1020226|gb|U31786.1|HPU31786	5764	6971	7421	100.000	0.0	37958	Human papillomavirus 37
ERR1332615_320853_ka_f_7.378_L_143498_:60-1268	1	1208	1208	gi|1808182487|gb|MK080568.2|	5784	6991	7441	87.262	0.0	10566	Human papillomavirus
ERR1332615_320853_ka_f_7.378_L_143498_:60-1268	1	1205	1208	gi|1559669266|gb|MH675888.2|	5516	6720	7376	79.901	0.0	10566	Human papillomavirus
ERR1332615_320853_ka_f_7.378_L_143498_:60-1268	1	1205	1208	gi|1559669710|gb|MH777253.2|	5519	6723	7379	78.454	0.0	10566	Human papillomavirus
ERR1332615_320853_ka_f_7.378_L_143498_:60-1268	1	1205	1208	gi|1344457853|gb|MG921179.1|	49	1256	1533	78.272	0.0	2093788	Human papillomavirus type 198
DRR472268_0_ka_f_155.039_:84-1253	1	1169	1169	gi|156151653|gb|EF546474.1|	5703	6871	7859	100.000	0.0	333765	Human papillomavirus type 53
DRR472268_0_ka_f_155.039_:84-1253	1	1169	1169	gi|1049298002|gb|KU951265.1|	46	1214	1500	99.914	0.0	333765	Human papillomavirus type 53
DRR472268_0_ka_f_155.039_:84-1253	1	1169	1169	gi|1049297992|gb|KU951260.1|	46	1214	1500	99.914	0.0	333765	Human papillomavirus type 53
DRR472268_0_ka_f_155.039_:84-1253	1	1169	1169	gi|2374019835|gb|OP712075.1|	5703	6871	7859	99.829	0.0	333765	Human papillomavirus type 53
DRR472268_0_ka_f_155.039_:84-1253	1	1169	1169	gi|2374019535|gb|OP712033.1|	5703	6871	7859	99.829	0.0	333765	Human papillomavirus type 53
ERR10857004_984_ka_f_16.310_L_75025_L_75861_L_83878_L_83905_:126-1346	1	1220	1220	gi|1031620617|gb|KR816182.1|	5666	6885	7569	98.852	0.0	1851220	Human papillomavirus type 195
ERR10857004_984_ka_f_16.310_L_75025_L_75861_L_83878_L_83905_:126-1346	1	1220	1220	gi|1273499010|gb|MF588679.1|	5666	6885	7567	98.852	0.0	337051	Betapapillomavirus 1
ERR10857004_984_ka_f_16.310_L_75025_L_75861_L_83878_L_83905_:126-1346	1	1220	1220	gi|1559669458|gb|MH777293.2|	5669	6888	7653	98.770	0.0	10566	Human papillomavirus
ERR10857004_984_ka_f_16.310_L_75025_L_75861_L_83878_L_83905_:126-1346	1	1220	1220	gi|256807731|gb|GQ246951.1|	5851	7070	7597	83.443	0.0	927771	human papillomavirus 118
ERR10857004_984_ka_f_16.310_L_75025_L_75861_L_83878_L_83905_:126-1346	1	1217	1220	gi|1559669434|gb|MH777271.2|	5619	6835	7698	80.753	0.0	10566	Human papillomavirus
ERR12160727_4155_ka_f_70.154_L_164290_:63-1268	1	1205	1205	gi|2911551|emb|Y15174.1|	5850	7054	7549	99.834	0.0	69985	human papillomavirus 76
ERR12160727_4155_ka_f_70.154_L_164290_:63-1268	1	1202	1205	gi|2911544|emb|Y15173.1|	5822	7023	7537	88.602	0.0	69984	human papillomavirus 75
ERR12160727_4155_ka_f_70.154_L_164290_:63-1268	286	938	1205	gi|562308|emb|X79948.1|	7	659	668	99.387	0.0	10566	Human papillomavirus
ERR12160727_4155_ka_f_70.154_L_164290_:63-1268	85	552	1205	gi|146262394|gb|EF535004.1|	4	471	471	91.667	1.09e-180	181667	Lambdapapillomavirus 1
ERR12160727_4155_ka_f_70.154_L_164290_:63-1268	104	540	1205	gi|440573434|gb|KC175574.1|	1	437	437	92.677	3.96e-175	10566	Human papillomavirus
ERR1939325_11426_ka_f_9.479_:102-1310	1	1208	1208	gi|312100|emb|X70829.1|	5374	6581	7308	99.421	0.0	28312	Human papillomavirus 65
ERR1939325_11426_ka_f_9.479_:102-1310	1	1205	1208	gi|1878296596|gb|MN605989.1|	5393	6597	7353	84.328	0.0	10617	Human papillomavirus 4
ERR1939325_11426_ka_f_9.479_:102-1310	1	1205	1208	gi|9626597|ref|NC_001457.1|	5393	6597	7353	84.328	0.0	10617	Human papillomavirus 4
ERR1939325_11426_ka_f_9.479_:102-1310	1	1205	1208	gi|40804520|emb|AJ620210.1|	5416	6620	7337	81.039	0.0	260716	Human papillomavirus 95
ERR1939325_11426_ka_f_9.479_:102-1310	1	779	1208	gi|1653972927|gb|MK620828.1|	5202	5980	6002	85.366	0.0	10617	Human papillomavirus 4
ERR5084373_223_ka_f_80.428_:93-1313	1	1220	1220	gi|1273499002|gb|MF588678.1|	5607	6826	7483	99.426	0.0	337051	Betapapillomavirus 1
ERR5084373_223_ka_f_80.428_:93-1313	1	1220	1220	gi|1031620624|gb|KR816183.1|	5604	6823	7500	99.098	0.0	1851221	Human papillomavirus type 196
ERR5084373_223_ka_f_80.428_:93-1313	1	1220	1220	gi|1559669468|gb|MH777305.2|	5607	6826	7590	99.016	0.0	10566	Human papillomavirus
ERR5084373_223_ka_f_80.428_:93-1313	1	1220	1220	gi|296495868|gb|GQ845446.1|	5625	6844	7489	87.869	0.0	765056	human papillomavirus 124
ERR5084373_223_ka_f_80.428_:93-1313	1	1220	1220	gi|327195187|gb|JF304768.1|	5593	6812	7480	87.316	0.0	990302	Human papillomavirus 152
ERR11458017_66449_ka_f_18.071_L_66449_L_66449_:102-1262	1	1160	1160	gi|1878296586|gb|MN605988.1|	5834	6993	7859	100.000	0.0	333751	Human papillomavirus type 2
ERR11458017_66449_ka_f_18.071_L_66449_L_66449_:102-1262	1	1160	1160	gi|126507128|gb|EF117890.1|	5838	6997	7863	100.000	0.0	333751	Human papillomavirus type 2
ERR11458017_66449_ka_f_18.071_L_66449_L_66449_:102-1262	1	1160	1160	gi|125660686|gb|EF362755.1|	5838	6997	7863	100.000	0.0	333751	Human papillomavirus type 2
ERR11458017_66449_ka_f_18.071_L_66449_L_66449_:102-1262	1	1160	1160	gi|126507136|gb|EF117891.1|	5835	6994	7859	99.741	0.0	333751	Human papillomavirus type 2
ERR11458017_66449_ka_f_18.071_L_66449_L_66449_:102-1262	1	1160	1160	gi|125660678|gb|EF362754.1|	5835	6994	7859	99.741	0.0	333751	Human papillomavirus type 2
DRR472351_9_ka_f_191.729_:120-1292	1	1172	1172	gi|2374019718|gb|OP712060.1|	5715	6886	7815	100.000	0.0	10592	human papillomavirus 44
DRR472351_9_ka_f_191.729_:120-1292	1	1172	1172	gi|966752254|gb|KU298899.1|	5737	6908	7830	100.000	0.0	10592	human papillomavirus 44
DRR472351_9_ka_f_191.729_:120-1292	1	1172	1172	gi|396937590|emb|HE963174.1|	43	1214	1506	99.915	0.0	37114	Human papillomavirus type 55
DRR472351_9_ka_f_191.729_:120-1292	1	1172	1172	gi|396937576|emb|HE963167.1|	43	1214	1506	99.915	0.0	37114	Human papillomavirus type 55
DRR472351_9_ka_f_191.729_:120-1292	1	1172	1172	gi|2422053618|gb|OP971071.1|	5635	6806	7822	99.829	0.0	10592	human papillomavirus 44
ERR11835863_60847_ka_f_13.137_:168-1394	1	1226	1226	gi|343411609|gb|HM999999.1|	5237	6462	7224	97.064	0.0	1070420	human papillomavirus 147
ERR11835863_60847_ka_f_13.137_:168-1394	1	1223	1226	gi|1480688620|gb|MH777289.1|	5228	6453	7213	78.918	0.0	10566	Human papillomavirus
ERR11835863_60847_ka_f_13.137_:168-1394	1	1223	1226	gi|1559669358|gb|MH777202.2|	5237	6462	7236	77.571	0.0	10566	Human papillomavirus
ERR11835863_60847_ka_f_13.137_:168-1394	104	543	1226	gi|4574437|gb|AF121434.1|AF121434	1	440	440	96.136	0.0	10566	Human papillomavirus
ERR11835863_60847_ka_f_13.137_:168-1394	1	1211	1226	gi|1031620512|gb|KR816167.1|	5235	6448	7226	76.860	0.0	1851122	Human papillomavirus type 176
SRR10419372_36989_ka_f_19.719_L_36989_L_36989_:153-1361	1	1208	1208	gi|1559669440|gb|MH777276.2|	5268	6475	7269	99.669	0.0	10566	Human papillomavirus
SRR10419372_36989_ka_f_19.719_L_36989_L_36989_:153-1361	1	1208	1208	gi|1273499364|gb|MF588724.1|	5271	6478	7272	99.669	0.0	1513260	Gammapapillomavirus 15
SRR10419372_36989_ka_f_19.719_L_36989_L_36989_:153-1361	104	543	1208	gi|11067078|gb|AY009879.1|	1	440	440	99.773	0.0	10566	Human papillomavirus
SRR10419372_36989_ka_f_19.719_L_36989_L_36989_:153-1361	141	431	1208	gi|1389447876|gb|MH172379.1|	5377	5667	7275	77.397	2.89e-37	2200959	Human papillomavirus type 222
SRR10419372_36989_ka_f_19.719_L_36989_L_36989_:153-1361	163	531	1208	gi|167600365|ref|NC_010329.1|	5520	5891	7326	72.823	1.78e-19	337054	Human papillomavirus type 88
ERR11319358_110_ka_f_23.854_:75-1259	1	1184	1184	gi|966752581|gb|KU298937.1|	5533	6716	7700	100.000	0.0	51033	human papillomavirus 73
ERR11319358_110_ka_f_23.854_:75-1259	1	1184	1184	gi|938318984|gb|KF436829.1|	5533	6716	7700	100.000	0.0	51033	human papillomavirus 73
ERR11319358_110_ka_f_23.854_:75-1259	1	1184	1184	gi|938318975|gb|KF436828.1|	5533	6716	7700	100.000	0.0	51033	human papillomavirus 73
ERR11319358_110_ka_f_23.854_:75-1259	1	1184	1184	gi|1898670612|emb|LR861989.1|	5533	6716	7700	100.000	0.0	51033	human papillomavirus 73
ERR11319358_110_ka_f_23.854_:75-1259	1	1184	1184	gi|1898670481|emb|LR861971.1|	5533	6716	7700	100.000	0.0	51033	human papillomavirus 73
ERR10856926_1044_ka_f_18.115_L_17040_:96-1316	1	1220	1220	gi|296495868|gb|GQ845446.1|	5625	6844	7489	99.836	0.0	765056	human papillomavirus 124
ERR10856926_1044_ka_f_18.115_L_17040_:96-1316	1	1220	1220	gi|327195187|gb|JF304768.1|	5593	6812	7480	89.116	0.0	990302	Human papillomavirus 152
ERR10856926_1044_ka_f_18.115_L_17040_:96-1316	1	1220	1220	gi|1273499002|gb|MF588678.1|	5607	6826	7483	88.115	0.0	337051	Betapapillomavirus 1
ERR10856926_1044_ka_f_18.115_L_17040_:96-1316	1	1220	1220	gi|1031620624|gb|KR816183.1|	5604	6823	7500	88.033	0.0	1851221	Human papillomavirus type 196
ERR10856926_1044_ka_f_18.115_L_17040_:96-1316	1	1220	1220	gi|1559669468|gb|MH777305.2|	5607	6826	7590	87.951	0.0	10566	Human papillomavirus
DRR472413_14_ka_f_708.429_:153-1322	1	1169	1169	gi|984671164|emb|LN833166.1|	5712	6880	7933	100.000	0.0	10580	human papillomavirus 11
DRR472413_14_ka_f_708.429_:153-1322	1	1169	1169	gi|298103651|emb|FN907962.1|	5813	6981	7934	100.000	0.0	10580	human papillomavirus 11
DRR472413_14_ka_f_708.429_:153-1322	1	1169	1169	gi|297747079|emb|FN870709.1|	43	1211	1506	100.000	0.0	10580	human papillomavirus 11
DRR472413_14_ka_f_708.429_:153-1322	1	1169	1169	gi|1725328865|gb|MK463922.1|	5712	6880	7962	99.914	0.0	10580	human papillomavirus 11
DRR472413_14_ka_f_708.429_:153-1322	1	1169	1169	gi|1725328845|gb|MK463920.1|	5712	6880	7933	99.914	0.0	10580	human papillomavirus 11
DRR213721_11_ka_f_738.509_L_14677_L_14678_L_20672_L_20715_:231-1394	1	1163	1163	gi|2669656615|gb|PP093687.1|	5632	6794	7717	100.000	0.0	1671798	Human papillomavirus type 54
DRR213721_11_ka_f_738.509_L_14677_L_14678_L_20672_L_20715_:231-1394	1	1163	1163	gi|2669656584|gb|PP093683.1|	5632	6794	7717	100.000	0.0	1671798	Human papillomavirus type 54
DRR213721_11_ka_f_738.509_L_14677_L_14678_L_20672_L_20715_:231-1394	1	1163	1163	gi|2416400542|gb|OP721227.1|	232	1394	1686	100.000	0.0	10566	Human papillomavirus
DRR213721_11_ka_f_738.509_L_14677_L_14678_L_20672_L_20715_:231-1394	1	1163	1163	gi|938319511|gb|KF436893.1|	5632	6794	7717	99.914	0.0	1671798	Human papillomavirus type 54
DRR213721_11_ka_f_738.509_L_14677_L_14678_L_20672_L_20715_:231-1394	1	1163	1163	gi|2422053565|gb|OP971064.1|	5621	6783	7717	99.914	0.0	1671798	Human papillomavirus type 54
ERR10857028_20147_ka_f_134.150_L_342412_L_342413_L_342414_L_273396_:144-1364	1	1220	1220	gi|1559669517|gb|MH777359.2|	5622	6841	7594	99.836	0.0	10566	Human papillomavirus
ERR10857028_20147_ka_f_134.150_L_342412_L_342413_L_342414_L_273396_:144-1364	281	935	1220	gi|562312|emb|X79941.1|	5	659	677	99.237	0.0	10566	Human papillomavirus
ERR10857028_20147_ka_f_134.150_L_342412_L_342413_L_342414_L_273396_:144-1364	1	1217	1220	gi|1273499002|gb|MF588678.1|	5607	6823	7483	80.703	0.0	337051	Betapapillomavirus 1
ERR10857028_20147_ka_f_134.150_L_342412_L_342413_L_342414_L_273396_:144-1364	1	1217	1220	gi|1031620624|gb|KR816183.1|	5604	6820	7500	80.540	0.0	1851221	Human papillomavirus type 196
ERR10857028_20147_ka_f_134.150_L_342412_L_342413_L_342414_L_273396_:144-1364	1	1217	1220	gi|1559669468|gb|MH777305.2|	5607	6823	7590	80.458	0.0	10566	Human papillomavirus
DRR472331_72_ka_f_42.097_L_86_:48-1238	1	1190	1190	gi|2734753434|gb|PP792320.1|	46	1235	1542	100.000	0.0	10566	Human papillomavirus
DRR472331_72_ka_f_42.097_L_86_:48-1238	1	1190	1190	gi|2416400516|gb|OP721213.1|	130	1319	1584	100.000	0.0	10566	Human papillomavirus
DRR472331_72_ka_f_42.097_L_86_:48-1238	1	1190	1190	gi|972294482|gb|KU049729.1|	1418	2607	2905	100.000	0.0	10593	human papillomavirus 45
DRR472331_72_ka_f_42.097_L_86_:48-1238	1	1190	1190	gi|145968298|gb|EF202159.1|	5653	6842	7848	100.000	0.0	10593	human papillomavirus 45
DRR472331_72_ka_f_42.097_L_86_:48-1238	1	1190	1190	gi|2734753472|gb|PP792339.1|	46	1235	1542	99.916	0.0	10566	Human papillomavirus
ERR2744573_8142_ka_f_30.567_L_551446_L_557729_L_227904_:63-1292	1	1229	1229	gi|396918|emb|X74467.1|	5651	6879	7439	98.129	0.0	31546	Human papillomavirus type 14D
ERR2744573_8142_ka_f_30.567_L_551446_L_557729_L_227904_:63-1292	1	1226	1229	gi|1020170|gb|U31779.1|HPU31779	5977	7202	7779	85.086	0.0	31548	human papillomavirus 21
ERR2744573_8142_ka_f_30.567_L_551446_L_557729_L_227904_:63-1292	1	1226	1229	gi|1200175664|gb|KY969593.1|	5926	7145	7742	84.666	0.0	31547	human papillomavirus 20
ERR2744573_8142_ka_f_30.567_L_551446_L_557729_L_227904_:63-1292	1	1223	1229	gi|1020162|gb|U31778.1|HPU31778	5941	7157	7757	84.628	0.0	31547	human papillomavirus 20
ERR2744573_8142_ka_f_30.567_L_551446_L_557729_L_227904_:63-1292	1	1226	1229	gi|1020194|gb|U31782.1|HPU31782	5761	6986	7452	78.002	0.0	37956	human papillomavirus 24
ERR10432978_2790_ka_f_14.533_:162-1373	1	1211	1211	gi|2063502512|gb|MW679002.1|	5277	6487	7300	99.670	0.0	2853106	Human papillomavirus AZ1_1
ERR10432978_2790_ka_f_14.533_:162-1373	1	1211	1211	gi|440503030|gb|KC113191.1|	1750	2960	7299	97.275	0.0	10566	Human papillomavirus
ERR10432978_2790_ka_f_14.533_:162-1373	1	1211	1211	gi|2724609852|gb|PP718710.1|	5409	6619	7959	97.192	0.0	3074395	human papillomavirus 230
ERR10432978_2790_ka_f_14.533_:162-1373	1	1211	1211	gi|2575785365|gb|OQ915151.1|	5277	6487	7300	97.110	0.0	3074395	human papillomavirus 230
ERR10432978_2790_ka_f_14.533_:162-1373	1	1211	1211	gi|2724609748|gb|PP718696.1|	5409	6619	7959	97.027	0.0	3074395	human papillomavirus 230
ERR3209767_28455_ka_f_8.940_:60-1286	1	1226	1226	gi|1559669482|gb|MH777320.2|	5178	6403	7185	97.961	0.0	10566	Human papillomavirus
ERR3209767_28455_ka_f_8.940_:60-1286	1	1226	1226	gi|1031620568|gb|KR816175.1|	5178	6403	7185	97.879	0.0	1851213	Human papillomavirus type 188
ERR3209767_28455_ka_f_8.940_:60-1286	1	1223	1226	gi|1559669321|gb|MH777169.2|	5178	6400	7185	91.742	0.0	10566	Human papillomavirus
ERR3209767_28455_ka_f_8.940_:60-1286	1	1226	1226	gi|9628550|ref|NC_001691.1|	5279	6504	7184	83.795	0.0	40539	Human papillomavirus type 50
ERR3209767_28455_ka_f_8.940_:60-1286	1	1223	1226	gi|1559669283|gb|MH777265.2|	4990	6203	6983	83.008	0.0	10566	Human papillomavirus
DRR213722_1752_ka_f_10.368_L_22513_:228-1409	1	1181	1181	gi|938318797|gb|KF436807.1|	5547	6727	7723	100.000	0.0	333764	Human papillomavirus type 34
DRR213722_1752_ka_f_10.368_L_22513_:228-1409	1	1181	1181	gi|938318789|gb|KF436806.1|	5547	6727	7723	100.000	0.0	333764	Human papillomavirus type 34
DRR213722_1752_ka_f_10.368_L_22513_:228-1409	1	1181	1181	gi|938318781|gb|KF436805.1|	5547	6727	7723	100.000	0.0	333764	Human papillomavirus type 34
DRR213722_1752_ka_f_10.368_L_22513_:228-1409	1	1181	1181	gi|938318773|gb|KF436804.1|	5547	6727	7723	100.000	0.0	333764	Human papillomavirus type 34
DRR213722_1752_ka_f_10.368_L_22513_:228-1409	1	1181	1181	gi|2422053793|gb|OP971093.1|	5446	6626	7723	99.915	0.0	337049	Alphapapillomavirus 11
SRR15442301_667_ka_f_22.856_L_667_L_667_:63-1253	1	1190	1190	gi|409183149|gb|JX444072.1|	5307	6496	7129	97.899	0.0	1315266	Human papillomavirus 165
SRR15442301_667_ka_f_22.856_L_667_L_667_:63-1253	187	563	1190	gi|512390627|gb|KC752071.1|	1	377	377	95.491	8.53e-167	10566	Human papillomavirus
SRR15442301_667_ka_f_22.856_L_667_L_667_:63-1253	45	719	1190	gi|9628542|ref|NC_001690.1|	5294	5958	7100	72.328	7.87e-43	40538	Human papillomavirus type 48
SRR15442301_667_ka_f_22.856_L_667_L_667_:63-1253	155	570	1190	gi|9628550|ref|NC_001691.1|	5427	5845	7184	72.535	2.91e-22	40539	Human papillomavirus type 50
SRR15442301_667_ka_f_22.856_L_667_L_667_:63-1253	881	1161	1190	gi|1559669280|gb|MH777200.2|	6048	6337	7121	73.973	2.93e-17	10566	Human papillomavirus
DRR472493_83_ka_f_977.460_:120-1301	1	1181	1181	gi|1898669651|emb|LR861871.1|	5633	6813	7893	99.831	0.0	44028	human papillomavirus 74
DRR472493_83_ka_f_977.460_:120-1301	1	1181	1181	gi|2422053283|gb|OP971028.1|	5621	6801	7881	99.661	0.0	44028	human papillomavirus 74
DRR472493_83_ka_f_977.460_:120-1301	1	1181	1181	gi|2422053065|gb|OP971000.1|	5621	6801	7881	99.661	0.0	44028	human papillomavirus 74
DRR472493_83_ka_f_977.460_:120-1301	1	1181	1181	gi|1898670762|emb|LR862010.1|	5633	6813	7894	99.492	0.0	44028	human papillomavirus 74
DRR472493_83_ka_f_977.460_:120-1301	1	1181	1181	gi|2416400482|gb|OP721196.1|	121	1295	1587	98.137	0.0	10566	Human papillomavirus
ERR10857042_8093_ka_f_9.978_L_8093_L_8093_:129-1310	1	1181	1181	gi|397005|emb|X74462.1|	5796	6976	7820	99.238	0.0	10614	Human papillomavirus 3
ERR10857042_8093_ka_f_9.978_L_8093_L_8093_:129-1310	1	1175	1181	gi|1020202|gb|U31783.1|HPU31783	5785	6953	7959	85.532	0.0	37111	Human papillomavirus 28
ERR10857042_8093_ka_f_9.978_L_8093_L_8093_:129-1310	1	1181	1181	gi|339639364|emb|FN547152.2|	5670	6847	7809	85.267	0.0	673323	Human papillomavirus 125
ERR10857042_8093_ka_f_9.978_L_8093_L_8093_:129-1310	3	1178	1181	gi|256807724|gb|GQ246950.1|	5853	7030	7895	82.506	0.0	720708	Human papillomavirus 117
ERR10857042_8093_ka_f_9.978_L_8093_L_8093_:129-1310	1	1172	1181	gi|444303709|gb|KC138720.1|	5786	6957	7830	81.973	0.0	1288116	Human papillomavirus type XS2
ERR12160728_558_ka_f_98.924_L_558_L_13876_L_558_:117-1325	1	1205	1208	gi|50253426|ref|NC_005134.2|	5907	7111	7438	98.091	0.0	247269	Human papillomavirus type 96
ERR12160728_558_ka_f_98.924_L_558_L_13876_L_558_:117-1325	1	1205	1208	gi|2717333551|gb|OQ930234.1|	5928	7132	7458	88.050	0.0	10566	Human papillomavirus
ERR12160728_558_ka_f_98.924_L_558_L_13876_L_558_:117-1325	1	1205	1208	gi|1031620547|gb|KR816172.1|	5559	6763	7444	83.596	0.0	1851127	Human papillomavirus type 185
ERR12160728_558_ka_f_98.924_L_558_L_13876_L_558_:117-1325	1	1205	1208	gi|1559669646|gb|MH777350.2|	5575	6779	7462	83.016	0.0	10566	Human papillomavirus
ERR12160728_558_ka_f_98.924_L_558_L_13876_L_558_:117-1325	1	1208	1208	gi|290964853|emb|FN677755.1|	5889	7097	7436	81.901	0.0	743811	human papillomavirus 150
SRR13725989_1446_ka_f_50.650_L_148008_L_148008_:135-1352	1	1217	1217	gi|1697199832|gb|MK645901.1|	5404	6620	7283	99.836	0.0	10566	Human papillomavirus
SRR13725989_1446_ka_f_50.650_L_148008_L_148008_:135-1352	1	1217	1217	gi|1480689127|gb|MH777365.1|	5259	6475	7283	99.836	0.0	10566	Human papillomavirus
SRR13725989_1446_ka_f_50.650_L_148008_L_148008_:135-1352	1	1217	1217	gi|1273499563|gb|MF588749.1|	5259	6475	7283	99.836	0.0	1961681	Gammapapillomavirus 24
SRR13725989_1446_ka_f_50.650_L_148008_L_148008_:135-1352	1	1217	1217	gi|1653972961|gb|MK620838.1|	5368	6584	7392	99.589	0.0	1961681	Gammapapillomavirus 24
SRR13725989_1446_ka_f_50.650_L_148008_L_148008_:135-1352	187	563	1217	gi|512390525|gb|KC752020.1|	1	377	380	92.042	4.18e-145	10566	Human papillomavirus
ERR12160764_6004_ka_f_14.513_:69-1265	1	1196	1196	gi|2724609896|gb|PP718716.1|	5405	6600	8095	100.000	0.0	1434782	Human papillomavirus 175
ERR12160764_6004_ka_f_14.513_:69-1265	1	1196	1196	gi|1464308940|ref|NC_038524.1|	5275	6470	7226	98.746	0.0	1434782	Human papillomavirus 175
ERR12160764_6004_ka_f_14.513_:69-1265	1	1196	1196	gi|1273499523|gb|MF588744.1|	5272	6470	7209	85.262	0.0	1961680	Gammapapillomavirus 23
ERR12160764_6004_ka_f_14.513_:69-1265	1	1196	1196	gi|1559669411|gb|MH777247.2|	5272	6470	7209	85.179	0.0	10566	Human papillomavirus
ERR12160764_6004_ka_f_14.513_:69-1265	1	1196	1196	gi|1559669423|gb|MH777259.2|	5255	6453	7192	84.622	0.0	10566	Human papillomavirus
SRR13726081_17000_ka_f_55.480_L_17000_L_17000_:12-1223	2	1211	1211	gi|564732532|gb|KF006400.1|	5336	6545	7297	93.471	0.0	1434988	Human papillomavirus 173
SRR13726081_17000_ka_f_55.480_L_17000_L_17000_:12-1223	1	1211	1211	gi|1020934686|gb|KT698167.1|	5299	6509	7298	84.806	0.0	2259334	Human papillomavirus 205
SRR13726081_17000_ka_f_55.480_L_17000_L_17000_:12-1223	104	543	1211	gi|4574431|gb|AF121431.1|AF121431	1	440	440	100.000	0.0	10566	Human papillomavirus
SRR13726081_17000_ka_f_55.480_L_17000_L_17000_:12-1223	1	1208	1211	gi|1031620540|gb|KR816171.1|	5298	6505	7286	72.200	4.49e-90	1851126	Human papillomavirus type 183
SRR13726081_17000_ka_f_55.480_L_17000_L_17000_:12-1223	1	1199	1211	gi|1559669607|gb|MH777246.2|	5298	6496	7284	71.793	4.56e-80	10566	Human papillomavirus
ERR2538498_8586_ka_f_21.004_L_8586_L_8586_:138-1355	1	1217	1217	gi|1559669704|gb|MH777240.2|	5291	6507	7328	99.671	0.0	10566	Human papillomavirus
ERR2538498_8586_ka_f_21.004_L_8586_L_8586_:138-1355	1	1217	1217	gi|1273499165|gb|MF588699.1|	5291	6507	7327	98.685	0.0	1175849	Gammapapillomavirus 7
ERR2538498_8586_ka_f_21.004_L_8586_L_8586_:138-1355	1	1217	1217	gi|1559669463|gb|MH777300.2|	5291	6507	7320	91.865	0.0	10566	Human papillomavirus
ERR2538498_8586_ka_f_21.004_L_8586_L_8586_:138-1355	1	1217	1217	gi|1360655616|gb|MG520499.1|	5291	6507	7320	91.783	0.0	10566	Human papillomavirus
ERR2538498_8586_ka_f_21.004_L_8586_L_8586_:138-1355	1	1217	1217	gi|1559669317|gb|MH777167.2|	5291	6507	7316	87.931	0.0	10566	Human papillomavirus
SRR21981202_2425_ka_f_205.365_L_36068_L_659429_L_10421_L_2055758_:63-1292	1	1229	1229	gi|1200175664|gb|KY969593.1|	5926	7148	7742	98.047	0.0	31547	human papillomavirus 20
SRR21981202_2425_ka_f_205.365_L_36068_L_659429_L_10421_L_2055758_:63-1292	1	1229	1229	gi|1020162|gb|U31778.1|HPU31778	5941	7163	7757	97.966	0.0	31547	human papillomavirus 20
SRR21981202_2425_ka_f_205.365_L_36068_L_659429_L_10421_L_2055758_:63-1292	1	1229	1229	gi|1020170|gb|U31779.1|HPU31779	5977	7205	7779	84.797	0.0	31548	human papillomavirus 21
SRR21981202_2425_ka_f_205.365_L_36068_L_659429_L_10421_L_2055758_:63-1292	1	1226	1229	gi|396918|emb|X74467.1|	5651	6876	7439	84.365	0.0	31546	Human papillomavirus type 14D
SRR21981202_2425_ka_f_205.365_L_36068_L_659429_L_10421_L_2055758_:63-1292	104	546	1229	gi|1590101859|gb|MH647660.1|	1	445	445	99.551	0.0	10566	Human papillomavirus
ERR10856971_47_ka_f_8.132_:123-1286	1	1163	1163	gi|1725328890|gb|MK463925.1|	5682	6844	7848	100.000	0.0	333753	human papillomavirus 57
ERR10856971_47_ka_f_8.132_:123-1286	1	1163	1163	gi|1725328882|gb|MK463924.1|	5682	6844	7848	100.000	0.0	333753	human papillomavirus 57
ERR10856971_47_ka_f_8.132_:123-1286	1	1163	1163	gi|157678963|dbj|AB361563.1|	5786	6948	7848	99.914	0.0	471358	Human papillomavirus type 57c
ERR10856971_47_ka_f_8.132_:123-1286	1	1163	1163	gi|1845202|gb|U37537.1|HPU37537	5807	6969	7868	98.540	0.0	186160	Human papillomavirus type 57b
ERR10856971_47_ka_f_8.132_:123-1286	1	1163	1163	gi|60882|emb|X55965.1|	5796	6958	7861	96.045	0.0	333753	human papillomavirus 57
ERR4702001_2183_ka_f_14.937_L_2183_L_2183_:60-1286	1	1226	1226	gi|9628550|ref|NC_001691.1|	5279	6504	7184	99.837	0.0	40539	Human papillomavirus type 50
ERR4702001_2183_ka_f_14.937_L_2183_L_2183_:60-1286	1	1223	1226	gi|1559669321|gb|MH777169.2|	5178	6400	7185	84.082	0.0	10566	Human papillomavirus
ERR4702001_2183_ka_f_14.937_L_2183_L_2183_:60-1286	1	1226	1226	gi|1559669482|gb|MH777320.2|	5178	6403	7185	83.469	0.0	10566	Human papillomavirus
ERR4702001_2183_ka_f_14.937_L_2183_L_2183_:60-1286	1	1226	1226	gi|1031620568|gb|KR816175.1|	5178	6403	7185	83.306	0.0	1851213	Human papillomavirus type 188
ERR4702001_2183_ka_f_14.937_L_2183_L_2183_:60-1286	1	1223	1226	gi|1559669283|gb|MH777265.2|	4990	6203	6983	82.018	0.0	10566	Human papillomavirus
ERR10856927_21456_ka_f_7.019_L_66147_L_66148_:78-1286	1	1208	1208	gi|396924|emb|X74468.1|	5751	6958	7412	95.944	0.0	10606	Human papillomavirus 15
ERR10856927_21456_ka_f_7.019_L_66147_L_66148_:78-1286	1	1208	1208	gi|1144332013|gb|KX781286.1|	5567	6774	7427	86.849	0.0	10566	Human papillomavirus
ERR10856927_21456_ka_f_7.019_L_66147_L_66148_:78-1286	1	1208	1208	gi|2911565|emb|Y15176.1|	5766	6973	7427	86.766	0.0	69987	Human papillomavirus 80
ERR10856927_21456_ka_f_7.019_L_66147_L_66148_:78-1286	1	1205	1208	gi|1480688741|gb|MH777306.1|	5550	6754	7410	85.418	0.0	10566	Human papillomavirus
ERR10856927_21456_ka_f_7.019_L_66147_L_66148_:78-1286	1	1208	1208	gi|1559669266|gb|MH675888.2|	5516	6723	7376	84.698	0.0	10566	Human papillomavirus
ERR10856956_28358_ka_f_35.425_L_28358_L_28358_:75-1298	1	1223	1223	gi|1653972990|gb|MK620843.1|	4869	6091	6650	99.101	0.0	10604	human papillomavirus 12
ERR10856956_28358_ka_f_35.425_L_28358_L_28358_:75-1298	1	1223	1223	gi|396910|emb|X74466.1|	5892	7114	7673	98.528	0.0	10604	human papillomavirus 12
ERR10856956_28358_ka_f_35.425_L_28358_L_28358_:75-1298	1	1223	1223	gi|1559669722|gb|MH777286.2|	5772	6994	7737	86.460	0.0	10566	Human papillomavirus
ERR10856956_28358_ka_f_35.425_L_28358_L_28358_:75-1298	1	1223	1223	gi|2218078|gb|U85660.1|HPU85660	5969	7191	7731	86.378	0.0	79691	Human papillomavirus RTRX7
ERR10856956_28358_ka_f_35.425_L_28358_L_28358_:75-1298	1	1220	1223	gi|333074|gb|M12737.1|PPH8CG	5899	7115	7654	81.127	0.0	10579	Human papillomavirus type 8
ERR3974430_3539_ka_f_11.528_L_13581_:48-1256	1	1208	1208	gi|1480688964|gb|MH777338.1|	5196	6403	7255	98.427	0.0	10566	Human papillomavirus
ERR3974430_3539_ka_f_11.528_L_13581_:48-1256	1	1208	1208	gi|1273499269|gb|MF588712.1|	5199	6406	7257	98.262	0.0	1175851	Gammapapillomavirus 9
ERR3974430_3539_ka_f_11.528_L_13581_:48-1256	536	938	1208	gi|2664387|emb|Z95960.1|	2	404	407	98.015	0.0	10566	Human papillomavirus
ERR3974430_3539_ka_f_11.528_L_13581_:48-1256	187	560	1208	gi|512390629|gb|KC752072.1|	1	374	377	97.059	3.97e-175	10566	Human papillomavirus
ERR3974430_3539_ka_f_11.528_L_13581_:48-1256	1	1205	1208	gi|1559669448|gb|MH777288.2|	5395	6599	7284	73.956	4.26e-125	10566	Human papillomavirus
ERR2532623_9307_ka_f_595.834_L_162655_L_162655_:129-1304	1	1175	1175	gi|1020202|gb|U31783.1|HPU31783	5785	6959	7959	99.830	0.0	37111	Human papillomavirus 28
ERR2532623_9307_ka_f_595.834_L_162655_L_162655_:129-1304	1	1169	1175	gi|397005|emb|X74462.1|	5796	6970	7820	85.726	0.0	10614	Human papillomavirus 3
ERR2532623_9307_ka_f_595.834_L_162655_L_162655_:129-1304	1	1172	1175	gi|339639364|emb|FN547152.2|	5670	6844	7809	85.302	0.0	673323	Human papillomavirus 125
ERR2532623_9307_ka_f_595.834_L_162655_L_162655_:129-1304	3	1175	1175	gi|256807724|gb|GQ246950.1|	5853	7033	7895	83.727	0.0	720708	Human papillomavirus 117
ERR2532623_9307_ka_f_595.834_L_162655_L_162655_:129-1304	3	1173	1175	gi|312451772|gb|GU117628.1|	5732	6907	7872	81.726	0.0	260717	Human papillomavirus 94
ERR10856944_20167_ka_f_24.221_L_285653_L_6339_L_54753_:171-1367	1	1196	1196	gi|238623442|emb|FM955839.1|	5726	6921	7380	98.746	0.0	587349	Human papillomavirus 100
ERR10856944_20167_ka_f_24.221_L_285653_L_6339_L_54753_:171-1367	1	1191	1196	gi|1273499026|gb|MF588681.1|	5519	6708	7377	87.490	0.0	333924	Betapapillomavirus 2
ERR10856944_20167_ka_f_24.221_L_285653_L_6339_L_54753_:171-1367	327	938	1196	gi|562307|emb|X79944.1|	1	612	612	98.366	0.0	10566	Human papillomavirus
ERR10856944_20167_ka_f_24.221_L_285653_L_6339_L_54753_:171-1367	1	1193	1196	gi|388771292|gb|JQ963499.1|	49	1238	1521	80.251	0.0	765052	Human papillomavirus 120
ERR10856944_20167_ka_f_24.221_L_285653_L_6339_L_54753_:171-1367	1	1193	1196	gi|388771271|gb|JQ963492.1|	49	1238	1521	80.167	0.0	765052	Human papillomavirus 120
DRR472336_1_ka_f_2540.377_:165-1346	1	1181	1181	gi|1725328898|gb|MK463926.1|	5802	6982	8070	100.000	0.0	333771	human papillomavirus 81
DRR472336_1_ka_f_2540.377_:165-1346	1	1181	1181	gi|2416400572|gb|OP721242.1|	166	1346	1635	100.000	0.0	10566	Human papillomavirus
DRR472336_1_ka_f_2540.377_:165-1346	1	1181	1181	gi|2416400496|gb|OP721203.1|	166	1346	1635	100.000	0.0	10566	Human papillomavirus
DRR472336_1_ka_f_2540.377_:165-1346	1	1181	1181	gi|2416400458|gb|OP721184.1|	70	1250	1539	99.915	0.0	10566	Human papillomavirus
DRR472336_1_ka_f_2540.377_:165-1346	1	1181	1181	gi|966752590|gb|KU298938.1|	5900	7080	8067	99.915	0.0	333771	human papillomavirus 81
SRR13726022_9161_ka_f_12.005_:90-1307	1	1217	1217	gi|312451789|gb|GU117630.1|	5313	6529	7388	91.208	0.0	909329	Human papillomavirus 130
SRR13726022_9161_ka_f_12.005_:90-1307	1	1217	1217	gi|1559669302|gb|MH777158.2|	5316	6532	7389	84.249	0.0	10566	Human papillomavirus
SRR13726022_9161_ka_f_12.005_:90-1307	19	1217	1217	gi|1273499277|gb|MF588713.1|	5331	6523	7367	78.192	0.0	1175852	Gammapapillomavirus 10
SRR13726022_9161_ka_f_12.005_:90-1307	19	1217	1217	gi|1559669348|gb|MH777193.2|	4565	5757	7451	77.980	0.0	10566	Human papillomavirus
SRR13726022_9161_ka_f_12.005_:90-1307	19	1217	1217	gi|1031620589|gb|KR816178.1|	5328	6520	7364	77.897	0.0	1851216	Human papillomavirus 191
DRR472357_5_ka_f_11.764_:201-1379	1	1178	1178	gi|2374019526|gb|OP712032.1|	5800	6977	7967	100.000	0.0	10591	human papillomavirus 43
DRR472357_5_ka_f_11.764_:201-1379	1	1178	1178	gi|2422053409|gb|OP971044.1|	5698	6875	8007	100.000	0.0	10591	human papillomavirus 43
DRR472357_5_ka_f_11.764_:201-1379	1	1178	1178	gi|2422053299|gb|OP971030.1|	5698	6875	8007	100.000	0.0	10591	human papillomavirus 43
DRR472357_5_ka_f_11.764_:201-1379	1	1178	1178	gi|396937453|emb|HE962408.1|	43	1220	1512	100.000	0.0	10591	human papillomavirus 43
DRR472357_5_ka_f_11.764_:201-1379	1	1178	1178	gi|396937447|emb|HE962405.1|	43	1220	1512	100.000	0.0	10591	human papillomavirus 43
ERR11318374_297_ka_f_17.419_L_297_L_297_:183-1361	1	1178	1178	gi|1898670967|emb|LR862038.1|	5668	6845	7809	100.000	0.0	37120	human papillomavirus 67
ERR11318374_297_ka_f_17.419_L_297_L_297_:183-1361	1	1178	1178	gi|1898670517|emb|LR861975.1|	5668	6845	7809	100.000	0.0	37120	human papillomavirus 67
ERR11318374_297_ka_f_17.419_L_297_L_297_:183-1361	1	1178	1178	gi|1898670388|emb|LR861960.1|	5668	6845	7809	100.000	0.0	37120	human papillomavirus 67
ERR11318374_297_ka_f_17.419_L_297_L_297_:183-1361	1	1178	1178	gi|1898670168|emb|LR861934.1|	5668	6845	7809	100.000	0.0	37120	human papillomavirus 67
ERR11318374_297_ka_f_17.419_L_297_L_297_:183-1361	1	1178	1178	gi|1898669930|emb|LR861905.1|	5668	6845	7809	100.000	0.0	37120	human papillomavirus 67
ERR11530896_94878_ka_f_6.500_:90-1283	1	1193	1193	gi|388771271|gb|JQ963492.1|	49	1241	1521	100.000	0.0	765052	Human papillomavirus 120
ERR11530896_94878_ka_f_6.500_:90-1283	1	1193	1193	gi|388771265|gb|JQ963490.1|	49	1241	1521	100.000	0.0	765052	Human papillomavirus 120
ERR11530896_94878_ka_f_6.500_:90-1283	1	1193	1193	gi|388771253|gb|JQ963486.1|	49	1241	1521	100.000	0.0	765052	Human papillomavirus 120
ERR11530896_94878_ka_f_6.500_:90-1283	1	1193	1193	gi|386785687|gb|JQ963485.1|	5442	6634	7304	100.000	0.0	765052	Human papillomavirus 120
ERR11530896_94878_ka_f_6.500_:90-1283	1	1193	1193	gi|270119448|emb|FN598907.1|	5684	6876	7304	100.000	0.0	765052	Human papillomavirus 120
DRR168274_40180_ka_f_42.280_L_40180_L_40180_:387-1553	1	1166	1166	gi|71061109|dbj|AB211993.1|	5809	6974	7831	99.828	0.0	325568	Human papillomavirus type 27b
DRR168274_40180_ka_f_42.280_L_40180_L_40180_:387-1553	1	1166	1166	gi|396964|emb|X74473.1|	5809	6974	7823	99.828	0.0	333752	human papillomavirus 27
DRR168274_40180_ka_f_42.280_L_40180_L_40180_:387-1553	1	1166	1166	gi|1878296586|gb|MN605988.1|	5834	6993	7859	90.077	0.0	333751	Human papillomavirus type 2
DRR168274_40180_ka_f_42.280_L_40180_L_40180_:387-1553	1	1166	1166	gi|126507128|gb|EF117890.1|	5838	6997	7863	90.077	0.0	333751	Human papillomavirus type 2
DRR168274_40180_ka_f_42.280_L_40180_L_40180_:387-1553	1	1166	1166	gi|125660686|gb|EF362755.1|	5838	6997	7863	90.077	0.0	333751	Human papillomavirus type 2
ERR12160663_340859_ka_f_16.220_L_798097_:153-1373	1	1220	1220	gi|1559669518|gb|MH777360.2|	5262	6481	7300	99.918	0.0	10566	Human papillomavirus
ERR12160663_340859_ka_f_16.220_L_798097_:153-1373	1	1220	1220	gi|1273499539|gb|MF588746.1|	5262	6481	7300	99.754	0.0	1961681	Gammapapillomavirus 24
ERR12160663_340859_ka_f_16.220_L_798097_:153-1373	1	1220	1220	gi|371486220|gb|JF966375.1|	5361	6580	7286	89.353	0.0	10566	Human papillomavirus
ERR12160663_340859_ka_f_16.220_L_798097_:153-1373	1	1220	1220	gi|1480688942|gb|MH777335.1|	5259	6478	7275	87.623	0.0	10566	Human papillomavirus
ERR12160663_340859_ka_f_16.220_L_798097_:153-1373	1	1220	1220	gi|1031620582|gb|KR816177.1|	5259	6478	7275	87.541	0.0	1851215	Human papillomavirus type 190
ERR10856972_15119_ka_f_10.499_L_164077_:63-1292	1	1229	1229	gi|1020170|gb|U31779.1|HPU31779	5977	7205	7779	99.756	0.0	31548	human papillomavirus 21
ERR10856972_15119_ka_f_10.499_L_164077_:63-1292	1	1229	1229	gi|1200175664|gb|KY969593.1|	5926	7148	7742	84.634	0.0	31547	human papillomavirus 20
ERR10856972_15119_ka_f_10.499_L_164077_:63-1292	1	1229	1229	gi|1020162|gb|U31778.1|HPU31778	5941	7163	7757	84.553	0.0	31547	human papillomavirus 20
ERR10856972_15119_ka_f_10.499_L_164077_:63-1292	1	1226	1229	gi|396918|emb|X74467.1|	5651	6876	7439	84.352	0.0	31546	Human papillomavirus type 14D
ERR10856972_15119_ka_f_10.499_L_164077_:63-1292	106	558	1229	gi|2574168608|gb|OP137271.1|	1	453	453	99.779	0.0	2004707	Bat papillomavirus
SRR11349152_4175_ka_f_11.254_:75-1286	1	1211	1211	gi|1571844961|ref|NC_040691.1|	5246	6456	7270	99.587	0.0	2049444	Gammapapillomavirus sp.
SRR11349152_4175_ka_f_11.254_:75-1286	1	1211	1211	gi|1559669763|gb|MH777386.2|	5276	6486	7300	97.605	0.0	10566	Human papillomavirus
SRR11349152_4175_ka_f_11.254_:75-1286	1	1211	1211	gi|1273499746|gb|MF588793.1|	3455	4662	5779	80.478	0.0	2049444	Gammapapillomavirus sp.
SRR11349152_4175_ka_f_11.254_:75-1286	1	1211	1211	gi|1480689143|gb|MH777367.1|	5250	6457	7257	80.263	0.0	10566	Human papillomavirus
SRR11349152_4175_ka_f_11.254_:75-1286	1	1211	1211	gi|1571838941|ref|NC_040619.1|	5250	6457	7257	80.263	0.0	2049444	Gammapapillomavirus sp.
DRR213721_336_ka_f_409.351_L_17512_L_17513_L_2396_L_16615_:51-1229	1	1178	1178	gi|2422053057|gb|OP970999.1|	5720	6897	7909	100.000	0.0	10615	human papillomavirus 40
DRR213721_336_ka_f_409.351_L_17512_L_17513_L_2396_L_16615_:51-1229	1	1178	1178	gi|384368229|emb|HE793060.1|	43	1220	1518	100.000	0.0	10615	human papillomavirus 40
DRR213721_336_ka_f_409.351_L_17512_L_17513_L_2396_L_16615_:51-1229	1	1178	1178	gi|397014|emb|X74478.1|	5821	6998	7909	100.000	0.0	10615	human papillomavirus 40
DRR213721_336_ka_f_409.351_L_17512_L_17513_L_2396_L_16615_:51-1229	1	1178	1178	gi|384368213|emb|HE793052.1|	43	1220	1518	99.915	0.0	10615	human papillomavirus 40
DRR213721_336_ka_f_409.351_L_17512_L_17513_L_2396_L_16615_:51-1229	1	1178	1178	gi|2416400432|gb|OP721171.1|	52	1229	1527	99.830	0.0	10566	Human papillomavirus
SRR13789280_27308_ka_f_13.096_L_834575_:129-1349	1	1220	1220	gi|2710392638|tpg|BK066647.1|	5262	6481	7283	99.672	0.0	3116973	Papillomavirus homo7424
SRR13789280_27308_ka_f_13.096_L_834575_:129-1349	1	1220	1220	gi|1273499724|gb|MF588785.1|	628	1847	2169	99.426	0.0	1961681	Gammapapillomavirus 24
SRR13789280_27308_ka_f_13.096_L_834575_:129-1349	1	1220	1220	gi|1559669291|gb|MH777376.2|	5187	6406	7208	99.180	0.0	10566	Human papillomavirus
SRR13789280_27308_ka_f_13.096_L_834575_:129-1349	1	1220	1220	gi|2724609770|gb|PP718699.1|	5582	6801	7598	83.361	0.0	1851215	Human papillomavirus type 190
SRR13789280_27308_ka_f_13.096_L_834575_:129-1349	1	1220	1220	gi|1031620582|gb|KR816177.1|	5259	6478	7275	83.116	0.0	1851215	Human papillomavirus type 190
ERR10856940_46328_ka_f_705.784_L_1170972_L_1180657_L_1180658_L_1216564_L_1216587_:99-1319	1	1220	1220	gi|1273498994|gb|MF588677.1|	5616	6835	7550	98.607	0.0	337051	Betapapillomavirus 1
ERR10856940_46328_ka_f_705.784_L_1170972_L_1180657_L_1180658_L_1216564_L_1216587_:99-1319	1	1220	1220	gi|1559669434|gb|MH777271.2|	5619	6838	7698	98.115	0.0	10566	Human papillomavirus
ERR10856940_46328_ka_f_705.784_L_1170972_L_1180657_L_1180658_L_1216564_L_1216587_:99-1319	1	1217	1220	gi|296495868|gb|GQ845446.1|	5625	6841	7489	83.101	0.0	765056	human papillomavirus 124
ERR10856940_46328_ka_f_705.784_L_1170972_L_1180657_L_1180658_L_1216564_L_1216587_:99-1319	1	1220	1220	gi|1273499002|gb|MF588678.1|	5607	6827	7483	82.925	0.0	337051	Betapapillomavirus 1
ERR10856940_46328_ka_f_705.784_L_1170972_L_1180657_L_1180658_L_1216564_L_1216587_:99-1319	1	1220	1220	gi|1031620624|gb|KR816183.1|	5604	6824	7500	82.843	0.0	1851221	Human papillomavirus type 196
ERR3674534_161497_ka_f_10.105_:129-1352	1	1223	1223	gi|1273499499|gb|MF588741.1|	5347	6569	7201	99.591	0.0	1961679	Gammapapillomavirus 22
ERR3674534_161497_ka_f_10.105_:129-1352	1	1223	1223	gi|1559669446|gb|MH777285.2|	5347	6569	7201	95.748	0.0	10566	Human papillomavirus
ERR3674534_161497_ka_f_10.105_:129-1352	1	1223	1223	gi|1360655607|gb|MG063749.1|	5240	6459	7223	78.827	0.0	10566	Human papillomavirus
ERR3674534_161497_ka_f_10.105_:129-1352	1	1223	1223	gi|1559669386|gb|MH777221.2|	5237	6456	7221	78.746	0.0	10566	Human papillomavirus
ERR3674534_161497_ka_f_10.105_:129-1352	859	1223	1223	gi|1653972905|gb|MK620821.1|	1	365	873	100.000	0.0	1961679	Gammapapillomavirus 22
ERR10856942_16140_ka_f_48.552_L_16140_L_16140_:90-1292	1	1202	1202	gi|1480688559|gb|MH777278.1|	5254	6455	7193	97.837	0.0	10566	Human papillomavirus
ERR10856942_16140_ka_f_48.552_L_16140_L_16140_:90-1292	1	1202	1202	gi|1273499531|gb|MF588745.1|	5254	6455	7193	97.837	0.0	1961680	Gammapapillomavirus 23
ERR10856942_16140_ka_f_48.552_L_16140_L_16140_:90-1292	1	1187	1202	gi|1559669380|gb|MH777216.2|	5236	6422	7167	81.780	0.0	10566	Human papillomavirus
ERR10856942_16140_ka_f_48.552_L_16140_L_16140_:90-1292	1	1187	1202	gi|371486204|gb|JF966373.1|	5338	6524	7167	81.780	0.0	10566	Human papillomavirus
ERR10856942_16140_ka_f_48.552_L_16140_L_16140_:90-1292	1	1202	1202	gi|1559669423|gb|MH777259.2|	5255	6453	7192	81.260	0.0	10566	Human papillomavirus
DRR472294_17_ka_f_8.397_:102-1283	1	1181	1181	gi|22095322|gb|AF436128.1|	5800	6980	8078	99.492	0.0	202250	human papillomavirus 89
DRR472294_17_ka_f_8.397_:102-1283	1	1181	1181	gi|2422053517|gb|OP971058.1|	5799	6979	8074	99.407	0.0	202250	human papillomavirus 89
DRR472294_17_ka_f_8.397_:102-1283	1	1181	1181	gi|2422053243|gb|OP971023.1|	5799	6979	8074	99.407	0.0	202250	human papillomavirus 89
DRR472294_17_ka_f_8.397_:102-1283	1	1181	1181	gi|1898670585|emb|LR861984.1|	5799	6979	8072	99.407	0.0	202250	human papillomavirus 89
DRR472294_17_ka_f_8.397_:102-1283	1	1181	1181	gi|2374019096|gb|OP711965.1|	5760	6940	8037	99.323	0.0	202250	human papillomavirus 89
ERR2059962_465_ka_f_17.246_L_465_L_465_:84-1289	1	1205	1205	gi|469662959|emb|HF930491.1|	5486	6690	7359	99.004	0.0	1347832	Human papillomavirus 174
ERR2059962_465_ka_f_17.246_L_465_L_465_:84-1289	104	540	1205	gi|353441684|gb|JF906543.1|	1	437	437	94.966	0.0	10566	Human papillomavirus
ERR2059962_465_ka_f_17.246_L_465_L_465_:84-1289	553	936	1205	gi|910752455|gb|KP768221.1|	1	384	384	94.010	1.13e-160	10566	Human papillomavirus
ERR2059962_465_ka_f_17.246_L_465_L_465_:84-1289	219	560	1205	gi|512390529|gb|KC752022.1|	1	338	341	97.076	6.77e-158	10566	Human papillomavirus
ERR2059962_465_ka_f_17.246_L_465_L_465_:84-1289	598	935	1205	gi|910752451|gb|KP768219.1|	46	383	384	91.420	4.25e-125	10566	Human papillomavirus
ERR10857024_15957_ka_f_6.970_:54-1256	1	1199	1202	gi|186461202|gb|EU410349.1|	5670	6868	7384	98.249	0.0	518630	Human papillomavirus 111
ERR10857024_15957_ka_f_6.970_:54-1256	1	1199	1202	gi|238623465|emb|FM955842.1|	5662	6866	7412	82.767	0.0	587351	Human papillomavirus 113
ERR10857024_15957_ka_f_6.970_:54-1256	1	1199	1202	gi|296495852|gb|GQ845444.1|	5527	6731	7397	82.066	0.0	10566;765054	Human papillomavirus;Human papillomavirus 122
ERR10857024_15957_ka_f_6.970_:54-1256	2	1199	1202	gi|1480687842|gb|MH777175.1|	5524	6727	7414	80.447	0.0	10566	Human papillomavirus
ERR10857024_15957_ka_f_6.970_:54-1256	1	1199	1202	gi|9627396|ref|NC_001596.1|	5793	6997	7434	78.813	0.0	10621	Human papillomavirus 9
DRR168284_47137_ka_f_42.144_L_47137_L_47137_:129-1331	1	1202	1202	gi|186461186|gb|EU410347.1|	5668	6869	7401	99.667	0.0	563190	Human papillomavirus FA75/KI88-03
DRR168284_47137_ka_f_42.144_L_47137_L_47137_:129-1331	1	1202	1202	gi|238623450|emb|FM955840.1|	5715	6916	7386	99.418	0.0	518628	Human papillomavirus 104
DRR168284_47137_ka_f_42.144_L_47137_L_47137_:129-1331	15	1202	1202	gi|1150189779|gb|KY242583.1|	5538	6728	7399	79.481	0.0	1961924	Human papillomavirus type 209
DRR168284_47137_ka_f_42.144_L_47137_L_47137_:129-1331	104	540	1202	gi|17027117|gb|AF440447.1|	1	437	437	99.542	0.0	10566	Human papillomavirus
DRR168284_47137_ka_f_42.144_L_47137_L_47137_:129-1331	15	1202	1202	gi|126131393|gb|EF422221.1|	5850	7040	7562	78.715	0.0	427343	Human papillomavirus 107
DRR472306_2_ka_f_10.775_:276-1460	1	1184	1184	gi|2416400478|gb|OP721194.1|	277	1460	1743	100.000	0.0	10566	Human papillomavirus
DRR472306_2_ka_f_10.775_:276-1460	1	1184	1184	gi|2422053533|gb|OP971060.1|	5713	6896	7956	99.578	0.0	150546	human papillomavirus 84
DRR472306_2_ka_f_10.775_:276-1460	1	1184	1184	gi|2422053049|gb|OP970998.1|	5731	6914	7962	99.578	0.0	150546	human papillomavirus 84
DRR472306_2_ka_f_10.775_:276-1460	1	1184	1184	gi|12958167|gb|AF293960.1|AF293960	5710	6893	7948	99.578	0.0	150546	human papillomavirus 84
DRR472306_2_ka_f_10.775_:276-1460	1	1184	1184	gi|2724609844|gb|PP718709.1|	5838	7021	8461	99.493	0.0	150546	human papillomavirus 84
DRR472269_41_ka_f_9.530_L_4174_L_4175_:249-1436	1	1187	1187	gi|2374019166|gb|OP711973.1|	5801	6987	7999	100.000	0.0	120381	human papillomavirus 87
DRR472269_41_ka_f_9.530_L_4174_L_4175_:249-1436	1	1187	1187	gi|966752617|gb|KU298941.1|	5801	6987	7992	100.000	0.0	120381	human papillomavirus 87
DRR472269_41_ka_f_9.530_L_4174_L_4175_:249-1436	1	1187	1187	gi|966752608|gb|KU298940.1|	5801	6987	7992	100.000	0.0	120381	human papillomavirus 87
DRR472269_41_ka_f_9.530_L_4174_L_4175_:249-1436	1	1187	1187	gi|1898670458|emb|LR861968.1|	5801	6987	8001	100.000	0.0	120381	human papillomavirus 87
DRR472269_41_ka_f_9.530_L_4174_L_4175_:249-1436	1	1187	1187	gi|966752626|gb|KU298942.1|	5801	6987	7995	99.916	0.0	120381	human papillomavirus 87
DRR472380_0_ka_f_17.148_:216-1397	1	1181	1181	gi|1191444206|gb|KX514419.1|	5809	6989	7989	99.915	0.0	37116	Human papillomavirus type 61
DRR472380_0_ka_f_17.148_:216-1397	1	1181	1181	gi|938319168|gb|KF436851.1|	5809	6989	7989	99.915	0.0	37116	Human papillomavirus type 61
DRR472380_0_ka_f_17.148_:216-1397	1	1181	1181	gi|2422053525|gb|OP971059.1|	5708	6888	7989	99.915	0.0	333767	Alphapapillomavirus 3
DRR472380_0_ka_f_17.148_:216-1397	1	1181	1181	gi|966752458|gb|KU298923.1|	5809	6989	7989	99.831	0.0	37116	Human papillomavirus type 61
DRR472380_0_ka_f_17.148_:216-1397	1	1181	1181	gi|9628574|ref|NC_001694.1|	5809	6989	7989	99.831	0.0	333767	Alphapapillomavirus 3
DRR472297_21_ka_f_13.634_:120-1298	1	1178	1178	gi|2416400442|gb|OP721176.1|	121	1298	1587	100.000	0.0	10566	Human papillomavirus
DRR472297_21_ka_f_13.634_:120-1298	1	1178	1178	gi|1914219112|gb|MT783418.1|	5822	6999	8092	99.915	0.0	334210	human papillomavirus 62
DRR472297_21_ka_f_13.634_:120-1298	1	1178	1178	gi|2416400488|gb|OP721199.1|	121	1298	1587	99.830	0.0	10566	Human papillomavirus
DRR472297_21_ka_f_13.634_:120-1298	1	1178	1178	gi|966752467|gb|KU298924.1|	5822	6999	8092	99.745	0.0	334210	human papillomavirus 62
DRR472297_21_ka_f_13.634_:120-1298	1	1178	1178	gi|1898670933|emb|LR862034.1|	5822	6999	8092	99.745	0.0	334210	human papillomavirus 62
ERR11835784_67623_ka_f_27.818_L_67623_L_67623_:129-1340	1	1211	1211	gi|1480689150|gb|MH777368.1|	5270	6480	7257	99.339	0.0	10566	Human papillomavirus
ERR11835784_67623_ka_f_27.818_L_67623_L_67623_:129-1340	1	1206	1211	gi|530787707|ref|NC_022095.1|	5233	6432	7228	74.610	5.41e-139	1472342	Human papillomavirus 179
ERR11835784_67623_ka_f_27.818_L_67623_L_67623_:129-1340	839	1176	1211	gi|1559669761|gb|MH777381.2|	6073	6413	7240	71.676	1.40e-10	10566	Human papillomavirus
ERR10856974_42483_ka_f_66.344_L_42483_L_42483_:129-1307	1	1178	1178	gi|9626063|ref|NC_001356.1|	5476	6653	7815	98.812	0.0	334203	Mupapillomavirus 1
ERR10856974_42483_ka_f_66.344_L_42483_L_42483_:129-1307	1	1178	1178	gi|60966|emb|V01116.1|	5476	6653	7815	98.812	0.0	10583	Human papillomavirus type 1a
ERR10856974_42483_ka_f_66.344_L_42483_L_42483_:129-1307	1	1178	1178	gi|458704|gb|U06714.1|HPU06714	5477	6654	7801	98.727	0.0	10583	Human papillomavirus type 1a
ERR10856974_42483_ka_f_66.344_L_42483_L_42483_:129-1307	942	1178	1178	gi|1040782610|gb|KX214756.1|	1	237	396	99.156	5.45e-114	10583	Human papillomavirus type 1a
ERR3593982_2622_ka_f_23.001_L_2622_L_2622_:81-1289	1	1208	1208	gi|1480688741|gb|MH777306.1|	5550	6757	7410	97.930	0.0	10566	Human papillomavirus
ERR3593982_2622_ka_f_23.001_L_2622_L_2622_:81-1289	1	1208	1208	gi|1273499018|gb|MF588680.1|	5558	6765	7417	90.000	0.0	333924	Betapapillomavirus 2
ERR3593982_2622_ka_f_23.001_L_2622_L_2622_:81-1289	1	1205	1208	gi|1559669269|gb|MH675889.2|	5546	6750	7405	89.884	0.0	10566	Human papillomavirus
ERR3593982_2622_ka_f_23.001_L_2622_L_2622_:81-1289	1	1208	1208	gi|1031620533|gb|KR816170.1|	5558	6765	7416	89.752	0.0	1851125	Human papillomavirus type 182
ERR3593982_2622_ka_f_23.001_L_2622_L_2622_:81-1289	1	1205	1208	gi|1132312754|gb|KY349817.1|	5744	6948	7405	89.801	0.0	10566	Human papillomavirus
ERR12160727_12072_ka_f_38.347_L_198688_L_190154_:120-1325	1	1205	1205	gi|186461194|gb|EU410348.1|	5724	6928	7423	100.000	0.0	518629	Human papillomavirus 110
ERR12160727_12072_ka_f_38.347_L_198688_L_190154_:120-1325	2	1202	1205	gi|296495852|gb|GQ845444.1|	5528	6731	7397	80.264	0.0	10566;765054	Human papillomavirus;Human papillomavirus 122
ERR12160727_12072_ka_f_38.347_L_198688_L_190154_:120-1325	104	543	1205	gi|4574423|gb|AF121427.1|AF121427	1	440	440	100.000	0.0	10566	Human papillomavirus
ERR12160727_12072_ka_f_38.347_L_198688_L_190154_:120-1325	1	1202	1205	gi|395627595|emb|HE963025.1|	5554	6758	7443	78.878	0.0	1209820	Human papillomavirus 159
ERR12160727_12072_ka_f_38.347_L_198688_L_190154_:120-1325	1	1202	1205	gi|389885570|gb|JN211196.1|	5706	6907	7397	78.743	0.0	37959	Human papillomavirus 38
SRR17534937_37_ka_f_115.852_L_37_L_37_:72-1277	1	1205	1205	gi|1571847446|ref|NC_040806.1|	5350	6554	7328	99.751	0.0	2049444	Gammapapillomavirus sp.
SRR17534937_37_ka_f_115.852_L_37_L_37_:72-1277	1	1205	1205	gi|1559669467|gb|MH777303.2|	5359	6563	7329	99.585	0.0	10566	Human papillomavirus
SRR17534937_37_ka_f_115.852_L_37_L_37_:72-1277	1	1205	1205	gi|1559669511|gb|MH777353.2|	5350	6554	7334	91.203	0.0	10566	Human papillomavirus
SRR17534937_37_ka_f_115.852_L_37_L_37_:72-1277	184	549	1205	gi|512390643|gb|KC752079.1|	1	366	377	98.907	0.0	10566	Human papillomavirus
SRR17534937_37_ka_f_115.852_L_37_L_37_:72-1277	104	537	1205	gi|39777339|gb|AY468430.1|	1	434	434	89.631	8.83e-152	10566	Human papillomavirus
ERR10857066_5561_ka_f_7.854_:78-1310	1	1226	1232	gi|1559669528|gb|MH777371.2|	5237	6462	7228	95.432	0.0	10566	Human papillomavirus
ERR10857066_5561_ka_f_7.854_:78-1310	1	1232	1232	gi|1273499205|gb|MF588704.1|	5237	6468	7227	93.101	0.0	1175850	Gammapapillomavirus 8
ERR10857066_5561_ka_f_7.854_:78-1310	211	543	1232	gi|528225958|gb|KC878005.1|	2	334	334	91.291	2.62e-122	10566	Human papillomavirus
ERR10857066_5561_ka_f_7.854_:78-1310	24	1022	1232	gi|1273499651|gb|MF588762.1|	753	1739	1752	74.680	5.75e-109	1175850	Gammapapillomavirus 8
ERR10857066_5561_ka_f_7.854_:78-1310	142	476	1232	gi|896684338|ref|NC_027528.1|	5478	5812	7291	75.074	1.07e-31	1682340	Human papillomavirus 201
ERR10857003_294_ka_f_33.976_L_294_L_294_:126-1331	1	1205	1205	gi|530787707|ref|NC_022095.1|	5233	6437	7228	99.502	0.0	1472342	Human papillomavirus 179
ERR10857003_294_ka_f_33.976_L_294_L_294_:126-1331	1	1202	1205	gi|389656400|ref|NC_017993.1|	5371	6572	7293	78.347	0.0	1070408	Human papillomavirus 135
ERR10857003_294_ka_f_33.976_L_294_L_294_:126-1331	1	1200	1205	gi|1480689150|gb|MH777368.1|	5270	6475	7257	74.671	1.16e-140	10566	Human papillomavirus
ERR10857003_294_ka_f_33.976_L_294_L_294_:126-1331	1	1202	1205	gi|1480689242|gb|MH777382.1|	5261	6468	7244	74.489	4.19e-135	10566	Human papillomavirus
ERR10857003_294_ka_f_33.976_L_294_L_294_:126-1331	1	1202	1205	gi|1031620596|gb|KR816179.1|	5261	6468	7244	74.407	1.95e-133	1851217	Human papillomavirus 192
DRR472484_19_ka_f_11.325_L_69_:84-1259	1	1175	1175	gi|938319056|gb|KF436837.1|	5697	6871	7852	100.000	0.0	10611	human papillomavirus 30
DRR472484_19_ka_f_11.325_L_69_:84-1259	1	1175	1175	gi|938319064|gb|KF436838.1|	5697	6871	7852	99.915	0.0	10611	human papillomavirus 30
DRR472484_19_ka_f_11.325_L_69_:84-1259	1	1175	1175	gi|1464310268|ref|NC_038889.1|	5697	6871	7852	99.915	0.0	10611	human papillomavirus 30
DRR472484_19_ka_f_11.325_L_69_:84-1259	1	1175	1175	gi|938319088|gb|KF436841.1|	5688	6862	7843	99.830	0.0	10611	human papillomavirus 30
DRR472484_19_ka_f_11.325_L_69_:84-1259	1	1175	1175	gi|938319080|gb|KF436840.1|	5697	6871	7852	99.660	0.0	10611	human papillomavirus 30
SRR12173675_353547_ka_f_11.239_:141-1337	1	1196	1196	gi|290964861|emb|FN677756.1|	5725	6920	7386	99.916	0.0	743812	Human papillomavirus 151
SRR12173675_353547_ka_f_11.239_:141-1337	1	1196	1196	gi|1569059746|gb|MK377489.1|	236	1428	1851	87.469	0.0	2052558	Papillomaviridae sp.
SRR12173675_353547_ka_f_11.239_:141-1337	1	1196	1196	gi|1020178|gb|U31780.1|HPU31780	5710	6902	7368	87.207	0.0	37954	Human papillomavirus 22
SRR12173675_353547_ka_f_11.239_:141-1337	1	1196	1196	gi|1273499050|gb|MF588684.1|	5518	6710	7363	82.874	0.0	333924	Betapapillomavirus 2
SRR12173675_353547_ka_f_11.239_:141-1337	1	1196	1196	gi|1559669436|gb|MH777272.2|	5545	6737	7390	82.554	0.0	10566	Human papillomavirus
SRR10043613_8801_ka_f_588.627_L_88883_L_526141_:135-1322	1	1187	1187	gi|1276316437|gb|MF350303.1|	49	1235	1530	100.000	0.0	763552	Mus musculus papillomavirus type 1
SRR10043613_8801_ka_f_588.627_L_88883_L_526141_:135-1322	1	1187	1187	gi|301173443|ref|NC_014326.1|	5420	6606	7510	100.000	0.0	763552	Mus musculus papillomavirus type 1
SRR10043613_8801_ka_f_588.627_L_88883_L_526141_:135-1322	1	1187	1187	gi|2710390158|tpg|BK066384.1|	5423	6609	7523	99.747	0.0	3116984	Papillomavirus mus7523
SRR10043613_8801_ka_f_588.627_L_88883_L_526141_:135-1322	1	1187	1187	gi|1379071675|gb|MF416381.1|	6042	7228	7375	99.663	0.0	2171376	Mouse papillomavirus 1
SRR10043613_8801_ka_f_588.627_L_88883_L_526141_:135-1322	1	1187	1187	gi|336092122|gb|HQ625439.1|	6042	7228	7523	98.652	0.0	763552	Mus musculus papillomavirus type 1
SRR13789475_8202_ka_f_18.369_L_8202_L_8202_:105-1325	1	1220	1220	gi|389656408|ref|NC_017994.1|	5208	6427	7319	99.262	0.0	1070409	Human papillomavirus 136
SRR13789475_8202_ka_f_18.369_L_8202_L_8202_:105-1325	104	540	1220	gi|4574429|gb|AF121430.1|AF121430	1	437	437	99.085	0.0	10566	Human papillomavirus
SRR13789475_8202_ka_f_18.369_L_8202_L_8202_:105-1325	1	1220	1220	gi|343411561|gb|HM999993.1|	5210	6429	7384	77.325	0.0	1070414	Human papillomavirus 141
SRR13789475_8202_ka_f_18.369_L_8202_L_8202_:105-1325	136	723	1220	gi|319976676|ref|NC_014953.1|	5366	5953	7219	74.832	2.82e-62	931210	human papillomavirus 129
SRR13789475_8202_ka_f_18.369_L_8202_L_8202_:105-1325	136	680	1220	gi|1559669404|gb|MH777242.2|	5384	5928	7233	74.054	2.23e-48	10566	Human papillomavirus
SRR15442483_629_ka_f_6.237_L_1112_:93-1286	1	1193	1193	gi|1559669314|gb|MH777165.2|	5345	6537	7378	100.000	0.0	10566	Human papillomavirus
SRR15442483_629_ka_f_6.237_L_1112_:93-1286	1	1193	1193	gi|1559669356|gb|MH777199.2|	4347	5539	7324	81.773	0.0	10566	Human papillomavirus
SRR15442483_629_ka_f_6.237_L_1112_:93-1286	1	1193	1193	gi|410118099|ref|NC_019023.1|	5522	6714	7212	79.583	0.0	1315259	human papillomavirus 166
SRR15442483_629_ka_f_6.237_L_1112_:93-1286	1	1190	1193	gi|1243977482|gb|MF176072.1|	5205	6394	7216	79.048	0.0	10566	Human papillomavirus
SRR15442483_629_ka_f_6.237_L_1112_:93-1286	22	1190	1193	gi|1559669465|gb|MH777301.2|	5226	6394	7216	79.014	0.0	10566	Human papillomavirus
SRR10342252_5373_ka_f_28.251_L_5373_L_5373_:69-1280	1	1211	1211	gi|1571832003|ref|NC_040550.1|	5203	6413	7226	99.752	0.0	2049444	Gammapapillomavirus sp.
SRR10342252_5373_ka_f_28.251_L_5373_L_5373_:69-1280	1	1211	1211	gi|1559669459|gb|MH777296.2|	5203	6413	7228	97.688	0.0	10566	Human papillomavirus
SRR10342252_5373_ka_f_28.251_L_5373_L_5373_:69-1280	1	1208	1211	gi|1559669279|gb|MH777172.2|	4498	5705	6533	80.807	0.0	10566	Human papillomavirus
SRR10342252_5373_ka_f_28.251_L_5373_L_5373_:69-1280	1	1208	1211	gi|1571847431|ref|NC_040804.1|	5220	6427	7255	80.807	0.0	2049444	Gammapapillomavirus sp.
SRR10342252_5373_ka_f_28.251_L_5373_L_5373_:69-1280	104	540	1211	gi|4574413|gb|AF121422.1|AF121422	1	437	437	98.169	0.0	10566	Human papillomavirus
SRR13789173_27198_ka_f_26.962_L_27198_L_27198_:105-1328	1	1223	1223	gi|371486212|gb|JF966374.1|	5390	6612	7251	98.528	0.0	10566	Human papillomavirus
SRR13789173_27198_ka_f_26.962_L_27198_L_27198_:105-1328	1	1223	1223	gi|1559669712|gb|MH777255.2|	5201	6423	7254	96.975	0.0	10566	Human papillomavirus
SRR13789173_27198_ka_f_26.962_L_27198_L_27198_:105-1328	1	1223	1223	gi|1559669318|gb|MH777168.2|	5207	6429	7248	85.621	0.0	10566	Human papillomavirus
SRR13789173_27198_ka_f_26.962_L_27198_L_27198_:105-1328	1	1223	1223	gi|1273499293|gb|MF588715.1|	5198	6420	7252	82.353	0.0	1513256	Gammapapillomavirus 11
SRR13789173_27198_ka_f_26.962_L_27198_L_27198_:105-1328	1	1223	1223	gi|1480688476|gb|MH777267.1|	5198	6420	7252	82.204	0.0	10566	Human papillomavirus
ERR10857028_14316_ka_f_8.800_:81-1265	1	1184	1184	gi|1480688581|gb|MH777281.1|	5207	6390	7123	94.341	0.0	10566	Human papillomavirus
ERR10857028_14316_ka_f_8.800_:81-1265	104	534	1184	gi|19221248|gb|AY081199.1|	1	431	431	92.807	1.81e-173	10566	Human papillomavirus
ERR10857028_14316_ka_f_8.800_:81-1265	1	989	1184	gi|371486252|gb|JF966379.1|	5242	6236	7095	74.034	4.33e-100	10566	Human papillomavirus
ERR10857028_14316_ka_f_8.800_:81-1265	16	1148	1184	gi|1559669409|gb|MH777244.2|	5181	6325	7126	71.379	4.55e-65	10566	Human papillomavirus
ERR10857028_14316_ka_f_8.800_:81-1265	13	972	1184	gi|1559669417|gb|MH777251.2|	5198	6166	7146	71.831	1.66e-54	10566	Human papillomavirus
SRR13233924_2292_ka_f_46.146_:84-1274	1	1190	1190	gi|1061494949|gb|KX587461.1|	6881	8070	8606	100.000	0.0	35258;1134411	Lambdapapillomavirus 2;Canine papillomavirus
SRR13233924_2292_ka_f_46.146_:84-1274	1	1190	1190	gi|9627734|ref|NC_001619.1|	6882	8071	8607	100.000	0.0	35258	Lambdapapillomavirus 2
SRR13233924_2292_ka_f_46.146_:84-1274	1	1190	1190	gi|296863759|gb|HM054511.1|	46	1235	1512	100.000	0.0	35258	Lambdapapillomavirus 2
SRR13233924_2292_ka_f_46.146_:84-1274	1	1190	1190	gi|218135529|gb|FJ479789.1|	135	1324	1681	100.000	0.0	35258	Lambdapapillomavirus 2
SRR13233924_2292_ka_f_46.146_:84-1274	1	1190	1190	gi|862333|dbj|D55633.1|PAVCGS	6882	8071	8607	100.000	0.0	35258	Lambdapapillomavirus 2
ERR10856957_4474_ka_f_54.992_L_4474_L_4474_:90-1307	1	1217	1217	gi|1559669495|gb|MH777332.2|	5255	6471	7309	98.274	0.0	10566	Human papillomavirus
ERR10856957_4474_ka_f_54.992_L_4474_L_4474_:90-1307	1	1214	1217	gi|1571839001|ref|NC_040620.1|	5263	6476	7350	83.977	0.0	2049444	Gammapapillomavirus sp.
ERR10856957_4474_ka_f_54.992_L_4474_L_4474_:90-1307	104	552	1217	gi|15020297|gb|AY040281.1|	1	449	449	97.773	0.0	10566	Human papillomavirus
ERR10856957_4474_ka_f_54.992_L_4474_L_4474_:90-1307	1	1206	1217	gi|1559669310|gb|MH777162.2|	5236	6445	7247	75.485	8.92e-152	10566	Human papillomavirus
ERR10856957_4474_ka_f_54.992_L_4474_L_4474_:90-1307	1	1202	1217	gi|537775091|gb|KC311731.2|	5599	6797	7247	72.213	2.72e-87	10566	Human papillomavirus
ERR11271426_31485_ka_f_728.386_L_341931_L_341932_L_295851_L_343576_:87-1286	1	1199	1199	gi|1559669609|gb|MH777254.2|	5255	6453	7292	99.833	0.0	10566	Human papillomavirus
ERR11271426_31485_ka_f_728.386_L_341931_L_341932_L_295851_L_343576_:87-1286	1	1199	1199	gi|1273499412|gb|MF588730.1|	5255	6453	7292	99.833	0.0	1513263	Gammapapillomavirus 18
ERR11271426_31485_ka_f_728.386_L_341931_L_341932_L_295851_L_343576_:87-1286	1	1199	1199	gi|1571847438|ref|NC_040805.1|	5255	6453	7282	91.681	0.0	2049444	Gammapapillomavirus sp.
ERR11271426_31485_ka_f_728.386_L_341931_L_341932_L_295851_L_343576_:87-1286	1	1199	1199	gi|1559669378|gb|MH777215.2|	5255	6453	7291	91.514	0.0	10566	Human papillomavirus
ERR11271426_31485_ka_f_728.386_L_341931_L_341932_L_295851_L_343576_:87-1286	1	1196	1199	gi|1480688182|gb|MH777222.1|	5255	6450	7271	84.127	0.0	10566	Human papillomavirus
SRR14129908_9407_ka_f_90.295_L_9407_L_650046_L_9407_L_650046_:99-1274	1	1175	1175	gi|2289983646|gb|MW881228.1|	6250	7424	8101	100.000	0.0	292792	Canis familiaris papillomavirus 2
SRR14129908_9407_ka_f_90.295_L_9407_L_650046_L_9407_L_650046_:99-1274	1	1175	1175	gi|1544852901|dbj|LC363559.1|	6251	7425	8102	99.915	0.0	292792	Canis familiaris papillomavirus 2
SRR14129908_9407_ka_f_90.295_L_9407_L_650046_L_9407_L_650046_:99-1274	1	1175	1175	gi|56693036|ref|NC_006564.1|	6250	7424	8101	99.915	0.0	292792	Canis familiaris papillomavirus 2
SRR14129908_9407_ka_f_90.295_L_9407_L_650046_L_9407_L_650046_:99-1274	216	498	1175	gi|291327600|gb|GQ204118.1|	1	283	283	100.000	6.74e-143	292792	Canis familiaris papillomavirus 2
SRR14129908_9407_ka_f_90.295_L_9407_L_650046_L_9407_L_650046_:99-1274	1	979	1175	gi|255683756|gb|FJ492742.1|	6080	7061	7955	74.547	1.97e-108	2759772	Canis familiaris papillomavirus 7
ERR10857037_2316_ka_f_21.710_L_2316_L_2316_:78-1301	1	1220	1223	gi|238623458|emb|FM955841.1|	5909	7128	7667	94.180	0.0	587350	Human papillomavirus 105
ERR10857037_2316_ka_f_21.710_L_2316_L_2316_:78-1301	1	1220	1223	gi|389885555|gb|JN211194.1|	5965	7184	7746	81.566	0.0	333923	Human papillomavirus 5
ERR10857037_2316_ka_f_21.710_L_2316_L_2316_:78-1301	1	1220	1223	gi|162417300|emb|AM922325.1|	49	1268	1551	81.321	0.0	333923	Human papillomavirus 5
ERR10857037_2316_ka_f_21.710_L_2316_L_2316_:78-1301	1	1220	1223	gi|333086|gb|M22961.1|PPHDELCG	5965	7184	7746	80.587	0.0	333923	Human papillomavirus 5
ERR10857037_2316_ka_f_21.710_L_2316_L_2316_:78-1301	1	1220	1223	gi|68159730|gb|DQ080001.1|	1966	3185	3551	80.506	0.0	333923	Human papillomavirus 5
ERR2538499_8824_ka_f_133.257_L_8824_L_8824_:96-1301	1	1205	1205	gi|1150189779|gb|KY242583.1|	5524	6728	7399	96.846	0.0	1961924	Human papillomavirus type 209
ERR2538499_8824_ka_f_133.257_L_8824_L_8824_:96-1301	1	1205	1205	gi|126131393|gb|EF422221.1|	5836	7040	7562	87.635	0.0	427343	Human papillomavirus 107
ERR2538499_8824_ka_f_133.257_L_8824_L_8824_:96-1301	104	539	1205	gi|28864506|gb|AY204692.1|	1	436	437	95.183	0.0	10566	Human papillomavirus
ERR2538499_8824_ka_f_133.257_L_8824_L_8824_:96-1301	569	936	1205	gi|636576448|emb|LK022305.1|	1	368	368	97.826	8.52e-177	10566	Human papillomavirus
ERR2538499_8824_ka_f_133.257_L_8824_L_8824_:96-1301	104	531	1205	gi|19423683|gb|AF489722.1|	1	428	437	87.150	9.08e-132	10566	Human papillomavirus
SRR13725875_2394_ka_f_11.532_:123-1331	1	1208	1208	gi|290964853|emb|FN677755.1|	5889	7096	7436	99.917	0.0	743811	human papillomavirus 150
SRR13725875_2394_ka_f_11.532_:123-1331	1	1208	1208	gi|1273499074|gb|MF588687.1|	5531	6738	7415	84.685	0.0	334209	Betapapillomavirus 5
SRR13725875_2394_ka_f_11.532_:123-1331	1	1208	1208	gi|1559669364|gb|MH777205.2|	5531	6738	7415	84.437	0.0	10566	Human papillomavirus
SRR13725875_2394_ka_f_11.532_:123-1331	1	1205	1208	gi|2717333551|gb|OQ930234.1|	5928	7132	7458	81.524	0.0	10566	Human papillomavirus
SRR13725875_2394_ka_f_11.532_:123-1331	1	1205	1208	gi|50253426|ref|NC_005134.2|	5907	7111	7438	81.426	0.0	247269	Human papillomavirus type 96
ERR2535145_19271_ka_f_21.997_L_19271_L_19271_:159-1367	1	1208	1208	gi|296495852|gb|GQ845444.1|	5527	6734	7397	99.669	0.0	10566;765054	Human papillomavirus;Human papillomavirus 122
ERR2535145_19271_ka_f_21.997_L_19271_L_19271_:159-1367	280	938	1208	gi|562320|emb|X79949.1|	4	662	674	99.545	0.0	10566	Human papillomavirus
ERR2535145_19271_ka_f_21.997_L_19271_L_19271_:159-1367	1	1205	1208	gi|238623465|emb|FM955842.1|	5662	6866	7412	82.178	0.0	587351	Human papillomavirus 113
ERR2535145_19271_ka_f_21.997_L_19271_L_19271_:159-1367	1	1208	1208	gi|186461202|gb|EU410349.1|	5670	6871	7384	81.533	0.0	518630	Human papillomavirus 111
ERR2535145_19271_ka_f_21.997_L_19271_L_19271_:159-1367	2	1205	1208	gi|186461194|gb|EU410348.1|	5725	6925	7423	80.248	0.0	518629	Human papillomavirus 110
SRR13789702_1615_ka_f_11.061_:147-1364	1	1217	1217	gi|1144331904|gb|KX781285.1|	5257	6473	7271	99.589	0.0	10566	Human papillomavirus
SRR13789702_1615_ka_f_11.061_:147-1364	1	1217	1217	gi|1480688833|gb|MH777319.1|	5257	6473	7271	99.343	0.0	10566	Human papillomavirus
SRR13789702_1615_ka_f_11.061_:147-1364	104	552	1217	gi|15787617|gb|AY049756.1|	1	449	449	98.664	0.0	10566	Human papillomavirus
SRR13789702_1615_ka_f_11.061_:147-1364	1	1214	1217	gi|537775091|gb|KC311731.2|	5599	6809	7247	78.279	0.0	10566	Human papillomavirus
SRR13789702_1615_ka_f_11.061_:147-1364	1	1202	1217	gi|1559669386|gb|MH777221.2|	5237	6441	7221	77.385	0.0	10566	Human papillomavirus
ERR12027538_87_ka_f_23.254_L_19860_L_25515_:69-1277	1	1208	1208	gi|1480687842|gb|MH777175.1|	5523	6730	7414	100.000	0.0	10566	Human papillomavirus
ERR12027538_87_ka_f_23.254_L_19860_L_25515_:69-1277	1	1208	1208	gi|395627595|emb|HE963025.1|	5554	6761	7443	87.014	0.0	1209820	Human papillomavirus 159
ERR12027538_87_ka_f_23.254_L_19860_L_25515_:69-1277	4	1205	1208	gi|238623465|emb|FM955842.1|	5665	6866	7412	81.260	0.0	587351	Human papillomavirus 113
ERR12027538_87_ka_f_23.254_L_19860_L_25515_:69-1277	2	1205	1208	gi|9627396|ref|NC_001596.1|	5794	6997	7434	80.562	0.0	10621	Human papillomavirus 9
ERR12027538_87_ka_f_23.254_L_19860_L_25515_:69-1277	1	1205	1208	gi|396924|emb|X74468.1|	5751	6955	7412	79.802	0.0	10606	Human papillomavirus 15
ERR1791720_2440_ka_f_159.802_L_2440_L_2440_:81-1289	1	1208	1208	gi|1144332013|gb|KX781286.1|	5567	6774	7427	100.000	0.0	10566	Human papillomavirus
ERR1791720_2440_ka_f_159.802_L_2440_L_2440_:81-1289	1	1208	1208	gi|2911565|emb|Y15176.1|	5766	6973	7427	99.917	0.0	69987	Human papillomavirus 80
ERR1791720_2440_ka_f_159.802_L_2440_L_2440_:81-1289	1	1208	1208	gi|1559669266|gb|MH675888.2|	5516	6723	7376	86.849	0.0	10566	Human papillomavirus
ERR1791720_2440_ka_f_159.802_L_2440_L_2440_:81-1289	1	1208	1208	gi|396924|emb|X74468.1|	5751	6958	7412	86.600	0.0	10606	Human papillomavirus 15
ERR1791720_2440_ka_f_159.802_L_2440_L_2440_:81-1289	1	1205	1208	gi|1480688741|gb|MH777306.1|	5550	6754	7410	86.473	0.0	10566	Human papillomavirus
ERR3593982_46144_ka_f_6.800_:75-1280	1	1205	1205	gi|343411593|gb|HM999997.1|	5480	6684	7375	99.917	0.0	1070418	Human papillomavirus 145
ERR3593982_46144_ka_f_6.800_:75-1280	1	1205	1205	gi|1144332172|gb|KX781287.1|	5480	6684	7375	99.834	0.0	10566	Human papillomavirus
ERR3593982_46144_ka_f_6.800_:75-1280	104	540	1205	gi|6694928|gb|AF217685.1|AF217685	1	437	437	94.966	0.0	10566	Human papillomavirus
ERR3593982_46144_ka_f_6.800_:75-1280	15	1205	1205	gi|296495852|gb|GQ845444.1|	5541	6734	7397	77.178	0.0	10566;765054	Human papillomavirus;Human papillomavirus 122
ERR3593982_46144_ka_f_6.800_:75-1280	945	1205	1205	gi|2791876|gb|AF042005.1|AF042005	1	261	397	100.000	1.17e-130	10566	Human papillomavirus
ERR10857008_2848_ka_f_11.424_L_2848_L_2848_:63-1268	1	1205	1205	gi|2911544|emb|Y15173.1|	5822	7026	7537	98.838	0.0	69984	human papillomavirus 75
ERR10857008_2848_ka_f_11.424_L_2848_L_2848_:63-1268	1	1202	1205	gi|2911551|emb|Y15174.1|	5850	7051	7549	88.103	0.0	69985	human papillomavirus 76
ERR10857008_2848_ka_f_11.424_L_2848_L_2848_:63-1268	286	940	1205	gi|562314|emb|X79942.1|	7	661	661	97.557	0.0	10566	Human papillomavirus
ERR10857008_2848_ka_f_11.424_L_2848_L_2848_:63-1268	284	947	1205	gi|562308|emb|X79948.1|	5	668	668	87.349	0.0	10566	Human papillomavirus
ERR10857008_2848_ka_f_11.424_L_2848_L_2848_:63-1268	85	552	1205	gi|146262394|gb|EF535004.1|	4	471	471	85.256	1.17e-130	181667	Lambdapapillomavirus 1
ERR8145533_15758_ka_f_165.009_:117-1325	1	1208	1208	gi|1559669646|gb|MH777350.2|	5575	6782	7462	94.868	0.0	10566	Human papillomavirus
ERR8145533_15758_ka_f_165.009_:117-1325	1	1208	1208	gi|1031620547|gb|KR816172.1|	5559	6766	7444	88.420	0.0	1851127	Human papillomavirus type 185
ERR8145533_15758_ka_f_165.009_:117-1325	1	1205	1208	gi|2717333551|gb|OQ930234.1|	5928	7132	7458	87.148	0.0	10566	Human papillomavirus
ERR8145533_15758_ka_f_165.009_:117-1325	1	1208	1208	gi|50253426|ref|NC_005134.2|	5907	7114	7438	83.306	0.0	247269	Human papillomavirus type 96
ERR8145533_15758_ka_f_165.009_:117-1325	1	1205	1208	gi|290964853|emb|FN677755.1|	5889	7093	7436	80.431	0.0	743811	human papillomavirus 150
ERR4605113_152695_ka_f_4.611_:45-1250	1	1205	1205	gi|1144332332|gb|KX781288.1|	5303	6507	7328	95.436	0.0	10566	Human papillomavirus
ERR4605113_152695_ka_f_4.611_:45-1250	1	1205	1205	gi|1149685229|ref|NC_033781.1|	5409	6613	7329	95.270	0.0	1248396	Human papillomavirus 156
ERR4605113_152695_ka_f_4.611_:45-1250	1	1205	1205	gi|1273499404|gb|MF588729.1|	5285	6489	7339	83.900	0.0	1513263	Gammapapillomavirus 18
ERR4605113_152695_ka_f_4.611_:45-1250	1	1205	1205	gi|1559669450|gb|MH777290.2|	5285	6489	7339	83.817	0.0	10566	Human papillomavirus
ERR4605113_152695_ka_f_4.611_:45-1250	565	926	1205	gi|636576438|emb|LK022300.1|	1	362	363	85.912	9.47e-102	10566	Human papillomavirus
ERR3974446_7426_ka_f_18.725_L_494958_L_494959_:87-1319	1	1232	1232	gi|557825766|gb|KC862317.1|	5608	6839	7204	99.108	0.0	1420544	human papillomavirus 168
ERR3974446_7426_ka_f_18.725_L_494958_L_494959_:87-1319	1	1227	1232	gi|1559669528|gb|MH777371.2|	5237	6462	7228	83.293	0.0	10566	Human papillomavirus
ERR3974446_7426_ka_f_18.725_L_494958_L_494959_:87-1319	1	1232	1232	gi|1559669350|gb|MH777195.2|	5224	6453	7211	80.226	0.0	10566	Human papillomavirus
ERR3974446_7426_ka_f_18.725_L_494958_L_494959_:87-1319	106	539	1232	gi|380865556|gb|JQ250760.1|	1	434	434	99.770	0.0	10566	Human papillomavirus
ERR3974446_7426_ka_f_18.725_L_494958_L_494959_:87-1319	1	1232	1232	gi|2710391279|tpg|BK066485.1|	5287	6515	7253	77.412	0.0	3116972	Papillomavirus homo7372
ERR1332591_10086_ka_f_91.774_L_1239196_L_2477_:126-1337	1	1208	1211	gi|1273499253|gb|MF588710.1|	5226	6433	7289	95.613	0.0	1175851	Gammapapillomavirus 9
ERR1332591_10086_ka_f_91.774_L_1239196_L_2477_:126-1337	1	1208	1211	gi|1559669523|gb|MH777364.2|	5226	6433	7289	95.530	0.0	10566	Human papillomavirus
ERR1332591_10086_ka_f_91.774_L_1239196_L_2477_:126-1337	104	543	1211	gi|6694896|gb|AF217669.1|AF217669	1	440	440	96.818	0.0	10566	Human papillomavirus
ERR1332591_10086_ka_f_91.774_L_1239196_L_2477_:126-1337	104	543	1211	gi|6694894|gb|AF217668.1|AF217668	1	440	440	96.818	0.0	10566	Human papillomavirus
ERR1332591_10086_ka_f_91.774_L_1239196_L_2477_:126-1337	1	1015	1211	gi|1559669406|gb|MH777243.2|	5232	6246	7218	73.735	1.59e-99	10566	Human papillomavirus
ERR1715606_8250_ka_f_148.819_L_8250_L_8250_:141-1364	1	1223	1223	gi|1020218|gb|U31785.1|HPU31785	5939	7161	7722	99.346	0.0	37957	human papillomavirus 36
ERR1715606_8250_ka_f_148.819_L_8250_L_8250_:141-1364	1	1220	1223	gi|327195194|gb|JF304769.1|	5953	7172	7736	91.393	0.0	37957	human papillomavirus 36
ERR1715606_8250_ka_f_148.819_L_8250_L_8250_:141-1364	1	1220	1223	gi|22074078|gb|AY044277.1|	49	1268	1551	91.230	0.0	10566	Human papillomavirus
ERR1715606_8250_ka_f_148.819_L_8250_L_8250_:141-1364	1	1223	1223	gi|343411577|gb|HM999995.1|	5749	6971	7715	84.653	0.0	1070416	Human papillomavirus 143
ERR1715606_8250_ka_f_148.819_L_8250_L_8250_:141-1364	1	1220	1223	gi|389885555|gb|JN211194.1|	5965	7184	7746	82.694	0.0	333923	Human papillomavirus 5
ERR1332607_4314_ka_f_12.150_L_311800_:90-1301	1	1211	1211	gi|27531786|ref|NC_004500.1|	5686	6896	7461	99.917	0.0	211787	Human papillomavirus type 92
ERR1332607_4314_ka_f_12.150_L_311800_:90-1301	1	1211	1211	gi|1559669376|gb|MH777214.2|	5537	6744	7414	84.641	0.0	10566	Human papillomavirus
ERR1332607_4314_ka_f_12.150_L_311800_:90-1301	1	1211	1211	gi|1273499066|gb|MF588686.1|	5561	6768	7438	84.641	0.0	334208	Betapapillomavirus 4
ERR1332607_4314_ka_f_12.150_L_311800_:90-1301	1	1211	1211	gi|1559669697|gb|MH777225.2|	5537	6747	7419	82.140	0.0	10566	Human papillomavirus
ERR1332607_4314_ka_f_12.150_L_311800_:90-1301	1	1211	1211	gi|1273499058|gb|MF588685.1|	5563	6773	7443	81.414	0.0	334208	Betapapillomavirus 4
SRR13726079_1965_ka_f_28.520_L_180764_L_180764_:141-1355	1	1214	1214	gi|1480688665|gb|MH777295.1|	5323	6536	7330	99.753	0.0	10566	Human papillomavirus
SRR13726079_1965_ka_f_28.520_L_180764_L_180764_:141-1355	1	1214	1214	gi|1144331403|gb|KX781281.1|	5323	6536	7330	99.753	0.0	10566	Human papillomavirus
SRR13726079_1965_ka_f_28.520_L_180764_L_180764_:141-1355	1	1211	1214	gi|1559669452|gb|MH777291.2|	5299	6509	7305	85.479	0.0	10566	Human papillomavirus
SRR13726079_1965_ka_f_28.520_L_180764_L_180764_:141-1355	1	1211	1214	gi|1273499181|gb|MF588701.1|	5308	6518	7314	84.901	0.0	1175849	Gammapapillomavirus 7
SRR13726079_1965_ka_f_28.520_L_180764_L_180764_:141-1355	4	1211	1214	gi|1031620575|gb|KR816176.1|	5305	6512	7318	80.446	0.0	1851214	Human papillomavirus 189
DRR213713_119_ka_f_51.577_L_119_L_119_:129-1319	1	1190	1190	gi|1026817952|gb|KU248828.1|	5261	6450	7262	99.748	0.0	1846251	Papillomavirus JL74
DRR213713_119_ka_f_51.577_L_119_L_119_:129-1319	1	1190	1190	gi|319976684|ref|NC_014952.1|	5258	6447	7259	99.244	0.0	931209	human papillomavirus 128
DRR213713_119_ka_f_51.577_L_119_L_119_:129-1319	24	263	1190	gi|512721866|ref|NC_021483.1|	5260	5499	7286	73.663	2.95e-12	1195796	Human papillomavirus 154
SRR13789637_636_ka_f_66.576_L_970469_L_970469_:90-1298	1	1208	1208	gi|1559669707|gb|MH777252.2|	49	1256	7272	98.675	0.0	10566	Human papillomavirus
SRR13789637_636_ka_f_66.576_L_970469_L_970469_:90-1298	1	1208	1208	gi|1389447876|gb|MH172379.1|	5240	6447	7275	97.682	0.0	2200959	Human papillomavirus type 222
SRR13789637_636_ka_f_66.576_L_970469_L_970469_:90-1298	1	1205	1208	gi|1559669620|gb|MH777283.2|	5258	6450	7282	79.785	0.0	10566	Human papillomavirus
SRR13789637_636_ka_f_66.576_L_970469_L_970469_:90-1298	1	1205	1208	gi|1273499435|gb|MF588733.1|	5258	6450	7282	79.785	0.0	1513264	Gammapapillomavirus 19
SRR13789637_636_ka_f_66.576_L_970469_L_970469_:90-1298	556	930	1208	gi|675818199|emb|LM653103.1|	1	375	375	98.933	0.0	10566	Human papillomavirus
DRR472522_0_ka_f_13.965_:81-1253	1	1172	1172	gi|1834433621|gb|MT218010.1|	5646	6817	7879	100.000	0.0	10587	human papillomavirus 35
DRR472522_0_ka_f_13.965_:81-1253	1	1172	1172	gi|1834433580|gb|MT218005.1|	5646	6817	7879	100.000	0.0	10587	human papillomavirus 35
DRR472522_0_ka_f_13.965_:81-1253	1	1172	1172	gi|1834433376|gb|MT217982.1|	5646	6817	7879	100.000	0.0	10587	human papillomavirus 35
DRR472522_0_ka_f_13.965_:81-1253	1	1172	1172	gi|1834433367|gb|MT217981.1|	5646	6817	7879	100.000	0.0	10587	human papillomavirus 35
DRR472522_0_ka_f_13.965_:81-1253	1	1172	1172	gi|1834432934|gb|MT217932.1|	5646	6817	7879	100.000	0.0	10587	human papillomavirus 35
ERR1332603_26359_ka_f_17.896_L_1046098_L_29027_:138-1355	1	1217	1217	gi|1273499157|gb|MF588698.1|	5309	6525	7319	94.084	0.0	1175849	Gammapapillomavirus 7
ERR1332603_26359_ka_f_17.896_L_1046098_L_29027_:138-1355	1	1217	1217	gi|1559669492|gb|MH777329.2|	5309	6525	7329	94.002	0.0	10566	Human papillomavirus
ERR1332603_26359_ka_f_17.896_L_1046098_L_29027_:138-1355	1	1217	1217	gi|312451781|gb|GU117629.1|	5311	6527	7333	82.744	0.0	909328	Human papillomavirus 149
ERR1332603_26359_ka_f_17.896_L_1046098_L_29027_:138-1355	1	1217	1217	gi|1031620603|gb|KR816180.1|	5314	6518	7348	78.823	0.0	1851218	Human papillomavirus 193
ERR1332603_26359_ka_f_17.896_L_1046098_L_29027_:138-1355	1	1217	1217	gi|1559669272|gb|MH675890.2|	5314	6518	7348	78.659	0.0	10566	Human papillomavirus
ERR10857033_9559_ka_f_36.806_L_9559_L_9559_:87-1277	1	1190	1190	gi|1559669537|gb|MH777375.2|	5172	6361	7127	96.134	0.0	10566	Human papillomavirus
ERR10857033_9559_ka_f_36.806_L_9559_L_9559_:87-1277	1	1190	1190	gi|1273499106|gb|MF588691.1|	5172	6361	7127	96.134	0.0	2049444	Gammapapillomavirus sp.
ERR10857033_9559_ka_f_36.806_L_9559_L_9559_:87-1277	1	1190	1190	gi|1273499301|gb|MF588716.1|	5172	6361	7127	90.756	0.0	1513257	Gammapapillomavirus 12
ERR10857033_9559_ka_f_36.806_L_9559_L_9559_:87-1277	1	1190	1190	gi|1483237272|gb|MH972565.1|	5172	6361	7127	90.588	0.0	10566	Human papillomavirus
ERR10857033_9559_ka_f_36.806_L_9559_L_9559_:87-1277	24	1190	1190	gi|1559669553|gb|MH972562.2|	5208	6380	7156	74.139	2.53e-122	10566	Human papillomavirus
ERR10969558_196_ka_f_138.686_L_196_L_196_:72-1289	1	1217	1217	gi|1273499507|gb|MF588742.1|	5240	6456	7214	99.425	0.0	1961679	Gammapapillomavirus 22
ERR10969558_196_ka_f_138.686_L_196_L_196_:72-1289	1	1217	1217	gi|1559669442|gb|MH777277.2|	5240	6456	7214	99.343	0.0	10566	Human papillomavirus
ERR10969558_196_ka_f_138.686_L_196_L_196_:72-1289	1	1217	1217	gi|1273499515|gb|MF588743.1|	5243	6459	7217	87.285	0.0	1961679	Gammapapillomavirus 22
ERR10969558_196_ka_f_138.686_L_196_L_196_:72-1289	1	1217	1217	gi|1480687772|gb|MH777164.1|	5243	6459	7217	87.203	0.0	10566	Human papillomavirus
ERR10969558_196_ka_f_138.686_L_196_L_196_:72-1289	1	1181	1217	gi|1559669328|gb|MH777178.2|	5242	6419	7226	77.666	0.0	10566	Human papillomavirus
SRR12089738_3091_ka_f_8.773_:177-1403	1	1226	1226	gi|396940|emb|X74470.1|	5909	7134	7685	99.918	0.0	10608	Human papillomavirus 19
SRR12089738_3091_ka_f_8.773_:177-1403	1	1223	1226	gi|396948|emb|X74471.1|	5937	7159	7713	85.481	0.0	10609	human papillomavirus 25
SRR12089738_3091_ka_f_8.773_:177-1403	1	1226	1226	gi|22074078|gb|AY044277.1|	49	1271	1551	76.556	0.0	10566	Human papillomavirus
SRR12089738_3091_ka_f_8.773_:177-1403	1	1220	1226	gi|162417300|emb|AM922325.1|	49	1266	1551	76.110	1.46e-169	333923	Human papillomavirus 5
SRR12089738_3091_ka_f_8.773_:177-1403	1	1187	1226	gi|1559669722|gb|MH777286.2|	5772	6955	7737	76.427	5.26e-169	10566	Human papillomavirus
SRR14129910_7239_ka_f_26.362_L_5_:54-1244	1	1190	1190	gi|1352189756|gb|KY802017.1|	6413	7602	8242	100.000	0.0	1513269	Canis familiaris papillomavirus 6
SRR14129910_7239_ka_f_26.362_L_5_:54-1244	1	1190	1190	gi|258611059|ref|NC_013237.1|	6413	7602	8242	99.916	0.0	1513269	Canis familiaris papillomavirus 6
SRR14129910_7239_ka_f_26.362_L_5_:54-1244	1	1182	1190	gi|2710391502|tpg|BK066513.1|	6223	7401	8062	75.273	3.13e-151	3116962	Papillomavirus felis8233a
SRR14129910_7239_ka_f_26.362_L_5_:54-1244	1	1155	1190	gi|2805785170|gb|PQ335169.1|	710	1861	1888	75.387	1.46e-149	3348415	Felis domesticus papillomavirus
SRR14129910_7239_ka_f_26.362_L_5_:54-1244	246	534	1190	gi|291327604|gb|GQ204119.1|	1	289	289	100.000	3.16e-146	1513269	Canis familiaris papillomavirus 6
SRR10613511_336526_ka_f_21.202_L_1352251_L_1514591_L_1514592_:108-1289	1	1181	1181	gi|1571835141|ref|NC_040578.1|	6239	7419	8225	99.577	0.0	2304619	Canine papillomavirus 21
SRR10613511_336526_ka_f_21.202_L_1352251_L_1514591_L_1514592_:108-1289	11	1181	1181	gi|2710393960|tpg|BK066790.1|	6283	7452	8279	71.512	2.71e-67	3116946	Papillomavirus canis7118
SRR12709360_1106_ka_f_276.150_L_46529_:78-1259	1	1181	1181	gi|2416400448|gb|OP721179.1|	79	1259	1554	99.831	0.0	10566	Human papillomavirus
SRR12709360_1106_ka_f_276.150_L_46529_:78-1259	1	1181	1181	gi|1898671186|emb|LR862064.1|	5635	6815	7911	99.323	0.0	39457	Human papillomavirus type 70
SRR12709360_1106_ka_f_276.150_L_46529_:78-1259	1	1181	1181	gi|537802562|gb|KC470286.1|	5635	6815	7911	99.238	0.0	39457	Human papillomavirus type 70
SRR12709360_1106_ka_f_276.150_L_46529_:78-1259	1	1181	1181	gi|1345087|gb|U22461.1|HPU22461	71	1251	3283	99.069	0.0	39457	Human papillomavirus type 70
SRR12709360_1106_ka_f_276.150_L_46529_:78-1259	1	1181	1181	gi|537802600|gb|KC470290.1|	5642	6822	7922	98.899	0.0	39457	Human papillomavirus type 70
ERR11423071_324053_ka_f_11.376_L_13530812_L_13535827_L_13535827_:87-1268	1	1181	1181	gi|2710390241|tpg|BK066390.1|	6403	7583	8240	99.577	0.0	3116956	Papillomavirus canis8381
ERR11423071_324053_ka_f_11.376_L_13530812_L_13535827_L_13535827_:87-1268	1	1181	1181	gi|2710393960|tpg|BK066790.1|	6272	7452	8279	76.852	0.0	3116946	Papillomavirus canis7118
ERR11423071_324053_ka_f_11.376_L_13530812_L_13535827_L_13535827_:87-1268	388	431	1181	gi|1389447856|gb|MH172377.1|	5678	5721	7381	90.909	0.002	2200957	Human papillomavirus type 220
ERR11423071_324053_ka_f_11.376_L_13530812_L_13535827_L_13535827_:87-1268	388	431	1181	gi|1185315492|gb|KY063006.1|	251	294	400	90.909	0.002	10566	Human papillomavirus
ERR12027538_1125_ka_f_31.657_L_1125_L_1125_:135-1364	1	1229	1229	gi|225927568|ref|NC_012486.1|	5499	6727	7227	90.325	0.0	915427	human papillomavirus 112
ERR12027538_1125_ka_f_31.657_L_1125_L_1125_:135-1364	1	1226	1229	gi|1559669350|gb|MH777195.2|	5225	6450	7211	79.386	0.0	10566	Human papillomavirus
ERR12027538_1125_ka_f_31.657_L_1125_L_1125_:135-1364	106	549	1229	gi|406657650|gb|JX316020.1|	1	444	444	100.000	0.0	10566	Human papillomavirus
ERR12027538_1125_ka_f_31.657_L_1125_L_1125_:135-1364	1	1229	1229	gi|1559669358|gb|MH777202.2|	5237	6465	7236	77.047	0.0	10566	Human papillomavirus
ERR12027538_1125_ka_f_31.657_L_1125_L_1125_:135-1364	1	1229	1229	gi|296495828|gb|GQ845441.1|	5241	6472	7251	76.843	0.0	765051	human papillomavirus 119
DRR472426_3_ka_f_167.857_:87-1274	1	1187	1187	gi|2416400512|gb|OP721211.1|	88	1274	1569	100.000	0.0	10566	Human papillomavirus
DRR472426_3_ka_f_167.857_:87-1274	1	1187	1187	gi|938319277|gb|KF436864.1|	5587	6773	7705	100.000	0.0	37121	human papillomavirus 69
DRR472426_3_ka_f_167.857_:87-1274	1	1187	1187	gi|938319268|gb|KF436863.1|	5587	6773	7705	100.000	0.0	37121	human papillomavirus 69
DRR472426_3_ka_f_167.857_:87-1274	1	1187	1187	gi|2422053573|gb|OP971065.1|	5485	6671	7706	100.000	0.0	37121	human papillomavirus 69
DRR472426_3_ka_f_167.857_:87-1274	1	1187	1187	gi|2422053464|gb|OP971051.1|	5485	6671	7706	100.000	0.0	37121	human papillomavirus 69
ERR1332591_9772_ka_f_13.823_L_1329689_L_1239745_:99-1307	1	1208	1208	gi|1559669324|gb|MH777174.2|	5282	6489	7314	99.669	0.0	10566	Human papillomavirus
ERR1332591_9772_ka_f_13.823_L_1329689_L_1239745_:99-1307	1	1208	1208	gi|1144331551|gb|KX781282.1|	5282	6489	7314	99.669	0.0	10566	Human papillomavirus
ERR1332591_9772_ka_f_13.823_L_1329689_L_1239745_:99-1307	1	1208	1208	gi|2236336708|gb|MW535770.1|	5288	6495	7319	88.420	0.0	2944249	Human papillomavirus type 229
ERR1332591_9772_ka_f_13.823_L_1329689_L_1239745_:99-1307	1	1208	1208	gi|319962660|ref|NC_014956.1|	5285	6492	7309	86.270	0.0	909333	Human papillomavirus 134
ERR1332591_9772_ka_f_13.823_L_1329689_L_1239745_:99-1307	104	540	1208	gi|148727497|gb|EF422278.1|	1	437	437	99.771	0.0	10566	Human papillomavirus
ERR1332587_1373_ka_f_8.812_:93-1307	1	1214	1214	gi|1559669499|gb|MH777337.2|	5274	6487	7262	99.588	0.0	10566	Human papillomavirus
ERR1332587_1373_ka_f_8.812_:93-1307	1	1214	1214	gi|1273499372|gb|MF588725.1|	5274	6487	7262	99.423	0.0	1513260	Gammapapillomavirus 15
ERR1332587_1373_ka_f_8.812_:93-1307	210	542	1214	gi|528225981|gb|KC878008.1|	1	333	333	99.700	5.20e-169	10566	Human papillomavirus
ERR1332587_1373_ka_f_8.812_:93-1307	190	268	1214	gi|1559669493|gb|MH777331.2|	5433	5511	7315	81.013	1.83e-04	10566	Human papillomavirus
SRR12173675_323899_ka_f_22.307_L_278641_L_632110_L_794842_:57-1262	1	1205	1205	gi|896684338|ref|NC_027528.1|	5337	6541	7291	99.419	0.0	1682340	Human papillomavirus 201
SRR12173675_323899_ka_f_22.307_L_278641_L_632110_L_794842_:57-1262	4	1205	1205	gi|1559669695|gb|MH777223.2|	5447	6648	7383	83.970	0.0	10566	Human papillomavirus
SRR12173675_323899_ka_f_22.307_L_278641_L_632110_L_794842_:57-1262	190	569	1205	gi|512390673|gb|KC752094.1|	1	380	380	97.105	1.83e-178	10566	Human papillomavirus
SRR12173675_323899_ka_f_22.307_L_278641_L_632110_L_794842_:57-1262	1066	1205	1205	gi|443498394|gb|KC108733.1|	1	140	476	100.000	2.15e-63	10566	Human papillomavirus
SRR12173675_323899_ka_f_22.307_L_278641_L_632110_L_794842_:57-1262	841	1169	1205	gi|343411569|gb|HM999994.1|	6156	6490	7374	72.781	1.07e-16	1070415	Human papillomavirus 142
SRR13557276_36913_ka_f_65.684_L_235931_L_2178291_L_2127904_:90-1301	1	1211	1211	gi|1273499058|gb|MF588685.1|	5563	6773	7443	99.670	0.0	334208	Betapapillomavirus 4
SRR13557276_36913_ka_f_65.684_L_235931_L_2178291_L_2127904_:90-1301	1	1211	1211	gi|1559669697|gb|MH777225.2|	5537	6747	7419	93.394	0.0	10566	Human papillomavirus
SRR13557276_36913_ka_f_65.684_L_235931_L_2178291_L_2127904_:90-1301	1	1211	1211	gi|27531786|ref|NC_004500.1|	5686	6896	7461	81.481	0.0	211787	Human papillomavirus type 92
SRR13557276_36913_ka_f_65.684_L_235931_L_2178291_L_2127904_:90-1301	106	517	1211	gi|380865540|gb|JQ250752.1|	1	411	411	99.272	0.0	10566	Human papillomavirus
SRR13557276_36913_ka_f_65.684_L_235931_L_2178291_L_2127904_:90-1301	231	563	1211	gi|512390531|gb|KC752023.1|	13	346	349	97.904	5.26e-159	10566	Human papillomavirus
SRR13789150_1577_ka_f_97.363_L_1577_L_1577_:108-1322	1	1214	1214	gi|1480689274|gb|MH777387.1|	5268	6481	7230	99.506	0.0	10566	Human papillomavirus
SRR13789150_1577_ka_f_97.363_L_1577_L_1577_:108-1322	1	1214	1214	gi|1273499618|gb|MF588756.1|	5268	6481	7230	99.341	0.0	2049444	Gammapapillomavirus sp.
SRR13789150_1577_ka_f_97.363_L_1577_L_1577_:108-1322	1	1214	1214	gi|1559669307|gb|MH777160.2|	5267	6480	7235	81.183	0.0	10566	Human papillomavirus
SRR13789150_1577_ka_f_97.363_L_1577_L_1577_:108-1322	932	1005	1214	gi|1559669539|gb|MH777379.2|	6102	6175	7123	79.730	0.11	10566	Human papillomavirus
SRR13789568_2032_ka_f_16.154_L_2032_L_2032_:87-1274	1	1187	1187	gi|929996745|gb|KT372348.1|	5208	6394	7184	99.916	0.0	1545700	Human papillomavirus 199
SRR13789568_2032_ka_f_16.154_L_2032_L_2032_:87-1274	1	1187	1187	gi|674781099|gb|KJ913662.1|	5208	6394	7184	99.410	0.0	1545700	Human papillomavirus 199
SRR13789568_2032_ka_f_16.154_L_2032_L_2032_:87-1274	1	1187	1187	gi|1559669508|gb|MH777346.2|	5205	6391	7134	85.088	0.0	10566	Human papillomavirus
SRR13789568_2032_ka_f_16.154_L_2032_L_2032_:87-1274	1	1187	1187	gi|1480689019|gb|MH777345.1|	5245	6449	7184	77.622	0.0	10566	Human papillomavirus
SRR13789568_2032_ka_f_16.154_L_2032_L_2032_:87-1274	1	1187	1187	gi|1273499684|gb|MF588772.1|	2243	3447	5716	77.539	0.0	1513257	Gammapapillomavirus 12
SRR13789393_5675_ka_f_17.177_:135-1352	1	1217	1217	gi|1559669635|gb|MH777323.2|	5274	6490	7335	99.014	0.0	10566	Human papillomavirus
SRR13789393_5675_ka_f_17.177_:135-1352	1	1217	1217	gi|1144331325|gb|KX781280.1|	5274	6490	7335	98.850	0.0	10566	Human papillomavirus
SRR13789393_5675_ka_f_17.177_:135-1352	4	1214	1217	gi|1273499571|gb|MF588750.1|	5259	6469	7326	84.622	0.0	1961681	Gammapapillomavirus 24
SRR13789393_5675_ka_f_17.177_:135-1352	4	1214	1217	gi|1480688903|gb|MH777330.1|	5259	6469	7326	84.375	0.0	10566	Human papillomavirus
SRR13789393_5675_ka_f_17.177_:135-1352	187	566	1217	gi|512390727|gb|KC752121.1|	1	380	380	96.579	4.00e-175	10566	Human papillomavirus
SRR10326129_14783_ka_f_8.173_:117-1328	1	1211	1211	gi|312451813|gb|GU117633.1|	5306	6516	7358	99.917	0.0	909332	Human papillomavirus 133
SRR10326129_14783_ka_f_8.173_:117-1328	1	1211	1211	gi|2496375589|gb|OP577477.1|	5306	6516	7360	87.779	0.0	2052558	Papillomaviridae sp.
SRR10326129_14783_ka_f_8.173_:117-1328	22	1206	1211	gi|1480687750|gb|MH777161.1|	5319	6503	7351	79.698	0.0	10566	Human papillomavirus
SRR10326129_14783_ka_f_8.173_:117-1328	104	540	1211	gi|11067076|gb|AY009877.1|	1	437	437	100.000	0.0	10566	Human papillomavirus
SRR10326129_14783_ka_f_8.173_:117-1328	22	1206	1211	gi|2724609934|gb|PP718721.1|	5384	6568	7429	77.563	0.0	915429	Human papillomavirus 121
ERR12027502_2173_ka_f_12.217_L_13691_:90-1286	1	1196	1196	gi|1559669520|gb|MH777361.2|	5468	6663	7316	99.916	0.0	10566	Human papillomavirus
ERR12027502_2173_ka_f_12.217_L_13691_:90-1286	1	1196	1196	gi|1273499034|gb|MF588682.1|	5454	6649	7323	99.415	0.0	333924	Betapapillomavirus 2
ERR12027502_2173_ka_f_12.217_L_13691_:90-1286	277	938	1196	gi|562316|emb|X79943.1|	1	662	665	98.792	0.0	10566	Human papillomavirus
ERR12027502_2173_ka_f_12.217_L_13691_:90-1286	1	1193	1196	gi|1020186|gb|U31781.1|HPU31781	5708	6897	7324	84.197	0.0	37955	Human papillomavirus 23
ERR12027502_2173_ka_f_12.217_L_13691_:90-1286	1	1193	1196	gi|1166134776|gb|KY652675.1|	5702	6891	7317	84.100	0.0	37955	Human papillomavirus 23
ERR5084324_18979_ka_f_16.400_:120-1307	1	1187	1187	gi|1559669508|gb|MH777346.2|	5205	6391	7134	99.495	0.0	10566	Human papillomavirus
ERR5084324_18979_ka_f_16.400_:120-1307	1	1187	1187	gi|929996745|gb|KT372348.1|	5208	6394	7184	85.257	0.0	1545700	Human papillomavirus 199
ERR5084324_18979_ka_f_16.400_:120-1307	1	1187	1187	gi|674781099|gb|KJ913662.1|	5208	6394	7184	84.836	0.0	1545700	Human papillomavirus 199
ERR5084324_18979_ka_f_16.400_:120-1307	445	975	1187	gi|1653972995|gb|MK620844.1|	1	531	534	99.623	0.0	1545700	Human papillomavirus 199
ERR5084324_18979_ka_f_16.400_:120-1307	1	1187	1187	gi|304522114|ref|NC_014469.1|	5323	6527	7181	77.630	0.0	746832	Human papillomavirus 127
SRR13725916_8919_ka_f_10.983_:72-1280	1	1208	1208	gi|1020934679|gb|KT698166.1|	5206	6413	7154	98.013	0.0	2259331	Human papillomavirus 157
SRR13725916_8919_ka_f_10.983_:72-1280	538	933	1208	gi|1296551|emb|X89883.1|	7	402	404	98.232	0.0	10566	Human papillomavirus
SRR13725916_8919_ka_f_10.983_:72-1280	550	924	1208	gi|636576490|emb|LK022326.1|	1	375	375	97.867	1.10e-180	10566	Human papillomavirus
SRR13725916_8919_ka_f_10.983_:72-1280	206	535	1208	gi|270048240|gb|FJ969904.1|	1	330	330	100.000	5.18e-169	10566	Human papillomavirus
SRR13725916_8919_ka_f_10.983_:72-1280	1	1205	1208	gi|1559669445|gb|MH777280.2|	5189	6393	7162	74.281	1.96e-133	10566	Human papillomavirus
ERR7437639_8860_ka_f_7.200_:141-1352	1	1211	1211	gi|225927560|ref|NC_012485.1|	5424	6634	7346	99.009	0.0	915426	Human papillomavirus 109
ERR7437639_8860_ka_f_7.200_:141-1352	104	540	1211	gi|39777345|gb|AY468433.1|	1	437	437	99.085	0.0	10566	Human papillomavirus
ERR7437639_8860_ka_f_7.200_:141-1352	4	1211	1211	gi|343411545|gb|HM999991.1|	5320	6524	7360	78.043	0.0	1070412	Human papillomavirus 139
ERR7437639_8860_ka_f_7.200_:141-1352	4	1196	1211	gi|1559669354|gb|MH777197.2|	5312	6510	7389	76.364	1.85e-173	10566	Human papillomavirus
ERR7437639_8860_ka_f_7.200_:141-1352	4	1196	1211	gi|1031620554|gb|KR816173.1|	5312	6510	7389	76.364	1.85e-173	1851128	Human papillomavirus 186
SRR1622901_3211_ka_f_85.087_:36-1259	1	1223	1223	gi|537801747|gb|KF482069.1|	5560	6782	7177	97.465	0.0	10566	Human papillomavirus
SRR1622901_3211_ka_f_85.087_:36-1259	1	1223	1223	gi|1559669504|gb|MH777341.2|	5257	6473	7186	97.056	0.0	10566	Human papillomavirus
SRR1622901_3211_ka_f_85.087_:36-1259	1	1223	1223	gi|1559669446|gb|MH777285.2|	5347	6569	7201	81.439	0.0	10566	Human papillomavirus
SRR1622901_3211_ka_f_85.087_:36-1259	1	1211	1223	gi|1480687772|gb|MH777164.1|	5243	6447	7217	78.222	0.0	10566	Human papillomavirus
SRR1622901_3211_ka_f_85.087_:36-1259	1	1211	1223	gi|1273499515|gb|MF588743.1|	5243	6447	7217	78.122	0.0	1961679	Gammapapillomavirus 22
ERR3209766_38735_ka_f_16.963_L_212618_L_202383_:126-1319	1	1193	1193	gi|1243977482|gb|MF176072.1|	5205	6397	7216	99.916	0.0	10566	Human papillomavirus
ERR3209766_38735_ka_f_16.963_L_212618_L_202383_:126-1319	1	1193	1193	gi|1559669465|gb|MH777301.2|	5205	6397	7216	99.162	0.0	10566	Human papillomavirus
ERR3209766_38735_ka_f_16.963_L_212618_L_202383_:126-1319	1	1190	1193	gi|1559669296|gb|MH777155.2|	5225	6414	7214	82.831	0.0	10566	Human papillomavirus
ERR3209766_38735_ka_f_16.963_L_212618_L_202383_:126-1319	1	1190	1193	gi|409183128|gb|JX413108.1|	5336	6525	7214	81.757	0.0	1315263	human papillomavirus 162
ERR3209766_38735_ka_f_16.963_L_212618_L_202383_:126-1319	1	1193	1193	gi|1559669485|gb|MH777322.2|	5321	6513	7324	81.088	0.0	10566	Human papillomavirus
ERR11835931_102475_ka_f_41.972_L_102475_L_102475_:141-1355	1	1214	1214	gi|1031620575|gb|KR816176.1|	5302	6515	7318	96.787	0.0	1851214	Human papillomavirus 189
ERR11835931_102475_ka_f_41.972_L_102475_L_102475_:141-1355	1	1214	1214	gi|1273499173|gb|MF588700.1|	5359	6572	7330	96.705	0.0	1175849	Gammapapillomavirus 7
ERR11835931_102475_ka_f_41.972_L_102475_L_102475_:141-1355	1	1214	1214	gi|1559669686|gb|MH777198.2|	5347	6560	7319	96.293	0.0	10566	Human papillomavirus
ERR11835931_102475_ka_f_41.972_L_102475_L_102475_:141-1355	1	1214	1214	gi|1175972445|gb|KY780961.1|	5302	6515	7319	95.552	0.0	10566	Human papillomavirus
ERR11835931_102475_ka_f_41.972_L_102475_L_102475_:141-1355	4	1211	1214	gi|1480688665|gb|MH777295.1|	5326	6533	7330	79.934	0.0	10566	Human papillomavirus
ERR3674540_442507_ka_f_15.149_L_442507_L_442507_:129-1307	1	1178	1178	gi|9627257|ref|NC_001576.1|	5868	7045	7919	99.830	0.0	333759	human papillomavirus 10
ERR3674540_442507_ka_f_15.149_L_442507_L_442507_:129-1307	1	1178	1178	gi|256807724|gb|GQ246950.1|	5850	7033	7895	88.354	0.0	720708	Human papillomavirus 117
ERR3674540_442507_ka_f_15.149_L_442507_L_442507_:129-1307	1	1176	1178	gi|312451772|gb|GU117628.1|	5729	6907	7872	88.220	0.0	260717	Human papillomavirus 94
ERR3674540_442507_ka_f_15.149_L_442507_L_442507_:129-1307	1	1176	1178	gi|40804528|emb|AJ620211.1|	5818	6996	7881	87.532	0.0	260717	Human papillomavirus 94
ERR3674540_442507_ka_f_15.149_L_442507_L_442507_:129-1307	1	1176	1178	gi|58430757|dbj|AB201226.1|	5776	6954	7776	87.447	0.0	10594;260717	human papillomavirus 47;Human papillomavirus 94
ERR3486775_1844289_ka_f_82.830_L_12874306_L_12874306_:147-1331	1	1184	1184	gi|2282111567|gb|ON226483.1|	6220	7403	7896	99.916	0.0	568209	Felis domesticus papillomavirus 2
ERR3486775_1844289_ka_f_82.830_L_12874306_L_12874306_:147-1331	1	1184	1184	gi|1464308911|ref|NC_038520.1|	6223	7406	7899	99.916	0.0	568209	Felis domesticus papillomavirus 2
ERR3486775_1844289_ka_f_82.830_L_12874306_L_12874306_:147-1331	1	1184	1184	gi|2084053715|dbj|LC612600.1|	6223	7406	7899	99.662	0.0	568209	Felis domesticus papillomavirus 2
ERR3486775_1844289_ka_f_82.830_L_12874306_L_12874306_:147-1331	133	365	1184	gi|129852312|gb|EF447284.1|	235	3	235	100.000	4.24e-115	430702	Feline multicentric squamous cell carcinoma papillomavirus
ERR3486775_1844289_ka_f_82.830_L_12874306_L_12874306_:147-1331	660	867	1184	gi|874521757|gb|KP868617.1|	1	208	208	100.000	3.35e-101	568209	Felis domesticus papillomavirus 2
ERR5084324_47_ka_f_193.719_L_47_L_47_:75-1283	1	1205	1208	gi|1480689143|gb|MH777367.1|	5250	6454	7257	93.278	0.0	10566	Human papillomavirus
ERR5084324_47_ka_f_193.719_L_47_L_47_:75-1283	1	1205	1208	gi|1571838941|ref|NC_040619.1|	5250	6454	7257	93.195	0.0	2049444	Gammapapillomavirus sp.
ERR5084324_47_ka_f_193.719_L_47_L_47_:75-1283	1	1205	1208	gi|1273499746|gb|MF588793.1|	3455	4659	5779	85.477	0.0	2049444	Gammapapillomavirus sp.
ERR5084324_47_ka_f_193.719_L_47_L_47_:75-1283	1	863	1208	gi|2724609815|gb|PP718705.1|	5201	6062	7053	92.816	0.0	10566	Human papillomavirus
ERR5084324_47_ka_f_193.719_L_47_L_47_:75-1283	1018	1205	1208	gi|2724609815|gb|PP718705.1|	6063	6250	7053	95.745	9.84e-77	10566	Human papillomavirus
ERR5084324_47_ka_f_193.719_L_47_L_47_:75-1283	1	1205	1208	gi|1559669763|gb|MH777386.2|	5276	6483	7300	81.255	0.0	10566	Human papillomavirus
ERR1332587_4593_ka_f_13.994_L_2954_:66-1283	1	1217	1217	gi|296495860|gb|GQ845445.1|	5303	6519	7329	99.918	0.0	765055	Human papillomavirus 123
ERR1332587_4593_ka_f_13.994_L_2954_:66-1283	4	1212	1217	gi|1559669704|gb|MH777240.2|	5294	6502	7328	79.540	0.0	10566	Human papillomavirus
ERR1332587_4593_ka_f_13.994_L_2954_:66-1283	4	1212	1217	gi|1559669463|gb|MH777300.2|	5294	6502	7320	79.441	0.0	10566	Human papillomavirus
ERR1332587_4593_ka_f_13.994_L_2954_:66-1283	4	1212	1217	gi|1559669317|gb|MH777167.2|	5294	6502	7316	79.424	0.0	10566	Human papillomavirus
ERR1332587_4593_ka_f_13.994_L_2954_:66-1283	4	1212	1217	gi|1360655616|gb|MG520499.1|	5294	6502	7320	79.359	0.0	10566	Human papillomavirus
ERR2535153_5112_ka_f_13.615_:69-1265	1	1196	1196	gi|1559669286|gb|MH777348.2|	5200	6395	7115	97.324	0.0	10566	Human papillomavirus
ERR2535153_5112_ka_f_13.615_:69-1265	1	1196	1196	gi|1273499309|gb|MF588717.1|	5200	6395	7115	97.241	0.0	1513257	Gammapapillomavirus 12
ERR2535153_5112_ka_f_13.615_:69-1265	1	1193	1196	gi|1559669553|gb|MH972562.2|	5185	6377	7156	72.043	4.47e-85	10566	Human papillomavirus
ERR2535153_5112_ka_f_13.615_:69-1265	865	974	1196	gi|1480688098|gb|MH777210.1|	6115	6224	7186	83.636	1.06e-16	10566	Human papillomavirus
ERR2535153_5112_ka_f_13.615_:69-1265	865	974	1196	gi|1273499646|gb|MF588760.1|	1653	1762	2498	82.727	4.93e-15	333926	Gammapapillomavirus 1
ERR3974465_404871_ka_f_23.707_L_2448772_L_301866_:72-1274	1	1202	1202	gi|1559669288|gb|MH777349.2|	5158	6359	7110	99.917	0.0	10566	Human papillomavirus
ERR3974465_404871_ka_f_23.707_L_2448772_L_301866_:72-1274	1	1202	1202	gi|1273499325|gb|MF588719.1|	5158	6359	7110	99.750	0.0	1513257	Gammapapillomavirus 12
ERR3974465_404871_ka_f_23.707_L_2448772_L_301866_:72-1274	1	1202	1202	gi|1653972940|gb|MK620832.1|	5187	6388	6776	99.667	0.0	1513257	Gammapapillomavirus 12
ERR3974465_404871_ka_f_23.707_L_2448772_L_301866_:72-1274	1	1199	1202	gi|2710393141|tpg|BK066697.1|	5254	6452	7102	83.097	0.0	3116967	Papillomavirus homo7221
ERR3974465_404871_ka_f_23.707_L_2448772_L_301866_:72-1274	206	535	1202	gi|270048242|gb|FJ969905.1|	1	330	330	99.394	1.11e-165	10566	Human papillomavirus
ERR12160663_497959_ka_f_29.561_L_169381_L_421667_:147-1361	1	1214	1214	gi|1273499451|gb|MF588735.1|	5242	6455	7231	99.506	0.0	10566;1961679	Human papillomavirus;Gammapapillomavirus 22
ERR12160663_497959_ka_f_29.561_L_169381_L_421667_:147-1361	1	1214	1214	gi|1559669502|gb|MH777340.2|	5242	6455	7231	95.470	0.0	10566	Human papillomavirus
ERR12160663_497959_ka_f_29.561_L_169381_L_421667_:147-1361	1	1214	1214	gi|537775091|gb|KC311731.2|	5599	6812	7247	83.155	0.0	10566	Human papillomavirus
ERR12160663_497959_ka_f_29.561_L_169381_L_421667_:147-1361	1	1214	1214	gi|1559669362|gb|MH777204.2|	5233	6449	7214	77.073	0.0	10566	Human papillomavirus
ERR12160663_497959_ka_f_29.561_L_169381_L_421667_:147-1361	1	1214	1214	gi|1273499443|gb|MF588734.1|	5233	6449	7214	76.729	0.0	1961679	Gammapapillomavirus 22
SRR13789583_46718_ka_f_16.304_:87-1295	1	1208	1208	gi|1464308932|ref|NC_038523.1|	5452	6659	7203	99.338	0.0	1434987	Human papillomavirus 172
SRR13789583_46718_ka_f_16.304_:87-1295	1	1208	1208	gi|1559669352|gb|MH777196.2|	5242	6449	7215	82.479	0.0	10566	Human papillomavirus
SRR13789583_46718_ka_f_16.304_:87-1295	1	1208	1208	gi|1559669362|gb|MH777204.2|	5233	6449	7214	80.410	0.0	10566	Human papillomavirus
SRR13789583_46718_ka_f_16.304_:87-1295	1	1208	1208	gi|1273499443|gb|MF588734.1|	5233	6449	7214	80.082	0.0	1961679	Gammapapillomavirus 22
SRR13789583_46718_ka_f_16.304_:87-1295	1	1208	1208	gi|1273499491|gb|MF588740.1|	5240	6447	7226	79.604	0.0	1961679	Gammapapillomavirus 22
SRR13789700_52786_ka_f_8.900_:105-1328	1	1223	1223	gi|1480688710|gb|MH777302.1|	5228	6450	7341	99.673	0.0	10566	Human papillomavirus
SRR13789700_52786_ka_f_8.900_:105-1328	1	1220	1223	gi|358356460|ref|NC_016157.1|	5321	6540	7326	86.393	0.0	1055684	Human papillomavirus 126
SRR13789700_52786_ka_f_8.900_:105-1328	559	945	1223	gi|910752449|gb|KP768218.1|	1	387	387	98.708	0.0	10566	Human papillomavirus
SRR13789700_52786_ka_f_8.900_:105-1328	559	945	1223	gi|910752443|gb|KP768215.1|	1	387	387	98.708	0.0	10566	Human papillomavirus
SRR13789700_52786_ka_f_8.900_:105-1328	190	558	1223	gi|512390547|gb|KC752031.1|	1	369	380	97.561	1.12e-175	10566	Human papillomavirus
ERR3974427_4991_ka_f_11.276_:90-1280	1	1190	1190	gi|1559669335|gb|MH777185.2|	5248	6437	7235	98.908	0.0	10566	Human papillomavirus
ERR3974427_4991_ka_f_11.276_:90-1280	1	1190	1190	gi|1559669285|gb|MH777284.2|	4638	5830	6613	78.947	0.0	10566	Human papillomavirus
ERR3974427_4991_ka_f_11.276_:90-1280	104	537	1190	gi|73533790|gb|AF489706.2|	1	434	434	99.770	0.0	10566	Human papillomavirus
ERR3974427_4991_ka_f_11.276_:90-1280	522	768	1190	gi|409183105|gb|JX413105.1|	5869	6116	7252	75.197	8.15e-18	1315260	Human papillomavirus 169
ERR3974427_4991_ka_f_11.276_:90-1280	182	209	1190	gi|9627065|ref|NC_001523.1|	6472	6499	8374	100.000	0.39	10564	Deltapapillomavirus 2
ERR10856980_28286_ka_f_21.307_L_103504_L_386998_:114-1322	1	1208	1208	gi|238623465|emb|FM955842.1|	5662	6869	7412	96.937	0.0	587351	Human papillomavirus 113
ERR10856980_28286_ka_f_21.307_L_103504_L_386998_:114-1322	1	1205	1208	gi|186461202|gb|EU410349.1|	5670	6868	7384	83.181	0.0	518630	Human papillomavirus 111
ERR10856980_28286_ka_f_21.307_L_103504_L_386998_:114-1322	1	1205	1208	gi|296495852|gb|GQ845444.1|	5527	6731	7397	82.382	0.0	10566;765054	Human papillomavirus;Human papillomavirus 122
ERR10856980_28286_ka_f_21.307_L_103504_L_386998_:114-1322	4	1205	1208	gi|1480687842|gb|MH777175.1|	5526	6727	7414	81.291	0.0	10566	Human papillomavirus
ERR10856980_28286_ka_f_21.307_L_103504_L_386998_:114-1322	2	1208	1208	gi|1559669710|gb|MH777253.2|	5520	6726	7379	79.112	0.0	10566	Human papillomavirus
SRR13790131_17312_ka_f_13.698_:93-1304	1	1211	1211	gi|1480689242|gb|MH777382.1|	5261	6471	7244	95.623	0.0	10566	Human papillomavirus
SRR13790131_17312_ka_f_13.698_:93-1304	1	1211	1211	gi|1031620596|gb|KR816179.1|	5261	6471	7244	95.623	0.0	1851217	Human papillomavirus 192
SRR13790131_17312_ka_f_13.698_:93-1304	1	1208	1211	gi|1480689011|gb|MH777344.1|	5255	6462	7221	77.969	0.0	10566	Human papillomavirus
SRR13790131_17312_ka_f_13.698_:93-1304	1	1208	1211	gi|1273499388|gb|MF588727.1|	5255	6462	7221	77.969	0.0	1513260	Gammapapillomavirus 15
SRR13790131_17312_ka_f_13.698_:93-1304	106	543	1211	gi|380865582|gb|JQ250773.1|	3	440	440	94.749	0.0	10566	Human papillomavirus
ERR1332599_169709_ka_f_10.020_:123-1325	1	1202	1202	gi|1273499396|gb|MF588728.1|	5257	6458	7209	99.750	0.0	1513261	Gammapapillomavirus 16
ERR1332599_169709_ka_f_10.020_:123-1325	1	1202	1202	gi|1559669315|gb|MH777166.2|	5257	6458	7209	96.839	0.0	10566	Human papillomavirus
ERR1332599_169709_ka_f_10.020_:123-1325	106	547	1202	gi|380865528|gb|JQ250746.1|	1	442	442	97.511	0.0	10566	Human papillomavirus
ERR1332599_169709_ka_f_10.020_:123-1325	187	571	1202	gi|512390551|gb|KC752033.1|	1	385	385	94.545	1.44e-164	10566	Human papillomavirus
ERR1332599_169709_ka_f_10.020_:123-1325	135	350	1202	gi|22531847|gb|AF364482.1|	34	247	437	76.037	2.29e-18	57581	Macaca fascicularis papillomavirus
ERR10857025_3246_ka_f_1081.785_L_3246_L_3246_:99-1307	1	1208	1208	gi|319962660|ref|NC_014956.1|	5285	6492	7309	98.262	0.0	909333	Human papillomavirus 134
ERR10857025_3246_ka_f_1081.785_L_3246_L_3246_:99-1307	1	1208	1208	gi|2236336708|gb|MW535770.1|	5288	6495	7319	88.079	0.0	2944249	Human papillomavirus type 229
ERR10857025_3246_ka_f_1081.785_L_3246_L_3246_:99-1307	1	1208	1208	gi|1559669324|gb|MH777174.2|	5282	6489	7314	86.435	0.0	10566	Human papillomavirus
ERR10857025_3246_ka_f_1081.785_L_3246_L_3246_:99-1307	1	1208	1208	gi|1144331551|gb|KX781282.1|	5282	6489	7314	86.435	0.0	10566	Human papillomavirus
ERR10857025_3246_ka_f_1081.785_L_3246_L_3246_:99-1307	104	540	1208	gi|4574407|gb|AF121419.1|AF121419	1	437	437	98.169	0.0	10566	Human papillomavirus
ERR10856957_1366_ka_f_9.010_L_1366_L_1366_:78-1289	1	1211	1211	gi|1559669533|gb|MH777373.2|	5250	6460	7204	99.339	0.0	10566	Human papillomavirus
ERR10856957_1366_ka_f_9.010_L_1366_L_1366_:78-1289	1	1211	1211	gi|1273499135|gb|MF588695.1|	5250	6460	7204	99.174	0.0	333931	Gammapapillomavirus 5
ERR10856957_1366_ka_f_9.010_L_1366_L_1366_:78-1289	1	1208	1211	gi|1273499646|gb|MF588760.1|	777	1978	2498	81.137	0.0	333926	Gammapapillomavirus 1
ERR10856957_1366_ka_f_9.010_L_1366_L_1366_:78-1289	1	1211	1211	gi|1480688098|gb|MH777210.1|	5239	6443	7186	80.937	0.0	10566	Human papillomavirus
ERR10856957_1366_ka_f_9.010_L_1366_L_1366_:78-1289	104	543	1211	gi|6694930|gb|AF217686.1|AF217686	1	440	440	99.318	0.0	10566	Human papillomavirus
ERR11836051_61011_ka_f_9.411_:138-1343	1	1205	1205	gi|343411537|gb|HM999990.1|	5325	6529	7353	92.448	0.0	1070411	Human papillomavirus 138
ERR11836051_61011_ka_f_9.411_:138-1343	1	1205	1205	gi|1559669658|gb|MH777355.2|	5318	6525	7386	80.562	0.0	10566	Human papillomavirus
ERR11836051_61011_ka_f_9.411_:138-1343	1	1202	1205	gi|1273499197|gb|MF588703.1|	5314	6512	7410	78.264	0.0	1175849	Gammapapillomavirus 7
ERR11836051_61011_ka_f_9.411_:138-1343	104	533	1205	gi|39777349|gb|AY468435.1|	1	430	431	94.419	0.0	10566	Human papillomavirus
ERR11836051_61011_ka_f_9.411_:138-1343	1	1205	1205	gi|1273499157|gb|MF588698.1|	5309	6525	7319	76.773	0.0	1175849	Gammapapillomavirus 7
ERR8135938_13499_ka_f_12.502_L_13499_L_13499_:135-1364	1	1229	1229	gi|1480688620|gb|MH777289.1|	5228	6456	7213	99.593	0.0	10566	Human papillomavirus
ERR8135938_13499_ka_f_12.502_L_13499_L_13499_:135-1364	1	1226	1229	gi|343411609|gb|HM999999.1|	5237	6459	7224	79.448	0.0	1070420	human papillomavirus 147
ERR8135938_13499_ka_f_12.502_L_13499_L_13499_:135-1364	1	1229	1229	gi|2710391279|tpg|BK066485.1|	5287	6515	7253	78.888	0.0	3116972	Papillomavirus homo7372
ERR8135938_13499_ka_f_12.502_L_13499_L_13499_:135-1364	1	1226	1229	gi|1559669358|gb|MH777202.2|	5237	6462	7236	78.641	0.0	10566	Human papillomavirus
ERR8135938_13499_ka_f_12.502_L_13499_L_13499_:135-1364	205	566	1229	gi|512390533|gb|KC752024.1|	16	377	377	97.790	1.88e-173	10566	Human papillomavirus
ERR10857018_4452_ka_f_11.569_:96-1304	1	1208	1208	gi|1808182487|gb|MK080568.2|	5784	6991	7441	96.689	0.0	10566	Human papillomavirus
ERR10857018_4452_ka_f_11.569_:96-1304	1	1208	1208	gi|1020226|gb|U31786.1|HPU31786	5764	6971	7421	87.666	0.0	37958	Human papillomavirus 37
ERR10857018_4452_ka_f_11.569_:96-1304	1	1205	1208	gi|389885562|gb|JN211195.1|	5771	6975	7426	82.436	0.0	10607	Human papillomavirus 17
ERR10857018_4452_ka_f_11.569_:96-1304	1	1208	1208	gi|1134447332|gb|KY348861.1|	49	1256	1524	82.013	0.0	10607	Human papillomavirus 17
ERR10857018_4452_ka_f_11.569_:96-1304	1	1205	1208	gi|396932|emb|X74469.1|	5772	6976	7427	82.051	0.0	10607	Human papillomavirus 17
ERR11284571_517618_ka_f_12.652_L_517618_L_517618_:129-1346	1	1217	1217	gi|1559669551|gb|MH972561.2|	5247	6463	7322	99.425	0.0	10566	Human papillomavirus
ERR11284571_517618_ka_f_12.652_L_517618_L_517618_:129-1346	1	1217	1217	gi|1559669493|gb|MH777331.2|	5250	6466	7315	86.464	0.0	10566	Human papillomavirus
ERR11284571_517618_ka_f_12.652_L_517618_L_517618_:129-1346	104	540	1217	gi|440573446|gb|KC175580.1|	1	437	437	99.542	0.0	10566	Human papillomavirus
ERR11284571_517618_ka_f_12.652_L_517618_L_517618_:129-1346	1	1217	1217	gi|1559669474|gb|MH777311.2|	5256	6472	7279	77.306	0.0	10566	Human papillomavirus
ERR11284571_517618_ka_f_12.652_L_517618_L_517618_:129-1346	1	1217	1217	gi|371486220|gb|JF966375.1|	5361	6580	7286	76.384	5.14e-179	10566	Human papillomavirus
ERR1332587_2954_ka_f_30.864_L_4593_L_31375_L_31375_:90-1301	1	1211	1211	gi|343411569|gb|HM999994.1|	5316	6526	7374	99.835	0.0	1070415	Human papillomavirus 142
ERR1332587_2954_ka_f_30.864_L_4593_L_31375_L_31375_:90-1301	1	1208	1211	gi|1031620589|gb|KR816178.1|	5310	6517	7364	82.616	0.0	1851216	Human papillomavirus 191
ERR1332587_2954_ka_f_30.864_L_4593_L_31375_L_31375_:90-1301	1	1208	1211	gi|1559669348|gb|MH777193.2|	4547	5754	7451	82.368	0.0	10566	Human papillomavirus
ERR1332587_2954_ka_f_30.864_L_4593_L_31375_L_31375_:90-1301	1	1208	1211	gi|1273499277|gb|MF588713.1|	5313	6520	7367	82.368	0.0	1175852	Gammapapillomavirus 10
ERR1332587_2954_ka_f_30.864_L_4593_L_31375_L_31375_:90-1301	1	1211	1211	gi|1389447866|gb|MH172378.1|	5307	6517	7326	80.722	0.0	2200958	Human papillomavirus type 221
SRR1178929_5374_ka_f_10.178_L_5374_L_5374_:96-1295	1	1199	1199	gi|1480688182|gb|MH777222.1|	5255	6453	7271	98.082	0.0	10566	Human papillomavirus
SRR1178929_5374_ka_f_10.178_L_5374_L_5374_:96-1295	1	1196	1199	gi|1559669609|gb|MH777254.2|	5255	6450	7292	84.307	0.0	10566	Human papillomavirus
SRR1178929_5374_ka_f_10.178_L_5374_L_5374_:96-1295	1	1196	1199	gi|1273499412|gb|MF588730.1|	5255	6450	7292	84.307	0.0	1513263	Gammapapillomavirus 18
SRR1178929_5374_ka_f_10.178_L_5374_L_5374_:96-1295	1	1196	1199	gi|1571847438|ref|NC_040805.1|	5255	6450	7282	83.472	0.0	2049444	Gammapapillomavirus sp.
SRR1178929_5374_ka_f_10.178_L_5374_L_5374_:96-1295	1	1196	1199	gi|1559669378|gb|MH777215.2|	5255	6450	7291	83.389	0.0	10566	Human papillomavirus
ERR4605124_80552_ka_f_18.267_L_73418_L_73418_:39-1235	1	1196	1196	gi|817524632|ref|NC_026946.1|	5263	6458	7143	99.415	0.0	1647924	Human papillomavirus KC5
ERR4605124_80552_ka_f_18.267_L_73418_L_73418_:39-1235	1	1196	1196	gi|409183156|gb|JX444073.1|	5263	6458	7143	99.415	0.0	1647924	Human papillomavirus KC5
ERR4605124_80552_ka_f_18.267_L_73418_L_73418_:39-1235	1	1196	1196	gi|1559669391|gb|MH777231.2|	5184	6379	7142	99.247	0.0	10566	Human papillomavirus
ERR4605124_80552_ka_f_18.267_L_73418_L_73418_:39-1235	536	926	1196	gi|1296541|emb|X89878.1|	5	395	398	98.210	0.0	10566	Human papillomavirus
ERR4605124_80552_ka_f_18.267_L_73418_L_73418_:39-1235	187	560	1196	gi|512390559|gb|KC752037.1|	1	374	374	97.067	3.93e-175	10566	Human papillomavirus
ERR12160741_158204_ka_f_19.446_:75-1295	1	1220	1220	gi|1559669515|gb|MH777358.2|	5774	6993	7727	99.918	0.0	10566	Human papillomavirus
ERR12160741_158204_ka_f_19.446_:75-1295	1	1220	1220	gi|238623435|emb|FM955838.1|	5910	7132	7698	81.500	0.0	587348	Human papillomavirus 99
ERR12160741_158204_ka_f_19.446_:75-1295	1	1220	1220	gi|327195194|gb|JF304769.1|	5953	7175	7736	79.157	0.0	37957	human papillomavirus 36
ERR12160741_158204_ka_f_19.446_:75-1295	1	1220	1220	gi|22074078|gb|AY044277.1|	49	1271	1551	79.075	0.0	10566	Human papillomavirus
ERR12160741_158204_ka_f_19.446_:75-1295	1	1220	1220	gi|333062|gb|M32305.1|PPH47CG	5951	7167	7726	78.956	0.0	10594	human papillomavirus 47
SRR13726049_144411_ka_f_26.099_L_55470_:96-1307	1	1211	1211	gi|1464311288|ref|NC_039086.1|	5263	6473	7268	99.835	0.0	1851130	Human papillomavirus 187
SRR13726049_144411_ka_f_26.099_L_55470_:96-1307	1	1211	1211	gi|1559669618|gb|MH777282.2|	5263	6473	7268	99.752	0.0	10566	Human papillomavirus
SRR13726049_144411_ka_f_26.099_L_55470_:96-1307	104	546	1211	gi|6694872|gb|AF217657.1|AF217657	1	443	443	99.774	0.0	10566	Human papillomavirus
SRR13726049_144411_ka_f_26.099_L_55470_:96-1307	2	1187	1211	gi|1559669421|gb|MH777257.2|	5297	6485	7290	75.664	8.81e-157	10566	Human papillomavirus
SRR13726049_144411_ka_f_26.099_L_55470_:96-1307	541	942	1211	gi|1296549|emb|X89882.1|	1	414	416	74.940	2.90e-37	10566	Human papillomavirus
SRR13789382_7627_ka_f_87.069_L_7627_L_7627_:171-1382	1	1211	1211	gi|1480688325|gb|MH777241.1|	5274	6484	7253	99.752	0.0	10566	Human papillomavirus
SRR13789382_7627_ka_f_87.069_L_7627_L_7627_:171-1382	1	1208	1211	gi|1559669373|gb|MH777212.2|	5282	6495	7294	78.630	0.0	10566	Human papillomavirus
SRR13789382_7627_ka_f_87.069_L_7627_L_7627_:171-1382	8	1196	1211	gi|1559669326|gb|MH777176.2|	5272	6460	7243	77.371	0.0	10566	Human papillomavirus
SRR13789382_7627_ka_f_87.069_L_7627_L_7627_:171-1382	1	1211	1211	gi|1559669641|gb|MH777324.2|	5279	6495	7285	77.061	0.0	10566	Human papillomavirus
SRR13789382_7627_ka_f_87.069_L_7627_L_7627_:171-1382	1	1211	1211	gi|1273499467|gb|MF588737.1|	5279	6495	7285	76.923	0.0	1961679	Gammapapillomavirus 22
SRR16054170_28703_ka_f_15.787_:114-1331	1	1217	1217	gi|1273499467|gb|MF588737.1|	5279	6495	7285	97.042	0.0	1961679	Gammapapillomavirus 22
SRR16054170_28703_ka_f_15.787_:114-1331	1	1217	1217	gi|1559669641|gb|MH777324.2|	5279	6495	7285	96.385	0.0	10566	Human papillomavirus
SRR16054170_28703_ka_f_15.787_:114-1331	1	1208	1217	gi|1559669373|gb|MH777212.2|	5282	6489	7294	83.195	0.0	10566	Human papillomavirus
SRR16054170_28703_ka_f_15.787_:114-1331	1	1217	1217	gi|1273499475|gb|MF588738.1|	5302	6518	7309	79.068	0.0	1961679	Gammapapillomavirus 22
SRR16054170_28703_ka_f_15.787_:114-1331	4	1217	1217	gi|1559669328|gb|MH777178.2|	5245	6455	7226	73.522	5.64e-114	10566	Human papillomavirus
DRR235135_193797_ka_f_19.195_L_193797_L_193797_:129-1310	1	1181	1181	gi|40804528|emb|AJ620211.1|	5818	6998	7881	99.915	0.0	260717	Human papillomavirus 94
DRR235135_193797_ka_f_19.195_L_193797_L_193797_:129-1310	1	1181	1181	gi|58430757|dbj|AB201226.1|	5776	6956	7776	99.831	0.0	10594;260717	human papillomavirus 47;Human papillomavirus 94
DRR235135_193797_ka_f_19.195_L_193797_L_193797_:129-1310	1	1181	1181	gi|312451772|gb|GU117628.1|	5729	6909	7872	93.819	0.0	260717	Human papillomavirus 94
DRR235135_193797_ka_f_19.195_L_193797_L_193797_:129-1310	1	1179	1181	gi|256807724|gb|GQ246950.1|	5850	7031	7895	88.166	0.0	720708	Human papillomavirus 117
DRR235135_193797_ka_f_19.195_L_193797_L_193797_:129-1310	1	1179	1181	gi|9627257|ref|NC_001576.1|	5868	7043	7919	87.617	0.0	333759	human papillomavirus 10
ERR7528793_6353_ka_f_19.274_L_6353_L_6353_:78-1289	1	1211	1211	gi|1559669413|gb|MH777248.2|	5238	6448	7192	99.587	0.0	10566	Human papillomavirus
ERR7528793_6353_ka_f_19.274_L_6353_L_6353_:78-1289	1	1211	1211	gi|1020934693|gb|KT698168.1|	5238	6448	7192	98.514	0.0	2259343	Human papillomavirus 158
ERR7528793_6353_ka_f_19.274_L_6353_L_6353_:78-1289	1	1208	1211	gi|1273499646|gb|MF588760.1|	777	1978	2498	82.217	0.0	333926	Gammapapillomavirus 1
ERR7528793_6353_ka_f_19.274_L_6353_L_6353_:78-1289	1	1208	1211	gi|1480688098|gb|MH777210.1|	5239	6440	7186	82.134	0.0	10566	Human papillomavirus
ERR7528793_6353_ka_f_19.274_L_6353_L_6353_:78-1289	190	556	1211	gi|512390515|gb|KC752015.1|	1	367	377	98.093	6.62e-178	10566	Human papillomavirus
SRR21973338_506890_ka_f_9.936_L_668811_:141-1355	1	1214	1214	gi|1273499555|gb|MF588748.1|	5268	6481	7304	99.259	0.0	1961681	Gammapapillomavirus 24
SRR21973338_506890_ka_f_9.936_L_668811_:141-1355	1	1214	1214	gi|1559669432|gb|MH777269.2|	5268	6481	7287	98.764	0.0	10566	Human papillomavirus
SRR21973338_506890_ka_f_9.936_L_668811_:141-1355	199	552	1214	gi|512390651|gb|KC752083.1|	16	369	380	98.305	2.40e-172	10566	Human papillomavirus
SRR21973338_506890_ka_f_9.936_L_668811_:141-1355	2	1214	1214	gi|1559669474|gb|MH777311.2|	5257	6472	7279	75.367	8.83e-157	10566	Human papillomavirus
SRR21973338_506890_ka_f_9.936_L_668811_:141-1355	2	1214	1214	gi|1559669426|gb|MH777261.2|	5260	6475	7281	74.898	4.17e-145	10566	Human papillomavirus
SRR13789467_42587_ka_f_11.700_:90-1286	1	1196	1196	gi|1464308925|ref|NC_038522.1|	5421	6616	7238	99.916	0.0	1315264	Human papillomavirus type 161
SRR13789467_42587_ka_f_11.700_:90-1286	1	1196	1196	gi|1273499709|gb|MF588780.1|	600	1792	2994	79.008	0.0	1513264	Gammapapillomavirus 19
SRR13789467_42587_ka_f_11.700_:90-1286	1	1196	1196	gi|1559669501|gb|MH777339.2|	5236	6428	7247	78.908	0.0	10566	Human papillomavirus
SRR13789467_42587_ka_f_11.700_:90-1286	1	1193	1196	gi|409183128|gb|JX413108.1|	5336	6525	7214	78.091	0.0	1315263	human papillomavirus 162
SRR13789467_42587_ka_f_11.700_:90-1286	1	1193	1196	gi|1559669485|gb|MH777322.2|	5321	6510	7324	77.713	0.0	10566	Human papillomavirus
SRR13789781_55114_ka_f_8.600_:93-1286	1	1193	1193	gi|1559669476|gb|MH777312.2|	5256	6448	7206	99.916	0.0	10566	Human papillomavirus
SRR13789781_55114_ka_f_8.600_:93-1286	1	1188	1193	gi|1480687827|gb|MH777171.1|	5264	6450	7247	85.235	0.0	10566	Human papillomavirus
SRR13789781_55114_ka_f_8.600_:93-1286	1	1190	1193	gi|1559669461|gb|MH777299.2|	5250	6440	7236	80.417	0.0	10566	Human papillomavirus
SRR13789781_55114_ka_f_8.600_:93-1286	1	1178	1193	gi|1559669479|gb|MH777314.2|	5358	6541	7323	79.595	0.0	10566	Human papillomavirus
SRR13789781_55114_ka_f_8.600_:93-1286	184	563	1193	gi|512390733|gb|KC752124.1|	1	380	380	96.579	3.92e-175	10566	Human papillomavirus
ERR844055_560_ka_f_31.544_L_560_L_560_:135-1343	1	1208	1208	gi|343411601|gb|HM999998.1|	5257	6464	7265	99.669	0.0	10566;1070419	Human papillomavirus;Human papillomavirus 146
ERR844055_560_ka_f_31.544_L_560_L_560_:135-1343	1	1208	1208	gi|371486236|gb|JF966377.1|	5359	6566	7265	98.510	0.0	10566	Human papillomavirus
ERR844055_560_ka_f_31.544_L_560_L_560_:135-1343	104	543	1208	gi|6694918|gb|AF217680.1|AF217680	1	440	440	97.727	0.0	10566	Human papillomavirus
ERR844055_560_ka_f_31.544_L_560_L_560_:135-1343	144	543	1208	gi|1185315486|gb|KY063003.1|	1	400	400	89.500	6.99e-138	10566	Human papillomavirus
ERR844055_560_ka_f_31.544_L_560_L_560_:135-1343	16	1205	1208	gi|2419111588|gb|OP970967.1|	5291	6483	7299	73.982	1.19e-125	3003845	human papillomavirus mSD2
ERR1332590_35474_ka_f_44.761_L_178890_L_783740_:135-1352	1	1217	1217	gi|1480689135|gb|MH777366.1|	5259	6475	7278	97.288	0.0	10566	Human papillomavirus
ERR1332590_35474_ka_f_44.761_L_178890_L_783740_:135-1352	1	1214	1217	gi|1559669474|gb|MH777311.2|	5256	6469	7279	83.470	0.0	10566	Human papillomavirus
ERR1332590_35474_ka_f_44.761_L_178890_L_783740_:135-1352	553	930	1217	gi|636576450|emb|LK022306.1|	1	378	378	97.090	2.39e-177	10566	Human papillomavirus
ERR1332590_35474_ka_f_44.761_L_178890_L_783740_:135-1352	553	930	1217	gi|675818193|emb|LM653100.1|	1	378	378	90.741	2.53e-137	10566	Human papillomavirus
ERR1332590_35474_ka_f_44.761_L_178890_L_783740_:135-1352	205	537	1217	gi|528225972|gb|KC878007.1|	2	334	337	87.688	2.66e-102	10566	Human papillomavirus
SRR15899537_3027_ka_f_14.228_:138-1340	1	1202	1202	gi|1559669632|gb|MH777298.2|	5266	6467	7188	97.088	0.0	10566	Human papillomavirus
SRR15899537_3027_ka_f_14.228_:138-1340	1	1202	1202	gi|1273499531|gb|MF588745.1|	5254	6455	7193	79.387	0.0	1961680	Gammapapillomavirus 23
SRR15899537_3027_ka_f_14.228_:138-1340	1	1202	1202	gi|1559669423|gb|MH777259.2|	5255	6453	7192	78.182	0.0	10566	Human papillomavirus
SRR15899537_3027_ka_f_14.228_:138-1340	1	1202	1202	gi|1464308940|ref|NC_038524.1|	5275	6470	7226	77.769	0.0	1434782	Human papillomavirus 175
SRR15899537_3027_ka_f_14.228_:138-1340	1	1202	1202	gi|2724609896|gb|PP718716.1|	5405	6600	8095	77.704	0.0	1434782	Human papillomavirus 175
ERR10856925_9013_ka_f_98.537_L_91174_L_1469709_:120-1328	1	1208	1208	gi|1273499042|gb|MF588683.1|	5550	6757	7449	99.172	0.0	333924	Betapapillomavirus 2
ERR10856925_9013_ka_f_98.537_L_91174_L_1469709_:120-1328	1	1208	1208	gi|1480688726|gb|MH777304.1|	5548	6755	7444	96.026	0.0	10566	Human papillomavirus
ERR10856925_9013_ka_f_98.537_L_91174_L_1469709_:120-1328	1	1203	1208	gi|586830411|gb|KF922510.1|	49	1251	1524	91.052	0.0	10566	Human papillomavirus
ERR10856925_9013_ka_f_98.537_L_91174_L_1469709_:120-1328	100	543	1208	gi|15020293|gb|AY040279.1|	3	446	446	97.523	0.0	10566	Human papillomavirus
ERR10856925_9013_ka_f_98.537_L_91174_L_1469709_:120-1328	98	543	1208	gi|15020295|gb|AY040280.1|	1	446	446	97.085	0.0	10566	Human papillomavirus
SRR19145033_35471_ka_f_17.010_L_35471_L_35471_:78-1289	1	1211	1211	gi|1559669526|gb|MH777370.2|	5226	6436	7232	99.257	0.0	10566	Human papillomavirus
SRR19145033_35471_ka_f_17.010_L_35471_L_35471_:78-1289	1	1208	1211	gi|1559669415|gb|MH777250.2|	5226	6433	7233	88.834	0.0	10566	Human papillomavirus
SRR19145033_35471_ka_f_17.010_L_35471_L_35471_:78-1289	1	1208	1211	gi|1214938671|gb|MF356498.1|	5226	6433	7233	88.586	0.0	10566	Human papillomavirus
SRR19145033_35471_ka_f_17.010_L_35471_L_35471_:78-1289	1	1024	1211	gi|1273499651|gb|MF588762.1|	730	1751	1752	84.180	0.0	1175850	Gammapapillomavirus 8
SRR19145033_35471_ka_f_17.010_L_35471_L_35471_:78-1289	104	543	1211	gi|28864494|gb|AY204686.1|	1	440	440	99.091	0.0	10566	Human papillomavirus
SRR10002740_3654_ka_f_76.434_L_3654_L_3654_:132-1337	1	1205	1205	gi|1273499380|gb|MF588726.1|	5309	6513	7262	99.336	0.0	1513260	Gammapapillomavirus 15
SRR10002740_3654_ka_f_76.434_L_3654_L_3654_:132-1337	1	1205	1205	gi|1559669531|gb|MH777372.2|	5309	6513	7260	98.672	0.0	10566	Human papillomavirus
SRR10002740_3654_ka_f_76.434_L_3654_L_3654_:132-1337	1	1205	1205	gi|1559669440|gb|MH777276.2|	5268	6475	7269	77.531	0.0	10566	Human papillomavirus
SRR10002740_3654_ka_f_76.434_L_3654_L_3654_:132-1337	1	1205	1205	gi|1273499364|gb|MF588724.1|	5271	6478	7272	77.366	0.0	1513260	Gammapapillomavirus 15
SRR10002740_3654_ka_f_76.434_L_3654_L_3654_:132-1337	55	1007	1205	gi|2419111588|gb|OP970967.1|	5329	6288	7299	73.630	9.61e-92	3003845	human papillomavirus mSD2
ERR2538455_12388_ka_f_67.652_L_12388_L_12388_:93-1304	1	1211	1211	gi|1559669415|gb|MH777250.2|	5226	6436	7233	98.596	0.0	10566	Human papillomavirus
ERR2538455_12388_ka_f_67.652_L_12388_L_12388_:93-1304	1	1211	1211	gi|1214938671|gb|MF356498.1|	5226	6436	7233	98.266	0.0	10566	Human papillomavirus
ERR2538455_12388_ka_f_67.652_L_12388_L_12388_:93-1304	1	1205	1211	gi|1559669526|gb|MH777370.2|	5226	6430	7232	87.811	0.0	10566	Human papillomavirus
ERR2538455_12388_ka_f_67.652_L_12388_L_12388_:93-1304	1	1019	1211	gi|1273499651|gb|MF588762.1|	730	1748	1752	83.725	0.0	1175850	Gammapapillomavirus 8
ERR2538455_12388_ka_f_67.652_L_12388_L_12388_:93-1304	1	1196	1211	gi|1559669388|gb|MH777226.2|	5258	6456	7290	74.321	1.18e-130	10566	Human papillomavirus
ERR10857026_10862_ka_f_104.158_L_10862_L_10862_:147-1361	1	1214	1214	gi|1273499483|gb|MF588739.1|	5283	6496	7260	99.094	0.0	1961679	Gammapapillomavirus 22
ERR10857026_10862_ka_f_104.158_L_10862_L_10862_:147-1361	1	1214	1214	gi|1559669497|gb|MH777336.2|	5286	6499	7263	97.611	0.0	10566	Human papillomavirus
ERR10857026_10862_ka_f_104.158_L_10862_L_10862_:147-1361	3	1209	1214	gi|1273499459|gb|MF588736.1|	5267	6476	7237	78.122	0.0	1961679	Gammapapillomavirus 22
ERR10857026_10862_ka_f_104.158_L_10862_L_10862_:147-1361	1	1214	1214	gi|1559669641|gb|MH777324.2|	5279	6495	7285	77.678	0.0	10566	Human papillomavirus
ERR10857026_10862_ka_f_104.158_L_10862_L_10862_:147-1361	1	1214	1214	gi|1273499467|gb|MF588737.1|	5279	6495	7285	77.269	0.0	1961679	Gammapapillomavirus 22
DRR472343_5503_ka_f_7.300_L_128866_:48-1232	1	1184	1184	gi|1827952316|gb|MT250602.1|	5882	7065	8037	100.000	0.0	120686	human papillomavirus 71
DRR472343_5503_ka_f_7.300_L_128866_:48-1232	1	1184	1184	gi|2669656599|gb|PP093685.1|	5882	7065	7393	100.000	0.0	120686	human papillomavirus 71
DRR472343_5503_ka_f_7.300_L_128866_:48-1232	1	1184	1184	gi|37622201|gb|AY330623.1|	5882	7065	8038	100.000	0.0	120686	human papillomavirus 71
DRR472343_5503_ka_f_7.300_L_128866_:48-1232	1	1184	1184	gi|1914219118|gb|MT783419.1|	5884	7067	8039	99.916	0.0	120686	human papillomavirus 71
DRR472343_5503_ka_f_7.300_L_128866_:48-1232	1	1184	1184	gi|37622193|gb|AY330622.1|	5876	7059	8031	99.916	0.0	120686	human papillomavirus 71
SRR13726049_120_ka_f_171.730_L_120_L_120_:81-1295	1	1214	1214	gi|1480688090|gb|MH777209.1|	5241	6454	7229	98.847	0.0	10566	Human papillomavirus
SRR13726049_120_ka_f_171.730_L_120_L_120_:81-1295	1	1043	1214	gi|1273499658|gb|MF588764.1|	3391	4433	4433	98.178	0.0	1175851	Gammapapillomavirus 9
SRR13726049_120_ka_f_171.730_L_120_L_120_:81-1295	1	1211	1214	gi|1559669384|gb|MH777220.2|	5240	6451	7229	88.201	0.0	10566	Human papillomavirus
SRR13726049_120_ka_f_171.730_L_120_L_120_:81-1295	190	572	1214	gi|512390683|gb|KC752099.1|	1	383	383	97.911	0.0	10566	Human papillomavirus
SRR13726049_120_ka_f_171.730_L_120_L_120_:81-1295	205	572	1214	gi|512390689|gb|KC752102.1|	9	376	376	97.826	8.58e-177	10566	Human papillomavirus
DRR213713_2304_ka_f_107.976_L_2304_L_2304_:96-1313	1	1217	1217	gi|559797726|ref|NC_022892.1|	5317	6533	7228	98.028	0.0	1420545	Human papillomavirus 167
DRR213713_2304_ka_f_107.976_L_2304_L_2304_:96-1313	187	572	1217	gi|512390735|gb|KC752125.1|	1	386	386	98.187	0.0	10566	Human papillomavirus
DRR213713_2304_ka_f_107.976_L_2304_L_2304_:96-1313	187	569	1217	gi|512390501|gb|KC752008.1|	1	383	386	95.822	8.67e-172	10566	Human papillomavirus
DRR213713_2304_ka_f_107.976_L_2304_L_2304_:96-1313	208	548	1217	gi|528225951|gb|KC878004.1|	1	341	342	97.361	4.09e-160	10566	Human papillomavirus
DRR213713_2304_ka_f_107.976_L_2304_L_2304_:96-1313	134	548	1217	gi|7767571|gb|AF252606.1|AF252606	31	445	446	77.197	3.67e-56	10566	Human papillomavirus
SRR13789420_7273_ka_f_23.401_:135-1340	1	1205	1205	gi|1273499404|gb|MF588729.1|	5285	6489	7339	99.917	0.0	1513263	Gammapapillomavirus 18
SRR13789420_7273_ka_f_23.401_:135-1340	1	1205	1205	gi|1559669450|gb|MH777290.2|	5285	6489	7339	99.834	0.0	10566	Human papillomavirus
SRR13789420_7273_ka_f_23.401_:135-1340	1	1205	1205	gi|1149685229|ref|NC_033781.1|	5408	6613	7329	84.411	0.0	1248396	Human papillomavirus 156
SRR13789420_7273_ka_f_23.401_:135-1340	1	1205	1205	gi|1144332332|gb|KX781288.1|	5302	6507	7328	84.080	0.0	10566	Human papillomavirus
SRR13789420_7273_ka_f_23.401_:135-1340	565	927	1205	gi|636576438|emb|LK022300.1|	1	363	363	100.000	0.0	10566	Human papillomavirus
SRR14825074_15_ka_f_15.661_:105-1328	1	1223	1223	gi|1273499293|gb|MF588715.1|	5198	6420	7252	99.918	0.0	1513256	Gammapapillomavirus 11
SRR14825074_15_ka_f_15.661_:105-1328	1	1223	1223	gi|1480688476|gb|MH777267.1|	5198	6420	7252	99.509	0.0	10566	Human papillomavirus
SRR14825074_15_ka_f_15.661_:105-1328	1	1223	1223	gi|1559669318|gb|MH777168.2|	5207	6429	7248	84.955	0.0	10566	Human papillomavirus
SRR14825074_15_ka_f_15.661_:105-1328	1	1223	1223	gi|1559669712|gb|MH777255.2|	5201	6423	7254	82.680	0.0	10566	Human papillomavirus
SRR14825074_15_ka_f_15.661_:105-1328	1	1223	1223	gi|371486212|gb|JF966374.1|	5390	6612	7251	82.271	0.0	10566	Human papillomavirus
ERR3974452_20713_ka_f_6.539_L_1968376_L_1986993_L_1992338_:90-1289	1	1199	1199	gi|1559669752|gb|MH777354.2|	5211	6409	7241	99.666	0.0	10566	Human papillomavirus
ERR3974452_20713_ka_f_6.539_L_1968376_L_1986993_L_1992338_:90-1289	1	1199	1199	gi|1273499340|gb|MF588721.1|	5211	6409	7240	98.666	0.0	1513258	Gammapapillomavirus 13
ERR3974452_20713_ka_f_6.539_L_1968376_L_1986993_L_1992338_:90-1289	1	1193	1199	gi|1273499348|gb|MF588722.1|	5211	6403	7243	94.971	0.0	1513258	Gammapapillomavirus 13
ERR3974452_20713_ka_f_6.539_L_1968376_L_1986993_L_1992338_:90-1289	325	537	1199	gi|6694914|gb|AF217678.1|AF217678	3	215	215	92.488	2.71e-77	10566	Human papillomavirus
ERR7438046_50677_ka_f_7.213_:105-1310	1	1205	1205	gi|1480688098|gb|MH777210.1|	5239	6443	7186	99.502	0.0	10566	Human papillomavirus
ERR7438046_50677_ka_f_7.213_:105-1310	1	1202	1205	gi|1273499646|gb|MF588760.1|	777	1978	2498	99.418	0.0	333926	Gammapapillomavirus 1
ERR7438046_50677_ka_f_7.213_:105-1310	1	1202	1205	gi|1020934693|gb|KT698168.1|	5238	6445	7192	82.382	0.0	2259343	Human papillomavirus 158
ERR7438046_50677_ka_f_7.213_:105-1310	1	1202	1205	gi|1559669413|gb|MH777248.2|	5238	6445	7192	82.051	0.0	10566	Human papillomavirus
ERR7438046_50677_ka_f_7.213_:105-1310	1	1205	1205	gi|1273499135|gb|MF588695.1|	5250	6460	7204	81.183	0.0	333931	Gammapapillomavirus 5
ERR10856978_6727_ka_f_37.605_L_6727_L_6727_:48-1259	1	1211	1211	gi|1480688272|gb|MH777234.1|	5227	6437	7289	97.110	0.0	10566	Human papillomavirus
ERR10856978_6727_ka_f_37.605_L_6727_L_6727_:48-1259	106	523	1211	gi|380865530|gb|JQ250747.1|	1	417	417	95.694	0.0	10566	Human papillomavirus
ERR10856978_6727_ka_f_37.605_L_6727_L_6727_:48-1259	1	1211	1211	gi|254810663|ref|NC_013035.1|	5235	6445	7184	74.491	9.06e-137	915428	Human papillomavirus 116
ERR10856978_6727_ka_f_37.605_L_6727_L_6727_:48-1259	120	543	1211	gi|28864488|gb|AY204683.1|	17	440	440	78.555	7.73e-68	10566	Human papillomavirus
ERR10856978_6727_ka_f_37.605_L_6727_L_6727_:48-1259	25	770	1211	gi|1559669406|gb|MH777243.2|	5256	6004	7218	72.668	6.11e-54	10566	Human papillomavirus
SRR13725758_8398_ka_f_21.817_L_8398_L_8398_:90-1304	1	1214	1214	gi|1559669328|gb|MH777178.2|	5242	6455	7226	99.671	0.0	10566	Human papillomavirus
SRR13725758_8398_ka_f_21.817_L_8398_L_8398_:90-1304	108	552	1214	gi|380865552|gb|JQ250758.1|	1	445	445	99.551	0.0	10566	Human papillomavirus
SRR13725758_8398_ka_f_21.817_L_8398_L_8398_:90-1304	1	1214	1214	gi|1559669386|gb|MH777221.2|	5237	6456	7221	78.247	0.0	10566	Human papillomavirus
SRR13725758_8398_ka_f_21.817_L_8398_L_8398_:90-1304	1	1214	1214	gi|1360655607|gb|MG063749.1|	5240	6459	7223	78.166	0.0	10566	Human papillomavirus
SRR13725758_8398_ka_f_21.817_L_8398_L_8398_:90-1304	1	1178	1214	gi|1559669442|gb|MH777277.2|	5240	6420	7214	77.973	0.0	10566	Human papillomavirus
ERR3209778_8932_ka_f_21.445_L_8932_L_8932_:102-1334	1	1232	1232	gi|870702434|gb|KP692116.1|	5203	6434	7344	99.838	0.0	1682341	Human papillomavirus 202
ERR3209778_8932_ka_f_21.445_L_8932_L_8932_:102-1334	1	1229	1232	gi|389656424|ref|NC_017996.1|	5203	6431	7341	81.870	0.0	1070413	Human papillomavirus 140
ERR3209778_8932_ka_f_21.445_L_8932_L_8932_:102-1334	245	556	1232	gi|512390757|gb|KC752136.1|	1	311	311	99.038	1.94e-153	10566	Human papillomavirus
ERR3209778_8932_ka_f_21.445_L_8932_L_8932_:102-1334	16	1218	1232	gi|1559669712|gb|MH777255.2|	5216	6409	7254	72.623	1.63e-94	10566	Human papillomavirus
ERR3209778_8932_ka_f_21.445_L_8932_L_8932_:102-1334	16	1232	1232	gi|512721866|ref|NC_021483.1|	5252	6459	7286	72.551	5.87e-94	1195796	Human papillomavirus 154
ERR10857048_10424_ka_f_15.460_L_10424_L_10424_:96-1310	1	1214	1214	gi|1559669556|gb|MH972563.2|	5261	6474	7229	99.012	0.0	10566	Human papillomavirus
ERR10857048_10424_ka_f_15.460_L_10424_L_10424_:96-1310	234	1214	1214	gi|1273499743|gb|MF588792.1|	1	981	1997	99.286	0.0	2049444	Gammapapillomavirus sp.
ERR10857048_10424_ka_f_15.460_L_10424_L_10424_:96-1310	1	1211	1214	gi|1559669307|gb|MH777160.2|	5267	6477	7235	83.154	0.0	10566	Human papillomavirus
ERR10857048_10424_ka_f_15.460_L_10424_L_10424_:96-1310	104	552	1214	gi|440573452|gb|KC175583.1|	1	449	449	98.664	0.0	10566	Human papillomavirus
ERR10857048_10424_ka_f_15.460_L_10424_L_10424_:96-1310	190	575	1214	gi|512390725|gb|KC752120.1|	1	386	386	97.927	0.0	10566	Human papillomavirus
SRR13726081_42216_ka_f_83.918_L_907921_L_907921_:96-1292	1	1196	1196	gi|1559669409|gb|MH777244.2|	5166	6361	7126	98.328	0.0	10566	Human papillomavirus
SRR13726081_42216_ka_f_83.918_L_907921_L_907921_:96-1292	238	1196	1196	gi|1273499681|gb|MF588771.1|	1	959	2611	98.123	0.0	1513257	Gammapapillomavirus 12
SRR13726081_42216_ka_f_83.918_L_907921_L_907921_:96-1292	1	1193	1196	gi|1559669534|gb|MH777374.2|	5169	6361	7128	91.715	0.0	10566	Human papillomavirus
SRR13726081_42216_ka_f_83.918_L_907921_L_907921_:96-1292	104	537	1196	gi|19221246|gb|AY081198.1|	1	434	434	100.000	0.0	10566	Human papillomavirus
SRR13726081_42216_ka_f_83.918_L_907921_L_907921_:96-1292	104	537	1196	gi|19423685|gb|AF489723.1|	1	434	434	91.244	1.86e-163	10566	Human papillomavirus
SRR15442458_33435_ka_f_64.463_L_33435_L_33435_:135-1367	1	1232	1232	gi|677569933|gb|KM085343.1|	5250	6481	7278	92.370	0.0	10566;1542134	Human papillomavirus;Human papillomavirus 197
SRR15442458_33435_ka_f_64.463_L_33435_L_33435_:135-1367	3	1229	1232	gi|1559669402|gb|MH777237.2|	5252	6475	7276	83.630	0.0	10566	Human papillomavirus
SRR15442458_33435_ka_f_64.463_L_33435_L_33435_:135-1367	3	1229	1232	gi|1559669471|gb|MH777308.2|	5246	6469	7284	81.914	0.0	10566	Human papillomavirus
SRR15442458_33435_ka_f_64.463_L_33435_L_33435_:135-1367	3	1229	1232	gi|1273499726|gb|MF588786.1|	150	1373	2719	81.833	0.0	1961681	Gammapapillomavirus 24
SRR15442458_33435_ka_f_64.463_L_33435_L_33435_:135-1367	1	1229	1232	gi|1480688934|gb|MH777334.1|	5250	6475	7288	81.457	0.0	10566	Human papillomavirus
SRR17300548_251783_ka_f_12.676_L_251783_L_251783_:78-1310	1	1232	1232	gi|1273499229|gb|MF588707.1|	5249	6480	7243	99.838	0.0	1175850	Gammapapillomavirus 8
SRR17300548_251783_ka_f_12.676_L_251783_L_251783_:78-1310	1	1232	1232	gi|1480689158|gb|MH777369.1|	5249	6480	7243	99.594	0.0	10566	Human papillomavirus
SRR17300548_251783_ka_f_12.676_L_251783_L_251783_:78-1310	1	1229	1232	gi|2710391279|tpg|BK066485.1|	5287	6512	7253	81.722	0.0	3116972	Papillomavirus homo7372
SRR17300548_251783_ka_f_12.676_L_251783_L_251783_:78-1310	1	1232	1232	gi|343411609|gb|HM999999.1|	5237	6462	7224	78.306	0.0	1070420	human papillomavirus 147
SRR17300548_251783_ka_f_12.676_L_251783_L_251783_:78-1310	1	1217	1232	gi|557825766|gb|KC862317.1|	5608	6824	7204	76.561	4.03e-180	1420544	human papillomavirus 168
ERR1332587_2396_ka_f_34.054_L_2396_L_2396_:48-1259	1	1211	1211	gi|1559669455|gb|MH777292.2|	5319	6529	7288	99.092	0.0	10566	Human papillomavirus
ERR1332587_2396_ka_f_34.054_L_2396_L_2396_:48-1259	104	543	1211	gi|4574421|gb|AF121426.1|AF121426	1	440	440	100.000	0.0	10566	Human papillomavirus
ERR1332587_2396_ka_f_34.054_L_2396_L_2396_:48-1259	1	1211	1211	gi|1480688926|gb|MH777333.1|	5232	6439	7290	74.487	5.41e-139	10566	Human papillomavirus
ERR1332587_2396_ka_f_34.054_L_2396_L_2396_:48-1259	123	503	1211	gi|380865530|gb|JQ250747.1|	18	397	417	81.818	4.56e-80	10566	Human papillomavirus
ERR1332587_2396_ka_f_34.054_L_2396_L_2396_:48-1259	1	1208	1211	gi|1480688242|gb|MH777230.1|	5396	6606	7233	71.614	5.94e-74	10566	Human papillomavirus
ERR2486109_0_ka_f_79.641_L_0_L_0_:57-1286	1	1226	1229	gi|37089393|gb|AY382778.1|	5688	6913	7450	93.480	0.0	10566;247268	Human papillomavirus;Human papillomavirus 93
ERR2486109_0_ka_f_79.641_L_0_L_0_:57-1286	1	1226	1229	gi|262113834|emb|FM955837.2|	5832	7057	7466	81.974	0.0	587347	Human papillomavirus 98
ERR2486109_0_ka_f_79.641_L_0_L_0_:57-1286	1	1229	1229	gi|1559669342|gb|MH777190.2|	5569	6797	7456	80.732	0.0	10566	Human papillomavirus
ERR2486109_0_ka_f_79.641_L_0_L_0_:57-1286	104	546	1229	gi|19423659|gb|AF489710.1|	1	443	443	99.549	0.0	10566	Human papillomavirus
ERR2486109_0_ka_f_79.641_L_0_L_0_:57-1286	104	546	1229	gi|19423657|gb|AF489709.1|	1	443	443	99.323	0.0	10566	Human papillomavirus
SRR13726081_61031_ka_f_42.638_L_61031_L_61031_:72-1274	1	1202	1202	gi|1559669430|gb|MH777268.2|	5198	6399	7149	99.584	0.0	10566	Human papillomavirus
SRR13726081_61031_ka_f_42.638_L_61031_L_61031_:72-1274	1	1202	1202	gi|1559669513|gb|MH777357.2|	5183	6384	7130	79.900	0.0	10566	Human papillomavirus
SRR13726081_61031_ka_f_42.638_L_61031_L_61031_:72-1274	1073	1166	1202	gi|1559669736|gb|MH777316.2|	6323	6416	7206	86.316	3.83e-16	10566	Human papillomavirus
SRR13726081_61031_ka_f_42.638_L_61031_L_61031_:72-1274	1036	1166	1202	gi|1559669724|gb|MH777287.2|	4989	5119	7301	78.947	1.07e-11	10566	Human papillomavirus
ERR10188123_1520_ka_f_8.174_:54-1229	1	1175	1175	gi|1278191474|gb|MF384288.1|	5639	6813	7935	100.000	0.0	3085316	Bos taurus papillomavirus 1
ERR10188123_1520_ka_f_8.174_:54-1229	1	1175	1175	gi|1278191458|gb|MF384286.1|	5639	6813	7935	100.000	0.0	3085316	Bos taurus papillomavirus 1
ERR10188123_1520_ka_f_8.174_:54-1229	1	1175	1175	gi|1278191410|gb|MF384280.1|	5639	6813	7936	100.000	0.0	3085316	Bos taurus papillomavirus 1
ERR10188123_1520_ka_f_8.174_:54-1229	1	1175	1175	gi|2500259000|gb|OP414269.1|	6489	7663	7934	100.000	0.0	337052	Deltapapillomavirus 4
ERR10188123_1520_ka_f_8.174_:54-1229	1	1175	1175	gi|2500258972|gb|OP414266.1|	6489	7663	7934	100.000	0.0	337052	Deltapapillomavirus 4
SRR13789687_13951_ka_f_10.620_L_40487_L_69211_L_4643_:114-1331	1	1217	1217	gi|1559669333|gb|MH777183.2|	5302	6518	7308	99.589	0.0	10566	Human papillomavirus
SRR13789687_13951_ka_f_10.620_L_40487_L_69211_L_4643_:114-1331	1	1217	1217	gi|1273499475|gb|MF588738.1|	5302	6518	7309	96.878	0.0	1961679	Gammapapillomavirus 22
SRR13789687_13951_ka_f_10.620_L_40487_L_69211_L_4643_:114-1331	1	1217	1217	gi|1559669641|gb|MH777324.2|	5279	6495	7285	79.918	0.0	10566	Human papillomavirus
SRR13789687_13951_ka_f_10.620_L_40487_L_69211_L_4643_:114-1331	1	1217	1217	gi|1273499467|gb|MF588737.1|	5279	6495	7285	79.575	0.0	1961679	Gammapapillomavirus 22
SRR13789687_13951_ka_f_10.620_L_40487_L_69211_L_4643_:114-1331	3	1214	1217	gi|1273499507|gb|MF588742.1|	5242	6453	7214	75.326	5.33e-154	1961679	Gammapapillomavirus 22
ERR10856972_23477_ka_f_9.556_L_23477_L_23477_:72-1289	1	1217	1217	gi|1273499515|gb|MF588743.1|	5243	6459	7217	99.507	0.0	1961679	Gammapapillomavirus 22
ERR10856972_23477_ka_f_9.556_L_23477_L_23477_:72-1289	1	1217	1217	gi|1480687772|gb|MH777164.1|	5243	6459	7217	99.260	0.0	10566	Human papillomavirus
ERR10856972_23477_ka_f_9.556_L_23477_L_23477_:72-1289	1	1217	1217	gi|1273499507|gb|MF588742.1|	5240	6456	7214	87.695	0.0	1961679	Gammapapillomavirus 22
ERR10856972_23477_ka_f_9.556_L_23477_L_23477_:72-1289	1	1217	1217	gi|1559669442|gb|MH777277.2|	5240	6456	7214	87.367	0.0	10566	Human papillomavirus
ERR10856972_23477_ka_f_9.556_L_23477_L_23477_:72-1289	1	1214	1217	gi|1559669386|gb|MH777221.2|	5237	6453	7221	79.804	0.0	10566	Human papillomavirus
ERR2534944_4014_ka_f_84.822_L_4014_L_4014_:141-1349	1	1208	1208	gi|353441719|gb|JF906559.1|	5283	6490	7352	96.358	0.0	1165934	Human papillomavirus 155
ERR2534944_4014_ka_f_84.822_L_4014_L_4014_:141-1349	1	1208	1208	gi|1031620575|gb|KR816176.1|	5302	6515	7318	78.343	0.0	1851214	Human papillomavirus 189
ERR2534944_4014_ka_f_84.822_L_4014_L_4014_:141-1349	1	1208	1208	gi|1273499173|gb|MF588700.1|	5359	6572	7330	78.343	0.0	1175849	Gammapapillomavirus 7
ERR2534944_4014_ka_f_84.822_L_4014_L_4014_:141-1349	4	1208	1208	gi|1273499181|gb|MF588701.1|	5311	6521	7314	78.115	0.0	1175849	Gammapapillomavirus 7
ERR2534944_4014_ka_f_84.822_L_4014_L_4014_:141-1349	4	1208	1208	gi|1559669452|gb|MH777291.2|	5302	6512	7305	77.951	0.0	10566	Human papillomavirus
ERR3974496_226571_ka_f_13.642_:72-1274	1	1202	1202	gi|1559669509|gb|MH777347.2|	5177	6378	7130	99.834	0.0	10566	Human papillomavirus
ERR3974496_226571_ka_f_13.642_:72-1274	550	921	1202	gi|636576436|emb|LK022299.1|	1	372	372	97.043	5.11e-174	10566	Human papillomavirus
ERR3974496_226571_ka_f_13.642_:72-1274	206	535	1202	gi|270048238|gb|FJ969903.1|	1	330	330	99.697	2.40e-167	10566	Human papillomavirus
ERR3974496_226571_ka_f_13.642_:72-1274	1	1199	1202	gi|1559669292|gb|MH777384.2|	5187	6367	7101	73.289	9.38e-107	10566	Human papillomavirus
ERR3974496_226571_ka_f_13.642_:72-1274	877	954	1202	gi|1559669695|gb|MH777223.2|	6332	6409	7383	82.278	1.40e-05	10566	Human papillomavirus
SRR15442928_1639_ka_f_6.000_:18-1214	1	1196	1196	gi|1559669717|gb|MH777274.2|	5248	6443	7223	99.833	0.0	10566	Human papillomavirus
SRR15442928_1639_ka_f_6.000_:18-1214	1	1196	1196	gi|1273499693|gb|MF588775.1|	4489	5684	6160	99.749	0.0	1513263	Gammapapillomavirus 18
SRR15442928_1639_ka_f_6.000_:18-1214	1	1196	1196	gi|1559669736|gb|MH777316.2|	5254	6452	7206	78.376	0.0	10566	Human papillomavirus
SRR15442928_1639_ka_f_6.000_:18-1214	1	1196	1196	gi|1559669479|gb|MH777314.2|	5358	6556	7323	76.253	5.12e-169	10566	Human papillomavirus
SRR15442928_1639_ka_f_6.000_:18-1214	1	1161	1196	gi|1480687984|gb|MH777194.1|	5239	6403	7232	76.105	1.86e-163	10566	Human papillomavirus
SRR25570575_31593_ka_f_97.696_L_13738_L_82460_L_85769_:0-1202	1	1202	1202	gi|1559669513|gb|MH777357.2|	5183	6384	7130	100.000	0.0	10566	Human papillomavirus
SRR25570575_31593_ka_f_97.696_L_13738_L_82460_L_85769_:0-1202	1	1202	1202	gi|1559669430|gb|MH777268.2|	5198	6399	7149	80.066	0.0	10566	Human papillomavirus
SRR25570575_31593_ka_f_97.696_L_13738_L_82460_L_85769_:0-1202	231	535	1202	gi|1476009219|gb|MH460944.1|	1	305	305	96.066	4.18e-135	10566	Human papillomavirus
SRR25570575_31593_ka_f_97.696_L_13738_L_82460_L_85769_:0-1202	1036	1166	1202	gi|1559669757|gb|MH777356.2|	6281	6411	7304	80.153	4.96e-15	10566	Human papillomavirus
SRR25570575_31593_ka_f_97.696_L_13738_L_82460_L_85769_:0-1202	1129	1176	1202	gi|1480688182|gb|MH777222.1|	6380	6427	7271	89.583	6.50e-04	10566	Human papillomavirus
ERR1332587_4834_ka_f_23.462_L_4834_L_410503_L_4834_:72-1271	1	1199	1199	gi|1273499668|gb|MF588767.1|	1872	3070	4009	98.749	0.0	1513257	Gammapapillomavirus 12
ERR1332587_4834_ka_f_23.462_L_4834_L_410503_L_4834_:72-1271	1	1199	1199	gi|1559669298|gb|MH777156.2|	5230	6428	7233	98.666	0.0	10566	Human papillomavirus
ERR1332587_4834_ka_f_23.462_L_4834_L_410503_L_4834_:72-1271	1	1199	1199	gi|309273978|gb|GU129016.1|	5676	6890	7164	75.552	6.74e-158	942038	Human papillomavirus 148
ERR1332587_4834_ka_f_23.462_L_4834_L_410503_L_4834_:72-1271	323	537	1199	gi|28864492|gb|AY204685.1|	1	215	215	97.674	9.49e-97	10566	Human papillomavirus
ERR1332587_4834_ka_f_23.462_L_4834_L_410503_L_4834_:72-1271	4	669	1199	gi|1559669321|gb|MH777169.2|	5181	5846	7185	72.687	1.32e-45	10566	Human papillomavirus
ERR10188015_809_ka_f_47.303_L_130702_L_123072_:144-1325	1	1181	1181	gi|2075897988|gb|MW436427.1|	5356	6536	7288	100.000	0.0	453460	Bos taurus papillomavirus 9
ERR10188015_809_ka_f_47.303_L_130702_L_123072_:144-1325	1	1181	1181	gi|2075897981|gb|MW436426.1|	5356	6536	7288	100.000	0.0	453460	Bos taurus papillomavirus 9
ERR10188015_809_ka_f_47.303_L_130702_L_123072_:144-1325	1	1181	1181	gi|163914074|dbj|AB331650.1|	5694	6874	7303	99.492	0.0	453460	Bos taurus papillomavirus 9
ERR10188015_809_ka_f_47.303_L_130702_L_123072_:144-1325	106	533	1181	gi|326650002|gb|HM245433.1|	1	428	434	99.766	0.0	453460	Bos taurus papillomavirus 9
ERR10188015_809_ka_f_47.303_L_130702_L_123072_:144-1325	105	528	1181	gi|2449837840|gb|ON721390.1|	1	424	424	99.528	0.0	453460	Bos taurus papillomavirus 9
SRR13789272_6523_ka_f_18.145_:165-1379	1	1214	1214	gi|1559669549|gb|MH972559.2|	5261	6474	7273	99.671	0.0	10566	Human papillomavirus
SRR13789272_6523_ka_f_18.145_:165-1379	1	1214	1214	gi|1273499237|gb|MF588708.1|	5261	6474	7273	99.506	0.0	1175850	Gammapapillomavirus 8
SRR13789272_6523_ka_f_18.145_:165-1379	104	546	1214	gi|11067080|gb|AY009880.1|	1	443	443	98.871	0.0	10566	Human papillomavirus
SRR13789272_6523_ka_f_18.145_:165-1379	1	1211	1214	gi|1559669358|gb|MH777202.2|	5237	6462	7236	74.378	1.18e-130	10566	Human papillomavirus
SRR13789272_6523_ka_f_18.145_:165-1379	1	1214	1214	gi|1480688620|gb|MH777289.1|	5228	6456	7213	74.361	5.51e-129	10566	Human papillomavirus
ERR2535035_46918_ka_f_325.140_L_46918_L_46918_:60-1256	1	1196	1196	gi|1559669284|gb|MH777266.2|	4404	5599	6424	97.324	0.0	10566	Human papillomavirus
ERR2535035_46918_ka_f_325.140_L_46918_L_46918_:60-1256	1	1196	1196	gi|1559669620|gb|MH777283.2|	5258	6453	7282	94.565	0.0	10566	Human papillomavirus
ERR2535035_46918_ka_f_325.140_L_46918_L_46918_:60-1256	1	1196	1196	gi|1273499435|gb|MF588733.1|	5258	6453	7282	94.565	0.0	1513264	Gammapapillomavirus 19
ERR2535035_46918_ka_f_325.140_L_46918_L_46918_:60-1256	1	1193	1196	gi|1559669761|gb|MH777381.2|	5241	6445	7240	74.815	4.13e-140	10566	Human papillomavirus
ERR2535035_46918_ka_f_325.140_L_46918_L_46918_:60-1256	9	1193	1196	gi|409183128|gb|JX413108.1|	5344	6525	7214	73.488	1.55e-109	1315263	human papillomavirus 162
ERR2538362_42111_ka_f_14.628_L_42111_L_42111_:69-1286	1	1217	1217	gi|1559669669|gb|MH777377.2|	5180	6396	7126	98.028	0.0	10566	Human papillomavirus
ERR2538362_42111_ka_f_14.628_L_42111_L_42111_:69-1286	1	1214	1217	gi|1483237223|gb|MH972557.1|	5192	6405	7167	80.510	0.0	10566	Human papillomavirus
ERR2538362_42111_ka_f_14.628_L_42111_L_42111_:69-1286	1	1202	1217	gi|1559669693|gb|MH777211.2|	4073	5274	7244	80.413	0.0	10566	Human papillomavirus
ERR2538362_42111_ka_f_14.628_L_42111_L_42111_:69-1286	1	1214	1217	gi|1559669417|gb|MH777251.2|	5186	6399	7146	79.771	0.0	10566	Human papillomavirus
ERR2538362_42111_ka_f_14.628_L_42111_L_42111_:69-1286	1	1214	1217	gi|9628542|ref|NC_001690.1|	5250	6463	7100	78.314	0.0	40538	Human papillomavirus type 48
SRR17878379_15236_ka_f_75.297_L_26372_L_47151_:39-1139	1	1100	1100	gi|2710394898|tpg|BK066884.1|	4434	5533	6078	100.000	0.0	3116941	Papillomavirus ambystoma6078
SRR13789151_3733_ka_f_10.437_:81-1271	1	1190	1190	gi|1559669599|gb|MH777173.2|	5250	6439	7223	99.916	0.0	10566	Human papillomavirus
SRR13789151_3733_ka_f_10.437_:81-1271	1	1190	1190	gi|1464308948|ref|NC_038525.1|	5236	6425	7227	81.795	0.0	1650736	Human papillomavirus 204
SRR13789151_3733_ka_f_10.437_:81-1271	1	1190	1190	gi|1559669341|gb|MH777189.2|	5347	6536	7305	80.721	0.0	10566	Human papillomavirus
SRR13789151_3733_ka_f_10.437_:81-1271	1	1190	1190	gi|1273499626|gb|MF588757.1|	5245	6434	7203	80.621	0.0	192971	Human papillomavirus sp.
SRR13789151_3733_ka_f_10.437_:81-1271	837	981	1190	gi|1559669693|gb|MH777211.2|	4909	5053	7244	76.027	8.27e-08	10566	Human papillomavirus
ERR4982086_7538_ka_f_15.402_:135-1352	1	1217	1217	gi|1273499571|gb|MF588750.1|	5256	6472	7326	99.178	0.0	1961681	Gammapapillomavirus 24
ERR4982086_7538_ka_f_15.402_:135-1352	1	1217	1217	gi|1480688903|gb|MH777330.1|	5256	6472	7326	99.096	0.0	10566	Human papillomavirus
ERR4982086_7538_ka_f_15.402_:135-1352	4	1214	1217	gi|1559669635|gb|MH777323.2|	5277	6487	7335	84.457	0.0	10566	Human papillomavirus
ERR4982086_7538_ka_f_15.402_:135-1352	4	1214	1217	gi|1144331325|gb|KX781280.1|	5277	6487	7335	84.211	0.0	10566	Human papillomavirus
ERR4982086_7538_ka_f_15.402_:135-1352	210	546	1217	gi|528225995|gb|KC878010.1|	1	337	337	97.626	1.47e-159	10566	Human papillomavirus
DRR472306_8_ka_f_58.345_L_0_L_1_:60-1235	1	1175	1175	gi|2374019965|gb|OP712098.1|	5920	7094	7960	100.000	0.0	333763	human papillomavirus 32
DRR472306_8_ka_f_58.345_L_0_L_1_:60-1235	1	1175	1175	gi|966039266|gb|KT236450.1|	5920	7094	7960	100.000	0.0	333763	human papillomavirus 32
DRR472306_8_ka_f_58.345_L_0_L_1_:60-1235	1	1175	1175	gi|2416400548|gb|OP721230.1|	118	1292	1584	99.915	0.0	10566	Human papillomavirus
DRR472306_8_ka_f_58.345_L_0_L_1_:60-1235	1	1175	1175	gi|9627327|ref|NC_001586.1|	5917	7091	7961	99.660	0.0	333763	human papillomavirus 32
DRR472306_8_ka_f_58.345_L_0_L_1_:60-1235	1	989	1175	gi|2374020540|gb|OP712042.1|	5920	6908	7960	99.292	0.0	333763	human papillomavirus 32
SRR11442748_935996_ka_f_6.628_L_5763346_:90-1298	1	1208	1208	gi|1559669376|gb|MH777214.2|	5537	6744	7414	98.262	0.0	10566	Human papillomavirus
SRR11442748_935996_ka_f_6.628_L_5763346_:90-1298	1	1208	1208	gi|1273499066|gb|MF588686.1|	5561	6768	7438	98.262	0.0	334208	Betapapillomavirus 4
SRR11442748_935996_ka_f_6.628_L_5763346_:90-1298	1	1208	1208	gi|27531786|ref|NC_004500.1|	5686	6896	7461	83.980	0.0	211787	Human papillomavirus type 92
SRR11442748_935996_ka_f_6.628_L_5763346_:90-1298	106	543	1208	gi|380865562|gb|JQ250763.1|	1	438	438	97.945	0.0	10566	Human papillomavirus
SRR11442748_935996_ka_f_6.628_L_5763346_:90-1298	190	555	1208	gi|512390585|gb|KC752050.1|	1	366	377	98.907	0.0	10566	Human papillomavirus
SRR12791959_2140_ka_f_9.377_L_45915_L_5469_:60-1277	1	1217	1217	gi|1559669312|gb|MH777163.2|	5272	6488	7235	99.507	0.0	10566	Human papillomavirus
SRR12791959_2140_ka_f_9.377_L_45915_L_5469_:60-1277	205	548	1217	gi|512390715|gb|KC752115.1|	16	359	377	98.256	8.73e-167	10566	Human papillomavirus
SRR12791959_2140_ka_f_9.377_L_45915_L_5469_:60-1277	1	1212	1217	gi|530787707|ref|NC_022095.1|	5233	6432	7228	74.388	2.55e-132	1472342	Human papillomavirus 179
SRR12791959_2140_ka_f_9.377_L_45915_L_5469_:60-1277	861	1016	1217	gi|677569933|gb|KM085343.1|	6122	6277	7278	77.215	3.02e-12	10566;1542134	Human papillomavirus;Human papillomavirus 197
ERR976829_11987_ka_f_52.521_L_11987_L_11987_:81-1292	536	933	1211	gi|1296545|emb|X89880.1|	5	402	404	98.492	0.0	10566	Human papillomavirus
ERR976829_11987_ka_f_52.521_L_11987_L_11987_:81-1292	1	1211	1211	gi|371486244|gb|JF966378.1|	5295	6502	7152	77.157	0.0	10566	Human papillomavirus
ERR976829_11987_ka_f_52.521_L_11987_L_11987_:81-1292	206	443	1211	gi|421991529|gb|JQ612577.1|	1	238	239	98.319	3.38e-111	10566	Human papillomavirus
ERR976829_11987_ka_f_52.521_L_11987_L_11987_:81-1292	25	1211	1211	gi|409183149|gb|JX444072.1|	5331	6496	7129	71.083	1.30e-60	1315266	Human papillomavirus 165
ERR976829_11987_ka_f_52.521_L_11987_L_11987_:81-1292	638	693	1211	gi|1559669609|gb|MH777254.2|	5895	5953	7292	89.831	3.03e-07	10566	Human papillomavirus
SRR13789294_13569_ka_f_14.837_:138-1343	1	1205	1205	gi|1559669438|gb|MH777273.2|	5394	6598	7389	99.087	0.0	10566	Human papillomavirus
SRR13789294_13569_ka_f_14.837_:138-1343	1	1202	1205	gi|1273499189|gb|MF588702.1|	5381	6582	7366	79.651	0.0	1175849	Gammapapillomavirus 7
SRR13789294_13569_ka_f_14.837_:138-1343	312	540	1205	gi|353441710|gb|JF906558.1|	1	229	229	99.127	1.56e-109	10566	Human papillomavirus
SRR13789294_13569_ka_f_14.837_:138-1343	1173	1200	1205	gi|2891482995|emb|OZ220187.1|	21557176	21557149	27206669	100.000	0.39	304554	Melinaea menophilus
SRR13789294_13569_ka_f_14.837_:138-1343	343	370	1205	gi|2862449222|emb|OZ205180.1|	7356024	7356051	43037725	100.000	0.39	58334	Quercus ilex
ERR3209766_22487_ka_f_15.830_L_212618_L_202383_:60-1253	1	1193	1193	gi|1559669501|gb|MH777339.2|	5236	6428	7247	99.665	0.0	10566	Human papillomavirus
ERR3209766_22487_ka_f_15.830_L_212618_L_202383_:60-1253	1	1193	1193	gi|1273499709|gb|MF588780.1|	600	1792	2994	99.078	0.0	1513264	Gammapapillomavirus 19
ERR3209766_22487_ka_f_15.830_L_212618_L_202383_:60-1253	1	1190	1193	gi|409183128|gb|JX413108.1|	5336	6525	7214	80.897	0.0	1315263	human papillomavirus 162
ERR3209766_22487_ka_f_15.830_L_212618_L_202383_:60-1253	1	1193	1193	gi|1559669356|gb|MH777199.2|	4347	5539	7324	79.319	0.0	10566	Human papillomavirus
ERR3209766_22487_ka_f_15.830_L_212618_L_202383_:60-1253	1	1193	1193	gi|1464308925|ref|NC_038522.1|	5421	6616	7238	78.926	0.0	1315264	Human papillomavirus type 161
SRR15442785_835_ka_f_9.003_:96-1310	1	1214	1214	gi|537775091|gb|KC311731.2|	5599	6812	7247	97.446	0.0	10566	Human papillomavirus
SRR15442785_835_ka_f_9.003_:96-1310	1	1214	1214	gi|1559669332|gb|MH777182.2|	5238	6452	7235	86.255	0.0	10566	Human papillomavirus
SRR15442785_835_ka_f_9.003_:96-1310	1	1214	1214	gi|1559669502|gb|MH777340.2|	5242	6455	7231	82.909	0.0	10566	Human papillomavirus
SRR15442785_835_ka_f_9.003_:96-1310	1	1214	1214	gi|1273499451|gb|MF588735.1|	5241	6455	7231	82.512	0.0	10566;1961679	Human papillomavirus;Gammapapillomavirus 22
SRR15442785_835_ka_f_9.003_:96-1310	1	1200	1214	gi|1559669346|gb|MH777192.2|	5257	6456	7234	77.934	0.0	10566	Human papillomavirus
SRR13789150_5072_ka_f_26.618_L_5072_L_5072_:75-1280	1	1205	1205	gi|1559669521|gb|MH777363.2|	5262	6466	7299	94.855	0.0	10566	Human papillomavirus
SRR13789150_5072_ka_f_26.618_L_5072_L_5072_:75-1280	1	1205	1205	gi|371486197|gb|JF966372.1|	5364	6568	7299	94.689	0.0	10566	Human papillomavirus
SRR13789150_5072_ka_f_26.618_L_5072_L_5072_:75-1280	1	1202	1205	gi|1559669400|gb|MH777236.2|	5252	6453	7297	86.772	0.0	10566	Human papillomavirus
SRR13789150_5072_ka_f_26.618_L_5072_L_5072_:75-1280	1	1202	1205	gi|1559669394|gb|MH777232.2|	5265	6466	7320	85.619	0.0	10566	Human papillomavirus
SRR13789150_5072_ka_f_26.618_L_5072_L_5072_:75-1280	195	549	1205	gi|512390645|gb|KC752080.1|	15	369	380	95.775	6.77e-158	10566	Human papillomavirus
SRR12173160_2217816_ka_f_32.728_L_2388285_:141-1364	1	1223	1223	gi|1559669692|gb|MH777201.2|	1516	2738	7325	99.755	0.0	10566	Human papillomavirus
SRR12173160_2217816_ka_f_32.728_L_2388285_:141-1364	556	942	1223	gi|636576466|emb|LK022314.1|	1	386	386	99.483	0.0	10566	Human papillomavirus
SRR12173160_2217816_ka_f_32.728_L_2388285_:141-1364	159	484	1223	gi|380865548|gb|JQ250756.1|	57	379	438	76.147	1.36e-35	10566	Human papillomavirus
SRR12173160_2217816_ka_f_32.728_L_2388285_:141-1364	1	698	1223	gi|1480688090|gb|MH777209.1|	5241	5946	7229	71.724	6.35e-34	10566	Human papillomavirus
SRR12173160_2217816_ka_f_32.728_L_2388285_:141-1364	1	698	1223	gi|1273499658|gb|MF588764.1|	3391	4096	4433	71.724	6.35e-34	1175851	Gammapapillomavirus 9
ERR1332600_34091_ka_f_38.937_L_15724_L_92063_:96-1301	1	1205	1205	gi|1559669489|gb|MH777327.2|	5302	6506	7345	99.751	0.0	10566	Human papillomavirus
ERR1332600_34091_ka_f_38.937_L_15724_L_92063_:96-1301	190	410	1205	gi|410443778|gb|JX429974.1|	1	221	228	99.095	4.38e-105	10566	Human papillomavirus
ERR1332600_34091_ka_f_38.937_L_15724_L_92063_:96-1301	185	710	1205	gi|2724609896|gb|PP718716.1|	5587	6110	8095	72.067	2.93e-27	1434782	Human papillomavirus 175
ERR1332600_34091_ka_f_38.937_L_15724_L_92063_:96-1301	185	342	1205	gi|1464308940|ref|NC_038524.1|	5457	5616	7226	82.500	2.93e-27	1434782	Human papillomavirus 175
ERR1332600_34091_ka_f_38.937_L_15724_L_92063_:96-1301	187	341	1205	gi|371486204|gb|JF966373.1|	5524	5678	7167	79.355	2.30e-18	10566	Human papillomavirus
SRR12173458_1405858_ka_f_53.470_L_2462336_L_2462336_:144-1358	1	1214	1214	gi|1469334824|gb|MG869604.1|	5296	6509	7291	99.671	0.0	10566	Human papillomavirus
SRR12173458_1405858_ka_f_53.470_L_2462336_L_2462336_:144-1358	1	1214	1214	gi|1273499213|gb|MF588705.1|	5303	6516	7298	99.341	0.0	1175850	Gammapapillomavirus 8
SRR12173458_1405858_ka_f_53.470_L_2462336_L_2462336_:144-1358	1	1214	1214	gi|1559669398|gb|MH777235.2|	5725	6938	7288	99.176	0.0	10566	Human papillomavirus
SRR12173458_1405858_ka_f_53.470_L_2462336_L_2462336_:144-1358	1	1211	1214	gi|1559669421|gb|MH777257.2|	5296	6506	7290	89.100	0.0	10566	Human papillomavirus
SRR12173458_1405858_ka_f_53.470_L_2462336_L_2462336_:144-1358	1	1199	1214	gi|1273499221|gb|MF588706.1|	5293	6482	7262	82.750	0.0	1175850	Gammapapillomavirus 8
ERR7445958_59456_ka_f_7.600_:93-1295	1	1202	1202	gi|2710390281|tpg|BK066395.1|	5250	6451	7260	99.917	0.0	3116975	Papillomavirus homo8923
ERR7445958_59456_ka_f_7.600_:93-1295	1	1199	1202	gi|389656400|ref|NC_017993.1|	5371	6572	7293	80.760	0.0	1070408	Human papillomavirus 135
ERR7445958_59456_ka_f_7.600_:93-1295	106	512	1202	gi|353441676|gb|JF906539.1|	1	406	411	85.049	1.56e-109	10566	Human papillomavirus
ERR7445958_59456_ka_f_7.600_:93-1295	325	536	1202	gi|17027121|gb|AF440449.1|	3	214	215	98.113	9.51e-97	10566	Human papillomavirus
ERR7445958_59456_ka_f_7.600_:93-1295	136	525	1202	gi|6694904|gb|AF217673.1|AF217673	36	425	437	83.632	1.23e-95	10566	Human papillomavirus
ERR1332584_71115_ka_f_8.315_:75-1274	1	1199	1199	gi|2724609784|gb|PP718701.1|	5953	7151	7962	99.917	0.0	10566	Human papillomavirus
ERR1332584_71115_ka_f_8.315_:75-1274	1	1199	1199	gi|1273499317|gb|MF588718.1|	5232	6430	7142	98.415	0.0	1513257	Gammapapillomavirus 12
ERR1332584_71115_ka_f_8.315_:75-1274	1	1199	1199	gi|1559669733|gb|MH777315.2|	5191	6389	7125	83.195	0.0	10566	Human papillomavirus
ERR1332584_71115_ka_f_8.315_:75-1274	104	540	1199	gi|6694912|gb|AF217677.1|AF217677	1	437	437	99.771	0.0	10566	Human papillomavirus
ERR1332584_71115_ka_f_8.315_:75-1274	165	1199	1199	gi|1559669693|gb|MH777211.2|	4225	5289	7244	70.983	2.85e-42	10566	Human papillomavirus
SRR13725767_6457_ka_f_9.335_:96-1316	1	1220	1220	gi|327195187|gb|JF304768.1|	5593	6812	7480	93.525	0.0	990302	Human papillomavirus 152
SRR13725767_6457_ka_f_9.335_:96-1316	1	1220	1220	gi|296495868|gb|GQ845446.1|	5625	6844	7489	88.871	0.0	765056	human papillomavirus 124
SRR13725767_6457_ka_f_9.335_:96-1316	1	1220	1220	gi|1273499002|gb|MF588678.1|	5607	6826	7483	86.907	0.0	337051	Betapapillomavirus 1
SRR13725767_6457_ka_f_9.335_:96-1316	1	1220	1220	gi|1031620624|gb|KR816183.1|	5604	6823	7500	86.825	0.0	1851221	Human papillomavirus type 196
SRR13725767_6457_ka_f_9.335_:96-1316	1	1220	1220	gi|1559669468|gb|MH777305.2|	5607	6826	7590	86.743	0.0	10566	Human papillomavirus
ERR4982086_10275_ka_f_24.509_L_49790_L_49790_:78-1268	1	1190	1190	gi|1464308948|ref|NC_038525.1|	5236	6425	7227	99.916	0.0	1650736	Human papillomavirus 204
ERR4982086_10275_ka_f_24.509_L_49790_L_49790_:78-1268	1	1190	1190	gi|1559669599|gb|MH777173.2|	5250	6439	7223	81.780	0.0	10566	Human papillomavirus
ERR4982086_10275_ka_f_24.509_L_49790_L_49790_:78-1268	1	1190	1190	gi|1559669341|gb|MH777189.2|	5347	6536	7305	81.559	0.0	10566	Human papillomavirus
ERR4982086_10275_ka_f_24.509_L_49790_L_49790_:78-1268	1	1190	1190	gi|1273499626|gb|MF588757.1|	5245	6434	7203	81.308	0.0	192971	Human papillomavirus sp.
ERR4982086_10275_ka_f_24.509_L_49790_L_49790_:78-1268	207	406	1190	gi|270048222|gb|FJ947082.1|	1	200	200	100.000	9.42e-97	10566	Human papillomavirus
ERR1791728_11926_ka_f_73.040_L_11926_L_11926_:141-1340	1	1199	1199	gi|1559669736|gb|MH777316.2|	5254	6452	7206	99.833	0.0	10566	Human papillomavirus
ERR1791728_11926_ka_f_73.040_L_11926_L_11926_:141-1340	1	1199	1199	gi|1559669724|gb|MH777287.2|	3957	5155	7301	90.826	0.0	10566	Human papillomavirus
ERR1791728_11926_ka_f_73.040_L_11926_L_11926_:141-1340	1	1196	1199	gi|1559669757|gb|MH777356.2|	5249	6444	7304	79.336	0.0	10566	Human papillomavirus
ERR1791728_11926_ka_f_73.040_L_11926_L_11926_:141-1340	1	1196	1199	gi|1559669344|gb|MH777191.2|	5246	6441	7191	78.120	0.0	10566	Human papillomavirus
ERR1791728_11926_ka_f_73.040_L_11926_L_11926_:141-1340	1	1196	1199	gi|1571844811|ref|NC_040688.1|	5246	6441	7191	77.953	0.0	2049444	Gammapapillomavirus sp.
ERR10856970_9747_ka_f_90.030_L_9747_L_9747_:60-1292	1	1232	1232	gi|296495828|gb|GQ845441.1|	5241	6472	7251	94.156	0.0	765051	human papillomavirus 119
ERR10856970_9747_ka_f_90.030_L_9747_L_9747_:60-1292	1	1232	1232	gi|1480687722|gb|MH777157.1|	5235	6463	7226	77.412	0.0	10566	Human papillomavirus
ERR10856970_9747_ka_f_90.030_L_9747_L_9747_:60-1292	1	1229	1232	gi|557825766|gb|KC862317.1|	5608	6836	7204	77.221	0.0	1420544	human papillomavirus 168
ERR10856970_9747_ka_f_90.030_L_9747_L_9747_:60-1292	1	1232	1232	gi|1031620512|gb|KR816167.1|	5235	6463	7226	77.251	0.0	1851122	Human papillomavirus type 176
ERR10856970_9747_ka_f_90.030_L_9747_L_9747_:60-1292	104	543	1232	gi|89574369|gb|DQ418471.1|	1	440	440	92.273	1.89e-173	10566	Human papillomavirus
SRR13789687_2906_ka_f_19.256_:72-1289	1	1217	1217	gi|1559669727|gb|MH777294.2|	2720	3936	7238	99.836	0.0	10566	Human papillomavirus
SRR13789687_2906_ka_f_19.256_:72-1289	1	1205	1217	gi|1559669478|gb|MH777313.2|	5253	6457	7198	76.253	1.86e-173	10566	Human papillomavirus
SRR13789687_2906_ka_f_19.256_:72-1289	1	1202	1217	gi|1559669504|gb|MH777341.2|	5257	6458	7186	72.855	4.42e-105	10566	Human papillomavirus
SRR13789687_2906_ka_f_19.256_:72-1289	1	1203	1217	gi|1559669346|gb|MH777192.2|	5257	6456	7234	72.995	7.40e-103	10566	Human papillomavirus
SRR13789687_2906_ka_f_19.256_:72-1289	340	552	1217	gi|353441690|gb|JF906546.1|	1	213	213	99.061	1.24e-100	10566	Human papillomavirus
SRR11442726_87961_ka_f_16.227_L_87961_L_87961_:141-1334	1	1193	1193	gi|1273499050|gb|MF588684.1|	5518	6710	7363	98.324	0.0	333924	Betapapillomavirus 2
SRR11442726_87961_ka_f_16.227_L_87961_L_87961_:141-1334	1	1193	1193	gi|1559669436|gb|MH777272.2|	5545	6737	7390	97.487	0.0	10566	Human papillomavirus
SRR11442726_87961_ka_f_16.227_L_87961_L_87961_:141-1334	1	1193	1193	gi|1273499026|gb|MF588681.1|	5519	6714	7377	82.098	0.0	333924	Betapapillomavirus 2
SRR11442726_87961_ka_f_16.227_L_87961_L_87961_:141-1334	1	1193	1193	gi|388771295|gb|JQ963500.1|	49	1241	1521	81.605	0.0	765052	Human papillomavirus 120
SRR11442726_87961_ka_f_16.227_L_87961_L_87961_:141-1334	1	1193	1193	gi|388771271|gb|JQ963492.1|	49	1241	1521	81.036	0.0	765052	Human papillomavirus 120
ERR10856965_295_ka_f_113.085_L_295_L_295_:135-1334	1	1199	1199	gi|575527311|gb|KF791917.1|	5355	6553	7190	99.833	0.0	10566	Human papillomavirus
ERR10856965_295_ka_f_113.085_L_295_L_295_:135-1334	1	1199	1199	gi|1559669506|gb|MH777342.2|	5255	6453	7190	99.333	0.0	10566	Human papillomavirus
ERR10856965_295_ka_f_113.085_L_295_L_295_:135-1334	8	1196	1199	gi|1559669486|gb|MH777325.2|	5241	6429	7205	81.910	0.0	10566	Human papillomavirus
ERR10856965_295_ka_f_113.085_L_295_L_295_:135-1334	1	1196	1199	gi|1480688182|gb|MH777222.1|	5255	6450	7271	80.067	0.0	10566	Human papillomavirus
ERR10856965_295_ka_f_113.085_L_295_L_295_:135-1334	1	1196	1199	gi|1273499412|gb|MF588730.1|	5255	6450	7292	79.934	0.0	1513263	Gammapapillomavirus 18
ERR10188016_3612_ka_f_16.722_L_3993_L_3993_:309-1508	1	1199	1199	gi|1503308643|gb|MH251868.1|	5395	6593	7270	99.750	0.0	453461	Bos taurus papillomavirus 10
ERR10188016_3612_ka_f_16.722_L_3993_L_3993_:309-1508	1	1199	1199	gi|1503308635|gb|MH251867.1|	5395	6593	7270	99.750	0.0	453461	Bos taurus papillomavirus 10
ERR10188016_3612_ka_f_16.722_L_3993_L_3993_:309-1508	1	1199	1199	gi|532235009|gb|KF017607.1|	5395	6593	7270	99.750	0.0	453461	Bos taurus papillomavirus 10
ERR10188016_3612_ka_f_16.722_L_3993_L_3993_:309-1508	1	1199	1199	gi|169641576|gb|EU360723.1|	5625	6823	7271	99.583	0.0	508418	Bovine papillomavirus BAA5-Japan
ERR10188016_3612_ka_f_16.722_L_3993_L_3993_:309-1508	1	1199	1199	gi|163914081|dbj|AB331651.1|	5524	6722	7399	99.500	0.0	453461	Bos taurus papillomavirus 10
SRR13789294_15933_ka_f_88.518_L_15933_L_15933_:123-1325	1	1202	1202	gi|1480687858|gb|MH777177.1|	5271	6472	7229	99.834	0.0	10566	Human papillomavirus
SRR13789294_15933_ka_f_88.518_L_15933_L_15933_:123-1325	1	1202	1202	gi|389656416|ref|NC_017995.1|	5283	6481	7236	82.060	0.0	1070410	human papillomavirus 137
SRR13789294_15933_ka_f_88.518_L_15933_L_15933_:123-1325	187	569	1202	gi|512390521|gb|KC752018.1|	1	383	386	98.172	0.0	10566	Human papillomavirus
SRR13789294_15933_ka_f_88.518_L_15933_L_15933_:123-1325	187	569	1202	gi|512390507|gb|KC752011.1|	1	383	386	85.640	9.38e-107	10566	Human papillomavirus
SRR13789294_15933_ka_f_88.518_L_15933_L_15933_:123-1325	4	738	1202	gi|319976676|ref|NC_014953.1|	5228	5959	7219	70.968	8.06e-33	931210	human papillomavirus 129
SRR13789197_116637_ka_f_85.005_L_116637_L_116637_:135-1349	1	1211	1214	gi|1144331325|gb|KX781280.1|	5274	6487	7335	84.128	0.0	10566	Human papillomavirus
SRR13789197_116637_ka_f_85.005_L_116637_L_116637_:135-1349	1	1211	1214	gi|1559669635|gb|MH777323.2|	5274	6487	7335	83.855	0.0	10566	Human papillomavirus
SRR13789197_116637_ka_f_85.005_L_116637_L_116637_:135-1349	2	1214	1214	gi|1273499571|gb|MF588750.1|	5257	6472	7326	81.409	0.0	1961681	Gammapapillomavirus 24
SRR13789197_116637_ka_f_85.005_L_116637_L_116637_:135-1349	2	1214	1214	gi|1480688903|gb|MH777330.1|	5257	6472	7326	81.163	0.0	10566	Human papillomavirus
SRR13789197_116637_ka_f_85.005_L_116637_L_116637_:135-1349	184	563	1214	gi|512390581|gb|KC752048.1|	1	380	380	85.000	9.55e-102	10566	Human papillomavirus
SRR13790116_55399_ka_f_27.601_L_139101_L_913555_:141-1349	1	1208	1208	gi|1559669710|gb|MH777253.2|	5519	6726	7379	98.924	0.0	10566	Human papillomavirus
SRR13790116_55399_ka_f_27.601_L_139101_L_913555_:141-1349	1	1208	1208	gi|586830411|gb|KF922510.1|	49	1256	1524	84.059	0.0	10566	Human papillomavirus
SRR13790116_55399_ka_f_27.601_L_139101_L_913555_:141-1349	1	1205	1208	gi|1808182487|gb|MK080568.2|	5784	6988	7441	80.116	0.0	10566	Human papillomavirus
SRR13790116_55399_ka_f_27.601_L_139101_L_913555_:141-1349	2	1208	1208	gi|238623465|emb|FM955842.1|	5663	6869	7412	78.718	0.0	587351	Human papillomavirus 113
SRR13790116_55399_ka_f_27.601_L_139101_L_913555_:141-1349	1	1205	1208	gi|1020226|gb|U31786.1|HPU31786	5764	6968	7421	78.536	0.0	37958	Human papillomavirus 37
ERR12027006_2458_ka_f_7.347_:75-1292	1	1217	1217	gi|312451781|gb|GU117629.1|	5311	6527	7333	98.685	0.0	909328	Human papillomavirus 149
ERR12027006_2458_ka_f_7.347_:75-1292	1	1217	1217	gi|1273499157|gb|MF588698.1|	5309	6525	7319	83.689	0.0	1175849	Gammapapillomavirus 7
ERR12027006_2458_ka_f_7.347_:75-1292	1	1217	1217	gi|1559669492|gb|MH777329.2|	5309	6525	7329	83.607	0.0	10566	Human papillomavirus
ERR12027006_2458_ka_f_7.347_:75-1292	1	1217	1217	gi|1559669686|gb|MH777198.2|	5347	6560	7319	79.445	0.0	10566	Human papillomavirus
ERR12027006_2458_ka_f_7.347_:75-1292	1	1217	1217	gi|1273499173|gb|MF588700.1|	5359	6572	7330	79.316	0.0	1175849	Gammapapillomavirus 7
ERR1332587_4276_ka_f_41.762_L_651064_L_135620_:60-1277	1	1217	1217	gi|333062|gb|M32305.1|PPH47CG	5951	7167	7726	98.110	0.0	10594	human papillomavirus 47
ERR1332587_4276_ka_f_41.762_L_651064_L_135620_:60-1277	1	1214	1217	gi|333086|gb|M22961.1|PPHDELCG	5965	7184	7746	83.116	0.0	333923	Human papillomavirus 5
ERR1332587_4276_ka_f_41.762_L_651064_L_135620_:60-1277	1	1214	1217	gi|68159730|gb|DQ080001.1|	1966	3185	3551	83.034	0.0	333923	Human papillomavirus 5
ERR1332587_4276_ka_f_41.762_L_651064_L_135620_:60-1277	1	1214	1217	gi|9627145|ref|NC_001531.1|	5965	7184	7746	82.790	0.0	333923	Human papillomavirus 5
ERR1332587_4276_ka_f_41.762_L_651064_L_135620_:60-1277	1	1214	1217	gi|1653972907|gb|MK620822.1|	5179	6398	6576	82.545	0.0	333923	Human papillomavirus 5
SRR13789306_185482_ka_f_19.708_:99-1313	1	1214	1214	gi|1697199825|gb|MK645900.1|	5705	4492	7247	99.753	0.0	10566	Human papillomavirus
SRR13789306_185482_ka_f_19.708_:99-1313	1	1214	1214	gi|1559669719|gb|MH777279.2|	5238	6451	7247	99.753	0.0	10566	Human papillomavirus
SRR13789306_185482_ka_f_19.708_:99-1313	1	1208	1214	gi|1469334832|gb|MG869605.1|	5229	6436	7240	90.315	0.0	10566	Human papillomavirus
SRR13789306_185482_ka_f_19.708_:99-1313	1	1214	1214	gi|1559669368|gb|MH777207.2|	5263	6473	7310	79.376	0.0	10566	Human papillomavirus
SRR13789306_185482_ka_f_19.708_:99-1313	1	1211	1214	gi|1480689011|gb|MH777344.1|	5255	6462	7221	78.554	0.0	10566	Human papillomavirus
ERR10856976_22556_ka_f_12.966_L_22556_L_22556_:105-1334	1	1229	1229	gi|409183105|gb|JX413105.1|	5342	6570	7252	99.512	0.0	1315260	Human papillomavirus 169
ERR10856976_22556_ka_f_12.966_L_22556_L_22556_:105-1334	1	1229	1229	gi|564732516|gb|KF006398.1|	5207	6435	7261	88.853	0.0	1434986	Human papillomavirus 171
ERR10856976_22556_ka_f_12.966_L_22556_L_22556_:105-1334	542	944	1229	gi|1296543|emb|X89879.1|	5	407	425	99.007	0.0	10566	Human papillomavirus
ERR10856976_22556_ka_f_12.966_L_22556_L_22556_:105-1334	193	566	1229	gi|512390513|gb|KC752014.1|	5	378	378	97.594	1.87e-178	10566	Human papillomavirus
ERR10856976_22556_ka_f_12.966_L_22556_L_22556_:105-1334	227	567	1229	gi|512390607|gb|KC752061.1|	9	348	352	96.491	1.50e-154	10566	Human papillomavirus
ERR3209794_60213_ka_f_12.138_L_246262_:87-1295	1	1208	1208	gi|9627396|ref|NC_001596.1|	5793	7000	7434	99.089	0.0	10621	Human papillomavirus 9
ERR3209794_60213_ka_f_12.138_L_246262_:87-1295	2	1205	1208	gi|1480687842|gb|MH777175.1|	5524	6727	7414	80.215	0.0	10566	Human papillomavirus
ERR3209794_60213_ka_f_12.138_L_246262_:87-1295	1	1205	1208	gi|238623465|emb|FM955842.1|	5662	6866	7412	78.900	0.0	587351	Human papillomavirus 113
ERR3209794_60213_ka_f_12.138_L_246262_:87-1295	1	1205	1208	gi|186461202|gb|EU410349.1|	5670	6868	7384	78.501	0.0	518630	Human papillomavirus 111
ERR3209794_60213_ka_f_12.138_L_246262_:87-1295	107	543	1208	gi|380865524|gb|JQ250744.1|	1	437	437	89.245	4.12e-150	10566	Human papillomavirus
ERR3974502_83072_ka_f_13.741_:105-1319	1	1214	1214	gi|319976676|ref|NC_014953.1|	5225	6438	7219	99.094	0.0	931210	human papillomavirus 129
ERR3974502_83072_ka_f_13.741_:105-1319	1	1211	1214	gi|1559669406|gb|MH777243.2|	5232	6439	7218	77.759	0.0	10566	Human papillomavirus
ERR3974502_83072_ka_f_13.741_:105-1319	1	1211	1214	gi|1559669390|gb|MH777229.2|	5553	6760	7306	76.108	2.40e-172	10566	Human papillomavirus
ERR3974502_83072_ka_f_13.741_:105-1319	1	1211	1214	gi|1480688680|gb|MH777297.1|	5252	6459	7225	74.837	2.51e-142	10566	Human papillomavirus
ERR3974502_83072_ka_f_13.741_:105-1319	142	741	1214	gi|389656408|ref|NC_017994.1|	5343	5943	7319	74.754	2.81e-62	1070409	Human papillomavirus 136
SRR13725746_1031_ka_f_10.458_:123-1331	1	1208	1208	gi|1273499074|gb|MF588687.1|	5531	6738	7415	96.854	0.0	334209	Betapapillomavirus 5
SRR13725746_1031_ka_f_10.458_:123-1331	1	1208	1208	gi|1559669364|gb|MH777205.2|	5531	6738	7415	96.440	0.0	10566	Human papillomavirus
SRR13725746_1031_ka_f_10.458_:123-1331	1	1208	1208	gi|290964853|emb|FN677755.1|	5889	7096	7436	84.864	0.0	743811	human papillomavirus 150
SRR13725746_1031_ka_f_10.458_:123-1331	1	1205	1208	gi|50253426|ref|NC_005134.2|	5907	7111	7438	81.592	0.0	247269	Human papillomavirus type 96
SRR13725746_1031_ka_f_10.458_:123-1331	104	543	1208	gi|17027115|gb|AF440446.1|	1	440	440	99.773	0.0	10566	Human papillomavirus
SRR13789459_4246_ka_f_28.672_L_545668_:93-1310	1	1217	1217	gi|1559669474|gb|MH777311.2|	5256	6472	7279	99.918	0.0	10566	Human papillomavirus
SRR13789459_4246_ka_f_28.672_L_545668_:93-1310	1	1214	1217	gi|1480689135|gb|MH777366.1|	5259	6472	7278	82.730	0.0	10566	Human papillomavirus
SRR13789459_4246_ka_f_28.672_L_545668_:93-1310	1	1217	1217	gi|1559669551|gb|MH972561.2|	5247	6463	7322	77.206	0.0	10566	Human papillomavirus
SRR13789459_4246_ka_f_28.672_L_545668_:93-1310	2	1217	1217	gi|1559669432|gb|MH777269.2|	5269	6481	7287	75.572	8.79e-162	10566	Human papillomavirus
SRR13789459_4246_ka_f_28.672_L_545668_:93-1310	1	1214	1217	gi|677569933|gb|KM085343.1|	5250	6478	7278	75.505	5.29e-159	10566;1542134	Human papillomavirus;Human papillomavirus 197
SRR13725926_4567_ka_f_13.325_:78-1304	1	1226	1226	gi|1273499285|gb|MF588714.1|	5205	6430	7268	99.918	0.0	1513256	Gammapapillomavirus 11
SRR13725926_4567_ka_f_13.325_:78-1304	104	546	1226	gi|23344727|gb|AF542102.1|	1	443	443	96.388	0.0	10566	Human papillomavirus
SRR13725926_4567_ka_f_13.325_:78-1304	52	353	1226	gi|1480687722|gb|MH777157.1|	5284	5587	7226	73.871	6.50e-19	10566	Human papillomavirus
SRR13725926_4567_ka_f_13.325_:78-1304	541	779	1226	gi|1559669284|gb|MH777266.2|	4941	5179	6424	72.951	2.37e-08	10566	Human papillomavirus
SRR13725926_4567_ka_f_13.325_:78-1304	76	105	1226	gi|1706880123|gb|MK344668.1|	121	150	1518	100.000	0.031	10588	human papillomavirus 39
ERR1332601_943_ka_f_42.961_L_79110_L_79110_:132-1325	1	1193	1193	gi|1273499420|gb|MF588731.1|	5251	6443	7236	99.916	0.0	1513263	Gammapapillomavirus 18
ERR1332601_943_ka_f_42.961_L_79110_L_79110_:132-1325	1	1193	1193	gi|1559669461|gb|MH777299.2|	5251	6443	7236	99.832	0.0	10566	Human papillomavirus
ERR1332601_943_ka_f_42.961_L_79110_L_79110_:132-1325	1	1190	1193	gi|1559669479|gb|MH777314.2|	5358	6553	7323	82.874	0.0	10566	Human papillomavirus
ERR1332601_943_ka_f_42.961_L_79110_L_79110_:132-1325	1	1187	1193	gi|1559669360|gb|MH777203.2|	5257	6440	7229	80.824	0.0	10566	Human papillomavirus
ERR1332601_943_ka_f_42.961_L_79110_L_79110_:132-1325	1	1187	1193	gi|1480687827|gb|MH777171.1|	5264	6450	7247	80.837	0.0	10566	Human papillomavirus
SRR13790114_258830_ka_f_15.191_L_735282_L_529673_:90-1307	1	1217	1217	gi|1559669373|gb|MH777212.2|	5282	6498	7294	98.767	0.0	10566	Human papillomavirus
SRR13790114_258830_ka_f_15.191_L_735282_L_529673_:90-1307	1	1205	1217	gi|1273499467|gb|MF588737.1|	5279	6483	7285	83.333	0.0	1961679	Gammapapillomavirus 22
SRR13790114_258830_ka_f_15.191_L_735282_L_529673_:90-1307	1	1214	1217	gi|1559669641|gb|MH777324.2|	5279	6492	7285	83.045	0.0	10566	Human papillomavirus
SRR13790114_258830_ka_f_15.191_L_735282_L_529673_:90-1307	1	1214	1217	gi|1480688325|gb|MH777241.1|	5274	6481	7253	78.922	0.0	10566	Human papillomavirus
SRR13790114_258830_ka_f_15.191_L_735282_L_529673_:90-1307	3	1004	1217	gi|575527311|gb|KF791917.1|	5357	6342	7190	71.316	1.71e-54	10566	Human papillomavirus
SRR15442940_418_ka_f_649.499_L_1569_L_114135_L_98262_L_98269_:135-1355	1	1220	1220	gi|1031620582|gb|KR816177.1|	5259	6478	7275	99.754	0.0	1851215	Human papillomavirus type 190
SRR15442940_418_ka_f_649.499_L_1569_L_114135_L_98262_L_98269_:135-1355	1	1220	1220	gi|1480688942|gb|MH777335.1|	5259	6478	7275	99.590	0.0	10566	Human papillomavirus
SRR15442940_418_ka_f_649.499_L_1569_L_114135_L_98262_L_98269_:135-1355	1	1220	1220	gi|2724609770|gb|PP718699.1|	5582	6801	7598	98.934	0.0	1851215	Human papillomavirus type 190
SRR15442940_418_ka_f_649.499_L_1569_L_114135_L_98262_L_98269_:135-1355	1	1220	1220	gi|1559669518|gb|MH777360.2|	5262	6481	7300	87.541	0.0	10566	Human papillomavirus
SRR15442940_418_ka_f_649.499_L_1569_L_114135_L_98262_L_98269_:135-1355	1	1220	1220	gi|1273499539|gb|MF588746.1|	5262	6481	7300	87.459	0.0	1961681	Gammapapillomavirus 24
SRR15442797_2299_ka_f_17.902_L_2299_L_2299_:132-1331	1	1199	1199	gi|1559669423|gb|MH777259.2|	5255	6453	7192	99.500	0.0	10566	Human papillomavirus
SRR15442797_2299_ka_f_17.902_L_2299_L_2299_:132-1331	1	1199	1199	gi|1464308940|ref|NC_038524.1|	5275	6470	7226	85.275	0.0	1434782	Human papillomavirus 175
SRR15442797_2299_ka_f_17.902_L_2299_L_2299_:132-1331	1	1199	1199	gi|2724609896|gb|PP718716.1|	5405	6600	8095	85.133	0.0	1434782	Human papillomavirus 175
SRR15442797_2299_ka_f_17.902_L_2299_L_2299_:132-1331	1	1199	1199	gi|1559669411|gb|MH777247.2|	5272	6470	7209	84.263	0.0	10566	Human papillomavirus
SRR15442797_2299_ka_f_17.902_L_2299_L_2299_:132-1331	1	1199	1199	gi|1273499523|gb|MF588744.1|	5272	6470	7209	84.263	0.0	1961680	Gammapapillomavirus 23
ERR10683020_12371_ka_f_10.545_:153-1358	1	1205	1205	gi|389656400|ref|NC_017993.1|	5371	6575	7293	99.585	0.0	1070408	Human papillomavirus 135
ERR10683020_12371_ka_f_10.545_:153-1358	1	1202	1205	gi|2710390281|tpg|BK066395.1|	5250	6448	7260	80.496	0.0	3116975	Papillomavirus homo8923
ERR10683020_12371_ka_f_10.545_:153-1358	104	540	1205	gi|6694904|gb|AF217673.1|AF217673	1	437	437	99.314	0.0	10566	Human papillomavirus
ERR10683020_12371_ka_f_10.545_:153-1358	1	1202	1205	gi|530787707|ref|NC_022095.1|	5233	6434	7228	78.264	0.0	1472342	Human papillomavirus 179
ERR10683020_12371_ka_f_10.545_:153-1358	539	926	1205	gi|1296547|emb|X89881.1|	5	392	401	97.680	0.0	10566	Human papillomavirus
ERR1938093_1778_ka_f_10.136_:135-1352	1	1217	1217	gi|1559669354|gb|MH777197.2|	5309	6525	7389	99.425	0.0	10566	Human papillomavirus
ERR1938093_1778_ka_f_10.136_:135-1352	1	1217	1217	gi|1031620554|gb|KR816173.1|	5309	6525	7389	99.178	0.0	1851128	Human papillomavirus 186
ERR1938093_1778_ka_f_10.136_:135-1352	1	1202	1217	gi|1559669463|gb|MH777300.2|	5291	6492	7320	80.232	0.0	10566	Human papillomavirus
ERR1938093_1778_ka_f_10.136_:135-1352	1	1202	1217	gi|1360655616|gb|MG520499.1|	5291	6492	7320	80.232	0.0	10566	Human papillomavirus
ERR1938093_1778_ka_f_10.136_:135-1352	1	1202	1217	gi|1559669317|gb|MH777167.2|	5291	6492	7316	80.033	0.0	10566	Human papillomavirus
ERR10188058_126_ka_f_11.040_:75-1262	1	1187	1187	gi|584273239|dbj|AB845589.1|	5672	6858	7297	99.832	0.0	10563	Bos taurus papillomavirus 6
ERR10188058_126_ka_f_11.040_:75-1262	1	1187	1187	gi|40804501|emb|AJ620208.1|	5671	6857	7296	99.832	0.0	10563	Bos taurus papillomavirus 6
ERR10188058_126_ka_f_11.040_:75-1262	1	1187	1187	gi|2075897973|gb|MW436425.1|	5438	6624	7297	99.579	0.0	10563	Bos taurus papillomavirus 6
ERR10188058_126_ka_f_11.040_:75-1262	90	536	1187	gi|1609443849|gb|MH729201.1|	1	446	451	99.329	0.0	10571	Bovine papillomavirus
ERR10188058_126_ka_f_11.040_:75-1262	100	543	1187	gi|326649996|gb|HM245430.1|	1	444	446	99.099	0.0	10563	Bos taurus papillomavirus 6
SRR13789571_35559_ka_f_82.573_L_493785_L_493785_:93-1298	1	1205	1205	gi|1273499221|gb|MF588706.1|	5293	6497	7262	99.336	0.0	1175850	Gammapapillomavirus 8
SRR13789571_35559_ka_f_82.573_L_493785_L_493785_:93-1298	1	1205	1205	gi|1480688219|gb|MH777227.1|	5293	6497	7262	98.672	0.0	10566	Human papillomavirus
SRR13789571_35559_ka_f_82.573_L_493785_L_493785_:93-1298	1	1205	1205	gi|1297870582|gb|MF509816.1|	5279	6492	7253	83.786	0.0	2060135	Human papillomavirus type 211
SRR13789571_35559_ka_f_82.573_L_493785_L_493785_:93-1298	1	1190	1205	gi|1469334824|gb|MG869604.1|	5296	6494	7291	82.598	0.0	10566	Human papillomavirus
SRR13789571_35559_ka_f_82.573_L_493785_L_493785_:93-1298	1	1190	1205	gi|1273499213|gb|MF588705.1|	5303	6501	7298	82.598	0.0	1175850	Gammapapillomavirus 8
ERR10856926_71_ka_f_46.790_L_71_L_71_:69-1289	1	1220	1220	gi|870702416|gb|KP692114.1|	5180	6399	7137	89.344	0.0	1682339	human papillomavirus 200
ERR10856926_71_ka_f_46.790_L_71_L_71_:69-1289	1	1196	1220	gi|1559669339|gb|MH777187.2|	5189	6381	7135	80.083	0.0	10566	Human papillomavirus
ERR10856926_71_ka_f_46.790_L_71_L_71_:69-1289	527	926	1220	gi|1296553|emb|X89884.1|	2	401	413	93.000	3.17e-161	10566	Human papillomavirus
ERR10856926_71_ka_f_46.790_L_71_L_71_:69-1289	200	529	1220	gi|270048244|gb|FJ969906.1|	1	330	330	93.939	1.18e-135	10566	Human papillomavirus
ERR10856926_71_ka_f_46.790_L_71_L_71_:69-1289	121	1220	1220	gi|817524632|ref|NC_026946.1|	5389	6458	7143	71.696	4.72e-60	1647924	Human papillomavirus KC5
DRR472271_0_ka_f_10.484_:234-1418	1	1184	1184	gi|2374020568|gb|OP712053.1|	5833	7016	7988	98.733	0.0	333770	human papillomavirus 72
DRR472271_0_ka_f_10.484_:234-1418	1	1184	1184	gi|2374020046|gb|OP712107.1|	5833	7016	7988	98.733	0.0	333770	human papillomavirus 72
DRR472271_0_ka_f_10.484_:234-1418	1	1184	1184	gi|1491683|emb|X94164.1|	5832	7015	7988	98.649	0.0	333770	human papillomavirus 72
DRR472271_0_ka_f_10.484_:234-1418	1	1184	1184	gi|633675051|gb|KJ145795.1|	5919	7102	8098	89.226	0.0	1484958	Human papillomavirus type 72b
DRR472271_0_ka_f_10.484_:234-1418	3	1184	1184	gi|1273498986|gb|MF588676.1|	5769	6944	8037	89.030	0.0	333767	Alphapapillomavirus 3
DRR213713_670_ka_f_29.712_L_670_L_670_:165-1394	1	1229	1229	gi|409183113|gb|JX413106.1|	5337	6565	7233	95.606	0.0	1315261	human papillomavirus 164
DRR213713_670_ka_f_29.712_L_670_L_670_:165-1394	1	1229	1229	gi|1559669350|gb|MH777195.2|	5224	6453	7211	80.598	0.0	10566	Human papillomavirus
DRR213713_670_ka_f_29.712_L_670_L_670_:165-1394	1	1226	1229	gi|296495828|gb|GQ845441.1|	5241	6469	7251	79.288	0.0	765051	human papillomavirus 119
DRR213713_670_ka_f_29.712_L_670_L_670_:165-1394	190	566	1229	gi|512390565|gb|KC752040.1|	1	377	377	92.838	4.19e-150	10566	Human papillomavirus
DRR213713_670_ka_f_29.712_L_670_L_670_:165-1394	1	1030	1229	gi|1273499651|gb|MF588762.1|	730	1748	1752	74.976	3.38e-121	1175850	Gammapapillomavirus 8
SRR13232994_6228_ka_f_37.209_:225-1397	1	1172	1172	gi|1464250076|gb|MH285954.1|	6216	7387	8140	99.829	0.0	2304621	Canine papillomavirus 23
SRR13726053_14966_ka_f_22.807_L_14966_L_14966_:90-1301	1	1211	1211	gi|371486244|gb|JF966378.1|	5295	6502	7152	77.056	0.0	10566	Human papillomavirus
SRR13726053_14966_ka_f_22.807_L_14966_L_14966_:90-1301	1	1176	1211	gi|1273499333|gb|MF588720.1|	5362	6534	7142	77.365	0.0	1513257	Gammapapillomavirus 12
SRR13726053_14966_ka_f_22.807_L_14966_L_14966_:90-1301	1	1176	1211	gi|1559669419|gb|MH777256.2|	5362	6534	7142	76.858	0.0	10566	Human papillomavirus
SRR13726053_14966_ka_f_22.807_L_14966_L_14966_:90-1301	1	1208	1211	gi|1559669428|gb|MH777262.2|	5192	6399	7139	76.577	3.96e-180	10566	Human papillomavirus
SRR13726053_14966_ka_f_22.807_L_14966_L_14966_:90-1301	187	560	1211	gi|512390625|gb|KC752070.1|	1	374	374	97.059	3.98e-175	10566	Human papillomavirus
ERR10187996_28795_ka_f_8.522_:51-1253	1	1202	1202	gi|82547780|ref|NC_007612.1|	5583	6784	7412	99.667	0.0	1001533	Bos taurus papillomavirus 7
ERR10187996_28795_ka_f_8.522_:51-1253	1	1202	1202	gi|693764281|gb|KM096429.1|	5580	6781	7526	99.418	0.0	1001533	Bos taurus papillomavirus 7
ERR10187996_28795_ka_f_8.522_:51-1253	1	1202	1202	gi|693764273|gb|KM096428.1|	5454	6655	7438	99.418	0.0	1001533	Bos taurus papillomavirus 7
ERR10187996_28795_ka_f_8.522_:51-1253	139	1202	1202	gi|2075900655|gb|MW543419.1|	1	1064	1332	99.530	0.0	1001533	Bos taurus papillomavirus 7
ERR10187996_28795_ka_f_8.522_:51-1253	382	1202	1202	gi|2075900653|gb|MW543418.1|	1	821	1089	99.513	0.0	1001533	Bos taurus papillomavirus 7
SRR15442223_5408_ka_f_7.000_L_7549_:171-1370	1	1199	1199	gi|1571844811|ref|NC_040688.1|	5246	6444	7191	99.833	0.0	2049444	Gammapapillomavirus sp.
SRR15442223_5408_ka_f_7.000_L_7549_:171-1370	1	1199	1199	gi|1559669344|gb|MH777191.2|	5246	6444	7191	99.666	0.0	10566	Human papillomavirus
SRR15442223_5408_ka_f_7.000_L_7549_:171-1370	1	1196	1199	gi|1559669322|gb|MH777170.2|	5263	6459	7238	79.850	0.0	10566	Human papillomavirus
SRR15442223_5408_ka_f_7.000_L_7549_:171-1370	1	1199	1199	gi|1480687984|gb|MH777194.1|	5239	6438	7232	78.304	0.0	10566	Human papillomavirus
SRR15442223_5408_ka_f_7.000_L_7549_:171-1370	1	1196	1199	gi|1559669736|gb|MH777316.2|	5254	6449	7206	78.203	0.0	10566	Human papillomavirus
SRR13789404_51203_ka_f_18.595_:123-1319	1	1196	1196	gi|1559669715|gb|MH777264.2|	5380	6575	7333	99.164	0.0	10566	Human papillomavirus
SRR13789404_51203_ka_f_18.595_:123-1319	1	1193	1196	gi|389656416|ref|NC_017995.1|	5283	6478	7236	78.146	0.0	1070410	human papillomavirus 137
SRR13789404_51203_ka_f_18.595_:123-1319	133	486	1196	gi|380865526|gb|JQ250745.1|	28	381	444	78.531	1.30e-55	10566	Human papillomavirus
SRR13789404_51203_ka_f_18.595_:123-1319	133	471	1196	gi|409183105|gb|JX413105.1|	5477	5809	7252	75.146	1.34e-30	1315260	Human papillomavirus 169
SRR13789404_51203_ka_f_18.595_:123-1319	4	471	1196	gi|1273499245|gb|MF588709.1|	5231	5695	7256	72.557	1.75e-24	1175851	Gammapapillomavirus 9
ERR361041_1002_ka_f_8.221_L_1002_L_1002_:135-1352	1	1217	1217	gi|1144331863|gb|KX781284.1|	5260	6476	7281	99.918	0.0	10566	Human papillomavirus
ERR361041_1002_ka_f_8.221_L_1002_L_1002_:135-1352	1	1217	1217	gi|1559669471|gb|MH777308.2|	5244	6472	7284	77.859	0.0	10566	Human papillomavirus
ERR361041_1002_ka_f_8.221_L_1002_L_1002_:135-1352	1	1217	1217	gi|1273499726|gb|MF588786.1|	148	1376	2719	77.372	0.0	1961681	Gammapapillomavirus 24
ERR361041_1002_ka_f_8.221_L_1002_L_1002_:135-1352	4	1217	1217	gi|1480688934|gb|MH777334.1|	5253	6478	7288	76.810	0.0	10566	Human papillomavirus
ERR361041_1002_ka_f_8.221_L_1002_L_1002_:135-1352	184	563	1217	gi|512390539|gb|KC752027.1|	1	380	380	96.053	8.67e-172	10566	Human papillomavirus
ERR3974441_8805_ka_f_12.774_L_8805_L_8805_:69-1286	1	1217	1217	gi|1571839001|ref|NC_040620.1|	5263	6479	7350	99.753	0.0	2049444	Gammapapillomavirus sp.
ERR3974441_8805_ka_f_12.774_L_8805_L_8805_:69-1286	1	1214	1217	gi|1559669495|gb|MH777332.2|	5255	6468	7309	83.977	0.0	10566	Human papillomavirus
ERR3974441_8805_ka_f_12.774_L_8805_L_8805_:69-1286	104	343	1217	gi|353441662|gb|JF906532.1|	1	240	240	99.583	2.60e-117	10566	Human papillomavirus
ERR3974441_8805_ka_f_12.774_L_8805_L_8805_:69-1286	41	1217	1217	gi|1559669450|gb|MH777290.2|	5326	6489	7339	73.675	5.64e-114	10566	Human papillomavirus
ERR3974441_8805_ka_f_12.774_L_8805_L_8805_:69-1286	41	1217	1217	gi|1273499404|gb|MF588729.1|	5326	6489	7339	73.591	2.62e-112	1513263	Gammapapillomavirus 18
ERR10856970_14201_ka_f_10.978_L_14201_L_14201_:12-1235	1	1223	1223	gi|1480688302|gb|MH777238.1|	5231	6453	7277	99.019	0.0	10566	Human papillomavirus
ERR10856970_14201_ka_f_10.978_L_14201_L_14201_:12-1235	1	662	1223	gi|1273499662|gb|MF588765.1|	1202	1863	1863	99.094	0.0	1513256	Gammapapillomavirus 11
ERR10856970_14201_ka_f_10.978_L_14201_L_14201_:12-1235	104	543	1223	gi|89574359|gb|DQ418466.1|	440	1	440	98.409	0.0	10566	Human papillomavirus
ERR10856970_14201_ka_f_10.978_L_14201_L_14201_:12-1235	104	543	1223	gi|39777298|gb|AY468410.1|	1	440	440	97.273	0.0	10566	Human papillomavirus
ERR10856970_14201_ka_f_10.978_L_14201_L_14201_:12-1235	1	1182	1223	gi|1273499293|gb|MF588715.1|	5198	6379	7252	76.658	5.17e-179	1513256	Gammapapillomavirus 11
SRR13789294_15936_ka_f_288.574_L_15936_L_15936_:141-1334	1	1193	1193	gi|1559669285|gb|MH777284.2|	4638	5830	6613	99.665	0.0	10566	Human papillomavirus
SRR13789294_15936_ka_f_288.574_L_15936_L_15936_:141-1334	1	1193	1193	gi|1559669335|gb|MH777185.2|	5248	6437	7235	78.446	0.0	10566	Human papillomavirus
SRR13789294_15936_ka_f_288.574_L_15936_L_15936_:141-1334	1	653	1193	gi|2438570717|gb|OP934212.1|	16	672	672	78.517	7.15e-113	3003953	ticpantry virus 16
SRR13789294_15936_ka_f_288.574_L_15936_L_15936_:141-1334	138	1193	1193	gi|1389447846|gb|MH172376.1|	5326	6387	7108	72.652	5.80e-79	2200956	Human papillomavirus type 219
SRR13789294_15936_ka_f_288.574_L_15936_L_15936_:141-1334	45	732	1193	gi|356483524|gb|JN171845.1|	5293	5992	7240	72.843	3.62e-51	1110710	human papillomavirus 153
SRR19742214_60977_ka_f_8.658_:21-1241	1	1220	1220	gi|1559669422|gb|MH777258.2|	5171	6390	7128	99.508	0.0	10566	Human papillomavirus
SRR19742214_60977_ka_f_8.658_:21-1241	1	1217	1220	gi|870702416|gb|KP692114.1|	5180	6396	7137	85.480	0.0	1682339	human papillomavirus 200
SRR19742214_60977_ka_f_8.658_:21-1241	1	1217	1220	gi|1559669539|gb|MH777379.2|	5174	6393	7123	75.466	2.47e-157	10566	Human papillomavirus
SRR19742214_60977_ka_f_8.658_:21-1241	202	524	1220	gi|270048244|gb|FJ969906.1|	3	325	330	87.616	2.08e-98	10566	Human papillomavirus
SRR19742214_60977_ka_f_8.658_:21-1241	17	704	1220	gi|2724609934|gb|PP718721.1|	5379	6075	7429	70.297	5.00e-20	915429	Human papillomavirus 121
SRR11442709_146377_ka_f_939.940_L_146377_L_146377_:69-1277	1	1208	1208	gi|1559669658|gb|MH777355.2|	5318	6525	7386	99.752	0.0	10566	Human papillomavirus
SRR11442709_146377_ka_f_939.940_L_146377_L_146377_:69-1277	630	1208	1208	gi|1273499648|gb|MF588761.1|	1	579	2230	99.482	0.0	1175849	Gammapapillomavirus 7
SRR11442709_146377_ka_f_939.940_L_146377_L_146377_:69-1277	1	1208	1208	gi|343411537|gb|HM999990.1|	5325	6529	7353	80.874	0.0	1070411	Human papillomavirus 138
SRR11442709_146377_ka_f_939.940_L_146377_L_146377_:69-1277	1	1205	1208	gi|1273499197|gb|MF588703.1|	5314	6512	7410	80.480	0.0	1175849	Gammapapillomavirus 7
SRR11442709_146377_ka_f_939.940_L_146377_L_146377_:69-1277	1	1208	1208	gi|1559669317|gb|MH777167.2|	5291	6507	7316	76.404	1.10e-175	10566	Human papillomavirus
SRR13726080_2252_ka_f_12.748_:153-1373	1	1220	1220	gi|371486220|gb|JF966375.1|	5361	6580	7286	99.590	0.0	10566	Human papillomavirus
SRR13726080_2252_ka_f_12.748_:153-1373	1	1220	1220	gi|1559669518|gb|MH777360.2|	5262	6481	7300	89.271	0.0	10566	Human papillomavirus
SRR13726080_2252_ka_f_12.748_:153-1373	1	1220	1220	gi|1273499539|gb|MF588746.1|	5262	6481	7300	89.189	0.0	1961681	Gammapapillomavirus 24
SRR13726080_2252_ka_f_12.748_:153-1373	1	1220	1220	gi|2724609770|gb|PP718699.1|	5582	6801	7598	85.656	0.0	1851215	Human papillomavirus type 190
SRR13726080_2252_ka_f_12.748_:153-1373	1	1220	1220	gi|1480688942|gb|MH777335.1|	5259	6478	7275	85.574	0.0	10566	Human papillomavirus
SRR25031641_631055_ka_f_84.453_L_631055_L_710023_L_631055_:72-1247	1	1175	1175	gi|2889146026|dbj|LC859345.1|	5718	6892	7583	99.915	0.0	1336600	Felis catus papillomavirus 3
SRR25031641_631055_ka_f_84.453_L_631055_L_710023_L_631055_:72-1247	1	1175	1175	gi|1357862321|gb|KY825188.1|	5718	6892	7583	99.830	0.0	1336600	Felis catus papillomavirus 3
SRR25031641_631055_ka_f_84.453_L_631055_L_710023_L_631055_:72-1247	1	1175	1175	gi|2282111592|gb|ON226486.1|	5718	6892	7583	99.830	0.0	1336600	Felis catus papillomavirus 3
SRR25031641_631055_ka_f_84.453_L_631055_L_710023_L_631055_:72-1247	1	1175	1175	gi|2282111583|gb|ON226485.1|	5718	6892	7583	99.830	0.0	1336600	Felis catus papillomavirus 3
SRR25031641_631055_ka_f_84.453_L_631055_L_710023_L_631055_:72-1247	1	1175	1175	gi|2282111574|gb|ON226484.1|	5716	6890	7581	99.830	0.0	1336600	Felis catus papillomavirus 3
ERR3515869_25276_ka_f_500.409_L_25276_L_25276_:90-1298	1	1205	1208	gi|944326229|ref|NC_028125.1|	5477	6681	7233	94.108	0.0	1315262	human papillomavirus 163
ERR3515869_25276_ka_f_500.409_L_25276_L_25276_:90-1298	1	1202	1208	gi|1031620610|gb|KR816181.1|	5307	6508	7260	85.299	0.0	1851219	Human papillomavirus type 194
ERR3515869_25276_ka_f_500.409_L_25276_L_25276_:90-1298	1	1205	1208	gi|1559669607|gb|MH777246.2|	5298	6505	7284	81.901	0.0	10566	Human papillomavirus
ERR3515869_25276_ka_f_500.409_L_25276_L_25276_:90-1298	1	1205	1208	gi|1031620540|gb|KR816171.1|	5298	6505	7286	81.240	0.0	1851126	Human papillomavirus type 183
ERR3515869_25276_ka_f_500.409_L_25276_L_25276_:90-1298	1	1172	1208	gi|1273499135|gb|MF588695.1|	5250	6424	7204	73.953	5.56e-119	333931	Gammapapillomavirus 5
ERR3974465_63465_ka_f_13.589_L_593291_L_3564368_:69-1292	1	1223	1223	gi|1559669539|gb|MH777379.2|	5174	6396	7123	98.201	0.0	10566	Human papillomavirus
ERR3974465_63465_ka_f_13.589_L_593291_L_3564368_:69-1292	1	1220	1223	gi|1559669693|gb|MH777211.2|	4073	5286	7244	77.451	0.0	10566	Human papillomavirus
ERR3974465_63465_ka_f_13.589_L_593291_L_3564368_:69-1292	187	543	1223	gi|512390697|gb|KC752106.1|	2	358	369	97.479	5.24e-169	10566	Human papillomavirus
ERR3974465_63465_ka_f_13.589_L_593291_L_3564368_:69-1292	844	987	1223	gi|1020934679|gb|KT698166.1|	6043	6186	7154	79.167	1.40e-15	2259331	Human papillomavirus 157
ERR3974465_63465_ka_f_13.589_L_593291_L_3564368_:69-1292	875	1000	1223	gi|1559669549|gb|MH972559.2|	6141	6266	7273	80.159	6.53e-14	10566	Human papillomavirus
SRR13233316_51174_ka_f_58.373_L_51174_L_51174_:72-1247	1	1175	1175	gi|1571835348|ref|NC_040579.1|	6378	7552	8300	99.915	0.0	2304620	Canine papillomavirus 22
SRR13233316_51174_ka_f_58.373_L_51174_L_51174_:72-1247	25	978	1175	gi|601448876|ref|NC_023852.1|	6321	7277	8228	74.610	1.52e-109	1226723	Canis familiaris papillomavirus 13
SRR13233316_51174_ka_f_58.373_L_51174_L_51174_:72-1247	46	732	1175	gi|538654784|ref|NC_022253.1|	6558	7253	7985	70.621	7.99e-23	2259540	Mustela putorius papillomavirus 1
SRR13789467_20860_ka_f_8.704_:69-1280	1	1211	1211	gi|2710395188|tpg|BK066896.1|	5219	6429	7222	99.917	0.0	3116969	Papillomavirus homo7299
SRR13789467_20860_ka_f_8.704_:69-1280	1	854	1211	gi|1469334849|gb|MG869609.1|	420	1273	1300	96.956	0.0	10566	Human papillomavirus
SRR13789467_20860_ka_f_8.704_:69-1280	104	549	1211	gi|4574425|gb|AF121428.1|AF121428	1	446	446	100.000	0.0	10566	Human papillomavirus
SRR13789467_20860_ka_f_8.704_:69-1280	104	549	1211	gi|39777353|gb|AY468437.1|	1	446	446	96.637	0.0	10566	Human papillomavirus
SRR18292723_15948_ka_f_49.084_L_15948_L_15948_L_57559_:270-1484	1	1214	1214	gi|1483237265|gb|MH972564.1|	5227	6440	7201	93.657	0.0	10566	Human papillomavirus
SRR18292723_15948_ka_f_49.084_L_15948_L_15948_L_57559_:270-1484	1	1214	1214	gi|1559669346|gb|MH777192.2|	5257	6470	7234	92.834	0.0	10566	Human papillomavirus
SRR18292723_15948_ka_f_49.084_L_15948_L_15948_L_57559_:270-1484	1	1202	1214	gi|1559669655|gb|MH777352.2|	5230	6434	7210	81.969	0.0	10566	Human papillomavirus
SRR18292723_15948_ka_f_49.084_L_15948_L_15948_L_57559_:270-1484	1	1214	1214	gi|1559669352|gb|MH777196.2|	5242	6449	7215	79.607	0.0	10566	Human papillomavirus
SRR18292723_15948_ka_f_49.084_L_15948_L_15948_L_57559_:270-1484	1	1214	1214	gi|1464308932|ref|NC_038523.1|	5451	6659	7203	79.214	0.0	1434987	Human papillomavirus 172
SRR15442928_13986_ka_f_5.900_:90-1307	1	1214	1217	gi|1559669543|gb|MH777383.2|	5216	6429	7197	96.046	0.0	10566	Human papillomavirus
SRR15442928_13986_ka_f_5.900_:90-1307	104	546	1217	gi|89574355|gb|DQ418464.1|	1	443	443	95.260	0.0	10566	Human papillomavirus
SRR15442928_13986_ka_f_5.900_:90-1307	142	1214	1217	gi|1653972961|gb|MK620838.1|	5506	6581	7392	72.404	2.76e-77	1961681	Gammapapillomavirus 24
SRR15442928_13986_ka_f_5.900_:90-1307	142	1214	1217	gi|1697199832|gb|MK645901.1|	5542	6617	7283	72.338	1.28e-75	10566	Human papillomavirus
SRR15442928_13986_ka_f_5.900_:90-1307	142	1214	1217	gi|1480689127|gb|MH777365.1|	5397	6472	7283	72.338	1.28e-75	10566	Human papillomavirus
ERR10856925_31322_ka_f_19.840_L_705145_L_705145_L_1078781_:84-1295	1	1211	1211	gi|1480688680|gb|MH777297.1|	5252	6462	7225	99.339	0.0	10566	Human papillomavirus
ERR10856925_31322_ka_f_19.840_L_705145_L_705145_L_1078781_:84-1295	1	1211	1211	gi|1480688242|gb|MH777230.1|	5396	6609	7233	85.997	0.0	10566	Human papillomavirus
ERR10856925_31322_ka_f_19.840_L_705145_L_705145_L_1078781_:84-1295	106	546	1211	gi|406657652|gb|JX316021.1|	1	441	441	98.866	0.0	10566	Human papillomavirus
ERR10856925_31322_ka_f_19.840_L_705145_L_705145_L_1078781_:84-1295	1	1208	1211	gi|319976676|ref|NC_014953.1|	5224	6435	7219	74.511	3.26e-136	931210	human papillomavirus 129
ERR10856925_31322_ka_f_19.840_L_705145_L_705145_L_1078781_:84-1295	325	534	1211	gi|353441702|gb|JF906553.1|	10	219	231	78.605	1.37e-25	10566	Human papillomavirus
ERR1924594_114_ka_f_18.787_:48-1259	1	1211	1211	gi|1559669278|gb|MH777153.2|	4950	6160	7005	99.917	0.0	10566	Human papillomavirus
ERR1924594_114_ka_f_18.787_:48-1259	1	1211	1211	gi|1559669330|gb|MH777181.2|	5220	6430	7271	89.595	0.0	10566	Human papillomavirus
ERR1924594_114_ka_f_18.787_:48-1259	1	1211	1211	gi|1273499127|gb|MF588694.1|	5220	6430	7271	89.513	0.0	2049444	Gammapapillomavirus sp.
ERR1924594_114_ka_f_18.787_:48-1259	104	543	1211	gi|19387151|gb|AF479252.1|	1	440	440	99.545	0.0	10566	Human papillomavirus
ERR1924594_114_ka_f_18.787_:48-1259	50	1211	1211	gi|1273499261|gb|MF588711.1|	5281	6445	7301	75.489	8.87e-152	1175851	Gammapapillomavirus 9
SRR13789294_13664_ka_f_21.113_:93-1304	1	1211	1211	gi|1559669368|gb|MH777207.2|	5263	6473	7310	99.752	0.0	10566	Human papillomavirus
SRR13789294_13664_ka_f_21.113_:93-1304	1	1211	1211	gi|440503030|gb|KC113191.1|	1750	2960	7299	82.261	0.0	10566	Human papillomavirus
SRR13789294_13664_ka_f_21.113_:93-1304	1	1211	1211	gi|2575785365|gb|OQ915151.1|	5277	6487	7300	82.096	0.0	3074395	human papillomavirus 230
SRR13789294_13664_ka_f_21.113_:93-1304	1	1211	1211	gi|2724609852|gb|PP718710.1|	5409	6619	7959	82.013	0.0	3074395	human papillomavirus 230
SRR13789294_13664_ka_f_21.113_:93-1304	1	1211	1211	gi|1559669480|gb|MH777317.2|	5277	6487	7300	81.893	0.0	10566	Human papillomavirus
SRR13789197_241277_ka_f_11.500_:78-1307	1	1229	1229	gi|1559669350|gb|MH777195.2|	5225	6453	7211	99.512	0.0	10566	Human papillomavirus
SRR13789197_241277_ka_f_11.500_:78-1307	1	1229	1229	gi|409183113|gb|JX413106.1|	5337	6565	7233	80.925	0.0	1315261	human papillomavirus 164
SRR13789197_241277_ka_f_11.500_:78-1307	1	1229	1229	gi|557825766|gb|KC862317.1|	5608	6839	7204	80.421	0.0	1420544	human papillomavirus 168
SRR13789197_241277_ka_f_11.500_:78-1307	1	1226	1229	gi|225927568|ref|NC_012486.1|	5499	6724	7227	79.400	0.0	915427	human papillomavirus 112
SRR13789197_241277_ka_f_11.500_:78-1307	1	1218	1229	gi|1559669528|gb|MH777371.2|	5237	6457	7228	78.823	0.0	10566	Human papillomavirus
SRR13789341_608_ka_f_11.112_:126-1355	1	1229	1229	gi|1559669471|gb|MH777308.2|	5244	6472	7284	99.349	0.0	10566	Human papillomavirus
SRR13789341_608_ka_f_11.112_:126-1355	1	1229	1229	gi|1273499726|gb|MF588786.1|	148	1376	2719	99.349	0.0	1961681	Gammapapillomavirus 24
SRR13789341_608_ka_f_11.112_:126-1355	3	1229	1229	gi|1480688934|gb|MH777334.1|	5252	6478	7288	88.590	0.0	10566	Human papillomavirus
SRR13789341_608_ka_f_11.112_:126-1355	1	1229	1229	gi|1559669402|gb|MH777237.2|	5250	6478	7276	81.235	0.0	10566	Human papillomavirus
SRR13789341_608_ka_f_11.112_:126-1355	3	1226	1229	gi|677569933|gb|KM085343.1|	5252	6478	7278	81.169	0.0	10566;1542134	Human papillomavirus;Human papillomavirus 197
ERR2402851_564495_ka_f_6.596_:75-1304	1	1229	1229	gi|2710394555|tpg|BK066851.1|	4506	5734	6088	99.512	0.0	3116964	Papillomavirus gadus6207
ERR2402851_564495_ka_f_6.596_:75-1304	1	1229	1229	gi|2069601146|gb|MH616908.2|	4602	5824	6086	97.640	0.0	2683332	Melanogrammus aeglefinus-associated papillomavirus 2
ERR2402851_564495_ka_f_6.596_:75-1304	1	279	1229	gi|2080078000|gb|MZ570862.1|	4223	4501	5813	77.224	6.38e-34	2863867	Papillomaviridae sp. Haddock_c6033
ERR11041653_80604_ka_f_7.471_L_810287_:102-1319	1	1217	1217	gi|1483237223|gb|MH972557.1|	5192	6408	7167	99.671	0.0	10566	Human papillomavirus
ERR11041653_80604_ka_f_7.471_L_810287_:102-1319	1	1217	1217	gi|1559669693|gb|MH777211.2|	4073	5289	7244	92.769	0.0	10566	Human papillomavirus
ERR11041653_80604_ka_f_7.471_L_810287_:102-1319	1	1214	1217	gi|1559669417|gb|MH777251.2|	5186	6399	7146	83.526	0.0	10566	Human papillomavirus
ERR11041653_80604_ka_f_7.471_L_810287_:102-1319	1	1214	1217	gi|1559669669|gb|MH777377.2|	5180	6393	7126	80.494	0.0	10566	Human papillomavirus
ERR11041653_80604_ka_f_7.471_L_810287_:102-1319	1	1214	1217	gi|870702416|gb|KP692114.1|	5180	6396	7137	79.673	0.0	1682339	human papillomavirus 200
SRR10846501_6811_ka_f_20.081_L_6811_L_6811_:66-1259	1	1193	1193	gi|9626605|ref|NC_001458.1|	5416	6608	7348	99.497	0.0	28311	Human papillomavirus type 63
SRR10846501_6811_ka_f_20.081_L_6811_L_6811_:66-1259	277	767	1193	gi|1360355923|gb|MG850311.1|	5913	6400	7650	71.627	6.32e-19	333760	Human papillomavirus 16
SRR10846501_6811_ka_f_20.081_L_6811_L_6811_:66-1259	277	767	1193	gi|1360352433|gb|MG849712.1|	5914	6401	7859	71.627	6.32e-19	333760	Human papillomavirus 16
SRR10846501_6811_ka_f_20.081_L_6811_L_6811_:66-1259	505	670	1193	gi|1360358362|gb|MG850752.1|	5958	6123	7662	78.571	8.17e-18	333760	Human papillomavirus 16
SRR10846501_6811_ka_f_20.081_L_6811_L_6811_:66-1259	505	670	1193	gi|1360357974|gb|MG850682.1|	6079	6244	7798	78.571	8.17e-18	333760	Human papillomavirus 16
ERR3974441_15421_ka_f_11.898_:69-1280	1	1211	1211	gi|2710389974|tpg|BK066363.1|	5207	6417	7193	99.505	0.0	3116970	Papillomavirus homo7334
ERR3974441_15421_ka_f_11.898_:69-1280	1	1211	1211	gi|1559669545|gb|MH777385.2|	5207	6423	7199	85.176	0.0	10566	Human papillomavirus
ERR3974441_15421_ka_f_11.898_:69-1280	1	1211	1211	gi|1559669547|gb|MH777388.2|	5207	6423	7214	83.402	0.0	10566	Human papillomavirus
ERR3974441_15421_ka_f_11.898_:69-1280	919	1000	1211	gi|1360655616|gb|MG520499.1|	6221	6302	7320	80.723	1.82e-04	10566	Human papillomavirus
ERR3974441_15421_ka_f_11.898_:69-1280	919	1000	1211	gi|1559669463|gb|MH777300.2|	6221	6302	7320	79.268	0.008	10566	Human papillomavirus
SRR13725757_142_ka_f_20.411_L_142_L_142_:60-1292	1	1232	1232	gi|296495828|gb|GQ845441.1|	5241	6472	7251	87.348	0.0	765051	human papillomavirus 119
SRR13725757_142_ka_f_20.411_L_142_L_142_:60-1292	1	1229	1232	gi|2710391279|tpg|BK066485.1|	5287	6512	7253	78.675	0.0	3116972	Papillomavirus homo7372
SRR13725757_142_ka_f_20.411_L_142_L_142_:60-1292	1	1232	1232	gi|1480687722|gb|MH777157.1|	5235	6463	7226	76.712	0.0	10566	Human papillomavirus
SRR13725757_142_ka_f_20.411_L_142_L_142_:60-1292	1	1232	1232	gi|1031620512|gb|KR816167.1|	5235	6463	7226	76.551	0.0	1851122	Human papillomavirus type 176
SRR13725757_142_ka_f_20.411_L_142_L_142_:60-1292	104	543	1232	gi|89574369|gb|DQ418471.1|	1	440	440	85.000	4.38e-120	10566	Human papillomavirus
ERR8052723_13631_ka_f_10.395_:63-1259	1	1196	1196	gi|1559669553|gb|MH972562.2|	5185	6380	7156	91.228	0.0	10566	Human papillomavirus
ERR8052723_13631_ka_f_10.395_:63-1259	323	549	1196	gi|353441717|gb|JN129833.1|	1	227	236	99.559	4.31e-110	10566	Human papillomavirus
ERR8052723_13631_ka_f_10.395_:63-1259	25	1179	1196	gi|1559669603|gb|MH777188.2|	5167	6327	7096	72.712	2.65e-92	10566	Human papillomavirus
ERR8052723_13631_ka_f_10.395_:63-1259	1	1196	1196	gi|1559669445|gb|MH777280.2|	5189	6396	7162	72.236	2.06e-88	10566	Human papillomavirus
ERR8052723_13631_ka_f_10.395_:63-1259	1	198	1196	gi|1273499674|gb|MF588769.1|	4326	4523	4523	94.444	2.71e-77	1513257	Gammapapillomavirus 12
SRR13726052_3951_ka_f_11.665_:135-1340	1	1191	1205	gi|1149685229|ref|NC_033781.1|	5408	6599	7329	82.161	0.0	1248396	Human papillomavirus 156
SRR13726052_3951_ka_f_11.665_:135-1340	1	1191	1205	gi|1144332332|gb|KX781288.1|	5302	6493	7328	82.023	0.0	10566	Human papillomavirus
SRR13726052_3951_ka_f_11.665_:135-1340	1	1191	1205	gi|1273499404|gb|MF588729.1|	5285	6475	7339	80.418	0.0	1513263	Gammapapillomavirus 18
SRR13726052_3951_ka_f_11.665_:135-1340	1	1191	1205	gi|1559669450|gb|MH777290.2|	5285	6475	7339	80.167	0.0	10566	Human papillomavirus
SRR13726052_3951_ka_f_11.665_:135-1340	127	1205	1205	gi|1559669545|gb|MH777385.2|	5330	6423	7199	72.302	1.27e-75	10566	Human papillomavirus
DRR197017_220513_ka_f_12.638_L_1146503_L_2921474_:75-1298	1	1223	1223	gi|1559669722|gb|MH777286.2|	5772	6994	7737	99.755	0.0	10566	Human papillomavirus
DRR197017_220513_ka_f_12.638_L_1146503_L_2921474_:75-1298	1	1223	1223	gi|2218078|gb|U85660.1|HPU85660	5969	7191	7731	98.855	0.0	79691	Human papillomavirus RTRX7
DRR197017_220513_ka_f_12.638_L_1146503_L_2921474_:75-1298	1	1223	1223	gi|1653972990|gb|MK620843.1|	4869	6091	6650	86.297	0.0	10604	human papillomavirus 12
DRR197017_220513_ka_f_12.638_L_1146503_L_2921474_:75-1298	1	1223	1223	gi|396910|emb|X74466.1|	5892	7114	7673	86.029	0.0	10604	human papillomavirus 12
DRR197017_220513_ka_f_12.638_L_1146503_L_2921474_:75-1298	1	1220	1223	gi|333074|gb|M12737.1|PPH8CG	5899	7115	7654	81.418	0.0	10579	Human papillomavirus type 8
SRR11482324_474441_ka_f_11.795_L_474441_L_474441_:138-1322	1	1184	1184	gi|206599537|ref|NC_011280.1|	5258	6441	7260	99.578	0.0	446138	Sus scrofa papillomavirus 1
SRR11482324_474441_ka_f_11.795_L_474441_L_474441_:138-1322	1	1184	1184	gi|1945524352|gb|MT078972.1|	5258	6441	7260	99.409	0.0	446138	Sus scrofa papillomavirus 1
SRR11482324_474441_ka_f_11.795_L_474441_L_474441_:138-1322	1	1184	1184	gi|1945524346|gb|MT078971.1|	5258	6442	7260	99.325	0.0	446138	Sus scrofa papillomavirus 1
SRR11482324_474441_ka_f_11.795_L_474441_L_474441_:138-1322	1	1184	1184	gi|151549163|gb|EF395819.1|	5250	6433	7252	98.564	0.0	446138	Sus scrofa papillomavirus 1
SRR11482324_474441_ka_f_11.795_L_474441_L_474441_:138-1322	1	1184	1184	gi|1945524358|gb|MT078973.1|	5258	6441	7260	98.311	0.0	446138	Sus scrofa papillomavirus 1
SRR13726072_4948_ka_f_11.846_:72-1286	1	1214	1214	gi|309273978|gb|GU129016.1|	5677	6890	7164	99.506	0.0	942038	Human papillomavirus 148
SRR13726072_4948_ka_f_11.846_:72-1286	1	1211	1214	gi|1559669282|gb|MH777217.2|	5292	6496	7260	82.125	0.0	10566	Human papillomavirus
SRR13726072_4948_ka_f_11.846_:72-1286	1	1199	1214	gi|1559669419|gb|MH777256.2|	5362	6554	7142	77.704	0.0	10566	Human papillomavirus
SRR13726072_4948_ka_f_11.846_:72-1286	1	1199	1214	gi|1273499333|gb|MF588720.1|	5362	6554	7142	77.438	0.0	1513257	Gammapapillomavirus 12
SRR13726072_4948_ka_f_11.846_:72-1286	1	1214	1214	gi|1273499668|gb|MF588767.1|	1872	3070	4009	75.654	5.28e-159	1513257	Gammapapillomavirus 12
ERR5084341_16945_ka_f_16.572_L_16945_L_16945_:135-1337	1	1202	1202	gi|167600365|ref|NC_010329.1|	5358	6559	7326	99.917	0.0	337054	Human papillomavirus type 88
ERR5084341_16945_ka_f_16.572_L_16945_L_16945_:135-1337	845	984	1202	gi|1559669506|gb|MH777342.2|	6093	6232	7190	81.560	4.92e-20	10566	Human papillomavirus
ERR5084341_16945_ka_f_16.572_L_16945_L_16945_:135-1337	845	984	1202	gi|575527311|gb|KF791917.1|	6193	6332	7190	80.851	2.29e-18	10566	Human papillomavirus
ERR5084341_16945_ka_f_16.572_L_16945_L_16945_:135-1337	25	353	1202	gi|1559669533|gb|MH777373.2|	5274	5602	7204	71.940	1.07e-11	10566	Human papillomavirus
ERR5084341_16945_ka_f_16.572_L_16945_L_16945_:135-1337	25	353	1202	gi|1273499135|gb|MF588695.1|	5274	5602	7204	72.024	1.07e-11	333931	Gammapapillomavirus 5
SRR13789282_32674_ka_f_27.636_:99-1298	1	1199	1199	gi|1480687984|gb|MH777194.1|	5240	6438	7232	99.583	0.0	10566	Human papillomavirus
SRR13789282_32674_ka_f_27.636_:99-1298	8	1184	1199	gi|1559669486|gb|MH777325.2|	5241	6417	7205	80.678	0.0	10566	Human papillomavirus
SRR13789282_32674_ka_f_27.636_:99-1298	1	1190	1199	gi|1571847438|ref|NC_040805.1|	5255	6443	7282	79.247	0.0	2049444	Gammapapillomavirus sp.
SRR13789282_32674_ka_f_27.636_:99-1298	1	1190	1199	gi|1559669378|gb|MH777215.2|	5255	6443	7291	79.079	0.0	10566	Human papillomavirus
SRR13789282_32674_ka_f_27.636_:99-1298	1	1190	1199	gi|1559669609|gb|MH777254.2|	5255	6443	7292	79.013	0.0	10566	Human papillomavirus
ERR3594022_7162_ka_f_16.905_L_7162_L_7162_:72-1274	1	1202	1202	gi|1559669380|gb|MH777216.2|	5236	6437	7167	99.917	0.0	10566	Human papillomavirus
ERR3594022_7162_ka_f_16.905_L_7162_L_7162_:72-1274	1	1202	1202	gi|371486204|gb|JF966373.1|	5338	6539	7167	99.834	0.0	10566	Human papillomavirus
ERR3594022_7162_ka_f_16.905_L_7162_L_7162_:72-1274	1	1187	1202	gi|1273499531|gb|MF588745.1|	5254	6440	7193	82.397	0.0	1961680	Gammapapillomavirus 23
ERR3594022_7162_ka_f_16.905_L_7162_L_7162_:72-1274	1	1187	1202	gi|1480688559|gb|MH777278.1|	5254	6440	7193	82.062	0.0	10566	Human papillomavirus
ERR3594022_7162_ka_f_16.905_L_7162_L_7162_:72-1274	1	1187	1202	gi|1464308940|ref|NC_038524.1|	5275	6455	7226	80.100	0.0	1434782	Human papillomavirus 175
SRR13789294_15934_ka_f_55.215_L_30472_L_30472_:72-1280	1	1208	1208	gi|1559669282|gb|MH777217.2|	5292	6499	7260	93.957	0.0	10566	Human papillomavirus
SRR13789294_15934_ka_f_55.215_L_30472_L_30472_:72-1280	1	1205	1208	gi|309273978|gb|GU129016.1|	5676	6887	7164	82.028	0.0	942038	Human papillomavirus 148
SRR13789294_15934_ka_f_55.215_L_30472_L_30472_:72-1280	104	537	1208	gi|18042187|gb|AF455144.1|	1	434	434	94.009	0.0	10566	Human papillomavirus
SRR13789294_15934_ka_f_55.215_L_30472_L_30472_:72-1280	13	1208	1208	gi|1559669603|gb|MH777188.2|	5155	6344	7096	73.593	9.30e-117	10566	Human papillomavirus
SRR13789294_15934_ka_f_55.215_L_30472_L_30472_:72-1280	101	530	1208	gi|1590101865|gb|MH647662.1|	1	430	437	78.522	1.66e-69	10566	Human papillomavirus
SRR14825340_4722_ka_f_47.689_:69-1268	1	1199	1199	gi|1559669479|gb|MH777314.2|	5358	6556	7323	98.999	0.0	10566	Human papillomavirus
SRR14825340_4722_ka_f_47.689_:69-1268	1	1196	1199	gi|1559669461|gb|MH777299.2|	5250	6440	7236	82.638	0.0	10566	Human papillomavirus
SRR14825340_4722_ka_f_47.689_:69-1268	1	1196	1199	gi|1273499420|gb|MF588731.1|	5250	6440	7236	82.652	0.0	1513263	Gammapapillomavirus 18
SRR14825340_4722_ka_f_47.689_:69-1268	1	1193	1199	gi|1559669360|gb|MH777203.2|	5257	6440	7229	81.605	0.0	10566	Human papillomavirus
SRR14825340_4722_ka_f_47.689_:69-1268	1	1194	1199	gi|1480687827|gb|MH777171.1|	5264	6450	7247	79.650	0.0	10566	Human papillomavirus
ERR1363919_1849_ka_f_3491.478_L_3860_L_3919_L_2005_L_2031_:84-1265	1	1181	1181	gi|630341565|gb|KF444057.1|	5633	6813	7855	99.915	0.0	333762	Human papillomavirus type 26
ERR1363919_1849_ka_f_3491.478_L_3860_L_3919_L_2005_L_2031_:84-1265	1	1181	1181	gi|2422053779|gb|OP971091.1|	5537	6717	7855	99.915	0.0	337044	Alphapapillomavirus 5
ERR1363919_1849_ka_f_3491.478_L_3860_L_3919_L_2005_L_2031_:84-1265	1	1181	1181	gi|630341573|gb|KF444058.1|	5633	6813	7855	99.831	0.0	333762	Human papillomavirus type 26
ERR1363919_1849_ka_f_3491.478_L_3860_L_3919_L_2005_L_2031_:84-1265	1	1181	1181	gi|630341557|gb|KF444056.1|	5633	6813	7855	99.831	0.0	333762	Human papillomavirus type 26
ERR1363919_1849_ka_f_3491.478_L_3860_L_3919_L_2005_L_2031_:84-1265	1	1181	1181	gi|9627305|ref|NC_001583.1|	5633	6813	7855	99.661	0.0	333762	Human papillomavirus type 26
ERR11836069_7116_ka_f_8.432_:99-1307	1	1208	1208	gi|1559669761|gb|MH777381.2|	5241	6448	7240	99.089	0.0	10566	Human papillomavirus
ERR11836069_7116_ka_f_8.432_:99-1307	1	1202	1208	gi|1480689212|gb|MH777378.1|	5231	6426	7240	79.819	0.0	10566	Human papillomavirus
ERR11836069_7116_ka_f_8.432_:99-1307	190	575	1208	gi|512390567|gb|KC752041.1|	1	386	389	96.382	8.54e-177	10566	Human papillomavirus
ERR11836069_7116_ka_f_8.432_:99-1307	1	1193	1208	gi|1559669314|gb|MH777165.2|	5345	6522	7378	75.541	5.29e-154	10566	Human papillomavirus
ERR11836069_7116_ka_f_8.432_:99-1307	576	1202	1208	gi|1273499703|gb|MF588778.1|	1	630	1670	81.005	7.04e-133	1513264	Gammapapillomavirus 19
ERR12027538_509_ka_f_27.782_L_509_L_509_:48-1256	1	1208	1208	gi|1480688926|gb|MH777333.1|	5232	6439	7290	99.752	0.0	10566	Human papillomavirus
ERR12027538_509_ka_f_27.782_L_509_L_509_:48-1256	187	552	1208	gi|512390583|gb|KC752049.1|	1	366	377	98.361	5.10e-179	10566	Human papillomavirus
ERR12027538_509_ka_f_27.782_L_509_L_509_:48-1256	1	1208	1208	gi|1559669455|gb|MH777292.2|	5319	6529	7288	74.323	1.17e-135	10566	Human papillomavirus
ERR12027538_509_ka_f_27.782_L_509_L_509_:48-1256	105	523	1208	gi|4574421|gb|AF121426.1|AF121426	2	423	440	76.056	6.13e-49	10566	Human papillomavirus
ERR12027538_509_ka_f_27.782_L_509_L_509_:48-1256	103	185	1208	gi|1532252544|gb|MH039597.1|	1	83	83	100.000	1.05e-31	10566	Human papillomavirus
ERR1787772_615_ka_f_12.237_L_615_L_615_:114-1328	1	1214	1214	gi|1559669275|gb|MH675891.2|	5232	6445	7301	98.435	0.0	10566	Human papillomavirus
ERR1787772_615_ka_f_12.237_L_615_L_615_:114-1328	1	1214	1214	gi|1273499261|gb|MF588711.1|	5232	6445	7301	98.270	0.0	1175851	Gammapapillomavirus 9
ERR1787772_615_ka_f_12.237_L_615_L_615_:114-1328	104	540	1214	gi|15787619|gb|AY049757.1|	1	437	437	98.169	0.0	10566	Human papillomavirus
ERR1787772_615_ka_f_12.237_L_615_L_615_:114-1328	50	1214	1214	gi|1559669278|gb|MH777153.2|	4999	6160	7005	76.170	4.05e-165	10566	Human papillomavirus
ERR1787772_615_ka_f_12.237_L_615_L_615_:114-1328	22	1016	1214	gi|1480688090|gb|MH777209.1|	5262	6256	7229	72.522	9.96e-72	10566	Human papillomavirus
SRR22102846_21210_ka_f_12.789_:66-1289	1	1223	1223	gi|1559669472|gb|MH777309.2|	5199	6421	7311	99.101	0.0	10566	Human papillomavirus
SRR22102846_21210_ka_f_12.789_:66-1289	16	1025	1223	gi|1480688090|gb|MH777209.1|	5256	6256	7229	69.447	6.48e-19	10566	Human papillomavirus
SRR22102846_21210_ka_f_12.789_:66-1289	16	1025	1223	gi|1273499658|gb|MF588764.1|	3406	4406	4433	69.253	1.40e-15	1175851	Gammapapillomavirus 9
SRR21973340_858647_ka_f_30.036_L_1963_L_1039728_L_509047_L_1035531_:123-1322	1	1199	1199	gi|389656416|ref|NC_017995.1|	5283	6481	7236	98.832	0.0	1070410	human papillomavirus 137
SRR21973340_858647_ka_f_30.036_L_1963_L_1039728_L_509047_L_1035531_:123-1322	1	1196	1199	gi|1559669715|gb|MH777264.2|	5380	6572	7333	78.470	0.0	10566	Human papillomavirus
SRR21973340_858647_ka_f_30.036_L_1963_L_1039728_L_509047_L_1035531_:123-1322	239	558	1199	gi|512390723|gb|KC752119.1|	1	320	320	99.688	8.66e-162	10566	Human papillomavirus
ERR906889_6410_ka_f_95.301_L_268547_:3-1184	1	1181	1181	gi|2724609926|gb|PP718720.1|	5898	7079	8333	99.831	0.0	333772	human papillomavirus 83
ERR906889_6410_ka_f_95.301_L_268547_:3-1184	1	1181	1181	gi|2724609911|gb|PP718718.1|	5895	7076	8330	99.831	0.0	333772	human papillomavirus 83
ERR906889_6410_ka_f_95.301_L_268547_:3-1184	1	1181	1181	gi|2724609867|gb|PP718712.1|	5896	7077	8331	99.831	0.0	333772	human papillomavirus 83
ERR906889_6410_ka_f_95.301_L_268547_:3-1184	1	1181	1181	gi|2724609807|gb|PP718704.1|	5896	7077	8331	99.831	0.0	333772	human papillomavirus 83
ERR906889_6410_ka_f_95.301_L_268547_:3-1184	1	1181	1181	gi|2724609762|gb|PP718698.1|	5898	7079	8333	99.831	0.0	333772	human papillomavirus 83
SRR11783907_19_ka_f_21.851_L_8393_L_12745_L_12884_:48-1256	1	1208	1208	gi|1559669448|gb|MH777288.2|	5395	6602	7284	98.675	0.0	10566	Human papillomavirus
SRR11783907_19_ka_f_21.851_L_8393_L_12745_L_12884_:48-1256	1	1205	1208	gi|1480688964|gb|MH777338.1|	5196	6400	7255	73.831	1.98e-123	10566	Human papillomavirus
SRR11783907_19_ka_f_21.851_L_8393_L_12745_L_12884_:48-1256	1	1205	1208	gi|1273499269|gb|MF588712.1|	5199	6403	7257	73.628	2.00e-118	1175851	Gammapapillomavirus 9
SRR11783907_19_ka_f_21.851_L_8393_L_12745_L_12884_:48-1256	25	1205	1208	gi|1480688460|gb|MH777263.1|	5264	6447	7241	73.029	1.23e-100	10566	Human papillomavirus
SRR11783907_19_ka_f_21.851_L_8393_L_12745_L_12884_:48-1256	544	941	1208	gi|2664387|emb|Z95960.1|	7	404	407	75.871	4.78e-45	10566	Human papillomavirus
SRR17272085_41466_ka_f_20.601_L_210118_L_210119_L_175843_L_210118_:57-1316	561	1259	1259	gi|2710390775|tpg|BK066436.1|	4940	5635	5936	99.571	0.0	3116959	Papillomavirus cynoglossus6077
SRR17272085_41466_ka_f_20.601_L_210118_L_210119_L_175843_L_210118_:57-1316	1	562	1259	gi|2710390775|tpg|BK066436.1|	4313	4874	5936	100.000	0.0	3116959	Papillomavirus cynoglossus6077
SRR17272085_41466_ka_f_20.601_L_210118_L_210119_L_175843_L_210118_:57-1316	616	731	1259	gi|2069601150|gb|MH617143.2|	4982	5097	5896	77.311	5.27e-05	2683333	Melanogrammus aeglefinus-associated papillomavirus 1
ERR11213956_1223340_ka_f_1882.574_L_2167026_L_2167027_L_6289913_L_6289914_:108-1289	7	1178	1181	gi|601448876|ref|NC_023852.1|	6303	7471	8228	73.862	5.43e-119	1226723	Canis familiaris papillomavirus 13
ERR11213956_1223340_ka_f_1882.574_L_2167026_L_2167027_L_6289913_L_6289914_:108-1289	5	1181	1181	gi|1571835141|ref|NC_040578.1|	6243	7419	8225	73.022	1.55e-99	2304619	Canine papillomavirus 21
ERR3674564_47926_ka_f_238.354_L_47926_L_47926_:48-1256	1	1208	1208	gi|1480688926|gb|MH777333.1|	5232	6439	7290	87.086	0.0	10566	Human papillomavirus
ERR3674564_47926_ka_f_238.354_L_47926_L_47926_:48-1256	1	1193	1208	gi|1559669304|gb|MH777159.2|	5242	6437	7321	75.931	5.21e-164	10566	Human papillomavirus
ERR3674564_47926_ka_f_238.354_L_47926_L_47926_:48-1256	187	552	1208	gi|512390583|gb|KC752049.1|	1	366	377	85.519	1.23e-100	10566	Human papillomavirus
ERR3674564_47926_ka_f_238.354_L_47926_L_47926_:48-1256	140	167	1208	gi|2523362136|gb|OR113684.1|	5688	5715	7611	100.000	0.39	3053744	Leptonychotes weddellii papillomavirus 11
ERR10857028_9104_ka_f_85.818_L_9104_L_9104_:141-1346	1	1205	1205	gi|1031620603|gb|KR816180.1|	5314	6518	7348	95.187	0.0	1851218	Human papillomavirus 193
ERR10857028_9104_ka_f_85.818_L_9104_L_9104_:141-1346	1	1205	1205	gi|1559669272|gb|MH675890.2|	5314	6518	7348	94.689	0.0	10566	Human papillomavirus
ERR10857028_9104_ka_f_85.818_L_9104_L_9104_:141-1346	104	537	1205	gi|15020287|gb|AY040276.1|	1	434	434	99.770	0.0	10566	Human papillomavirus
ERR10857028_9104_ka_f_85.818_L_9104_L_9104_:141-1346	1	1205	1205	gi|1273499157|gb|MF588698.1|	5309	6525	7319	78.151	0.0	1175849	Gammapapillomavirus 7
ERR10857028_9104_ka_f_85.818_L_9104_L_9104_:141-1346	1	1205	1205	gi|312451781|gb|GU117629.1|	5311	6527	7333	78.222	0.0	909328	Human papillomavirus 149
SRR13789687_6774_ka_f_15.451_L_178296_L_151592_:141-1364	1	1223	1223	gi|343411577|gb|HM999995.1|	5749	6971	7715	99.591	0.0	1070416	Human papillomavirus 143
SRR13789687_6774_ka_f_15.451_L_178296_L_151592_:141-1364	1	1220	1223	gi|327195194|gb|JF304769.1|	5953	7172	7736	86.601	0.0	37957	human papillomavirus 36
SRR13789687_6774_ka_f_15.451_L_178296_L_151592_:141-1364	1	1220	1223	gi|22074078|gb|AY044277.1|	49	1268	1551	86.601	0.0	10566	Human papillomavirus
SRR13789687_6774_ka_f_15.451_L_178296_L_151592_:141-1364	1	1223	1223	gi|1020218|gb|U31785.1|HPU31785	5939	7161	7722	84.980	0.0	37957	human papillomavirus 36
SRR13789687_6774_ka_f_15.451_L_178296_L_151592_:141-1364	1	1220	1223	gi|162417300|emb|AM922325.1|	49	1268	1551	81.699	0.0	333923	Human papillomavirus 5
ERR10856935_2910_ka_f_8.510_L_232298_:69-1277	1	1208	1208	gi|395627595|emb|HE963025.1|	5554	6761	7443	99.338	0.0	1209820	Human papillomavirus 159
ERR10856935_2910_ka_f_8.510_L_232298_:69-1277	1	1208	1208	gi|1480687842|gb|MH777175.1|	5523	6730	7414	87.345	0.0	10566	Human papillomavirus
ERR10856935_2910_ka_f_8.510_L_232298_:69-1277	2	1208	1208	gi|186461202|gb|EU410349.1|	5671	6871	7384	81.007	0.0	518630	Human papillomavirus 111
ERR10856935_2910_ka_f_8.510_L_232298_:69-1277	1	1193	1208	gi|389885562|gb|JN211195.1|	5771	6963	7426	79.582	0.0	10607	Human papillomavirus 17
ERR10856935_2910_ka_f_8.510_L_232298_:69-1277	1	1205	1208	gi|396924|emb|X74468.1|	5751	6955	7412	79.008	0.0	10606	Human papillomavirus 15
SRR7688519_11_ka_f_53.228_L_11_L_11_:69-1286	1	1217	1217	gi|1559669417|gb|MH777251.2|	5186	6402	7146	100.000	0.0	10566	Human papillomavirus
SRR7688519_11_ka_f_53.228_L_11_L_11_:69-1286	1	1214	1217	gi|1483237223|gb|MH972557.1|	5192	6405	7167	83.690	0.0	10566	Human papillomavirus
SRR7688519_11_ka_f_53.228_L_11_L_11_:69-1286	1	1202	1217	gi|1559669693|gb|MH777211.2|	4073	5274	7244	82.822	0.0	10566	Human papillomavirus
SRR7688519_11_ka_f_53.228_L_11_L_11_:69-1286	1	1217	1217	gi|1559669339|gb|MH777187.2|	5189	6405	7135	79.364	0.0	10566	Human papillomavirus
SRR7688519_11_ka_f_53.228_L_11_L_11_:69-1286	1	1214	1217	gi|1559669669|gb|MH777377.2|	5180	6393	7126	79.262	0.0	10566	Human papillomavirus
SRR3643354_23_ka_f_8.339_:144-1364	1	1220	1220	gi|1273499579|gb|MF588751.1|	5262	6481	7324	99.672	0.0	1961681	Gammapapillomavirus 24
SRR3643354_23_ka_f_8.339_:144-1364	1	1220	1220	gi|1273499729|gb|MF588787.1|	2897	4116	4290	99.508	0.0	1961681	Gammapapillomavirus 24
SRR3643354_23_ka_f_8.339_:144-1364	1	1217	1220	gi|1273499547|gb|MF588747.1|	5259	6475	7298	82.295	0.0	1961681	Gammapapillomavirus 24
SRR3643354_23_ka_f_8.339_:144-1364	1	1217	1220	gi|1559669484|gb|MH777321.2|	5259	6475	7292	82.213	0.0	10566	Human papillomavirus
SRR3643354_23_ka_f_8.339_:144-1364	187	566	1220	gi|512390661|gb|KC752088.1|	1	380	380	95.789	4.04e-170	10566	Human papillomavirus
SRR7688027_415_ka_f_13.188_L_29321_L_29322_:72-1271	1	1199	1199	gi|1559669733|gb|MH777315.2|	5191	6389	7125	100.000	0.0	10566	Human papillomavirus
SRR7688027_415_ka_f_13.188_L_29321_L_29322_:72-1271	1	1199	1199	gi|1273499317|gb|MF588718.1|	5232	6430	7142	83.195	0.0	1513257	Gammapapillomavirus 12
SRR7688027_415_ka_f_13.188_L_29321_L_29322_:72-1271	1	1199	1199	gi|2724609784|gb|PP718701.1|	5953	7151	7962	83.195	0.0	10566	Human papillomavirus
SRR7688027_415_ka_f_13.188_L_29321_L_29322_:72-1271	104	540	1199	gi|353441650|gb|JF906526.1|	1	437	437	96.796	0.0	10566	Human papillomavirus
SRR7688027_415_ka_f_13.188_L_29321_L_29322_:72-1271	104	540	1199	gi|440573438|gb|KC175576.1|	1	437	437	87.872	4.14e-140	10566	Human papillomavirus
SRR12089738_7582_ka_f_99.343_L_327336_L_327336_:105-1328	1	1223	1223	gi|1559669318|gb|MH777168.2|	5207	6429	7248	91.087	0.0	10566	Human papillomavirus
SRR12089738_7582_ka_f_99.343_L_327336_L_327336_:105-1328	1	1223	1223	gi|1559669712|gb|MH777255.2|	5201	6423	7254	86.182	0.0	10566	Human papillomavirus
SRR12089738_7582_ka_f_99.343_L_327336_L_327336_:105-1328	1	1223	1223	gi|371486212|gb|JF966374.1|	5390	6612	7251	85.773	0.0	10566	Human papillomavirus
SRR12089738_7582_ka_f_99.343_L_327336_L_327336_:105-1328	1	1223	1223	gi|1273499293|gb|MF588715.1|	5198	6420	7252	83.265	0.0	1513256	Gammapapillomavirus 11
SRR12089738_7582_ka_f_99.343_L_327336_L_327336_:105-1328	1	1223	1223	gi|1480688476|gb|MH777267.1|	5198	6420	7252	83.116	0.0	10566	Human papillomavirus
SRR6757665_35583_ka_f_631.306_L_827921_L_1211658_:93-1289	1	1196	1196	gi|333906187|gb|JF303889.1|	5875	7070	7871	100.000	0.0	10623	Kappapapillomavirus 2
SRR6757665_35583_ka_f_631.306_L_827921_L_1211658_:93-1289	1	1196	1196	gi|8919744|emb|AJ404003.1|	5873	7068	7868	99.833	0.0	10623	Kappapapillomavirus 2
SRR6757665_35583_ka_f_631.306_L_827921_L_1211658_:93-1289	1	1196	1196	gi|9627196|ref|NC_001541.1|	5873	7068	7868	99.666	0.0	10623	Kappapapillomavirus 2
SRR6757665_35583_ka_f_631.306_L_827921_L_1211658_:93-1289	1	1196	1196	gi|60893946|gb|AY949861.1|	6601	7796	8202	99.666	0.0	317473	Expression vector pBCGL1
SRR6757665_35583_ka_f_631.306_L_827921_L_1211658_:93-1289	1	1196	1196	gi|333537|gb|K02708.1|RAPRBFCG	5873	7068	7868	99.666	0.0	10623	Kappapapillomavirus 2
SRR22231203_472889_ka_f_18.796_L_58888_L_472889_L_472889_:99-1316	1	1217	1217	gi|2710389705|tpg|BK066346.1|	5323	6539	7429	100.000	0.0	3116974	Papillomavirus homo7570
SRR22231203_472889_ka_f_18.796_L_58888_L_472889_L_472889_:99-1316	1	1217	1217	gi|1559669766|gb|MH972560.2|	4540	5756	6646	99.014	0.0	10566	Human papillomavirus
SRR22231203_472889_ka_f_18.796_L_58888_L_472889_L_472889_:99-1316	1	1214	1217	gi|409183142|gb|JX413110.1|	5641	6854	7417	83.608	0.0	1315265	Human papillomavirus 170
SRR22231203_472889_ka_f_18.796_L_58888_L_472889_L_472889_:99-1316	1	1214	1217	gi|1273499165|gb|MF588699.1|	5291	6504	7327	80.082	0.0	1175849	Gammapapillomavirus 7
SRR22231203_472889_ka_f_18.796_L_58888_L_472889_L_472889_:99-1316	1	1214	1217	gi|1559669704|gb|MH777240.2|	5291	6504	7328	80.016	0.0	10566	Human papillomavirus
ERR11284566_138251_ka_f_1205.507_L_10809015_L_8769437_L_8797211_:123-1301	1	1178	1178	gi|601448876|ref|NC_023852.1|	6297	7474	8228	99.915	0.0	1226723	Canis familiaris papillomavirus 13
ERR11284566_138251_ka_f_1205.507_L_10809015_L_8769437_L_8797211_:123-1301	1	1175	1178	gi|2710394415|tpg|BK066839.1|	6273	7447	8222	79.442	0.0	3116954	Papillomavirus canis8363a
ERR11284566_138251_ka_f_1205.507_L_10809015_L_8769437_L_8797211_:123-1301	25	981	1178	gi|1571835348|ref|NC_040579.1|	6402	7355	8300	74.636	1.53e-109	2304620	Canine papillomavirus 22
SRR22234545_26_ka_f_10.758_:69-1286	1	1217	1217	gi|1559669469|gb|MH777307.2|	5260	6476	7272	98.850	0.0	10566	Human papillomavirus
SRR22234545_26_ka_f_10.758_:69-1286	1	1214	1217	gi|677569933|gb|KM085343.1|	5250	6478	7278	76.314	1.11e-175	10566;1542134	Human papillomavirus;Human papillomavirus 197
SRR22234545_26_ka_f_10.758_:69-1286	204	540	1217	gi|528225936|gb|KC878003.1|	1	337	337	99.407	1.45e-169	10566	Human papillomavirus
SRR22234545_26_ka_f_10.758_:69-1286	3	1214	1217	gi|1559669402|gb|MH777237.2|	5252	6475	7276	74.616	5.44e-139	10566	Human papillomavirus
SRR22234545_26_ka_f_10.758_:69-1286	245	1217	1217	gi|1031620610|gb|KR816181.1|	5557	6514	7260	71.127	2.24e-43	1851219	Human papillomavirus type 194
SRR11095441_45031_ka_f_2358.494_L_45031_L_699059_L_45031_:81-1265	1	1184	1184	gi|556503837|ref|NC_022647.1|	5685	6868	7647	100.000	0.0	1408129	Mesocricetus auratus papillomavirus 1
SRR11095441_45031_ka_f_2358.494_L_45031_L_699059_L_45031_:81-1265	1	1179	1184	gi|736455512|gb|KP099578.1|	5748	6926	7630	76.540	2.33e-177	1487796	Phodopus sungorus papillomavirus 1
SRR11095441_45031_ka_f_2358.494_L_45031_L_699059_L_45031_:81-1265	1	1179	1184	gi|669174300|emb|LM653111.1|	5748	6926	7630	76.540	2.33e-177	1487796	Phodopus sungorus papillomavirus 1
SRR11095441_45031_ka_f_2358.494_L_45031_L_699059_L_45031_:81-1265	1	1179	1184	gi|2047730860|gb|MW602287.1|	5637	6815	7630	76.540	2.33e-177	1487796	Phodopus sungorus papillomavirus 1
SRR11095441_45031_ka_f_2358.494_L_45031_L_699059_L_45031_:81-1265	1	1179	1184	gi|2047730853|gb|MW602286.1|	5637	6815	7630	76.540	2.33e-177	1487796	Phodopus sungorus papillomavirus 1
ERR11223860_777928_ka_f_778.235_L_5206364_L_5206365_L_16237050_:123-1301	1	1178	1178	gi|2710394415|tpg|BK066839.1|	6273	7450	8222	100.000	0.0	3116954	Papillomavirus canis8363a
ERR11223860_777928_ka_f_778.235_L_5206364_L_5206365_L_16237050_:123-1301	1	1178	1178	gi|2710393739|tpg|BK066769.1|	6409	7586	8241	90.917	0.0	3116953	Papillomavirus canis8363
ERR11223860_777928_ka_f_778.235_L_5206364_L_5206365_L_16237050_:123-1301	1	1178	1178	gi|2710391775|tpg|BK066545.1|	6104	7287	8052	80.387	0.0	3116987	Papillomavirus numida8051
ERR11223860_777928_ka_f_778.235_L_5206364_L_5206365_L_16237050_:123-1301	1	1175	1178	gi|601448876|ref|NC_023852.1|	6297	7471	8228	79.442	0.0	1226723	Canis familiaris papillomavirus 13
SRR1622899_52_ka_f_33.874_:48-1259	1	1211	1211	gi|1559669330|gb|MH777181.2|	5220	6430	7271	99.587	0.0	10566	Human papillomavirus
SRR1622899_52_ka_f_33.874_:48-1259	1	1211	1211	gi|1273499127|gb|MF588694.1|	5220	6430	7271	99.339	0.0	2049444	Gammapapillomavirus sp.
SRR1622899_52_ka_f_33.874_:48-1259	1	1211	1211	gi|1559669278|gb|MH777153.2|	4950	6160	7005	89.926	0.0	10566	Human papillomavirus
SRR1622899_52_ka_f_33.874_:48-1259	104	543	1211	gi|19387151|gb|AF479252.1|	1	440	440	90.909	1.88e-163	10566	Human papillomavirus
SRR1622899_52_ka_f_33.874_:48-1259	25	771	1211	gi|1559669712|gb|MH777255.2|	5225	5971	7254	70.472	1.37e-25	10566	Human papillomavirus
SRR13789692_2301_ka_f_604.064_L_2301_L_2301_:87-1313	1	1226	1226	gi|389656432|ref|NC_017997.1|	5202	6427	7271	100.000	0.0	1070417	Human papillomavirus 144
SRR13789692_2301_ka_f_604.064_L_2301_L_2301_:87-1313	1	1226	1226	gi|1297870592|gb|MF509817.1|	5214	6439	7208	82.804	0.0	2060136	Human papillomavirus type 212
SRR13789692_2301_ka_f_604.064_L_2301_L_2301_:87-1313	104	546	1226	gi|19423669|gb|AF489715.1|	1	443	443	100.000	0.0	10566	Human papillomavirus
SRR13789692_2301_ka_f_604.064_L_2301_L_2301_:87-1313	104	546	1226	gi|18042191|gb|AF455146.1|	1	443	443	99.549	0.0	10566	Human papillomavirus
SRR13789692_2301_ka_f_604.064_L_2301_L_2301_:87-1313	1	1226	1226	gi|1559669692|gb|MH777201.2|	1516	2738	7325	74.615	5.45e-144	10566	Human papillomavirus
SRR12709160_1009_ka_f_37.942_:84-1292	1	1208	1208	gi|224983322|ref|NC_012213.1|	5622	6829	7149	99.586	0.0	565537	human papillomavirus 108
SRR12709160_1009_ka_f_37.942_:84-1292	1	1208	1208	gi|1898670094|emb|LR861925.1|	5631	6838	7158	98.924	0.0	565537	human papillomavirus 108
SRR12709160_1009_ka_f_37.942_:84-1292	1	1208	1208	gi|1898669770|emb|LR861885.1|	5631	6838	7158	98.841	0.0	565537	human papillomavirus 108
SRR12709160_1009_ka_f_37.942_:84-1292	1	1208	1208	gi|2422053580|gb|OP971066.1|	5220	6427	7158	98.758	0.0	565537	human papillomavirus 108
SRR12709160_1009_ka_f_37.942_:84-1292	1	1208	1208	gi|2422053205|gb|OP971018.1|	5219	6426	7157	98.758	0.0	565537	human papillomavirus 108
SRR26848470_5172_ka_f_48.172_L_5172_L_5172_:69-1274	1	1205	1205	gi|304522114|ref|NC_014469.1|	5323	6527	7181	99.917	0.0	746832	Human papillomavirus 127
SRR26848470_5172_ka_f_48.172_L_5172_L_5172_:69-1274	1	1205	1205	gi|1273499684|gb|MF588772.1|	2243	3447	5716	85.892	0.0	1513257	Gammapapillomavirus 12
SRR26848470_5172_ka_f_48.172_L_5172_L_5172_:69-1274	1	1205	1205	gi|1480689019|gb|MH777345.1|	5245	6449	7184	85.809	0.0	10566	Human papillomavirus
SRR26848470_5172_ka_f_48.172_L_5172_L_5172_:69-1274	1	1205	1205	gi|1559669508|gb|MH777346.2|	5205	6391	7134	77.796	0.0	10566	Human papillomavirus
SRR26848470_5172_ka_f_48.172_L_5172_L_5172_:69-1274	25	438	1205	gi|312451789|gb|GU117630.1|	5337	5747	7388	74.519	8.03e-38	909329	Human papillomavirus 130
SRR13789974_1499_ka_f_279.303_L_1499_L_1499_:96-1307	1	1211	1211	gi|1480688500|gb|MH777270.1|	5219	6429	7230	99.257	0.0	10566	Human papillomavirus
SRR13789974_1499_ka_f_279.303_L_1499_L_1499_:96-1307	104	548	1211	gi|89574365|gb|DQ418469.1|	1	445	446	91.011	3.12e-166	10566	Human papillomavirus
SRR13789974_1499_ka_f_279.303_L_1499_L_1499_:96-1307	916	1208	1211	gi|1480688310|gb|MH777239.1|	6182	6474	7255	75.251	4.93e-25	10566	Human papillomavirus
SRR13789974_1499_ka_f_279.303_L_1499_L_1499_:96-1307	888	1002	1211	gi|1559669296|gb|MH777155.2|	6094	6208	7214	80.000	3.89e-11	10566	Human papillomavirus
SRR13789974_1499_ka_f_279.303_L_1499_L_1499_:96-1307	922	1211	1211	gi|371486212|gb|JF966374.1|	6323	6612	7251	72.109	5.03e-10	10566	Human papillomavirus
SRR13789181_9349_ka_f_11.560_:36-1247	1	1211	1211	gi|1480689011|gb|MH777344.1|	5255	6465	7221	99.587	0.0	10566	Human papillomavirus
SRR13789181_9349_ka_f_11.560_:36-1247	1	1211	1211	gi|1273499388|gb|MF588727.1|	5255	6465	7221	99.587	0.0	1513260	Gammapapillomavirus 15
SRR13789181_9349_ka_f_11.560_:36-1247	1	1208	1211	gi|2419111588|gb|OP970967.1|	5276	6483	7299	80.379	0.0	3003845	human papillomavirus mSD2
SRR13789181_9349_ka_f_11.560_:36-1247	24	1205	1211	gi|1469334832|gb|MG869605.1|	5252	6436	7240	78.872	0.0	10566	Human papillomavirus
SRR13789181_9349_ka_f_11.560_:36-1247	1	1208	1211	gi|1559669719|gb|MH777279.2|	5238	6448	7247	78.519	0.0	10566	Human papillomavirus
SRR26208196_901674_ka_f_16.340_L_982155_:69-1289	1	1220	1220	gi|1559669611|gb|MH777260.2|	5172	6391	7142	99.016	0.0	10566	Human papillomavirus
SRR26208196_901674_ka_f_16.340_L_982155_:69-1289	1	1220	1220	gi|1559669605|gb|MH777245.2|	5173	6392	7140	81.015	0.0	10566	Human papillomavirus
SRR26208196_901674_ka_f_16.340_L_982155_:69-1289	216	529	1220	gi|1476009217|gb|MH460943.1|	1	314	314	97.134	4.19e-145	10566	Human papillomavirus
SRR26208196_901674_ka_f_16.340_L_982155_:69-1289	325	1185	1220	gi|2314662587|gb|ON745305.1|	5407	6267	6576	75.694	5.65e-114	2049444	Gammapapillomavirus sp.
SRR26208196_901674_ka_f_16.340_L_982155_:69-1289	54	689	1220	gi|1559669506|gb|MH777342.2|	5308	5953	7190	70.561	2.33e-18	10566	Human papillomavirus
SRR8066612_800976_ka_f_47.257_L_2402404_L_227293_:87-1274	1	1187	1187	gi|2710393960|tpg|BK066790.1|	6272	7452	8279	77.787	0.0	3116946	Papillomavirus canis7118
SRR8066612_800976_ka_f_47.257_L_2402404_L_227293_:87-1274	57	733	1187	gi|1064859043|gb|KX599536.1|	6038	6717	7941	72.950	6.02e-49	2759773	Canis familiaris papillomavirus 19
SRR13725760_1728_ka_f_12.727_L_51949_:126-1355	1	1229	1229	gi|1480688934|gb|MH777334.1|	5250	6478	7288	99.837	0.0	10566	Human papillomavirus
SRR13725760_1728_ka_f_12.727_L_51949_:126-1355	3	1229	1229	gi|1559669471|gb|MH777308.2|	5246	6472	7284	88.672	0.0	10566	Human papillomavirus
SRR13725760_1728_ka_f_12.727_L_51949_:126-1355	3	1229	1229	gi|1273499726|gb|MF588786.1|	150	1376	2719	88.672	0.0	1961681	Gammapapillomavirus 24
SRR13725760_1728_ka_f_12.727_L_51949_:126-1355	3	1229	1229	gi|1559669402|gb|MH777237.2|	5252	6478	7276	82.276	0.0	10566	Human papillomavirus
SRR13725760_1728_ka_f_12.727_L_51949_:126-1355	1	1226	1229	gi|677569933|gb|KM085343.1|	5250	6478	7278	81.914	0.0	10566;1542134	Human papillomavirus;Human papillomavirus 197
ERR5084370_7951_ka_f_19.500_L_7951_L_7951_:72-1262	1	1190	1190	gi|1559669280|gb|MH777200.2|	5177	6366	7121	99.580	0.0	10566	Human papillomavirus
ERR5084370_7951_ka_f_19.500_L_7951_L_7951_:72-1262	203	532	1190	gi|270048254|gb|FJ969911.1|	1	330	330	99.394	1.10e-165	10566	Human papillomavirus
ERR5084370_7951_ka_f_19.500_L_7951_L_7951_:72-1262	1	1167	1190	gi|1476009243|gb|MH460956.1|	5196	6371	7134	72.367	1.59e-89	2320739	Human papillomavirus type 210
ERR5084370_7951_ka_f_19.500_L_7951_L_7951_:72-1262	58	443	1190	gi|1297870620|gb|MF509820.1|	5250	5642	7186	70.603	1.07e-06	2060139	Human papillomavirus type 215
ERR5084370_7951_ka_f_19.500_L_7951_L_7951_:72-1262	1082	1113	1190	gi|2864327303|emb|OZ207097.1|	4284963	4284933	17722828	96.875	0.39	282031	Eumedonia eumedon
SRR14825055_2317_ka_f_22.300_:42-1253	1	1211	1211	gi|1031620540|gb|KR816171.1|	5298	6508	7286	99.422	0.0	1851126	Human papillomavirus type 183
SRR14825055_2317_ka_f_22.300_:42-1253	1	1211	1211	gi|1559669607|gb|MH777246.2|	5298	6508	7284	98.018	0.0	10566	Human papillomavirus
SRR14825055_2317_ka_f_22.300_:42-1253	1	1208	1211	gi|944326229|ref|NC_028125.1|	5477	6681	7233	80.083	0.0	1315262	human papillomavirus 163
SRR14825055_2317_ka_f_22.300_:42-1253	556	936	1211	gi|675818201|emb|LM653104.1|	1	381	381	97.375	1.10e-180	10566	Human papillomavirus
SRR14825055_2317_ka_f_22.300_:42-1253	1	1211	1211	gi|40804520|emb|AJ620210.1|	5416	6623	7337	73.415	2.61e-112	260716	Human papillomavirus 95
ERR7528797_31016_ka_f_7.517_:99-1301	1	1202	1202	gi|1480689212|gb|MH777378.1|	5231	6432	7240	100.000	0.0	10566	Human papillomavirus
ERR7528797_31016_ka_f_7.517_:99-1301	567	1202	1202	gi|1273499703|gb|MF588778.1|	1	636	1670	100.000	0.0	1513264	Gammapapillomavirus 19
ERR7528797_31016_ka_f_7.517_:99-1301	1	1196	1202	gi|1559669761|gb|MH777381.2|	5241	6442	7240	79.819	0.0	10566	Human papillomavirus
ERR7528797_31016_ka_f_7.517_:99-1301	106	546	1202	gi|380865566|gb|JQ250765.1|	1	441	441	99.773	0.0	10566	Human papillomavirus
ERR7528797_31016_ka_f_7.517_:99-1301	1	1187	1202	gi|1480688310|gb|MH777239.1|	5288	6462	7255	77.284	0.0	10566	Human papillomavirus
DRR472463_33_ka_f_566.144_L_54_L_55_L_56_:186-1376	1	1190	1190	gi|2374020074|gb|OP712110.1|	5700	6889	7983	99.664	0.0	171370	human papillomavirus 86
DRR472463_33_ka_f_566.144_L_54_L_55_L_56_:186-1376	1	1190	1190	gi|2374020617|gb|OP712081.1|	5700	6889	7983	99.496	0.0	171370	human papillomavirus 86
DRR472463_33_ka_f_566.144_L_54_L_55_L_56_:186-1376	1	1190	1190	gi|15741127|gb|AF349909.1|AF349909	5700	6889	7983	99.496	0.0	171370	human papillomavirus 86
DRR472463_33_ka_f_566.144_L_54_L_55_L_56_:186-1376	1	1190	1190	gi|1898670984|emb|LR862040.1|	5800	6986	7998	84.770	0.0	120381	human papillomavirus 87
DRR472463_33_ka_f_566.144_L_54_L_55_L_56_:186-1376	1	1190	1190	gi|2374019166|gb|OP711973.1|	5801	6987	7999	84.686	0.0	120381	human papillomavirus 87
DRR213713_3663_ka_f_232.495_L_3663_L_3663_:84-1304	1	1220	1220	gi|343411561|gb|HM999993.1|	5210	6429	7384	90.902	0.0	1070414	Human papillomavirus 141
DRR213713_3663_ka_f_232.495_L_3663_L_3663_:84-1304	104	540	1220	gi|17027113|gb|AF440445.1|	1	437	437	89.245	4.16e-150	10566	Human papillomavirus
DRR213713_3663_ka_f_232.495_L_3663_L_3663_:84-1304	135	680	1220	gi|319976676|ref|NC_014953.1|	5365	5910	7219	74.503	6.15e-54	931210	human papillomavirus 129
DRR213713_3663_ka_f_232.495_L_3663_L_3663_:84-1304	131	434	1220	gi|4574419|gb|AF121425.1|AF121425	31	337	446	78.778	4.82e-45	10566	Human papillomavirus
DRR213713_3663_ka_f_232.495_L_3663_L_3663_:84-1304	136	471	1220	gi|1559669469|gb|MH777307.2|	5395	5727	7272	71.471	1.82e-09	10566	Human papillomavirus
ERR1332587_938_ka_f_15.195_L_938_L_938_L_199622_:72-1274	1	1202	1202	gi|2710393141|tpg|BK066697.1|	5254	6455	7102	100.000	0.0	3116967	Papillomavirus homo7221
ERR1332587_938_ka_f_15.195_L_938_L_938_L_199622_:72-1274	1	1199	1202	gi|1559669288|gb|MH777349.2|	5158	6356	7110	83.097	0.0	10566	Human papillomavirus
ERR1332587_938_ka_f_15.195_L_938_L_938_L_199622_:72-1274	1	1199	1202	gi|1273499325|gb|MF588719.1|	5158	6356	7110	82.833	0.0	1513257	Gammapapillomavirus 12
ERR1332587_938_ka_f_15.195_L_938_L_938_L_199622_:72-1274	1	1199	1202	gi|1653972940|gb|MK620832.1|	5187	6385	6776	82.750	0.0	1513257	Gammapapillomavirus 12
ERR1332587_938_ka_f_15.195_L_938_L_938_L_199622_:72-1274	1	1199	1202	gi|1559669603|gb|MH777188.2|	5143	6341	7096	80.299	0.0	10566	Human papillomavirus
ERR3674534_4073_ka_f_123.761_L_4073_L_4073_:93-1292	1	1199	1199	gi|1273499523|gb|MF588744.1|	5272	6470	7209	98.916	0.0	1961680	Gammapapillomavirus 23
ERR3674534_4073_ka_f_123.761_L_4073_L_4073_:93-1292	1	1199	1199	gi|1559669411|gb|MH777247.2|	5272	6470	7209	98.749	0.0	10566	Human papillomavirus
ERR3674534_4073_ka_f_123.761_L_4073_L_4073_:93-1292	1	1199	1199	gi|2724609896|gb|PP718716.1|	5405	6600	8095	85.025	0.0	1434782	Human papillomavirus 175
ERR3674534_4073_ka_f_123.761_L_4073_L_4073_:93-1292	1	1199	1199	gi|1464308940|ref|NC_038524.1|	5275	6470	7226	84.942	0.0	1434782	Human papillomavirus 175
ERR3674534_4073_ka_f_123.761_L_4073_L_4073_:93-1292	1	1199	1199	gi|1559669423|gb|MH777259.2|	5255	6453	7192	83.250	0.0	10566	Human papillomavirus
ERR1992807_40946_ka_f_10.711_:24-1211	1	1187	1187	gi|1464308956|ref|NC_038526.1|	5503	6689	7622	100.000	0.0	2848316	Trichechus manatus latirostris papillomavirus 3
ERR1992807_40946_ka_f_10.711_:24-1211	1	1187	1187	gi|564112398|gb|KF574428.1|	43	1229	1503	100.000	0.0	2848316	Trichechus manatus latirostris papillomavirus 3
DRR008484_85337_ka_f_102.602_L_1661434_L_1661435_L_1661435_L_5671379_:96-1316	1	1220	1220	gi|256807731|gb|GQ246951.1|	5851	7070	7597	93.857	0.0	927771	human papillomavirus 118
DRR008484_85337_ka_f_102.602_L_1661434_L_1661435_L_1661435_L_5671379_:96-1316	1	1220	1220	gi|1031620617|gb|KR816182.1|	5666	6885	7569	83.224	0.0	1851220	Human papillomavirus type 195
DRR008484_85337_ka_f_102.602_L_1661434_L_1661435_L_1661435_L_5671379_:96-1316	1	1220	1220	gi|1273499010|gb|MF588679.1|	5666	6885	7567	83.224	0.0	337051	Betapapillomavirus 1
DRR008484_85337_ka_f_102.602_L_1661434_L_1661435_L_1661435_L_5671379_:96-1316	1	1220	1220	gi|1559669458|gb|MH777293.2|	5669	6888	7653	83.142	0.0	10566	Human papillomavirus
DRR008484_85337_ka_f_102.602_L_1661434_L_1661435_L_1661435_L_5671379_:96-1316	1	1220	1220	gi|1273499002|gb|MF588678.1|	5607	6826	7483	79.724	0.0	337051	Betapapillomavirus 1
ERR10942642_120924_ka_f_40.186_L_120924_L_120924_:141-1346	187	219	1205	gi|1273499651|gb|MF588762.1|	916	948	1752	96.970	0.030	1175850	Gammapapillomavirus 8
ERR10942642_120924_ka_f_40.186_L_120924_L_120924_:141-1346	1162	1190	1205	gi|56698748|ref|NC_006563.1|	6593	6621	7722	100.000	0.11	2908011	Trichechus manatus latirostris papillomavirus 1
ERR10942642_120924_ka_f_40.186_L_120924_L_120924_:141-1346	1162	1190	1205	gi|38455237|gb|AY455940.1|	241	269	458	100.000	0.11	255363	Florida manatee papillomavirus
ERR10942642_120924_ka_f_40.186_L_120924_L_120924_:141-1346	1162	1190	1205	gi|71040839|gb|DQ099424.1|	2793	2821	3208	100.000	0.11	255363	Florida manatee papillomavirus
ERR10942642_120924_ka_f_40.186_L_120924_L_120924_:141-1346	1162	1190	1205	gi|71040836|gb|DQ099423.1|	2793	2821	3208	100.000	0.11	255363	Florida manatee papillomavirus
SRR12089729_19604_ka_f_404.523_L_14782_L_194_:57-1286	1	1229	1229	gi|1559669342|gb|MH777190.2|	5569	6797	7456	100.000	0.0	10566	Human papillomavirus
SRR12089729_19604_ka_f_404.523_L_14782_L_194_:57-1286	1	1229	1229	gi|1020194|gb|U31782.1|HPU31782	5761	6989	7452	88.402	0.0	37956	human papillomavirus 24
SRR12089729_19604_ka_f_404.523_L_14782_L_194_:57-1286	1	1226	1229	gi|262113834|emb|FM955837.2|	5832	7057	7466	83.238	0.0	587347	Human papillomavirus 98
SRR12089729_19604_ka_f_404.523_L_14782_L_194_:57-1286	1	1226	1229	gi|37089393|gb|AY382778.1|	5688	6913	7450	81.006	0.0	10566;247268	Human papillomavirus;Human papillomavirus 93
SRR12089729_19604_ka_f_404.523_L_14782_L_194_:57-1286	1	1226	1229	gi|1031620624|gb|KR816183.1|	5604	6820	7500	78.257	0.0	1851221	Human papillomavirus type 196
SRR11306636_2471_ka_f_105.938_L_2471_L_2471_L_251544_:78-1280	1	1202	1202	gi|1273499427|gb|MF588732.1|	5362	6563	7289	96.755	0.0	1513264	Gammapapillomavirus 19
SRR11306636_2471_ka_f_105.938_L_2471_L_2471_L_251544_:78-1280	104	542	1202	gi|6694906|gb|AF217674.1|AF217674	1	439	440	96.355	0.0	10566	Human papillomavirus
SRR11306636_2471_ka_f_105.938_L_2471_L_2471_L_251544_:78-1280	1	1202	1202	gi|1559669707|gb|MH777252.2|	49	1256	7272	75.671	8.74e-157	10566	Human papillomavirus
SRR11306636_2471_ka_f_105.938_L_2471_L_2471_L_251544_:78-1280	1	1202	1202	gi|1389447876|gb|MH172379.1|	5240	6447	7275	75.407	8.80e-152	2200959	Human papillomavirus type 222
SRR11306636_2471_ka_f_105.938_L_2471_L_2471_L_251544_:78-1280	1	1199	1202	gi|1559669501|gb|MH777339.2|	5236	6425	7247	73.251	2.61e-107	10566	Human papillomavirus
ERR10187991_25197_ka_f_16.216_L_381828_L_381828_:57-1223	1	1166	1166	gi|2075898012|gb|MW436430.1|	5589	6754	7839	100.000	0.0	2758968	Bos taurus papillomavirus 8
ERR10187991_25197_ka_f_16.216_L_381828_L_381828_:57-1223	1	37	1166	gi|2075898012|gb|MW436430.1|	5535	5571	7839	100.000	3.77e-06	2758968	Bos taurus papillomavirus 8
ERR10187991_25197_ka_f_16.216_L_381828_L_381828_:57-1223	1	1166	1166	gi|2075898003|gb|MW436429.1|	5535	6700	7699	100.000	0.0	2758968	Bos taurus papillomavirus 8
ERR10187991_25197_ka_f_16.216_L_381828_L_381828_:57-1223	1	1166	1166	gi|89034263|gb|DQ098917.1|	5640	6805	7773	100.000	0.0	374078	Bovine papillomavirus type 8-EB
ERR10187991_25197_ka_f_16.216_L_381828_L_381828_:57-1223	1	1166	1166	gi|89034256|gb|DQ098913.1|	5640	6805	7791	100.000	0.0	2758968	Bos taurus papillomavirus 8
ERR10187991_25197_ka_f_16.216_L_381828_L_381828_:57-1223	1	1166	1166	gi|1523394342|gb|MH237829.1|	5535	6700	7699	99.914	0.0	2758968	Bos taurus papillomavirus 8
SRR5447139_1009_ka_f_154.293_L_1009_L_1009_:141-1316	1	1175	1175	gi|1476681437|gb|MH892423.1|	6262	7436	7716	99.234	0.0	1036965	Rattus norvegicus papillomavirus 2
SRR5447139_1009_ka_f_154.293_L_1009_L_1009_:141-1316	1	1175	1175	gi|1476681431|gb|MH892422.1|	6262	7436	7716	99.234	0.0	1036965	Rattus norvegicus papillomavirus 2
SRR5447139_1009_ka_f_154.293_L_1009_L_1009_:141-1316	1	1175	1175	gi|1476681425|gb|MH892421.1|	6268	7442	7722	99.234	0.0	1036965	Rattus norvegicus papillomavirus 2
SRR5447139_1009_ka_f_154.293_L_1009_L_1009_:141-1316	1	1175	1175	gi|1476681419|gb|MH892420.1|	6268	7442	7722	99.234	0.0	1036965	Rattus norvegicus papillomavirus 2
SRR5447139_1009_ka_f_154.293_L_1009_L_1009_:141-1316	1	1175	1175	gi|1476681443|gb|MH892424.1|	6268	7442	7722	99.149	0.0	1036965	Rattus norvegicus papillomavirus 2
ERR11284567_363028_ka_f_111.094_L_363028_L_363028_L_2228357_:66-1250	1	1184	1184	gi|255683764|gb|FJ492743.1|	6212	7395	7810	100.000	0.0	658422	Canis familiaris papillomavirus 5
ERR11284567_363028_ka_f_111.094_L_363028_L_363028_L_2228357_:66-1250	922	1184	1184	gi|1009185963|gb|KT072744.1|	1	263	420	93.156	9.30e-102	1820157	Lambdapapillomavirus Sask1
SRR17534937_9_ka_f_19.704_L_9_L_9_:105-1325	1	1220	1220	gi|1559669365|gb|MH777206.2|	5204	6423	7328	99.508	0.0	10566	Human papillomavirus
SRR17534937_9_ka_f_19.704_L_9_L_9_:105-1325	190	569	1220	gi|512390749|gb|KC752132.1|	1	380	380	97.632	0.0	10566	Human papillomavirus
SRR17534937_9_ka_f_19.704_L_9_L_9_:105-1325	4	1206	1220	gi|1559669712|gb|MH777255.2|	5204	6409	7254	73.290	7.36e-108	10566	Human papillomavirus
SRR17534937_9_ka_f_19.704_L_9_L_9_:105-1325	22	752	1220	gi|409183105|gb|JX413105.1|	5363	6090	7252	73.187	6.07e-64	1315260	Human papillomavirus 169
SRR17534937_9_ka_f_19.704_L_9_L_9_:105-1325	16	499	1220	gi|1480688272|gb|MH777234.1|	5242	5718	7289	73.770	6.29e-39	10566	Human papillomavirus
ERR10856926_9420_ka_f_5.715_:90-1283	1	1193	1193	gi|410118099|ref|NC_019023.1|	5522	6714	7212	99.329	0.0	1315259	human papillomavirus 166
ERR10856926_9420_ka_f_5.715_:90-1283	1	1193	1193	gi|1559669296|gb|MH777155.2|	5225	6417	7214	90.696	0.0	10566	Human papillomavirus
ERR10856926_9420_ka_f_5.715_:90-1283	1	1190	1193	gi|1243977482|gb|MF176072.1|	5205	6394	7216	83.431	0.0	10566	Human papillomavirus
ERR10856926_9420_ka_f_5.715_:90-1283	1	1190	1193	gi|1559669485|gb|MH777322.2|	5321	6510	7324	82.161	0.0	10566	Human papillomavirus
ERR10856926_9420_ka_f_5.715_:90-1283	1	1193	1193	gi|1559669314|gb|MH777165.2|	5345	6537	7378	79.833	0.0	10566	Human papillomavirus
SRR13789472_5570_ka_f_14.099_:99-1307	1	1205	1208	gi|2236336708|gb|MW535770.1|	5288	6492	7319	94.274	0.0	2944249	Human papillomavirus type 229
SRR13789472_5570_ka_f_14.099_:99-1307	1	1196	1208	gi|1144331551|gb|KX781282.1|	5282	6477	7314	89.214	0.0	10566	Human papillomavirus
SRR13789472_5570_ka_f_14.099_:99-1307	1	1196	1208	gi|1559669324|gb|MH777174.2|	5282	6477	7314	89.047	0.0	10566	Human papillomavirus
SRR13789472_5570_ka_f_14.099_:99-1307	1	1205	1208	gi|319962660|ref|NC_014956.1|	5285	6489	7309	87.054	0.0	909333	Human papillomavirus 134
SRR13789472_5570_ka_f_14.099_:99-1307	104	540	1208	gi|55710306|gb|AY040284.2|	1	437	437	94.305	0.0	10566	Human papillomavirus
SRR6442904_1652_ka_f_73.466_L_16445_L_16445_:141-1355	1	1211	1214	gi|1559669421|gb|MH777257.2|	5296	6506	7290	99.752	0.0	10566	Human papillomavirus
SRR6442904_1652_ka_f_73.466_L_16445_L_16445_:141-1355	1	1211	1214	gi|1469334824|gb|MG869604.1|	5296	6506	7291	89.100	0.0	10566	Human papillomavirus
SRR6442904_1652_ka_f_73.466_L_16445_L_16445_:141-1355	1	1211	1214	gi|1273499213|gb|MF588705.1|	5303	6513	7298	89.017	0.0	1175850	Gammapapillomavirus 8
SRR6442904_1652_ka_f_73.466_L_16445_L_16445_:141-1355	1	1211	1214	gi|1559669398|gb|MH777235.2|	5725	6935	7288	88.935	0.0	10566	Human papillomavirus
SRR6442904_1652_ka_f_73.466_L_16445_L_16445_:141-1355	1	1211	1214	gi|1480688219|gb|MH777227.1|	5293	6494	7262	81.436	0.0	10566	Human papillomavirus
ERR7413322_323229_ka_f_11.315_L_323229_L_323229_:99-1280	1	1181	1181	gi|444303709|gb|KC138720.1|	5786	6966	7830	99.915	0.0	1288116	Human papillomavirus type XS2
ERR7413322_323229_ka_f_11.315_L_323229_L_323229_:99-1280	1	1181	1181	gi|629266009|dbj|AB793779.1|	5659	6839	7805	98.391	0.0	1297549	Human papillomavirus type 78
ERR7413322_323229_ka_f_11.315_L_323229_L_323229_:99-1280	3	1172	1181	gi|312451772|gb|GU117628.1|	5732	6900	7872	82.158	0.0	260717	Human papillomavirus 94
ERR7413322_323229_ka_f_11.315_L_323229_L_323229_:99-1280	1	1172	1181	gi|397005|emb|X74462.1|	5796	6967	7820	81.888	0.0	10614	Human papillomavirus 3
ERR7413322_323229_ka_f_11.315_L_323229_L_323229_:99-1280	3	1172	1181	gi|256807724|gb|GQ246950.1|	5853	7024	7895	81.934	0.0	720708	Human papillomavirus 117
ERR2789320_196_ka_f_412.721_L_196_L_196_:72-1271	1	1199	1199	gi|319962668|ref|NC_014955.1|	5188	6386	7125	93.995	0.0	909331	Human papillomavirus 132
ERR2789320_196_ka_f_412.721_L_196_L_196_:72-1271	1	1196	1199	gi|1476009243|gb|MH460956.1|	5196	6391	7134	83.041	0.0	2320739	Human papillomavirus type 210
ERR2789320_196_ka_f_412.721_L_196_L_196_:72-1271	104	539	1199	gi|17027123|gb|AF440450.1|	1	436	437	94.037	0.0	10566	Human papillomavirus
ERR2789320_196_ka_f_412.721_L_196_L_196_:72-1271	104	518	1199	gi|11991657|gb|AF327732.1|AF327732	1	415	437	82.212	7.39e-93	10566	Human papillomavirus
ERR2789320_196_ka_f_412.721_L_196_L_196_:72-1271	878	1199	1199	gi|1559669513|gb|MH777357.2|	6063	6384	7130	75.767	8.04e-33	10566	Human papillomavirus
SRR13725758_10806_ka_f_26.226_L_58212_L_142641_:138-1349	1	1208	1211	gi|1344457853|gb|MG921179.1|	49	1256	1533	80.574	0.0	2093788	Human papillomavirus type 198
SRR13725758_10806_ka_f_26.226_L_58212_L_142641_:138-1349	4	1208	1211	gi|186461202|gb|EU410349.1|	5673	6868	7384	78.254	0.0	518630	Human papillomavirus 111
SRR13725758_10806_ka_f_26.226_L_58212_L_142641_:138-1349	2	1208	1211	gi|238623465|emb|FM955842.1|	5663	6866	7412	77.796	0.0	587351	Human papillomavirus 113
SRR13725758_10806_ka_f_26.226_L_58212_L_142641_:138-1349	1	1208	1211	gi|395627595|emb|HE963025.1|	5554	6758	7443	77.475	0.0	1209820	Human papillomavirus 159
SRR13725758_10806_ka_f_26.226_L_58212_L_142641_:138-1349	1	1211	1211	gi|396924|emb|X74468.1|	5751	6958	7412	77.042	0.0	10606	Human papillomavirus 15
SRR13726049_75917_ka_f_13.054_:93-1310	1	1217	1217	gi|2222704870|gb|MW311489.1|	5194	6410	7186	88.085	0.0	10566	Human papillomavirus
SRR13726049_75917_ka_f_13.054_:93-1310	559	942	1217	gi|636576464|emb|LK022313.1|	1	384	384	100.000	0.0	10566	Human papillomavirus
SRR13726049_75917_ka_f_13.054_:93-1310	559	939	1217	gi|636576456|emb|LK022309.1|	1	381	384	98.688	0.0	10566	Human papillomavirus
SRR13726049_75917_ka_f_13.054_:93-1310	233	544	1217	gi|1476009215|gb|MH460942.1|	1	312	312	98.718	2.48e-152	10566	Human papillomavirus
SRR13726049_75917_ka_f_13.054_:93-1310	1	1214	1217	gi|1559669350|gb|MH777195.2|	5224	6450	7211	72.859	2.06e-103	10566	Human papillomavirus
SRR6442896_3264_ka_f_420.191_L_72339_L_3174_L_6730_:72-1280	1	1208	1208	gi|1273499491|gb|MF588740.1|	5240	6447	7226	100.000	0.0	1961679	Gammapapillomavirus 22
SRR6442896_3264_ka_f_420.191_L_72339_L_3174_L_6730_:72-1280	1	1208	1208	gi|1559669294|gb|MH777154.2|	5240	6447	7226	99.917	0.0	10566	Human papillomavirus
SRR6442896_3264_ka_f_420.191_L_72339_L_3174_L_6730_:72-1280	1	1208	1208	gi|1559669352|gb|MH777196.2|	5242	6449	7215	80.492	0.0	10566	Human papillomavirus
SRR6442896_3264_ka_f_420.191_L_72339_L_3174_L_6730_:72-1280	1	1208	1208	gi|1273499443|gb|MF588734.1|	5233	6449	7214	80.033	0.0	1961679	Gammapapillomavirus 22
SRR6442896_3264_ka_f_420.191_L_72339_L_3174_L_6730_:72-1280	1	1208	1208	gi|1559669362|gb|MH777204.2|	5233	6449	7214	79.951	0.0	10566	Human papillomavirus
SRR14370103_2252_ka_f_3.900_:237-1439	1	1202	1202	gi|1297870601|gb|MF509818.1|	5181	6382	7096	99.834	0.0	2060137	Human papillomavirus type 213
SRR14370103_2252_ka_f_3.900_:237-1439	1	1202	1202	gi|1898671113|emb|LR862055.1|	5181	6382	7096	99.501	0.0	2060137	Human papillomavirus type 213
SRR14370103_2252_ka_f_3.900_:237-1439	2	1199	1202	gi|1389447846|gb|MH172376.1|	5187	6384	7108	86.811	0.0	2200956	Human papillomavirus type 219
SRR14370103_2252_ka_f_3.900_:237-1439	141	540	1202	gi|1185315484|gb|KY063002.1|	1	400	400	99.500	0.0	10566	Human papillomavirus
SRR14370103_2252_ka_f_3.900_:237-1439	268	326	1202	gi|1559669344|gb|MH777191.2|	5507	5565	7191	89.831	2.32e-08	10566	Human papillomavirus
SRR6442904_467_ka_f_64.995_L_4341_L_4992_:69-1274	1	1205	1205	gi|1273499684|gb|MF588772.1|	2243	3447	5716	100.000	0.0	1513257	Gammapapillomavirus 12
SRR6442904_467_ka_f_64.995_L_4341_L_4992_:69-1274	1	1205	1205	gi|1480689019|gb|MH777345.1|	5245	6449	7184	99.917	0.0	10566	Human papillomavirus
SRR6442904_467_ka_f_64.995_L_4341_L_4992_:69-1274	1	1205	1205	gi|304522114|ref|NC_014469.1|	5323	6527	7181	85.809	0.0	746832	Human papillomavirus 127
SRR6442904_467_ka_f_64.995_L_4341_L_4992_:69-1274	1	1205	1205	gi|929996745|gb|KT372348.1|	5208	6394	7184	77.419	0.0	1545700	Human papillomavirus 199
SRR6442904_467_ka_f_64.995_L_4341_L_4992_:69-1274	1	1205	1205	gi|674781099|gb|KJ913662.1|	5208	6394	7184	76.923	0.0	1545700	Human papillomavirus 199
SRR15442790_15745_ka_f_172.525_L_15745_L_15745_:96-1295	1	1199	1199	gi|1559669757|gb|MH777356.2|	5249	6447	7304	99.416	0.0	10566	Human papillomavirus
SRR15442790_15745_ka_f_172.525_L_15745_L_15745_:96-1295	1	1199	1199	gi|1480688371|gb|MH777249.1|	5267	6465	7260	81.667	0.0	10566	Human papillomavirus
SRR15442790_15745_ka_f_172.525_L_15745_L_15745_:96-1295	1	1196	1199	gi|1559669736|gb|MH777316.2|	5254	6449	7206	79.419	0.0	10566	Human papillomavirus
SRR15442790_15745_ka_f_172.525_L_15745_L_15745_:96-1295	1	1196	1199	gi|1559669378|gb|MH777215.2|	5255	6450	7291	77.483	0.0	10566	Human papillomavirus
SRR15442790_15745_ka_f_172.525_L_15745_L_15745_:96-1295	1	1196	1199	gi|1571847438|ref|NC_040805.1|	5255	6450	7282	77.483	0.0	2049444	Gammapapillomavirus sp.
ERR3210053_65661_ka_f_19.214_L_65661_L_65661_:99-1298	1	1199	1199	gi|1559669322|gb|MH777170.2|	5264	6462	7238	99.416	0.0	10566	Human papillomavirus
ERR3210053_65661_ka_f_19.214_L_65661_L_65661_:99-1298	1	1196	1199	gi|1559669344|gb|MH777191.2|	5246	6441	7191	80.266	0.0	10566	Human papillomavirus
ERR3210053_65661_ka_f_19.214_L_65661_L_65661_:99-1298	1	1196	1199	gi|1571844811|ref|NC_040688.1|	5246	6441	7191	80.183	0.0	2049444	Gammapapillomavirus sp.
ERR3210053_65661_ka_f_19.214_L_65661_L_65661_:99-1298	1	1199	1199	gi|1559669736|gb|MH777316.2|	5254	6452	7206	76.325	3.94e-175	10566	Human papillomavirus
ERR3210053_65661_ka_f_19.214_L_65661_L_65661_:99-1298	1	1199	1199	gi|1559669724|gb|MH777287.2|	3957	5155	7301	76.163	1.83e-173	10566	Human papillomavirus
SRR12173160_2116321_ka_f_59.957_L_2116321_L_2116321_:147-1352	1	1205	1205	gi|1559669679|gb|MH777180.2|	5287	6491	7291	99.917	0.0	10566	Human papillomavirus
SRR12173160_2116321_ka_f_59.957_L_2116321_L_2116321_:147-1352	1	1205	1205	gi|916345895|gb|KP692119.1|	5288	6492	7292	99.917	0.0	10566	Human papillomavirus
SRR12173160_2116321_ka_f_59.957_L_2116321_L_2116321_:147-1352	1	1205	1205	gi|916345887|gb|KP692118.1|	5287	6491	7317	99.917	0.0	10566	Human papillomavirus
SRR12173160_2116321_ka_f_59.957_L_2116321_L_2116321_:147-1352	1	1205	1205	gi|1273499587|gb|MF588752.1|	5287	6491	7291	99.585	0.0	1961682	Gammapapillomavirus 25
SRR12173160_2116321_ka_f_59.957_L_2116321_L_2116321_:147-1352	169	1016	1205	gi|1273499738|gb|MF588790.1|	1	848	859	85.041	0.0	1961682	Gammapapillomavirus 25
SRR2063967_1035_ka_f_816.161_L_52434_L_11987_L_13341_:237-1415	1	1178	1178	gi|2710389762|tpg|BK066355.1|	5479	6656	7557	100.000	0.0	3116998	Papillomavirus rhinolophus4626
SRR2063967_1035_ka_f_816.161_L_52434_L_11987_L_13341_:237-1415	1	1178	1178	gi|2699892607|gb|OR952774.1|	5480	6657	7558	100.000	0.0	3127952	Rhinolophus bat papillomavirus 3
SRR2063967_1035_ka_f_816.161_L_52434_L_11987_L_13341_:237-1415	1	1178	1178	gi|2699893165|gb|OR952903.1|	1274	2451	4171	99.915	0.0	3127952	Rhinolophus bat papillomavirus 3
SRR2063967_1035_ka_f_816.161_L_52434_L_11987_L_13341_:237-1415	1	1178	1178	gi|2699893211|gb|OR952912.1|	304	1481	2020	99.830	0.0	3127952	Rhinolophus bat papillomavirus 3
SRR2063967_1035_ka_f_816.161_L_52434_L_11987_L_13341_:237-1415	1	1178	1178	gi|2699893282|gb|OR952927.1|	1263	2440	2843	99.660	0.0	3127952	Rhinolophus bat papillomavirus 3
SRR1647217_153_ka_f_17.025_L_153_L_153_:87-1274	1	1187	1187	gi|2710391502|tpg|BK066513.1|	6223	7409	8062	99.916	0.0	3116962	Papillomavirus felis8233a
SRR1647217_153_ka_f_17.025_L_153_L_153_:87-1274	1	1174	1187	gi|2805785170|gb|PQ335169.1|	710	1883	1888	99.744	0.0	3348415	Felis domesticus papillomavirus
SRR1647217_153_ka_f_17.025_L_153_L_153_:87-1274	1	1187	1187	gi|2710391585|tpg|BK066522.1|	6227	7413	8066	98.484	0.0	3116961	Papillomavirus felis8233
SRR1647217_153_ka_f_17.025_L_153_L_153_:87-1274	1	1179	1187	gi|258611059|ref|NC_013237.1|	6413	7594	8242	75.357	6.72e-153	1513269	Canis familiaris papillomavirus 6
SRR1647217_153_ka_f_17.025_L_153_L_153_:87-1274	1	1179	1187	gi|1352189756|gb|KY802017.1|	6413	7594	8242	75.273	3.13e-151	1513269	Canis familiaris papillomavirus 6
SRR13789345_2995_ka_f_114.189_L_2995_L_2995_:90-1301	1	1211	1211	gi|1480687750|gb|MH777161.1|	5298	6508	7351	99.009	0.0	10566	Human papillomavirus
SRR13789345_2995_ka_f_114.189_L_2995_L_2995_:90-1301	1	1211	1211	gi|443498378|gb|KC108722.1|	5303	6513	7356	85.231	0.0	1449827	Human papillomavirus 180
SRR13789345_2995_ka_f_114.189_L_2995_L_2995_:90-1301	1	1211	1211	gi|2724609934|gb|PP718721.1|	5363	6573	7429	83.512	0.0	915429	Human papillomavirus 121
SRR13789345_2995_ka_f_114.189_L_2995_L_2995_:90-1301	1	1211	1211	gi|2724609882|gb|PP718714.1|	5363	6573	7409	83.512	0.0	915429	Human papillomavirus 121
SRR13789345_2995_ka_f_114.189_L_2995_L_2995_:90-1301	1	1211	1211	gi|2724609829|gb|PP718707.1|	5363	6573	7409	83.512	0.0	915429	Human papillomavirus 121
SRR22071710_10491_ka_f_153.484_L_10491_L_10491_:78-1268	1	1190	1190	gi|2462484680|gb|ON932812.1|	49	1238	1539	99.748	0.0	2050020	Rodent papillomavirus
SRR22071710_10491_ka_f_153.484_L_10491_L_10491_:78-1268	1	1190	1190	gi|1476681449|gb|MH892425.1|	5324	6513	7370	99.664	0.0	2336760	Papillomaviridae RPVne-OR02-zj
SRR22071710_10491_ka_f_153.484_L_10491_L_10491_:78-1268	1	1190	1190	gi|2462484678|gb|ON932811.1|	43	1232	1476	89.244	0.0	2050020	Rodent papillomavirus
SRR22071710_10491_ka_f_153.484_L_10491_L_10491_:78-1268	1	1187	1190	gi|1571837270|ref|NC_040604.1|	5330	6516	7373	84.357	0.0	2050020	Rodent papillomavirus
SRR22071710_10491_ka_f_153.484_L_10491_L_10491_:78-1268	1	1187	1190	gi|255762023|gb|GQ180114.1|	5891	7077	7378	84.357	0.0	664730	Rattus norvegicus papillomavirus 1
SRR25256535_79630_ka_f_302.271_L_79630_L_79630_:93-1283	177	249	1190	gi|1559669757|gb|MH777356.2|	5428	5500	7304	89.041	8.21e-13	10566	Human papillomavirus
SRR25256535_79630_ka_f_302.271_L_79630_L_79630_:93-1283	154	249	1190	gi|1559669337|gb|MH777186.2|	5402	5497	7222	81.443	6.39e-09	10566	Human papillomavirus
SRR25256535_79630_ka_f_302.271_L_79630_L_79630_:93-1283	513	582	1190	gi|77157775|gb|DQ180494.1|	6774	6843	8078	85.714	8.27e-08	2848325	Uncia uncia papillomavirus 1
SRR25256535_79630_ka_f_302.271_L_79630_L_79630_:93-1283	174	249	1190	gi|6694908|gb|AF217675.1|AF217675	80	155	440	83.117	3.85e-06	10566	Human papillomavirus
SRR19145070_68_ka_f_122.190_L_68_L_68_:69-1280	1	1211	1211	gi|1571847431|ref|NC_040804.1|	5220	6430	7255	100.000	0.0	2049444	Gammapapillomavirus sp.
SRR19145070_68_ka_f_122.190_L_68_L_68_:69-1280	1	1208	1211	gi|1559669279|gb|MH777172.2|	4498	5705	6533	99.007	0.0	10566	Human papillomavirus
SRR19145070_68_ka_f_122.190_L_68_L_68_:69-1280	1	1208	1211	gi|1571832003|ref|NC_040550.1|	5203	6410	7226	80.560	0.0	2049444	Gammapapillomavirus sp.
SRR19145070_68_ka_f_122.190_L_68_L_68_:69-1280	1	1208	1211	gi|1559669459|gb|MH777296.2|	5203	6410	7228	80.132	0.0	10566	Human papillomavirus
SRR19145070_68_ka_f_122.190_L_68_L_68_:69-1280	104	356	1211	gi|353441666|gb|JF906534.1|	1	253	253	99.605	1.54e-124	10566	Human papillomavirus
SRR6856371_85981_ka_f_7.601_:63-1295	1	1232	1232	gi|396948|emb|X74471.1|	5937	7162	7713	97.565	0.0	10609	human papillomavirus 25
SRR6856371_85981_ka_f_7.601_:63-1295	1	1227	1232	gi|396940|emb|X74470.1|	5909	7128	7685	85.517	0.0	10608	Human papillomavirus 19
SRR6856371_85981_ka_f_7.601_:63-1295	1	1229	1232	gi|396918|emb|X74467.1|	5651	6876	7439	81.538	0.0	31546	Human papillomavirus type 14D
SRR6856371_85981_ka_f_7.601_:63-1295	104	546	1232	gi|40686789|gb|AY502598.1|	1	443	443	100.000	0.0	10566	Human papillomavirus
SRR6856371_85981_ka_f_7.601_:63-1295	1	1229	1232	gi|1020194|gb|U31782.1|HPU31782	5761	6986	7452	76.632	0.0	37956	human papillomavirus 24
SRR16471052_421756_ka_f_7.700_:222-1436	1	1214	1214	gi|2416400560|gb|OP721236.1|	223	1436	1725	99.835	0.0	10566	Human papillomavirus
SRR16471052_421756_ka_f_7.700_:222-1436	1	1214	1214	gi|2416400526|gb|OP721219.1|	223	1436	1725	99.588	0.0	10566	Human papillomavirus
SRR16471052_421756_ka_f_7.700_:222-1436	1	1214	1214	gi|2416400492|gb|OP721201.1|	223	1436	1725	99.588	0.0	10566	Human papillomavirus
SRR16471052_421756_ka_f_7.700_:222-1436	1	1214	1214	gi|1273499143|gb|MF588696.1|	4988	6201	7324	99.506	0.0	1175848	Gammapapillomavirus 6
SRR16471052_421756_ka_f_7.700_:222-1436	1	1199	1214	gi|1898670038|emb|LR861918.1|	4993	6185	7263	84.167	0.0	338323	human papillomavirus 103
SRR6442891_264_ka_f_25.952_L_3070_L_3070_:105-1319	1	1214	1214	gi|1273499245|gb|MF588709.1|	5228	6441	7256	100.000	0.0	1175851	Gammapapillomavirus 9
SRR6442891_264_ka_f_25.952_L_3070_L_3070_:105-1319	1	1214	1214	gi|1480687913|gb|MH777184.1|	5228	6441	7256	99.506	0.0	10566	Human papillomavirus
SRR6442891_264_ka_f_25.952_L_3070_L_3070_:105-1319	104	546	1214	gi|11067088|gb|AY009884.1|	1	443	443	96.163	0.0	10566	Human papillomavirus
SRR6442891_264_ka_f_25.952_L_3070_L_3070_:105-1319	559	936	1214	gi|636576460|emb|LK022311.1|	1	378	378	99.735	0.0	10566	Human papillomavirus
SRR6442891_264_ka_f_25.952_L_3070_L_3070_:105-1319	1	1214	1214	gi|1559669406|gb|MH777243.2|	5232	6442	7218	74.980	5.35e-149	10566	Human papillomavirus
SRR13790079_98987_ka_f_33.765_:129-1346	1	1217	1217	gi|1559669493|gb|MH777331.2|	5250	6466	7315	99.343	0.0	10566	Human papillomavirus
SRR13790079_98987_ka_f_33.765_:129-1346	1	1217	1217	gi|1559669551|gb|MH972561.2|	5247	6463	7322	86.241	0.0	10566	Human papillomavirus
SRR13790079_98987_ka_f_33.765_:129-1346	4	1217	1217	gi|1144331863|gb|KX781284.1|	5263	6476	7281	75.472	8.79e-162	10566	Human papillomavirus
SRR13790079_98987_ka_f_33.765_:129-1346	1	1217	1217	gi|1480688934|gb|MH777334.1|	5250	6478	7288	74.858	1.93e-148	10566	Human papillomavirus
SRR13790079_98987_ka_f_33.765_:129-1346	184	461	1217	gi|512390753|gb|KC752134.1|	1	278	380	78.723	4.85e-40	10566	Human papillomavirus
SRR11304755_285840_ka_f_48.945_L_433509_L_1056700_:36-1250	4	1214	1214	gi|1559669497|gb|MH777336.2|	5289	6499	7263	80.442	0.0	10566	Human papillomavirus
SRR11304755_285840_ka_f_48.945_L_433509_L_1056700_:36-1250	4	1214	1214	gi|1273499483|gb|MF588739.1|	5286	6496	7260	79.869	0.0	1961679	Gammapapillomavirus 22
SRR11304755_285840_ka_f_48.945_L_433509_L_1056700_:36-1250	1	1211	1214	gi|1273499459|gb|MF588736.1|	5264	6478	7237	79.296	0.0	1961679	Gammapapillomavirus 22
SRR11304755_285840_ka_f_48.945_L_433509_L_1056700_:36-1250	4	1199	1214	gi|1480688325|gb|MH777241.1|	5277	6469	7253	79.035	0.0	10566	Human papillomavirus
SRR11304755_285840_ka_f_48.945_L_433509_L_1056700_:36-1250	3	1214	1214	gi|1559669333|gb|MH777183.2|	5304	6518	7308	78.059	0.0	10566	Human papillomavirus
SRR12709456_16768_ka_f_138.701_:66-1244	1	1178	1178	gi|15212100|emb|AJ313179.1|	46	1223	1518	100.000	0.0	32630	synthetic construct
SRR12709456_16768_ka_f_138.701_:66-1244	1	1178	1178	gi|67772357|gb|DQ067889.1|	46	1223	1518	96.435	0.0	32630	synthetic construct
SRR12709456_16768_ka_f_138.701_:66-1244	1	1173	1178	gi|157421870|gb|EU127831.1|	46	1221	1515	90.068	0.0	32630	synthetic construct
SRR12709456_16768_ka_f_138.701_:66-1244	1	1172	1178	gi|1931772245|gb|MT813123.1|	46	1217	2712	89.846	0.0	32630	synthetic construct
SRR12709456_16768_ka_f_138.701_:66-1244	1	1173	1178	gi|222544029|gb|FJ615303.1|	124	1308	1590	89.151	0.0	32630	synthetic construct
SRR13790092_595_ka_f_12.499_:135-1349	1	1214	1214	gi|1559669388|gb|MH777226.2|	5258	6471	7290	98.105	0.0	10566	Human papillomavirus
SRR13790092_595_ka_f_12.499_:135-1349	106	537	1214	gi|380865532|gb|JQ250748.1|	1	432	432	100.000	0.0	10566	Human papillomavirus
SRR13790092_595_ka_f_12.499_:135-1349	190	566	1214	gi|512390621|gb|KC752068.1|	1	377	380	95.225	4.05e-165	10566	Human papillomavirus
SRR13790092_595_ka_f_12.499_:135-1349	1	1214	1214	gi|1273499229|gb|MF588707.1|	5249	6480	7243	75.220	1.93e-148	1175850	Gammapapillomavirus 8
SRR13790092_595_ka_f_12.499_:135-1349	1	1214	1214	gi|1480689158|gb|MH777369.1|	5249	6480	7243	74.980	1.94e-143	10566	Human papillomavirus
SRR26848444_6031_ka_f_30.300_L_6031_L_6031_:84-1301	1	1217	1217	gi|1559669478|gb|MH777313.2|	5253	6469	7198	99.425	0.0	10566	Human papillomavirus
SRR26848444_6031_ka_f_30.300_L_6031_L_6031_:84-1301	1	1214	1217	gi|1483237230|gb|MH972558.1|	5261	6477	7263	78.776	0.0	10566	Human papillomavirus
SRR26848444_6031_ka_f_30.300_L_6031_L_6031_:84-1301	104	522	1217	gi|353441688|gb|JF906545.1|	1	419	419	99.284	0.0	10566	Human papillomavirus
SRR26848444_6031_ka_f_30.300_L_6031_L_6031_:84-1301	190	564	1217	gi|512390737|gb|KC752126.1|	1	375	386	96.267	1.12e-170	10566	Human papillomavirus
SRR26848444_6031_ka_f_30.300_L_6031_L_6031_:84-1301	1	1205	1217	gi|1559669727|gb|MH777294.2|	2720	3924	7238	76.089	4.03e-170	10566	Human papillomavirus
SRR13726084_8788_ka_f_37.708_L_8788_L_8788_:87-1295	1	1199	1208	gi|1559669352|gb|MH777196.2|	5242	6440	7215	98.332	0.0	10566	Human papillomavirus
SRR13726084_8788_ka_f_37.708_L_8788_L_8788_:87-1295	1	1196	1208	gi|1464308932|ref|NC_038523.1|	5451	6647	7203	82.638	0.0	1434987	Human papillomavirus 172
SRR13726084_8788_ka_f_37.708_L_8788_L_8788_:87-1295	1	1193	1208	gi|1559669362|gb|MH777204.2|	5233	6434	7214	81.478	0.0	10566	Human papillomavirus
SRR13726084_8788_ka_f_37.708_L_8788_L_8788_:87-1295	1	1193	1208	gi|1273499443|gb|MF588734.1|	5233	6434	7214	81.063	0.0	1961679	Gammapapillomavirus 22
SRR13726084_8788_ka_f_37.708_L_8788_L_8788_:87-1295	1	1203	1208	gi|1559669655|gb|MH777352.2|	5230	6441	7210	80.428	0.0	10566	Human papillomavirus
SRR7688506_481_ka_f_26.850_L_519_L_3802_:90-1298	1	1208	1208	gi|1559669396|gb|MH777233.2|	5254	6461	7308	100.000	0.0	10566	Human papillomavirus
SRR7688506_481_ka_f_26.850_L_519_L_3802_:90-1298	1	1193	1208	gi|356483524|gb|JN171845.1|	5249	6447	7240	81.151	0.0	1110710	human papillomavirus 153
SRR7688506_481_ka_f_26.850_L_519_L_3802_:90-1298	892	1208	1208	gi|1559669415|gb|MH777250.2|	6129	6436	7233	72.414	3.00e-12	10566	Human papillomavirus
SRR7688506_481_ka_f_26.850_L_519_L_3802_:90-1298	538	657	1208	gi|1559669365|gb|MH777206.2|	5744	5862	7328	78.049	1.09e-06	10566	Human papillomavirus
SRR7688506_481_ka_f_26.850_L_519_L_3802_:90-1298	877	959	1208	gi|2523362143|gb|OR113685.1|	6465	6547	7678	81.928	1.09e-06	3053745	Leptonychotes weddellii papillomavirus 12
SRR27078533_6343_ka_f_35.747_L_6343_L_6343_:69-1286	1	1217	1217	gi|319976668|ref|NC_014954.1|	5209	6425	7182	98.028	0.0	909330	human papillomavirus 131
SRR27078533_6343_ka_f_35.747_L_6343_L_6343_:69-1286	1	1212	1217	gi|1559669605|gb|MH777245.2|	5173	6387	7140	77.005	0.0	10566	Human papillomavirus
SRR27078533_6343_ka_f_35.747_L_6343_L_6343_:69-1286	4	1202	1217	gi|1480689019|gb|MH777345.1|	5248	6434	7184	70.918	1.03e-51	10566	Human papillomavirus
SRR27078533_6343_ka_f_35.747_L_6343_L_6343_:69-1286	4	1202	1217	gi|1273499684|gb|MF588772.1|	2246	3432	5716	70.837	4.78e-50	1513257	Gammapapillomavirus 12
SRR27078533_6343_ka_f_35.747_L_6343_L_6343_:69-1286	178	573	1217	gi|1559669337|gb|MH777186.2|	5426	5824	7222	75.062	8.11e-38	10566	Human papillomavirus
SRR7687908_859_ka_f_15.388_:90-1307	1	1217	1217	gi|1559669302|gb|MH777158.2|	5316	6532	7389	100.000	0.0	10566	Human papillomavirus
SRR7687908_859_ka_f_15.388_:90-1307	17	1217	1217	gi|1031620589|gb|KR816178.1|	5326	6520	7364	80.379	0.0	1851216	Human papillomavirus 191
SRR7687908_859_ka_f_15.388_:90-1307	17	1217	1217	gi|1559669348|gb|MH777193.2|	4563	5757	7451	80.297	0.0	10566	Human papillomavirus
SRR7687908_859_ka_f_15.388_:90-1307	17	1217	1217	gi|1273499277|gb|MF588713.1|	5329	6523	7367	80.099	0.0	1175852	Gammapapillomavirus 10
SRR7687908_859_ka_f_15.388_:90-1307	104	546	1217	gi|353441656|gb|JF906529.1|	1	443	443	100.000	0.0	10566	Human papillomavirus
SRR17300594_97685_ka_f_28.941_L_97685_L_97685_:93-1268	403	456	1175	gi|2374020626|gb|OP712082.1|	6215	6268	7999	85.455	0.030	120381	human papillomavirus 87
SRR17300594_97685_ka_f_28.941_L_97685_L_97685_:93-1268	403	456	1175	gi|2374019921|gb|OP712092.1|	6204	6257	7988	85.455	0.030	120381	human papillomavirus 87
SRR17300594_97685_ka_f_28.941_L_97685_L_97685_:93-1268	403	456	1175	gi|2374019166|gb|OP711973.1|	6215	6268	7999	85.455	0.030	120381	human papillomavirus 87
SRR17300594_97685_ka_f_28.941_L_97685_L_97685_:93-1268	403	456	1175	gi|966752626|gb|KU298942.1|	6215	6268	7995	85.455	0.030	120381	human papillomavirus 87
SRR17300594_97685_ka_f_28.941_L_97685_L_97685_:93-1268	403	456	1175	gi|966752617|gb|KU298941.1|	6215	6268	7992	85.455	0.030	120381	human papillomavirus 87
SRR19742209_1126578_ka_f_8.421_:123-1298	1	1166	1175	gi|959121882|ref|NC_028492.1|	5775	6940	7707	85.604	0.0	1756445	Rattus norvegicus papillomavirus 3
SRR19742209_1126578_ka_f_8.421_:123-1298	1	1172	1175	gi|336092138|gb|HQ625441.1|	6270	7441	7724	84.812	0.0	1036965	Rattus norvegicus papillomavirus 2
SRR19742209_1126578_ka_f_8.421_:123-1298	1	1172	1175	gi|1476681437|gb|MH892423.1|	6262	7433	7716	84.727	0.0	1036965	Rattus norvegicus papillomavirus 2
SRR19742209_1126578_ka_f_8.421_:123-1298	1	1172	1175	gi|1476681431|gb|MH892422.1|	6262	7433	7716	84.727	0.0	1036965	Rattus norvegicus papillomavirus 2
SRR19742209_1126578_ka_f_8.421_:123-1298	1	1172	1175	gi|1476681425|gb|MH892421.1|	6268	7439	7722	84.727	0.0	1036965	Rattus norvegicus papillomavirus 2
SRR12714130_19523_ka_f_1245.723_L_19523_L_19523_:114-1322	1	1208	1208	gi|1031620610|gb|KR816181.1|	5307	6514	7260	99.752	0.0	1851219	Human papillomavirus type 194
SRR12714130_19523_ka_f_1245.723_L_19523_L_19523_:114-1322	1	1208	1208	gi|944326229|ref|NC_028125.1|	5477	6684	7233	83.567	0.0	1315262	human papillomavirus 163
SRR12714130_19523_ka_f_1245.723_L_19523_L_19523_:114-1322	104	543	1208	gi|39777310|gb|AY468416.1|	1	440	440	99.545	0.0	10566	Human papillomavirus
SRR12714130_19523_ka_f_1245.723_L_19523_L_19523_:114-1322	151	1023	1208	gi|2710391279|tpg|BK066485.1|	5437	6319	7253	72.626	4.64e-65	3116972	Papillomavirus homo7372
SRR12714130_19523_ka_f_1245.723_L_19523_L_19523_:114-1322	3	1191	1208	gi|443498378|gb|KC108722.1|	5305	6496	7356	71.346	4.64e-65	1449827	Human papillomavirus 180
SRR7688414_2674_ka_f_25.980_L_4094_:96-1316	1	1220	1220	gi|1483237230|gb|MH972558.1|	5261	6480	7263	99.918	0.0	10566	Human papillomavirus
SRR7688414_2674_ka_f_25.980_L_4094_:96-1316	1	1217	1220	gi|1559669478|gb|MH777313.2|	5253	6466	7198	78.612	0.0	10566	Human papillomavirus
SRR7688414_2674_ka_f_25.980_L_4094_:96-1316	1	1208	1220	gi|1559669655|gb|MH777352.2|	5230	6434	7210	75.345	5.38e-149	10566	Human papillomavirus
SRR7688414_2674_ka_f_25.980_L_4094_:96-1316	1	1205	1220	gi|1559669446|gb|MH777285.2|	5347	6554	7201	73.431	2.63e-112	10566	Human papillomavirus
SRR7688414_2674_ka_f_25.980_L_4094_:96-1316	1	1205	1220	gi|1273499499|gb|MF588741.1|	5347	6554	7201	73.371	1.22e-110	1961679	Gammapapillomavirus 22
SRR22765706_5169_ka_f_9.756_L_2876517_:87-1271	1	1184	1184	gi|1559669292|gb|MH777384.2|	5187	6370	7101	98.395	0.0	10566	Human papillomavirus
SRR22765706_5169_ka_f_9.756_L_2876517_:87-1271	104	534	1184	gi|6694886|gb|AF217664.1|AF217664	1	431	431	98.840	0.0	10566	Human papillomavirus
SRR22765706_5169_ka_f_9.756_L_2876517_:87-1271	1	1181	1184	gi|2710390599|tpg|BK066415.1|	5200	6386	7128	77.611	0.0	3116968	Papillomavirus homo7269
SRR22765706_5169_ka_f_9.756_L_2876517_:87-1271	547	915	1184	gi|636576458|emb|LK022310.1|	1	369	369	99.187	0.0	10566	Human papillomavirus
SRR22765706_5169_ka_f_9.756_L_2876517_:87-1271	1	1181	1184	gi|1559669509|gb|MH777347.2|	5177	6375	7130	73.207	4.30e-105	10566	Human papillomavirus
SRR2146115_0_ka_f_61.790_:81-1262	1	1181	1181	gi|9627074|ref|NC_001524.1|	6076	7256	8095	100.000	0.0	2885846	Alces alces papillomavirus 1
SRR2146115_0_ka_f_61.790_:81-1262	838	1181	1181	gi|1059793911|gb|AH002398.2|	1	340	847	97.965	5.09e-164	10565	Deltapapillomavirus 1
SRR2146115_0_ka_f_61.790_:81-1262	1	1178	1181	gi|9627065|ref|NC_001523.1|	6297	7468	8374	74.434	4.14e-130	10564	Deltapapillomavirus 2
SRR2146115_0_ka_f_61.790_:81-1262	1	1178	1181	gi|333021|gb|M11910.1|PPDCG	6297	7468	8374	74.434	4.14e-130	2772504	Odocoileus virginianus papillomavirus 1
SRR2146115_0_ka_f_61.790_:81-1262	135	1178	1181	gi|953064197|gb|KT626573.1|	6089	7132	8029	74.482	5.47e-114	1175853	Deltapapillomavirus 5
DRR336006_10198_ka_f_37.208_:108-1289	868	1172	1181	gi|1020202|gb|U31783.1|HPU31783	6652	6950	7959	71.521	1.06e-06	37111	Human papillomavirus 28
SRR13789900_446_ka_f_55.441_L_446_L_446_:141-1343	1	1202	1202	gi|1273499197|gb|MF588703.1|	5314	6515	7410	99.501	0.0	1175849	Gammapapillomavirus 7
SRR13789900_446_ka_f_55.441_L_446_L_446_:141-1343	1	1199	1202	gi|1559669658|gb|MH777355.2|	5318	6522	7386	80.562	0.0	10566	Human papillomavirus
SRR13789900_446_ka_f_55.441_L_446_L_446_:141-1343	104	535	1202	gi|19387149|gb|AF479251.1|	1	432	434	99.537	0.0	10566	Human papillomavirus
SRR13789900_446_ka_f_55.441_L_446_L_446_:141-1343	1	1199	1202	gi|343411545|gb|HM999991.1|	5317	6521	7360	78.666	0.0	1070412	Human papillomavirus 139
SRR13789900_446_ka_f_55.441_L_446_L_446_:141-1343	1	1199	1202	gi|343411537|gb|HM999990.1|	5325	6526	7353	78.519	0.0	1070411	Human papillomavirus 138
SRR8788205_112691_ka_f_24.463_L_112691_L_112691_:45-1154	1	1109	1109	gi|2710393999|tpg|BK066795.1|	3846	4954	5361	100.000	0.0	3116977	Papillomavirus leptobrachium5502
SRR25256549_69938_ka_f_18.401_L_69938_L_69938_:243-1418	835	1172	1175	gi|1945524358|gb|MT078973.1|	6101	6438	7260	74.706	4.74e-30	446138	Sus scrofa papillomavirus 1
SRR25256549_69938_ka_f_18.401_L_69938_L_69938_:243-1418	835	965	1175	gi|320526310|gb|GU014532.1|	6711	6841	8060	78.947	1.05e-11	2759889	Colobus guereza papillomavirus 1
SRR15239218_443_ka_f_255.616_L_395_L_395_:123-1319	1	1196	1196	gi|289656451|gb|GQ244463.1|	5949	7144	8069	99.749	0.0	735496	human papillomavirus 114
SRR15239218_443_ka_f_255.616_L_395_L_395_:123-1319	1	1196	1196	gi|2422053533|gb|OP971060.1|	5713	6896	7956	84.692	0.0	150546	human papillomavirus 84
SRR15239218_443_ka_f_255.616_L_395_L_395_:123-1319	1	1196	1196	gi|2724609844|gb|PP718709.1|	5838	7021	8461	84.596	0.0	150546	human papillomavirus 84
SRR15239218_443_ka_f_255.616_L_395_L_395_:123-1319	1	1196	1196	gi|2724609791|gb|PP718702.1|	5838	7021	8461	84.596	0.0	150546	human papillomavirus 84
SRR15239218_443_ka_f_255.616_L_395_L_395_:123-1319	1	1196	1196	gi|2416400478|gb|OP721194.1|	277	1460	1743	84.596	0.0	10566	Human papillomavirus
SRR25256522_663139_ka_f_8.130_:246-1421	1	1172	1175	gi|2389031888|tpg|BK062778.1|	1535	364	1727	75.231	4.03e-145	2990448	Manis pentadactyla papillomavirus 1
SRR25256522_663139_ka_f_8.130_:246-1421	496	752	1175	gi|1559503032|gb|MH469677.1|	6290	6546	8057	76.136	2.22e-23	2506204	Macaca fuscata papillomavirus 2
SRR25256522_663139_ka_f_8.130_:246-1421	1022	1163	1175	gi|1334609551|gb|MG571092.1|	6619	6760	7674	79.021	1.74e-14	2077308	Leptonychotes weddellii papillomavirus 7
SRR25256522_663139_ka_f_8.130_:246-1421	1022	1163	1175	gi|2523362170|gb|OR113689.1|	6581	6722	7636	79.021	1.74e-14	2077308	Leptonychotes weddellii papillomavirus 7
ERR599205_512_ka_f_72.986_L_512_L_512_:174-1397	1	1223	1223	gi|238623435|emb|FM955838.1|	5910	7132	7698	99.836	0.0	587348	Human papillomavirus 99
ERR599205_512_ka_f_72.986_L_512_L_512_:174-1397	1	1220	1223	gi|333074|gb|M12737.1|PPH8CG	5899	7115	7654	81.633	0.0	10579	Human papillomavirus type 8
ERR599205_512_ka_f_72.986_L_512_L_512_:174-1397	1	1223	1223	gi|1559669515|gb|MH777358.2|	5774	6993	7727	81.530	0.0	10566	Human papillomavirus
ERR599205_512_ka_f_72.986_L_512_L_512_:174-1397	1	1223	1223	gi|1653972990|gb|MK620843.1|	4869	6091	6650	81.331	0.0	10604	human papillomavirus 12
ERR599205_512_ka_f_72.986_L_512_L_512_:174-1397	1	1223	1223	gi|396910|emb|X74466.1|	5892	7114	7673	81.316	0.0	10604	human papillomavirus 12
ERR8027622_16371_ka_f_9.465_:81-1304	1	1223	1223	gi|1559669370|gb|MH777208.2|	5234	6456	7272	99.101	0.0	10566	Human papillomavirus
ERR8027622_16371_ka_f_9.465_:81-1304	1	1223	1223	gi|512721866|ref|NC_021483.1|	5237	6459	7286	81.388	0.0	1195796	Human papillomavirus 154
ERR8027622_16371_ka_f_9.465_:81-1304	104	543	1223	gi|19423665|gb|AF489713.1|	1	440	440	99.773	0.0	10566	Human papillomavirus
ERR8027622_16371_ka_f_9.465_:81-1304	104	543	1223	gi|89574373|gb|DQ418473.1|	1	440	440	95.682	0.0	10566	Human papillomavirus
ERR8027622_16371_ka_f_9.465_:81-1304	400	736	1223	gi|1559669692|gb|MH777201.2|	1912	2251	7325	74.855	2.30e-28	10566	Human papillomavirus
SRR13789207_6091_ka_f_194.471_L_6091_L_6091_:90-1286	1	1193	1196	gi|1559669620|gb|MH777283.2|	5258	6450	7282	89.038	0.0	10566	Human papillomavirus
SRR13789207_6091_ka_f_194.471_L_6091_L_6091_:90-1286	1	1193	1196	gi|1273499435|gb|MF588733.1|	5258	6450	7282	89.038	0.0	1513264	Gammapapillomavirus 19
SRR13789207_6091_ka_f_194.471_L_6091_L_6091_:90-1286	1	1193	1196	gi|1559669284|gb|MH777266.2|	4404	5596	6424	87.186	0.0	10566	Human papillomavirus
SRR13789207_6091_ka_f_194.471_L_6091_L_6091_:90-1286	325	542	1196	gi|6694924|gb|AF217683.1|AF217683	3	220	221	89.450	2.12e-68	10566	Human papillomavirus
SRR13789207_6091_ka_f_194.471_L_6091_L_6091_:90-1286	1102	1196	1196	gi|1480689135|gb|MH777366.1|	6381	6475	7278	77.895	0.002	10566	Human papillomavirus
SRR13726027_1519_ka_f_10.615_:126-1322	1	1196	1196	gi|1273499026|gb|MF588681.1|	5519	6714	7377	99.666	0.0	333924	Betapapillomavirus 2
SRR13726027_1519_ka_f_10.615_:126-1322	1	1190	1196	gi|238623442|emb|FM955839.1|	5726	6916	7380	87.406	0.0	587349	Human papillomavirus 100
SRR13726027_1519_ka_f_10.615_:126-1322	1	1196	1196	gi|1273499050|gb|MF588684.1|	5518	6710	7363	82.083	0.0	333924	Betapapillomavirus 2
SRR13726027_1519_ka_f_10.615_:126-1322	1	1196	1196	gi|1559669436|gb|MH777272.2|	5545	6737	7390	81.500	0.0	10566	Human papillomavirus
SRR13726027_1519_ka_f_10.615_:126-1322	1	1196	1196	gi|388771295|gb|JQ963500.1|	49	1241	1521	80.785	0.0	765052	Human papillomavirus 120
ERR1007383_28795_ka_f_156.534_L_3635664_L_4362965_:93-1277	1	1184	1184	gi|2710389713|tpg|BK066347.1|	6041	7224	7884	100.000	0.0	3116966	Papillomavirus gulo8025
ERR1007383_28795_ka_f_156.534_L_3635664_L_4362965_:93-1277	397	751	1184	gi|2710391775|tpg|BK066545.1|	6503	6851	8052	74.586	8.00e-28	3116987	Papillomavirus numida8051
SRR13725762_4795_ka_f_59.648_L_4795_L_4795_:69-1292	1	1223	1223	gi|1480689433|gb|MH777310.1|	5165	6387	7113	99.101	0.0	10566	Human papillomavirus
SRR13725762_4795_ka_f_59.648_L_4795_L_4795_:69-1292	1	1223	1223	gi|1559669339|gb|MH777187.2|	5189	6405	7135	77.498	0.0	10566	Human papillomavirus
SRR13725762_4795_ka_f_59.648_L_4795_L_4795_:69-1292	181	554	1223	gi|512390709|gb|KC752112.1|	1	374	374	98.396	0.0	10566	Human papillomavirus
SRR13725762_4795_ka_f_59.648_L_4795_L_4795_:69-1292	181	554	1223	gi|512390511|gb|KC752013.1|	1	374	374	98.128	0.0	10566	Human papillomavirus
SRR13725762_4795_ka_f_59.648_L_4795_L_4795_:69-1292	116	720	1223	gi|1559669409|gb|MH777244.2|	5287	5891	7126	72.071	1.06e-31	10566	Human papillomavirus
ERR11403158_382114_ka_f_268.150_L_1182222_L_8410485_L_14386393_L_14412246_:69-1253	1	1184	1184	gi|2710389991|tpg|BK066366.1|	6329	7512	8260	100.000	0.0	3116955	Papillomavirus canis8371
ERR11403158_382114_ka_f_268.150_L_1182222_L_8410485_L_14386393_L_14412246_:69-1253	535	746	1184	gi|2282111601|gb|ON226487.1|	6255	6466	7613	74.429	4.92e-10	1398507	Felis catus papillomavirus 4
ERR11403158_382114_ka_f_268.150_L_1182222_L_8410485_L_14386393_L_14412246_:69-1253	535	746	1184	gi|2084333687|gb|MZ357115.1|	6258	6469	7616	74.429	4.92e-10	1928473	Felis catus papillomavirus
ERR11403158_382114_ka_f_268.150_L_1182222_L_8410485_L_14386393_L_14412246_:69-1253	535	746	1184	gi|545302080|ref|NC_022373.1|	6255	6466	7616	74.429	4.92e-10	1398507	Felis catus papillomavirus 4
ERR11403158_382114_ka_f_268.150_L_1182222_L_8410485_L_14386393_L_14412246_:69-1253	535	746	1184	gi|2044259756|dbj|LC333413.2|	6255	6466	7613	74.429	4.92e-10	1398507	Felis catus papillomavirus 4
ERR11213959_19020_ka_f_224.194_L_4431720_L_13528912_L_13524682_:63-1247	1	1184	1184	gi|2710391775|tpg|BK066545.1|	6104	7287	8052	99.578	0.0	3116987	Papillomavirus numida8051
ERR11213959_19020_ka_f_224.194_L_4431720_L_13528912_L_13524682_:63-1247	1	1184	1184	gi|2710394415|tpg|BK066839.1|	6272	7450	8222	80.688	0.0	3116954	Papillomavirus canis8363a
ERR11213959_19020_ka_f_224.194_L_4431720_L_13528912_L_13524682_:63-1247	400	748	1184	gi|2710389713|tpg|BK066347.1|	6437	6791	7884	74.238	3.72e-26	3116966	Papillomavirus gulo8025
ERR11213959_19020_ka_f_224.194_L_4431720_L_13528912_L_13524682_:63-1247	63	302	1184	gi|255683756|gb|FJ492742.1|	6142	6378	7955	74.689	3.77e-16	2759772	Canis familiaris papillomavirus 7
ERR1992807_76942_ka_f_10.245_:36-1223	1	1187	1187	gi|948298196|ref|NC_028267.1|	5794	6980	7771	100.000	0.0	2848317	Trichechus manatus latirostris papillomavirus 4
ERR1992807_76942_ka_f_10.245_:36-1223	1	1187	1187	gi|564112400|gb|KF574429.1|	49	1235	1509	100.000	0.0	2848317	Trichechus manatus latirostris papillomavirus 4
ERR1992807_76942_ka_f_10.245_:36-1223	79	278	1187	gi|2699893103|gb|OR952889.1|	323	528	1799	72.464	0.002	2004707	Bat papillomavirus
ERR1992807_76942_ka_f_10.245_:36-1223	79	111	1187	gi|2699893098|gb|OR952887.1|	5086	5118	6700	96.970	0.030	2004707	Bat papillomavirus
SRR13233550_115142_ka_f_14.379_:117-1295	1	1178	1178	gi|2775839692|gb|PP316141.1|	5492	6669	7499	100.000	0.0	1134411	Canine papillomavirus
SRR13233550_115142_ka_f_14.379_:117-1295	1	1178	1178	gi|2710393971|tpg|BK066791.1|	5492	6669	7499	100.000	0.0	3116947	Papillomavirus canis7640
SRR14663214_2087_ka_f_26.362_:222-1400	1	1178	1178	gi|1215835490|ref|NC_035199.1|	5541	6718	7582	99.915	0.0	2016455	Ailuropoda melanoleuca papillomavirus 2
SRR14663214_2087_ka_f_26.362_:222-1400	1	1175	1178	gi|189043078|ref|NC_010739.1|	5512	6686	7582	80.119	0.0	461322	Ursus maritimus papillomavirus 1
SRR23881938_1424_ka_f_40.518_L_6168_L_88190_L_31592_:57-1223	1	1166	1166	gi|2075900661|gb|MW543422.1|	46	1211	1491	82.408	0.0	2866014	Bos taurus papillomavirus 43
SRR23881938_1424_ka_f_40.518_L_6168_L_88190_L_31592_:57-1223	463	1166	1166	gi|2075897941|gb|MW428430.1|	5875	6578	7619	81.330	8.47e-157	2866014	Bos taurus papillomavirus 43
SRR18765390_81820_ka_f_25.144_L_81820_L_81820_:138-1343	1	1205	1205	gi|1273499150|gb|MF588697.1|	5032	6236	7357	99.917	0.0	1175848	Gammapapillomavirus 6
SRR18765390_81820_ka_f_25.144_L_81820_L_81820_:138-1343	1	1205	1205	gi|2422053502|gb|OP971056.1|	5233	6437	7357	99.917	0.0	3003858	human papillomavirus 214
SRR18765390_81820_ka_f_25.144_L_81820_L_81820_:138-1343	1	1205	1205	gi|1898670942|emb|LR862035.1|	5032	6236	7357	99.585	0.0	2060138	Human papillomavirus type 214
SRR18765390_81820_ka_f_25.144_L_81820_L_81820_:138-1343	1	1205	1205	gi|1297870610|gb|MF509819.1|	5032	6236	7357	99.336	0.0	2060138	Human papillomavirus type 214
SRR18765390_81820_ka_f_25.144_L_81820_L_81820_:138-1343	1	1205	1205	gi|1829251357|gb|MN400665.1|	5029	6233	7354	99.170	0.0	1175848	Gammapapillomavirus 6
ERR3230153_322679_ka_f_55.191_L_322679_L_322679_:60-1226	1	1166	1166	gi|1229249335|gb|KY853656.1|	5645	6810	7600	98.799	0.0	2025339	Felis catus papillomavirus type 5
ERR3230153_322679_ka_f_55.191_L_322679_L_322679_:60-1226	1	1166	1166	gi|1236512270|ref|NC_035479.1|	5645	6810	7600	98.799	0.0	2025339	Felis catus papillomavirus type 5
ERR3230153_322679_ka_f_55.191_L_322679_L_322679_:60-1226	174	582	1166	gi|1604539573|dbj|LC432492.1|	1	409	409	98.778	0.0	2025339	Felis catus papillomavirus type 5
ERR3230153_322679_ka_f_55.191_L_322679_L_322679_:60-1226	904	1166	1166	gi|294502108|gb|EU707554.2|	1	263	376	99.240	1.90e-128	181667	Lambdapapillomavirus 1
ERR3230153_322679_ka_f_55.191_L_322679_L_322679_:60-1226	909	1166	1166	gi|1604539575|dbj|LC432493.1|	1	258	412	99.225	1.14e-125	2025339	Felis catus papillomavirus type 5
SRR13789866_2032_ka_f_150.866_L_2032_L_2032_L_144166_:93-1298	169	1027	1205	gi|1273499738|gb|MF588790.1|	1	859	859	98.836	0.0	1961682	Gammapapillomavirus 25
SRR13789866_2032_ka_f_150.866_L_2032_L_2032_L_144166_:93-1298	1	1205	1205	gi|1559669679|gb|MH777180.2|	5287	6491	7291	84.909	0.0	10566	Human papillomavirus
SRR13789866_2032_ka_f_150.866_L_2032_L_2032_L_144166_:93-1298	1	1205	1205	gi|916345895|gb|KP692119.1|	5288	6492	7292	84.909	0.0	10566	Human papillomavirus
SRR13789866_2032_ka_f_150.866_L_2032_L_2032_L_144166_:93-1298	1	1205	1205	gi|916345887|gb|KP692118.1|	5287	6491	7317	84.909	0.0	10566	Human papillomavirus
SRR13789866_2032_ka_f_150.866_L_2032_L_2032_L_144166_:93-1298	1	1205	1205	gi|1273499587|gb|MF588752.1|	5287	6491	7291	84.826	0.0	1961682	Gammapapillomavirus 25
ERR7528825_1270_ka_f_20.496_L_1270_L_1270_:72-1280	1	1208	1208	gi|1559669445|gb|MH777280.2|	5189	6396	7162	98.344	0.0	10566	Human papillomavirus
ERR7528825_1270_ka_f_20.496_L_1270_L_1270_:72-1280	187	549	1208	gi|512390755|gb|KC752135.1|	1	363	374	97.245	1.11e-170	10566	Human papillomavirus
ERR7528825_1270_ka_f_20.496_L_1270_L_1270_:72-1280	187	549	1208	gi|512390743|gb|KC752129.1|	1	363	374	96.419	1.12e-165	10566	Human papillomavirus
ERR7528825_1270_ka_f_20.496_L_1270_L_1270_:72-1280	1	1205	1208	gi|1020934679|gb|KT698166.1|	5206	6410	7154	74.405	4.20e-135	2259331	Human papillomavirus 157
ERR7528825_1270_ka_f_20.496_L_1270_L_1270_:72-1280	1	1208	1208	gi|1559669428|gb|MH777262.2|	5192	6402	7139	72.823	1.23e-100	10566	Human papillomavirus
ERR10857030_6175_ka_f_7.806_:78-1295	1	1217	1217	gi|2710391052|tpg|BK066462.1|	5668	6884	7459	99.836	0.0	3116988	Papillomavirus panthera7600
ERR10857030_6175_ka_f_7.806_:78-1295	190	566	1217	gi|512390619|gb|KC752067.1|	1	377	377	98.408	0.0	10566	Human papillomavirus
ERR10857030_6175_ka_f_7.806_:78-1295	190	566	1217	gi|512390543|gb|KC752029.1|	1	377	377	98.408	0.0	10566	Human papillomavirus
ERR10857030_6175_ka_f_7.806_:78-1295	1	1217	1217	gi|296495852|gb|GQ845444.1|	5527	6734	7397	75.040	5.40e-144	10566;765054	Human papillomavirus;Human papillomavirus 122
ERR10857030_6175_ka_f_7.806_:78-1295	1	1214	1217	gi|2717333551|gb|OQ930234.1|	5928	7132	7458	74.470	1.18e-135	10566	Human papillomavirus
SRR13789900_28164_ka_f_45.308_L_28164_L_28164_:123-1331	1	1208	1208	gi|1031620547|gb|KR816172.1|	5559	6766	7444	97.185	0.0	1851127	Human papillomavirus type 185
SRR13789900_28164_ka_f_45.308_L_28164_L_28164_:123-1331	1	1208	1208	gi|1559669646|gb|MH777350.2|	5575	6782	7462	87.003	0.0	10566	Human papillomavirus
SRR13789900_28164_ka_f_45.308_L_28164_L_28164_:123-1331	1	1205	1208	gi|2717333551|gb|OQ930234.1|	5928	7132	7458	83.320	0.0	10566	Human papillomavirus
SRR13789900_28164_ka_f_45.308_L_28164_L_28164_:123-1331	1	1208	1208	gi|50253426|ref|NC_005134.2|	5907	7114	7438	83.044	0.0	247269	Human papillomavirus type 96
SRR13789900_28164_ka_f_45.308_L_28164_L_28164_:123-1331	104	543	1208	gi|15787627|gb|AY049761.1|	1	440	440	97.273	0.0	10566	Human papillomavirus
SRR13789170_10854_ka_f_11.560_:87-1298	1	1211	1211	gi|1559669549|gb|MH972559.2|	5261	6474	7273	79.245	0.0	10566	Human papillomavirus
SRR13789170_10854_ka_f_11.560_:87-1298	1	1211	1211	gi|1273499237|gb|MF588708.1|	5261	6474	7273	78.999	0.0	1175850	Gammapapillomavirus 8
SRR13789170_10854_ka_f_11.560_:87-1298	106	546	1211	gi|380865538|gb|JQ250751.1|	1	441	441	100.000	0.0	10566	Human papillomavirus
SRR13789170_10854_ka_f_11.560_:87-1298	1	1208	1211	gi|1559669398|gb|MH777235.2|	5725	6935	7288	78.501	0.0	10566	Human papillomavirus
SRR13789170_10854_ka_f_11.560_:87-1298	1	1208	1211	gi|1273499213|gb|MF588705.1|	5303	6513	7298	78.254	0.0	1175850	Gammapapillomavirus 8
SRR7687863_0_ka_f_11.701_:90-1307	1	1217	1217	gi|1559669317|gb|MH777167.2|	5291	6507	7316	100.000	0.0	10566	Human papillomavirus
SRR7687863_0_ka_f_11.701_:90-1307	1	1217	1217	gi|1559669463|gb|MH777300.2|	5291	6507	7320	88.332	0.0	10566	Human papillomavirus
SRR7687863_0_ka_f_11.701_:90-1307	1	1217	1217	gi|1360655616|gb|MG520499.1|	5291	6507	7320	88.085	0.0	10566	Human papillomavirus
SRR7687863_0_ka_f_11.701_:90-1307	1	1217	1217	gi|1559669704|gb|MH777240.2|	5291	6507	7328	87.603	0.0	10566	Human papillomavirus
SRR7687863_0_ka_f_11.701_:90-1307	1	1217	1217	gi|1273499165|gb|MF588699.1|	5291	6507	7327	87.017	0.0	1175849	Gammapapillomavirus 7
SRR17055604_112_ka_f_23.869_L_112_L_112_:105-1316	1	1211	1211	gi|1297870620|gb|MF509820.1|	5194	6404	7186	99.835	0.0	2060139	Human papillomavirus type 215
SRR17055604_112_ka_f_23.869_L_112_L_112_:105-1316	1	1211	1211	gi|2422053855|gb|OP971101.1|	5182	6392	7186	99.505	0.0	3003859	human papillomavirus 215
SRR17055604_112_ka_f_23.869_L_112_L_112_:105-1316	147	546	1211	gi|1185315490|gb|KY063005.1|	1	400	400	99.250	0.0	10566	Human papillomavirus
SRR17055604_112_ka_f_23.869_L_112_L_112_:105-1316	1	1208	1211	gi|1273499245|gb|MF588709.1|	5227	6438	7256	72.742	1.59e-99	1175851	Gammapapillomavirus 9
SRR17055604_112_ka_f_23.869_L_112_L_112_:105-1316	1	1208	1211	gi|1480687913|gb|MH777184.1|	5227	6438	7256	72.727	7.41e-98	10566	Human papillomavirus
SRR10176819_14429_ka_f_8.368_:69-1289	1	1220	1220	gi|1559669605|gb|MH777245.2|	5173	6392	7140	98.197	0.0	10566	Human papillomavirus
SRR10176819_14429_ka_f_8.368_:69-1289	1	1220	1220	gi|1559669611|gb|MH777260.2|	5172	6391	7142	81.163	0.0	10566	Human papillomavirus
SRR10176819_14429_ka_f_8.368_:69-1289	4	1167	1220	gi|9628550|ref|NC_001691.1|	5282	6451	7184	75.929	5.30e-159	40539	Human papillomavirus type 50
SRR10176819_14429_ka_f_8.368_:69-1289	221	529	1220	gi|1476009213|gb|MH460941.1|	1	309	309	99.029	2.49e-152	10566	Human papillomavirus
SRR10176819_14429_ka_f_8.368_:69-1289	4	1011	1220	gi|1559669283|gb|MH777265.2|	4993	5997	6983	75.832	7.11e-133	10566	Human papillomavirus
ERR10641060_1639001_ka_f_42.562_L_1639001_L_1639001_:81-1301	1	1220	1220	gi|1559669310|gb|MH777162.2|	5237	6456	7247	99.754	0.0	10566	Human papillomavirus
ERR10641060_1639001_ka_f_42.562_L_1639001_L_1639001_:81-1301	1	1205	1220	gi|1559669328|gb|MH777178.2|	5242	6440	7226	74.511	9.20e-132	10566	Human papillomavirus
ERR10641060_1639001_ka_f_42.562_L_1639001_L_1639001_:81-1301	10	1209	1220	gi|1559669541|gb|MH777380.2|	5277	6473	7273	73.185	1.58e-109	10566	Human papillomavirus
ERR10641060_1639001_ka_f_42.562_L_1639001_L_1639001_:81-1301	1	1196	1220	gi|1480688371|gb|MH777249.1|	5267	6441	7260	72.645	2.71e-92	10566	Human papillomavirus
ERR10641060_1639001_ka_f_42.562_L_1639001_L_1639001_:81-1301	1	1184	1220	gi|575527311|gb|KF791917.1|	5355	6517	7190	72.552	1.26e-90	10566	Human papillomavirus
SRR13789197_34606_ka_f_102.683_L_34606_L_34606_:129-1334	1	1205	1205	gi|1559669531|gb|MH777372.2|	5309	6513	7260	88.889	0.0	10566	Human papillomavirus
SRR13789197_34606_ka_f_102.683_L_34606_L_34606_:129-1334	1	1205	1205	gi|1273499380|gb|MF588726.1|	5309	6513	7262	88.474	0.0	1513260	Gammapapillomavirus 15
SRR13789197_34606_ka_f_102.683_L_34606_L_34606_:129-1334	1	1205	1205	gi|1559669440|gb|MH777276.2|	5268	6475	7269	77.169	0.0	10566	Human papillomavirus
SRR13789197_34606_ka_f_102.683_L_34606_L_34606_:129-1334	1	1205	1205	gi|1273499364|gb|MF588724.1|	5271	6478	7272	77.087	0.0	1513260	Gammapapillomavirus 15
SRR13789197_34606_ka_f_102.683_L_34606_L_34606_:129-1334	1	1202	1205	gi|371486236|gb|JF966377.1|	5359	6563	7265	76.500	2.37e-177	10566	Human papillomavirus
SRR2005651_2922_ka_f_37.964_L_20596_:117-1328	1	1211	1211	gi|1559669671|gb|MH777389.2|	5268	6478	7256	99.670	0.0	10566	Human papillomavirus
SRR2005651_2922_ka_f_37.964_L_20596_:117-1328	104	546	1211	gi|28864502|gb|AY204690.1|	1	443	443	99.774	0.0	10566	Human papillomavirus
SRR2005651_2922_ka_f_37.964_L_20596_:117-1328	104	546	1211	gi|28864504|gb|AY204691.1|	1	443	443	97.517	0.0	10566	Human papillomavirus
SRR2005651_2922_ka_f_37.964_L_20596_:117-1328	53	690	1211	gi|343411569|gb|HM999994.1|	5368	5999	7374	70.968	2.29e-23	1070415	Human papillomavirus 142
SRR2005651_2922_ka_f_37.964_L_20596_:117-1328	547	776	1211	gi|443498378|gb|KC108722.1|	5843	6072	7356	75.641	2.31e-18	1449827	Human papillomavirus 180
SRR15899409_9116_ka_f_448.320_L_9116_L_9116_:156-1376	1	1220	1220	gi|1273499547|gb|MF588747.1|	5259	6478	7298	97.623	0.0	1961681	Gammapapillomavirus 24
SRR15899409_9116_ka_f_448.320_L_9116_L_9116_:156-1376	1	1220	1220	gi|1559669484|gb|MH777321.2|	5259	6478	7292	97.541	0.0	10566	Human papillomavirus
SRR15899409_9116_ka_f_448.320_L_9116_L_9116_:156-1376	1	1217	1220	gi|1273499729|gb|MF588787.1|	2897	4113	4290	81.967	0.0	1961681	Gammapapillomavirus 24
SRR15899409_9116_ka_f_448.320_L_9116_L_9116_:156-1376	1	1217	1220	gi|1273499579|gb|MF588751.1|	5262	6478	7324	81.967	0.0	1961681	Gammapapillomavirus 24
SRR15899409_9116_ka_f_448.320_L_9116_L_9116_:156-1376	1	1217	1220	gi|2710392638|tpg|BK066647.1|	5262	6478	7283	78.443	0.0	3116973	Papillomavirus homo7424
SRR13790114_165814_ka_f_21.882_L_165814_L_165814_L_431254_:99-1310	895	1013	1211	gi|371486252|gb|JF966379.1|	6124	6242	7095	84.167	4.96e-20	10566	Human papillomavirus
SRR13790114_165814_ka_f_21.882_L_165814_L_165814_L_431254_:99-1310	57	258	1211	gi|1480687842|gb|MH777175.1|	5579	5777	7414	76.098	5.00e-15	10566	Human papillomavirus
SRR13790114_165814_ka_f_21.882_L_165814_L_165814_L_431254_:99-1310	1144	1211	1211	gi|409183128|gb|JX413108.1|	6461	6528	7214	85.294	1.09e-06	1315263	human papillomavirus 162
SRR13790114_165814_ka_f_21.882_L_165814_L_165814_L_431254_:99-1310	190	321	1211	gi|1059198254|ref|NC_030801.1|	5404	5529	7149	75.940	6.55e-04	1887219	Bos taurus papillomavirus 21
ERR1332591_143011_ka_f_14.826_L_487154_:96-1313	1	1217	1217	gi|607064610|ref|NC_023891.1|	5281	6497	7314	99.178	0.0	1478160	Human papillomavirus 178
ERR1332591_143011_ka_f_14.826_L_487154_:96-1313	1	1217	1217	gi|1480689103|gb|MH777362.1|	5268	6484	7306	79.146	0.0	10566	Human papillomavirus
ERR1332591_143011_ka_f_14.826_L_487154_:96-1313	1	1217	1217	gi|1144331739|gb|KX781283.1|	5268	6484	7306	79.064	0.0	10566	Human papillomavirus
ERR1332591_143011_ka_f_14.826_L_487154_:96-1313	1	1217	1217	gi|371486189|gb|JF966371.1|	5370	6586	7300	78.900	0.0	10566	Human papillomavirus
ERR1332591_143011_ka_f_14.826_L_487154_:96-1313	10	1214	1217	gi|1144331325|gb|KX781280.1|	5283	6487	7335	74.857	1.94e-143	10566	Human papillomavirus
SRR13726001_416_ka_f_37.009_L_416_L_416_:90-1307	1	1217	1217	gi|1559669655|gb|MH777352.2|	5230	6446	7210	99.836	0.0	10566	Human papillomavirus
SRR13726001_416_ka_f_37.009_L_416_L_416_:90-1307	1	1208	1217	gi|1559669362|gb|MH777204.2|	5233	6440	7214	86.352	0.0	10566	Human papillomavirus
SRR13726001_416_ka_f_37.009_L_416_L_416_:90-1307	1	1208	1217	gi|1273499443|gb|MF588734.1|	5233	6440	7214	86.270	0.0	1961679	Gammapapillomavirus 22
SRR13726001_416_ka_f_37.009_L_416_L_416_:90-1307	1	1208	1217	gi|1559669346|gb|MH777192.2|	5257	6461	7234	82.051	0.0	10566	Human papillomavirus
SRR13726001_416_ka_f_37.009_L_416_L_416_:90-1307	1	1211	1217	gi|1483237265|gb|MH972564.1|	5227	6434	7201	81.518	0.0	10566	Human papillomavirus
ERR4969789_2286_ka_f_24.597_:48-1259	1	1208	1211	gi|1559669304|gb|MH777159.2|	5242	6449	7321	93.129	0.0	10566	Human papillomavirus
ERR4969789_2286_ka_f_24.597_:48-1259	1	1211	1211	gi|1559669390|gb|MH777229.2|	5553	6763	7306	72.720	4.43e-100	10566	Human papillomavirus
ERR4969789_2286_ka_f_24.597_:48-1259	104	522	1211	gi|17027119|gb|AF440448.1|	1	419	440	77.541	4.69e-60	10566	Human papillomavirus
ERR3674534_89601_ka_f_45.602_L_89601_L_89601_:93-1310	12	1214	1217	gi|1559669497|gb|MH777336.2|	5296	6496	7263	79.735	0.0	10566	Human papillomavirus
ERR3674534_89601_ka_f_45.602_L_89601_L_89601_:93-1310	17	1217	1217	gi|1559669373|gb|MH777212.2|	5298	6498	7294	77.704	0.0	10566	Human papillomavirus
ERR3674534_89601_ka_f_45.602_L_89601_L_89601_:93-1310	12	1203	1217	gi|1559669362|gb|MH777204.2|	5243	6435	7214	75.931	6.80e-163	10566	Human papillomavirus
ERR3674534_89601_ka_f_45.602_L_89601_L_89601_:93-1310	12	1203	1217	gi|1273499443|gb|MF588734.1|	5243	6435	7214	75.682	6.84e-158	1961679	Gammapapillomavirus 22
ERR3674534_89601_ka_f_45.602_L_89601_L_89601_:93-1310	12	1203	1217	gi|1559669655|gb|MH777352.2|	5240	6432	7210	75.269	1.49e-149	10566	Human papillomavirus
SRR13726042_335_ka_f_49.303_L_335_L_335_:90-1301	1	1208	1211	gi|1389447866|gb|MH172378.1|	5307	6514	7326	86.838	0.0	2200958	Human papillomavirus type 221
SRR13726042_335_ka_f_49.303_L_335_L_335_:90-1301	1	1208	1211	gi|1031620589|gb|KR816178.1|	5310	6517	7364	84.615	0.0	1851216	Human papillomavirus 191
SRR13726042_335_ka_f_49.303_L_335_L_335_:90-1301	1	1208	1211	gi|1273499277|gb|MF588713.1|	5313	6520	7367	84.450	0.0	1175852	Gammapapillomavirus 10
SRR13726042_335_ka_f_49.303_L_335_L_335_:90-1301	1	1208	1211	gi|1559669348|gb|MH777193.2|	4547	5754	7451	84.285	0.0	10566	Human papillomavirus
SRR13726042_335_ka_f_49.303_L_335_L_335_:90-1301	1	1208	1211	gi|343411569|gb|HM999994.1|	5316	6523	7374	82.562	0.0	1070415	Human papillomavirus 142
SRR13789306_86989_ka_f_34.265_:69-1286	1	1217	1217	gi|1559669547|gb|MH777388.2|	5207	6423	7214	99.836	0.0	10566	Human papillomavirus
SRR13789306_86989_ka_f_34.265_:69-1286	1	1217	1217	gi|1559669545|gb|MH777385.2|	5207	6423	7199	85.620	0.0	10566	Human papillomavirus
SRR13789306_86989_ka_f_34.265_:69-1286	1	1217	1217	gi|2710389974|tpg|BK066363.1|	5207	6417	7193	83.073	0.0	3116970	Papillomavirus homo7334
SRR13789306_86989_ka_f_34.265_:69-1286	206	547	1217	gi|270048252|gb|FJ969910.1|	1	342	342	100.000	1.11e-175	10566	Human papillomavirus
SRR13789306_86989_ka_f_34.265_:69-1286	184	1181	1217	gi|1559669504|gb|MH777341.2|	5443	6437	7186	70.691	2.92e-37	10566	Human papillomavirus
SRR25288618_40966_ka_f_13.206_:102-1316	1	1214	1214	gi|2699892873|gb|OR952830.1|	327	1540	1954	100.000	0.0	2004707	Bat papillomavirus
SRR25288618_40966_ka_f_13.206_:102-1316	1	1214	1214	gi|2699892860|gb|OR952826.1|	255	1468	1588	99.506	0.0	2004707	Bat papillomavirus
SRR25288618_40966_ka_f_13.206_:102-1316	1	1214	1214	gi|2699892954|gb|OR952849.1|	3419	4632	6774	94.486	0.0	2004707	Bat papillomavirus
ERR10228868_46478_ka_f_128.092_L_46478_L_46478_:171-1337	1	1166	1166	gi|1938964251|gb|MT068446.1|	5775	6940	7831	99.828	0.0	10573	human papillomavirus 13
ERR10228868_46478_ka_f_128.092_L_46478_L_46478_:171-1337	1	1166	1166	gi|85827580|gb|DQ344807.1|	5784	6949	7880	99.743	0.0	10573	human papillomavirus 13
ERR10228868_46478_ka_f_128.092_L_46478_L_46478_:171-1337	1	1166	1166	gi|60295|emb|X62843.1|	5784	6949	7880	99.571	0.0	10573	human papillomavirus 13
ERR10228868_46478_ka_f_128.092_L_46478_L_46478_:171-1337	1	1166	1166	gi|2438570684|gb|OP934206.1|	6434	7608	7900	88.520	0.0	2511996	Pan paniscus papillomavirus 1
ERR10228868_46478_ka_f_128.092_L_46478_L_46478_:171-1337	1	1166	1166	gi|2454637|gb|AF020905.1|	5788	6962	7889	87.596	0.0	66261	Common chimpanzee papillomavirus 1
DRR213713_547_ka_f_45.096_L_547_L_547_:135-1349	1	1214	1214	gi|1273499181|gb|MF588701.1|	5308	6521	7314	99.423	0.0	1175849	Gammapapillomavirus 7
DRR213713_547_ka_f_45.096_L_547_L_547_:135-1349	1	1214	1214	gi|1559669452|gb|MH777291.2|	5299	6512	7305	96.046	0.0	10566	Human papillomavirus
DRR213713_547_ka_f_45.096_L_547_L_547_:135-1349	1	1211	1214	gi|1480688665|gb|MH777295.1|	5323	6533	7330	84.653	0.0	10566	Human papillomavirus
DRR213713_547_ka_f_45.096_L_547_L_547_:135-1349	1	1211	1214	gi|1144331403|gb|KX781281.1|	5323	6533	7330	84.653	0.0	10566	Human papillomavirus
DRR213713_547_ka_f_45.096_L_547_L_547_:135-1349	4	1214	1214	gi|1559669492|gb|MH777329.2|	5312	6525	7329	76.610	1.10e-180	10566	Human papillomavirus
SRR22802494_5956_ka_f_6.132_:0-1211	1	1211	1211	gi|1344457853|gb|MG921179.1|	49	1259	1533	97.440	0.0	2093788	Human papillomavirus type 198
SRR22802494_5956_ka_f_6.132_:0-1211	1	1208	1211	gi|186461194|gb|EU410348.1|	5724	6925	7423	79.721	0.0	518629	Human papillomavirus 110
SRR22802494_5956_ka_f_6.132_:0-1211	1	1208	1211	gi|1480687842|gb|MH777175.1|	5523	6727	7414	79.160	0.0	10566	Human papillomavirus
SRR22802494_5956_ka_f_6.132_:0-1211	1	1208	1211	gi|395627595|emb|HE963025.1|	5554	6758	7443	78.878	0.0	1209820	Human papillomavirus 159
SRR22802494_5956_ka_f_6.132_:0-1211	1	1211	1211	gi|1559669710|gb|MH777253.2|	5519	6726	7379	78.431	0.0	10566	Human papillomavirus
SRR8509860_1489_ka_f_355.105_L_28739_L_28739_:51-1229	1	1178	1178	gi|1725328777|gb|MK463913.1|	5739	6916	8037	100.000	0.0	10620	Human papillomavirus type 7
SRR8509860_1489_ka_f_355.105_L_28739_L_28739_:51-1229	1	1178	1178	gi|1725328769|gb|MK463912.1|	5739	6916	8037	100.000	0.0	10620	Human papillomavirus type 7
SRR8509860_1489_ka_f_355.105_L_28739_L_28739_:51-1229	1	1178	1178	gi|1725328761|gb|MK463911.1|	5739	6916	8037	100.000	0.0	10620	Human papillomavirus type 7
SRR8509860_1489_ka_f_355.105_L_28739_L_28739_:51-1229	1	1178	1178	gi|1725328753|gb|MK463910.1|	5739	6916	8027	100.000	0.0	10620	Human papillomavirus type 7
SRR8509860_1489_ka_f_355.105_L_28739_L_28739_:51-1229	1	1178	1178	gi|9627389|ref|NC_001595.1|	5840	7017	8027	99.576	0.0	10620	Human papillomavirus type 7
SRR22765706_26199_ka_f_12.190_:120-1313	1	1190	1193	gi|1480687827|gb|MH777171.1|	5264	6453	7247	98.908	0.0	10566	Human papillomavirus
SRR22765706_26199_ka_f_12.190_:120-1313	1	1187	1193	gi|1559669476|gb|MH777312.2|	5256	6443	7206	85.223	0.0	10566	Human papillomavirus
SRR22765706_26199_ka_f_12.190_:120-1313	1	1187	1193	gi|1273499420|gb|MF588731.1|	5250	6437	7236	80.837	0.0	1513263	Gammapapillomavirus 18
SRR22765706_26199_ka_f_12.190_:120-1313	1	1187	1193	gi|1559669461|gb|MH777299.2|	5250	6437	7236	80.669	0.0	10566	Human papillomavirus
SRR22765706_26199_ka_f_12.190_:120-1313	1	1190	1193	gi|1559669360|gb|MH777203.2|	5257	6443	7229	80.417	0.0	10566	Human papillomavirus
SRR12173162_1384002_ka_f_11.895_L_56753_L_1298861_:87-1307	1	1220	1220	gi|1360655607|gb|MG063749.1|	5240	6459	7223	95.164	0.0	10566	Human papillomavirus
SRR12173162_1384002_ka_f_11.895_L_56753_L_1298861_:87-1307	1	1220	1220	gi|1559669386|gb|MH777221.2|	5237	6456	7221	94.672	0.0	10566	Human papillomavirus
SRR12173162_1384002_ka_f_11.895_L_56753_L_1298861_:87-1307	1	1220	1220	gi|1273499499|gb|MF588741.1|	5347	6569	7201	78.763	0.0	1961679	Gammapapillomavirus 22
SRR12173162_1384002_ka_f_11.895_L_56753_L_1298861_:87-1307	1	1190	1220	gi|537801747|gb|KF482069.1|	5560	6752	7177	78.091	0.0	10566	Human papillomavirus
SRR12173162_1384002_ka_f_11.895_L_56753_L_1298861_:87-1307	1	1208	1220	gi|1480688833|gb|MH777319.1|	5257	6461	7271	77.068	0.0	10566	Human papillomavirus
SRR7687906_33631_ka_f_41.530_L_150439_L_139515_:0-1190	1	1190	1190	gi|1559669486|gb|MH777325.2|	5243	6432	7205	99.916	0.0	10566	Human papillomavirus
SRR7687906_33631_ka_f_41.530_L_150439_L_139515_:0-1190	6	1187	1190	gi|1559669506|gb|MH777342.2|	5269	6450	7190	82.056	0.0	10566	Human papillomavirus
SRR7687906_33631_ka_f_41.530_L_150439_L_139515_:0-1190	1	1187	1190	gi|575527311|gb|KF791917.1|	5364	6550	7190	81.963	0.0	10566	Human papillomavirus
SRR7687906_33631_ka_f_41.530_L_150439_L_139515_:0-1190	1	1175	1190	gi|1480687984|gb|MH777194.1|	5249	6423	7232	80.560	0.0	10566	Human papillomavirus
SRR7687906_33631_ka_f_41.530_L_150439_L_139515_:0-1190	1	1190	1190	gi|1559669609|gb|MH777254.2|	5264	6453	7292	79.328	0.0	10566	Human papillomavirus
SRR7662931_246426_ka_f_81.866_L_1694239_L_1694239_:69-1304	1	1235	1235	gi|2710394021|tpg|BK066797.1|	5968	7202	8196	100.000	0.0	3117007	Papillomavirus sousa8206
SRR7662931_246426_ka_f_81.866_L_1694239_L_1694239_:69-1304	888	1022	1235	gi|161622648|ref|NC_010107.1|	3121	3255	7295	79.710	6.59e-14	479058	Bandicoot papillomatosis carcinomatosis virus type 1
SRR7662931_246426_ka_f_81.866_L_1694239_L_1694239_:69-1304	888	1022	1235	gi|158699277|gb|EU069819.1|	3121	3255	7295	79.710	6.59e-14	479058	Bandicoot papillomatosis carcinomatosis virus type 1
SRR7662931_246426_ka_f_81.866_L_1694239_L_1694239_:69-1304	889	981	1235	gi|2710393582|tpg|BK066751.1|	6217	6309	7470	81.915	6.64e-09	3117004	Papillomavirus sorex7569
SRR7662931_246426_ka_f_81.866_L_1694239_L_1694239_:69-1304	390	471	1235	gi|2374019438|gb|OP712017.1|	5467	5548	7258	82.927	8.59e-08	915425	human papillomavirus 101
ERR11256482_164724_ka_f_87.330_L_8756602_L_8756602_:150-1340	1	1190	1190	gi|2710391306|tpg|BK066488.1|	5595	6784	7606	100.000	0.0	3116950	Papillomavirus canis7747
SRR6442922_5392_ka_f_1758.667_L_5392_L_5392_:135-1325	1	1190	1190	gi|1273499626|gb|MF588757.1|	5245	6434	7203	100.000	0.0	192971	Human papillomavirus sp.
SRR6442922_5392_ka_f_1758.667_L_5392_L_5392_:135-1325	1	1190	1190	gi|1559669341|gb|MH777189.2|	5347	6536	7305	98.571	0.0	10566	Human papillomavirus
SRR6442922_5392_ka_f_1758.667_L_5392_L_5392_:135-1325	1	1190	1190	gi|1464308948|ref|NC_038525.1|	5236	6425	7227	81.224	0.0	1650736	Human papillomavirus 204
SRR6442922_5392_ka_f_1758.667_L_5392_L_5392_:135-1325	1	1190	1190	gi|1559669599|gb|MH777173.2|	5250	6439	7223	80.705	0.0	10566	Human papillomavirus
SRR6442922_5392_ka_f_1758.667_L_5392_L_5392_:135-1325	946	1035	1190	gi|3183850|emb|AJ001060.1|	1	93	380	81.053	3.85e-06	10566	Human papillomavirus
SRR17009350_172395_ka_f_13.919_L_172395_L_172395_:54-1229	1	1175	1175	gi|727347412|gb|KM455051.1|	5650	6824	7944	100.000	0.0	2758382	Bos taurus papillomavirus 2
SRR17009350_172395_ka_f_13.919_L_172395_L_172395_:54-1229	1	1175	1175	gi|2689414948|gb|PP408177.1|	5626	6800	7953	99.830	0.0	2758382	Bos taurus papillomavirus 2
SRR17009350_172395_ka_f_13.919_L_172395_L_172395_:54-1229	1	1175	1175	gi|1674984840|dbj|LC426022.1|	43	1217	1494	99.660	0.0	2758382	Bos taurus papillomavirus 2
SRR17009350_172395_ka_f_13.919_L_172395_L_172395_:54-1229	1	1175	1175	gi|2808826217|gb|PQ140661.1|	6496	7670	7947	99.660	0.0	2758382	Bos taurus papillomavirus 2
SRR17009350_172395_ka_f_13.919_L_172395_L_172395_:54-1229	1	1175	1175	gi|1207850899|gb|MF045490.1|	5652	6826	7946	99.660	0.0	2758382	Bos taurus papillomavirus 2
ERR10447054_307295_ka_f_16.136_L_307295_L_307295_:96-1286	1	1190	1190	gi|1464308976|ref|NC_038531.1|	6029	7218	7519	100.000	0.0	1163709	Vulpes vulpes papillomavirus 1
ERR10447054_307295_ka_f_16.136_L_307295_L_307295_:96-1286	83	549	1190	gi|380746828|gb|JF806544.1|	2	468	468	98.715	0.0	1163709	Vulpes vulpes papillomavirus 1
ERR10447054_307295_ka_f_16.136_L_307295_L_307295_:96-1286	126	357	1190	gi|225927560|ref|NC_012485.1|	5552	5782	7346	75.210	1.36e-15	915426	Human papillomavirus 109
ERR10447054_307295_ka_f_16.136_L_307295_L_307295_:96-1286	126	357	1190	gi|39777345|gb|AY468433.1|	26	256	437	75.210	1.36e-15	10566	Human papillomavirus
ERR10447054_307295_ka_f_16.136_L_307295_L_307295_:96-1286	130	350	1190	gi|1297870629|gb|MF509821.1|	5378	5598	7233	73.043	4.98e-05	2060140	Human papillomavirus type 216
SRR17072379_538095_ka_f_61.502_L_7128565_L_7128565_:90-1310	159	209	1220	gi|2699892915|gb|OR952840.1|	375	425	1512	96.078	1.41e-10	2004707	Bat papillomavirus
SRR17072379_538095_ka_f_61.502_L_7128565_L_7128565_:90-1310	391	587	1220	gi|685511394|ref|NC_024893.1|	6462	6655	7589	73.737	3.05e-07	1036963	Apodemus sylvaticus papillomavirus 1
ERR10856956_28856_ka_f_103.376_L_28856_L_28856_:135-1328	1	1193	1193	gi|1036393188|gb|KX082661.1|	5228	6420	7358	100.000	0.0	10566	Human papillomavirus
ERR10856956_28856_ka_f_103.376_L_28856_L_28856_:135-1328	905	1018	1193	gi|1036393188|gb|KX082661.1|	6782	6895	7358	100.000	6.06e-49	10566	Human papillomavirus
ERR10856956_28856_ka_f_103.376_L_28856_L_28856_:135-1328	1	1193	1193	gi|1480688536|gb|MH777275.1|	5327	6519	7245	98.575	0.0	10566	Human papillomavirus
ERR10856956_28856_ka_f_103.376_L_28856_L_28856_:135-1328	201	566	1193	gi|512390669|gb|KC752092.1|	15	380	380	99.180	0.0	10566	Human papillomavirus
ERR10856956_28856_ka_f_103.376_L_28856_L_28856_:135-1328	1	1190	1193	gi|1559669707|gb|MH777252.2|	49	1253	7272	74.117	1.17e-125	10566	Human papillomavirus
ERR10856956_28856_ka_f_103.376_L_28856_L_28856_:135-1328	1	1190	1193	gi|1389447876|gb|MH172379.1|	5240	6444	7275	73.727	2.55e-117	2200959	Human papillomavirus type 222
ERR10188068_4872_ka_f_138.620_L_4872_L_4872_:90-1268	1	1178	1178	gi|2075897880|gb|MW404258.1|	4941	6118	7205	92.869	0.0	2866040	Bos taurus papillomavirus 36
ERR10188068_4872_ka_f_138.620_L_4872_L_4872_:90-1268	1	1175	1178	gi|2075897894|gb|MW404260.1|	5270	6444	7202	88.031	0.0	2866042	Bos taurus papillomavirus 38
ERR10188068_4872_ka_f_138.620_L_4872_L_4872_:90-1268	1	1169	1178	gi|751997735|gb|KM983393.1|	5732	6900	7189	85.201	0.0	1969700	Bos taurus papillomavirus 15
ERR10188068_4872_ka_f_138.620_L_4872_L_4872_:90-1268	1	1173	1178	gi|2075897872|gb|MW404257.1|	5262	6434	7186	83.503	0.0	2866039	Bos taurus papillomavirus 35
ERR10188068_4872_ka_f_138.620_L_4872_L_4872_:90-1268	100	540	1178	gi|332647525|gb|HQ612180.1|	1	441	443	85.488	5.38e-124	10571	Bovine papillomavirus
SRR7688747_1282_ka_f_26.132_L_8870_L_34328_L_1652_L_16125_:144-1355	1	1211	1211	gi|1559669653|gb|MH777351.2|	5231	6441	7228	100.000	0.0	10566	Human papillomavirus
SRR7688747_1282_ka_f_26.132_L_8870_L_34328_L_1652_L_16125_:144-1355	3	1208	1211	gi|559797726|ref|NC_022892.1|	5319	6530	7228	78.307	0.0	1420545	Human papillomavirus 167
SRR7688747_1282_ka_f_26.132_L_8870_L_34328_L_1652_L_16125_:144-1355	187	569	1211	gi|512390589|gb|KC752052.1|	1	383	386	97.128	3.96e-180	10566	Human papillomavirus
SRR7688747_1282_ka_f_26.132_L_8870_L_34328_L_1652_L_16125_:144-1355	642	672	1211	gi|2699893188|gb|OR952908.1|	6838	6868	7846	100.000	0.008	3127950	Rhinolophus bat papillomavirus 1
ERR906889_27798_ka_f_1084.940_L_107783_L_270451_L_270455_:135-1343	1	1208	1208	gi|109390382|ref|NC_008188.1|	4993	6200	7263	99.834	0.0	338323	human papillomavirus 103
ERR906889_27798_ka_f_1084.940_L_107783_L_270451_L_270455_:135-1343	1	1208	1208	gi|1898670038|emb|LR861918.1|	4993	6200	7263	99.503	0.0	338323	human papillomavirus 103
ERR906889_27798_ka_f_1084.940_L_107783_L_270451_L_270455_:135-1343	1	1193	1208	gi|1273499143|gb|MF588696.1|	4988	6186	7324	84.443	0.0	1175848	Gammapapillomavirus 6
ERR906889_27798_ka_f_1084.940_L_107783_L_270451_L_270455_:135-1343	1	1193	1208	gi|2416400526|gb|OP721219.1|	223	1421	1725	84.359	0.0	10566	Human papillomavirus
ERR906889_27798_ka_f_1084.940_L_107783_L_270451_L_270455_:135-1343	1	1193	1208	gi|2416400492|gb|OP721201.1|	223	1421	1725	84.359	0.0	10566	Human papillomavirus
SRR7688498_721_ka_f_23.870_L_3361_:0-1211	1	1211	1211	gi|1559669402|gb|MH777237.2|	5268	6478	7276	99.752	0.0	10566	Human papillomavirus
SRR7688498_721_ka_f_23.870_L_3361_:0-1211	1	1208	1211	gi|677569933|gb|KM085343.1|	5268	6478	7278	83.279	0.0	10566;1542134	Human papillomavirus;Human papillomavirus 197
SRR7688498_721_ka_f_23.870_L_3361_:0-1211	1	1211	1211	gi|1480688934|gb|MH777334.1|	5268	6478	7288	81.975	0.0	10566	Human papillomavirus
SRR7688498_721_ka_f_23.870_L_3361_:0-1211	1	1211	1211	gi|1559669471|gb|MH777308.2|	5262	6472	7284	80.905	0.0	10566	Human papillomavirus
SRR7688498_721_ka_f_23.870_L_3361_:0-1211	1	1211	1211	gi|1273499726|gb|MF588786.1|	166	1376	2719	80.576	0.0	1961681	Gammapapillomavirus 24
SRR1647334_21082_ka_f_33.458_L_21082_L_21082_:63-1253	1	1190	1190	gi|2710390599|tpg|BK066415.1|	5200	6389	7128	100.000	0.0	3116968	Papillomavirus homo7269
SRR1647334_21082_ka_f_33.458_L_21082_L_21082_:63-1253	187	560	1190	gi|512390681|gb|KC752098.1|	1	374	377	93.316	8.71e-152	10566	Human papillomavirus
SRR1647334_21082_ka_f_33.458_L_21082_L_21082_:63-1253	1117	1187	1190	gi|1273499671|gb|MF588768.1|	31	101	1863	92.958	1.05e-16	1513257	Gammapapillomavirus 12
SRR1647334_21082_ka_f_33.458_L_21082_L_21082_:63-1253	647	674	1190	gi|2740301395|emb|OZ066889.1|	64594081	64594054	64962841	100.000	0.39	90521	Podarcis gaigeae
ERR164659_420_ka_f_26.767_L_420_L_420_:198-1391	1	1193	1193	gi|938318755|gb|KF436802.1|	5616	6796	7904	81.104	0.0	129724	human papillomavirus 82
ERR164659_420_ka_f_26.767_L_420_L_420_:198-1391	1	1193	1193	gi|938318746|gb|KF436801.1|	5616	6796	7904	81.104	0.0	129724	human papillomavirus 82
ERR164659_420_ka_f_26.767_L_420_L_420_:198-1391	1	1193	1193	gi|938318728|gb|KF436799.1|	5616	6796	7904	81.020	0.0	129724	human papillomavirus 82
ERR164659_420_ka_f_26.767_L_420_L_420_:198-1391	1	1193	1193	gi|2374019783|gb|OP712069.1|	5616	6796	7874	80.936	0.0	129724	human papillomavirus 82
ERR164659_420_ka_f_26.767_L_420_L_420_:198-1391	1	1193	1193	gi|938318719|gb|KF436798.1|	5616	6796	7910	80.936	0.0	129724	human papillomavirus 82
SRR25031640_182380_ka_f_27.481_L_182380_L_182380_:192-1367	1	1175	1175	gi|2282111558|gb|ON226482.1|	6599	7773	8300	99.660	0.0	2847078	Felis domesticus papillomavirus 1
SRR25031640_182380_ka_f_27.481_L_182380_L_182380_:192-1367	1	1175	1175	gi|21039033|gb|AF377865.1|	6459	7633	8300	99.660	0.0	181667	Lambdapapillomavirus 1
SRR25031640_182380_ka_f_27.481_L_182380_L_182380_:192-1367	1	1175	1175	gi|30315794|ref|NC_004765.1|	6599	7773	8300	99.660	0.0	2847078	Felis domesticus papillomavirus 1
SRR25031640_182380_ka_f_27.481_L_182380_L_182380_:192-1367	1	1175	1175	gi|62547897|gb|AY904722.1|	6430	7605	8233	81.154	0.0	323364	Lynx rufus papillomavirus 1
SRR25031640_182380_ka_f_27.481_L_182380_L_182380_:192-1367	1	836	1175	gi|1483986484|gb|MG552667.1|	29	870	870	78.445	8.66e-147	2358483	Acinonyx jubatus papillomavirus type 1
ERR1301474_1788_ka_f_8.370_:57-1247	63	101	1190	gi|1559669440|gb|MH777276.2|	5330	5368	7269	92.308	0.030	10566	Human papillomavirus
ERR1301474_1788_ka_f_8.370_:57-1247	63	101	1190	gi|1273499364|gb|MF588724.1|	5333	5371	7272	92.308	0.030	1513260	Gammapapillomavirus 15
SRR25288528_692572_ka_f_24.254_L_52795_L_797215_:81-1271	1	1190	1190	gi|2699893115|gb|OR952892.1|	295	1484	5430	100.000	0.0	2004707	Bat papillomavirus
SRR25288528_692572_ka_f_24.254_L_52795_L_797215_:81-1271	1	1190	1190	gi|2699892636|gb|OR952784.1|	239	1428	1744	83.138	0.0	2004707	Bat papillomavirus
ERR10856967_996_ka_f_9.169_L_634987_L_965086_L_634987_:105-1319	1	1214	1214	gi|1480688242|gb|MH777230.1|	5396	6609	7233	99.671	0.0	10566	Human papillomavirus
ERR10856967_996_ka_f_9.169_L_634987_L_965086_L_634987_:105-1319	1	1214	1214	gi|1480688680|gb|MH777297.1|	5252	6462	7225	85.420	0.0	10566	Human papillomavirus
ERR10856967_996_ka_f_9.169_L_634987_L_965086_L_634987_:105-1319	1	1211	1214	gi|1559669455|gb|MH777292.2|	5319	6526	7288	71.649	1.28e-75	10566	Human papillomavirus
ERR10856967_996_ka_f_9.169_L_634987_L_965086_L_634987_:105-1319	190	569	1214	gi|512390713|gb|KC752114.1|	1	377	380	79.058	2.81e-62	10566	Human papillomavirus
ERR10856967_996_ka_f_9.169_L_634987_L_965086_L_634987_:105-1319	57	353	1214	gi|607064610|ref|NC_023891.1|	5337	5627	7314	74.834	2.97e-22	1478160	Human papillomavirus 178
SRR25256591_49069_ka_f_16.207_L_49069_L_49069_:51-1241	1	1190	1190	gi|2389031634|tpg|BK062774.1|	1478	289	1577	96.809	0.0	2990447	Manis javanica papillomavirus 1
SRR25256591_49069_ka_f_16.207_L_49069_L_49069_:51-1241	1	1190	1190	gi|2389031773|tpg|BK062776.1|	166	1355	1664	96.725	0.0	2990447	Manis javanica papillomavirus 1
SRR13725755_3337_ka_f_229.751_L_3337_L_3337_:78-1292	1	1214	1214	gi|1559669478|gb|MH777313.2|	5253	6469	7198	78.414	0.0	10566	Human papillomavirus
SRR13725755_3337_ka_f_229.751_L_3337_L_3337_:78-1292	1	1208	1214	gi|1483237230|gb|MH972558.1|	5261	6474	7263	78.151	0.0	10566	Human papillomavirus
SRR13725755_3337_ka_f_229.751_L_3337_L_3337_:78-1292	1	1214	1214	gi|1559669307|gb|MH777160.2|	5266	6480	7235	76.860	0.0	10566	Human papillomavirus
SRR13725755_3337_ka_f_229.751_L_3337_L_3337_:78-1292	190	565	1214	gi|512390613|gb|KC752064.1|	1	376	386	97.340	6.64e-178	10566	Human papillomavirus
SRR13725755_3337_ka_f_229.751_L_3337_L_3337_:78-1292	1	1203	1214	gi|1273499459|gb|MF588736.1|	5264	6470	7237	75.327	8.89e-152	1961679	Gammapapillomavirus 22
ERR1659874_71_ka_f_14.402_:75-1316	1	1241	1241	gi|2710394555|tpg|BK066851.1|	4506	5734	6088	78.998	0.0	3116964	Papillomavirus gadus6207
ERR1659874_71_ka_f_14.402_:75-1316	1	1241	1241	gi|2069601146|gb|MH616908.2|	4602	5824	6086	78.503	0.0	2683332	Melanogrammus aeglefinus-associated papillomavirus 2
ERR3209766_3734_ka_f_76.491_L_3734_L_3734_:135-1340	1	1205	1205	gi|1144332332|gb|KX781288.1|	5303	6507	7328	88.382	0.0	10566	Human papillomavirus
ERR3209766_3734_ka_f_76.491_L_3734_L_3734_:135-1340	1	1205	1205	gi|1149685229|ref|NC_033781.1|	5409	6613	7329	88.216	0.0	1248396	Human papillomavirus 156
ERR3209766_3734_ka_f_76.491_L_3734_L_3734_:135-1340	1	1205	1205	gi|1273499404|gb|MF588729.1|	5285	6489	7339	83.320	0.0	1513263	Gammapapillomavirus 18
ERR3209766_3734_ka_f_76.491_L_3734_L_3734_:135-1340	1	1205	1205	gi|1559669450|gb|MH777290.2|	5285	6489	7339	83.071	0.0	10566	Human papillomavirus
ERR3209766_3734_ka_f_76.491_L_3734_L_3734_:135-1340	1	1194	1205	gi|1559669360|gb|MH777203.2|	5257	6435	7229	74.333	3.27e-131	10566	Human papillomavirus
SRR7688409_6938_ka_f_12.449_:105-1328	1	1223	1223	gi|512721866|ref|NC_021483.1|	5237	6459	7286	99.019	0.0	1195796	Human papillomavirus 154
SRR7688409_6938_ka_f_12.449_:105-1328	1	1223	1223	gi|1559669370|gb|MH777208.2|	5233	6456	7272	81.485	0.0	10566	Human papillomavirus
SRR7688409_6938_ka_f_12.449_:105-1328	110	543	1223	gi|218140415|gb|FJ480954.1|	1	434	434	99.539	0.0	10566	Human papillomavirus
SRR7688409_6938_ka_f_12.449_:105-1328	16	1223	1223	gi|870702434|gb|KP692116.1|	5218	6434	7344	72.344	1.26e-90	1682341	Human papillomavirus 202
SRR7688409_6938_ka_f_12.449_:105-1328	22	770	1223	gi|1559669275|gb|MH675891.2|	5253	5998	7301	73.788	2.81e-67	10566	Human papillomavirus
ERR2850471_12432_ka_f_9.200_L_12432_L_12432_:213-1511	1	1298	1298	gi|2710392937|tpg|BK066681.1|	4474	5771	6220	100.000	0.0	3116965	Papillomavirus gadus6361
ERR2850471_12432_ka_f_9.200_L_12432_L_12432_:213-1511	1	1295	1298	gi|2080077979|gb|MZ570859.1|	4444	5741	6194	87.213	0.0	2863866	Papillomaviridae sp. Haddock_c45
ERR2850471_12432_ka_f_9.200_L_12432_L_12432_:213-1511	1	1298	1298	gi|2080077993|gb|MZ570861.1|	4432	5726	6154	77.314	0.0	2863865	Papillomaviridae sp. Haddock_c2655
SRR13789256_10329_ka_f_38.951_L_10329_L_10329_:138-1343	1	1205	1205	gi|1273499189|gb|MF588702.1|	5381	6585	7366	99.834	0.0	1175849	Gammapapillomavirus 7
SRR13789256_10329_ka_f_38.951_L_10329_L_10329_:138-1343	1	1205	1205	gi|1559669488|gb|MH777326.2|	5381	6585	7366	99.502	0.0	10566	Human papillomavirus
SRR13789256_10329_ka_f_38.951_L_10329_L_10329_:138-1343	1	1202	1205	gi|1571840896|ref|NC_040640.1|	5381	6582	7372	87.937	0.0	2093789	Human papillomavirus type 203
SRR13789256_10329_ka_f_38.951_L_10329_L_10329_:138-1343	1	1202	1205	gi|1480688150|gb|MH777218.1|	5381	6582	7371	87.687	0.0	10566	Human papillomavirus
SRR13789256_10329_ka_f_38.951_L_10329_L_10329_:138-1343	96	310	1205	gi|1389445420|gb|MF768569.1|	215	1	215	99.535	2.04e-103	10566	Human papillomavirus
SRR14663246_4887_ka_f_300.730_L_112720_L_113075_:114-1295	1	1181	1181	gi|1215835501|ref|NC_035201.1|	5630	6810	7676	100.000	0.0	2016454	Ailuropoda melanoleuca papillomavirus 1
SRR14663246_4887_ka_f_300.730_L_112720_L_113075_:114-1295	827	989	1181	gi|82547780|ref|NC_007612.1|	6433	6595	7412	74.854	1.78e-04	1001533	Bos taurus papillomavirus 7
SRR13789490_11718_ka_f_15.136_:99-1298	1	1199	1199	gi|1476009243|gb|MH460956.1|	5196	6394	7134	98.832	0.0	2320739	Human papillomavirus type 210
SRR13789490_11718_ka_f_15.136_:99-1298	1	1196	1199	gi|319962668|ref|NC_014955.1|	5188	6383	7125	82.972	0.0	909331	Human papillomavirus 132
SRR13789490_11718_ka_f_15.136_:99-1298	104	540	1199	gi|11991657|gb|AF327732.1|AF327732	1	437	437	97.025	0.0	10566	Human papillomavirus
SRR13789490_11718_ka_f_15.136_:99-1298	104	540	1199	gi|17027123|gb|AF440450.1|	1	437	437	82.420	4.38e-100	10566	Human papillomavirus
SRR13789490_11718_ka_f_15.136_:99-1298	1	1176	1199	gi|1559669280|gb|MH777200.2|	5177	6343	7121	72.428	3.44e-91	10566	Human papillomavirus
ERR11203039_818097_ka_f_10.961_:282-1466	1	1184	1184	gi|1905007000|gb|MT265226.1|	6123	7306	7900	99.831	0.0	1087108	Canis familiaris papillomavirus 9
ERR11203039_818097_ka_f_10.961_:282-1466	1	1184	1184	gi|363540888|ref|NC_016074.1|	6096	7279	7873	99.578	0.0	1087108	Canis familiaris papillomavirus 9
ERR11203039_818097_ka_f_10.961_:282-1466	1	1184	1184	gi|1905006986|gb|MT265225.1|	5795	6978	7572	99.409	0.0	1087108	Canis familiaris papillomavirus 9
ERR11203039_818097_ka_f_10.961_:282-1466	1	1184	1184	gi|388542469|gb|JQ754321.1|	5856	7039	7890	82.452	0.0	1194330	Canis familiaris papillomavirus 12
ERR11203039_818097_ka_f_10.961_:282-1466	1	1184	1184	gi|2320130413|gb|OP093951.1|	5856	7039	7890	82.299	0.0	1134411	Canine papillomavirus
SRR7688798_978_ka_f_61.270_L_432_L_1946_L_643_:75-1280	1	1205	1205	gi|1559669394|gb|MH777232.2|	5265	6469	7320	99.336	0.0	10566	Human papillomavirus
SRR7688798_978_ka_f_61.270_L_432_L_1946_L_643_:75-1280	1	1202	1205	gi|1559669521|gb|MH777363.2|	5262	6463	7299	86.689	0.0	10566	Human papillomavirus
SRR7688798_978_ka_f_61.270_L_432_L_1946_L_643_:75-1280	1	1202	1205	gi|371486197|gb|JF966372.1|	5364	6565	7299	86.606	0.0	10566	Human papillomavirus
SRR7688798_978_ka_f_61.270_L_432_L_1946_L_643_:75-1280	1	1205	1205	gi|1559669400|gb|MH777236.2|	5252	6456	7297	85.406	0.0	10566	Human papillomavirus
SRR7688798_978_ka_f_61.270_L_432_L_1946_L_643_:75-1280	1	1205	1205	gi|1273499746|gb|MF588793.1|	3455	4662	5779	80.381	0.0	2049444	Gammapapillomavirus sp.
SRR25570573_444_ka_f_107.007_L_1050_L_23571_L_1050_:87-1304	1	1217	1217	gi|1559669541|gb|MH777380.2|	5268	6484	7273	100.000	0.0	10566	Human papillomavirus
SRR25570573_444_ka_f_107.007_L_1050_L_23571_L_1050_:87-1304	8	1217	1217	gi|1559669497|gb|MH777336.2|	5293	6499	7263	77.314	0.0	10566	Human papillomavirus
SRR25570573_444_ka_f_107.007_L_1050_L_23571_L_1050_:87-1304	8	1217	1217	gi|1273499483|gb|MF588739.1|	5290	6496	7260	77.131	0.0	1961679	Gammapapillomavirus 22
SRR25570573_444_ka_f_107.007_L_1050_L_23571_L_1050_:87-1304	1	1208	1217	gi|1559669362|gb|MH777204.2|	5233	6440	7214	76.078	8.73e-167	10566	Human papillomavirus
SRR25570573_444_ka_f_107.007_L_1050_L_23571_L_1050_:87-1304	3	1217	1217	gi|1273499475|gb|MF588738.1|	5304	6518	7309	75.696	1.13e-165	1961679	Gammapapillomavirus 22
SRR13789569_32249_ka_f_22.562_L_10158_L_274071_L_10158_L_179348_:36-1214	1	1178	1178	gi|339639364|emb|FN547152.2|	5670	6847	7809	99.745	0.0	673323	Human papillomavirus 125
SRR13789569_32249_ka_f_22.562_L_10158_L_274071_L_10158_L_179348_:36-1214	1	1175	1178	gi|1020202|gb|U31783.1|HPU31783	5785	6956	7959	85.119	0.0	37111	Human papillomavirus 28
SRR13789569_32249_ka_f_22.562_L_10158_L_274071_L_10158_L_179348_:36-1214	1	1178	1178	gi|397005|emb|X74462.1|	5796	6976	7820	84.759	0.0	10614	Human papillomavirus 3
SRR13789569_32249_ka_f_22.562_L_10158_L_274071_L_10158_L_179348_:36-1214	1	1169	1178	gi|629266009|dbj|AB793779.1|	5659	6830	7805	81.293	0.0	1297549	Human papillomavirus type 78
SRR13789569_32249_ka_f_22.562_L_10158_L_274071_L_10158_L_179348_:36-1214	1	1169	1178	gi|444303709|gb|KC138720.1|	5786	6957	7830	81.191	0.0	1288116	Human papillomavirus type XS2
SRR12173449_1071448_ka_f_20.678_L_1671863_L_2484981_:69-1286	1	1217	1217	gi|1559669545|gb|MH777385.2|	5207	6423	7199	99.918	0.0	10566	Human papillomavirus
SRR12173449_1071448_ka_f_20.678_L_1671863_L_2484981_:69-1286	1	1217	1217	gi|1559669547|gb|MH777388.2|	5207	6423	7214	85.538	0.0	10566	Human papillomavirus
SRR12173449_1071448_ka_f_20.678_L_1671863_L_2484981_:69-1286	1	1217	1217	gi|2710389974|tpg|BK066363.1|	5207	6417	7193	84.767	0.0	3116970	Papillomavirus homo7334
SRR12173449_1071448_ka_f_20.678_L_1671863_L_2484981_:69-1286	548	1023	1217	gi|1273499491|gb|MF588740.1|	5790	6250	7226	71.162	6.50e-14	1961679	Gammapapillomavirus 22
SRR12173449_1071448_ka_f_20.678_L_1671863_L_2484981_:69-1286	548	1023	1217	gi|1559669294|gb|MH777154.2|	5790	6250	7226	70.954	3.02e-12	10566	Human papillomavirus
SRR24111646_5467979_ka_f_182.953_L_32486780_L_7167075_:36-1259	801	834	1223	gi|1963875656|emb|LR990142.1|	10453989	10453955	21179654	97.143	0.009	753189	Hypena proboscidalis
SRR24111646_5467979_ka_f_182.953_L_32486780_L_7167075_:36-1259	515	545	1223	gi|2040242781|emb|OU015529.1|	60849087	60849057	65352188	96.774	0.40	111811	Caprimulgus europaeus
SRR18964744_6374_ka_f_7.683_:231-1436	1	1205	1205	gi|1898670031|emb|LR861917.1|	5084	6288	7258	99.751	0.0	915425	human papillomavirus 101
SRR18964744_6374_ka_f_7.683_:231-1436	1	1205	1205	gi|2416400474|gb|OP721192.1|	142	1346	1638	99.585	0.0	10566	Human papillomavirus
SRR18964744_6374_ka_f_7.683_:231-1436	1	1205	1205	gi|1898670134|emb|LR861930.1|	5085	6289	7259	99.585	0.0	915425	human papillomavirus 101
SRR18964744_6374_ka_f_7.683_:231-1436	1	1202	1205	gi|2374019438|gb|OP712017.1|	5084	6285	7258	99.584	0.0	915425	human papillomavirus 101
SRR18964744_6374_ka_f_7.683_:231-1436	1	1205	1205	gi|109390389|ref|NC_008189.1|	5085	6289	7259	98.340	0.0	915425	human papillomavirus 101
SRR25288568_3883_ka_f_11.586_:150-1337	1	1187	1187	gi|2699892631|gb|OR952782.1|	830	2016	2268	100.000	0.0	2004707	Bat papillomavirus
SRR25288568_3883_ka_f_11.586_:150-1337	1	1187	1187	gi|2699892615|gb|OR952776.1|	6048	7234	7926	100.000	0.0	2004707	Bat papillomavirus
SRR25288568_3883_ka_f_11.586_:150-1337	1	1172	1187	gi|2699892850|gb|OR952824.1|	1493	2661	7444	76.162	1.10e-165	2004707	Bat papillomavirus
SRR25288568_3883_ka_f_11.586_:150-1337	829	1152	1187	gi|2720024984|gb|OR531434.1|	6833	7153	7926	73.556	1.75e-19	3141210	Arctocephalus forsteri papillomavirus 1
SRR13789661_11236_ka_f_15.059_L_11236_L_11236_:78-1289	1	1023	1211	gi|1273499651|gb|MF588762.1|	730	1752	1752	99.804	0.0	1175850	Gammapapillomavirus 8
SRR13789661_11236_ka_f_15.059_L_11236_L_11236_:78-1289	1	1211	1211	gi|1559669526|gb|MH777370.2|	5226	6436	7232	83.815	0.0	10566	Human papillomavirus
SRR13789661_11236_ka_f_15.059_L_11236_L_11236_:78-1289	1	1202	1211	gi|1559669415|gb|MH777250.2|	5226	6427	7233	83.874	0.0	10566	Human papillomavirus
SRR13789661_11236_ka_f_15.059_L_11236_L_11236_:78-1289	1	1202	1211	gi|1214938671|gb|MF356498.1|	5226	6427	7233	83.804	0.0	10566	Human papillomavirus
SRR13789661_11236_ka_f_15.059_L_11236_L_11236_:78-1289	1	1211	1211	gi|409183113|gb|JX413106.1|	5337	6565	7233	74.318	4.25e-130	1315261	human papillomavirus 164
ERR1301537_2258_ka_f_5.053_:51-1223	1	1172	1172	gi|2699892856|gb|OR952825.1|	4264	5435	5925	98.976	0.0	2004707	Bat papillomavirus
ERR1301537_2258_ka_f_5.053_:51-1223	1	1172	1172	gi|2699892866|gb|OR952829.1|	5054	6225	7943	98.891	0.0	2004707	Bat papillomavirus
ERR1301537_2258_ka_f_5.053_:51-1223	1	1172	1172	gi|2699892932|gb|OR952845.1|	1884	3055	4779	89.267	0.0	2004707	Bat papillomavirus
ERR1301537_2258_ka_f_5.053_:51-1223	1	1170	1172	gi|2699892937|gb|OR952846.1|	1858	3027	7949	78.136	0.0	2004707	Bat papillomavirus
ERR1301537_2258_ka_f_5.053_:51-1223	1	1170	1172	gi|2699892884|gb|OR952834.1|	4849	6018	6534	77.608	0.0	2004707	Bat papillomavirus
SRR2005712_671_ka_f_90.708_L_671_L_671_:123-1322	1	1199	1199	gi|1559669491|gb|MH777328.2|	5260	6458	7330	98.999	0.0	10566	Human papillomavirus
SRR2005712_671_ka_f_90.708_L_671_L_671_:123-1322	106	548	1199	gi|380865526|gb|JQ250745.1|	1	443	444	94.131	0.0	10566	Human papillomavirus
SRR2005712_671_ka_f_90.708_L_671_L_671_:123-1322	923	1010	1199	gi|290964861|emb|FN677756.1|	6641	6728	7386	80.220	1.80e-04	743812	Human papillomavirus 151
SRR2005712_671_ka_f_90.708_L_671_L_671_:123-1322	958	1010	1199	gi|38422445|emb|AJ606879.1|	11	63	367	84.906	0.11	10566	Human papillomavirus
SRR2005712_671_ka_f_90.708_L_671_L_671_:123-1322	982	1010	1199	gi|1835611|gb|U85663.1|HPU85663	5	33	337	100.000	0.11	10566	Human papillomavirus
SRR13789163_78297_ka_f_11.500_L_531219_:57-1262	1	1202	1205	gi|896684338|ref|NC_027528.1|	5337	6538	7291	81.411	0.0	1682340	Human papillomavirus 201
SRR13789163_78297_ka_f_11.500_L_531219_:57-1262	4	1202	1205	gi|1559669695|gb|MH777223.2|	5447	6645	7383	79.800	0.0	10566	Human papillomavirus
SRR13789163_78297_ka_f_11.500_L_531219_:57-1262	3	1202	1205	gi|2442234522|gb|ON482334.1|	5337	6536	7277	79.056	0.0	3026463	Human papillomavirus 228
SRR13789163_78297_ka_f_11.500_L_531219_:57-1262	190	558	1205	gi|512390687|gb|KC752101.1|	1	369	380	95.393	2.42e-162	10566	Human papillomavirus
SRR13789163_78297_ka_f_11.500_L_531219_:57-1262	3	1190	1205	gi|1031620540|gb|KR816171.1|	5300	6493	7286	70.380	6.12e-49	1851126	Human papillomavirus type 183
SRR21284445_1_ka_f_92.391_L_1_L_1_:6-1205	1	1199	1199	gi|2312648317|gb|OP376966.1|	5674	6872	7769	100.000	0.0	2983318	Varecia variegata papillomavirus 2
SRR21284445_1_ka_f_92.391_L_1_L_1_:6-1205	1	1199	1199	gi|2312648308|gb|OP376965.1|	5662	6860	7757	99.583	0.0	2983318	Varecia variegata papillomavirus 2
SRR21284445_1_ka_f_92.391_L_1_L_1_:6-1205	1	1199	1199	gi|2623646536|gb|OR734655.1|	5675	6873	7770	98.249	0.0	2983318	Varecia variegata papillomavirus 2
SRR21284445_1_ka_f_92.391_L_1_L_1_:6-1205	1123	1196	1199	gi|2310112419|gb|OP358428.1|	214	287	464	83.784	1.08e-06	57581	Macaca fascicularis papillomavirus
SRR6442942_2544_ka_f_42.733_L_2544_L_2544_:0-1157	1	1157	1157	gi|1273499277|gb|MF588713.1|	5367	6523	7367	100.000	0.0	1175852	Gammapapillomavirus 10
SRR6442942_2544_ka_f_42.733_L_2544_L_2544_:0-1157	1	1157	1157	gi|1559669348|gb|MH777193.2|	4601	5757	7451	99.654	0.0	10566	Human papillomavirus
SRR6442942_2544_ka_f_42.733_L_2544_L_2544_:0-1157	1	1157	1157	gi|1031620589|gb|KR816178.1|	5364	6520	7364	99.222	0.0	1851216	Human papillomavirus 191
SRR6442942_2544_ka_f_42.733_L_2544_L_2544_:0-1157	1	1154	1157	gi|343411569|gb|HM999994.1|	5370	6523	7374	82.062	0.0	1070415	Human papillomavirus 142
SRR6442942_2544_ka_f_42.733_L_2544_L_2544_:0-1157	1	1154	1157	gi|1389447866|gb|MH172378.1|	5361	6514	7326	81.126	0.0	2200958	Human papillomavirus type 221
ERR11271768_2292159_ka_f_11.526_:84-1271	880	984	1187	gi|2314238300|gb|MZ091405.1|	928	1032	1542	80.952	1.37e-10	32630	synthetic construct
ERR11271768_2292159_ka_f_11.526_:84-1271	497	575	1187	gi|1273499746|gb|MF588793.1|	3945	4023	5779	79.747	0.008	2049444	Gammapapillomavirus sp.
SRR14370090_2275_ka_f_18.110_L_2275_L_2275_:102-1304	1	1202	1202	gi|1898670952|emb|LR862036.1|	5082	6283	7313	95.923	0.0	10566	Human papillomavirus
SRR14370090_2275_ka_f_18.110_L_2275_L_2275_:102-1304	1	1202	1202	gi|1559669374|gb|MH777213.2|	5518	6719	7313	95.840	0.0	10566	Human papillomavirus
SRR14370090_2275_ka_f_18.110_L_2275_L_2275_:102-1304	1	1202	1202	gi|2422053184|gb|OP971015.1|	5523	6724	7318	95.674	0.0	3003860	human papillomavirus 226
SRR14370090_2275_ka_f_18.110_L_2275_L_2275_:102-1304	1	1202	1202	gi|1898670621|emb|LR861990.1|	5085	6286	7315	95.591	0.0	10566	Human papillomavirus
SRR14370090_2275_ka_f_18.110_L_2275_L_2275_:102-1304	1	1202	1202	gi|2416400544|gb|OP721228.1|	163	1364	1659	86.960	0.0	10566	Human papillomavirus
ERR4671982_48666_ka_f_31.516_L_48666_L_48666_:111-1289	1	1178	1178	gi|2710390058|tpg|BK066374.1|	6049	7226	7842	93.888	0.0	3116960	Papillomavirus felis7983
ERR4671982_48666_ka_f_31.516_L_48666_L_48666_:111-1289	1	1172	1178	gi|1534888011|gb|MH910493.1|	6466	7658	7944	74.250	2.48e-127	2495531	Leopardus wiedii papillomavirus type 1
ERR4671982_48666_ka_f_31.516_L_48666_L_48666_:111-1289	4	1178	1178	gi|2710391502|tpg|BK066513.1|	6226	7409	8062	72.037	2.65e-82	3116962	Papillomavirus felis8233a
ERR4671982_48666_ka_f_31.516_L_48666_L_48666_:111-1289	4	1154	1178	gi|2805785170|gb|PQ335169.1|	713	1872	1888	72.061	1.23e-80	3348415	Felis domesticus papillomavirus
ERR4671982_48666_ka_f_31.516_L_48666_L_48666_:111-1289	4	1178	1178	gi|2710391585|tpg|BK066522.1|	6230	7413	8066	71.880	2.67e-77	3116961	Papillomavirus felis8233
SRR13318616_110537_ka_f_17.398_L_110537_L_110537_:120-1298	915	942	1178	gi|1304138264|gb|CP025096.1|	7204703	7204676	8794837	100.000	0.38	2057025	Spirosoma pollinicola
SRR7688494_11232_ka_f_23.586_L_212923_:105-1319	1	1214	1214	gi|1559669384|gb|MH777220.2|	5241	6454	7229	100.000	0.0	10566	Human papillomavirus
SRR7688494_11232_ka_f_23.586_L_212923_:105-1319	1	1211	1214	gi|1480688090|gb|MH777209.1|	5241	6451	7229	88.192	0.0	10566	Human papillomavirus
SRR7688494_11232_ka_f_23.586_L_212923_:105-1319	1	1038	1214	gi|1273499658|gb|MF588764.1|	3391	4428	4433	87.861	0.0	1175851	Gammapapillomavirus 9
SRR7688494_11232_ka_f_23.586_L_212923_:105-1319	104	549	1214	gi|353441674|gb|JF906538.1|	1	446	446	100.000	0.0	10566	Human papillomavirus
SRR7688494_11232_ka_f_23.586_L_212923_:105-1319	104	549	1214	gi|1590101844|gb|MH647655.1|	1	448	448	97.321	0.0	10566	Human papillomavirus
SRR2146113_0_ka_f_61.608_:93-1277	1	1184	1184	gi|113200740|ref|NC_008297.1|	5802	6985	7801	100.000	0.0	360397	Canis familiaris papillomavirus 3
SRR2146113_0_ka_f_61.608_:93-1277	1	1183	1184	gi|1046841328|gb|KT326919.1|	5941	7123	7810	84.531	0.0	1816242	Canis familiaris papillomavirus 18
SRR2146113_0_ka_f_61.608_:93-1277	468	1146	1184	gi|1755632236|dbj|LC489230.1|	1	679	696	84.242	0.0	1816242	Canis familiaris papillomavirus 18
SRR2146113_0_ka_f_61.608_:93-1277	11	1138	1184	gi|1905006986|gb|MT265225.1|	5805	6932	7572	74.517	5.37e-129	1087108	Canis familiaris papillomavirus 9
SRR2146113_0_ka_f_61.608_:93-1277	51	1138	1184	gi|1905007000|gb|MT265226.1|	6173	7260	7900	74.841	1.93e-128	1087108	Canis familiaris papillomavirus 9
DRR336006_14876_ka_f_37.727_L_248168_:57-1235	1	1175	1178	gi|67772357|gb|DQ067889.1|	46	1220	1518	79.474	0.0	32630	synthetic construct
DRR336006_14876_ka_f_37.727_L_248168_:57-1235	1	1175	1178	gi|15212100|emb|AJ313179.1|	46	1220	1518	78.626	0.0	32630	synthetic construct
DRR336006_14876_ka_f_37.727_L_248168_:57-1235	1	1161	1178	gi|222544029|gb|FJ615303.1|	124	1296	1590	71.584	5.81e-69	32630	synthetic construct
DRR336006_14876_ka_f_37.727_L_248168_:57-1235	1	1173	1178	gi|2314238538|gb|MZ091409.1|	46	1215	1497	71.309	3.50e-66	32630	synthetic construct
DRR336006_14876_ka_f_37.727_L_248168_:57-1235	1	1161	1178	gi|222544033|gb|FJ615305.1|	124	1281	1575	71.344	1.63e-64	32630	synthetic construct
SRR15442910_1968_ka_f_923.205_L_1968_L_1968_:78-1292	1	1199	1214	gi|1483237230|gb|MH972558.1|	5261	6465	7263	79.570	0.0	10566	Human papillomavirus
SRR15442910_1968_ka_f_923.205_L_1968_L_1968_:78-1292	1	1211	1214	gi|1559669310|gb|MH777162.2|	5236	6453	7247	78.250	0.0	10566	Human papillomavirus
SRR15442910_1968_ka_f_923.205_L_1968_L_1968_:78-1292	190	564	1214	gi|512390545|gb|KC752030.1|	1	375	386	97.067	1.11e-175	10566	Human papillomavirus
SRR15442910_1968_ka_f_923.205_L_1968_L_1968_:78-1292	3	1214	1214	gi|1273499475|gb|MF588738.1|	5304	6518	7309	74.170	7.12e-128	1961679	Gammapapillomavirus 22
SRR15442910_1968_ka_f_923.205_L_1968_L_1968_:78-1292	330	552	1214	gi|406657658|gb|JX316024.1|	1	223	223	99.552	7.33e-108	10566	Human papillomavirus
SRR13308318_561_ka_f_8.507_:186-1376	1	1190	1190	gi|2710393360|tpg|BK066727.1|	5578	6767	7488	100.000	0.0	3116978	Papillomavirus luscinia7441
SRR1622899_53_ka_f_2218.022_L_62_L_497_L_499_:192-1421	1	1229	1229	gi|1559669358|gb|MH777202.2|	5237	6465	7236	93.328	0.0	10566	Human papillomavirus
SRR1622899_53_ka_f_2218.022_L_62_L_497_L_499_:192-1421	1	1214	1229	gi|1480688620|gb|MH777289.1|	5228	6441	7213	78.425	0.0	10566	Human papillomavirus
SRR1622899_53_ka_f_2218.022_L_62_L_497_L_499_:192-1421	1	1214	1229	gi|1480687874|gb|MH777179.1|	5239	6453	7221	77.588	0.0	10566	Human papillomavirus
SRR1622899_53_ka_f_2218.022_L_62_L_497_L_499_:192-1421	1	1214	1229	gi|922073265|ref|NC_027779.1|	5239	6453	7320	77.506	0.0	10566	Human papillomavirus
SRR1622899_53_ka_f_2218.022_L_62_L_497_L_499_:192-1421	1	1229	1229	gi|1480687722|gb|MH777157.1|	5235	6463	7226	76.737	0.0	10566	Human papillomavirus
ERR10187989_1290_ka_f_14.644_L_1290_L_1290_L_88233_:90-1274	1	1184	1184	gi|2075897910|gb|MW428426.1|	5315	6498	7333	99.916	0.0	2866013	Bos taurus papillomavirus 39
ERR10187989_1290_ka_f_14.644_L_1290_L_1290_L_88233_:90-1274	1	1184	1184	gi|2075897902|gb|MW428425.1|	5470	6653	7333	99.916	0.0	2866013	Bos taurus papillomavirus 39
ERR10187989_1290_ka_f_14.644_L_1290_L_1290_L_88233_:90-1274	1	1184	1184	gi|2075900675|gb|MW727481.1|	49	1232	1518	99.831	0.0	2866013	Bos taurus papillomavirus 39
ERR10187989_1290_ka_f_14.644_L_1290_L_1290_L_88233_:90-1274	1	1119	1184	gi|2075900669|gb|MW543426.1|	19	1137	1190	98.838	0.0	2866012	Bos taurus papillomavirus
ERR10187989_1290_ka_f_14.644_L_1290_L_1290_L_88233_:90-1274	91	533	1184	gi|1609443851|gb|MH729202.1|	1	443	449	99.549	0.0	10571	Bovine papillomavirus
SRR13233423_322985_ka_f_9.137_:48-1226	1	1175	1178	gi|1064859043|gb|KX599536.1|	5982	7153	7941	73.232	2.55e-107	2759773	Canis familiaris papillomavirus 19
SRR13233423_322985_ka_f_9.137_:48-1226	129	294	1178	gi|1273499372|gb|MF588725.1|	5408	5575	7262	77.326	2.26e-13	1513260	Gammapapillomavirus 15
SRR13233423_322985_ka_f_9.137_:48-1226	265	463	1178	gi|2658863274|gb|PP135543.1|	4	202	211	75.369	8.12e-13	2759773	Canis familiaris papillomavirus 19
SRR13233423_322985_ka_f_9.137_:48-1226	129	250	1178	gi|1559669499|gb|MH777337.2|	5408	5532	7262	80.315	2.92e-12	10566	Human papillomavirus
SRR7688390_14_ka_f_31.387_L_33_:99-1313	1	1214	1214	gi|1559669332|gb|MH777182.2|	5239	6452	7235	100.000	0.0	10566	Human papillomavirus
SRR7688390_14_ka_f_31.387_L_33_:99-1313	1	1214	1214	gi|537775091|gb|KC311731.2|	5599	6812	7247	85.585	0.0	10566	Human papillomavirus
SRR7688390_14_ka_f_31.387_L_33_:99-1313	12	1214	1214	gi|1559669362|gb|MH777204.2|	5245	6449	7214	77.504	0.0	10566	Human papillomavirus
SRR7688390_14_ka_f_31.387_L_33_:99-1313	12	1214	1214	gi|1273499443|gb|MF588734.1|	5245	6449	7214	77.504	0.0	1961679	Gammapapillomavirus 22
SRR7688390_14_ka_f_31.387_L_33_:99-1313	3	1214	1214	gi|1559669497|gb|MH777336.2|	5288	6499	7263	74.673	2.51e-142	10566	Human papillomavirus
SRR13790117_6058_ka_f_97.491_L_591471_L_699116_:87-1301	1	1214	1214	gi|1559669556|gb|MH972563.2|	5261	6474	7229	88.386	0.0	10566	Human papillomavirus
SRR13790117_6058_ka_f_97.491_L_591471_L_699116_:87-1301	234	1214	1214	gi|1273499743|gb|MF588792.1|	1	981	1997	87.971	0.0	2049444	Gammapapillomavirus sp.
SRR13790117_6058_ka_f_97.491_L_591471_L_699116_:87-1301	1	1211	1214	gi|1559669307|gb|MH777160.2|	5267	6477	7235	83.003	0.0	10566	Human papillomavirus
SRR13790117_6058_ka_f_97.491_L_591471_L_699116_:87-1301	1	1209	1214	gi|1273499618|gb|MF588756.1|	5268	6476	7230	80.281	0.0	2049444	Gammapapillomavirus sp.
SRR13790117_6058_ka_f_97.491_L_591471_L_699116_:87-1301	1	1209	1214	gi|1480689274|gb|MH777387.1|	5268	6476	7230	80.116	0.0	10566	Human papillomavirus
ERR10188194_1064_ka_f_7.233_:75-1259	1	1184	1184	gi|2851517942|gb|PQ497704.1|	5752	6935	7221	99.831	0.0	10571	Bovine papillomavirus
ERR10188194_1064_ka_f_7.233_:75-1259	1	1184	1184	gi|343174555|gb|JF834524.1|	1619	2805	3363	86.111	0.0	1070324	Bos taurus papillomavirus 12
ERR10188194_1064_ka_f_7.233_:75-1259	1	1184	1184	gi|944326236|ref|NC_028126.1|	5453	6639	7197	86.111	0.0	1070324	Bos taurus papillomavirus 12
ERR10188194_1064_ka_f_7.233_:75-1259	1	1184	1184	gi|2075897995|gb|MW436428.1|	5241	6427	7202	85.690	0.0	1070324	Bos taurus papillomavirus 12
ERR10188194_1064_ka_f_7.233_:75-1259	104	528	1184	gi|2304169056|gb|MZ292467.1|	1	425	425	99.765	0.0	10571	Bovine papillomavirus
SRR14825199_21136_ka_f_13.016_:36-1253	4	1217	1217	gi|1273499724|gb|MF588785.1|	631	1847	2169	79.737	0.0	1961681	Gammapapillomavirus 24
SRR14825199_21136_ka_f_13.016_:36-1253	4	1217	1217	gi|1559669291|gb|MH777376.2|	5190	6406	7208	79.573	0.0	10566	Human papillomavirus
SRR14825199_21136_ka_f_13.016_:36-1253	4	1217	1217	gi|371486220|gb|JF966375.1|	5364	6580	7286	77.787	0.0	10566	Human papillomavirus
SRR14825199_21136_ka_f_13.016_:36-1253	1	1217	1217	gi|1559669402|gb|MH777237.2|	5250	6478	7276	76.694	0.0	10566	Human papillomavirus
SRR14825199_21136_ka_f_13.016_:36-1253	181	554	1217	gi|1150189777|gb|KY242582.1|	1	374	378	98.128	0.0	10566	Human papillomavirus
SRR13235192_177217_ka_f_211.739_L_177217_L_177217_:96-1274	1	1175	1178	gi|1064859043|gb|KX599536.1|	5982	7153	7941	80.017	0.0	2759773	Canis familiaris papillomavirus 19
SRR13235192_177217_ka_f_211.739_L_177217_L_177217_:96-1274	824	896	1178	gi|1273499356|gb|MF588723.1|	6041	6113	7159	83.562	3.81e-06	1513259	Gammapapillomavirus 14
SRR13235192_177217_ka_f_211.739_L_177217_L_177217_:96-1274	52	111	1178	gi|1559669284|gb|MH777266.2|	4453	4514	6424	85.714	1.77e-04	10566	Human papillomavirus
SRR25288742_11308_ka_f_26.393_:84-1274	1	1190	1190	gi|2699892983|gb|OR952859.1|	398	1587	5934	99.580	0.0	2004707	Bat papillomavirus
SRR25288742_11308_ka_f_26.393_:84-1274	1	1190	1190	gi|2699892967|gb|OR952854.1|	263	1452	1792	98.908	0.0	2004707	Bat papillomavirus
SRR25288742_11308_ka_f_26.393_:84-1274	1	1187	1190	gi|2699893101|gb|OR952888.1|	29	1209	1757	75.957	8.59e-162	2004707	Bat papillomavirus
SRR22765732_302938_ka_f_25.717_L_447294_L_447294_:105-1316	1	1211	1211	gi|1480688460|gb|MH777263.1|	5240	6450	7241	99.009	0.0	10566	Human papillomavirus
SRR22765732_302938_ka_f_25.717_L_447294_L_447294_:105-1316	1	1211	1211	gi|371486228|gb|JF966376.1|	5330	6543	7219	77.250	0.0	10566	Human papillomavirus
SRR22765732_302938_ka_f_25.717_L_447294_L_447294_:105-1316	843	1001	1211	gi|2724609934|gb|PP718721.1|	6205	6363	7429	77.358	6.46e-14	915429	Human papillomavirus 121
SRR22765732_302938_ka_f_25.717_L_447294_L_447294_:105-1316	843	1001	1211	gi|2724609889|gb|PP718715.1|	6205	6363	7409	77.358	6.46e-14	915429	Human papillomavirus 121
SRR22765732_302938_ka_f_25.717_L_447294_L_447294_:105-1316	843	1001	1211	gi|2724609882|gb|PP718714.1|	6205	6363	7409	77.358	6.46e-14	915429	Human papillomavirus 121
ERR11284567_173521_ka_f_1310.052_L_6480890_L_6480891_L_681676_:198-1382	634	705	1184	gi|389656432|ref|NC_017997.1|	5841	5912	7271	82.192	6.40e-04	1070417	Human papillomavirus 144
SRR13789648_5311_ka_f_14.756_:72-1283	104	537	1211	gi|89574377|gb|DQ418475.1|	1	434	434	99.078	0.0	10566	Human papillomavirus
SRR13789648_5311_ka_f_14.756_:72-1283	1	1194	1211	gi|1559669747|gb|MH777343.2|	5223	6407	7179	74.050	7.15e-123	10566	Human papillomavirus
SRR13789648_5311_ka_f_14.756_:72-1283	1	1194	1211	gi|1273499309|gb|MF588717.1|	5200	6378	7115	71.934	3.55e-76	1513257	Gammapapillomavirus 12
SRR13789648_5311_ka_f_14.756_:72-1283	1	1194	1211	gi|1559669286|gb|MH777348.2|	5200	6378	7115	71.852	1.65e-74	10566	Human papillomavirus
SRR13789648_5311_ka_f_14.756_:72-1283	14	1211	1211	gi|2724609784|gb|PP718701.1|	5966	7151	7962	70.122	8.07e-38	10566	Human papillomavirus
SRR25288680_217212_ka_f_56.070_L_218084_L_276317_:84-1274	1	1190	1190	gi|2699893103|gb|OR952889.1|	245	1434	1799	100.000	0.0	2004707	Bat papillomavirus
SRR25288680_217212_ka_f_56.070_L_218084_L_276317_:84-1274	1	1190	1190	gi|2699893098|gb|OR952887.1|	5008	6197	6700	97.563	0.0	2004707	Bat papillomavirus
SRR25288680_217212_ka_f_56.070_L_218084_L_276317_:84-1274	1	994	1190	gi|2699893092|gb|OR952885.1|	46	1039	1536	70.530	7.92e-38	2004707	Bat papillomavirus
SRR25288680_217212_ka_f_56.070_L_218084_L_276317_:84-1274	79	284	1190	gi|948298196|ref|NC_028267.1|	5872	6071	7771	72.464	0.002	2848317	Trichechus manatus latirostris papillomavirus 4
SRR25288680_217212_ka_f_56.070_L_218084_L_276317_:84-1274	79	284	1190	gi|564112400|gb|KF574429.1|	127	326	1509	72.464	0.002	2848317	Trichechus manatus latirostris papillomavirus 4
SRR24955658_85510_ka_f_38.556_L_85510_L_85510_:117-1295	1	1178	1178	gi|1209055474|gb|KY705374.1|	6020	7197	7480	99.915	0.0	10571	Bovine papillomavirus
SRR24955658_85510_ka_f_38.556_L_85510_L_85510_:117-1295	1	1178	1178	gi|1215835572|ref|NC_035208.1|	6020	7197	7480	99.915	0.0	10571	Bovine papillomavirus
SRR24955658_85510_ka_f_38.556_L_85510_L_85510_:117-1295	3	1172	1178	gi|2771753907|gb|PQ037580.1|	5443	6615	7379	75.949	3.06e-161	2809408	Firstpapillomavirinae sp.
SRR24955658_85510_ka_f_38.556_L_85510_L_85510_:117-1295	841	996	1178	gi|1559669409|gb|MH777244.2|	6009	6164	7126	79.874	6.24e-19	10566	Human papillomavirus
SRR24955658_85510_ka_f_38.556_L_85510_L_85510_:117-1295	841	996	1178	gi|1273499681|gb|MF588771.1|	607	762	2611	79.874	6.24e-19	1513257	Gammapapillomavirus 12
ERR1992808_760127_ka_f_7.254_:0-1178	1	1178	1178	gi|109390374|ref|NC_008184.1|	5882	7059	7866	100.000	0.0	936060	Tursiops truncatus papillomavirus 2
ERR1992808_760127_ka_f_7.254_:0-1178	1	1178	1178	gi|60545034|gb|AY940040.1|	67	1244	1539	100.000	0.0	936060	Tursiops truncatus papillomavirus 2
SRR2565980_10051_ka_f_141.807_L_10051_L_10051_:105-1319	1	1214	1214	gi|2710392709|tpg|BK066659.1|	5230	6443	7209	100.000	0.0	3116971	Papillomavirus homo7350
SRR2565980_10051_ka_f_141.807_L_10051_L_10051_:105-1319	1	1211	1214	gi|1559669406|gb|MH777243.2|	5232	6439	7218	75.226	5.31e-154	10566	Human papillomavirus
SRR2565980_10051_ka_f_141.807_L_10051_L_10051_:105-1319	1	1199	1214	gi|1480688090|gb|MH777209.1|	5241	6439	7229	75.163	4.17e-145	10566	Human papillomavirus
SRR2565980_10051_ka_f_141.807_L_10051_L_10051_:105-1319	1	1004	1214	gi|1273499658|gb|MF588764.1|	3391	4394	4433	76.419	9.02e-142	1175851	Gammapapillomavirus 9
SRR2565980_10051_ka_f_141.807_L_10051_L_10051_:105-1319	190	566	1214	gi|512390713|gb|KC752114.1|	1	377	380	89.655	4.26e-130	10566	Human papillomavirus
ERR3675775_12414_ka_f_165.913_L_12414_L_12414_:105-1334	1	1229	1229	gi|564732516|gb|KF006398.1|	5207	6435	7261	99.675	0.0	1434986	Human papillomavirus 171
ERR3675775_12414_ka_f_165.913_L_12414_L_12414_:105-1334	1	1229	1229	gi|409183105|gb|JX413105.1|	5342	6570	7252	88.690	0.0	1315260	Human papillomavirus 169
ERR3675775_12414_ka_f_165.913_L_12414_L_12414_:105-1334	204	566	1229	gi|512390513|gb|KC752014.1|	16	378	378	88.154	1.22e-115	10566	Human papillomavirus
ERR3675775_12414_ka_f_165.913_L_12414_L_12414_:105-1334	253	567	1229	gi|512390607|gb|KC752061.1|	34	348	352	88.889	2.69e-102	10566	Human papillomavirus
ERR3675775_12414_ka_f_165.913_L_12414_L_12414_:105-1334	142	773	1229	gi|1273499189|gb|MF588702.1|	5519	6150	7366	71.981	4.93e-35	1175849	Gammapapillomavirus 7
SRR13789819_47383_ka_f_31.518_L_47383_L_47383_:93-1304	1	1211	1211	gi|1020934686|gb|KT698167.1|	5299	6509	7298	99.339	0.0	2259334	Human papillomavirus 205
SRR13789819_47383_ka_f_31.518_L_47383_L_47383_:93-1304	104	543	1211	gi|4574431|gb|AF121431.1|AF121431	1	440	440	84.091	2.02e-113	10566	Human papillomavirus
SRR13789819_47383_ka_f_31.518_L_47383_L_47383_:93-1304	374	761	1211	gi|1559669493|gb|MH777331.2|	5620	6007	7315	75.190	8.07e-38	10566	Human papillomavirus
SRR13789819_47383_ka_f_31.518_L_47383_L_47383_:93-1304	536	762	1211	gi|1559669551|gb|MH972561.2|	5779	6005	7322	78.261	2.28e-28	10566	Human papillomavirus
SRR13789819_47383_ka_f_31.518_L_47383_L_47383_:93-1304	859	1211	1211	gi|1559669472|gb|MH777309.2|	6066	6421	7311	74.167	2.94e-27	10566	Human papillomavirus
SRR24963196_123050_ka_f_20.394_L_4782298_L_4782298_:60-1247	1037	1092	1187	gi|2591973752|gb|OR513864.1|	38	93	96	87.719	4.96e-05	10566	Human papillomavirus
ERR11203034_1304534_ka_f_11.833_L_1304534_L_1304534_:390-1574	134	971	1184	gi|189043078|ref|NC_010739.1|	5645	6482	7582	70.188	8.00e-28	461322	Ursus maritimus papillomavirus 1
SRR20730070_355699_ka_f_5.329_:87-1271	135	173	1184	gi|9627065|ref|NC_001523.1|	6428	6466	8374	97.436	1.38e-05	10564	Deltapapillomavirus 2
SRR20730070_355699_ka_f_5.329_:87-1271	135	173	1184	gi|333021|gb|M11910.1|PPDCG	6428	6466	8374	97.436	1.38e-05	2772504	Odocoileus virginianus papillomavirus 1
SRR20730070_355699_ka_f_5.329_:87-1271	138	170	1184	gi|2571140998|gb|OP079920.1|	4	35	428	96.970	0.11	2004707	Bat papillomavirus
SRR15400772_1059_ka_f_9.771_:78-1307	1	1226	1229	gi|1559669350|gb|MH777195.2|	5225	6450	7211	80.097	0.0	10566	Human papillomavirus
SRR15400772_1059_ka_f_9.771_:78-1307	1	1229	1229	gi|1559669337|gb|MH777186.2|	5240	6468	7222	79.483	0.0	10566	Human papillomavirus
SRR15400772_1059_ka_f_9.771_:78-1307	1	1224	1229	gi|1559669528|gb|MH777371.2|	5237	6462	7228	78.977	0.0	10566	Human papillomavirus
SRR15400772_1059_ka_f_9.771_:78-1307	1	1229	1229	gi|1273499205|gb|MF588704.1|	5237	6468	7227	78.646	0.0	1175850	Gammapapillomavirus 8
SRR15400772_1059_ka_f_9.771_:78-1307	140	543	1229	gi|380865534|gb|JQ250749.1|	26	429	429	99.752	0.0	10566	Human papillomavirus
SRR17035102_50223_ka_f_8.719_L_1041166_:150-1334	814	953	1184	gi|9628542|ref|NC_001690.1|	6087	6226	7100	79.577	4.88e-15	40538	Human papillomavirus type 48
SRR17035102_50223_ka_f_8.719_L_1041166_:150-1334	859	956	1184	gi|1696825918|gb|MK648148.1|	936	1034	1569	84.000	2.27e-13	37119	human papillomavirus 66
SRR17035102_50223_ka_f_8.719_L_1041166_:150-1334	373	475	1184	gi|296495852|gb|GQ845444.1|	5902	6004	7397	82.857	8.17e-13	10566;765054	Human papillomavirus;Human papillomavirus 122
SRR17035102_50223_ka_f_8.719_L_1041166_:150-1334	373	475	1184	gi|562320|emb|X79949.1|	100	202	674	82.857	8.17e-13	10566	Human papillomavirus
SRR17035102_50223_ka_f_8.719_L_1041166_:150-1334	619	759	1184	gi|1571847423|ref|NC_040803.1|	5887	6027	7251	77.852	6.36e-09	2049444	Gammapapillomavirus sp.
SRR27078533_9335_ka_f_13.818_L_9335_L_9335_L_242730_:66-1277	1	1208	1211	gi|1559669406|gb|MH777243.2|	5232	6439	7218	75.470	8.81e-157	10566	Human papillomavirus
SRR27078533_9335_ka_f_13.818_L_9335_L_9335_L_242730_:66-1277	106	343	1211	gi|353441686|gb|JF906544.1|	3	240	240	100.000	7.21e-118	10566	Human papillomavirus
SRR27078533_9335_ka_f_13.818_L_9335_L_9335_L_242730_:66-1277	24	1208	1211	gi|371486228|gb|JF966376.1|	5353	6540	7219	72.108	7.63e-78	10566	Human papillomavirus
SRR27078533_9335_ka_f_13.818_L_9335_L_9335_L_242730_:66-1277	137	723	1211	gi|389656400|ref|NC_017993.1|	5507	6090	7293	71.405	1.37e-25	1070408	Human papillomavirus 135
SRR27078533_9335_ka_f_13.818_L_9335_L_9335_L_242730_:66-1277	25	265	1211	gi|2710390281|tpg|BK066395.1|	5274	5511	7260	75.610	2.31e-18	3116975	Papillomavirus homo8923
SRR7687725_1801_ka_f_6.700_:96-1310	1	1214	1214	gi|1559669307|gb|MH777160.2|	5267	6480	7235	100.000	0.0	10566	Human papillomavirus
SRR7687725_1801_ka_f_6.700_:96-1310	1	1211	1214	gi|1559669556|gb|MH972563.2|	5261	6471	7229	83.402	0.0	10566	Human papillomavirus
SRR7687725_1801_ka_f_6.700_:96-1310	1	1214	1214	gi|1273499618|gb|MF588756.1|	5268	6481	7230	81.348	0.0	2049444	Gammapapillomavirus sp.
SRR7687725_1801_ka_f_6.700_:96-1310	1	1214	1214	gi|1480689274|gb|MH777387.1|	5268	6481	7230	81.265	0.0	10566	Human papillomavirus
SRR7687725_1801_ka_f_6.700_:96-1310	1	1214	1214	gi|1360655607|gb|MG063749.1|	5240	6459	7223	73.667	2.01e-118	10566	Human papillomavirus
ERR1301530_3971_ka_f_10.046_:168-1343	874	970	1175	gi|1559669284|gb|MH777266.2|	5283	5379	6424	84.536	1.74e-14	10566	Human papillomavirus
ERR1301530_3971_ka_f_10.046_:168-1343	833	965	1175	gi|2699892979|gb|OR952858.1|	5081	5211	5994	76.296	1.37e-05	2004707	Bat papillomavirus
SRR22071704_12049_ka_f_77.775_L_52033_L_23986_L_52033_:78-1268	1	1190	1190	gi|2462484678|gb|ON932811.1|	43	1232	1476	99.581	0.0	2050020	Rodent papillomavirus
SRR22071704_12049_ka_f_77.775_L_52033_L_23986_L_52033_:78-1268	1	1190	1190	gi|1476681449|gb|MH892425.1|	5324	6513	7370	89.085	0.0	2336760	Papillomaviridae RPVne-OR02-zj
SRR22071704_12049_ka_f_77.775_L_52033_L_23986_L_52033_:78-1268	1	1190	1190	gi|2462484680|gb|ON932812.1|	49	1238	1539	89.085	0.0	2050020	Rodent papillomavirus
SRR22071704_12049_ka_f_77.775_L_52033_L_23986_L_52033_:78-1268	1	1187	1190	gi|1571837270|ref|NC_040604.1|	5330	6516	7373	84.836	0.0	2050020	Rodent papillomavirus
SRR22071704_12049_ka_f_77.775_L_52033_L_23986_L_52033_:78-1268	1	1187	1190	gi|255762023|gb|GQ180114.1|	5891	7077	7378	84.667	0.0	664730	Rattus norvegicus papillomavirus 1
ERR10188221_5690_ka_f_12.848_L_5690_L_5690_:90-1268	1	1178	1178	gi|2075897872|gb|MW404257.1|	5262	6439	7186	99.576	0.0	2866039	Bos taurus papillomavirus 35
ERR10188221_5690_ka_f_12.848_L_5690_L_5690_:90-1268	1	1169	1178	gi|751997735|gb|KM983393.1|	5732	6900	7189	84.773	0.0	1969700	Bos taurus papillomavirus 15
ERR10188221_5690_ka_f_12.848_L_5690_L_5690_:90-1268	1	1173	1178	gi|2075897880|gb|MW404258.1|	4941	6113	7205	83.973	0.0	2866040	Bos taurus papillomavirus 36
ERR10188221_5690_ka_f_12.848_L_5690_L_5690_:90-1268	1	1173	1178	gi|2075897894|gb|MW404260.1|	5270	6442	7202	82.453	0.0	2866042	Bos taurus papillomavirus 38
ERR10188221_5690_ka_f_12.848_L_5690_L_5690_:90-1268	1	1173	1178	gi|2075897864|gb|MW404256.1|	5335	6513	7271	76.094	1.09e-165	2866038	Bos taurus papillomavirus 34
SRR25288643_142108_ka_f_39.850_L_146905_L_255767_:60-1244	1	1184	1184	gi|2699892818|gb|OR952818.1|	1380	2563	6238	100.000	0.0	2004707	Bat papillomavirus
SRR25288643_142108_ka_f_39.850_L_146905_L_255767_:60-1244	1	1184	1184	gi|2699892792|gb|OR952813.1|	1340	2523	6104	96.537	0.0	2004707	Bat papillomavirus
SRR25288643_142108_ka_f_39.850_L_146905_L_255767_:60-1244	1	1184	1184	gi|2699892829|gb|OR952820.1|	1477	2660	6153	79.665	0.0	2004707	Bat papillomavirus
SRR25288643_142108_ka_f_39.850_L_146905_L_255767_:60-1244	1	1169	1184	gi|2699892777|gb|OR952809.1|	290	1458	7213	79.028	0.0	2004707	Bat papillomavirus
SRR25288643_142108_ka_f_39.850_L_146905_L_255767_:60-1244	865	941	1184	gi|2699893195|gb|OR952909.1|	893	969	1611	87.013	1.06e-11	2004707	Bat papillomavirus
SRR7802420_28_ka_f_37.675_L_28_L_28_:72-1280	1	1208	1208	gi|309273978|gb|GU129016.1|	5677	6890	7164	82.895	0.0	942038	Human papillomavirus 148
SRR7802420_28_ka_f_37.675_L_28_L_28_:72-1280	1	1205	1208	gi|1559669282|gb|MH777217.2|	5292	6496	7260	80.992	0.0	10566	Human papillomavirus
SRR7802420_28_ka_f_37.675_L_28_L_28_:72-1280	101	537	1208	gi|1590101865|gb|MH647662.1|	1	437	437	98.398	0.0	10566	Human papillomavirus
SRR7802420_28_ka_f_37.675_L_28_L_28_:72-1280	104	537	1208	gi|23344729|gb|AF542103.1|	1	434	434	97.465	0.0	10566	Human papillomavirus
SRR7802420_28_ka_f_37.675_L_28_L_28_:72-1280	106	537	1208	gi|15020301|gb|AY040283.1|	3	434	434	81.609	2.68e-92	10566	Human papillomavirus
SRR13376362_191915_ka_f_32.172_L_5951917_L_5951917_:99-1271	496	736	1172	gi|1544852901|dbj|LC363559.1|	6749	6989	8102	74.180	1.74e-14	292792	Canis familiaris papillomavirus 2
SRR13376362_191915_ka_f_32.172_L_5951917_L_5951917_:99-1271	496	736	1172	gi|2289983646|gb|MW881228.1|	6748	6988	8101	74.180	1.74e-14	292792	Canis familiaris papillomavirus 2
SRR13376362_191915_ka_f_32.172_L_5951917_L_5951917_:99-1271	496	736	1172	gi|56693036|ref|NC_006564.1|	6748	6988	8101	74.180	1.74e-14	292792	Canis familiaris papillomavirus 2
SRR6442947_636_ka_f_33.491_L_8957_:75-1283	1	1208	1208	gi|1273499746|gb|MF588793.1|	3455	4662	5779	100.000	0.0	2049444	Gammapapillomavirus sp.
SRR6442947_636_ka_f_33.491_L_8957_:75-1283	1	1208	1208	gi|1480689143|gb|MH777367.1|	5250	6457	7257	84.851	0.0	10566	Human papillomavirus
SRR6442947_636_ka_f_33.491_L_8957_:75-1283	1	1208	1208	gi|1571838941|ref|NC_040619.1|	5250	6457	7257	84.851	0.0	2049444	Gammapapillomavirus sp.
SRR6442947_636_ka_f_33.491_L_8957_:75-1283	10	1208	1208	gi|1559669400|gb|MH777236.2|	5261	6456	7297	81.660	0.0	10566	Human papillomavirus
SRR6442947_636_ka_f_33.491_L_8957_:75-1283	1	1205	1208	gi|1559669521|gb|MH777363.2|	5262	6463	7299	80.877	0.0	10566	Human papillomavirus
SRR8509908_14_ka_f_6.700_:72-1274	1	1202	1202	gi|371486252|gb|JF966379.1|	5242	6443	7095	97.171	0.0	10566	Human papillomavirus
SRR8509908_14_ka_f_6.700_:72-1274	1	1202	1202	gi|1559669603|gb|MH777188.2|	5143	6344	7096	87.604	0.0	10566	Human papillomavirus
SRR8509908_14_ka_f_6.700_:72-1274	1	995	1202	gi|1480688581|gb|MH777281.1|	5207	6195	7123	74.306	4.36e-105	10566	Human papillomavirus
SRR8509908_14_ka_f_6.700_:72-1274	1	1202	1202	gi|1559669409|gb|MH777244.2|	5166	6361	7126	72.876	2.05e-98	10566	Human papillomavirus
SRR8509908_14_ka_f_6.700_:72-1274	11	1185	1202	gi|371486244|gb|JF966378.1|	5305	6485	7152	72.315	4.46e-90	10566	Human papillomavirus
SRR26982246_0_ka_f_74.413_L_0_L_0_:66-1271	1	1205	1205	gi|2671839362|gb|OR915591.1|	5319	6523	7598	100.000	0.0	3112644	Caracal caracal papillomavirus 5
SRR26982246_0_ka_f_74.413_L_0_L_0_:66-1271	895	1016	1205	gi|27531786|ref|NC_004500.1|	6585	6707	7461	80.645	2.31e-13	211787	Human papillomavirus type 92
SRR25288618_5254_ka_f_8.023_:51-1196	1	1142	1145	gi|2699892917|gb|OR952841.1|	375	1516	5677	100.000	0.0	3127953	Scotophilus kuhlii papillomavirus 1
SRR25288618_5254_ka_f_8.023_:51-1196	1	1141	1145	gi|2699892876|gb|OR952832.1|	232	1372	1831	100.000	0.0	3127953	Scotophilus kuhlii papillomavirus 1
SRR25288618_5254_ka_f_8.023_:51-1196	1	1142	1145	gi|2699892895|gb|OR952836.1|	349	1490	1680	99.912	0.0	3127953	Scotophilus kuhlii papillomavirus 1
SRR25288618_5254_ka_f_8.023_:51-1196	1	1144	1145	gi|2699892928|gb|OR952844.1|	26	1169	3021	87.325	0.0	3127953	Scotophilus kuhlii papillomavirus 1
SRR25288618_5254_ka_f_8.023_:51-1196	1	1144	1145	gi|2699892613|gb|OR952775.1|	123	1266	1602	87.238	0.0	3127953	Scotophilus kuhlii papillomavirus 1
ERR361035_246_ka_f_6.100_:96-1292	1	1196	1196	gi|2710394909|tpg|BK066885.1|	4072	5267	5617	99.833	0.0	3117008	Papillomavirus sparus5623
SRR2005651_2957_ka_f_13.700_:93-1310	1	1217	1217	gi|2222704870|gb|MW311489.1|	5194	6410	7186	88.013	0.0	10566	Human papillomavirus
SRR2005651_2957_ka_f_13.700_:93-1310	233	544	1217	gi|1476009215|gb|MH460942.1|	1	312	312	87.179	2.70e-92	10566	Human papillomavirus
SRR2005651_2957_ka_f_13.700_:93-1310	1	1217	1217	gi|1559669528|gb|MH777371.2|	5237	6468	7228	72.611	2.70e-92	10566	Human papillomavirus
SRR2005651_2957_ka_f_13.700_:93-1310	1045	1214	1217	gi|1273499205|gb|MF588704.1|	6296	6465	7227	84.211	4.88e-35	1175850	Gammapapillomavirus 8
SRR2005651_2957_ka_f_13.700_:93-1310	275	1178	1217	gi|40804520|emb|AJ620210.1|	5690	6584	7337	70.395	4.88e-35	260716	Human papillomavirus 95
SRR17548765_1555673_ka_f_17.784_L_1555673_L_1555673_:93-1310	1	1217	1217	gi|1697199832|gb|MK645901.1|	5404	6620	7283	89.729	0.0	10566	Human papillomavirus
SRR17548765_1555673_ka_f_17.784_L_1555673_L_1555673_:93-1310	1	1217	1217	gi|1480689127|gb|MH777365.1|	5259	6475	7283	89.729	0.0	10566	Human papillomavirus
SRR17548765_1555673_ka_f_17.784_L_1555673_L_1555673_:93-1310	1	1217	1217	gi|1273499563|gb|MF588749.1|	5259	6475	7283	89.729	0.0	1961681	Gammapapillomavirus 24
SRR17548765_1555673_ka_f_17.784_L_1555673_L_1555673_:93-1310	1	1217	1217	gi|1653972961|gb|MK620838.1|	5368	6584	7392	89.647	0.0	1961681	Gammapapillomavirus 24
SRR17548765_1555673_ka_f_17.784_L_1555673_L_1555673_:93-1310	16	1214	1217	gi|1559669551|gb|MH972561.2|	5262	6460	7322	75.433	4.12e-155	10566	Human papillomavirus
SRR16938422_12360_ka_f_9.149_:147-1364	1	1217	1217	gi|1273499459|gb|MF588736.1|	5265	6481	7237	98.439	0.0	1961679	Gammapapillomavirus 22
SRR16938422_12360_ka_f_9.149_:147-1364	3	1212	1217	gi|1559669497|gb|MH777336.2|	5288	6494	7263	78.332	0.0	10566	Human papillomavirus
SRR16938422_12360_ka_f_9.149_:147-1364	3	1212	1217	gi|1273499483|gb|MF588739.1|	5285	6491	7260	78.314	0.0	1961679	Gammapapillomavirus 22
SRR16938422_12360_ka_f_9.149_:147-1364	1	1214	1217	gi|1273499491|gb|MF588740.1|	5240	6444	7226	73.842	1.20e-120	1961679	Gammapapillomavirus 22
SRR16938422_12360_ka_f_9.149_:147-1364	1	1214	1217	gi|1559669294|gb|MH777154.2|	5240	6444	7226	73.761	5.60e-119	10566	Human papillomavirus
SRR17035106_10706_ka_f_7.078_L_550708_:54-1220	1042	1069	1166	gi|2323400522|emb|OX352483.1|	5083777	5083750	22218047	100.000	0.38	405032	Brenthis daphne
SRR17035106_10706_ka_f_7.078_L_550708_:54-1220	1042	1069	1166	gi|2167941955|emb|OV170228.1|	17225806	17225833	29209687	100.000	0.38	405034	Brenthis ino
SRR21838344_390_ka_f_107.204_L_390_L_390_L_30267_:48-1220	1	1172	1172	gi|2438570693|gb|OP934207.1|	6437	7608	7906	100.000	0.0	3003942	Pan troglodytes papillomavirus 1
SRR21838344_390_ka_f_107.204_L_390_L_390_L_30267_:48-1220	1	1172	1172	gi|2438570709|gb|OP934211.1|	6437	7608	7906	99.915	0.0	3003942	Pan troglodytes papillomavirus 1
SRR21838344_390_ka_f_107.204_L_390_L_390_L_30267_:48-1220	1	1163	1172	gi|1031620519|gb|KR816168.1|	5669	6837	7933	84.957	0.0	1851123	Human papillomavirus type 177
SRR21838344_390_ka_f_107.204_L_390_L_390_L_30267_:48-1220	104	537	1172	gi|22550287|gb|AF489445.1|	1	434	434	99.539	0.0	203380	Chimpanzee papillomavirus
SRR21838344_390_ka_f_107.204_L_390_L_390_L_30267_:48-1220	142	1163	1172	gi|2416400414|gb|OP721162.1|	264	1295	1605	72.779	3.41e-81	10566	Human papillomavirus
SRR19430196_31104_ka_f_22.247_L_31104_L_31104_:45-1151	207	234	1106	gi|2286317680|ref|XM_050097134.1|	5170	5197	7480	100.000	0.36	2023355	Schistocerca serialis cubense
SRR19430196_31104_ka_f_22.247_L_31104_L_31104_:45-1151	207	234	1106	gi|2284290835|ref|XM_049991328.1|	5168	5195	7516	100.000	0.36	7010	Schistocerca gregaria
SRR19430196_31104_ka_f_22.247_L_31104_L_31104_:45-1151	207	234	1106	gi|2284290833|ref|XM_049991327.1|	5237	5264	7585	100.000	0.36	7010	Schistocerca gregaria
SRR19430196_31104_ka_f_22.247_L_31104_L_31104_:45-1151	207	234	1106	gi|2282687538|ref|XM_049927270.1|	5137	5164	7466	100.000	0.36	274614	Schistocerca cancellata
SRR19430196_31104_ka_f_22.247_L_31104_L_31104_:45-1151	207	234	1106	gi|2282620843|ref|XM_049950344.1|	5141	5168	7468	100.000	0.36	7011	Schistocerca nitens
ERR5094902_3503_ka_f_144.113_L_3503_L_3503_:282-1448	1	1166	1166	gi|2069601142|gb|MH510267.2|	4578	5743	5984	99.743	0.0	2683334	Oncorhynchus mykiss-associated papillomavirus 1
SRR25256542_15341_ka_f_16.988_L_15341_L_15341_:45-1244	7	1163	1199	gi|2389031773|tpg|BK062776.1|	171	1319	1664	73.146	3.39e-101	2990447	Manis javanica papillomavirus 1
SRR25256542_15341_ka_f_16.988_L_15341_L_15341_:45-1244	7	1163	1199	gi|2389031634|tpg|BK062774.1|	1473	325	1577	73.061	1.58e-99	2990447	Manis javanica papillomavirus 1
SRR25256542_15341_ka_f_16.988_L_15341_L_15341_:45-1244	133	250	1199	gi|2571140998|gb|OP079920.1|	1	118	428	86.555	1.75e-24	2004707	Bat papillomavirus
SRR25256542_15341_ka_f_16.988_L_15341_L_15341_:45-1244	844	987	1199	gi|677569933|gb|KM085343.1|	6106	6251	7278	78.767	1.78e-14	10566;1542134	Human papillomavirus;Human papillomavirus 197
SRR25256542_15341_ka_f_16.988_L_15341_L_15341_:45-1244	885	993	1199	gi|2710390058|tpg|BK066374.1|	6909	7017	7842	81.651	8.27e-13	3116960	Papillomavirus felis7983
SRR25288518_7324_ka_f_25.213_L_201693_L_253198_:84-1283	1	1199	1199	gi|2699893262|gb|OR952923.1|	1759	2957	5015	100.000	0.0	2004707	Bat papillomavirus
SRR25288518_7324_ka_f_25.213_L_201693_L_253198_:84-1283	1	1193	1199	gi|2699893142|gb|OR952899.1|	206	1398	1532	93.886	0.0	2004707	Bat papillomavirus
SRR25288518_7324_ka_f_25.213_L_201693_L_253198_:84-1283	1	1196	1199	gi|2699892691|gb|OR952795.1|	3215	4403	6514	79.867	0.0	2004707	Bat papillomavirus
SRR25288518_7324_ka_f_25.213_L_201693_L_253198_:84-1283	1	1194	1199	gi|2699892644|gb|OR952786.1|	5844	7025	7583	78.851	0.0	2004707	Bat papillomavirus
SRR25288518_7324_ka_f_25.213_L_201693_L_253198_:84-1283	4	1193	1199	gi|2699892595|gb|OR952772.1|	5646	6826	7566	78.112	0.0	2004707	Bat papillomavirus
ERR11284567_301318_ka_f_14.484_L_11064884_L_11482373_L_11482374_:114-1286	1	1172	1172	gi|347750421|ref|NC_016014.1|	5894	7065	7784	99.829	0.0	1081055	Canis familiaris papillomavirus 8
ERR11284567_301318_ka_f_14.484_L_11064884_L_11482373_L_11482374_:114-1286	216	499	1172	gi|1594662792|gb|MK205382.1|	1	284	284	99.648	8.70e-142	1081055	Canis familiaris papillomavirus 8
SRR6216855_1616_ka_f_14.742_:69-1286	1	1217	1217	gi|870702416|gb|KP692114.1|	5180	6399	7137	83.129	0.0	1682339	human papillomavirus 200
SRR6216855_1616_ka_f_14.742_:69-1286	1	1214	1217	gi|1559669422|gb|MH777258.2|	5171	6387	7128	81.758	0.0	10566	Human papillomavirus
SRR6216855_1616_ka_f_14.742_:69-1286	1	1187	1217	gi|9628542|ref|NC_001690.1|	5250	6436	7100	80.721	0.0	40538	Human papillomavirus type 48
SRR6216855_1616_ka_f_14.742_:69-1286	1	1217	1217	gi|1559669669|gb|MH777377.2|	5180	6396	7126	79.460	0.0	10566	Human papillomavirus
SRR6216855_1616_ka_f_14.742_:69-1286	1	1214	1217	gi|1559669417|gb|MH777251.2|	5186	6399	7146	78.449	0.0	10566	Human papillomavirus
SRR13789306_38219_ka_f_578.459_L_38219_L_38219_:138-1343	1	1205	1205	gi|1480688150|gb|MH777218.1|	5381	6585	7371	99.668	0.0	10566	Human papillomavirus
SRR13789306_38219_ka_f_578.459_L_38219_L_38219_:138-1343	1	1205	1205	gi|1571840896|ref|NC_040640.1|	5381	6585	7372	99.419	0.0	2093789	Human papillomavirus type 203
SRR13789306_38219_ka_f_578.459_L_38219_L_38219_:138-1343	1	1202	1205	gi|1273499189|gb|MF588702.1|	5381	6582	7366	87.770	0.0	1175849	Gammapapillomavirus 7
SRR13789306_38219_ka_f_578.459_L_38219_L_38219_:138-1343	1	1202	1205	gi|1559669488|gb|MH777326.2|	5381	6582	7366	87.687	0.0	10566	Human papillomavirus
SRR13789306_38219_ka_f_578.459_L_38219_L_38219_:138-1343	104	357	1205	gi|353441652|gb|JF906527.1|	1	254	254	99.606	4.25e-125	10566	Human papillomavirus
SRR13789197_90024_ka_f_15.930_:60-1265	1	1205	1205	gi|1571847423|ref|NC_040803.1|	5263	6467	7251	100.000	0.0	2049444	Gammapapillomavirus sp.
SRR13789197_90024_ka_f_15.930_:60-1265	188	1169	1205	gi|1480688903|gb|MH777330.1|	5443	6436	7326	70.751	3.71e-41	10566	Human papillomavirus
SRR13789197_90024_ka_f_15.930_:60-1265	541	713	1205	gi|2717333551|gb|OQ930234.1|	6465	6637	7458	77.143	4.97e-15	10566	Human papillomavirus
SRR13789197_90024_ka_f_15.930_:60-1265	633	661	1205	gi|1811248760|dbj|AP022713.1|	31099825	31099853	33174000	100.000	0.11	160734	Plectropomus leopardus
ERR1301851_4027_ka_f_32.367_L_4027_L_4027_:51-1223	1	1172	1172	gi|2699892951|gb|OR952848.1|	1462	2627	2727	80.884	0.0	2004707	Bat papillomavirus
ERR1301851_4027_ka_f_32.367_L_4027_L_4027_:51-1223	1	1157	1172	gi|2699893038|gb|OR952873.1|	1752	2914	3153	74.723	4.08e-135	2004707	Bat papillomavirus
ERR1301851_4027_ka_f_32.367_L_4027_L_4027_:51-1223	1	1161	1172	gi|2699893054|gb|OR952876.1|	1484	2650	8074	74.240	5.35e-124	2004707	Bat papillomavirus
ERR1301851_4027_ka_f_32.367_L_4027_L_4027_:51-1223	834	917	1172	gi|2389031888|tpg|BK062778.1|	698	616	1727	82.143	1.05e-06	2990448	Manis pentadactyla papillomavirus 1
ERR1301447_2108_ka_f_5.661_:51-1232	130	250	1181	gi|628817680|gb|KF208372.1|	43	163	477	78.689	1.76e-09	1495311	Eptesicus serotinus papillomavirus
ERR1301447_2108_ka_f_5.661_:51-1232	868	980	1181	gi|2699893285|gb|OR952928.1|	1082	1194	1921	78.070	1.06e-06	2004707	Bat papillomavirus
ERR1301447_2108_ka_f_5.661_:51-1232	1110	1177	1181	gi|2699892862|gb|OR952827.1|	1293	1360	1518	83.824	4.94e-05	2004707	Bat papillomavirus
ERR1301447_2108_ka_f_5.661_:51-1232	862	989	1181	gi|2699892602|gb|OR952773.1|	3148	3275	5181	75.781	4.94e-05	2004707	Bat papillomavirus
ERR1301521_1469_ka_f_15.866_L_1469_L_1469_:51-1232	502	627	1181	gi|2552409916|gb|OQ836189.1|	6409	6534	7778	79.845	2.93e-12	3064037	Canis familiaris papillomavirus type 25
ERR11203069_3540346_ka_f_44.413_L_4886755_L_1717691_:72-1253	1	1178	1181	gi|1571835348|ref|NC_040579.1|	6378	7549	8300	80.372	0.0	2304620	Canine papillomavirus 22
ERR11203069_3540346_ka_f_44.413_L_4886755_L_1717691_:72-1253	1	981	1181	gi|601448876|ref|NC_023852.1|	6297	7277	8228	73.360	1.22e-90	1226723	Canis familiaris papillomavirus 13
ERR11203069_3540346_ka_f_44.413_L_4886755_L_1717691_:72-1253	46	1181	1181	gi|1464250076|gb|MH285954.1|	6261	7388	8140	72.145	7.43e-78	2304621	Canine papillomavirus 23
ERR11203069_3540346_ka_f_44.413_L_4886755_L_1717691_:72-1253	637	728	1181	gi|296495860|gb|GQ845445.1|	5945	6036	7329	81.915	2.28e-08	765055	Human papillomavirus 123
ERR1301936_15220_ka_f_9.921_:51-1223	1	1172	1172	gi|2699892613|gb|OR952775.1|	123	1294	1602	94.369	0.0	3127953	Scotophilus kuhlii papillomavirus 1
ERR1301936_15220_ka_f_9.921_:51-1223	1	1172	1172	gi|2699892928|gb|OR952844.1|	26	1197	3021	94.283	0.0	3127953	Scotophilus kuhlii papillomavirus 1
ERR1301936_15220_ka_f_9.921_:51-1223	1	1172	1172	gi|2699892917|gb|OR952841.1|	375	1546	5677	87.031	0.0	3127953	Scotophilus kuhlii papillomavirus 1
ERR1301936_15220_ka_f_9.921_:51-1223	1	1172	1172	gi|2699892895|gb|OR952836.1|	349	1520	1680	87.031	0.0	3127953	Scotophilus kuhlii papillomavirus 1
ERR1301936_15220_ka_f_9.921_:51-1223	1	1172	1172	gi|2699892876|gb|OR952832.1|	232	1403	1831	86.945	0.0	3127953	Scotophilus kuhlii papillomavirus 1
SRR7662931_625534_ka_f_20.340_L_625534_L_625534_:99-1316	1	1217	1217	gi|2710394803|tpg|BK066876.1|	5535	6751	7722	100.000	0.0	3117006	Papillomavirus sousa2507
SRR27078527_32249_ka_f_5.800_:90-1289	1	1199	1199	gi|388771295|gb|JQ963500.1|	49	1241	1521	87.239	0.0	765052	Human papillomavirus 120
SRR27078527_32249_ka_f_5.800_:90-1289	1	1199	1199	gi|388771292|gb|JQ963499.1|	49	1241	1521	86.906	0.0	765052	Human papillomavirus 120
SRR27078527_32249_ka_f_5.800_:90-1289	1	1199	1199	gi|388771271|gb|JQ963492.1|	49	1241	1521	86.822	0.0	765052	Human papillomavirus 120
SRR27078527_32249_ka_f_5.800_:90-1289	1	1199	1199	gi|388771265|gb|JQ963490.1|	49	1241	1521	86.822	0.0	765052	Human papillomavirus 120
SRR27078527_32249_ka_f_5.800_:90-1289	1	1199	1199	gi|388771259|gb|JQ963488.1|	49	1241	1521	86.822	0.0	765052	Human papillomavirus 120
SRR7688916_299_ka_f_11.510_:111-1310	1	1199	1199	gi|1480688227|gb|MH777228.1|	5176	6374	7258	99.833	0.0	10566	Human papillomavirus
SRR7688916_299_ka_f_11.510_:111-1310	104	549	1199	gi|4574419|gb|AF121425.1|AF121425	1	446	446	93.049	0.0	10566	Human papillomavirus
SRR7688916_299_ka_f_11.510_:111-1310	2	779	1199	gi|564732516|gb|KF006398.1|	5208	5979	7261	72.306	7.87e-48	1434986	Human papillomavirus 171
SRR7688916_299_ka_f_11.510_:111-1310	1	1199	1199	gi|1559669406|gb|MH777243.2|	5232	6442	7218	69.919	2.24e-33	10566	Human papillomavirus
SRR7688916_299_ka_f_11.510_:111-1310	1	959	1199	gi|1273499127|gb|MF588694.1|	5219	6178	7271	70.163	4.84e-30	2049444	Gammapapillomavirus sp.
SRR25288810_2242_ka_f_62.690_L_163421_L_3700053_:132-1328	1	1196	1196	gi|2699892959|gb|OR952850.1|	425	1620	5374	100.000	0.0	2004707	Bat papillomavirus
SRR25288810_2242_ka_f_62.690_L_163421_L_3700053_:132-1328	1	1193	1196	gi|2699892967|gb|OR952854.1|	263	1449	1792	73.610	9.20e-117	2004707	Bat papillomavirus
SRR25288810_2242_ka_f_62.690_L_163421_L_3700053_:132-1328	1	1193	1196	gi|2699892983|gb|OR952859.1|	398	1584	5934	73.295	9.27e-112	2004707	Bat papillomavirus
SRR25288810_2242_ka_f_62.690_L_163421_L_3700053_:132-1328	1	1196	1196	gi|2699893101|gb|OR952888.1|	29	1212	1757	72.877	2.03e-98	2004707	Bat papillomavirus
ERR10857031_3697_ka_f_7.169_L_121222_:48-1256	1	1208	1208	gi|1480688825|gb|MH777318.1|	5209	6416	7271	99.172	0.0	10566	Human papillomavirus
ERR10857031_3697_ka_f_7.169_L_121222_:48-1256	1	1208	1208	gi|1559669455|gb|MH777292.2|	5319	6529	7288	75.062	1.14e-150	10566	Human papillomavirus
ERR10857031_3697_ka_f_7.169_L_121222_:48-1256	1	1208	1208	gi|1273499253|gb|MF588710.1|	5226	6436	7289	73.171	2.62e-107	1175851	Gammapapillomavirus 9
ERR10857031_3697_ka_f_7.169_L_121222_:48-1256	1	1208	1208	gi|1559669523|gb|MH777364.2|	5226	6436	7289	73.089	1.22e-105	10566	Human papillomavirus
SRR22765759_6891_ka_f_9.226_:57-1259	1	1199	1202	gi|1559669315|gb|MH777166.2|	5257	6455	7209	74.159	9.12e-127	10566	Human papillomavirus
SRR22765759_6891_ka_f_9.226_:57-1259	142	771	1202	gi|389656408|ref|NC_017994.1|	5343	5966	7319	75.157	1.28e-70	1070409	Human papillomavirus 136
SRR22765759_6891_ka_f_9.226_:57-1259	182	533	1202	gi|380865528|gb|JQ250746.1|	74	425	442	79.775	3.60e-61	10566	Human papillomavirus
SRR22765759_6891_ka_f_9.226_:57-1259	142	489	1202	gi|4574429|gb|AF121430.1|AF121430	33	377	437	78.797	1.68e-54	10566	Human papillomavirus
SRR22765759_6891_ka_f_9.226_:57-1259	142	493	1202	gi|22531851|gb|AF364484.1|	30	378	437	78.371	1.01e-51	57581	Macaca fascicularis papillomavirus
SRR15835191_34_ka_f_29.380_L_2210_L_1171_L_2210_:162-1343	1	1181	1181	gi|1191444268|gb|KX514426.1|	5655	6835	7812	99.831	0.0	652810	Human papillomavirus type 85
SRR15835191_34_ka_f_29.380_L_2210_L_1171_L_2210_:162-1343	1	1181	1181	gi|1195007861|ref|NC_034616.1|	5655	6835	7812	99.831	0.0	652810	Human papillomavirus type 85
SRR15835191_34_ka_f_29.380_L_2210_L_1171_L_2210_:162-1343	1	1181	1181	gi|4574720|gb|AF131950.1|	5655	6835	7812	99.831	0.0	2848423	human papillomavirus 85
SRR15835191_34_ka_f_29.380_L_2210_L_1171_L_2210_:162-1343	1	1175	1181	gi|2374019043|gb|OP711959.1|	5688	6859	7833	77.449	0.0	10588	human papillomavirus 39
SRR15835191_34_ka_f_29.380_L_2210_L_1171_L_2210_:162-1343	1	1175	1181	gi|537802165|gb|KC470249.1|	5688	6859	7833	77.449	0.0	10588	human papillomavirus 39
ERR2535171_1512_ka_f_18.086_L_1512_L_1512_:135-1352	2	1214	1217	gi|353441719|gb|JF906559.1|	5284	6487	7352	81.019	0.0	1165934	Human papillomavirus 155
ERR2535171_1512_ka_f_18.086_L_1512_L_1512_:135-1352	2	1214	1217	gi|1559669686|gb|MH777198.2|	5348	6557	7319	79.491	0.0	10566	Human papillomavirus
ERR2535171_1512_ka_f_18.086_L_1512_L_1512_:135-1352	2	1214	1217	gi|1175972445|gb|KY780961.1|	5303	6512	7319	79.163	0.0	10566	Human papillomavirus
ERR2535171_1512_ka_f_18.086_L_1512_L_1512_:135-1352	104	540	1217	gi|89574361|gb|DQ418467.1|	1	437	437	99.771	0.0	10566	Human papillomavirus
ERR2535171_1512_ka_f_18.086_L_1512_L_1512_:135-1352	2	1214	1217	gi|1031620575|gb|KR816176.1|	5303	6512	7318	78.443	0.0	1851214	Human papillomavirus 189
SRR27078480_4094_ka_f_1429.921_L_4094_L_4094_:123-1343	104	543	1220	gi|353441658|gb|JF906530.1|	5	444	444	99.091	0.0	10566	Human papillomavirus
SRR27078480_4094_ka_f_1429.921_L_4094_L_4094_:123-1343	538	944	1220	gi|1296549|emb|X89882.1|	1	407	416	99.017	0.0	10566	Human papillomavirus
SRR27078480_4094_ka_f_1429.921_L_4094_L_4094_:123-1343	2	1217	1220	gi|296495828|gb|GQ845441.1|	5242	6469	7251	75.968	6.76e-168	765051	human papillomavirus 119
SRR27078480_4094_ka_f_1429.921_L_4094_L_4094_:123-1343	2	1206	1220	gi|1559669421|gb|MH777257.2|	5297	6495	7290	74.592	4.25e-135	10566	Human papillomavirus
SRR27078480_4094_ka_f_1429.921_L_4094_L_4094_:123-1343	1	1217	1220	gi|1559669618|gb|MH777282.2|	5263	6470	7268	74.373	1.19e-130	10566	Human papillomavirus
SRR13234992_37666_ka_f_28.625_:84-1265	1	1181	1181	gi|2710393960|tpg|BK066790.1|	6272	7452	8279	100.000	0.0	3116946	Papillomavirus canis7118
SRR13234992_37666_ka_f_28.625_:84-1265	1	1181	1181	gi|2710390241|tpg|BK066390.1|	6403	7583	8240	76.703	3.85e-180	3116956	Papillomavirus canis8381
SRR13234992_37666_ka_f_28.625_:84-1265	12	1181	1181	gi|1571835141|ref|NC_040578.1|	6249	7419	8225	71.405	1.26e-65	2304619	Canine papillomavirus 21
SRR13234992_37666_ka_f_28.625_:84-1265	132	567	1181	gi|1379071675|gb|MF416381.1|	6173	6599	7375	72.889	1.04e-21	2171376	Mouse papillomavirus 1
SRR13234992_37666_ka_f_28.625_:84-1265	132	567	1181	gi|1276316437|gb|MF350303.1|	180	606	1530	72.889	1.04e-21	763552	Mus musculus papillomavirus type 1
SRR25288680_306181_ka_f_14.144_:63-1256	1	1190	1193	gi|2699893092|gb|OR952885.1|	46	1232	1536	83.166	0.0	2004707	Bat papillomavirus
SRR15292755_1259225_ka_f_59.198_L_1259225_L_1259225_:159-1334	1	1175	1175	gi|2710389627|tpg|BK066335.1|	6351	7525	8193	100.000	0.0	3116990	Papillomavirus panthera8334
SRR15292755_1259225_ka_f_59.198_L_1259225_L_1259225_:159-1334	1	1175	1175	gi|62547897|gb|AY904722.1|	6430	7604	8233	80.390	0.0	323364	Lynx rufus papillomavirus 1
SRR15292755_1259225_ka_f_59.198_L_1259225_L_1259225_:159-1334	1	1169	1175	gi|77157775|gb|DQ180494.1|	6259	7427	8078	77.929	0.0	2848325	Uncia uncia papillomavirus 1
SRR15292755_1259225_ka_f_59.198_L_1259225_L_1259225_:159-1334	1	1172	1175	gi|62547913|gb|AY904724.1|	6363	7540	8103	77.675	0.0	2772508	Panthera leo persica papillomavirus 1
SRR15292755_1259225_ka_f_59.198_L_1259225_L_1259225_:159-1334	10	1172	1175	gi|2710391585|tpg|BK066522.1|	6236	7409	8066	74.768	3.16e-136	3116961	Papillomavirus felis8233
ERR3209855_8543_ka_f_13.130_:132-1334	1	1202	1202	gi|9628566|ref|NC_001693.1|	5443	6644	7313	97.671	0.0	40540	Human papillomavirus type 60
ERR3209855_8543_ka_f_13.130_:132-1334	1066	1202	1202	gi|896399|gb|U21876.1|HPU21876	1	137	288	97.810	1.01e-56	40540	Human papillomavirus type 60
ERR3209855_8543_ka_f_13.130_:132-1334	184	740	1202	gi|296495828|gb|GQ845441.1|	5426	5977	7251	71.303	1.06e-21	765051	human papillomavirus 119
ERR3209855_8543_ka_f_13.130_:132-1334	130	472	1202	gi|7767571|gb|AF252606.1|AF252606	26	369	446	73.088	8.24e-18	10566	Human papillomavirus
ERR3209855_8543_ka_f_13.130_:132-1334	850	1009	1202	gi|677569933|gb|KM085343.1|	6120	6279	7278	78.659	3.83e-16	10566;1542134	Human papillomavirus;Human papillomavirus 197
SRR13789150_1251_ka_f_7.100_:93-1316	1	1223	1223	gi|1031620526|gb|KR816169.1|	5184	6406	7240	99.755	0.0	1851124	Human papillomavirus 181
SRR13789150_1251_ka_f_7.100_:93-1316	104	546	1223	gi|23344725|gb|AF542101.1|	1	443	443	99.549	0.0	10566	Human papillomavirus
SRR13789150_1251_ka_f_7.100_:93-1316	104	533	1223	gi|22532229|gb|AF488688.1|	1	430	443	75.346	3.74e-46	203380	Chimpanzee papillomavirus
SRR13789150_1251_ka_f_7.100_:93-1316	25	110	1223	gi|389885570|gb|JN211196.1|	5730	5815	7397	79.070	0.002	37959	Human papillomavirus 38
SRR13789150_1251_ka_f_7.100_:93-1316	25	110	1223	gi|74484000|gb|DQ090005.2|	5733	5818	7400	79.070	0.002	334514	Human papillomavirus type 38b
SRR17035119_206180_ka_f_32.241_L_206180_L_206180_:144-1319	862	982	1175	gi|404184232|ref|NC_018575.1|	7496	7614	8344	83.471	6.22e-19	1104917	Crocuta crocuta papillomavirus 1
SRR17035119_206180_ka_f_32.241_L_206180_L_206180_:144-1319	128	581	1175	gi|312100|emb|X70829.1|	5510	5969	7308	71.789	3.74e-16	28312	Human papillomavirus 65
SRR17035119_206180_ka_f_32.241_L_206180_L_206180_:144-1319	485	557	1175	gi|1559669291|gb|MH777376.2|	5686	5758	7208	83.562	3.80e-06	10566	Human papillomavirus
SRR17035119_206180_ka_f_32.241_L_206180_L_206180_:144-1319	485	557	1175	gi|1273499724|gb|MF588785.1|	1127	1199	2169	83.562	3.80e-06	1961681	Gammapapillomavirus 24
SRR17035119_206180_ka_f_32.241_L_206180_L_206180_:144-1319	485	557	1175	gi|2710392638|tpg|BK066647.1|	5761	5833	7283	83.562	3.80e-06	3116973	Papillomavirus homo7424
SRR17035102_23469_ka_f_64.311_L_1444328_L_1041166_:111-1286	134	983	1175	gi|97331426|ref|NC_008032.1|	5832	6684	7542	73.702	2.05e-78	338903	Capra hircus papillomavirus 1
SRR17035102_23469_ka_f_64.311_L_1444328_L_1041166_:111-1286	825	977	1175	gi|2075897926|gb|MW428428.1|	6071	6223	7201	78.571	1.35e-15	2866023	Bos taurus papillomavirus 41
SRR17035102_23469_ka_f_64.311_L_1444328_L_1041166_:111-1286	538	738	1175	gi|1559669474|gb|MH777311.2|	5790	5989	7279	75.122	1.05e-11	10566	Human papillomavirus
SRR17035102_23469_ka_f_64.311_L_1444328_L_1041166_:111-1286	537	611	1175	gi|2710394737|tpg|BK066866.1|	6214	6288	7574	84.000	2.94e-07	3117001	Papillomavirus rodent7632
ERR10188204_446_ka_f_8.916_:90-1283	1	1193	1193	gi|2075897934|gb|MW428429.1|	5269	6461	7233	99.749	0.0	2866024	Bos taurus papillomavirus 42
ERR10188204_446_ka_f_8.916_:90-1283	115	521	1193	gi|40548567|gb|AY426555.1|	1	407	407	99.509	0.0	10571	Bovine papillomavirus
ERR10188204_446_ka_f_8.916_:90-1283	1	1187	1193	gi|2075897880|gb|MW404258.1|	4941	6112	7205	75.920	1.11e-160	2866040	Bos taurus papillomavirus 36
ERR10188204_446_ka_f_8.916_:90-1283	1	1191	1193	gi|2075897864|gb|MW404256.1|	5335	6516	7271	75.685	3.12e-156	2866038	Bos taurus papillomavirus 34
ERR10188204_446_ka_f_8.916_:90-1283	1	1140	1193	gi|1911047200|dbj|LC521687.1|	49	1191	1536	75.000	6.95e-133	2751155	Bos taurus papillomavirus 28
SRR8239483_8139_ka_f_2042.556_L_6626_L_96474_L_96539_:138-1322	1	1184	1184	gi|306476380|gb|GQ471901.1|	269	1452	1804	99.831	0.0	10571	Bovine papillomavirus
SRR8239483_8139_ka_f_2042.556_L_6626_L_96474_L_96539_:138-1322	1	1184	1184	gi|1376274633|gb|MG281846.1|	5309	6492	7261	92.736	0.0	2162700	Bos taurus papillomavirus 26
SRR8239483_8139_ka_f_2042.556_L_6626_L_96474_L_96539_:138-1322	1	1184	1184	gi|301335131|dbj|AB543507.1|	5634	6817	7251	80.152	0.0	714200	Bos taurus papillomavirus 11
SRR8239483_8139_ka_f_2042.556_L_6626_L_96474_L_96539_:138-1322	1	1184	1184	gi|2075897841|gb|MW393861.1|	49	1232	1518	79.814	0.0	714200	Bos taurus papillomavirus 11
SRR8239483_8139_ka_f_2042.556_L_6626_L_96474_L_96539_:138-1322	88	546	1184	gi|168809613|gb|EU293538.1|	6	464	475	98.693	0.0	10571	Bovine papillomavirus
SRR22765732_110202_ka_f_25.005_L_1100007_L_2309380_:75-1295	1	1220	1220	gi|1273499356|gb|MF588723.1|	5203	6422	7159	98.770	0.0	1513259	Gammapapillomavirus 14
SRR22765732_110202_ka_f_25.005_L_1100007_L_2309380_:75-1295	106	467	1220	gi|380865560|gb|JQ250762.1|	1	363	363	94.215	8.94e-152	10566	Human papillomavirus
SRR22765732_110202_ka_f_25.005_L_1100007_L_2309380_:75-1295	1	1220	1220	gi|1559669339|gb|MH777187.2|	5189	6405	7135	72.347	5.86e-89	10566	Human papillomavirus
SRR22765732_110202_ka_f_25.005_L_1100007_L_2309380_:75-1295	4	740	1220	gi|1031620589|gb|KR816178.1|	5313	6055	7364	70.712	1.07e-26	1851216	Human papillomavirus 191
SRR22765732_110202_ka_f_25.005_L_1100007_L_2309380_:75-1295	4	203	1220	gi|1559669348|gb|MH777193.2|	4550	4752	7451	78.049	2.99e-22	10566	Human papillomavirus
SRR8649513_756_ka_f_264.487_:57-1253	1	1196	1196	gi|1809497236|gb|MN535763.1|	5229	6424	7288	100.000	0.0	2704503	Callithrix penicillata papillomavirus type 1
SRR8649513_756_ka_f_264.487_:57-1253	142	278	1196	gi|168809615|gb|EU293539.1|	49	185	465	77.143	2.31e-08	10571	Bovine papillomavirus
SRR25288782_64048_ka_f_7.776_:51-1226	1	1175	1175	gi|2699892623|gb|OR952778.1|	181	1355	1585	99.915	0.0	2004707	Bat papillomavirus
SRR25288782_64048_ka_f_7.776_:51-1226	1	1175	1175	gi|2699892922|gb|OR952842.1|	1114	2288	2390	99.830	0.0	2004707	Bat papillomavirus
SRR25288782_64048_ka_f_7.776_:51-1226	1	1175	1175	gi|2710393939|tpg|BK066787.1|	5715	6889	7693	76.813	3.83e-180	3116945	Papillomavirus bat7808
SRR25288782_64048_ka_f_7.776_:51-1226	131	290	1175	gi|2710389627|tpg|BK066335.1|	6481	6640	8193	76.829	3.77e-11	3116990	Papillomavirus panthera8334
SRR25288782_64048_ka_f_7.776_:51-1226	133	210	1175	gi|1480688680|gb|MH777297.1|	5393	5470	7225	82.278	1.37e-05	10566	Human papillomavirus
SRR25288617_2212_ka_f_13.924_L_3272719_:3-1175	1	1172	1172	gi|2699892884|gb|OR952834.1|	4849	6020	6534	100.000	0.0	2004707	Bat papillomavirus
SRR25288617_2212_ka_f_13.924_L_3272719_:3-1175	1	1172	1172	gi|2699892937|gb|OR952846.1|	1858	3029	7949	94.459	0.0	2004707	Bat papillomavirus
SRR25288617_2212_ka_f_13.924_L_3272719_:3-1175	1	1170	1172	gi|2699892866|gb|OR952829.1|	5054	6223	7943	77.693	0.0	2004707	Bat papillomavirus
SRR25288617_2212_ka_f_13.924_L_3272719_:3-1175	1	1170	1172	gi|2699892856|gb|OR952825.1|	4264	5433	5925	77.608	0.0	2004707	Bat papillomavirus
SRR25288617_2212_ka_f_13.924_L_3272719_:3-1175	1	1170	1172	gi|2699892932|gb|OR952845.1|	1884	3053	4779	77.230	0.0	2004707	Bat papillomavirus
SRR25288643_148691_ka_f_88.852_L_28338_L_259174_L_179403_L_1433756_:270-1442	1	1172	1172	gi|2699892823|gb|OR952819.1|	5902	7073	7776	100.000	0.0	2004707	Bat papillomavirus
SRR25288643_148691_ka_f_88.852_L_28338_L_259174_L_179403_L_1433756_:270-1442	1	1172	1172	gi|2699892786|gb|OR952812.1|	6040	7211	8148	99.488	0.0	2004707	Bat papillomavirus
SRR25288643_148691_ka_f_88.852_L_28338_L_259174_L_179403_L_1433756_:270-1442	1	1172	1172	gi|2699892811|gb|OR952817.1|	5934	7105	7424	82.538	0.0	2004707	Bat papillomavirus
SRR25288643_148691_ka_f_88.852_L_28338_L_259174_L_179403_L_1433756_:270-1442	1	1172	1172	gi|2699892841|gb|OR952822.1|	6039	7210	8143	82.043	0.0	2004707	Bat papillomavirus
SRR25288643_148691_ka_f_88.852_L_28338_L_259174_L_179403_L_1433756_:270-1442	1	1166	1172	gi|2699893005|gb|OR952866.1|	2442	3607	4092	77.626	0.0	2004707	Bat papillomavirus
SRR13726009_1337_ka_f_11.889_:90-1304	104	545	1214	gi|353441654|gb|JF906528.1|	1	442	443	99.774	0.0	10566	Human papillomavirus
SRR13726009_1337_ka_f_11.889_:90-1304	15	1211	1214	gi|356483524|gb|JN171845.1|	5263	6459	7240	77.510	0.0	1110710	human papillomavirus 153
SRR13726009_1337_ka_f_11.889_:90-1304	187	569	1214	gi|512390611|gb|KC752063.1|	1	383	383	77.403	2.20e-53	10566	Human papillomavirus
SRR13726009_1337_ka_f_11.889_:90-1304	181	329	1214	gi|1571840896|ref|NC_040640.1|	5561	5709	7372	77.181	1.08e-11	2093789	Human papillomavirus type 203
SRR13726009_1337_ka_f_11.889_:90-1304	181	329	1214	gi|1480688150|gb|MH777218.1|	5561	5709	7371	76.510	5.04e-10	10566	Human papillomavirus
SRR2565926_10369_ka_f_25.665_L_10369_L_10369_:90-1310	1	1220	1220	gi|312451789|gb|GU117630.1|	5313	6529	7388	84.685	0.0	909329	Human papillomavirus 130
SRR2565926_10369_ka_f_25.665_L_10369_L_10369_:90-1310	206	547	1220	gi|270048246|gb|FJ969907.1|	1	342	342	98.830	5.23e-169	10566	Human papillomavirus
SRR2565926_10369_ka_f_25.665_L_10369_L_10369_:90-1310	206	547	1220	gi|270048248|gb|FJ969908.1|	1	342	342	98.538	2.43e-167	10566	Human papillomavirus
SRR2565926_10369_ka_f_25.665_L_10369_L_10369_:90-1310	206	547	1220	gi|270048250|gb|FJ969909.1|	1	342	342	98.246	1.13e-165	10566	Human papillomavirus
SRR2565926_10369_ka_f_25.665_L_10369_L_10369_:90-1310	4	1217	1220	gi|1389447866|gb|MH172378.1|	5310	6514	7326	75.470	2.47e-157	2200958	Human papillomavirus type 221
SRR26982247_0_ka_f_11.416_:84-1265	1	1181	1181	gi|2671839318|gb|OR915586.1|	6267	7447	8030	100.000	0.0	3112640	Caracal caracal papillomavirus 1
SRR26982247_0_ka_f_11.416_:84-1265	1	1181	1181	gi|2671839309|gb|OR915585.1|	6266	7446	8029	100.000	0.0	3112640	Caracal caracal papillomavirus 1
SRR26982247_0_ka_f_11.416_:84-1265	1	1181	1181	gi|2671839301|gb|OR915584.1|	6266	7446	8029	100.000	0.0	3112640	Caracal caracal papillomavirus 1
SRR26982247_0_ka_f_11.416_:84-1265	546	600	1181	gi|1028356591|ref|NC_030151.1|	5891	5945	8082	87.500	1.78e-04	1434070	Cervus papillomavirus 2
SRR25288749_19367_ka_f_35.520_L_59024_:75-1256	1	1181	1181	gi|2699893254|gb|OR952921.1|	577	1763	5254	79.631	0.0	2004707	Bat papillomavirus
SRR25288749_19367_ka_f_35.520_L_59024_:75-1256	1	1181	1181	gi|2699892697|gb|OR952796.1|	249	1429	7542	78.374	0.0	2004707	Bat papillomavirus
SRR25288749_19367_ka_f_35.520_L_59024_:75-1256	1	1143	1181	gi|2699892651|gb|OR952787.1|	867	2015	7737	77.826	0.0	2004707	Bat papillomavirus
SRR25288749_19367_ka_f_35.520_L_59024_:75-1256	1	1144	1181	gi|2699892979|gb|OR952858.1|	4247	5390	5994	77.450	0.0	2004707	Bat papillomavirus
SRR25288749_19367_ka_f_35.520_L_59024_:75-1256	19	1143	1181	gi|2699892691|gb|OR952795.1|	3233	4366	6514	77.063	6.50e-173	2004707	Bat papillomavirus
SRR4332828_19_ka_f_11.479_L_65_L_107_L_42_L_121_:57-1214	1	1157	1157	gi|2710394428|tpg|BK066841.1|	4193	5349	5852	100.000	0.0	3116994	Papillomavirus rana5986
SRR4332828_19_ka_f_11.479_L_65_L_107_L_42_L_121_:57-1214	1094	1121	1157	gi|2796762217|emb|OZ177949.1|	1422094	1422121	15619927	100.000	0.38	934918	Aplocera praeformata
SRR25288757_173966_ka_f_21.811_:51-1232	41	1146	1181	gi|2699893109|gb|OR952891.1|	5200	6308	7819	70.951	1.29e-50	2004707	Bat papillomavirus
SRR25288757_173966_ka_f_21.811_:51-1232	696	732	1181	gi|2699892777|gb|OR952809.1|	983	1018	7213	97.297	6.39e-04	2004707	Bat papillomavirus
SRR25288772_339538_ka_f_64.667_L_3307626_L_856532_:0-1181	1	1181	1181	gi|2699893174|gb|OR952906.1|	3479	4659	8152	100.000	0.0	3127950	Rhinolophus bat papillomavirus 1
SRR25288772_339538_ka_f_64.667_L_3307626_L_856532_:0-1181	1	1178	1181	gi|2699893213|gb|OR952913.1|	1905	3082	3589	83.164	0.0	3127950	Rhinolophus bat papillomavirus 1
SRR25288772_339538_ka_f_64.667_L_3307626_L_856532_:0-1181	1	1181	1181	gi|2699893188|gb|OR952908.1|	6203	7383	7846	77.303	0.0	3127950	Rhinolophus bat papillomavirus 1
SRR25288772_339538_ka_f_64.667_L_3307626_L_856532_:0-1181	865	1180	1181	gi|2718284587|gb|PP410050.1|	6412	6724	7674	72.586	2.26e-13	3139985	Barbastella barbastellus papillomavirus 1
SRR25288772_339538_ka_f_64.667_L_3307626_L_856532_:0-1181	809	923	1181	gi|2718285534|gb|PP410097.1|	6447	6562	7882	81.356	8.15e-13	3140005	Pipistrellus kuhlii papillomavirus
SRR6443002_12752_ka_f_7.631_L_8641_:27-971	162	944	944	gi|1393899952|gb|MF616337.1|	372	1154	1542	100.000	0.0	10566;32630	Human papillomavirus;synthetic construct
SRR6443002_12752_ka_f_7.631_L_8641_:27-971	1	174	944	gi|1393899952|gb|MF616337.1|	82	256	1542	99.429	9.79e-81	10566;32630	Human papillomavirus;synthetic construct
SRR6443002_12752_ka_f_7.631_L_8641_:27-971	162	944	944	gi|2734753464|gb|PP792335.1|	372	1154	1542	100.000	0.0	10566	Human papillomavirus
SRR6443002_12752_ka_f_7.631_L_8641_:27-971	1	174	944	gi|2734753464|gb|PP792335.1|	82	256	1542	99.429	9.79e-81	10566	Human papillomavirus
SRR6443002_12752_ka_f_7.631_L_8641_:27-971	162	944	944	gi|2734753388|gb|PP792297.1|	372	1154	1542	100.000	0.0	10566	Human papillomavirus
SRR6443002_12752_ka_f_7.631_L_8641_:27-971	1	174	944	gi|2734753388|gb|PP792297.1|	82	256	1542	98.857	4.55e-79	10566	Human papillomavirus
SRR6443002_12752_ka_f_7.631_L_8641_:27-971	162	944	944	gi|2734753300|gb|PP792253.1|	372	1154	1542	100.000	0.0	10566	Human papillomavirus
SRR6443002_12752_ka_f_7.631_L_8641_:27-971	1	174	944	gi|2734753300|gb|PP792253.1|	82	256	1542	99.429	9.79e-81	10566	Human papillomavirus
SRR6443002_12752_ka_f_7.631_L_8641_:27-971	162	944	944	gi|2734753226|gb|PP792216.1|	372	1154	1542	100.000	0.0	10566	Human papillomavirus
SRR6443002_12752_ka_f_7.631_L_8641_:27-971	1	174	944	gi|2734753226|gb|PP792216.1|	82	256	1542	99.429	9.79e-81	10566	Human papillomavirus
SRR22462927_6462_ka_f_74.837_L_6462_L_427133_L_6462_:216-1367	1	1151	1151	gi|1480688219|gb|MH777227.1|	5293	6434	7262	85.208	0.0	10566	Human papillomavirus
SRR22462927_6462_ka_f_74.837_L_6462_L_427133_L_6462_:216-1367	1	1151	1151	gi|1273499221|gb|MF588706.1|	5293	6434	7262	84.862	0.0	1175850	Gammapapillomavirus 8
SRR22462927_6462_ka_f_74.837_L_6462_L_427133_L_6462_:216-1367	1	1151	1151	gi|1297870582|gb|MF509816.1|	5279	6429	7253	82.827	0.0	2060135	Human papillomavirus type 211
SRR22462927_6462_ka_f_74.837_L_6462_L_427133_L_6462_:216-1367	1	1151	1151	gi|1559669398|gb|MH777235.2|	5725	6875	7288	80.536	0.0	10566	Human papillomavirus
SRR22462927_6462_ka_f_74.837_L_6462_L_427133_L_6462_:216-1367	1	1151	1151	gi|1469334824|gb|MG869604.1|	5296	6446	7291	80.450	0.0	10566	Human papillomavirus
SRR4201718_13914_ka_f_239.768_L_13914_L_13914_:0-1151	1	1151	1151	gi|2710393104|tpg|BK066692.1|	5772	6922	7864	100.000	0.0	3116982	Papillomavirus molossus8005
SRR4201718_13914_ka_f_239.768_L_13914_L_13914_:0-1151	1	1137	1151	gi|2183431465|gb|OL704824.1|	6346	7482	7791	76.923	2.26e-177	2911884	Eumops bonariensis papillomavirus type 1
SRR4201718_13914_ka_f_239.768_L_13914_L_13914_:0-1151	1046	1073	1151	gi|1395236166|gb|CP026252.1|	2203465	2203438	25207873	100.000	0.37	52904	Scophthalmus maximus
SRR25288704_316152_ka_f_41.427_L_338111_L_303952_:0-1121	1	1121	1121	gi|2699892811|gb|OR952817.1|	5985	7105	7424	100.000	0.0	2004707	Bat papillomavirus
SRR25288704_316152_ka_f_41.427_L_338111_L_303952_:0-1121	1	1121	1121	gi|2699892841|gb|OR952822.1|	6090	7210	8143	98.751	0.0	2004707	Bat papillomavirus
SRR25288704_316152_ka_f_41.427_L_338111_L_303952_:0-1121	1	1121	1121	gi|2699892823|gb|OR952819.1|	5953	7073	7776	82.012	0.0	2004707	Bat papillomavirus
SRR25288704_316152_ka_f_41.427_L_338111_L_303952_:0-1121	1	1121	1121	gi|2699892786|gb|OR952812.1|	6091	7211	8148	81.923	0.0	2004707	Bat papillomavirus
SRR25288704_316152_ka_f_41.427_L_338111_L_303952_:0-1121	1	1120	1121	gi|2699893031|gb|OR952872.1|	5131	6262	8024	77.360	1.31e-179	2004707	Bat papillomavirus
SRR25288764_13700_ka_f_14.295_:72-1253	846	974	1181	gi|1559669515|gb|MH777358.2|	6643	6771	7727	79.070	2.93e-12	10566	Human papillomavirus
SRR25288764_13700_ka_f_14.295_:72-1253	508	731	1181	gi|2165124669|dbj|LC664140.1|	6172	6395	7803	74.459	1.05e-11	37120	human papillomavirus 67
SRR25288764_13700_ka_f_14.295_:72-1253	508	731	1181	gi|2112942268|dbj|LC626349.1|	6172	6395	7803	74.459	1.05e-11	37120	human papillomavirus 67
SRR25288764_13700_ka_f_14.295_:72-1253	508	731	1181	gi|337239053|gb|HQ537781.1|	6172	6395	7803	73.913	4.90e-10	37120	human papillomavirus 67
SRR25288764_13700_ka_f_14.295_:72-1253	508	731	1181	gi|337239044|gb|HQ537780.1|	6172	6395	7803	73.913	4.90e-10	37120	human papillomavirus 67
SRR6265748_428_ka_f_99.950_L_428_L_428_L_56251_:45-1142	1	993	1097	gi|2070668404|gb|MW582921.1|	138	1130	1130	99.899	0.0	2859903	Oreolalax rhodostigmatus papillomavirus 1
SRR25288825_178043_ka_f_12.430_L_814548_L_733799_:117-1298	1	1175	1181	gi|2699893144|gb|OR952900.1|	3113	4278	8393	74.452	1.15e-130	3127950	Rhinolophus bat papillomavirus 1
SRR25288825_178043_ka_f_12.430_L_814548_L_733799_:117-1298	4	1175	1181	gi|2699893197|gb|OR952910.1|	3642	4801	8115	72.222	2.05e-83	3127950	Rhinolophus bat papillomavirus 1
SRR25288825_178043_ka_f_12.430_L_814548_L_733799_:117-1298	3	1166	1181	gi|2699893244|gb|OR952918.1|	257	1438	1896	71.571	2.71e-67	3127950	Rhinolophus bat papillomavirus 1
SRR25288825_178043_ka_f_12.430_L_814548_L_733799_:117-1298	1037	1181	1181	gi|2718285534|gb|PP410097.1|	6673	6817	7882	78.767	1.75e-14	3140005	Pipistrellus kuhlii papillomavirus
SRR25288825_178043_ka_f_12.430_L_814548_L_733799_:117-1298	874	1179	1181	gi|2699893018|gb|OR952869.1|	863	1175	1340	72.785	6.30e-14	2004707	Bat papillomavirus
SRR5415516_8625_ka_f_21.467_L_8625_L_8625_:63-1244	1	1181	1181	gi|2710394737|tpg|BK066866.1|	5696	6876	7574	100.000	0.0	3117001	Papillomavirus rodent7632
SRR5415516_8625_ka_f_21.467_L_8625_L_8625_:63-1244	219	720	1181	gi|409183142|gb|JX413110.1|	5868	6381	7417	71.595	1.73e-24	1315265	Human papillomavirus 170
SRR5415516_8625_ka_f_21.467_L_8625_L_8625_:63-1244	832	936	1181	gi|2075900663|gb|MW543423.1|	874	978	1524	83.962	1.35e-15	2866012	Bos taurus papillomavirus
SRR5415516_8625_ka_f_21.467_L_8625_L_8625_:63-1244	219	461	1181	gi|512390647|gb|KC752081.1|	42	284	383	74.074	1.35e-15	10566	Human papillomavirus
SRR5415516_8625_ka_f_21.467_L_8625_L_8625_:63-1244	215	720	1181	gi|1559669474|gb|MH777311.2|	5476	5989	7279	70.554	2.93e-12	10566	Human papillomavirus
SRR5644066_68834_ka_f_15.504_:45-1226	1	1181	1181	gi|1214149369|gb|MF327537.1|	5844	7024	7886	100.000	0.0	2016453	Ailuropoda melanoleuca papillomavirus 4
SRR25288617_648_ka_f_21.423_L_166237_L_3255277_:0-1154	1	1154	1154	gi|2699892951|gb|OR952848.1|	1474	2627	2727	100.000	0.0	2004707	Bat papillomavirus
SRR25288617_648_ka_f_21.423_L_166237_L_3255277_:0-1154	1	1154	1154	gi|2699892889|gb|OR952835.1|	1048	2201	5955	99.913	0.0	2004707	Bat papillomavirus
SRR25288617_648_ka_f_21.423_L_166237_L_3255277_:0-1154	1	1140	1154	gi|2699892915|gb|OR952840.1|	238	1386	1512	75.410	3.06e-146	2004707	Bat papillomavirus
SRR25288617_648_ka_f_21.423_L_166237_L_3255277_:0-1154	141	208	1154	gi|2571141004|gb|OP079923.1|	48	117	441	87.324	6.19e-09	2004707	Bat papillomavirus
ERR10188112_96_ka_f_41.396_L_96_L_96_:129-1307	511	580	1178	gi|402694822|gb|JX174442.1|	6166	6235	7946	85.714	8.18e-08	2758380	Bos grunniens papillomavirus 1
ERR10188112_96_ka_f_41.396_L_96_L_96_:129-1307	511	580	1178	gi|402694813|gb|JX174441.1|	6166	6235	7946	85.714	8.18e-08	2758380	Bos grunniens papillomavirus 1
ERR10188112_96_ka_f_41.396_L_96_L_96_:129-1307	511	580	1178	gi|402694804|gb|JX174440.1|	6166	6235	7946	85.714	8.18e-08	2758380	Bos grunniens papillomavirus 1
ERR10188112_96_ka_f_41.396_L_96_L_96_:129-1307	511	580	1178	gi|402694795|gb|JX174439.1|	6166	6235	7946	85.714	8.18e-08	2758380	Bos grunniens papillomavirus 1
ERR10188112_96_ka_f_41.396_L_96_L_96_:129-1307	511	580	1178	gi|402694786|gb|JX174438.1|	6166	6235	7946	85.714	8.18e-08	2758380	Bos grunniens papillomavirus 1
SRR15046105_1835_ka_f_6.093_:0-1106	1	1106	1106	gi|671706277|gb|KJ778071.1|	70	1175	1515	87.161	0.0	32630	synthetic construct
SRR15046105_1835_ka_f_6.093_:0-1106	4	1106	1106	gi|222544029|gb|FJ615303.1|	148	1250	1590	80.811	0.0	32630	synthetic construct
SRR15046105_1835_ka_f_6.093_:0-1106	1	1106	1106	gi|1000033526|gb|KR029094.1|	55	1148	1416	76.550	7.96e-162	333760	Human papillomavirus 16
SRR15046105_1835_ka_f_6.093_:0-1106	1	1106	1106	gi|1008836321|gb|KT948784.1|	67	1160	1518	76.101	1.74e-153	32630	synthetic construct
SRR15046105_1835_ka_f_6.093_:0-1106	142	1104	1106	gi|157421870|gb|EU127831.1|	202	1161	1515	76.049	1.39e-129	32630	synthetic construct
SRR7621241_1043443_ka_f_7.044_L_7509213_L_9771789_L_3152208_L_3152209_:96-1277	1	1181	1181	gi|2282111601|gb|ON226487.1|	5721	6901	7613	100.000	0.0	1398507	Felis catus papillomavirus 4
SRR7621241_1043443_ka_f_7.044_L_7509213_L_9771789_L_3152208_L_3152209_:96-1277	1	1181	1181	gi|2084333687|gb|MZ357115.1|	5724	6904	7616	100.000	0.0	1928473	Felis catus papillomavirus
SRR7621241_1043443_ka_f_7.044_L_7509213_L_9771789_L_3152208_L_3152209_:96-1277	1	1181	1181	gi|2044259756|dbj|LC333413.2|	5721	6901	7613	100.000	0.0	1398507	Felis catus papillomavirus 4
SRR7621241_1043443_ka_f_7.044_L_7509213_L_9771789_L_3152208_L_3152209_:96-1277	1	1181	1181	gi|545302080|ref|NC_022373.1|	5721	6904	7616	99.578	0.0	1398507	Felis catus papillomavirus 4
SRR7621241_1043443_ka_f_7.044_L_7509213_L_9771789_L_3152208_L_3152209_:96-1277	1	1181	1181	gi|2044259735|dbj|LC333412.2|	5710	6890	7600	96.359	0.0	1398507	Felis catus papillomavirus 4
SRR25288621_465638_ka_f_7.009_L_463917_:0-1115	136	206	1115	gi|15020289|gb|AY040277.1|	30	100	434	83.333	4.65e-05	10566	Human papillomavirus
SRR7802337_11018_ka_f_19.304_L_11018_L_11018_:99-1208	1	1109	1109	gi|1559669620|gb|MH777283.2|	5258	6366	7282	81.021	0.0	10566	Human papillomavirus
SRR7802337_11018_ka_f_19.304_L_11018_L_11018_:99-1208	1	1109	1109	gi|1273499435|gb|MF588733.1|	5258	6366	7282	81.021	0.0	1513264	Gammapapillomavirus 19
SRR7802337_11018_ka_f_19.304_L_11018_L_11018_:99-1208	1	992	1109	gi|409183128|gb|JX413108.1|	5336	6324	7214	75.124	2.37e-117	1315263	human papillomavirus 162
SRR7802337_11018_ka_f_19.304_L_11018_L_11018_:99-1208	14	996	1109	gi|1243977482|gb|MF176072.1|	5218	6197	7216	74.699	1.11e-110	10566	Human papillomavirus
SRR7802337_11018_ka_f_19.304_L_11018_L_11018_:99-1208	16	996	1109	gi|1559669465|gb|MH777301.2|	5220	6197	7216	74.547	6.67e-108	10566	Human papillomavirus
SRR8631965_1105606_ka_f_13.526_L_1105606_L_1105606_:69-1250	525	585	1181	gi|1463985425|gb|MH049343.1|	6805	6867	7752	87.302	1.06e-06	2304449	Okapia johnstoni papillomavirus 1
SRR8631965_1105606_ka_f_13.526_L_1105606_L_1105606_:69-1250	877	933	1181	gi|2454637|gb|AF020905.1|	6655	6711	7889	85.965	6.39e-04	66261	Common chimpanzee papillomavirus 1
SRR9622465_819_ka_f_217.193_:84-1265	1	1181	1181	gi|1717903432|gb|MN117918.1|	6196	7376	7656	100.000	0.0	2601244	Equus caballus papillomavirus 9
SRR9622465_819_ka_f_217.193_:84-1265	1	1181	1181	gi|2312626572|gb|ON989004.1|	2488	3668	7656	100.000	0.0	2601244	Equus caballus papillomavirus 9
SRR9622465_819_ka_f_217.193_:84-1265	1	1181	1181	gi|2312626564|gb|ON989003.1|	2487	3667	7655	100.000	0.0	2601244	Equus caballus papillomavirus 9
SRR9622465_819_ka_f_217.193_:84-1265	135	175	1181	gi|2710392214|tpg|BK066597.1|	5663	5702	7546	92.683	0.008	3116981	Papillomavirus molossus7687
SRR25288835_73145_ka_f_30.749_L_8042_L_283804_L_121350_:0-1154	1	1154	1154	gi|2699893254|gb|OR952921.1|	610	1763	5254	90.649	0.0	2004707	Bat papillomavirus
SRR25288835_73145_ka_f_30.749_L_8042_L_283804_L_121350_:0-1154	1089	1134	1154	gi|2699893254|gb|OR952921.1|	46	1	5254	93.478	3.73e-06	2004707	Bat papillomavirus
SRR25288835_73145_ka_f_30.749_L_8042_L_283804_L_121350_:0-1154	1	1154	1154	gi|2699892697|gb|OR952796.1|	282	1429	7542	81.437	0.0	2004707	Bat papillomavirus
SRR25288835_73145_ka_f_30.749_L_8042_L_283804_L_121350_:0-1154	1	1144	1154	gi|2699892979|gb|OR952858.1|	4280	5417	5994	79.130	0.0	2004707	Bat papillomavirus
SRR25288835_73145_ka_f_30.749_L_8042_L_283804_L_121350_:0-1154	2	1148	1154	gi|2699892691|gb|OR952795.1|	3247	4398	6514	77.350	0.0	2004707	Bat papillomavirus
SRR25288835_73145_ka_f_30.749_L_8042_L_283804_L_121350_:0-1154	1	1139	1154	gi|2699892595|gb|OR952772.1|	5676	6817	7566	76.277	2.31e-162	2004707	Bat papillomavirus
ERR11203063_118344_ka_f_5.200_:84-1238	1	1154	1154	gi|1008264056|gb|KT901797.1|	5877	7030	7839	99.913	0.0	1843776	Canis familiaris papillomavirus 20
ERR11203063_118344_ka_f_5.200_:84-1238	61	329	1154	gi|2658863276|gb|PP135544.1|	1	269	269	100.000	4.01e-135	1843776	Canis familiaris papillomavirus 20
SRR25288821_183450_ka_f_133.625_L_2198449_L_166538_L_192407_:51-1148	1	1097	1097	gi|2699892904|gb|OR952838.1|	5726	6822	7174	100.000	0.0	2004707	Bat papillomavirus
SRR25288821_183450_ka_f_133.625_L_2198449_L_166538_L_192407_:51-1148	1	1094	1097	gi|2699892805|gb|OR952816.1|	4732	5825	8066	76.826	3.65e-165	2004707	Bat papillomavirus
SRR25288821_183450_ka_f_133.625_L_2198449_L_166538_L_192407_:51-1148	1	1092	1097	gi|2100346050|gb|MT766314.1|	1627	2718	7861	76.524	2.20e-162	2878090	Eptesicus regulus papillomavirus
SRR25288821_183450_ka_f_133.625_L_2198449_L_166538_L_192407_:51-1148	1	1094	1097	gi|2718285534|gb|PP410097.1|	5625	6727	7882	75.518	2.26e-142	3140005	Pipistrellus kuhlii papillomavirus
SRR25288821_183450_ka_f_133.625_L_2198449_L_166538_L_192407_:51-1148	1	1094	1097	gi|2699893047|gb|OR952875.1|	5654	6756	8001	75.270	2.27e-137	2004707	Bat papillomavirus
ERR3569485_18719_ka_f_8.601_L_231434_L_306770_:45-1223	904	986	1178	gi|519134023|gb|KC815976.1|	1	83	439	81.928	1.06e-06	10580	human papillomavirus 11
ERR3569485_18719_ka_f_8.601_L_231434_L_306770_:45-1223	180	207	1178	gi|22531845|gb|AF364481.1|	80	107	440	100.000	0.38	57581	Macaca fascicularis papillomavirus
SRR25288821_144875_ka_f_14.028_L_326243_:51-1169	1	1100	1118	gi|2699893054|gb|OR952876.1|	1484	2593	8074	72.961	3.20e-91	2004707	Bat papillomavirus
SRR25288821_144875_ka_f_14.028_L_326243_:51-1169	1	1115	1118	gi|2699893038|gb|OR952873.1|	1752	2875	3153	72.432	5.39e-84	2004707	Bat papillomavirus
SRR25288821_144875_ka_f_14.028_L_326243_:51-1169	856	887	1118	gi|2699893174|gb|OR952906.1|	4343	4374	8152	96.875	0.10	3127950	Rhinolophus bat papillomavirus 1
ERR11284567_560642_ka_f_1482.555_L_13182773_L_13294070_L_752176_:210-1388	136	741	1178	gi|2523362102|gb|OR113679.1|	5681	6301	7623	70.382	3.75e-16	3053738	Arctocephalus gazella papillomavirus 1
ERR11284567_560642_ka_f_1482.555_L_13182773_L_13294070_L_752176_:210-1388	874	933	1178	gi|396937509|emb|HE963127.1|	903	963	1503	85.246	6.37e-04	10592	human papillomavirus 44
ERR11284567_560642_ka_f_1482.555_L_13182773_L_13294070_L_752176_:210-1388	902	933	1178	gi|1605373233|gb|MK620329.1|	945	976	2079	96.875	0.11	2562548	Gull papillomavirus 2
ERR11284567_560642_ka_f_1482.555_L_13182773_L_13294070_L_752176_:210-1388	902	933	1178	gi|1605373231|gb|MK620328.1|	942	973	1314	96.875	0.11	2562548	Gull papillomavirus 2
ERR3281568_196968_ka_f_100.981_L_196968_L_196968_:54-1205	165	295	1151	gi|1297870629|gb|MF509821.1|	5414	5546	7233	75.000	0.029	2060140	Human papillomavirus type 216
ERR3281568_196968_ka_f_100.981_L_196968_L_196968_:54-1205	165	201	1151	gi|1559669404|gb|MH777242.2|	5414	5452	7233	92.308	0.10	10566	Human papillomavirus
ERR3281568_196968_ka_f_100.981_L_196968_L_196968_:54-1205	165	201	1151	gi|1185315500|gb|KY063010.1|	26	64	400	92.308	0.10	10566	Human papillomavirus
SRR25288797_3096_ka_f_9.946_L_169413_:75-1256	1	1181	1181	gi|2699892979|gb|OR952858.1|	4247	5427	5994	100.000	0.0	2004707	Bat papillomavirus
SRR25288797_3096_ka_f_9.946_L_169413_:75-1256	1	1181	1181	gi|2699892697|gb|OR952796.1|	249	1429	7542	82.363	0.0	2004707	Bat papillomavirus
SRR25288797_3096_ka_f_9.946_L_169413_:75-1256	1	1166	1181	gi|2699893254|gb|OR952921.1|	577	1748	5254	79.255	0.0	2004707	Bat papillomavirus
SRR25288797_3096_ka_f_9.946_L_169413_:75-1256	1	1171	1181	gi|2699892691|gb|OR952795.1|	3215	4394	6514	76.426	3.91e-170	2004707	Bat papillomavirus
SRR25288797_3096_ka_f_9.946_L_169413_:75-1256	4	713	1181	gi|2699893295|gb|OR952931.1|	266	975	1627	73.003	2.14e-53	2004707	Bat papillomavirus
ERR4982086_19316_ka_f_13.793_:0-1151	13	1151	1151	gi|1273499026|gb|MF588681.1|	5576	6714	7377	88.035	0.0	333924	Betapapillomavirus 2
ERR4982086_19316_ka_f_13.793_:0-1151	1	1148	1151	gi|469662959|emb|HF930491.1|	5531	6687	7359	85.246	0.0	1347832	Human papillomavirus 174
ERR4982086_19316_ka_f_13.793_:0-1151	88	1145	1151	gi|238623442|emb|FM955839.1|	5858	6916	7380	82.314	0.0	587349	Human papillomavirus 100
ERR4982086_19316_ka_f_13.793_:0-1151	59	495	1151	gi|353441684|gb|JF906543.1|	1	437	437	95.652	0.0	10566	Human papillomavirus
ERR4982086_19316_ka_f_13.793_:0-1151	13	1151	1151	gi|1559669436|gb|MH777272.2|	5602	6737	7390	77.498	0.0	10566	Human papillomavirus
SRR13999910_249151_ka_f_14.328_L_1507818_L_5197538_:66-1232	1	1166	1166	gi|2710393287|tpg|BK066718.1|	6500	7665	8529	100.000	0.0	3116992	Papillomavirus podarcis8670
ERR4671933_61071_ka_f_84.515_L_315540_L_10842941_L_10842941_:117-1283	1	1166	1166	gi|2710391150|tpg|BK066472.1|	5721	6886	7552	98.370	0.0	3116989	Papillomavirus panthera7693
ERR4671933_61071_ka_f_84.515_L_315540_L_10842941_L_10842941_:117-1283	628	704	1166	gi|1464308940|ref|NC_038524.1|	5920	5996	7226	83.117	1.05e-06	1434782	Human papillomavirus 175
ERR4671933_61071_ka_f_84.515_L_315540_L_10842941_L_10842941_:117-1283	628	720	1166	gi|2724609896|gb|PP718716.1|	6050	6142	8095	79.570	1.35e-05	1434782	Human papillomavirus 175
SRR5415514_7377_ka_f_34.790_L_7377_L_7377_:195-1370	1	1175	1175	gi|2710393506|tpg|BK066744.1|	5896	7070	7713	100.000	0.0	3116986	Papillomavirus myodes7812
SRR26070879_529058_ka_f_45.946_L_7114440_:228-1403	4	1175	1175	gi|2710393506|tpg|BK066744.1|	5899	7070	7713	83.986	0.0	3116986	Papillomavirus myodes7812
SRR5447173_250_ka_f_13.993_L_250_L_250_:204-1379	1	1175	1175	gi|2710390929|tpg|BK066449.1|	6045	7219	7847	99.404	0.0	3116980	Papillomavirus meriones7946
SRR5447173_250_ka_f_13.993_L_250_L_250_:204-1379	1	994	1175	gi|959121882|ref|NC_028492.1|	5775	6768	7707	75.099	6.98e-118	1756445	Rattus norvegicus papillomavirus 3
SRR5447173_250_ka_f_13.993_L_250_L_250_:204-1379	872	951	1175	gi|1393270633|gb|MH170365.1|	41	120	549	83.750	2.27e-08	2211154	Artibeus lituratus papillomavirus
ERR10188141_469_ka_f_6.613_:57-1223	1	1166	1166	gi|1376274358|gb|MG252779.1|	5533	6698	7770	99.314	0.0	2162699	Bos taurus papillomavirus 25
ERR10188141_469_ka_f_6.613_:57-1223	304	1166	1166	gi|2075900657|gb|MW543420.1|	1	863	1143	99.421	0.0	2162699	Bos taurus papillomavirus 25
ERR10188141_469_ka_f_6.613_:57-1223	1	1158	1166	gi|1523394342|gb|MH237829.1|	5535	6692	7699	82.358	0.0	2758968	Bos taurus papillomavirus 8
ERR10188141_469_ka_f_6.613_:57-1223	1	1158	1166	gi|2075898012|gb|MW436430.1|	5589	6746	7839	82.272	0.0	2758968	Bos taurus papillomavirus 8
ERR10188141_469_ka_f_6.613_:57-1223	1	1158	1166	gi|2075898003|gb|MW436429.1|	5535	6692	7699	82.272	0.0	2758968	Bos taurus papillomavirus 8
ERR10188168_21985_ka_f_10.044_:57-1223	1	1166	1166	gi|2075900661|gb|MW543422.1|	46	1211	1491	99.571	0.0	2866014	Bos taurus papillomavirus 43
ERR10188168_21985_ka_f_10.044_:57-1223	461	1166	1166	gi|2075897941|gb|MW428430.1|	5873	6578	7619	99.433	0.0	2866014	Bos taurus papillomavirus 43
ERR10188168_21985_ka_f_10.044_:57-1223	1	327	1166	gi|2075897941|gb|MW428430.1|	5548	5874	7619	100.000	2.32e-167	2866014	Bos taurus papillomavirus 43
ERR10188168_21985_ka_f_10.044_:57-1223	91	551	1166	gi|169303554|gb|EU293541.1|	10	469	469	98.265	0.0	10571	Bovine papillomavirus
ERR10188168_21985_ka_f_10.044_:57-1223	104	540	1166	gi|2449837844|gb|ON721392.1|	1	437	437	99.314	0.0	2866014	Bos taurus papillomavirus 43
ERR10188168_21985_ka_f_10.044_:57-1223	1	1166	1166	gi|1376274358|gb|MG252779.1|	5533	6698	7770	78.034	0.0	2162699	Bos taurus papillomavirus 25
SRR5447145_588_ka_f_10.579_:198-1373	532	758	1175	gi|1464308889|ref|NC_038517.1|	6236	6462	7574	72.650	4.91e-05	1464072	Eptesicus serotinus papillomavirus 2
SRR17247090_144_ka_f_37.561_L_144_L_144_:0-1136	1	1136	1136	gi|2183431473|gb|OL704825.1|	7475	8610	8923	100.000	0.0	2911885	Eumops bonariensis papillomavirus type 2
SRR25256528_292062_ka_f_517.540_L_292062_L_292062_:477-1652	1036	1166	1175	gi|1334609551|gb|MG571092.1|	6633	6763	7674	80.916	1.04e-16	2077308	Leptonychotes weddellii papillomavirus 7
SRR25256528_292062_ka_f_517.540_L_292062_L_292062_:477-1652	1036	1166	1175	gi|2523362170|gb|OR113689.1|	6595	6725	7636	80.916	1.04e-16	2077308	Leptonychotes weddellii papillomavirus 7
SRR25256528_292062_ka_f_517.540_L_292062_L_292062_:477-1652	636	733	1175	gi|2486681007|gb|OP379921.1|	675	772	1503	80.612	2.27e-08	32630	synthetic construct
SRR25256528_292062_ka_f_517.540_L_292062_L_292062_:477-1652	604	733	1175	gi|2486681009|gb|OP379922.1|	646	775	1506	76.923	8.16e-08	32630	synthetic construct
ERR10856938_12135_ka_f_7.127_L_67491_L_32707_:0-1133	1	1133	1133	gi|1020210|gb|U31784.1|HPU31784	5906	7038	7916	96.381	0.0	37112	Human papillomavirus 29
ERR10856938_12135_ka_f_7.127_L_67491_L_32707_:0-1133	7	1133	1133	gi|2911558|emb|Y15175.1|	5888	7014	7887	85.018	0.0	69986	Human papillomavirus 77
ERR10856938_12135_ka_f_7.127_L_67491_L_32707_:0-1133	1	1124	1133	gi|9627257|ref|NC_001576.1|	5916	7036	7919	78.654	0.0	333759	human papillomavirus 10
ERR10856938_12135_ka_f_7.127_L_67491_L_32707_:0-1133	1	1133	1133	gi|444303709|gb|KC138720.1|	5834	6966	7830	77.817	0.0	1288116	Human papillomavirus type XS2
ERR10856938_12135_ka_f_7.127_L_67491_L_32707_:0-1133	1	1133	1133	gi|629266009|dbj|AB793779.1|	5707	6839	7805	77.010	7.99e-177	1297549	Human papillomavirus type 78
SRR25256604_400055_ka_f_8.014_:279-1412	1	1133	1133	gi|2389031888|tpg|BK062778.1|	1535	403	1727	82.907	0.0	2990448	Manis pentadactyla papillomavirus 1
SRR25256604_400055_ka_f_8.014_:279-1412	901	1088	1133	gi|2155261|gb|U89667.1|RMU89667	1	188	444	78.646	9.95e-22	10570	Alphapapillomavirus 12
SRR25256604_400055_ka_f_8.014_:279-1412	901	1088	1133	gi|2108190|gb|U89662.1|RMU89662	1	188	433	77.436	1.00e-16	10570	Alphapapillomavirus 12
SRR25256604_400055_ka_f_8.014_:279-1412	132	344	1133	gi|2523362102|gb|OR113679.1|	5680	5892	7623	75.117	1.30e-15	3053738	Arctocephalus gazella papillomavirus 1
SRR22071722_15320_ka_f_12.517_:57-1232	1	1137	1175	gi|959121882|ref|NC_028492.1|	5775	6911	7707	78.883	0.0	1756445	Rattus norvegicus papillomavirus 3
SRR22071722_15320_ka_f_12.517_:57-1232	1	1169	1175	gi|2462484689|gb|ON932814.1|	5907	7075	7723	78.328	0.0	2050020	Rodent papillomavirus
SRR22071722_15320_ka_f_12.517_:57-1232	1	994	1175	gi|2710390929|tpg|BK066449.1|	6045	7038	7847	77.567	6.55e-163	3116980	Papillomavirus meriones7946
SRR22071722_15320_ka_f_12.517_:57-1232	1	1169	1175	gi|2858802977|gb|PQ576917.1|	6035	7203	7828	74.087	8.91e-127	3381498	Apodemus sylvaticus papillomavirus 2
SRR22071729_2577_ka_f_776.400_L_181330_L_248100_L_248101_:57-1232	1	1175	1175	gi|2462484689|gb|ON932814.1|	5907	7081	7723	100.000	0.0	2050020	Rodent papillomavirus
SRR22071729_2577_ka_f_776.400_L_181330_L_248100_L_248101_:57-1232	1	1158	1175	gi|336092138|gb|HQ625441.1|	6270	7427	7724	80.515	0.0	1036965	Rattus norvegicus papillomavirus 2
SRR22071729_2577_ka_f_776.400_L_181330_L_248100_L_248101_:57-1232	1	1087	1175	gi|1476681437|gb|MH892423.1|	6262	7347	7716	81.244	0.0	1036965	Rattus norvegicus papillomavirus 2
SRR22071729_2577_ka_f_776.400_L_181330_L_248100_L_248101_:57-1232	1	1087	1175	gi|1476681431|gb|MH892422.1|	6262	7347	7716	81.244	0.0	1036965	Rattus norvegicus papillomavirus 2
SRR22071729_2577_ka_f_776.400_L_181330_L_248100_L_248101_:57-1232	1	1087	1175	gi|1476681425|gb|MH892421.1|	6268	7353	7722	81.244	0.0	1036965	Rattus norvegicus papillomavirus 2
SRR25288692_295630_ka_f_125.576_L_572282_L_376099_:51-1217	1	1166	1166	gi|2699893031|gb|OR952872.1|	5080	6245	8024	100.000	0.0	2004707	Bat papillomavirus
SRR25288692_295630_ka_f_125.576_L_572282_L_376099_:51-1217	485	1166	1166	gi|2699893004|gb|OR952865.1|	1	682	1174	99.707	0.0	2004707	Bat papillomavirus
SRR25288692_295630_ka_f_125.576_L_572282_L_376099_:51-1217	1	1163	1166	gi|2699892834|gb|OR952821.1|	4976	6138	8074	83.935	0.0	2004707	Bat papillomavirus
SRR25288692_295630_ka_f_125.576_L_572282_L_376099_:51-1217	1	1163	1166	gi|2699893061|gb|OR952877.1|	219	1381	1825	83.763	0.0	2004707	Bat papillomavirus
SRR25288692_295630_ka_f_125.576_L_572282_L_376099_:51-1217	1	1151	1166	gi|2699892811|gb|OR952817.1|	5934	7072	7424	77.606	0.0	2004707	Bat papillomavirus
SRR25288694_47340_ka_f_14.846_L_82005_L_74092_L_143098_:0-1175	1	1175	1175	gi|2699893019|gb|OR952870.1|	1813	2987	7064	100.000	0.0	2004707	Bat papillomavirus
SRR25288694_47340_ka_f_14.846_L_82005_L_74092_L_143098_:0-1175	1	1175	1175	gi|2699893009|gb|OR952867.1|	1825	2999	6276	100.000	0.0	2004707	Bat papillomavirus
SRR25288694_47340_ka_f_14.846_L_82005_L_74092_L_143098_:0-1175	1	1175	1175	gi|2699893015|gb|OR952868.1|	749	1923	2024	99.830	0.0	2004707	Bat papillomavirus
SRR25288694_47340_ka_f_14.846_L_82005_L_74092_L_143098_:0-1175	1	1175	1175	gi|2699893061|gb|OR952877.1|	228	1402	1825	83.800	0.0	2004707	Bat papillomavirus
SRR25288694_47340_ka_f_14.846_L_82005_L_74092_L_143098_:0-1175	1	1175	1175	gi|2699892834|gb|OR952821.1|	4985	6159	8074	83.800	0.0	2004707	Bat papillomavirus
SRR25288820_17959_ka_f_12.632_L_746375_L_895269_:51-1226	1	1175	1175	gi|2699892915|gb|OR952840.1|	226	1400	1512	100.000	0.0	2004707	Bat papillomavirus
SRR25288820_17959_ka_f_12.632_L_746375_L_895269_:51-1226	1	1161	1175	gi|2699892951|gb|OR952848.1|	1462	2613	2727	75.514	3.09e-151	2004707	Bat papillomavirus
SRR25288820_17959_ka_f_12.632_L_746375_L_895269_:51-1226	1	1161	1175	gi|2699892889|gb|OR952835.1|	1036	2187	5955	75.428	1.44e-149	2004707	Bat papillomavirus
SRR25288820_17959_ka_f_12.632_L_746375_L_895269_:51-1226	1	1151	1175	gi|2699892866|gb|OR952829.1|	5054	6201	7943	73.961	2.53e-112	2004707	Bat papillomavirus
SRR25288820_17959_ka_f_12.632_L_746375_L_895269_:51-1226	1	1164	1175	gi|2699892932|gb|OR952845.1|	1884	3044	4779	73.715	3.27e-111	2004707	Bat papillomavirus
SRR25288524_14317_ka_f_111.191_L_89272_L_162710_L_37952_L_48630_:51-1226	1	1175	1175	gi|2699892629|gb|OR952781.1|	176	1350	1737	100.000	0.0	2004707	Bat papillomavirus
SRR25288524_14317_ka_f_111.191_L_89272_L_162710_L_37952_L_48630_:51-1226	1	1172	1175	gi|2699892770|gb|OR952808.1|	4562	5736	7977	72.301	1.22e-85	2004707	Bat papillomavirus
SRR25288524_14317_ka_f_111.191_L_89272_L_162710_L_37952_L_48630_:51-1226	1	1172	1175	gi|2699892785|gb|OR952811.1|	368	1542	1653	72.134	2.64e-82	2004707	Bat papillomavirus
SRR24184640_192549_ka_f_20.737_L_192549_L_192549_:42-1178	201	228	1136	gi|2813315277|emb|OZ187070.1|	2788499	2788526	96795429	100.000	0.37	335759	Tricolia pullus
SRR25288773_3990_ka_f_19.690_:78-1250	1	1172	1172	gi|2699893144|gb|OR952900.1|	3113	4284	8393	100.000	0.0	3127950	Rhinolophus bat papillomavirus 1
SRR25288773_3990_ka_f_19.690_:78-1250	4	1172	1172	gi|2699893197|gb|OR952910.1|	3642	4807	8115	78.511	0.0	3127950	Rhinolophus bat papillomavirus 1
SRR25288773_3990_ka_f_19.690_:78-1250	1	1172	1172	gi|2699893277|gb|OR952926.1|	1827	3013	4898	73.128	2.56e-102	3127950	Rhinolophus bat papillomavirus 1
SRR25288773_3990_ka_f_19.690_:78-1250	1	1160	1172	gi|2699893188|gb|OR952908.1|	6188	7371	7846	72.948	1.99e-98	3127950	Rhinolophus bat papillomavirus 1
SRR25288773_3990_ka_f_19.690_:78-1250	1	1172	1172	gi|2699893252|gb|OR952920.1|	130	1331	1684	72.652	9.34e-92	3127950	Rhinolophus bat papillomavirus 1
SRR8434718_67265_ka_f_7.733_L_530415_L_29332_:63-1235	4	1172	1172	gi|238029125|emb|FN178626.1|	49	1220	1497	79.226	0.0	32630	synthetic construct
SRR8434718_67265_ka_f_7.733_L_530415_L_29332_:63-1235	3	1172	1172	gi|45384986|gb|AY541029.1|	45	1211	1506	79.072	0.0	32630	synthetic construct
SRR8434718_67265_ka_f_7.733_L_530415_L_29332_:63-1235	4	1172	1172	gi|15212100|emb|AJ313179.1|	49	1224	1518	78.877	0.0	32630	synthetic construct
SRR8434718_67265_ka_f_7.733_L_530415_L_29332_:63-1235	4	1168	1172	gi|157421870|gb|EU127831.1|	49	1222	1515	78.655	0.0	32630	synthetic construct
SRR8434718_67265_ka_f_7.733_L_530415_L_29332_:63-1235	3	1172	1172	gi|938149451|gb|KT201668.1|	45	1208	1437	78.372	0.0	32630	synthetic construct
SRR25288772_35759_ka_f_36.887_L_546643_L_493319_:0-1142	1	1142	1142	gi|2699893171|gb|OR952905.1|	750	1891	2239	100.000	0.0	3127950	Rhinolophus bat papillomavirus 1
SRR25288772_35759_ka_f_36.887_L_546643_L_493319_:0-1142	1	1142	1142	gi|2699893216|gb|OR952914.1|	6306	7447	8427	84.441	0.0	3127950	Rhinolophus bat papillomavirus 1
SRR25288772_35759_ka_f_36.887_L_546643_L_493319_:0-1142	1	1142	1142	gi|2699893293|gb|OR952930.1|	230	1371	1814	83.815	0.0	3127950	Rhinolophus bat papillomavirus 1
SRR25288772_35759_ka_f_36.887_L_546643_L_493319_:0-1142	1	1142	1142	gi|2699893277|gb|OR952926.1|	1872	3013	4898	78.571	0.0	3127950	Rhinolophus bat papillomavirus 1
SRR25288772_35759_ka_f_36.887_L_546643_L_493319_:0-1142	1	1142	1142	gi|2699893152|gb|OR952901.1|	6279	7420	8408	77.923	0.0	3127950	Rhinolophus bat papillomavirus 1
SRR25288772_123409_ka_f_11.359_L_546643_L_737410_:0-1142	1	1142	1142	gi|2699893277|gb|OR952926.1|	1872	3013	4898	84.481	0.0	3127950	Rhinolophus bat papillomavirus 1
SRR25288772_123409_ka_f_11.359_L_546643_L_737410_:0-1142	1	1142	1142	gi|2699893152|gb|OR952901.1|	6279	7420	8408	83.916	0.0	3127950	Rhinolophus bat papillomavirus 1
SRR25288772_123409_ka_f_11.359_L_546643_L_737410_:0-1142	1	1142	1142	gi|2699893216|gb|OR952914.1|	6306	7447	8427	79.181	0.0	3127950	Rhinolophus bat papillomavirus 1
SRR25288772_123409_ka_f_11.359_L_546643_L_737410_:0-1142	1	1142	1142	gi|2699893171|gb|OR952905.1|	750	1891	2239	78.846	0.0	3127950	Rhinolophus bat papillomavirus 1
SRR25288772_123409_ka_f_11.359_L_546643_L_737410_:0-1142	1	1142	1142	gi|2699893293|gb|OR952930.1|	230	1371	1814	78.329	0.0	3127950	Rhinolophus bat papillomavirus 1
SRR18312696_386168_ka_f_9.926_:147-1319	492	563	1172	gi|1028356591|ref|NC_030151.1|	5855	5926	8082	81.944	6.34e-04	1434070	Cervus papillomavirus 2
SRR18312696_386168_ka_f_9.926_:147-1319	520	563	1172	gi|2671839318|gb|OR915586.1|	6804	6847	8030	90.909	0.002	3112640	Caracal caracal papillomavirus 1
SRR18312696_386168_ka_f_9.926_:147-1319	520	563	1172	gi|2671839309|gb|OR915585.1|	6803	6846	8029	90.909	0.002	3112640	Caracal caracal papillomavirus 1
SRR18312696_386168_ka_f_9.926_:147-1319	520	563	1172	gi|2671839301|gb|OR915584.1|	6803	6846	8029	90.909	0.002	3112640	Caracal caracal papillomavirus 1
SRR20701368_3697_ka_f_81.159_L_390569_L_423575_L_243499_:45-1184	363	391	1139	gi|2022773365|emb|FR997790.1|	1529896	1529868	7595827	100.000	0.10	987893	Autographa pulchrina
SRR12091766_30573_ka_f_47.838_L_30573_L_30573_:432-1601	1	1169	1169	gi|1571847097|ref|NC_040727.1|	5676	6844	7935	100.000	0.0	2364646	Macaca mulatta papillomavirus 6
SRR12091766_30573_ka_f_47.838_L_30573_L_30573_:432-1601	897	1163	1169	gi|2108188|gb|U89661.1|RMU89661	1	267	445	76.493	6.10e-29	10570	Alphapapillomavirus 12
ERR11403158_751443_ka_f_17.828_L_751443_L_751443_L_5368854_:162-1331	1	1169	1169	gi|164429763|ref|NC_010226.1|	5840	7008	7742	99.914	0.0	464980	Canis familiaris papillomavirus 4
ERR11403158_751443_ka_f_17.828_L_751443_L_751443_L_5368854_:162-1331	207	537	1169	gi|1755632232|dbj|LC489228.1|	1	331	331	100.000	1.39e-169	464980	Canis familiaris papillomavirus 4
ERR11403158_751443_ka_f_17.828_L_751443_L_751443_L_5368854_:162-1331	207	537	1169	gi|1755632230|dbj|LC489227.1|	1	331	331	99.698	6.47e-168	464980	Canis familiaris papillomavirus 4
ERR10188130_181255_ka_f_81.549_L_472181_L_3462390_L_25663_L_3125870_:156-1325	1	1169	1169	gi|2075900665|gb|MW543424.1|	152	1320	1416	100.000	0.0	2866012	Bos taurus papillomavirus
ERR10188130_181255_ka_f_81.549_L_472181_L_3462390_L_25663_L_3125870_:156-1325	1	1169	1169	gi|2075897858|gb|MW401531.1|	5232	6400	7354	99.316	0.0	2866046	Bos taurus papillomavirus 33
ERR10188130_181255_ka_f_81.549_L_472181_L_3462390_L_25663_L_3125870_:156-1325	109	941	1169	gi|2075900667|gb|MW543425.1|	1	833	833	99.400	0.0	2866012	Bos taurus papillomavirus
ERR10188130_181255_ka_f_81.549_L_472181_L_3462390_L_25663_L_3125870_:156-1325	829	966	1169	gi|1823596686|gb|MN313415.1|	346	483	667	77.698	1.35e-10	1887213	Bos taurus papillomavirus 13
ERR10188130_181255_ka_f_81.549_L_472181_L_3462390_L_25663_L_3125870_:156-1325	829	966	1169	gi|1823596684|gb|MN313414.1|	346	483	667	77.698	1.35e-10	1887213	Bos taurus papillomavirus 13
SRR12330129_394673_ka_f_9.015_:93-1262	1	1169	1169	gi|430025787|ref|NC_019852.1|	6023	7197	7826	74.389	4.09e-130	1236767	Canis familiaris papillomavirus 14
SRR12330129_394673_ka_f_9.015_:93-1262	127	399	1169	gi|2710393506|tpg|BK066744.1|	6022	6294	7713	71.786	1.36e-05	3116986	Papillomavirus myodes7812
SRR12330129_394673_ka_f_9.015_:93-1262	178	211	1169	gi|1559669341|gb|MH777189.2|	5530	5563	7305	94.118	0.38	10566	Human papillomavirus
SRR12330129_394673_ka_f_9.015_:93-1262	181	211	1169	gi|1273499626|gb|MF588757.1|	5430	5461	7203	96.875	0.38	192971	Human papillomavirus sp.
ERR11284570_621919_ka_f_2031.763_L_6438252_L_6441684_L_787910_:72-1244	34	959	1172	gi|1571835141|ref|NC_040578.1|	6272	7206	8225	71.308	5.95e-49	2304619	Canine papillomavirus 21
SRR7687707_10380_ka_f_8.889_L_18094_:0-1139	1	1136	1139	gi|388771292|gb|JQ963499.1|	115	1238	1521	89.270	0.0	765052	Human papillomavirus 120
SRR7687707_10380_ka_f_8.889_L_18094_:0-1139	1	1136	1139	gi|388771283|gb|JQ963496.1|	115	1238	1521	89.182	0.0	765052	Human papillomavirus 120
SRR7687707_10380_ka_f_8.889_L_18094_:0-1139	1	1136	1139	gi|388771271|gb|JQ963492.1|	115	1238	1521	89.182	0.0	765052	Human papillomavirus 120
SRR7687707_10380_ka_f_8.889_L_18094_:0-1139	1	1136	1139	gi|388771265|gb|JQ963490.1|	115	1238	1521	89.182	0.0	765052	Human papillomavirus 120
SRR7687707_10380_ka_f_8.889_L_18094_:0-1139	1	1136	1139	gi|388771253|gb|JQ963486.1|	115	1238	1521	89.182	0.0	765052	Human papillomavirus 120
ERR10447056_1195580_ka_f_6.837_:0-1145	832	887	1145	gi|2699892937|gb|OR952846.1|	2718	2774	7949	86.207	0.002	2004707	Bat papillomavirus
ERR10447056_1195580_ka_f_6.837_:0-1145	981	1030	1145	gi|457866359|dbj|AB745694.1|	6776	6825	7779	88.000	0.002	2259332	Human papillomavirus 160
ERR10447056_1195580_ka_f_6.837_:0-1145	499	562	1145	gi|2389031773|tpg|BK062776.1|	703	765	1664	83.077	0.029	2990447	Manis javanica papillomavirus 1
ERR10447056_1195580_ka_f_6.837_:0-1145	499	562	1145	gi|2389031634|tpg|BK062774.1|	941	879	1577	83.077	0.029	2990447	Manis javanica papillomavirus 1
SRR9018603_242216_ka_f_24.828_L_6082373_L_6082373_:252-1427	1	1175	1175	gi|2389031888|tpg|BK062778.1|	1535	361	1727	100.000	0.0	2990448	Manis pentadactyla papillomavirus 1
SRR9018603_242216_ka_f_24.828_L_6082373_L_6082373_:252-1427	835	965	1175	gi|2699893109|gb|OR952891.1|	6003	6133	7819	79.389	2.25e-13	2004707	Bat papillomavirus
SRR12366696_2731_ka_f_537.853_L_113947_L_111286_L_148718_:81-1250	1	1169	1169	gi|2500406709|gb|OP748392.1|	5165	6333	7179	100.000	0.0	3044442	Firstpapillomavirinae PV-HMU-2
SRR12366696_2731_ka_f_537.853_L_113947_L_111286_L_148718_:81-1250	1	1169	1169	gi|2437953939|gb|OP856597.1|	5165	6333	7179	100.000	0.0	2809357	Dyodeltapapillomavirus sp.
SRR12366696_2731_ka_f_537.853_L_113947_L_111286_L_148718_:81-1250	826	944	1169	gi|2699892602|gb|OR952773.1|	3117	3236	5181	80.992	2.24e-13	2004707	Bat papillomavirus
SRR8173831_108428_ka_f_32.837_L_108428_L_108428_:60-1229	1	1169	1169	gi|1571846294|ref|NC_040709.1|	5591	6759	7876	100.000	0.0	2294150	Macaca mulatta papillomavirus 2
SRR8173831_108428_ka_f_32.837_L_108428_L_108428_:60-1229	1	1163	1169	gi|966752383|gb|KU298914.1|	5606	6762	7709	72.681	4.30e-95	1671798	Human papillomavirus type 54
SRR8173831_108428_ka_f_32.837_L_108428_L_108428_:60-1229	1	1163	1169	gi|938319519|gb|KF436894.1|	5616	6772	7708	72.681	4.30e-95	1671798	Human papillomavirus type 54
SRR8173831_108428_ka_f_32.837_L_108428_L_108428_:60-1229	1	1163	1169	gi|938319511|gb|KF436893.1|	5632	6788	7717	72.704	4.30e-95	1671798	Human papillomavirus type 54
SRR8173831_108428_ka_f_32.837_L_108428_L_108428_:60-1229	1	1163	1169	gi|2422053565|gb|OP971064.1|	5621	6777	7717	72.704	4.30e-95	1671798	Human papillomavirus type 54
SRR25288618_46896_ka_f_12.019_L_601136_:0-1169	1	1169	1169	gi|2699892875|gb|OR952831.1|	36	1204	1303	100.000	0.0	3127953	Scotophilus kuhlii papillomavirus 1
SRR22025822_147_ka_f_7.010_:0-1175	1	1175	1175	gi|633675051|gb|KJ145795.1|	5928	7102	8098	91.688	0.0	1484958	Human papillomavirus type 72b
SRR22025822_147_ka_f_7.010_:0-1175	1	1175	1175	gi|1273498986|gb|MF588676.1|	5776	6944	8037	90.144	0.0	333767	Alphapapillomavirus 3
SRR22025822_147_ka_f_7.010_:0-1175	1	1175	1175	gi|2374020568|gb|OP712053.1|	5842	7016	7988	90.059	0.0	333770	human papillomavirus 72
SRR22025822_147_ka_f_7.010_:0-1175	1	1175	1175	gi|2374020046|gb|OP712107.1|	5842	7016	7988	90.059	0.0	333770	human papillomavirus 72
SRR22025822_147_ka_f_7.010_:0-1175	1	1175	1175	gi|1491683|emb|X94164.1|	5841	7015	7988	89.975	0.0	333770	human papillomavirus 72
SRR25288764_68983_ka_f_24.067_:297-1475	155	343	1178	gi|1220130412|gb|KX645775.1|	305	493	1605	74.611	6.33e-09	10596	human papillomavirus 56
SRR25288764_68983_ka_f_24.067_:297-1475	155	343	1178	gi|1220130402|gb|KX645770.1|	305	493	1605	74.611	6.33e-09	10596	human papillomavirus 56
SRR25288764_68983_ka_f_24.067_:297-1475	155	343	1178	gi|1220130400|gb|KX645769.1|	305	493	1605	74.611	6.33e-09	10596	human papillomavirus 56
SRR25288764_68983_ka_f_24.067_:297-1475	155	343	1178	gi|1220130398|gb|KX645768.1|	305	493	1605	74.611	6.33e-09	10596	human papillomavirus 56
SRR25288764_68983_ka_f_24.067_:297-1475	155	343	1178	gi|1220130394|gb|KX645766.1|	305	493	1605	74.611	6.33e-09	10596	human papillomavirus 56
SRR25288751_111423_ka_f_7.840_L_141763_L_156077_L_400598_:3-1151	16	1148	1148	gi|2710393930|tpg|BK066786.1|	5627	6759	7745	73.857	4.13e-110	3116944	Papillomavirus barbastella7824
SRR25288751_111423_ka_f_7.840_L_141763_L_156077_L_400598_:3-1151	811	949	1148	gi|2699893139|gb|OR952898.1|	2708	2845	3446	77.698	1.32e-10	2004707	Bat papillomavirus
SRR25288751_111423_ka_f_7.840_L_141763_L_156077_L_400598_:3-1151	811	949	1148	gi|2699892663|gb|OR952789.1|	3149	3286	7716	77.698	1.32e-10	2004707	Bat papillomavirus
SRR25288751_111423_ka_f_7.840_L_141763_L_156077_L_400598_:3-1151	811	945	1148	gi|2699892659|gb|OR952788.1|	1334	1467	3116	77.778	4.76e-10	2004707	Bat papillomavirus
SRR25288751_111423_ka_f_7.840_L_141763_L_156077_L_400598_:3-1151	655	696	1148	gi|1571847261|ref|NC_040787.1|	6620	6661	7869	95.238	1.33e-05	1959848	Molossus molossus papillomavirus 1
SRR24580097_0_ka_f_65.113_L_0_L_0_:45-1223	1	1178	1178	gi|2523362149|gb|OR113686.1|	5887	7064	8043	100.000	0.0	3053743	Leptonychotes weddellii papillomavirus 10
SRR24580097_0_ka_f_65.113_L_0_L_0_:45-1223	832	950	1178	gi|2772245382|dbj|LC810153.1|	6547	6665	7797	82.353	1.04e-16	526413	Equus caballus papillomavirus 2
SRR24580097_0_ka_f_65.113_L_0_L_0_:45-1223	832	950	1178	gi|2310112449|gb|ON989001.1|	6550	6668	7800	82.353	1.04e-16	526413	Equus caballus papillomavirus 2
SRR24580097_0_ka_f_65.113_L_0_L_0_:45-1223	832	950	1178	gi|2310112435|gb|ON988999.1|	6553	6671	7803	82.353	1.04e-16	526413	Equus caballus papillomavirus 2
SRR24580097_0_ka_f_65.113_L_0_L_0_:45-1223	832	950	1178	gi|2296355598|gb|ON942233.1|	6547	6665	7797	82.353	1.04e-16	526413	Equus caballus papillomavirus 2
SRR7688460_1879_ka_f_9.132_:0-1160	1	1160	1160	gi|1559669356|gb|MH777199.2|	4380	5539	7324	100.000	0.0	10566	Human papillomavirus
SRR7688460_1879_ka_f_9.132_:0-1160	1	1160	1160	gi|1559669314|gb|MH777165.2|	5378	6537	7378	81.771	0.0	10566	Human papillomavirus
SRR7688460_1879_ka_f_9.132_:0-1160	1	1160	1160	gi|1559669296|gb|MH777155.2|	5258	6417	7214	80.206	0.0	10566	Human papillomavirus
SRR7688460_1879_ka_f_9.132_:0-1160	1	1157	1160	gi|409183128|gb|JX413108.1|	5369	6525	7214	80.138	0.0	1315263	human papillomavirus 162
SRR7688460_1879_ka_f_9.132_:0-1160	1	1157	1160	gi|1559669485|gb|MH777322.2|	5354	6510	7324	79.862	0.0	10566	Human papillomavirus
SRR7802447_0_ka_f_30.554_L_31_L_745_:0-1178	1	1178	1178	gi|1559669422|gb|MH777258.2|	5213	6390	7128	87.956	0.0	10566	Human papillomavirus
SRR7802447_0_ka_f_30.554_L_31_L_745_:0-1178	1	1175	1178	gi|870702416|gb|KP692114.1|	5222	6396	7137	84.014	0.0	1682339	human papillomavirus 200
SRR7802447_0_ka_f_30.554_L_31_L_745_:0-1178	40	1178	1178	gi|371486244|gb|JF966378.1|	5376	6502	7152	70.421	1.01e-41	10566	Human papillomavirus
SRR7802447_0_ka_f_30.554_L_31_L_745_:0-1178	90	531	1178	gi|343411609|gb|HM999999.1|	5377	5821	7224	72.889	2.21e-28	1070420	human papillomavirus 147
SRR7802447_0_ka_f_30.554_L_31_L_745_:0-1178	90	303	1178	gi|4574437|gb|AF121434.1|AF121434	38	251	440	76.636	3.73e-21	10566	Human papillomavirus
SRR7688916_1097_ka_f_32.538_L_510_L_29664_L_439_L_28836_:72-1196	1	1124	1124	gi|1559669747|gb|MH777343.2|	5223	6346	7179	100.000	0.0	10566	Human papillomavirus
SRR7688916_1097_ka_f_32.538_L_510_L_29664_L_439_L_28836_:72-1196	11	993	1124	gi|1559669292|gb|MH777384.2|	5197	6169	7101	72.139	2.59e-62	10566	Human papillomavirus
SRR7688916_1097_ka_f_32.538_L_510_L_29664_L_439_L_28836_:72-1196	133	727	1124	gi|1559669310|gb|MH777162.2|	5372	5981	7247	71.429	2.12e-23	10566	Human papillomavirus
SRR7688916_1097_ka_f_32.538_L_510_L_29664_L_439_L_28836_:72-1196	136	536	1124	gi|6694886|gb|AF217664.1|AF217664	33	430	431	72.195	2.76e-17	10566	Human papillomavirus
SRR7688916_1097_ka_f_32.538_L_510_L_29664_L_439_L_28836_:72-1196	57	284	1124	gi|1559669501|gb|MH777339.2|	5292	5519	7247	73.276	6.03e-09	10566	Human papillomavirus
SRR6442941_76_ka_f_240.647_L_9618_L_2226_L_2230_:48-1226	1	1178	1178	gi|1273498986|gb|MF588676.1|	5767	6944	8037	100.000	0.0	333767	Alphapapillomavirus 3
SRR6442941_76_ka_f_240.647_L_9618_L_2226_L_2230_:48-1226	3	1178	1178	gi|1491683|emb|X94164.1|	5834	7015	7988	89.536	0.0	333770	human papillomavirus 72
SRR6442941_76_ka_f_240.647_L_9618_L_2226_L_2230_:48-1226	3	1178	1178	gi|2374020568|gb|OP712053.1|	5835	7016	7988	89.451	0.0	333770	human papillomavirus 72
SRR6442941_76_ka_f_240.647_L_9618_L_2226_L_2230_:48-1226	3	1178	1178	gi|2374020046|gb|OP712107.1|	5835	7016	7988	89.451	0.0	333770	human papillomavirus 72
SRR6442941_76_ka_f_240.647_L_9618_L_2226_L_2230_:48-1226	3	1178	1178	gi|633675051|gb|KJ145795.1|	5921	7102	8098	89.114	0.0	1484958	Human papillomavirus type 72b
SRR25031639_299269_ka_f_52.842_L_12360308_L_8894620_L_8940368_:66-1226	528	572	1160	gi|2449441209|gb|OQ274129.1|	6329	6373	7929	93.333	1.35e-05	3027990	Neophocaena asiaeorientalis asiaeorientalis papillomavirus 4
SRR25031639_299269_ka_f_52.842_L_12360308_L_8894620_L_8940368_:66-1226	529	578	1160	gi|1469334824|gb|MG869604.1|	5836	5885	7291	90.000	4.85e-05	10566	Human papillomavirus
SRR25031639_299269_ka_f_52.842_L_12360308_L_8894620_L_8940368_:66-1226	529	578	1160	gi|1559669421|gb|MH777257.2|	5836	5885	7290	90.000	4.85e-05	10566	Human papillomavirus
SRR25031639_299269_ka_f_52.842_L_12360308_L_8894620_L_8940368_:66-1226	529	578	1160	gi|1559669398|gb|MH777235.2|	6265	6314	7288	90.000	4.85e-05	10566	Human papillomavirus
SRR25031639_299269_ka_f_52.842_L_12360308_L_8894620_L_8940368_:66-1226	529	578	1160	gi|1273499213|gb|MF588705.1|	5843	5892	7298	90.000	4.85e-05	1175850	Gammapapillomavirus 8
SRR13235485_155797_ka_f_23.230_L_1382895_:69-1247	6	1178	1178	gi|1571835348|ref|NC_040579.1|	6383	7552	8300	77.269	0.0	2304620	Canine papillomavirus 22
SRR13235485_155797_ka_f_23.230_L_1382895_:69-1247	62	1178	1178	gi|2710390241|tpg|BK066390.1|	6464	7583	8240	72.154	9.59e-77	3116956	Papillomavirus canis8381
SRR13235485_155797_ka_f_23.230_L_1382895_:69-1247	836	968	1178	gi|2699892676|gb|OR952791.1|	956	1087	2873	77.206	2.94e-07	2004707	Bat papillomavirus
SRR13235485_155797_ka_f_23.230_L_1382895_:69-1247	838	965	1178	gi|2699893142|gb|OR952899.1|	1058	1185	1532	76.154	4.92e-05	2004707	Bat papillomavirus
SRR13235485_155797_ka_f_23.230_L_1382895_:69-1247	837	962	1178	gi|2699893262|gb|OR952923.1|	2611	2735	5015	75.781	0.002	2004707	Bat papillomavirus
SRR13376351_4237_ka_f_46.319_L_5280431_L_8527536_L_8527503_:96-1274	1	1178	1178	gi|2710392128|tpg|BK066588.1|	6051	7228	8009	100.000	0.0	3116952	Papillomavirus canis8150
SRR13376351_4237_ka_f_46.319_L_5280431_L_8527536_L_8527503_:96-1274	1	1178	1178	gi|974142334|gb|KT272399.1|	6051	7228	8007	99.576	0.0	1778550	Canis familiaris papillomavirus 17
SRR13376351_4237_ka_f_46.319_L_5280431_L_8527536_L_8527503_:96-1274	142	545	1178	gi|746656987|gb|KM086731.1|	1	404	404	99.752	0.0	1134411	Canine papillomavirus
SRR13376351_4237_ka_f_46.319_L_5280431_L_8527536_L_8527503_:96-1274	575	982	1178	gi|1594662811|gb|MK205391.1|	1	408	408	99.265	0.0	1778550	Canis familiaris papillomavirus 17
SRR13376351_4237_ka_f_46.319_L_5280431_L_8527536_L_8527503_:96-1274	951	1178	1178	gi|746656994|gb|KM086732.1|	341	114	341	99.561	1.18e-110	1134411	Canine papillomavirus
SRR13234696_75487_ka_f_11.284_:69-1247	136	164	1178	gi|1480687913|gb|MH777184.1|	5369	5397	7256	100.000	0.11	10566	Human papillomavirus
SRR25288812_64671_ka_f_12.646_L_920186_L_1036499_:0-1157	1	1155	1157	gi|2699892866|gb|OR952829.1|	5066	6223	7943	78.235	0.0	2004707	Bat papillomavirus
SRR25288812_64671_ka_f_12.646_L_920186_L_1036499_:0-1157	1	1155	1157	gi|2699892856|gb|OR952825.1|	4276	5433	5925	78.149	0.0	2004707	Bat papillomavirus
SRR25288812_64671_ka_f_12.646_L_920186_L_1036499_:0-1157	1	1142	1157	gi|2699892951|gb|OR952848.1|	1474	2612	2727	75.779	2.35e-152	2004707	Bat papillomavirus
SRR25288812_64671_ka_f_12.646_L_920186_L_1036499_:0-1157	844	963	1157	gi|2699893245|gb|OR952919.1|	7140	7258	8399	78.333	2.23e-08	3127950	Rhinolophus bat papillomavirus 1
SRR25288812_64671_ka_f_12.646_L_920186_L_1036499_:0-1157	815	878	1157	gi|2718284535|gb|PP410048.1|	1305	1242	8323	83.077	0.008	3140014	Rhinolophus ferrumequinum papillomavirus 2
SRR11842090_13702_ka_f_15.282_:75-1253	181	234	1178	gi|2669656639|gb|PP093690.1|	5987	6041	8074	87.273	6.37e-04	334210	human papillomavirus 62
SRR11842090_13702_ka_f_15.282_:75-1253	181	234	1178	gi|2374019765|gb|OP712066.1|	6005	6059	8092	87.273	6.37e-04	334210	human papillomavirus 62
SRR11842090_13702_ka_f_15.282_:75-1253	181	234	1178	gi|2374019421|gb|OP712013.1|	6005	6059	8092	87.273	6.37e-04	334210	human papillomavirus 62
SRR11842090_13702_ka_f_15.282_:75-1253	181	234	1178	gi|2416400442|gb|OP721176.1|	304	358	1587	87.273	6.37e-04	10566	Human papillomavirus
SRR11842090_13702_ka_f_15.282_:75-1253	181	234	1178	gi|966752476|gb|KU298925.1|	5964	6018	8051	87.273	6.37e-04	334210	human papillomavirus 62
SRR18400216_50961_ka_f_12.009_L_50961_L_50961_:60-1238	1	1178	1178	gi|1464250076|gb|MH285954.1|	6216	7387	8140	77.111	0.0	2304621	Canine papillomavirus 23
SRR18400216_50961_ka_f_12.009_L_50961_L_50961_:60-1238	1	1178	1178	gi|2710390241|tpg|BK066390.1|	6403	7583	8240	72.697	2.61e-92	3116956	Papillomavirus canis8381
SRR18400216_50961_ka_f_12.009_L_50961_L_50961_:60-1238	135	199	1178	gi|2710389762|tpg|BK066355.1|	5615	5680	7557	85.075	4.92e-05	3116998	Papillomavirus rhinolophus4626
SRR18400216_50961_ka_f_12.009_L_50961_L_50961_:60-1238	135	199	1178	gi|2699893287|gb|OR952929.1|	5601	5666	7513	85.075	4.92e-05	3127952	Rhinolophus bat papillomavirus 3
SRR18400216_50961_ka_f_12.009_L_50961_L_50961_:60-1238	135	199	1178	gi|2699893282|gb|OR952927.1|	1399	1464	2843	85.075	4.92e-05	3127952	Rhinolophus bat papillomavirus 3
SRR2063938_281_ka_f_16.593_L_2781_:57-1235	1	1178	1178	gi|2710389762|tpg|BK066355.1|	5479	6656	7557	83.573	0.0	3116998	Papillomavirus rhinolophus4626
SRR2063938_281_ka_f_16.593_L_2781_:57-1235	1	1178	1178	gi|2699893287|gb|OR952929.1|	5465	6642	7513	83.587	0.0	3127952	Rhinolophus bat papillomavirus 3
SRR2063938_281_ka_f_16.593_L_2781_:57-1235	1	1178	1178	gi|2699893282|gb|OR952927.1|	1263	2440	2843	83.573	0.0	3127952	Rhinolophus bat papillomavirus 3
SRR2063938_281_ka_f_16.593_L_2781_:57-1235	1	1178	1178	gi|2699892607|gb|OR952774.1|	5480	6657	7558	83.573	0.0	3127952	Rhinolophus bat papillomavirus 3
SRR2063938_281_ka_f_16.593_L_2781_:57-1235	1	1178	1178	gi|2699893165|gb|OR952903.1|	1274	2451	4171	83.489	0.0	3127952	Rhinolophus bat papillomavirus 3
SRR22103697_35462_ka_f_9.672_:126-1304	840	968	1178	gi|392283758|ref|NC_018074.1|	6961	7088	7596	79.231	1.05e-11	706525	Phocoena phocoena papillomavirus 1
SRR11059661_1679_ka_f_1626.493_L_1679_L_1679_:69-1193	1	1111	1124	gi|1559669553|gb|MH972562.2|	5185	6295	7156	71.391	1.55e-64	10566	Human papillomavirus
SRR11059661_1679_ka_f_1626.493_L_1679_L_1679_:69-1193	16	995	1124	gi|409183149|gb|JX444072.1|	5322	6304	7129	70.506	1.25e-35	1315266	Human papillomavirus 165
SRR11059661_1679_ka_f_1626.493_L_1679_L_1679_:69-1193	3	350	1124	gi|1559669339|gb|MH777187.2|	5191	5532	7135	73.789	5.90e-24	10566	Human papillomavirus
SRR11059661_1679_ka_f_1626.493_L_1679_L_1679_:69-1193	808	1111	1124	gi|1273499646|gb|MF588760.1|	1596	1896	2498	74.593	2.12e-23	333926	Gammapapillomavirus 1
SRR11059661_1679_ka_f_1626.493_L_1679_L_1679_:69-1193	808	1111	1124	gi|1480688098|gb|MH777210.1|	6058	6358	7186	74.267	9.87e-22	10566	Human papillomavirus
SRR12596806_17216_ka_f_11.744_L_17216_L_17216_:75-1250	536	666	1175	gi|15212104|emb|AJ313181.1|	581	711	1518	80.882	4.84e-15	32630	synthetic construct
SRR25288481_627694_ka_f_41.173_L_743053_L_816730_:0-1163	1	1163	1163	gi|2699892979|gb|OR952858.1|	4265	5427	5994	77.702	0.0	2004707	Bat papillomavirus
SRR25288481_627694_ka_f_41.173_L_743053_L_816730_:0-1163	1	1149	1163	gi|2699892644|gb|OR952786.1|	5862	7016	7583	76.943	1.06e-175	2004707	Bat papillomavirus
SRR25288481_627694_ka_f_41.173_L_743053_L_816730_:0-1163	1	1124	1163	gi|2699892691|gb|OR952795.1|	3233	4365	6514	77.103	2.30e-172	2004707	Bat papillomavirus
SRR25288481_627694_ka_f_41.173_L_743053_L_816730_:0-1163	1	1157	1163	gi|2699892595|gb|OR952772.1|	5661	6826	7566	76.017	5.05e-159	2004707	Bat papillomavirus
SRR25288481_627694_ka_f_41.173_L_743053_L_816730_:0-1163	1	1124	1163	gi|2699893262|gb|OR952923.1|	1777	2918	5015	75.673	1.84e-148	2004707	Bat papillomavirus
SRR25288770_12732_ka_f_31.989_L_126002_:0-1127	1	1127	1127	gi|2699892625|gb|OR952779.1|	277	1403	1493	100.000	0.0	2004707	Bat papillomavirus
SRR25288770_12732_ka_f_31.989_L_126002_:0-1127	1	1127	1127	gi|2699892897|gb|OR952837.1|	5605	6734	7956	78.303	0.0	2004707	Bat papillomavirus
SRR25288795_21130_ka_f_59.620_L_44070_L_75684_L_394129_:0-1133	1	1133	1133	gi|2699892595|gb|OR952772.1|	5700	6832	7566	100.000	0.0	2004707	Bat papillomavirus
SRR25288795_21130_ka_f_59.620_L_44070_L_75684_L_394129_:0-1133	1	1133	1133	gi|2699892691|gb|OR952795.1|	3272	4404	6514	79.559	0.0	2004707	Bat papillomavirus
SRR25288795_21130_ka_f_59.620_L_44070_L_75684_L_394129_:0-1133	1	1127	1133	gi|2699893262|gb|OR952923.1|	1816	2951	5015	77.953	0.0	2004707	Bat papillomavirus
SRR25288795_21130_ka_f_59.620_L_44070_L_75684_L_394129_:0-1133	1	1127	1133	gi|2699893142|gb|OR952899.1|	263	1398	1532	77.583	0.0	2004707	Bat papillomavirus
SRR25288795_21130_ka_f_59.620_L_44070_L_75684_L_394129_:0-1133	1	1127	1133	gi|2699893254|gb|OR952921.1|	634	1757	5254	76.316	1.06e-160	2004707	Bat papillomavirus
SRR25288751_220243_ka_f_18.475_L_240373_L_299617_:0-1148	4	1124	1148	gi|2718285534|gb|PP410097.1|	5667	6793	7882	68.957	4.73e-15	3140005	Pipistrellus kuhlii papillomavirus
SRR25288751_220243_ka_f_18.475_L_240373_L_299617_:0-1148	1043	1070	1148	gi|2308334136|ref|XM_050734108.1|	298	325	1463	100.000	0.37	309941	Bombus affinis
SRR25288751_220243_ka_f_18.475_L_240373_L_299617_:0-1148	1043	1070	1148	gi|2308334132|ref|XM_050734107.1|	270	297	1435	100.000	0.37	309941	Bombus affinis
SRR13765811_2833_ka_f_31.171_L_77933_:57-1232	496	566	1175	gi|1144331863|gb|KX781284.1|	5758	5828	7281	90.141	2.25e-13	10566	Human papillomavirus
SRR13765811_2833_ka_f_31.171_L_77933_:57-1232	373	458	1175	gi|1148975009|gb|KX924621.1|	235	320	396	80.460	4.91e-05	10571	Bovine papillomavirus
SRR18474643_404243_ka_f_7.197_:0-1127	1	1127	1127	gi|2699892989|gb|OR952861.1|	1572	446	1861	99.823	0.0	3127949	Myotis ricketti associated fish papillomavirus
SRR18474643_404243_ka_f_7.197_:0-1127	218	245	1127	gi|2894187770|emb|OZ220861.1|	12451098	12451071	15039019	100.000	0.37	2795565	Maniola tithonus
SRR13765808_2079_ka_f_35.074_L_30389_L_33090_:45-1220	134	730	1175	gi|2911551|emb|Y15174.1|	5989	6582	7549	71.732	7.93e-28	69985	human papillomavirus 76
SRR13765808_2079_ka_f_35.074_L_30389_L_33090_:45-1220	136	465	1175	gi|186461194|gb|EU410348.1|	5862	6191	7423	73.653	2.87e-22	518629	Human papillomavirus 110
SRR13765808_2079_ka_f_35.074_L_30389_L_33090_:45-1220	136	465	1175	gi|4574423|gb|AF121427.1|AF121427	36	365	440	73.653	2.87e-22	10566	Human papillomavirus
SRR13765808_2079_ka_f_35.074_L_30389_L_33090_:45-1220	277	730	1175	gi|562308|emb|X79948.1|	4	454	668	72.377	1.03e-21	10566	Human papillomavirus
SRR13765808_2079_ka_f_35.074_L_30389_L_33090_:45-1220	139	604	1175	gi|1571842580|ref|NC_040655.1|	5467	5932	7408	71.789	3.72e-21	2364645	Macaca mulatta papillomavirus 5
ERR11203043_2511650_ka_f_12.833_L_2511650_L_2511650_:84-1259	1	1175	1175	gi|430025787|ref|NC_019852.1|	6023	7197	7826	93.872	0.0	1236767	Canis familiaris papillomavirus 14
ERR11203034_1777053_ka_f_63.038_L_37487_L_3775396_L_3775396_L_6457555_:123-1298	1	1175	1175	gi|1064859043|gb|KX599536.1|	5982	7156	7941	100.000	0.0	2759773	Canis familiaris papillomavirus 19
ERR11203034_1777053_ka_f_63.038_L_37487_L_3775396_L_3775396_L_6457555_:123-1298	262	472	1175	gi|2658863274|gb|PP135543.1|	1	211	211	99.052	1.54e-99	2759773	Canis familiaris papillomavirus 19
ERR11203034_1777053_ka_f_63.038_L_37487_L_3775396_L_3775396_L_6457555_:123-1298	826	895	1175	gi|1273499356|gb|MF588723.1|	6043	6112	7159	81.429	0.008	1513259	Gammapapillomavirus 14
SRR7688504_2094_ka_f_60.516_L_7772_L_2969_:0-1163	1	1163	1163	gi|1559669406|gb|MH777243.2|	5280	6442	7218	100.000	0.0	10566	Human papillomavirus
SRR7688504_2094_ka_f_60.516_L_7772_L_2969_:0-1163	1	1160	1163	gi|319976676|ref|NC_014953.1|	5273	6435	7219	77.273	0.0	931210	human papillomavirus 129
SRR7688504_2094_ka_f_60.516_L_7772_L_2969_:0-1163	1	1160	1163	gi|2710392709|tpg|BK066659.1|	5278	6440	7209	74.979	2.40e-142	3116971	Papillomavirus homo7350
SRR7688504_2094_ka_f_60.516_L_7772_L_2969_:0-1163	1	967	1163	gi|1559669523|gb|MH777364.2|	5274	6240	7289	73.577	1.55e-89	10566	Human papillomavirus
SRR7688504_2094_ka_f_60.516_L_7772_L_2969_:0-1163	1	967	1163	gi|1273499253|gb|MF588710.1|	5274	6240	7289	73.577	1.55e-89	1175851	Gammapapillomavirus 9
SRR25288502_23147_ka_f_9.145_:0-1163	1	1163	1163	gi|2699892897|gb|OR952837.1|	5572	6734	7956	99.914	0.0	2004707	Bat papillomavirus
SRR25288502_23147_ka_f_9.145_:0-1163	7	1163	1163	gi|2699892625|gb|OR952779.1|	250	1403	1493	78.492	0.0	2004707	Bat papillomavirus
SRR25256529_228985_ka_f_11.800_L_1739997_L_3462011_:0-1124	66	250	1124	gi|2699893018|gb|OR952869.1|	101	287	1340	77.540	5.94e-19	2004707	Bat papillomavirus
SRR25256529_228985_ka_f_11.800_L_1739997_L_3462011_:0-1124	14	276	1124	gi|98310883|gb|DQ508375.1|	125	396	1512	74.007	5.98e-14	32630	synthetic construct
SRR25256529_228985_ka_f_11.800_L_1739997_L_3462011_:0-1124	781	908	1124	gi|1464308956|ref|NC_038526.1|	6340	6467	7622	79.231	1.00e-11	2848316	Trichechus manatus latirostris papillomavirus 3
SRR25256529_228985_ka_f_11.800_L_1739997_L_3462011_:0-1124	781	908	1124	gi|564112398|gb|KF574428.1|	880	1007	1503	79.231	1.00e-11	2848316	Trichechus manatus latirostris papillomavirus 3
ERR7256387_570539_ka_f_48.802_L_570539_L_570539_:126-1301	133	1166	1175	gi|189043078|ref|NC_010739.1|	5647	6680	7582	73.493	2.00e-98	461322	Ursus maritimus papillomavirus 1
ERR7256387_570539_ka_f_48.802_L_570539_L_570539_:126-1301	133	699	1175	gi|290109414|gb|GU556966.1|	187	750	1422	70.383	3.74e-16	32630	synthetic construct
ERR7256387_570539_ka_f_48.802_L_570539_L_570539_:126-1301	538	730	1175	gi|1547165902|gb|MH577962.1|	586	778	1515	75.758	8.10e-13	10595	human papillomavirus 51
ERR7256387_570539_ka_f_48.802_L_570539_L_570539_:126-1301	76	199	1175	gi|2699892684|gb|OR952794.1|	6474	6609	8549	75.735	0.008	3127950	Rhinolophus bat papillomavirus 1
SRR25288688_454167_ka_f_42.649_L_484970_:0-1163	1	1163	1163	gi|2699893063|gb|OR952878.1|	1706	2868	3350	100.000	0.0	2004707	Bat papillomavirus
SRR25288688_454167_ka_f_42.649_L_484970_:0-1163	1	1163	1163	gi|2699893026|gb|OR952871.1|	1020	2182	5368	89.785	0.0	2004707	Bat papillomavirus
SRR25288688_454167_ka_f_42.649_L_484970_:0-1163	1	1157	1163	gi|2699893005|gb|OR952866.1|	2451	3607	4092	79.070	0.0	2004707	Bat papillomavirus
SRR25288688_454167_ka_f_42.649_L_484970_:0-1163	1	1163	1163	gi|2699892811|gb|OR952817.1|	5943	7105	7424	78.798	0.0	2004707	Bat papillomavirus
SRR25288688_454167_ka_f_42.649_L_484970_:0-1163	1	1163	1163	gi|2699892823|gb|OR952819.1|	5911	7073	7776	76.024	1.80e-163	2004707	Bat papillomavirus
SRR25288506_3447_ka_f_17.050_L_199506_L_208658_L_471264_:0-1163	1	1157	1163	gi|2699893216|gb|OR952914.1|	6285	7441	8427	85.393	0.0	3127950	Rhinolophus bat papillomavirus 1
SRR25288506_3447_ka_f_17.050_L_199506_L_208658_L_471264_:0-1163	1	1157	1163	gi|2699893293|gb|OR952930.1|	209	1365	1814	84.788	0.0	3127950	Rhinolophus bat papillomavirus 1
SRR25288506_3447_ka_f_17.050_L_199506_L_208658_L_471264_:0-1163	1	1160	1163	gi|2699893171|gb|OR952905.1|	729	1888	2239	84.079	0.0	3127950	Rhinolophus bat papillomavirus 1
SRR25288506_3447_ka_f_17.050_L_199506_L_208658_L_471264_:0-1163	1	1157	1163	gi|2699893277|gb|OR952926.1|	1851	3007	4898	78.762	0.0	3127950	Rhinolophus bat papillomavirus 1
SRR25288506_3447_ka_f_17.050_L_199506_L_208658_L_471264_:0-1163	1	1157	1163	gi|2699893152|gb|OR952901.1|	6258	7414	8408	78.160	0.0	3127950	Rhinolophus bat papillomavirus 1
SRR6442888_274_ka_f_43.714_L_1278_L_769_:69-1277	1	1208	1208	gi|343411545|gb|HM999991.1|	5317	6524	7360	99.917	0.0	1070412	Human papillomavirus 139
SRR6442888_274_ka_f_43.714_L_1278_L_769_:69-1277	104	534	1208	gi|28864498|gb|AY204688.1|	1	431	431	100.000	0.0	10566	Human papillomavirus
SRR6442888_274_ka_f_43.714_L_1278_L_769_:69-1277	1	1208	1208	gi|343411537|gb|HM999990.1|	5325	6529	7353	78.671	0.0	1070411	Human papillomavirus 138
SRR6442888_274_ka_f_43.714_L_1278_L_769_:69-1277	1	1205	1208	gi|1273499197|gb|MF588703.1|	5314	6512	7410	78.666	0.0	1175849	Gammapapillomavirus 7
SRR6442888_274_ka_f_43.714_L_1278_L_769_:69-1277	4	1208	1208	gi|225927560|ref|NC_012485.1|	5427	6634	7346	77.915	0.0	915426	Human papillomavirus 109
SRR7122366_32_ka_f_34.382_L_32_L_32_:63-1271	1	1208	1208	gi|2069601153|gb|MH617579.2|	4532	5739	5980	100.000	0.0	2683335	Lutjanus campechanus-associated papillomavirus 1
SRR7122366_32_ka_f_34.382_L_32_L_32_:63-1271	748	778	1208	gi|2783367584|emb|OZ156424.1|	12852851	12852821	23425857	96.774	0.39	50463	Cardamine hirsuta
SRR7122366_32_ka_f_34.382_L_32_L_32_:63-1271	748	778	1208	gi|2783367584|emb|OZ156424.1|	18692834	18692804	23425857	96.774	0.39	50463	Cardamine hirsuta
SRR7122366_32_ka_f_34.382_L_32_L_32_:63-1271	748	778	1208	gi|2783367582|emb|OZ156422.1|	13267963	13267933	24500237	96.774	0.39	50463	Cardamine hirsuta
SRR7122366_32_ka_f_34.382_L_32_L_32_:63-1271	748	778	1208	gi|2783367582|emb|OZ156422.1|	13870932	13870902	24500237	96.774	0.39	50463	Cardamine hirsuta
SRR7122366_32_ka_f_34.382_L_32_L_32_:63-1271	748	775	1208	gi|2783367575|emb|OZ156419.1|	14754945	14754972	27291423	100.000	0.39	50463	Cardamine hirsuta
SRR7122366_32_ka_f_34.382_L_32_L_32_:63-1271	748	778	1208	gi|2783367575|emb|OZ156419.1|	21789531	21789501	27291423	96.774	0.39	50463	Cardamine hirsuta
SRR7122366_32_ka_f_34.382_L_32_L_32_:63-1271	748	778	1208	gi|2589441053|emb|OY743220.1|	7890415	7890385	22994574	96.774	0.39	50462	Cardamine flexuosa
ERR10188203_1280_ka_f_9.904_:45-1250	137	550	1205	gi|40548559|gb|AY426551.1|	1	414	414	99.758	0.0	10571	Bovine papillomavirus
ERR10188203_1280_ka_f_9.904_:45-1250	145	584	1205	gi|1409653136|gb|MH512005.1|	5556	5998	7389	72.222	2.95e-22	10571	Bovine papillomavirus
ERR10188203_1280_ka_f_9.904_:45-1250	145	584	1205	gi|2075900644|gb|MW447311.1|	5556	5998	7389	72.222	2.95e-22	2866020	Bos taurus papillomavirus 27
ERR10188203_1280_ka_f_9.904_:45-1250	145	584	1205	gi|2075900637|gb|MW447310.1|	5556	5998	7389	72.222	2.95e-22	2866020	Bos taurus papillomavirus 27
ERR10188203_1280_ka_f_9.904_:45-1250	389	419	1205	gi|2076208746|emb|OU452219.1|	22342923	22342953	38475774	100.000	0.008	7609	Marthasterias glacialis
SRR25288688_374483_ka_f_42.620_L_545654_L_959202_L_2023210_:81-1289	38	1208	1208	gi|2699893018|gb|OR952869.1|	1	1177	1340	81.387	0.0	2004707	Bat papillomavirus
SRR25288693_7121_ka_f_24.388_L_71834_:81-1289	38	1208	1208	gi|2699893018|gb|OR952869.1|	1	1177	1340	80.610	0.0	2004707	Bat papillomavirus
SRR25288693_7121_ka_f_24.388_L_71834_:81-1289	895	1009	1208	gi|2710391052|tpg|BK066462.1|	6562	6676	7459	80.870	8.34e-13	3116988	Papillomavirus panthera7600
SRR26982247_1_ka_f_15.432_L_1_L_1_:132-1340	1	1208	1208	gi|2671839379|gb|OR915593.1|	5369	6576	7566	100.000	0.0	3112645	Caracal caracal papillomavirus 6
SRR26982247_1_ka_f_15.432_L_1_L_1_:132-1340	533	584	1208	gi|2075897926|gb|MW428428.1|	5761	5812	7201	88.462	1.82e-04	2866023	Bos taurus papillomavirus 41
SRR26982247_1_ka_f_15.432_L_1_L_1_:132-1340	456	483	1208	gi|2795785622|emb|OZ176233.1|	49725567	49725594	91230334	100.000	0.39	126660	Ischnura senegalensis
SRR11569199_2444_ka_f_28.016_L_2444_L_2444_:72-1277	1	1205	1205	gi|2075900659|gb|MW543421.1|	64	1265	1266	77.483	0.0	2866012	Bos taurus papillomavirus
SRR11569199_2444_ka_f_28.016_L_2444_L_2444_:72-1277	1	1205	1205	gi|2075897918|gb|MW428427.1|	5432	6633	7410	77.483	0.0	2866022	Bos taurus papillomavirus 40
SRR11569199_2444_ka_f_28.016_L_2444_L_2444_:72-1277	16	1205	1205	gi|343174555|gb|JF834524.1|	1634	2805	3363	73.859	9.27e-117	1070324	Bos taurus papillomavirus 12
SRR11569199_2444_ka_f_28.016_L_2444_L_2444_:72-1277	16	1205	1205	gi|944326236|ref|NC_028126.1|	5468	6639	7197	73.859	9.27e-117	1070324	Bos taurus papillomavirus 12
SRR11569199_2444_ka_f_28.016_L_2444_L_2444_:72-1277	526	1205	1205	gi|2075900673|gb|MW727480.1|	46	725	726	77.974	2.01e-113	2866012	Bos taurus papillomavirus
SRR14860617_1712913_ka_f_7.098_:57-1262	892	998	1205	gi|2699892797|gb|OR952814.1|	2037	2143	6219	79.439	2.33e-08	2004707	Bat papillomavirus
SRR14860617_1712913_ka_f_7.098_:57-1262	892	998	1205	gi|2699892829|gb|OR952820.1|	2347	2453	6153	78.505	1.08e-06	2004707	Bat papillomavirus
SRR14860617_1712913_ka_f_7.098_:57-1262	898	963	1205	gi|1559669727|gb|MH777294.2|	3614	3679	7238	81.818	0.030	10566	Human papillomavirus
SRR17247090_174_ka_f_74.808_L_174_L_174_:93-1298	1	1205	1205	gi|2183431465|gb|OL704824.1|	6292	7496	7791	100.000	0.0	2911884	Eumops bonariensis papillomavirus type 1
SRR17247090_174_ka_f_74.808_L_174_L_174_:93-1298	1	1191	1205	gi|2710393104|tpg|BK066692.1|	5718	6908	7864	77.398	0.0	3116982	Papillomavirus molossus8005
SRR17247090_174_ka_f_74.808_L_174_L_174_:93-1298	862	996	1205	gi|296040251|ref|NC_014143.1|	6383	6517	7737	82.482	1.37e-20	759701	Bettongia penicillata papillomavirus 1
SRR17247090_174_ka_f_74.808_L_174_L_174_:93-1298	1	341	1205	gi|2100346050|gb|MT766314.1|	1627	1964	7861	70.977	1.40e-05	2878090	Eptesicus regulus papillomavirus
SRR25936516_7739_ka_f_10.514_L_22578_:60-1265	428	984	1205	gi|1559669526|gb|MH777370.2|	5653	6215	7232	71.678	1.05e-26	10566	Human papillomavirus
SRR25936516_7739_ka_f_10.514_L_22578_:60-1265	873	1121	1205	gi|1273499571|gb|MF588750.1|	6137	6388	7326	73.643	3.87e-11	1961681	Gammapapillomavirus 24
SRR25936516_7739_ka_f_10.514_L_22578_:60-1265	1093	1169	1205	gi|371486220|gb|JF966375.1|	6468	6544	7286	84.615	2.33e-08	10566	Human papillomavirus
SRR25936516_7739_ka_f_10.514_L_22578_:60-1265	1093	1169	1205	gi|1559669518|gb|MH777360.2|	6369	6445	7300	83.333	1.08e-06	10566	Human papillomavirus
SRR25936516_7739_ka_f_10.514_L_22578_:60-1265	1093	1169	1205	gi|1273499539|gb|MF588746.1|	6369	6445	7300	83.333	1.08e-06	1961681	Gammapapillomavirus 24
SRR12532606_97845_ka_f_49.909_L_16883_L_184004_:60-1265	1	302	1205	gi|2413975770|gb|OP933686.1|	4488	4792	6010	75.896	1.35e-30	3003967	Fish-associated papillomavirus 1
SRR13789839_2669_ka_f_16.185_:138-1343	1	1205	1205	gi|1480688150|gb|MH777218.1|	5381	6585	7371	81.909	0.0	10566	Human papillomavirus
SRR13789839_2669_ka_f_16.185_:138-1343	1	1205	1205	gi|1571840896|ref|NC_040640.1|	5381	6585	7372	81.841	0.0	2093789	Human papillomavirus type 203
SRR13789839_2669_ka_f_16.185_:138-1343	1	1205	1205	gi|1559669438|gb|MH777273.2|	5394	6598	7389	79.322	0.0	10566	Human papillomavirus
SRR13789839_2669_ka_f_16.185_:138-1343	25	1205	1205	gi|1559669704|gb|MH777240.2|	5315	6507	7328	72.547	4.47e-90	10566	Human papillomavirus
SRR13789839_2669_ka_f_16.185_:138-1343	25	1205	1205	gi|1273499165|gb|MF588699.1|	5315	6507	7327	72.263	2.09e-83	1175849	Gammapapillomavirus 7
SRR14825199_4094_ka_f_48.715_:75-1280	1	1202	1205	gi|1571844961|ref|NC_040691.1|	5246	6453	7270	84.463	0.0	2049444	Gammapapillomavirus sp.
SRR14825199_4094_ka_f_48.715_:75-1280	1	1202	1205	gi|1480689143|gb|MH777367.1|	5250	6454	7257	79.769	0.0	10566	Human papillomavirus
SRR14825199_4094_ka_f_48.715_:75-1280	1	1202	1205	gi|1571838941|ref|NC_040619.1|	5250	6454	7257	79.769	0.0	2049444	Gammapapillomavirus sp.
SRR14825199_4094_ka_f_48.715_:75-1280	10	1202	1205	gi|1559669394|gb|MH777232.2|	5274	6466	7320	79.414	0.0	10566	Human papillomavirus
SRR14825199_4094_ka_f_48.715_:75-1280	1	1202	1205	gi|1559669400|gb|MH777236.2|	5252	6453	7297	78.873	0.0	10566	Human papillomavirus
SRR25288684_272_ka_f_30.047_L_10773_L_48617_L_454327_:183-1391	1	1208	1208	gi|2699893081|gb|OR952883.1|	2535	3742	7584	100.000	0.0	3113749	Taphozous bat papillomavirus 1
SRR5447154_172_ka_f_68.740_L_25229_:93-1304	1	1211	1211	gi|2710394463|tpg|BK066846.1|	6120	7330	8093	100.000	0.0	3117005	Papillomavirus sorex8217
SRR5447154_172_ka_f_68.740_L_25229_:93-1304	859	1001	1211	gi|586946447|ref|NC_023496.1|	6301	6443	7596	76.923	5.03e-10	990304	Saimiri sciureus papillomavirus 1
SRR8173830_4337_ka_f_10.426_:99-1310	1	1211	1211	gi|1571833870|ref|NC_040569.1|	5333	6543	7424	100.000	0.0	2294152	Macaca mulatta papillomavirus 4
SRR8173830_4337_ka_f_10.426_:99-1310	643	740	1211	gi|1483237230|gb|MH972558.1|	5912	6009	7263	81.633	5.03e-10	10566	Human papillomavirus
SRR9703484_10495_ka_f_65.924_:123-1334	1108	1196	1211	gi|2699893223|gb|OR952915.1|	7485	7573	8570	79.775	5.07e-05	3127950	Rhinolophus bat papillomavirus 1
SRR9703484_10495_ka_f_65.924_:123-1334	560	636	1211	gi|1476681443|gb|MH892424.1|	6803	6879	7722	80.519	0.002	1036965	Rattus norvegicus papillomavirus 2
SRR9703484_10495_ka_f_65.924_:123-1334	560	636	1211	gi|1476681437|gb|MH892423.1|	6797	6873	7716	80.519	0.002	1036965	Rattus norvegicus papillomavirus 2
SRR9703484_10495_ka_f_65.924_:123-1334	560	636	1211	gi|1476681431|gb|MH892422.1|	6797	6873	7716	80.519	0.002	1036965	Rattus norvegicus papillomavirus 2
SRR9703484_10495_ka_f_65.924_:123-1334	560	636	1211	gi|1476681425|gb|MH892421.1|	6803	6879	7722	80.519	0.002	1036965	Rattus norvegicus papillomavirus 2
SRR4201716_3062_ka_f_6.631_L_293822_L_444517_:174-1385	1	1211	1211	gi|1571847261|ref|NC_040787.1|	5924	7134	7869	100.000	0.0	1959848	Molossus molossus papillomavirus 1
SRR4201716_3062_ka_f_6.631_L_293822_L_444517_:174-1385	1	1196	1211	gi|2183431454|gb|OL704823.1|	7364	8556	8872	81.059	0.0	2911886	Molossus molossus papillomavirus type 2
SRR4201716_3062_ka_f_6.631_L_293822_L_444517_:174-1385	1	1202	1211	gi|2183431473|gb|OL704825.1|	7409	8601	8923	74.065	5.57e-119	2911885	Eumops bonariensis papillomavirus type 2
SRR4201716_3062_ka_f_6.631_L_293822_L_444517_:174-1385	1	357	1211	gi|1569059511|gb|MH230934.1|	585	941	1259	76.309	1.34e-40	2507922	Tadarida brasiliensis papillomavirus
SRR4201716_3062_ka_f_6.631_L_293822_L_444517_:174-1385	144	272	1211	gi|2710392147|tpg|BK066590.1|	6328	6456	8085	77.692	6.51e-09	3117000	Papillomavirus rhinolophus8112
SRR4201716_5799_ka_f_48.908_L_5799_L_5799_:93-1304	1	1211	1211	gi|2710394362|tpg|BK066831.1|	5695	6905	8019	100.000	0.0	3116983	Papillomavirus molossus8160
SRR4201716_5799_ka_f_48.908_L_5799_L_5799_:93-1304	1043	1070	1211	gi|2547926312|emb|OY294054.1|	1184044	1184071	26267525	100.000	0.39	442081	Brachypterus glaber
SRR4201718_26205_ka_f_7.712_:216-1427	943	1004	1211	gi|2075900675|gb|MW727481.1|	955	1016	1518	88.710	2.34e-08	2866013	Bos taurus papillomavirus 39
SRR4201718_26205_ka_f_7.712_:216-1427	943	1004	1211	gi|2075900669|gb|MW543426.1|	925	986	1190	88.710	2.34e-08	2866012	Bos taurus papillomavirus
SRR4201718_26205_ka_f_7.712_:216-1427	943	1004	1211	gi|2075897910|gb|MW428426.1|	6221	6282	7333	88.710	2.34e-08	2866013	Bos taurus papillomavirus 39
SRR4201718_26205_ka_f_7.712_:216-1427	943	1004	1211	gi|2075897902|gb|MW428425.1|	6376	6437	7333	88.710	2.34e-08	2866013	Bos taurus papillomavirus 39
ERR5084170_1659_ka_f_33.677_L_1659_L_1659_:96-1304	1	1208	1208	gi|389885562|gb|JN211195.1|	5771	6978	7426	84.450	0.0	10607	Human papillomavirus 17
ERR5084170_1659_ka_f_33.677_L_1659_L_1659_:96-1304	2	1205	1208	gi|186461202|gb|EU410349.1|	5671	6868	7384	76.261	1.43e-174	518630	Human papillomavirus 111
ERR5084170_1659_ka_f_33.677_L_1659_L_1659_:96-1304	1	1205	1208	gi|469662959|emb|HF930491.1|	5486	6687	7359	75.822	5.21e-164	1347832	Human papillomavirus 174
ERR5084170_1659_ka_f_33.677_L_1659_L_1659_:96-1304	2	1205	1208	gi|396918|emb|X74467.1|	5652	6876	7439	71.186	4.64e-65	31546	Human papillomavirus type 14D
ERR5084170_1659_ka_f_33.677_L_1659_L_1659_:96-1304	955	1205	1208	gi|499137123|emb|HF970576.1|	5	255	373	78.346	2.25e-33	10566	Human papillomavirus
SRR17247091_3604_ka_f_296.960_L_9661_L_14864_L_41109_:174-1382	1	1208	1208	gi|2183431454|gb|OL704823.1|	7364	8571	8872	100.000	0.0	2911886	Molossus molossus papillomavirus type 2
SRR17247091_3604_ka_f_296.960_L_9661_L_14864_L_41109_:174-1382	1	1193	1208	gi|1571847261|ref|NC_040787.1|	5924	7119	7869	81.059	0.0	1959848	Molossus molossus papillomavirus 1
SRR17247091_3604_ka_f_296.960_L_9661_L_14864_L_41109_:174-1382	1	756	1208	gi|2183431473|gb|OL704825.1|	7409	8161	8923	75.654	1.60e-94	2911885	Eumops bonariensis papillomavirus type 2
SRR17247091_3604_ka_f_296.960_L_9661_L_14864_L_41109_:174-1382	940	1003	1208	gi|2710392147|tpg|BK066590.1|	7121	7184	8085	87.692	8.40e-08	3117000	Papillomavirus rhinolophus8112
SRR2063943_1185_ka_f_218.745_L_106171_L_106172_L_10399_:81-1289	1	1208	1208	gi|2710392147|tpg|BK066590.1|	6197	7404	8085	100.000	0.0	3117000	Papillomavirus rhinolophus8112
SRR2063943_1185_ka_f_218.745_L_106171_L_106172_L_10399_:81-1289	1	990	1208	gi|2569235971|gb|OR427310.1|	5304	6296	7978	72.861	3.54e-76	2809408	Firstpapillomavirinae sp.
SRR2063943_1185_ka_f_218.745_L_106171_L_106172_L_10399_:81-1289	132	260	1208	gi|1571847261|ref|NC_040787.1|	6067	6195	7869	77.692	6.49e-09	1959848	Molossus molossus papillomavirus 1
SRR2063943_1185_ka_f_218.745_L_106171_L_106172_L_10399_:81-1289	925	988	1208	gi|2183431454|gb|OL704823.1|	8303	8366	8872	87.692	8.40e-08	2911886	Molossus molossus papillomavirus type 2
SRR2063943_1185_ka_f_218.745_L_106171_L_106172_L_10399_:81-1289	682	719	1208	gi|2075897872|gb|MW404257.1|	5925	5962	7186	94.737	0.002	2866039	Bos taurus papillomavirus 35
SRR21974026_749998_ka_f_15.960_L_310508_:126-1334	1	1205	1208	gi|1273499364|gb|MF588724.1|	5271	6475	7272	86.330	0.0	1513260	Gammapapillomavirus 15
SRR21974026_749998_ka_f_15.960_L_310508_:126-1334	1	1205	1208	gi|1559669440|gb|MH777276.2|	5268	6472	7269	86.187	0.0	10566	Human papillomavirus
SRR21974026_749998_ka_f_15.960_L_310508_:126-1334	17	1205	1208	gi|389656400|ref|NC_017993.1|	5388	6572	7293	75.415	8.85e-152	1070408	Human papillomavirus 135
SRR21974026_749998_ka_f_15.960_L_310508_:126-1334	115	543	1208	gi|11067078|gb|AY009879.1|	12	440	440	87.007	1.18e-130	10566	Human papillomavirus
SRR21974026_749998_ka_f_15.960_L_310508_:126-1334	148	527	1208	gi|6694904|gb|AF217673.1|AF217673	44	421	437	81.102	3.54e-76	10566	Human papillomavirus
SRR10002895_29493_ka_f_10.308_:117-1325	104	545	1208	gi|29027723|gb|AY217121.1|	1	444	444	98.198	0.0	181667	Lambdapapillomavirus 1
SRR10002895_29493_ka_f_10.308_:117-1325	894	950	1208	gi|1144332172|gb|KX781287.1|	6369	6423	7375	92.982	5.02e-10	10566	Human papillomavirus
SRR10002895_29493_ka_f_10.308_:117-1325	894	950	1208	gi|343411593|gb|HM999997.1|	6369	6423	7375	92.982	5.02e-10	1070418	Human papillomavirus 145
SRR12091766_1757_ka_f_41.192_L_1757_L_1757_:75-1283	1	1208	1208	gi|1571842580|ref|NC_040655.1|	5326	6533	7408	100.000	0.0	2364645	Macaca mulatta papillomavirus 5
SRR12091766_1757_ka_f_41.192_L_1757_L_1757_:75-1283	142	735	1208	gi|312100|emb|X70829.1|	5518	6111	7308	71.522	1.37e-25	28312	Human papillomavirus 65
SRR12694846_1322770_ka_f_909.011_L_1496445_L_1163554_:105-1313	1	1205	1208	gi|1480688460|gb|MH777263.1|	5240	6447	7241	81.074	0.0	10566	Human papillomavirus
SRR12694846_1322770_ka_f_909.011_L_1496445_L_1163554_:105-1313	1	1205	1208	gi|371486228|gb|JF966376.1|	5330	6540	7219	78.805	0.0	10566	Human papillomavirus
SRR12694846_1322770_ka_f_909.011_L_1496445_L_1163554_:105-1313	24	1205	1208	gi|1559669406|gb|MH777243.2|	5255	6439	7218	72.667	3.44e-96	10566	Human papillomavirus
SRR12694846_1322770_ka_f_909.011_L_1496445_L_1163554_:105-1313	4	1205	1208	gi|1480687913|gb|MH777184.1|	5231	6438	7256	71.031	4.64e-65	10566	Human papillomavirus
SRR12694846_1322770_ka_f_909.011_L_1496445_L_1163554_:105-1313	25	1205	1208	gi|1480688227|gb|MH777228.1|	5200	6371	7258	70.744	6.13e-49	10566	Human papillomavirus
SRR26458553_28983_ka_f_21.565_:72-1277	1	1205	1205	gi|1559669511|gb|MH777353.2|	5350	6554	7334	86.518	0.0	10566	Human papillomavirus
SRR26458553_28983_ka_f_21.565_:72-1277	1	1205	1205	gi|1559669467|gb|MH777303.2|	5359	6563	7329	86.104	0.0	10566	Human papillomavirus
SRR26458553_28983_ka_f_21.565_:72-1277	1	1205	1205	gi|1571847446|ref|NC_040806.1|	5350	6554	7328	85.927	0.0	2049444	Gammapapillomavirus sp.
SRR26458553_28983_ka_f_21.565_:72-1277	104	537	1205	gi|89574367|gb|DQ418470.1|	1	434	434	98.618	0.0	10566	Human papillomavirus
SRR26458553_28983_ka_f_21.565_:72-1277	184	549	1205	gi|512390643|gb|KC752079.1|	1	366	377	87.158	1.21e-110	10566	Human papillomavirus
SRR5447154_114_ka_f_19.439_L_114_L_114_:81-1283	1	1202	1202	gi|2710393582|tpg|BK066751.1|	5365	6566	7470	100.000	0.0	3117004	Papillomavirus sorex7569
SRR5447154_114_ka_f_19.439_L_114_L_114_:81-1283	875	977	1202	gi|1464311064|ref|NC_039036.1|	6581	6683	7688	82.692	8.30e-13	1922325	Giraffa camelopardalis papillomavirus 1
SRR5447154_114_ka_f_19.439_L_114_L_114_:81-1283	853	945	1202	gi|2710394021|tpg|BK066797.1|	6856	6948	8196	81.915	6.46e-09	3117007	Papillomavirus sousa8206
SRR5447154_114_ka_f_19.439_L_114_L_114_:81-1283	853	936	1202	gi|2699892932|gb|OR952845.1|	2717	2801	4779	82.558	3.00e-07	2004707	Bat papillomavirus
SRR5447154_114_ka_f_19.439_L_114_L_114_:81-1283	883	984	1202	gi|161622648|ref|NC_010107.1|	3152	3253	7295	79.808	3.00e-07	479058	Bandicoot papillomatosis carcinomatosis virus type 1
SRR7734129_5_ka_f_18.455_L_5_L_5_:54-1256	1	1202	1202	gi|1197991034|gb|KX434764.1|	5708	6909	7180	99.834	0.0	2004707	Bat papillomavirus
ERR4982086_9616_ka_f_19.944_L_9616_L_9616_:63-1262	1	1182	1199	gi|1559669491|gb|MH777328.2|	5260	6441	7330	74.687	2.49e-137	10566	Human papillomavirus
ERR4982086_9616_ka_f_19.944_L_9616_L_9616_:63-1262	22	773	1199	gi|358356460|ref|NC_016157.1|	5342	6090	7326	73.650	5.92e-69	1055684	Human papillomavirus 126
ERR4982086_9616_ka_f_19.944_L_9616_L_9616_:63-1262	55	945	1199	gi|1559669322|gb|MH777170.2|	5318	6193	7238	70.879	1.73e-34	10566	Human papillomavirus
ERR4982086_9616_ka_f_19.944_L_9616_L_9616_:63-1262	447	488	1199	gi|512390623|gb|KC752069.1|	255	296	377	90.476	0.030	10566	Human papillomavirus
SRR25288772_849_ka_f_30.102_L_382650_L_410344_L_855875_:138-1340	1	1196	1202	gi|2710392147|tpg|BK066590.1|	6197	7398	8085	76.010	8.62e-167	3117000	Papillomavirus rhinolophus8112
SRR26324875_0_ka_f_80.714_L_0_L_0_:78-1280	1	1202	1202	gi|2623646529|gb|OR734654.1|	5456	6657	7452	100.000	0.0	3095225	Varecia rubra papillomavirus 1
SRR5040902_5609_ka_f_13.763_:117-1319	1	1202	1202	gi|1147809814|ref|NC_033740.1|	5739	6940	7958	100.000	0.0	1335476	Eidolon helvum papillomavirus 2
SRR12366683_31186_ka_f_73.897_L_88523_L_88524_L_88525_L_88526_:462-1661	1	1199	1199	gi|2500406703|gb|OP748391.1|	5613	6811	7624	100.000	0.0	3044441	Firstpapillomavirinae PV-HMU-1
SRR25288535_46_ka_f_23.142_L_46_L_46_:102-1301	853	983	1199	gi|1059198238|ref|NC_030799.1|	6141	6271	7253	79.851	2.30e-13	1887217	Bos taurus papillomavirus 19
SRR25288535_46_ka_f_23.142_L_46_L_46_:102-1301	134	251	1199	gi|1464308903|ref|NC_038519.1|	5727	5844	7531	77.966	8.33e-08	1195364	Miniopterus schreibersii papillomavirus 1
SRR25288535_46_ka_f_23.142_L_46_L_46_:102-1301	136	232	1199	gi|1334609528|gb|MG571090.1|	5494	5590	7502	78.351	1.80e-04	2077302	Leptonychotes weddellii papillomavirus 1
SRR25288535_46_ka_f_23.142_L_46_L_46_:102-1301	136	232	1199	gi|1347732187|ref|NC_037061.1|	5494	5590	7502	78.351	1.80e-04	2077302	Leptonychotes weddellii papillomavirus 1
SRR26395417_738037_ka_f_198.467_L_738037_L_738037_:138-1337	450	581	1199	gi|66866332|gb|DQ003074.1|	458	588	726	78.358	4.98e-10	10593	human papillomavirus 45
SRR26395417_738037_ka_f_198.467_L_738037_L_738037_:138-1337	151	232	1199	gi|1559669693|gb|MH777211.2|	4223	4304	7244	82.927	8.33e-08	10566	Human papillomavirus
SRR26638132_5153_ka_f_15.550_L_238096_L_505805_L_599930_:69-1268	1	1199	1199	gi|870702416|gb|KP692114.1|	5180	6378	7137	94.996	0.0	1682339	human papillomavirus 200
SRR26638132_5153_ka_f_15.550_L_238096_L_505805_L_599930_:69-1268	1	1199	1199	gi|1559669422|gb|MH777258.2|	5171	6369	7128	86.250	0.0	10566	Human papillomavirus
SRR26638132_5153_ka_f_15.550_L_238096_L_505805_L_599930_:69-1268	1	1196	1199	gi|1559669339|gb|MH777187.2|	5189	6381	7135	81.099	0.0	10566	Human papillomavirus
SRR26638132_5153_ka_f_15.550_L_238096_L_505805_L_599930_:69-1268	1	1193	1199	gi|1483237223|gb|MH972557.1|	5192	6381	7167	80.250	0.0	10566	Human papillomavirus
SRR26638132_5153_ka_f_15.550_L_238096_L_505805_L_599930_:69-1268	527	920	1199	gi|1296553|emb|X89884.1|	2	395	413	88.579	1.51e-129	10566	Human papillomavirus
SRR17481190_13325_ka_f_16.783_:51-1250	1	1199	1199	gi|218685637|ref|NC_011765.1|	6754	7952	8256	89.491	0.0	445217	Erinaceus europaeus papillomavirus 1
SRR17481190_13325_ka_f_16.783_:51-1250	290	735	1199	gi|1559669350|gb|MH777195.2|	5520	5962	7211	72.566	1.36e-25	10566	Human papillomavirus
SRR17481190_13325_ka_f_16.783_:51-1250	853	996	1199	gi|138375013|gb|EF177190.1|	6524	6667	7816	77.931	2.98e-12	37119	human papillomavirus 66
SRR17481190_13325_ka_f_16.783_:51-1250	376	434	1199	gi|512390681|gb|KC752098.1|	190	248	377	88.525	1.08e-06	10566	Human papillomavirus
SRR23311311_6058_ka_f_35.085_L_6058_L_6058_:201-1400	1	1199	1199	gi|1480688371|gb|MH777249.1|	5267	6465	7260	99.917	0.0	10566	Human papillomavirus
SRR23311311_6058_ka_f_35.085_L_6058_L_6058_:201-1400	1	1199	1199	gi|1559669757|gb|MH777356.2|	5249	6447	7304	81.667	0.0	10566	Human papillomavirus
SRR23311311_6058_ka_f_35.085_L_6058_L_6058_:201-1400	1	1199	1199	gi|1480688182|gb|MH777222.1|	5255	6453	7271	78.501	0.0	10566	Human papillomavirus
SRR23311311_6058_ka_f_35.085_L_6058_L_6058_:201-1400	1	1169	1199	gi|1273499412|gb|MF588730.1|	5255	6423	7292	77.373	0.0	1513263	Gammapapillomavirus 18
SRR23311311_6058_ka_f_35.085_L_6058_L_6058_:201-1400	1	1169	1199	gi|1559669609|gb|MH777254.2|	5255	6423	7292	77.288	0.0	10566	Human papillomavirus
SRR25288745_195054_ka_f_12.522_L_100283_:138-1340	1	1196	1202	gi|2710392147|tpg|BK066590.1|	6197	7398	8085	79.555	0.0	3117000	Papillomavirus rhinolophus8112
SRR25288745_195054_ka_f_12.522_L_100283_:138-1340	133	203	1202	gi|2718284535|gb|PP410048.1|	2005	1935	8323	84.507	1.08e-06	3140014	Rhinolophus ferrumequinum papillomavirus 2
SRR25288745_195054_ka_f_12.522_L_100283_:138-1340	370	428	1202	gi|2462484678|gb|ON932811.1|	403	461	1476	84.746	0.002	2050020	Rodent papillomavirus
SRR25288745_195054_ka_f_12.522_L_100283_:138-1340	697	734	1202	gi|2699892763|gb|OR952807.1|	5424	5462	8485	92.308	0.11	3127950	Rhinolophus bat papillomavirus 1
SRR25288745_195054_ka_f_12.522_L_100283_:138-1340	682	719	1202	gi|2075897872|gb|MW404257.1|	5925	5962	7186	92.105	0.11	2866039	Bos taurus papillomavirus 35
ERR2402892_333014_ka_f_22.162_L_333014_L_333014_:72-1274	1	1202	1202	gi|2710388984|tpg|BK066321.1|	4168	5369	5768	100.000	0.0	3116963	Papillomavirus gadus5887
ERR2402892_333014_ka_f_22.162_L_333014_L_333014_:72-1274	736	764	1202	gi|2635612741|emb|OY979683.1|	4934795	4934767	19987593	100.000	0.11	882792	Luperina nickerlii
SRR10682323_6652_ka_f_15.273_L_1597_L_1597_:108-1310	1	1202	1202	gi|2710390281|tpg|BK066395.1|	5250	6451	7260	83.679	0.0	3116975	Papillomavirus homo8923
SRR10682323_6652_ka_f_15.273_L_1597_L_1597_:108-1310	1	1199	1202	gi|389656400|ref|NC_017993.1|	5371	6572	7293	78.548	0.0	1070408	Human papillomavirus 135
SRR10682323_6652_ka_f_15.273_L_1597_L_1597_:108-1310	106	517	1202	gi|353441676|gb|JF906539.1|	1	411	411	93.932	2.38e-172	10566	Human papillomavirus
SRR10682323_6652_ka_f_15.273_L_1597_L_1597_:108-1310	187	554	1202	gi|512390701|gb|KC752108.1|	1	368	374	96.467	1.85e-168	10566	Human papillomavirus
SRR10682323_6652_ka_f_15.273_L_1597_L_1597_:108-1310	104	537	1202	gi|89574371|gb|DQ418472.1|	1	434	434	88.710	4.12e-145	10566	Human papillomavirus
SRR26848456_1258_ka_f_225.054_L_1258_L_1258_:141-1346	1	1202	1205	gi|343411537|gb|HM999990.1|	5325	6526	7353	83.624	0.0	1070411	Human papillomavirus 138
SRR26848456_1258_ka_f_225.054_L_1258_L_1258_:141-1346	1	1202	1205	gi|1559669658|gb|MH777355.2|	5318	6522	7386	80.480	0.0	10566	Human papillomavirus
SRR26848456_1258_ka_f_225.054_L_1258_L_1258_:141-1346	1	1205	1205	gi|1273499197|gb|MF588703.1|	5314	6515	7410	79.967	0.0	1175849	Gammapapillomavirus 7
SRR26848456_1258_ka_f_225.054_L_1258_L_1258_:141-1346	1	1202	1205	gi|343411545|gb|HM999991.1|	5317	6521	7360	79.984	0.0	1070412	Human papillomavirus 139
SRR26848456_1258_ka_f_225.054_L_1258_L_1258_:141-1346	104	534	1205	gi|28864490|gb|AY204684.1|	1	431	431	99.768	0.0	10566	Human papillomavirus
SRR4201715_11_ka_f_20.206_L_100126_L_98730_:162-1367	3	1205	1205	gi|1571847261|ref|NC_040787.1|	5926	7134	7869	76.891	0.0	1959848	Molossus molossus papillomavirus 1
SRR4201715_11_ka_f_20.206_L_100126_L_98730_:162-1367	4	1191	1205	gi|2183431454|gb|OL704823.1|	7367	8557	8872	76.578	3.06e-176	2911886	Molossus molossus papillomavirus type 2
SRR4201715_11_ka_f_20.206_L_100126_L_98730_:162-1367	3	1199	1205	gi|2183431473|gb|OL704825.1|	7411	8604	8923	73.675	1.54e-119	2911885	Eumops bonariensis papillomavirus type 2
SRR4201715_11_ka_f_20.206_L_100126_L_98730_:162-1367	1	290	1205	gi|2737909608|gb|PP711987.1|	6203	6504	8115	75.987	2.26e-28	3141892	Mops bat papillomavirus
SRR4201715_11_ka_f_20.206_L_100126_L_98730_:162-1367	913	1026	1205	gi|2075897841|gb|MW393861.1|	931	1045	1518	79.310	6.47e-09	714200	Bos taurus papillomavirus 11
SRR7687706_223_ka_f_33.766_L_20312_L_18038_:0-1205	1	1202	1205	gi|396924|emb|X74468.1|	5754	6955	7412	89.395	0.0	10606	Human papillomavirus 15
SRR7687706_223_ka_f_33.766_L_20312_L_18038_:0-1205	1	1205	1205	gi|1144332172|gb|KX781287.1|	5483	6684	7375	87.984	0.0	10566	Human papillomavirus
SRR7687706_223_ka_f_33.766_L_20312_L_18038_:0-1205	1	1205	1205	gi|343411593|gb|HM999997.1|	5483	6684	7375	87.901	0.0	1070418	Human papillomavirus 145
SRR7687706_223_ka_f_33.766_L_20312_L_18038_:0-1205	1	1202	1205	gi|1144332013|gb|KX781286.1|	5570	6771	7427	83.485	0.0	10566	Human papillomavirus
SRR7687706_223_ka_f_33.766_L_20312_L_18038_:0-1205	1	1202	1205	gi|2911565|emb|Y15176.1|	5769	6970	7427	83.402	0.0	69987	Human papillomavirus 80
SRR13789912_29274_ka_f_18.312_L_29274_L_29274_:72-1274	9	1199	1202	gi|1653972940|gb|MK620832.1|	5195	6385	6776	77.051	0.0	1513257	Gammapapillomavirus 12
SRR13789912_29274_ka_f_18.312_L_29274_L_29274_:72-1274	9	1199	1202	gi|1559669288|gb|MH777349.2|	5166	6356	7110	77.051	0.0	10566	Human papillomavirus
SRR13789912_29274_ka_f_18.312_L_29274_L_29274_:72-1274	9	1199	1202	gi|1273499325|gb|MF588719.1|	5166	6356	7110	77.051	0.0	1513257	Gammapapillomavirus 12
SRR13789912_29274_ka_f_18.312_L_29274_L_29274_:72-1274	1	1172	1202	gi|674781099|gb|KJ913662.1|	5208	6364	7184	70.781	2.82e-52	1545700	Human papillomavirus 199
SRR13789912_29274_ka_f_18.312_L_29274_L_29274_:72-1274	1	1172	1202	gi|929996745|gb|KT372348.1|	5208	6364	7184	70.697	1.31e-50	1545700	Human papillomavirus 199
SRR25288604_3121_ka_f_35.406_L_1535954_:126-1328	1	1202	1202	gi|2699893118|gb|OR952893.1|	262	1463	4876	99.917	0.0	2004707	Bat papillomavirus
SRR25288604_3121_ka_f_35.406_L_1535954_:126-1328	1	1202	1202	gi|2699892986|gb|OR952860.1|	246	1447	2754	81.059	0.0	2004707	Bat papillomavirus
SRR25288604_3121_ka_f_35.406_L_1535954_:126-1328	856	1195	1202	gi|2699892659|gb|OR952788.1|	1334	1673	3116	73.099	3.81e-21	2004707	Bat papillomavirus
SRR25288604_3121_ka_f_35.406_L_1535954_:126-1328	856	1195	1202	gi|2699892663|gb|OR952789.1|	3149	3488	7716	72.807	1.77e-19	2004707	Bat papillomavirus
SRR25288604_3121_ka_f_35.406_L_1535954_:126-1328	68	276	1202	gi|2389031773|tpg|BK062776.1|	233	438	1664	76.555	6.37e-19	2990447	Manis javanica papillomavirus 1
SRR25288616_24264_ka_f_34.714_L_10978_L_257429_L_282283_:54-1256	4	1202	1202	gi|2699892625|gb|OR952779.1|	211	1403	1493	77.851	0.0	2004707	Bat papillomavirus
SRR13790119_931_ka_f_41.180_L_931_L_931_:87-1289	1	1202	1202	gi|1559669382|gb|MH777219.2|	5451	6653	7349	97.423	0.0	10566	Human papillomavirus
SRR13790119_931_ka_f_41.180_L_931_L_931_:87-1289	1	1202	1202	gi|1273499340|gb|MF588721.1|	5210	6409	7240	81.690	0.0	1513258	Gammapapillomavirus 13
SRR13790119_931_ka_f_41.180_L_931_L_931_:87-1289	1	1202	1202	gi|1559669752|gb|MH777354.2|	5210	6409	7241	81.509	0.0	10566	Human papillomavirus
SRR13790119_931_ka_f_41.180_L_931_L_931_:87-1289	139	591	1202	gi|1480687750|gb|MH777161.1|	5436	5888	7351	71.058	6.41e-14	10566	Human papillomavirus
SRR13790119_931_ka_f_41.180_L_931_L_931_:87-1289	25	582	1202	gi|1144331863|gb|KX781284.1|	5284	5841	7281	70.191	6.46e-09	10566	Human papillomavirus
SRR19174522_234245_ka_f_33.027_L_234245_L_234245_:138-1340	517	780	1202	gi|1480688942|gb|MH777335.1|	5766	6029	7275	72.963	1.39e-10	10566	Human papillomavirus
SRR19174522_234245_ka_f_33.027_L_234245_L_234245_:138-1340	517	780	1202	gi|1031620582|gb|KR816177.1|	5766	6029	7275	72.963	1.39e-10	1851215	Human papillomavirus type 190
SRR19174522_234245_ka_f_33.027_L_234245_L_234245_:138-1340	517	780	1202	gi|2724609770|gb|PP718699.1|	6089	6352	7598	72.963	1.39e-10	1851215	Human papillomavirus type 190
SRR19174522_234245_ka_f_33.027_L_234245_L_234245_:138-1340	149	215	1202	gi|575073726|emb|HG793925.1|	5865	5932	8031	85.507	3.89e-06	31552	Human papillomavirus type 6
SRR19174522_234245_ka_f_33.027_L_234245_L_234245_:138-1340	149	215	1202	gi|575072837|emb|HG793836.1|	5865	5932	8031	85.507	3.89e-06	31552	Human papillomavirus type 6
SRR22102846_7587_ka_f_17.553_L_7587_L_1504_L_7587_:162-1364	1	1202	1202	gi|2416400544|gb|OP721228.1|	163	1364	1659	99.667	0.0	10566	Human papillomavirus
SRR22102846_7587_ka_f_17.553_L_7587_L_1504_L_7587_:162-1364	1	1202	1202	gi|1898670621|emb|LR861990.1|	5085	6286	7315	87.365	0.0	10566	Human papillomavirus
SRR22102846_7587_ka_f_17.553_L_7587_L_1504_L_7587_:162-1364	1	1202	1202	gi|1898670952|emb|LR862036.1|	5082	6283	7313	87.282	0.0	10566	Human papillomavirus
SRR22102846_7587_ka_f_17.553_L_7587_L_1504_L_7587_:162-1364	1	1202	1202	gi|2422053184|gb|OP971015.1|	5523	6724	7318	87.282	0.0	3003860	human papillomavirus 226
SRR22102846_7587_ka_f_17.553_L_7587_L_1504_L_7587_:162-1364	1	1202	1202	gi|1559669374|gb|MH777213.2|	5518	6719	7313	87.199	0.0	10566	Human papillomavirus
SRR15899493_12438_ka_f_39.066_L_12438_L_12438_:78-1307	1	1226	1229	gi|225927568|ref|NC_012486.1|	5499	6724	7227	80.113	0.0	915427	human papillomavirus 112
SRR15899493_12438_ka_f_39.066_L_12438_L_12438_:78-1307	1	1226	1229	gi|1559669350|gb|MH777195.2|	5225	6450	7211	79.886	0.0	10566	Human papillomavirus
SRR15899493_12438_ka_f_39.066_L_12438_L_12438_:78-1307	1	1226	1229	gi|557825766|gb|KC862317.1|	5608	6836	7204	79.190	0.0	1420544	human papillomavirus 168
SRR15899493_12438_ka_f_39.066_L_12438_L_12438_:78-1307	1	1224	1229	gi|1559669528|gb|MH777371.2|	5237	6462	7228	78.687	0.0	10566	Human papillomavirus
SRR15899493_12438_ka_f_39.066_L_12438_L_12438_:78-1307	1	1226	1229	gi|409183113|gb|JX413106.1|	5337	6562	7233	78.257	0.0	1315261	human papillomavirus 164
SRR18883118_25401_ka_f_11.714_L_25401_L_25401_:78-1307	1	1229	1229	gi|1559669337|gb|MH777186.2|	5240	6468	7222	95.769	0.0	10566	Human papillomavirus
SRR18883118_25401_ka_f_11.714_L_25401_L_25401_:78-1307	1	1226	1229	gi|2710391279|tpg|BK066485.1|	5287	6512	7253	80.016	0.0	3116972	Papillomavirus homo7372
SRR18883118_25401_ka_f_11.714_L_25401_L_25401_:78-1307	1	1226	1229	gi|225927568|ref|NC_012486.1|	5498	6724	7227	79.661	0.0	915427	human papillomavirus 112
SRR18883118_25401_ka_f_11.714_L_25401_L_25401_:78-1307	104	543	1229	gi|6694908|gb|AF217675.1|AF217675	1	440	440	99.773	0.0	10566	Human papillomavirus
SRR18883118_25401_ka_f_11.714_L_25401_L_25401_:78-1307	1	1226	1229	gi|409183113|gb|JX413106.1|	5337	6562	7233	78.490	0.0	1315261	human papillomavirus 164
SRR22462890_1948636_ka_f_984.128_L_15757181_L_5055733_:93-1322	1	1229	1229	gi|1031620512|gb|KR816167.1|	5235	6463	7226	99.593	0.0	1851122	Human papillomavirus type 176
SRR22462890_1948636_ka_f_984.128_L_15757181_L_5055733_:93-1322	1	1229	1229	gi|1480687722|gb|MH777157.1|	5235	6463	7226	99.512	0.0	10566	Human papillomavirus
SRR22462890_1948636_ka_f_984.128_L_15757181_L_5055733_:93-1322	104	542	1229	gi|89574379|gb|DQ418476.1|	1	439	440	99.317	0.0	10566	Human papillomavirus
SRR22462890_1948636_ka_f_984.128_L_15757181_L_5055733_:93-1322	1	1229	1229	gi|1559669358|gb|MH777202.2|	5237	6465	7236	77.265	0.0	10566	Human papillomavirus
SRR22462890_1948636_ka_f_984.128_L_15757181_L_5055733_:93-1322	1	1214	1229	gi|343411609|gb|HM999999.1|	5237	6447	7224	76.754	0.0	1070420	human papillomavirus 147
ERR2850639_484271_ka_f_25.795_L_484271_L_484271_:72-1301	1	1226	1229	gi|2710388984|tpg|BK066321.1|	4168	5366	5768	88.780	0.0	3116963	Papillomavirus gadus5887
ERR2850639_484271_ka_f_25.795_L_484271_L_484271_:72-1301	763	791	1229	gi|2635612741|emb|OY979683.1|	4934795	4934767	19987593	100.000	0.11	882792	Luperina nickerlii
SRR25288684_1262_ka_f_23.602_L_454327_L_604740_:54-1283	1	1229	1229	gi|2699893079|gb|OR952882.1|	494	1713	2085	73.200	2.67e-107	3113749	Taphozous bat papillomavirus 1
SRR25288684_1262_ka_f_23.602_L_454327_L_604740_:54-1283	1116	1157	1229	gi|379059601|ref|NC_016898.1|	7462	7503	7855	92.857	6.66e-04	1144379	Trichechus manatus latirostris papillomavirus 2
SRR11429435_3434_ka_f_179.895_L_9703_L_50332_:99-1325	1	1226	1226	gi|1774095369|gb|MN329804.1|	5832	7057	8251	100.000	0.0	2664215	Tadarida brasiliensis papillomavirus 1
SRR11429435_3434_ka_f_179.895_L_9703_L_50332_:99-1325	1	1226	1226	gi|2211631622|gb|MW922428.1|	6594	7816	8093	80.551	0.0	2928390	Tadarida brasiliensis papillomavirus 3
SRR11429435_3434_ka_f_179.895_L_9703_L_50332_:99-1325	555	617	1226	gi|685511394|ref|NC_024893.1|	6611	6673	7589	85.938	1.43e-05	1036963	Apodemus sylvaticus papillomavirus 1
SRR11429435_3434_ka_f_179.895_L_9703_L_50332_:99-1325	555	606	1226	gi|1559669766|gb|MH972560.2|	5076	5127	6646	88.462	1.85e-04	10566	Human papillomavirus
SRR11429435_3434_ka_f_179.895_L_9703_L_50332_:99-1325	555	606	1226	gi|2710389705|tpg|BK066346.1|	5859	5910	7429	88.462	1.85e-04	3116974	Papillomavirus homo7570
SRR19115560_2307_ka_f_39.696_:54-1280	138	211	1226	gi|1559669294|gb|MH777154.2|	5380	5453	7226	81.333	0.002	10566	Human papillomavirus
SRR19115560_2307_ka_f_39.696_:54-1280	138	211	1226	gi|1273499491|gb|MF588740.1|	5380	5453	7226	81.333	0.002	1961679	Gammapapillomavirus 22
SRR19115560_2307_ka_f_39.696_:54-1280	139	170	1226	gi|406657654|gb|JX316022.1|	35	66	204	96.875	0.11	10566	Human papillomavirus
SRR24905768_28160_ka_f_8.635_:78-1304	1	1226	1226	gi|1297870592|gb|MF509817.1|	5214	6439	7208	99.592	0.0	2060136	Human papillomavirus type 212
SRR24905768_28160_ka_f_8.635_:78-1304	1	1226	1226	gi|389656432|ref|NC_017997.1|	5202	6427	7271	83.130	0.0	1070417	Human papillomavirus 144
SRR24905768_28160_ka_f_8.635_:78-1304	147	546	1226	gi|1185315482|gb|KY063001.1|	1	400	400	100.000	0.0	10566	Human papillomavirus
SRR24905768_28160_ka_f_8.635_:78-1304	894	1026	1226	gi|1559669445|gb|MH777280.2|	6058	6190	7162	81.955	1.81e-19	10566	Human papillomavirus
SRR24905768_28160_ka_f_8.635_:78-1304	855	998	1226	gi|2374019992|gb|OP712101.1|	6551	6694	7836	75.342	1.43e-05	10592	human papillomavirus 44
SRR26848413_15197_ka_f_574.975_L_15197_L_15197_:78-1307	1	1229	1229	gi|1480687874|gb|MH777179.1|	5240	6468	7221	100.000	0.0	10566	Human papillomavirus
SRR26848413_15197_ka_f_574.975_L_15197_L_15197_:78-1307	1	1229	1229	gi|922073265|ref|NC_027779.1|	5240	6468	7320	99.919	0.0	10566	Human papillomavirus
SRR26848413_15197_ka_f_574.975_L_15197_L_15197_:78-1307	1	1217	1229	gi|1559669528|gb|MH777371.2|	5237	6456	7228	77.480	0.0	10566	Human papillomavirus
SRR26848413_15197_ka_f_574.975_L_15197_L_15197_:78-1307	1	1217	1229	gi|1559669350|gb|MH777195.2|	5225	6441	7211	77.073	0.0	10566	Human papillomavirus
SRR26848413_15197_ka_f_574.975_L_15197_L_15197_:78-1307	1	1217	1229	gi|557825766|gb|KC862317.1|	5608	6827	7204	76.873	0.0	1420544	human papillomavirus 168
SRR4332828_6_ka_f_5.865_:6-1235	1	1229	1229	gi|2710395175|tpg|BK066894.1|	4005	5233	5716	99.919	0.0	3116993	Papillomavirus rana5702
SRR5832142_152_ka_f_199.980_L_56780_L_56780_:87-1316	1	1229	1229	gi|2069601150|gb|MH617143.2|	4412	5640	5896	100.000	0.0	2683333	Melanogrammus aeglefinus-associated papillomavirus 1
SRR5832142_152_ka_f_199.980_L_56780_L_56780_:87-1316	908	1022	1229	gi|2710393519|tpg|BK066746.1|	5488	5602	6144	79.310	1.84e-09	3117010	Papillomavirus xiphophorus6144
SRR5832142_152_ka_f_199.980_L_56780_L_56780_:87-1316	571	686	1229	gi|2710390775|tpg|BK066436.1|	4995	5110	5936	77.311	5.14e-05	3116959	Papillomavirus cynoglossus6077
SRR20078264_4021_ka_f_10.293_L_4021_L_4021_:66-1346	1023	1050	1280	gi|2575751850|emb|OX596004.2|	37930306	37930333	41279904	100.000	0.42	7283	Drosophila phalerata
SRR20078264_4021_ka_f_10.293_L_4021_L_4021_:66-1346	1023	1050	1280	gi|2085118163|ref|XM_043209175.1|	2543	2516	3422	100.000	0.42	30025	Drosophila ficusphila
SRR20078264_4021_ka_f_10.293_L_4021_L_4021_:66-1346	1023	1050	1280	gi|2085118160|ref|XM_043209174.1|	2333	2306	3213	100.000	0.42	30025	Drosophila ficusphila
SRR20078264_4021_ka_f_10.293_L_4021_L_4021_:66-1346	1023	1050	1280	gi|2085118158|ref|XM_043209173.1|	2144	2117	3022	100.000	0.42	30025	Drosophila ficusphila
SRR20078264_4021_ka_f_10.293_L_4021_L_4021_:66-1346	1023	1050	1280	gi|2085118156|ref|XM_043209172.1|	2168	2141	3051	100.000	0.42	30025	Drosophila ficusphila
SRR24725051_117114_ka_f_11.573_L_6115604_L_1268227_:18-1334	980	1008	1316	gi|2845992484|emb|OZ200736.1|	13315150	13315122	19722948	100.000	0.12	2494361	Melitaea nevadensis
SRR24725051_117114_ka_f_11.573_L_6115604_L_1268227_:18-1334	980	1008	1316	gi|2845985545|emb|OZ200535.1|	13400861	13400833	19775841	100.000	0.12	113335	Melitaea deione
SRR6473784_41693_ka_f_22.400_L_41693_L_41693_:63-1328	1	1265	1265	gi|2710390418|tpg|BK066408.1|	3934	5198	5734	100.000	0.0	3116958	Papillomavirus coryphaenoides5875
SRR6473784_41693_ka_f_22.400_L_41693_L_41693_:63-1328	368	395	1265	gi|2725058883|ref|XM_064893725.1|	200	227	2541	100.000	0.41	1268659	Kwoniella botswanensis
SRR6473784_41693_ka_f_22.400_L_41693_L_41693_:63-1328	368	395	1265	gi|2689368867|emb|OZ019951.1|	1655781	1655754	6544478	100.000	0.41	37505	Theonella swinhoei
SRR6473784_41693_ka_f_22.400_L_41693_L_41693_:63-1328	369	396	1265	gi|2672450699|emb|OY998243.1|	27903625	27903598	78572207	100.000	0.41	164435	Cornus suecica
SRR6473784_41693_ka_f_22.400_L_41693_L_41693_:63-1328	368	395	1265	gi|2670337961|gb|CP144097.1|	441696	441669	2196128	100.000	0.41	1268659	Kwoniella botswanensis
SRR8104729_654_ka_f_10.096_L_654_L_654_:90-1328	17	48	1238	gi|2710395175|tpg|BK066894.1|	4021	4052	5716	96.875	0.11	3116993	Papillomavirus rana5702
SRR19174533_28675_ka_f_31.607_L_28675_L_28675_L_2154721_:93-1325	133	323	1232	gi|1464311288|ref|NC_039086.1|	5404	5594	7268	75.258	1.10e-11	1851130	Human papillomavirus 187
SRR19174533_28675_ka_f_31.607_L_28675_L_28675_L_2154721_:93-1325	133	323	1232	gi|6694872|gb|AF217657.1|AF217657	39	229	443	75.258	1.10e-11	10566	Human papillomavirus
SRR19174533_28675_ka_f_31.607_L_28675_L_28675_L_2154721_:93-1325	133	323	1232	gi|1559669618|gb|MH777282.2|	5404	5594	7268	74.742	5.12e-10	10566	Human papillomavirus
SRR19174533_28675_ka_f_31.607_L_28675_L_28675_L_2154721_:93-1325	1066	1217	1232	gi|343411569|gb|HM999994.1|	6360	6511	7374	75.325	1.11e-06	1070415	Human papillomavirus 142
SRR24580100_0_ka_f_89.023_L_0_L_0_:123-1361	1	1238	1238	gi|1334609528|gb|MG571090.1|	5347	6584	7502	100.000	0.0	2077302	Leptonychotes weddellii papillomavirus 1
SRR24580100_0_ka_f_89.023_L_0_L_0_:123-1361	1	1238	1238	gi|1347732187|ref|NC_037061.1|	5347	6584	7502	100.000	0.0	2077302	Leptonychotes weddellii papillomavirus 1
SRR24580100_0_ka_f_89.023_L_0_L_0_:123-1361	1	1238	1238	gi|2523362121|gb|OR113682.1|	5338	6575	7475	81.577	0.0	3053748	Leptonychotes weddellii papillomavirus 9
SRR24580100_0_ka_f_89.023_L_0_L_0_:123-1361	146	262	1238	gi|2699893038|gb|OR952873.1|	1885	2001	3153	83.761	6.56e-19	2004707	Bat papillomavirus
SRR24580100_0_ka_f_89.023_L_0_L_0_:123-1361	148	263	1238	gi|2571140998|gb|OP079920.1|	4	119	428	82.906	1.10e-16	2004707	Bat papillomavirus
SRR24580103_2_ka_f_8.600_:135-1373	1	1238	1238	gi|2523362121|gb|OR113682.1|	5338	6575	7475	100.000	0.0	3053748	Leptonychotes weddellii papillomavirus 9
SRR24580103_2_ka_f_8.600_:135-1373	1	1238	1238	gi|1334609528|gb|MG571090.1|	5347	6584	7502	81.577	0.0	2077302	Leptonychotes weddellii papillomavirus 1
SRR24580103_2_ka_f_8.600_:135-1373	1	1238	1238	gi|1347732187|ref|NC_037061.1|	5347	6584	7502	81.577	0.0	2077302	Leptonychotes weddellii papillomavirus 1
SRR24580103_2_ka_f_8.600_:135-1373	884	992	1238	gi|62547913|gb|AY904724.1|	7195	7303	8103	83.486	3.95e-16	2772508	Panthera leo persica papillomavirus 1
SRR24580103_2_ka_f_8.600_:135-1373	148	262	1238	gi|1483986486|gb|MG552668.1|	138	252	817	79.130	1.85e-09	2358483	Acinonyx jubatus papillomavirus type 1
SRR11951209_2019_ka_f_41.343_L_74440_:63-1286	583	633	1223	gi|2699893041|gb|OR952874.1|	2435	2485	7764	88.235	6.62e-04	2004707	Bat papillomavirus
SRR6442906_689_ka_f_36.239_L_1644_L_19203_L_19398_:72-1286	1	1195	1214	gi|1273499689|gb|MF588773.1|	2339	3533	3533	100.000	0.0	1513257	Gammapapillomavirus 12
SRR6442906_689_ka_f_36.239_L_1644_L_19203_L_19398_:72-1286	104	537	1214	gi|15020301|gb|AY040283.1|	1	434	434	98.618	0.0	10566	Human papillomavirus
SRR6442906_689_ka_f_36.239_L_1644_L_19203_L_19398_:72-1286	138	355	1214	gi|1273499729|gb|MF588787.1|	3034	3251	4290	78.995	4.90e-30	1961681	Gammapapillomavirus 24
SRR6442906_689_ka_f_36.239_L_1644_L_19203_L_19398_:72-1286	138	355	1214	gi|1273499579|gb|MF588751.1|	5399	5616	7324	78.995	4.90e-30	1961681	Gammapapillomavirus 24
SRR6442906_689_ka_f_36.239_L_1644_L_19203_L_19398_:72-1286	875	1190	1214	gi|1559669549|gb|MH972559.2|	6141	6450	7273	75.232	3.82e-26	10566	Human papillomavirus
SRR25288499_48816_ka_f_25.940_L_1274698_L_64807_L_113055_L_149137_L_153940_:51-1265	1	1214	1214	gi|2699892682|gb|OR952793.1|	308	1521	2040	100.000	0.0	2004707	Bat papillomavirus
SRR25288499_48816_ka_f_25.940_L_1274698_L_64807_L_113055_L_149137_L_153940_:51-1265	1	1208	1214	gi|2699893133|gb|OR952897.1|	1913	3102	7346	75.307	1.93e-148	2004707	Bat papillomavirus
SRR25288499_48816_ka_f_25.940_L_1274698_L_64807_L_113055_L_149137_L_153940_:51-1265	1	1208	1214	gi|2699892638|gb|OR952785.1|	125	1314	7785	75.307	1.93e-148	2004707	Bat papillomavirus
SRR25288812_51618_ka_f_30.042_L_245218_L_20800_:81-1295	4	1199	1214	gi|2699892873|gb|OR952830.1|	330	1525	1954	76.923	0.0	2004707	Bat papillomavirus
SRR25288812_51618_ka_f_30.042_L_245218_L_20800_:81-1295	4	1199	1214	gi|2699892860|gb|OR952826.1|	258	1453	1588	76.923	0.0	2004707	Bat papillomavirus
SRR25288812_51618_ka_f_30.042_L_245218_L_20800_:81-1295	4	1199	1214	gi|2699892954|gb|OR952849.1|	3422	4617	6774	76.446	3.99e-175	2004707	Bat papillomavirus
SRR25288812_51618_ka_f_30.042_L_245218_L_20800_:81-1295	1084	1214	1214	gi|2211631622|gb|MW922428.1|	7686	7816	8093	80.153	5.01e-15	2928390	Tadarida brasiliensis papillomavirus 3
SRR25288812_51618_ka_f_30.042_L_245218_L_20800_:81-1295	919	994	1214	gi|348659024|gb|JF800658.1|	6828	6905	7828	87.179	1.08e-11	1091166	Canis familiaris papillomavirus 11
SRR9965440_640_ka_f_19.994_L_640_L_640_:36-1250	1	1214	1214	gi|356483524|gb|JN171845.1|	5249	6462	7240	91.680	0.0	1110710	human papillomavirus 153
SRR9965440_640_ka_f_19.994_L_640_L_640_:36-1250	195	572	1214	gi|512390611|gb|KC752063.1|	7	383	383	96.570	1.86e-173	10566	Human papillomavirus
SRR9965440_640_ka_f_19.994_L_640_L_640_:36-1250	50	1211	1214	gi|1026817952|gb|KU248828.1|	5310	6447	7262	74.215	7.22e-118	1846251	Papillomavirus JL74
SRR9965440_640_ka_f_19.994_L_640_L_640_:36-1250	50	1211	1214	gi|319976684|ref|NC_014952.1|	5307	6444	7259	74.215	7.22e-118	931209	human papillomavirus 128
SRR9965440_640_ka_f_19.994_L_640_L_640_:36-1250	55	1211	1214	gi|1898671113|emb|LR862055.1|	5235	6379	7096	72.720	9.75e-87	2060137	Human papillomavirus type 213
SRR25288688_181285_ka_f_12.850_L_412604_:6-1217	14	1211	1211	gi|2699893069|gb|OR952880.1|	1	1198	2844	100.000	0.0	2004707	Bat papillomavirus
SRR25288688_181285_ka_f_12.850_L_412604_:6-1217	38	1199	1211	gi|2699893018|gb|OR952869.1|	1	1165	1340	78.754	0.0	2004707	Bat papillomavirus
SRR25288726_79248_ka_f_17.972_L_715767_:102-1313	22	1211	1211	gi|2699893069|gb|OR952880.1|	9	1198	2844	79.399	0.0	2004707	Bat papillomavirus
SRR25288726_79248_ka_f_17.972_L_715767_:102-1313	38	1211	1211	gi|2699893018|gb|OR952869.1|	1	1177	1340	77.872	0.0	2004707	Bat papillomavirus
SRR4201715_3155_ka_f_31.945_L_3155_L_3155_:123-1334	117	148	1211	gi|2438851041|emb|OX419593.1|	4702743	4702774	15279987	96.875	0.11	1101163	Teleiodes luculella
SRR13789583_31555_ka_f_8.200_:48-1259	1	1208	1211	gi|254810663|ref|NC_013035.1|	5235	6442	7184	86.942	0.0	915428	Human papillomavirus 116
SRR13789583_31555_ka_f_8.200_:48-1259	187	566	1211	gi|512390691|gb|KC752103.1|	1	380	380	96.842	8.56e-177	10566	Human papillomavirus
SRR13789583_31555_ka_f_8.200_:48-1259	104	334	1211	gi|353441680|gb|JF906541.1|	1	231	231	99.567	2.61e-112	10566	Human papillomavirus
SRR13789583_31555_ka_f_8.200_:48-1259	333	543	1211	gi|353441713|gb|JF906561.1|	1	211	211	99.052	1.59e-99	10566	Human papillomavirus
SRR13789583_31555_ka_f_8.200_:48-1259	183	237	1211	gi|1559669286|gb|MH777348.2|	5382	5436	7115	90.909	8.42e-08	10566	Human papillomavirus
SRR19145070_36999_ka_f_4.400_:114-1325	1	1211	1211	gi|1273499253|gb|MF588710.1|	5226	6436	7289	82.343	0.0	1175851	Gammapapillomavirus 9
SRR19145070_36999_ka_f_4.400_:114-1325	1	1211	1211	gi|1559669523|gb|MH777364.2|	5226	6436	7289	82.261	0.0	10566	Human papillomavirus
SRR19145070_36999_ka_f_4.400_:114-1325	1	1211	1211	gi|1559669275|gb|MH675891.2|	5232	6445	7301	78.097	0.0	10566	Human papillomavirus
SRR19145070_36999_ka_f_4.400_:114-1325	1	1211	1211	gi|1273499261|gb|MF588711.1|	5232	6445	7301	78.033	0.0	1175851	Gammapapillomavirus 9
SRR19145070_36999_ka_f_4.400_:114-1325	42	1211	1211	gi|1559669304|gb|MH777159.2|	5283	6452	7321	74.450	2.54e-132	10566	Human papillomavirus
SRR13789933_12475_ka_f_10.529_:93-1307	10	1211	1214	gi|1559669396|gb|MH777233.2|	5263	6458	7308	80.348	0.0	10566	Human papillomavirus
SRR13789933_12475_ka_f_10.529_:93-1307	544	672	1214	gi|1480688620|gb|MH777289.1|	5765	5893	7213	78.462	1.40e-10	10566	Human papillomavirus
SRR13789933_12475_ka_f_10.529_:93-1307	698	740	1214	gi|2523362121|gb|OR113682.1|	6056	6098	7475	95.349	3.93e-06	3053748	Leptonychotes weddellii papillomavirus 9
SRR13789933_12475_ka_f_10.529_:93-1307	535	578	1214	gi|1559669365|gb|MH777206.2|	5735	5778	7328	93.182	5.08e-05	10566	Human papillomavirus
SRR7688835_143_ka_f_10.855_:21-1244	7	1223	1223	gi|225927568|ref|NC_012486.1|	5511	6727	7227	99.260	0.0	915427	human papillomavirus 112
SRR7688835_143_ka_f_10.855_:21-1244	7	1220	1223	gi|1559669337|gb|MH777186.2|	5252	6465	7222	79.951	0.0	10566	Human papillomavirus
SRR7688835_143_ka_f_10.855_:21-1244	7	1220	1223	gi|409183113|gb|JX413106.1|	5349	6562	7233	77.941	0.0	1315261	human papillomavirus 164
SRR7688835_143_ka_f_10.855_:21-1244	7	1223	1223	gi|1559669528|gb|MH777371.2|	5249	6468	7228	77.435	0.0	10566	Human papillomavirus
SRR7688835_143_ka_f_10.855_:21-1244	7	1220	1223	gi|343411609|gb|HM999999.1|	5249	6459	7224	76.389	2.40e-177	1070420	human papillomavirus 147
SRR13789256_734_ka_f_27.268_L_734_L_734_:60-1280	1	1220	1220	gi|1559669696|gb|MH777224.2|	5351	6570	7372	99.508	0.0	10566	Human papillomavirus
SRR13789256_734_ka_f_27.268_L_734_L_734_:60-1280	1	1217	1220	gi|1559669337|gb|MH777186.2|	5240	6465	7222	74.437	5.50e-134	10566	Human papillomavirus
SRR13789256_734_ka_f_27.268_L_734_L_734_:60-1280	1	1217	1220	gi|1273499213|gb|MF588705.1|	5303	6513	7298	73.650	4.37e-115	1175850	Gammapapillomavirus 8
SRR13789256_734_ka_f_27.268_L_734_L_734_:60-1280	1	1205	1220	gi|1559669421|gb|MH777257.2|	5296	6494	7290	73.659	2.03e-113	10566	Human papillomavirus
SRR13789256_734_ka_f_27.268_L_734_L_734_:60-1280	1	1217	1220	gi|1559669398|gb|MH777235.2|	5725	6935	7288	73.570	2.03e-113	10566	Human papillomavirus
SRR14825066_194_ka_f_7.867_:60-1280	1	1214	1220	gi|396910|emb|X74466.1|	5892	7108	7673	82.666	0.0	10604	human papillomavirus 12
SRR14825066_194_ka_f_7.867_:60-1280	1	1217	1220	gi|1653972990|gb|MK620843.1|	4869	6088	6650	82.449	0.0	10604	human papillomavirus 12
SRR14825066_194_ka_f_7.867_:60-1280	1	1217	1220	gi|1559669722|gb|MH777286.2|	5772	6991	7737	82.300	0.0	10566	Human papillomavirus
SRR14825066_194_ka_f_7.867_:60-1280	1	1217	1220	gi|2218078|gb|U85660.1|HPU85660	5969	7188	7731	82.137	0.0	79691	Human papillomavirus RTRX7
SRR14825066_194_ka_f_7.867_:60-1280	1	1217	1220	gi|238623458|emb|FM955841.1|	5909	7128	7667	80.729	0.0	587350	Human papillomavirus 105
SRR14129512_1_ka_f_17.523_L_1_L_1_:63-1286	1	1223	1223	gi|2211631615|gb|MW922427.1|	6505	7727	8037	100.000	0.0	2928389	Tadarida brasiliensis papillomavirus 2
SRR14129512_1_ka_f_17.523_L_1_L_1_:63-1286	138	305	1223	gi|9626605|ref|NC_001458.1|	5553	5716	7348	75.740	1.83e-09	28311	Human papillomavirus type 63
SRR15899409_3611_ka_f_213.979_L_3611_L_3611_:138-1361	1	1214	1223	gi|1559669692|gb|MH777201.2|	1516	2729	7325	84.115	0.0	10566	Human papillomavirus
SRR15899409_3611_ka_f_213.979_L_3611_L_3611_:138-1361	144	543	1223	gi|1185315496|gb|KY063008.1|	1	400	400	99.750	0.0	10566	Human papillomavirus
SRR15899409_3611_ka_f_213.979_L_3611_L_3611_:138-1361	852	995	1223	gi|396937509|emb|HE963127.1|	855	998	1503	81.379	1.39e-20	10592	human papillomavirus 44
SRR15899409_3611_ka_f_213.979_L_3611_L_3611_:138-1361	852	995	1223	gi|2374019992|gb|OP712101.1|	6551	6694	7836	80.690	6.48e-19	10592	human papillomavirus 44
SRR15899409_3611_ka_f_213.979_L_3611_L_3611_:138-1361	852	995	1223	gi|966752244|gb|KU298898.1|	6523	6666	7808	80.690	6.48e-19	10592	human papillomavirus 44
ERR3209929_15310_ka_f_14.644_L_198537_:93-1310	1	1214	1217	gi|2183144171|gb|OL700030.1|	5803	7016	7476	89.877	0.0	696746	human papillomavirus 115
ERR3209929_15310_ka_f_14.644_L_198537_:93-1310	1	1214	1217	gi|2183144150|gb|OL700020.1|	49	1262	1539	89.877	0.0	696746	human papillomavirus 115
ERR3209929_15310_ka_f_14.644_L_198537_:93-1310	1	1214	1217	gi|2183144166|gb|OL700028.1|	49	1262	1539	89.794	0.0	696746	human papillomavirus 115
ERR3209929_15310_ka_f_14.644_L_198537_:93-1310	1	1214	1217	gi|2183144156|gb|OL700023.1|	49	1262	1539	89.794	0.0	696746	human papillomavirus 115
ERR3209929_15310_ka_f_14.644_L_198537_:93-1310	1	1214	1217	gi|270048212|gb|FJ947080.1|	5803	7016	7476	89.794	0.0	696746	human papillomavirus 115
SRR7688467_2732_ka_f_37.140_L_131644_L_8186_:90-1307	1	1217	1217	gi|1559669362|gb|MH777204.2|	5233	6449	7214	100.000	0.0	10566	Human papillomavirus
SRR7688467_2732_ka_f_37.140_L_131644_L_8186_:90-1307	1	1217	1217	gi|1273499443|gb|MF588734.1|	5233	6449	7214	99.425	0.0	1961679	Gammapapillomavirus 22
SRR7688467_2732_ka_f_37.140_L_131644_L_8186_:90-1307	1	1208	1217	gi|1559669655|gb|MH777352.2|	5230	6437	7210	86.352	0.0	10566	Human papillomavirus
SRR7688467_2732_ka_f_37.140_L_131644_L_8186_:90-1307	1	1217	1217	gi|1559669352|gb|MH777196.2|	5242	6449	7215	81.952	0.0	10566	Human papillomavirus
SRR7688467_2732_ka_f_37.140_L_131644_L_8186_:90-1307	1	1217	1217	gi|1464308932|ref|NC_038523.1|	5451	6659	7203	80.180	0.0	1434987	Human papillomavirus 172
SRR7688674_1160_ka_f_28.886_L_2971_L_35920_:60-1277	1	1217	1217	gi|1559669283|gb|MH777265.2|	4990	6206	6983	100.000	0.0	10566	Human papillomavirus
SRR7688674_1160_ka_f_28.886_L_2971_L_35920_:60-1277	1	1214	1217	gi|1031620568|gb|KR816175.1|	5178	6400	7185	82.520	0.0	1851213	Human papillomavirus type 188
SRR7688674_1160_ka_f_28.886_L_2971_L_35920_:60-1277	1	1214	1217	gi|1559669482|gb|MH777320.2|	5178	6400	7185	82.439	0.0	10566	Human papillomavirus
SRR7688674_1160_ka_f_28.886_L_2971_L_35920_:60-1277	1	1217	1217	gi|1559669321|gb|MH777169.2|	5178	6403	7185	82.320	0.0	10566	Human papillomavirus
SRR7688674_1160_ka_f_28.886_L_2971_L_35920_:60-1277	1	1214	1217	gi|9628550|ref|NC_001691.1|	5279	6501	7184	82.018	0.0	40539	Human papillomavirus type 50
ERR8266531_15595_ka_f_84.363_L_15595_L_15595_:144-1361	1	1217	1217	gi|409183142|gb|JX413110.1|	5641	6857	7417	99.589	0.0	1315265	Human papillomavirus 170
ERR8266531_15595_ka_f_84.363_L_15595_L_15595_:144-1361	1	1214	1217	gi|2710389705|tpg|BK066346.1|	5323	6536	7429	83.690	0.0	3116974	Papillomavirus homo7570
ERR8266531_15595_ka_f_84.363_L_15595_L_15595_:144-1361	1	1214	1217	gi|1559669766|gb|MH972560.2|	4540	5753	6646	83.361	0.0	10566	Human papillomavirus
ERR8266531_15595_ka_f_84.363_L_15595_L_15595_:144-1361	192	558	1217	gi|512390647|gb|KC752081.1|	7	372	383	98.098	2.39e-177	10566	Human papillomavirus
ERR8266531_15595_ka_f_84.363_L_15595_L_15595_:144-1361	4	1214	1217	gi|225927560|ref|NC_012485.1|	5427	6631	7346	76.206	8.67e-172	915426	Human papillomavirus 109
SRR22094398_32_ka_f_51.483_L_32_L_32_:135-1352	1	1217	1217	gi|2222704870|gb|MW311489.1|	5194	6410	7186	98.767	0.0	10566	Human papillomavirus
SRR22094398_32_ka_f_51.483_L_32_L_32_:135-1352	1	1214	1217	gi|1273499205|gb|MF588704.1|	5237	6465	7227	73.466	5.68e-109	1175850	Gammapapillomavirus 8
SRR22094398_32_ka_f_51.483_L_32_L_32_:135-1352	1	1022	1217	gi|1273499651|gb|MF588762.1|	730	1742	1752	73.888	1.24e-100	1175850	Gammapapillomavirus 8
SRR22094398_32_ka_f_51.483_L_32_L_32_:135-1352	1	1217	1217	gi|1559669528|gb|MH777371.2|	5237	6468	7228	72.315	1.26e-85	10566	Human papillomavirus
SRR26208200_830113_ka_f_53.281_L_1001689_L_843656_:63-1280	1	1214	1217	gi|1483237223|gb|MH972557.1|	5192	6405	7167	81.893	0.0	10566	Human papillomavirus
SRR26208200_830113_ka_f_53.281_L_1001689_L_843656_:63-1280	1	1214	1217	gi|1559669693|gb|MH777211.2|	4073	5286	7244	81.235	0.0	10566	Human papillomavirus
SRR26208200_830113_ka_f_53.281_L_1001689_L_843656_:63-1280	1	1217	1217	gi|870702416|gb|KP692114.1|	5180	6399	7137	80.490	0.0	1682339	human papillomavirus 200
SRR26208200_830113_ka_f_53.281_L_1001689_L_843656_:63-1280	1	1214	1217	gi|1559669422|gb|MH777258.2|	5171	6387	7128	79.754	0.0	10566	Human papillomavirus
SRR26208200_830113_ka_f_53.281_L_1001689_L_843656_:63-1280	1	1214	1217	gi|1559669539|gb|MH777379.2|	5174	6393	7123	76.634	0.0	10566	Human papillomavirus
SRR7802309_1_ka_f_64.419_L_1_L_1_:153-1352	1	1196	1199	gi|1480688371|gb|MH777249.1|	5267	6462	7260	89.465	0.0	10566	Human papillomavirus
SRR7802309_1_ka_f_64.419_L_1_L_1_:153-1352	1	1196	1199	gi|1559669757|gb|MH777356.2|	5249	6444	7304	81.287	0.0	10566	Human papillomavirus
SRR7802309_1_ka_f_64.419_L_1_L_1_:153-1352	1	1196	1199	gi|1559669609|gb|MH777254.2|	5255	6450	7292	76.763	0.0	10566	Human papillomavirus
SRR7802309_1_ka_f_64.419_L_1_L_1_:153-1352	1	1196	1199	gi|1273499412|gb|MF588730.1|	5255	6450	7292	76.783	0.0	1513263	Gammapapillomavirus 18
SRR7802309_1_ka_f_64.419_L_1_L_1_:153-1352	1	1196	1199	gi|1559669378|gb|MH777215.2|	5255	6450	7291	76.758	0.0	10566	Human papillomavirus
SRR8173830_75051_ka_f_32.987_L_75051_L_75051_:156-1343	1	1187	1187	gi|1571847563|ref|NC_040827.1|	5817	7003	8051	100.000	0.0	2294151	Macaca mulatta papillomavirus 3
SRR8173830_75051_ka_f_32.987_L_75051_L_75051_:156-1343	143	1179	1187	gi|1898669491|emb|LR861852.1|	5972	7005	8016	70.409	2.82e-42	333769	Human papillomavirus type 90
SRR8173830_75051_ka_f_32.987_L_75051_L_75051_:156-1343	143	1179	1187	gi|1898669384|emb|LR861839.1|	5972	7005	8016	70.409	2.82e-42	333769	Human papillomavirus type 90
SRR8173830_75051_ka_f_32.987_L_75051_L_75051_:156-1343	143	1184	1187	gi|2374019175|gb|OP711975.1|	5790	6828	7897	70.416	1.02e-41	37115	human papillomavirus 59
SRR8173830_75051_ka_f_32.987_L_75051_L_75051_:156-1343	143	1184	1187	gi|537802304|gb|KC470261.1|	5790	6828	7898	70.321	4.72e-40	37115	human papillomavirus 59
SRR26176340_57_ka_f_68.973_L_57_L_57_:90-1277	1	1187	1187	gi|2710390267|tpg|BK066393.1|	5439	6625	7585	100.000	0.0	3116942	Papillomavirus apodemus7726
SRR26176340_57_ka_f_68.973_L_57_L_57_:90-1277	1	1184	1187	gi|2858802966|gb|PQ576916.1|	5436	6619	7582	98.057	0.0	3381497	Apodemus sylvaticus papillomavirus
SRR26176340_57_ka_f_68.973_L_57_L_57_:90-1277	104	528	1187	gi|22532491|gb|AY081200.1|	1	425	425	96.941	0.0	187943	Gorilla papillomavirus
SRR26176340_57_ka_f_68.973_L_57_L_57_:90-1277	1	1184	1187	gi|1571837270|ref|NC_040604.1|	5330	6516	7373	73.406	1.18e-115	2050020	Rodent papillomavirus
SRR26176340_57_ka_f_68.973_L_57_L_57_:90-1277	1	1184	1187	gi|255762023|gb|GQ180114.1|	5891	7077	7378	73.070	5.53e-109	664730	Rattus norvegicus papillomavirus 1
SRR26982249_16_ka_f_159.210_L_28_L_25_:51-1238	1	1187	1187	gi|2671839344|gb|OR915589.1|	6216	7402	8037	100.000	0.0	3112642	Caracal caracal papillomavirus 3
SRR26982249_16_ka_f_159.210_L_28_L_25_:51-1238	10	1107	1187	gi|2710395168|tpg|BK066893.1|	6492	7595	8202	72.128	1.25e-75	3116991	Papillomavirus panthera8343
SRR5431750_4407_ka_f_11.999_L_145529_:66-1253	1	1187	1187	gi|2710393774|tpg|BK066775.1|	5423	6609	7564	100.000	0.0	3116985	Papillomavirus mus7585
SRR5431750_4407_ka_f_11.999_L_145529_:66-1253	409	570	1187	gi|2075897880|gb|MW404258.1|	5349	5510	7205	75.000	1.38e-05	2866040	Bos taurus papillomavirus 36
SRR5431750_4407_ka_f_11.999_L_145529_:66-1253	314	462	1187	gi|28864484|gb|AY204681.1|	217	368	440	74.675	6.42e-04	10566	Human papillomavirus
ERR11284568_1671807_ka_f_33.772_L_1671807_L_1671807_:174-1358	1	1184	1184	gi|1377609801|gb|MG009510.1|	5739	6922	7796	99.662	0.0	1177759	Chipapillomavirus 2
ERR11284568_1671807_ka_f_33.772_L_1671807_L_1671807_:174-1358	1	1184	1184	gi|765702648|ref|NC_026640.1|	5739	6922	7796	99.662	0.0	1619253	Canis familiaris papillomavirus 16
ERR11284568_1671807_ka_f_33.772_L_1671807_L_1671807_:174-1358	908	1159	1184	gi|1049514443|gb|KU569988.1|	1	251	451	83.399	4.61e-55	1134411	Canine papillomavirus
SRR12232758_6310_ka_f_35.113_:51-1235	1	1184	1184	gi|2100346050|gb|MT766314.1|	1627	2810	7861	100.000	0.0	2878090	Eptesicus regulus papillomavirus
SRR12232758_6310_ka_f_35.113_:51-1235	1	1181	1184	gi|2699893047|gb|OR952875.1|	5654	6843	8001	79.716	0.0	2004707	Bat papillomavirus
SRR12232758_6310_ka_f_35.113_:51-1235	1	1184	1184	gi|2699892805|gb|OR952816.1|	4732	5915	8066	78.881	0.0	2004707	Bat papillomavirus
SRR12232758_6310_ka_f_35.113_:51-1235	1	1175	1184	gi|2699892802|gb|OR952815.1|	791	1974	2516	78.356	0.0	2004707	Bat papillomavirus
SRR12232758_6310_ka_f_35.113_:51-1235	1	1181	1184	gi|2699892904|gb|OR952838.1|	5726	6906	7174	76.684	3.86e-180	2004707	Bat papillomavirus
SRR13235220_9564_ka_f_29.494_:84-1268	493	950	1184	gi|2523362136|gb|OR113684.1|	6050	6507	7611	72.377	4.81e-25	3053744	Leptonychotes weddellii papillomavirus 11
SRR13235220_9564_ka_f_29.494_:84-1268	535	667	1184	gi|1464311101|ref|NC_039041.1|	6835	6967	7773	80.741	3.77e-16	2847277	Rusa timorensis papillomavirus 1
ERR11284570_2572796_ka_f_13.306_L_6272680_L_4729108_:27-1211	535	575	1184	gi|1273499746|gb|MF588793.1|	3986	4026	5779	97.561	1.06e-06	2049444	Gammapapillomavirus sp.
ERR11284570_2572796_ka_f_13.306_L_6272680_L_4729108_:27-1211	535	566	1184	gi|1464308918|ref|NC_038521.1|	6006	6037	7891	100.000	0.002	1163701	Eidolon helvum papillomavirus 1
SRR10002804_20302_ka_f_7.863_:129-1313	1	1184	1184	gi|256807724|gb|GQ246950.1|	5850	7033	7895	99.916	0.0	720708	Human papillomavirus 117
SRR10002804_20302_ka_f_7.863_:129-1313	1	1184	1184	gi|9627257|ref|NC_001576.1|	5868	7045	7919	88.270	0.0	333759	human papillomavirus 10
SRR10002804_20302_ka_f_7.863_:129-1313	1	1182	1184	gi|40804528|emb|AJ620211.1|	5818	6996	7881	88.166	0.0	260717	Human papillomavirus 94
SRR10002804_20302_ka_f_7.863_:129-1313	1	1182	1184	gi|58430757|dbj|AB201226.1|	5776	6954	7776	88.081	0.0	10594;260717	human papillomavirus 47;Human papillomavirus 94
SRR10002804_20302_ka_f_7.863_:129-1313	1	1182	1184	gi|312451772|gb|GU117628.1|	5729	6907	7872	87.828	0.0	260717	Human papillomavirus 94
SRR25288812_41583_ka_f_29.802_L_198358_L_25761_:51-1238	1	1187	1187	gi|2699892944|gb|OR952847.1|	1741	2927	7653	100.000	0.0	2004707	Bat papillomavirus
SRR25288812_41583_ka_f_29.802_L_198358_L_25761_:51-1238	1	1154	1187	gi|2718285534|gb|PP410097.1|	5625	6784	7882	74.448	9.00e-127	3140005	Pipistrellus kuhlii papillomavirus
SRR25288812_41583_ka_f_29.802_L_198358_L_25761_:51-1238	142	467	1187	gi|628817672|gb|KF208367.1|	54	377	468	74.242	1.74e-24	1495311	Eptesicus serotinus papillomavirus
SRR14663259_7955_ka_f_281.691_L_51619_L_51620_L_57354_:72-1259	1	1187	1187	gi|2084333679|gb|MZ357114.1|	6030	7216	7934	100.000	0.0	2871640	Ailuropoda melanoleuca papillomavirus 5
SRR19174516_188544_ka_f_9.245_L_9720909_L_9720909_:111-1298	497	569	1187	gi|2075900661|gb|MW543422.1|	530	602	1491	81.579	0.008	2866014	Bos taurus papillomavirus 43
SRR19174516_188544_ka_f_9.245_L_9720909_L_9720909_:111-1298	497	569	1187	gi|2075897941|gb|MW428430.1|	5897	5969	7619	81.579	0.008	2866014	Bos taurus papillomavirus 43
SRR19174516_188544_ka_f_9.245_L_9720909_L_9720909_:111-1298	497	529	1187	gi|169303554|gb|EU293541.1|	403	435	469	96.970	0.030	10571	Bovine papillomavirus
SRR13233212_7133_ka_f_39.817_L_7133_L_7133_:384-1571	505	939	1187	gi|218953354|gb|EU490515.1|	6180	6608	7920	71.558	1.36e-15	524653	Macaca fascicularis papillomavirus 10
SRR13233212_7133_ka_f_39.817_L_7133_L_7133_:384-1571	827	964	1187	gi|12958167|gb|AF293960.1|AF293960	6536	6673	7948	79.286	6.33e-14	150546	human papillomavirus 84
SRR13233212_7133_ka_f_39.817_L_7133_L_7133_:384-1571	844	1002	1187	gi|2075900675|gb|MW727481.1|	877	1035	1518	74.375	1.38e-05	2866013	Bos taurus papillomavirus 39
SRR13233212_7133_ka_f_39.817_L_7133_L_7133_:384-1571	844	1002	1187	gi|2075900669|gb|MW543426.1|	847	1005	1190	74.375	1.38e-05	2866012	Bos taurus papillomavirus
SRR13233212_7133_ka_f_39.817_L_7133_L_7133_:384-1571	844	1002	1187	gi|2075897910|gb|MW428426.1|	6143	6301	7333	74.375	1.38e-05	2866013	Bos taurus papillomavirus 39
SRR13516717_19050_ka_f_61.571_L_19050_L_3319755_L_19050_:120-1307	869	1182	1187	gi|929996745|gb|KT372348.1|	6076	6389	7184	71.562	2.29e-08	1545700	Human papillomavirus 199
SRR13516717_19050_ka_f_61.571_L_19050_L_3319755_L_19050_:120-1307	869	1182	1187	gi|674781099|gb|KJ913662.1|	6076	6389	7184	71.562	2.29e-08	1545700	Human papillomavirus 199
SRR13516717_19050_ka_f_61.571_L_19050_L_3319755_L_19050_:120-1307	586	726	1187	gi|319976668|ref|NC_014954.1|	5791	5932	7182	76.224	2.97e-07	909330	human papillomavirus 131
SRR13516717_19050_ka_f_61.571_L_19050_L_3319755_L_19050_:120-1307	526	557	1187	gi|1559669388|gb|MH777226.2|	5795	5826	7290	100.000	0.002	10566	Human papillomavirus
SRR13516717_19050_ka_f_61.571_L_19050_L_3319755_L_19050_:120-1307	526	563	1187	gi|343411609|gb|HM999999.1|	5771	5808	7224	94.737	0.002	1070420	human papillomavirus 147
SRR13765801_3416_ka_f_292.062_L_28033_L_49415_:108-1295	831	988	1187	gi|1559669541|gb|MH777380.2|	6113	6270	7273	77.019	1.06e-11	10566	Human papillomavirus
SRR13765801_3416_ka_f_292.062_L_28033_L_49415_:108-1295	238	579	1187	gi|40804520|emb|AJ620210.1|	5659	6000	7337	70.977	2.97e-07	260716	Human papillomavirus 95
SRR13765801_3416_ka_f_292.062_L_28033_L_49415_:108-1295	136	263	1187	gi|116536728|ref|NC_008519.1|	5493	5620	7522	76.336	4.96e-05	392505	Mastomys coucha papillomavirus 2
SRR13765801_3416_ka_f_292.062_L_28033_L_49415_:108-1295	949	990	1187	gi|1559669497|gb|MH777336.2|	6246	6288	7263	93.023	6.42e-04	10566	Human papillomavirus
SRR13765801_3416_ka_f_292.062_L_28033_L_49415_:108-1295	949	977	1187	gi|1559669360|gb|MH777203.2|	6199	6227	7229	100.000	0.11	10566	Human papillomavirus
SRR24580098_9_ka_f_85.064_L_2_L_9_L_9_:387-1574	1	1187	1187	gi|2523362143|gb|OR113685.1|	5592	6778	7678	100.000	0.0	3053745	Leptonychotes weddellii papillomavirus 12
SRR24580098_9_ka_f_85.064_L_2_L_9_L_9_:387-1574	1	1187	1187	gi|2523362136|gb|OR113684.1|	5555	6741	7611	85.834	0.0	3053744	Leptonychotes weddellii papillomavirus 11
SRR24580098_9_ka_f_85.064_L_2_L_9_L_9_:387-1574	1	1186	1187	gi|1571847523|ref|NC_040818.1|	5580	6772	7658	84.532	0.0	2077307	Leptonychotes weddellii papillomavirus 6
SRR24580098_9_ka_f_85.064_L_2_L_9_L_9_:387-1574	1	1186	1187	gi|2523362163|gb|OR113688.1|	5583	6775	7661	84.532	0.0	2077307	Leptonychotes weddellii papillomavirus 6
SRR24580098_9_ka_f_85.064_L_2_L_9_L_9_:387-1574	1	1186	1187	gi|2523362157|gb|OR113687.1|	5571	6763	7649	84.532	0.0	2077307	Leptonychotes weddellii papillomavirus 6
SRR25288620_22285_ka_f_13.524_L_8790_:51-1238	1	1187	1187	gi|2699892864|gb|OR952828.1|	38	1224	1770	100.000	0.0	2004707	Bat papillomavirus
SRR25288620_22285_ka_f_13.524_L_8790_:51-1238	1	1187	1187	gi|2699892878|gb|OR952833.1|	1833	3019	6835	99.832	0.0	2004707	Bat papillomavirus
SRR25288620_22285_ka_f_13.524_L_8790_:51-1238	1	767	1187	gi|586831318|gb|KC858265.1|	5622	6385	7711	73.146	1.28e-60	1464073	Eptesicus serotinus papillomavirus 3
SRR25288620_22285_ka_f_13.524_L_8790_:51-1238	138	1172	1187	gi|2699893038|gb|OR952873.1|	1883	2914	3153	70.388	7.90e-38	2004707	Bat papillomavirus
SRR25288701_5279_ka_f_27.563_L_479492_L_608490_L_175015_:225-1412	1	1187	1187	gi|2699893002|gb|OR952864.1|	12	1198	1594	100.000	0.0	2004707	Bat papillomavirus
SRR25288773_11626_ka_f_40.563_L_11626_L_11626_:108-1295	1	1187	1187	gi|2699893152|gb|OR952901.1|	6234	7420	8408	100.000	0.0	3127950	Rhinolophus bat papillomavirus 1
SRR25288773_11626_ka_f_40.563_L_11626_L_11626_:108-1295	1	1187	1187	gi|2699893277|gb|OR952926.1|	1827	3013	4898	92.165	0.0	3127950	Rhinolophus bat papillomavirus 1
SRR25288773_11626_ka_f_40.563_L_11626_L_11626_:108-1295	1	1187	1187	gi|2699893293|gb|OR952930.1|	185	1371	1814	78.494	0.0	3127950	Rhinolophus bat papillomavirus 1
SRR25288773_11626_ka_f_40.563_L_11626_L_11626_:108-1295	1	1187	1187	gi|2699893171|gb|OR952905.1|	705	1891	2239	78.374	0.0	3127950	Rhinolophus bat papillomavirus 1
SRR25288773_11626_ka_f_40.563_L_11626_L_11626_:108-1295	1	1187	1187	gi|2699893216|gb|OR952914.1|	6261	7447	8427	78.272	0.0	3127950	Rhinolophus bat papillomavirus 1
SRR24580102_7_ka_f_365.615_L_666_L_667_:234-1421	1	1187	1187	gi|2523362136|gb|OR113684.1|	5555	6741	7611	100.000	0.0	3053744	Leptonychotes weddellii papillomavirus 11
SRR24580102_7_ka_f_365.615_L_666_L_667_:234-1421	1	1187	1187	gi|2523362143|gb|OR113685.1|	5592	6778	7678	85.834	0.0	3053745	Leptonychotes weddellii papillomavirus 12
SRR24580102_7_ka_f_365.615_L_666_L_667_:234-1421	1	1187	1187	gi|2523362114|gb|OR113681.1|	5571	6758	7676	81.940	0.0	3053747	Leptonychotes weddellii papillomavirus 8
SRR24580102_7_ka_f_365.615_L_666_L_667_:234-1421	1	1186	1187	gi|1571847523|ref|NC_040818.1|	5580	6772	7658	81.743	0.0	2077307	Leptonychotes weddellii papillomavirus 6
SRR24580102_7_ka_f_365.615_L_666_L_667_:234-1421	1	1186	1187	gi|2523362163|gb|OR113688.1|	5583	6775	7661	81.743	0.0	2077307	Leptonychotes weddellii papillomavirus 6
SRR25288519_35272_ka_f_29.547_L_2359_L_240137_L_67509_L_190252_:84-1271	1	1187	1187	gi|2699893258|gb|OR952922.1|	262	1448	5969	100.000	0.0	2004707	Bat papillomavirus
SRR25288519_35272_ka_f_29.547_L_2359_L_240137_L_67509_L_190252_:84-1271	1	1184	1187	gi|2699892975|gb|OR952857.1|	4325	5505	5970	80.808	0.0	2004707	Bat papillomavirus
SRR25288519_35272_ka_f_29.547_L_2359_L_240137_L_67509_L_190252_:84-1271	1	1184	1187	gi|2699892969|gb|OR952855.1|	5105	6285	6804	80.808	0.0	2004707	Bat papillomavirus
SRR25288519_35272_ka_f_29.547_L_2359_L_240137_L_67509_L_190252_:84-1271	1	1187	1187	gi|2699892622|gb|OR952777.1|	1443	263	1507	79.229	0.0	2004707	Bat papillomavirus
SRR25288519_35272_ka_f_29.547_L_2359_L_240137_L_67509_L_190252_:84-1271	1	996	1187	gi|2699893094|gb|OR952886.1|	378	1375	5881	71.317	1.67e-49	2004707	Bat papillomavirus
SRR13376374_518254_ka_f_605.647_L_518254_L_518254_:117-1301	1	1184	1184	gi|2710392682|tpg|BK066654.1|	5585	6768	7562	100.000	0.0	3116948	Papillomavirus canis7703
SRR13376374_518254_ka_f_605.647_L_518254_L_518254_:117-1301	545	742	1184	gi|1897893507|gb|MT752081.1|	6141	6338	7912	78.218	2.90e-22	10585	human papillomavirus 31
SRR13376374_518254_ka_f_605.647_L_518254_L_518254_:117-1301	545	779	1184	gi|667630824|gb|KJ754580.1|	1971	2205	2896	76.250	3.75e-21	10585	human papillomavirus 31
SRR13376374_518254_ka_f_605.647_L_518254_L_518254_:117-1301	545	779	1184	gi|667630773|gb|KJ754563.1|	1971	2205	2896	76.250	3.75e-21	10585	human papillomavirus 31
SRR13376374_518254_ka_f_605.647_L_518254_L_518254_:117-1301	545	779	1184	gi|1897895046|gb|MT752253.1|	6141	6375	7912	76.151	3.75e-21	10585	human papillomavirus 31
SRR25288803_6690_ka_f_57.048_L_16925_L_1102721_L_222594_:81-1265	1	1184	1184	gi|2699892975|gb|OR952857.1|	4325	5508	5970	100.000	0.0	2004707	Bat papillomavirus
SRR25288803_6690_ka_f_57.048_L_16925_L_1102721_L_222594_:81-1265	1	1184	1184	gi|2699892969|gb|OR952855.1|	5105	6288	6804	99.747	0.0	2004707	Bat papillomavirus
SRR25288803_6690_ka_f_57.048_L_16925_L_1102721_L_222594_:81-1265	4	1184	1184	gi|2699892622|gb|OR952777.1|	1440	263	1507	82.939	0.0	2004707	Bat papillomavirus
SRR25288803_6690_ka_f_57.048_L_16925_L_1102721_L_222594_:81-1265	1	1181	1184	gi|2699893258|gb|OR952922.1|	262	1445	5969	80.856	0.0	2004707	Bat papillomavirus
SRR25288803_6690_ka_f_57.048_L_16925_L_1102721_L_222594_:81-1265	2	1179	1184	gi|2699892680|gb|OR952792.1|	9	1195	1696	74.314	2.50e-127	2004707	Bat papillomavirus
SRR25288805_3846_ka_f_28.631_:321-1505	1	1184	1184	gi|2699892965|gb|OR952853.1|	1440	2623	2957	100.000	0.0	2004707	Bat papillomavirus
SRR25288805_3846_ka_f_28.631_:321-1505	1	1178	1184	gi|2699893101|gb|OR952888.1|	29	1206	1757	84.394	0.0	2004707	Bat papillomavirus
SRR25318379_54138_ka_f_56.641_L_585297_L_2087517_L_880589_L_2552958_:102-1286	538	572	1184	gi|1571847261|ref|NC_040787.1|	6467	6501	7869	97.143	0.002	1959848	Molossus molossus papillomavirus 1
SRR25288731_169397_ka_f_45.301_L_249518_L_2090692_L_299441_:60-1244	1	1184	1184	gi|2699892777|gb|OR952809.1|	290	1473	7213	100.000	0.0	2004707	Bat papillomavirus
SRR25288731_169397_ka_f_45.301_L_249518_L_2090692_L_299441_:60-1244	1	1169	1184	gi|2699892818|gb|OR952818.1|	1380	2548	6238	79.028	0.0	2004707	Bat papillomavirus
SRR25288731_169397_ka_f_45.301_L_249518_L_2090692_L_299441_:60-1244	1	1184	1184	gi|2699892792|gb|OR952813.1|	1340	2523	6104	78.535	0.0	2004707	Bat papillomavirus
SRR25288757_173498_ka_f_10.989_:264-1448	1	737	1184	gi|586831318|gb|KC858265.1|	5622	6355	7711	75.672	2.62e-92	1464073	Eptesicus serotinus papillomavirus 3
SRR25288757_173498_ka_f_10.989_:264-1448	179	290	1184	gi|1851199818|gb|MK887191.1|	230	341	634	86.842	8.05e-23	2741745	Badger papillomavirus
SRR25288757_173498_ka_f_10.989_:264-1448	133	290	1184	gi|1480687842|gb|MH777175.1|	5661	5818	7414	78.125	4.88e-15	10566	Human papillomavirus
SRR25288757_173498_ka_f_10.989_:264-1448	224	290	1184	gi|528225988|gb|KC878009.1|	24	90	337	89.706	3.80e-11	10566	Human papillomavirus
SRR25288757_173498_ka_f_10.989_:264-1448	181	284	1184	gi|2699893152|gb|OR952901.1|	6426	6529	8408	80.000	2.29e-08	3127950	Rhinolophus bat papillomavirus 1
SRR25288773_5275_ka_f_60.139_L_5275_L_5275_:72-1256	1	1184	1184	gi|2699893159|gb|OR952902.1|	2618	3801	7790	100.000	0.0	2004707	Bat papillomavirus
SRR25288773_5275_ka_f_60.139_L_5275_L_5275_:72-1256	10	1181	1184	gi|2699892706|gb|OR952798.1|	1450	2627	7385	74.562	4.15e-130	2004707	Bat papillomavirus
SRR25288773_5275_ka_f_60.139_L_5275_L_5275_:72-1256	20	978	1184	gi|2699893254|gb|OR952921.1|	596	1554	5254	72.183	9.84e-62	2004707	Bat papillomavirus
SRR25288773_5275_ka_f_60.139_L_5275_L_5275_:72-1256	132	995	1184	gi|2699892676|gb|OR952791.1|	239	1111	2873	71.903	1.68e-44	2004707	Bat papillomavirus
SRR25288773_5275_ka_f_60.139_L_5275_L_5275_:72-1256	1	968	1184	gi|2699893267|gb|OR952924.1|	1402	2372	7459	70.641	1.32e-35	2004707	Bat papillomavirus
SRR5384551_205_ka_f_38.898_L_2181_L_24603_:75-1259	1	1184	1184	gi|2710393627|tpg|BK066757.1|	5634	6817	7584	100.000	0.0	3117002	Papillomavirus rodent7683
SRR5384551_205_ka_f_38.898_L_2181_L_24603_:75-1259	4	1004	1184	gi|1571837270|ref|NC_040604.1|	5333	6333	7373	72.566	9.64e-77	2050020	Rodent papillomavirus
SRR5384551_205_ka_f_38.898_L_2181_L_24603_:75-1259	4	1004	1184	gi|255762023|gb|GQ180114.1|	5894	6894	7378	72.424	2.09e-73	664730	Rattus norvegicus papillomavirus 1
SRR5384551_205_ka_f_38.898_L_2181_L_24603_:75-1259	72	467	1184	gi|1559669302|gb|MH777158.2|	5387	5788	7389	72.059	2.92e-17	10566	Human papillomavirus
SRR5384551_205_ka_f_38.898_L_2181_L_24603_:75-1259	132	467	1184	gi|353441656|gb|JF906529.1|	35	370	443	71.930	2.94e-12	10566	Human papillomavirus
SRR1652638_104092_ka_f_7.194_:123-1304	1	1181	1181	gi|1571836037|ref|NC_040583.1|	5669	6849	7126	99.746	0.0	2294156	Boa constrictor papillomavirus 1
SRR1652638_104092_ka_f_7.194_:123-1304	304	341	1181	gi|512390707|gb|KC752111.1|	86	123	351	97.368	4.94e-05	10566	Human papillomavirus
SRR1652638_104092_ka_f_7.194_:123-1304	533	563	1181	gi|2699892963|gb|OR952852.1|	711	741	5099	100.000	0.008	2004707	Bat papillomavirus
SRR1652638_104092_ka_f_7.194_:123-1304	533	563	1181	gi|2699892680|gb|OR952792.1|	558	588	1696	100.000	0.008	2004707	Bat papillomavirus
SRR24905863_5241_ka_f_28.161_:123-1304	1	1181	1181	gi|126738383|gb|EF436229.1|	5539	6719	7843	100.000	0.0	338324	human papillomavirus 97
SRR24905863_5241_ka_f_28.161_:123-1304	1	1181	1181	gi|145968379|gb|EF202168.1|	5539	6719	7843	99.915	0.0	338324	human papillomavirus 97
SRR24905863_5241_ka_f_28.161_:123-1304	1	1181	1181	gi|71726694|gb|DQ080080.1|	5539	6719	7843	99.915	0.0	338324	human papillomavirus 97
SRR24905863_5241_ka_f_28.161_:123-1304	1	1178	1181	gi|2734753472|gb|PP792339.1|	46	1232	1542	85.462	0.0	10566	Human papillomavirus
SRR24905863_5241_ka_f_28.161_:123-1304	1	1178	1181	gi|2734753458|gb|PP792332.1|	46	1232	1542	85.462	0.0	10566	Human papillomavirus
SRR25288489_79383_ka_f_18.365_L_220645_L_1036691_:75-1256	1	1181	1181	gi|2699892697|gb|OR952796.1|	249	1429	7542	82.462	0.0	2004707	Bat papillomavirus
SRR25288489_79383_ka_f_18.365_L_220645_L_1036691_:75-1256	1	1181	1181	gi|2699892644|gb|OR952786.1|	5844	7030	7583	77.658	0.0	2004707	Bat papillomavirus
SRR25288489_79383_ka_f_18.365_L_220645_L_1036691_:75-1256	1	1175	1181	gi|2699892736|gb|OR952803.1|	2734	3923	7685	77.129	0.0	2004707	Bat papillomavirus
SRR25288489_79383_ka_f_18.365_L_220645_L_1036691_:75-1256	19	1175	1181	gi|2699892691|gb|OR952795.1|	3233	4398	6514	76.975	4.99e-179	2004707	Bat papillomavirus
SRR25288489_79383_ka_f_18.365_L_220645_L_1036691_:75-1256	4	1175	1181	gi|2699892595|gb|OR952772.1|	5646	6826	7566	76.441	5.06e-169	2004707	Bat papillomavirus
SRR7774477_220186_ka_f_8.452_:90-1274	454	867	1184	gi|1423617177|gb|MH136587.1|	1	414	414	98.792	0.0	2268044	Neotoma cinerea papillomavirus 2
SRR7774477_220186_ka_f_8.452_:90-1274	572	834	1184	gi|1423617093|gb|MH136586.1|	1	263	263	98.859	8.98e-127	2268043	Neotoma cinerea papillomavirus 1
SRR7774477_220186_ka_f_8.452_:90-1274	16	981	1184	gi|1276316437|gb|MF350303.1|	64	1026	1530	73.949	7.24e-98	763552	Mus musculus papillomavirus type 1
SRR7774477_220186_ka_f_8.452_:90-1274	16	981	1184	gi|301173443|ref|NC_014326.1|	5435	6397	7510	73.949	7.24e-98	763552	Mus musculus papillomavirus type 1
SRR7774477_220186_ka_f_8.452_:90-1274	16	981	1184	gi|1379071675|gb|MF416381.1|	6057	7019	7375	73.744	1.57e-94	2171376	Mouse papillomavirus 1
ERR10188171_3724_ka_f_9.505_:90-1271	1	1178	1181	gi|2075897880|gb|MW404258.1|	4941	6115	7205	76.697	1.08e-175	2866040	Bos taurus papillomavirus 36
ERR10188171_3724_ka_f_9.505_:90-1271	100	540	1181	gi|2500406372|gb|OP682851.1|	1	441	441	92.063	2.34e-172	2866012	Bos taurus papillomavirus
ERR10188171_3724_ka_f_9.505_:90-1271	1	1181	1181	gi|2075897964|gb|MW436424.1|	5315	6501	7264	76.020	1.83e-163	10562	Bos taurus papillomavirus 4
ERR10188171_3724_ka_f_9.505_:90-1271	1	1181	1181	gi|2075897839|gb|MW393860.1|	49	1235	1521	76.020	1.83e-163	10562	Bos taurus papillomavirus 4
ERR10188171_3724_ka_f_9.505_:90-1271	1	1181	1181	gi|2075897864|gb|MW404256.1|	5335	6518	7271	75.396	1.12e-150	2866038	Bos taurus papillomavirus 34
ERR11284567_2647751_ka_f_22.577_L_11064884_L_13472886_:123-1304	1	1181	1181	gi|429841972|gb|JX899359.1|	5909	7089	7776	99.661	0.0	1272519	Canis familiaris papillomavirus 15
ERR11284567_2647751_ka_f_22.577_L_11064884_L_13472886_:123-1304	1	1178	1181	gi|2552409916|gb|OQ836189.1|	5908	7085	7778	84.746	0.0	3064037	Canis familiaris papillomavirus type 25
ERR11284567_2647751_ka_f_22.577_L_11064884_L_13472886_:123-1304	952	1181	1181	gi|372863704|gb|JQ040503.1|	1	230	342	100.000	1.97e-113	1134411	Canine papillomavirus
ERR11284567_2647751_ka_f_22.577_L_11064884_L_13472886_:123-1304	969	1181	1181	gi|340807331|gb|JF418155.1|	1	213	326	100.000	5.54e-104	1068742	Papillomavirus dog/Massey/NZL/2011
SRR25288729_321903_ka_f_37.825_L_12335_L_193708_:51-1235	1	1184	1184	gi|2699892805|gb|OR952816.1|	4732	5915	8066	99.831	0.0	2004707	Bat papillomavirus
SRR25288729_321903_ka_f_37.825_L_12335_L_193708_:51-1235	1	1181	1184	gi|2699893047|gb|OR952875.1|	5654	6843	8001	87.909	0.0	2004707	Bat papillomavirus
SRR25288729_321903_ka_f_37.825_L_12335_L_193708_:51-1235	1	1178	1184	gi|2699892802|gb|OR952815.1|	791	1977	2516	84.299	0.0	2004707	Bat papillomavirus
SRR25288729_321903_ka_f_37.825_L_12335_L_193708_:51-1235	1	1169	1184	gi|2718285534|gb|PP410097.1|	5625	6802	7882	81.557	0.0	3140005	Pipistrellus kuhlii papillomavirus
SRR25288729_321903_ka_f_37.825_L_12335_L_193708_:51-1235	1	1184	1184	gi|2100346050|gb|MT766314.1|	1627	2810	7861	78.798	0.0	2878090	Eptesicus regulus papillomavirus
SRR18442637_22623_ka_f_25.635_L_22623_L_22623_:207-1391	157	288	1184	gi|1020202|gb|U31783.1|HPU31783	5944	6075	7959	75.912	6.40e-04	37111	Human papillomavirus 28
SRR18442637_22623_ka_f_25.635_L_22623_L_22623_:207-1391	537	575	1184	gi|1273499746|gb|MF588793.1|	3985	4023	5779	92.308	0.030	2049444	Gammapapillomavirus sp.
SRR2063880_1603_ka_f_59.942_L_1603_L_1603_:51-1235	1	1184	1184	gi|2710393930|tpg|BK066786.1|	5576	6759	7745	100.000	0.0	3116944	Papillomavirus barbastella7824
SRR21770678_48369_ka_f_39.976_:261-1445	2	1178	1184	gi|2710391306|tpg|BK066488.1|	5596	6778	7606	80.844	0.0	3116950	Papillomavirus canis7747
SRR13789819_305835_ka_f_12.374_:0-1184	9	1184	1184	gi|1273499348|gb|MF588722.1|	5234	6409	7243	78.831	0.0	1513258	Gammapapillomavirus 13
SRR13789819_305835_ka_f_12.374_:0-1184	37	1169	1184	gi|1559669396|gb|MH777233.2|	5305	6446	7308	74.461	5.40e-124	10566	Human papillomavirus
SRR13789819_305835_ka_f_12.374_:0-1184	125	337	1184	gi|1559669655|gb|MH777352.2|	5372	5584	7210	78.605	2.88e-27	10566	Human papillomavirus
SRR13789819_305835_ka_f_12.374_:0-1184	121	337	1184	gi|564732516|gb|KF006398.1|	5345	5561	7261	77.169	8.05e-23	1434986	Human papillomavirus 171
SRR13789819_305835_ka_f_12.374_:0-1184	169	335	1184	gi|1480688325|gb|MH777241.1|	5460	5626	7253	79.167	4.85e-20	10566	Human papillomavirus
SRR14739427_12287_ka_f_6.746_:45-1229	1037	1170	1184	gi|2699893230|gb|OR952916.1|	7319	7451	8418	85.075	3.72e-26	3127950	Rhinolophus bat papillomavirus 1
SRR14739427_12287_ka_f_6.746_:45-1229	140	474	1184	gi|2523362121|gb|OR113682.1|	5483	5814	7475	73.451	1.35e-20	3053748	Leptonychotes weddellii papillomavirus 9
SRR14739427_12287_ka_f_6.746_:45-1229	504	575	1184	gi|1559669269|gb|MH675889.2|	6046	6117	7405	81.944	6.40e-04	10566	Human papillomavirus
SRR14739427_12287_ka_f_6.746_:45-1229	504	575	1184	gi|1031620533|gb|KR816170.1|	6058	6129	7416	81.944	6.40e-04	1851125	Human papillomavirus type 182
SRR14739427_12287_ka_f_6.746_:45-1229	504	575	1184	gi|1273499018|gb|MF588680.1|	6058	6129	7417	81.944	6.40e-04	333924	Betapapillomavirus 2
SRR18400698_20537_ka_f_106.301_:84-1268	1	1184	1184	gi|2710393960|tpg|BK066790.1|	6272	7452	8279	87.953	0.0	3116946	Papillomavirus canis7118
SRR18400698_20537_ka_f_106.301_:84-1268	25	1184	1184	gi|1571835348|ref|NC_040579.1|	6402	7552	8300	72.998	5.60e-99	2304620	Canine papillomavirus 22
SRR22691042_22193_ka_f_110.076_:66-1250	346	373	1184	gi|2421923841|emb|OX402561.1|	16818894	16818921	19134568	100.000	0.39	934945	Lampropteryx suffumata
SRR24963359_45501_ka_f_28.592_L_45501_L_45501_:75-1259	1	1184	1184	gi|343174555|gb|JF834524.1|	1619	2805	3363	96.714	0.0	1070324	Bos taurus papillomavirus 12
SRR24963359_45501_ka_f_28.592_L_45501_L_45501_:75-1259	1	1184	1184	gi|944326236|ref|NC_028126.1|	5453	6639	7197	96.714	0.0	1070324	Bos taurus papillomavirus 12
SRR24963359_45501_ka_f_28.592_L_45501_L_45501_:75-1259	1	1184	1184	gi|2075897995|gb|MW436428.1|	5241	6427	7202	93.429	0.0	1070324	Bos taurus papillomavirus 12
SRR24963359_45501_ka_f_28.592_L_45501_L_45501_:75-1259	1	1184	1184	gi|2851517942|gb|PQ497704.1|	5752	6935	7221	86.414	0.0	10571	Bovine papillomavirus
SRR24963359_45501_ka_f_28.592_L_45501_L_45501_:75-1259	104	528	1184	gi|22532160|gb|AF485375.1|	1	425	425	99.765	0.0	10571	Bovine papillomavirus
SRR25288642_5384_ka_f_23.538_L_368646_L_591349_:60-1244	1	1184	1184	gi|2699892829|gb|OR952820.1|	1477	2660	6153	100.000	0.0	2004707	Bat papillomavirus
SRR25288642_5384_ka_f_23.538_L_368646_L_591349_:60-1244	1	1184	1184	gi|2699892797|gb|OR952814.1|	1167	2350	6219	97.973	0.0	2004707	Bat papillomavirus
SRR25288642_5384_ka_f_23.538_L_368646_L_591349_:60-1244	1	1184	1184	gi|2699892783|gb|OR952810.1|	38	1221	1638	97.889	0.0	2004707	Bat papillomavirus
SRR25288642_5384_ka_f_23.538_L_368646_L_591349_:60-1244	1	1184	1184	gi|2699892818|gb|OR952818.1|	1380	2563	6238	79.665	0.0	2004707	Bat papillomavirus
SRR25288642_5384_ka_f_23.538_L_368646_L_591349_:60-1244	1	1184	1184	gi|2699892792|gb|OR952813.1|	1340	2523	6104	78.745	0.0	2004707	Bat papillomavirus
SRR25288642_5514_ka_f_23.530_L_368646_L_592156_:60-1244	1	1184	1184	gi|2699892792|gb|OR952813.1|	1340	2524	6104	79.429	0.0	2004707	Bat papillomavirus
SRR25288642_5514_ka_f_23.530_L_368646_L_592156_:60-1244	1	1184	1184	gi|2699892818|gb|OR952818.1|	1380	2564	6238	78.890	0.0	2004707	Bat papillomavirus
SRR25288642_5514_ka_f_23.530_L_368646_L_592156_:60-1244	541	582	1184	gi|2236061583|gb|OK073977.1|	6044	6085	7586	93.023	6.40e-04	2942442	Trichechus manatus papillomavirus
SRR22799502_219_ka_f_26.230_L_219_L_219_:120-1304	1	1184	1184	gi|2347368646|gb|OP699054.1|	5951	7134	7430	100.000	0.0	2987746	Equus asinus papillomavirus 3
SRR24465286_394658_ka_f_52.210_L_394658_L_394658_:132-1316	553	1177	1184	gi|1534888011|gb|MH910493.1|	7027	7657	7944	73.250	7.77e-48	2495531	Leopardus wiedii papillomavirus type 1
SRR24465286_394658_ka_f_52.210_L_394658_L_394658_:132-1316	4	302	1184	gi|1534888011|gb|MH910493.1|	6469	6770	7944	74.172	2.90e-22	2495531	Leopardus wiedii papillomavirus type 1
SRR24465286_394658_ka_f_52.210_L_394658_L_394658_:132-1316	10	1178	1184	gi|605281646|ref|NC_023873.1|	6358	7526	8194	70.386	1.01e-46	1472717	Enhydra lutris papillomavirus 1
SRR24580106_1_ka_f_83.760_L_13_L_13_:237-1421	1	1184	1184	gi|2523362096|gb|OR113678.1|	5586	6769	7665	100.000	0.0	3053740	Hydrurga leptonyx papillomavirus 1
SRR24580106_1_ka_f_83.760_L_13_L_13_:237-1421	1	1178	1184	gi|2523362114|gb|OR113681.1|	5571	6751	7676	80.586	0.0	3053747	Leptonychotes weddellii papillomavirus 8
SRR24580106_1_ka_f_83.760_L_13_L_13_:237-1421	1	1178	1184	gi|2523362143|gb|OR113685.1|	5592	6772	7678	80.535	0.0	3053745	Leptonychotes weddellii papillomavirus 12
SRR24580106_1_ka_f_83.760_L_13_L_13_:237-1421	1	1178	1184	gi|1334609551|gb|MG571092.1|	5577	6766	7674	80.050	0.0	2077308	Leptonychotes weddellii papillomavirus 7
SRR24580106_1_ka_f_83.760_L_13_L_13_:237-1421	1	1178	1184	gi|2523362170|gb|OR113689.1|	5539	6728	7636	80.050	0.0	2077308	Leptonychotes weddellii papillomavirus 7
SRR2063933_4622_ka_f_126.183_L_96694_L_143090_L_182007_L_182014_:171-1364	1	1193	1193	gi|2569235971|gb|OR427310.1|	5304	6496	7978	85.690	0.0	2809408	Firstpapillomavirinae sp.
SRR2063933_4622_ka_f_126.183_L_96694_L_143090_L_182007_L_182014_:171-1364	5	740	1193	gi|2710392147|tpg|BK066590.1|	6201	6936	8085	74.335	7.56e-73	3117000	Papillomavirus rhinolophus8112
SRR2063933_4622_ka_f_126.183_L_96694_L_143090_L_182007_L_182014_:171-1364	135	281	1193	gi|2699893195|gb|OR952909.1|	154	300	1611	76.351	6.41e-09	2004707	Bat papillomavirus
SRR2063933_4622_ka_f_126.183_L_96694_L_143090_L_182007_L_182014_:171-1364	398	441	1193	gi|22531873|gb|AF364495.1|	289	332	431	90.909	0.002	57581	Macaca fascicularis papillomavirus
SRR2063934_560_ka_f_63.674_L_560_L_104504_L_560_:51-1244	1	1193	1193	gi|2710391254|tpg|BK066482.1|	5673	6865	7565	100.000	0.0	3116999	Papillomavirus rhinolophus7615
SRR2063934_560_ka_f_63.674_L_560_L_104504_L_560_:51-1244	8	1184	1193	gi|2699892997|gb|OR952863.1|	4804	5977	6461	74.769	8.92e-137	2004707	Bat papillomavirus
SRR2063934_560_ka_f_63.674_L_560_L_104504_L_560_:51-1244	4	743	1193	gi|2699893142|gb|OR952899.1|	209	945	1532	73.475	2.76e-62	2004707	Bat papillomavirus
SRR2063934_560_ka_f_63.674_L_560_L_104504_L_560_:51-1244	4	743	1193	gi|2699893262|gb|OR952923.1|	1762	2498	5015	73.377	1.28e-60	2004707	Bat papillomavirus
SRR2063934_560_ka_f_63.674_L_560_L_104504_L_560_:51-1244	131	296	1193	gi|1140333361|gb|KX276954.1|	170	335	1306	77.246	1.77e-14	1940839	Eidolon helvum papillomavirus
SRR21284445_0_ka_f_76.393_L_0_L_0_:60-1253	1	1193	1193	gi|2312648299|gb|OP376964.1|	5658	6850	7593	100.000	0.0	2983317	Varecia variegata papillomavirus 1
SRR21284445_0_ka_f_76.393_L_0_L_0_:60-1253	868	951	1193	gi|1273499555|gb|MF588748.1|	6141	6224	7304	82.143	2.98e-07	1961681	Gammapapillomavirus 24
ERR3298753_352415_ka_f_10.866_:48-1241	133	188	1193	gi|1605373259|gb|MK620331.1|	1668	1723	3082	85.965	0.002	2562549	Gull papillomavirus 3
ERR3298753_352415_ka_f_10.866_:48-1241	1054	1082	1193	gi|2737909644|gb|PP711993.1|	6130	6158	7003	100.000	0.11	3141892	Mops bat papillomavirus
SRR19174523_80317_ka_f_69.245_L_80317_L_80317_:111-1304	519	563	1193	gi|1653972927|gb|MK620828.1|	5729	5773	6002	91.111	6.45e-04	10617	Human papillomavirus 4
SRR19174523_80317_ka_f_69.245_L_80317_L_80317_:111-1304	519	563	1193	gi|1878296596|gb|MN605989.1|	5920	5964	7353	91.111	6.45e-04	10617	Human papillomavirus 4
SRR19174523_80317_ka_f_69.245_L_80317_L_80317_:111-1304	519	563	1193	gi|9626597|ref|NC_001457.1|	5920	5964	7353	91.111	6.45e-04	10617	Human papillomavirus 4
SRR2037083_1822_ka_f_10.615_L_1822_L_1822_:90-1283	1	1193	1193	gi|409183128|gb|JX413108.1|	5336	6528	7214	99.665	0.0	1315263	human papillomavirus 162
SRR2037083_1822_ka_f_10.615_L_1822_L_1822_:90-1283	1	1190	1193	gi|1559669485|gb|MH777322.2|	5321	6510	7324	85.762	0.0	10566	Human papillomavirus
SRR2037083_1822_ka_f_10.615_L_1822_L_1822_:90-1283	1	1190	1193	gi|1559669296|gb|MH777155.2|	5225	6414	7214	83.278	0.0	10566	Human papillomavirus
SRR2037083_1822_ka_f_10.615_L_1822_L_1822_:90-1283	1	1190	1193	gi|1243977482|gb|MF176072.1|	5205	6394	7216	81.841	0.0	10566	Human papillomavirus
SRR2037083_1822_ka_f_10.615_L_1822_L_1822_:90-1283	9	1190	1193	gi|1559669465|gb|MH777301.2|	5214	6394	7216	81.550	0.0	10566	Human papillomavirus
SRR25288483_16137_ka_f_20.909_L_19354_L_816139_L_30322_:54-1247	1	1193	1193	gi|2699892722|gb|OR952801.1|	1347	2539	7489	100.000	0.0	2004707	Bat papillomavirus
SRR25288483_16137_ka_f_20.909_L_19354_L_816139_L_30322_:54-1247	25	1191	1193	gi|2699893195|gb|OR952909.1|	35	1212	1611	72.301	4.46e-85	2004707	Bat papillomavirus
SRR25288483_16137_ka_f_20.909_L_19354_L_816139_L_30322_:54-1247	20	1189	1193	gi|2699892634|gb|OR952783.1|	211	1374	1682	71.812	5.85e-74	2004707	Bat papillomavirus
SRR25288499_706524_ka_f_11.197_:6-1199	1	1193	1193	gi|2699892680|gb|OR952792.1|	8	1200	1696	100.000	0.0	2004707	Bat papillomavirus
SRR25288499_706524_ka_f_11.197_:6-1199	2	1193	1193	gi|2699892963|gb|OR952852.1|	162	1353	5099	99.664	0.0	2004707	Bat papillomavirus
SRR25288499_706524_ka_f_11.197_:6-1199	2	1193	1193	gi|2699892961|gb|OR952851.1|	280	1474	2159	79.667	0.0	2004707	Bat papillomavirus
SRR25288499_706524_ka_f_11.197_:6-1199	2	1188	1193	gi|2699892975|gb|OR952857.1|	4326	5503	5970	74.293	2.52e-127	2004707	Bat papillomavirus
SRR25288499_706524_ka_f_11.197_:6-1199	2	1188	1193	gi|2699892969|gb|OR952855.1|	5106	6283	6804	74.210	1.17e-125	2004707	Bat papillomavirus
SRR25288736_1856_ka_f_13.186_:57-1250	1	1193	1193	gi|2699892659|gb|OR952788.1|	488	1680	3116	100.000	0.0	2004707	Bat papillomavirus
SRR25288736_1856_ka_f_13.186_:57-1250	1	1193	1193	gi|2699892663|gb|OR952789.1|	2303	3495	7716	99.665	0.0	2004707	Bat papillomavirus
SRR25288736_1856_ka_f_13.186_:57-1250	1	1193	1193	gi|2699893139|gb|OR952898.1|	1862	3054	3446	98.659	0.0	2004707	Bat papillomavirus
SRR25288736_1856_ka_f_13.186_:57-1250	1	1181	1193	gi|2699892710|gb|OR952799.1|	5805	6988	7739	81.056	0.0	2004707	Bat papillomavirus
SRR25288736_1856_ka_f_13.186_:57-1250	1	1184	1193	gi|2699892634|gb|OR952783.1|	192	1369	1682	74.424	1.96e-123	2004707	Bat papillomavirus
SRR24580096_1_ka_f_122.317_L_5_L_9_:240-1433	1	1193	1193	gi|1571847523|ref|NC_040818.1|	5580	6772	7658	100.000	0.0	2077307	Leptonychotes weddellii papillomavirus 6
SRR24580096_1_ka_f_122.317_L_5_L_9_:240-1433	1	1193	1193	gi|2523362163|gb|OR113688.1|	5583	6775	7661	100.000	0.0	2077307	Leptonychotes weddellii papillomavirus 6
SRR24580096_1_ka_f_122.317_L_5_L_9_:240-1433	1	1193	1193	gi|2523362157|gb|OR113687.1|	5571	6763	7649	100.000	0.0	2077307	Leptonychotes weddellii papillomavirus 6
SRR24580096_1_ka_f_122.317_L_5_L_9_:240-1433	1	1193	1193	gi|1334609551|gb|MG571092.1|	5577	6772	7674	89.214	0.0	2077308	Leptonychotes weddellii papillomavirus 7
SRR24580096_1_ka_f_122.317_L_5_L_9_:240-1433	1	1193	1193	gi|2523362170|gb|OR113689.1|	5539	6734	7636	89.214	0.0	2077308	Leptonychotes weddellii papillomavirus 7
SRR24580099_4_ka_f_114.516_L_132_L_132_:240-1433	1	1193	1193	gi|2523362129|gb|OR113683.1|	5525	6717	7619	100.000	0.0	3053746	Leptonychotes weddellii papillomavirus 13
SRR24580099_4_ka_f_114.516_L_132_L_132_:240-1433	1	1187	1193	gi|2523362114|gb|OR113681.1|	5571	6751	7676	82.092	0.0	3053747	Leptonychotes weddellii papillomavirus 8
SRR24580099_4_ka_f_114.516_L_132_L_132_:240-1433	1	1187	1193	gi|1571847523|ref|NC_040818.1|	5580	6766	7658	81.583	0.0	2077307	Leptonychotes weddellii papillomavirus 6
SRR24580099_4_ka_f_114.516_L_132_L_132_:240-1433	1	1187	1193	gi|2523362163|gb|OR113688.1|	5583	6769	7661	81.583	0.0	2077307	Leptonychotes weddellii papillomavirus 6
SRR24580099_4_ka_f_114.516_L_132_L_132_:240-1433	1	1187	1193	gi|2523362157|gb|OR113687.1|	5571	6757	7649	81.583	0.0	2077307	Leptonychotes weddellii papillomavirus 6
SRR24580105_1_ka_f_42.586_L_12_L_12_:240-1433	1	1193	1193	gi|2523362102|gb|OR113679.1|	5549	6741	7623	100.000	0.0	3053738	Arctocephalus gazella papillomavirus 1
SRR24580105_1_ka_f_42.586_L_12_L_12_:240-1433	1	1193	1193	gi|2523362114|gb|OR113681.1|	5571	6757	7676	80.033	0.0	3053747	Leptonychotes weddellii papillomavirus 8
SRR24580105_1_ka_f_42.586_L_12_L_12_:240-1433	1	1181	1193	gi|1571847523|ref|NC_040818.1|	5580	6760	7658	79.833	0.0	2077307	Leptonychotes weddellii papillomavirus 6
SRR24580105_1_ka_f_42.586_L_12_L_12_:240-1433	1	1181	1193	gi|2523362163|gb|OR113688.1|	5583	6763	7661	79.833	0.0	2077307	Leptonychotes weddellii papillomavirus 6
SRR24580105_1_ka_f_42.586_L_12_L_12_:240-1433	1	1181	1193	gi|2523362157|gb|OR113687.1|	5571	6751	7649	79.833	0.0	2077307	Leptonychotes weddellii papillomavirus 6
SRR7734084_28_ka_f_36.374_L_28_L_28_:90-1286	1	1196	1196	gi|1197991027|gb|KX434763.1|	5495	6690	6985	99.833	0.0	2004707	Bat papillomavirus
SRR7734084_28_ka_f_36.374_L_28_L_28_:90-1286	655	758	1196	gi|2699893121|gb|OR952894.1|	1765	1868	2729	82.243	1.07e-11	2004707	Bat papillomavirus
SRR7734084_28_ka_f_36.374_L_28_L_28_:90-1286	551	632	1196	gi|2699892736|gb|OR952803.1|	3269	3350	7685	81.707	3.87e-06	2004707	Bat papillomavirus
ERR3974504_34964_ka_f_5.000_:0-1196	1	1196	1196	gi|1559669275|gb|MH675891.2|	5250	6445	7301	89.465	0.0	10566	Human papillomavirus
ERR3974504_34964_ka_f_5.000_:0-1196	1	1196	1196	gi|1273499261|gb|MF588711.1|	5250	6445	7301	89.381	0.0	1175851	Gammapapillomavirus 9
ERR3974504_34964_ka_f_5.000_:0-1196	86	521	1196	gi|15787619|gb|AY049757.1|	1	436	437	91.514	3.08e-166	10566	Human papillomavirus
ERR3974504_34964_ka_f_5.000_:0-1196	4	1193	1196	gi|1480688964|gb|MH777338.1|	5217	6400	7255	75.167	1.90e-148	10566	Human papillomavirus
ERR3974504_34964_ka_f_5.000_:0-1196	4	1193	1196	gi|1273499269|gb|MF588712.1|	5220	6403	7257	75.083	8.82e-147	1175851	Gammapapillomavirus 9
SRR13376341_141093_ka_f_23.350_L_141093_L_141093_:102-1298	1	1196	1196	gi|2710392616|tpg|BK066644.1|	5835	7030	7575	100.000	0.0	3116949	Papillomavirus canis7716
SRR13376341_141093_ka_f_23.350_L_141093_L_141093_:102-1298	529	663	1196	gi|1559669618|gb|MH777282.2|	5797	5931	7268	79.562	6.38e-14	10566	Human papillomavirus
SRR13376341_141093_ka_f_23.350_L_141093_L_141093_:102-1298	529	663	1196	gi|1464311288|ref|NC_039086.1|	5797	5931	7268	79.562	6.38e-14	1851130	Human papillomavirus 187
SRR24580106_2_ka_f_132.417_L_2_L_2_:66-1262	1	1196	1196	gi|2523362089|gb|OR113677.1|	5771	6966	7697	100.000	0.0	3053742	Hydrurga leptonyx papillomavirus 3
SRR9018636_400162_ka_f_7.480_:54-1253	1	1199	1199	gi|2389031724|tpg|BK062775.1|	337	1535	2094	100.000	0.0	2990447	Manis javanica papillomavirus 1
SRR9018636_400162_ka_f_7.480_:54-1253	1	1199	1199	gi|2389031567|tpg|BK062773.1|	5968	7166	7437	100.000	0.0	2990447	Manis javanica papillomavirus 1
SRR9018636_400162_ka_f_7.480_:54-1253	1	1199	1199	gi|2389031841|tpg|BK062777.1|	283	1481	2059	99.833	0.0	2990447	Manis javanica papillomavirus 1
SRR9018636_400162_ka_f_7.480_:54-1253	1	1199	1199	gi|2710391926|tpg|BK066562.1|	5328	6526	7410	99.583	0.0	3116979	Papillomavirus manis7551
SRR9018636_400162_ka_f_7.480_:54-1253	1	1199	1199	gi|2389031398|tpg|BK062771.1|	5941	7133	7404	99.083	0.0	2990447	Manis javanica papillomavirus 1
ERR11223860_348186_ka_f_12.078_:132-1328	1	1193	1196	gi|2710392616|tpg|BK066644.1|	5835	7027	7575	80.133	0.0	3116949	Papillomavirus canis7716
ERR11223860_348186_ka_f_12.078_:132-1328	505	583	1196	gi|2765764|emb|Z93800.1|	326	404	419	85.185	1.79e-09	10566	Human papillomavirus
ERR11223860_348186_ka_f_12.078_:132-1328	505	583	1196	gi|2765773|emb|Z93809.1|	326	404	419	82.716	3.87e-06	333923	Human papillomavirus 5
ERR11223860_348186_ka_f_12.078_:132-1328	398	438	1196	gi|22531875|gb|AF364496.1|	314	353	452	92.683	0.008	57581	Macaca fascicularis papillomavirus
ERR11223860_348186_ka_f_12.078_:132-1328	955	986	1196	gi|1559669374|gb|MH777213.2|	6480	6512	7313	96.970	0.11	10566	Human papillomavirus
SRR25288841_297484_ka_f_17.365_L_351892_L_416489_:138-1334	2	1190	1196	gi|2699892644|gb|OR952786.1|	5845	7024	7583	79.048	0.0	2004707	Bat papillomavirus
SRR25288841_297484_ka_f_17.365_L_351892_L_416489_:138-1334	2	1190	1196	gi|2699892736|gb|OR952803.1|	2735	3923	7685	78.440	0.0	2004707	Bat papillomavirus
SRR25288841_297484_ka_f_17.365_L_351892_L_416489_:138-1334	11	1163	1196	gi|2699893142|gb|OR952899.1|	217	1371	1532	78.866	0.0	2004707	Bat papillomavirus
SRR25288841_297484_ka_f_17.365_L_351892_L_416489_:138-1334	4	1184	1196	gi|2699892743|gb|OR952804.1|	3094	4271	7144	76.421	1.10e-170	2004707	Bat papillomavirus
SRR25288841_297484_ka_f_17.365_L_351892_L_416489_:138-1334	4	1190	1196	gi|2699892697|gb|OR952796.1|	251	1423	7542	75.250	3.17e-146	2004707	Bat papillomavirus
SRR25288841_314141_ka_f_14.768_L_311170_L_463990_L_620599_L_1765121_:87-1283	1	1196	1196	gi|2699892736|gb|OR952803.1|	2734	3929	7685	84.942	0.0	2004707	Bat papillomavirus
SRR25288841_314141_ka_f_14.768_L_311170_L_463990_L_620599_L_1765121_:87-1283	1	1195	1196	gi|2699893262|gb|OR952923.1|	1759	2954	5015	78.690	0.0	2004707	Bat papillomavirus
SRR25288841_314141_ka_f_14.768_L_311170_L_463990_L_620599_L_1765121_:87-1283	15	1190	1196	gi|2699893142|gb|OR952899.1|	220	1398	1532	78.553	0.0	2004707	Bat papillomavirus
SRR25288841_314141_ka_f_14.768_L_311170_L_463990_L_620599_L_1765121_:87-1283	1	1190	1196	gi|2699892697|gb|OR952796.1|	249	1423	7542	76.993	1.09e-180	2004707	Bat papillomavirus
SRR25288841_314141_ka_f_14.768_L_311170_L_463990_L_620599_L_1765121_:87-1283	1	1191	1196	gi|2699892602|gb|OR952773.1|	2281	3465	5181	76.583	2.35e-177	2004707	Bat papillomavirus
SRR26395441_306738_ka_f_12.615_L_306738_L_306738_:144-1340	361	446	1196	gi|1273499245|gb|MF588709.1|	5609	5694	7256	81.818	1.08e-06	1175851	Gammapapillomavirus 9
SRR26395441_306738_ka_f_12.615_L_306738_L_306738_:144-1340	361	446	1196	gi|1480687913|gb|MH777184.1|	5609	5694	7256	80.682	5.00e-05	10566	Human papillomavirus
SRR25288484_878644_ka_f_55.729_L_1425105_L_871165_L_1609339_:57-1253	1	1196	1196	gi|2699892710|gb|OR952799.1|	5805	7000	7739	100.000	0.0	2004707	Bat papillomavirus
SRR25288484_878644_ka_f_55.729_L_1425105_L_871165_L_1609339_:57-1253	1	1184	1196	gi|2699892663|gb|OR952789.1|	2303	3483	7716	81.072	0.0	2004707	Bat papillomavirus
SRR25288484_878644_ka_f_55.729_L_1425105_L_871165_L_1609339_:57-1253	1	1184	1196	gi|2699892659|gb|OR952788.1|	488	1668	3116	81.072	0.0	2004707	Bat papillomavirus
SRR25288484_878644_ka_f_55.729_L_1425105_L_871165_L_1609339_:57-1253	1	1184	1196	gi|2699893139|gb|OR952898.1|	1862	3042	3446	80.402	0.0	2004707	Bat papillomavirus
SRR25288484_878644_ka_f_55.729_L_1425105_L_871165_L_1609339_:57-1253	20	1181	1196	gi|2699892676|gb|OR952791.1|	118	1285	2873	71.357	7.69e-63	2004707	Bat papillomavirus
SRR25288769_18070_ka_f_18.974_:114-1310	1	1196	1196	gi|2699893204|gb|OR952911.1|	5257	6452	6683	100.000	0.0	3127951	Rhinolophus bat papillomavirus 2
SRR25288769_18070_ka_f_18.974_:114-1310	853	990	1196	gi|605281646|ref|NC_023873.1|	7185	7323	8194	76.978	6.43e-09	1472717	Enhydra lutris papillomavirus 1
SRR25288803_4059_ka_f_21.446_L_186928_:204-1397	1	1193	1193	gi|2699892973|gb|OR952856.1|	325	1517	2025	100.000	0.0	2004707	Bat papillomavirus
SRR25288803_4059_ka_f_21.446_L_186928_:204-1397	144	1193	1193	gi|2699892622|gb|OR952777.1|	1309	263	1507	72.744	1.60e-84	2004707	Bat papillomavirus
SRR25288803_4059_ka_f_21.446_L_186928_:204-1397	139	1190	1193	gi|2699892963|gb|OR952852.1|	296	1350	5099	71.308	5.97e-59	2004707	Bat papillomavirus
SRR25288803_4059_ka_f_21.446_L_186928_:204-1397	139	1190	1193	gi|2699892680|gb|OR952792.1|	143	1197	1696	71.255	5.97e-59	2004707	Bat papillomavirus
SRR25288803_4059_ka_f_21.446_L_186928_:204-1397	546	578	1193	gi|347750413|ref|NC_016013.1|	5678	5710	7048	100.000	6.45e-04	1081054	Morelia spilota papillomavirus 1
SRR26848396_1981_ka_f_502.798_L_14120_L_14206_L_42309_L_43496_:120-1310	1	1187	1190	gi|1559669476|gb|MH777312.2|	5256	6445	7206	85.546	0.0	10566	Human papillomavirus
SRR26848396_1981_ka_f_502.798_L_14120_L_14206_L_42309_L_43496_:120-1310	1	1184	1190	gi|1480687827|gb|MH777171.1|	5264	6450	7247	84.131	0.0	10566	Human papillomavirus
SRR26848396_1981_ka_f_502.798_L_14120_L_14206_L_42309_L_43496_:120-1310	1	1190	1190	gi|1559669479|gb|MH777314.2|	5358	6556	7323	80.249	0.0	10566	Human papillomavirus
SRR26848396_1981_ka_f_502.798_L_14120_L_14206_L_42309_L_43496_:120-1310	1	1175	1190	gi|1559669360|gb|MH777203.2|	5257	6431	7229	80.185	0.0	10566	Human papillomavirus
SRR26848396_1981_ka_f_502.798_L_14120_L_14206_L_42309_L_43496_:120-1310	1	1187	1190	gi|1559669461|gb|MH777299.2|	5251	6440	7236	79.549	0.0	10566	Human papillomavirus
SRR27078594_408957_ka_f_90.105_L_408957_L_408957_:141-1331	1	1190	1190	gi|1559669360|gb|MH777203.2|	5257	6446	7229	99.328	0.0	10566	Human papillomavirus
SRR27078594_408957_ka_f_90.105_L_408957_L_408957_:141-1331	1	1184	1190	gi|1559669479|gb|MH777314.2|	5358	6550	7323	81.255	0.0	10566	Human papillomavirus
SRR27078594_408957_ka_f_90.105_L_408957_L_408957_:141-1331	1	1184	1190	gi|1559669461|gb|MH777299.2|	5250	6437	7236	80.924	0.0	10566	Human papillomavirus
SRR27078594_408957_ka_f_90.105_L_408957_L_408957_:141-1331	1	1184	1190	gi|1273499420|gb|MF588731.1|	5250	6437	7236	80.840	0.0	1513263	Gammapapillomavirus 18
SRR27078594_408957_ka_f_90.105_L_408957_L_408957_:141-1331	1	1187	1190	gi|1480687827|gb|MH777171.1|	5264	6453	7247	80.250	0.0	10566	Human papillomavirus
SRR4266018_691499_ka_f_158.282_L_718272_L_3825224_L_718272_L_4670873_:78-1268	538	579	1190	gi|2710392709|tpg|BK066659.1|	5764	5805	7209	90.476	0.030	3116971	Papillomavirus homo7350
SRR25288734_38715_ka_f_18.608_:96-1286	1	1190	1190	gi|2699892670|gb|OR952790.1|	238	1427	6134	100.000	0.0	3127950	Rhinolophus bat papillomavirus 1
SRR25288734_38715_ka_f_18.608_:96-1286	1	1176	1190	gi|2699892749|gb|OR952805.1|	1439	2623	7429	78.094	0.0	3127950	Rhinolophus bat papillomavirus 1
SRR25288734_38715_ka_f_18.608_:96-1286	1	1184	1190	gi|2699893188|gb|OR952908.1|	6188	7377	7846	72.720	9.42e-97	3127950	Rhinolophus bat papillomavirus 1
SRR25288734_38715_ka_f_18.608_:96-1286	139	1184	1190	gi|2699893169|gb|OR952904.1|	169	1211	1799	73.120	5.71e-89	3127950	Rhinolophus bat papillomavirus 1
SRR25288734_38715_ka_f_18.608_:96-1286	112	139	1190	gi|2546769185|emb|OY288283.1|	60684865	60684838	86588224	100.000	0.39	2862204	Hibiscus tridactylites
SRR25288784_19416_ka_f_36.423_L_745193_L_790956_:120-1310	1	1190	1190	gi|2699893124|gb|OR952895.1|	3107	4296	6995	100.000	0.0	2004707	Bat papillomavirus
SRR25288784_19416_ka_f_36.423_L_745193_L_790956_:120-1310	838	983	1190	gi|2699893101|gb|OR952888.1|	863	1008	1757	77.397	1.06e-11	2004707	Bat papillomavirus
SRR25288807_3102_ka_f_8.247_L_219014_L_1167937_L_358654_:60-1250	1	1190	1190	gi|2699892963|gb|OR952852.1|	161	1353	5099	84.590	0.0	2004707	Bat papillomavirus
SRR25288807_3102_ka_f_8.247_L_219014_L_1167937_L_358654_:60-1250	2	1190	1190	gi|2699892680|gb|OR952792.1|	9	1200	1696	84.493	0.0	2004707	Bat papillomavirus
SRR25288807_3102_ka_f_8.247_L_219014_L_1167937_L_358654_:60-1250	1	1190	1190	gi|2699892961|gb|OR952851.1|	279	1474	2159	78.952	0.0	2004707	Bat papillomavirus
SRR5447148_94_ka_f_23.719_:87-1277	1	1190	1190	gi|1272821240|gb|KY370096.1|	5457	6646	7525	100.000	0.0	2050020	Rodent papillomavirus
SRR5447148_94_ka_f_23.719_:87-1277	121	531	1190	gi|22532491|gb|AY081200.1|	18	425	425	81.401	1.60e-84	187943	Gorilla papillomavirus
SRR5447148_94_ka_f_23.719_:87-1277	133	344	1190	gi|371486228|gb|JF966376.1|	5468	5679	7219	76.995	1.05e-21	10566	Human papillomavirus
SRR5447148_94_ka_f_23.719_:87-1277	419	558	1190	gi|1559669415|gb|MH777250.2|	5653	5794	7233	80.000	1.36e-15	10566	Human papillomavirus
SRR5447148_94_ka_f_23.719_:87-1277	483	686	1190	gi|1214938671|gb|MF356498.1|	5720	5924	7233	75.598	6.35e-14	10566	Human papillomavirus
ERR10188212_289_ka_f_9.093_:3-1190	1	1187	1187	gi|2075900663|gb|MW543423.1|	49	1238	1524	86.218	0.0	2866012	Bos taurus papillomavirus
ERR10188212_289_ka_f_9.093_:3-1190	1	1187	1187	gi|2075897964|gb|MW436424.1|	5315	6501	7264	75.290	1.88e-148	10562	Bos taurus papillomavirus 4
ERR10188212_289_ka_f_9.093_:3-1190	1	1187	1187	gi|2075897839|gb|MW393860.1|	49	1235	1521	75.290	1.88e-148	10562	Bos taurus papillomavirus 4
ERR10188212_289_ka_f_9.093_:3-1190	1	1187	1187	gi|2808826208|gb|PQ140660.1|	5656	6842	7274	75.062	1.89e-143	10562	Bos taurus papillomavirus 4
ERR10188212_289_ka_f_9.093_:3-1190	1	1187	1187	gi|301335131|dbj|AB543507.1|	5634	6817	7251	75.041	2.45e-142	714200	Bos taurus papillomavirus 11
SRR12851781_28432_ka_f_47.228_L_28432_L_28432_:72-1259	1	1184	1187	gi|2710388984|tpg|BK066321.1|	4168	5366	5768	77.131	0.0	3116963	Papillomavirus gadus5887
SRR7287334_9179_ka_f_6.861_:255-1445	7	962	1190	gi|2710393360|tpg|BK066727.1|	5584	6539	7488	73.128	4.48e-80	3116978	Papillomavirus luscinia7441
SRR7287334_9179_ka_f_6.861_:255-1445	115	737	1190	gi|2645644171|gb|PP057987.1|	5949	6574	7839	72.884	6.08e-44	3112618	Anas platyrhynchos papillomavirus 3
SRR7287334_9179_ka_f_6.861_:255-1445	115	737	1190	gi|1040065127|gb|KX147683.1|	1095	470	1316	72.727	2.83e-42	1867231	Duck papillomavirus
SRR7287334_9179_ka_f_6.861_:255-1445	643	734	1190	gi|2626604411|gb|OR645495.1|	19	110	873	81.522	2.30e-08	3095300	Garrodia papillomavirus
SRR7287334_9179_ka_f_6.861_:255-1445	544	575	1190	gi|1272821240|gb|KY370096.1|	5982	6013	7525	96.875	0.11	2050020	Rodent papillomavirus
ERR10188015_37542_ka_f_13.216_L_130702_:93-1280	1	1187	1187	gi|60862|emb|X05817.1|	5647	6833	7265	100.000	0.0	10562	Bos taurus papillomavirus 4
ERR10188015_37542_ka_f_13.216_L_130702_:93-1280	1	1187	1187	gi|2808826208|gb|PQ140660.1|	5656	6842	7274	99.410	0.0	10562	Bos taurus papillomavirus 4
ERR10188015_37542_ka_f_13.216_L_130702_:93-1280	1	1187	1187	gi|2075897964|gb|MW436424.1|	5315	6501	7264	98.736	0.0	10562	Bos taurus papillomavirus 4
ERR10188015_37542_ka_f_13.216_L_130702_:93-1280	1	1187	1187	gi|2075897839|gb|MW393860.1|	49	1235	1521	98.736	0.0	10562	Bos taurus papillomavirus 4
ERR10188015_37542_ka_f_13.216_L_130702_:93-1280	577	1095	1187	gi|2810138218|gb|PQ365687.1|	1	519	519	99.229	0.0	10562	Bos taurus papillomavirus 4
ERR10188211_15517_ka_f_6.200_L_4079_L_193932_:24-1211	1	1187	1187	gi|2075897894|gb|MW404260.1|	5270	6447	7202	76.642	5.05e-174	2866042	Bos taurus papillomavirus 38
ERR10188211_15517_ka_f_6.200_L_4079_L_193932_:24-1211	1	1181	1187	gi|2075897880|gb|MW404258.1|	4941	6113	7205	75.879	1.43e-159	2866040	Bos taurus papillomavirus 36
ERR10188211_15517_ka_f_6.200_L_4079_L_193932_:24-1211	1	1184	1187	gi|163914074|dbj|AB331650.1|	5694	6871	7303	75.439	8.69e-152	453460	Bos taurus papillomavirus 9
ERR10188211_15517_ka_f_6.200_L_4079_L_193932_:24-1211	1	1184	1187	gi|2075897988|gb|MW436427.1|	5356	6533	7288	75.355	4.04e-150	453460	Bos taurus papillomavirus 9
ERR10188211_15517_ka_f_6.200_L_4079_L_193932_:24-1211	1	1184	1187	gi|2075897981|gb|MW436426.1|	5356	6533	7288	75.355	4.04e-150	453460	Bos taurus papillomavirus 9
SRR25288536_22772_ka_f_6.788_:51-1241	1	1190	1190	gi|2699892997|gb|OR952863.1|	4797	5986	6461	97.227	0.0	2004707	Bat papillomavirus
SRR25288536_22772_ka_f_6.788_:51-1241	8	1181	1190	gi|2710391254|tpg|BK066482.1|	5680	6856	7565	74.413	4.17e-130	3116999	Papillomavirus rhinolophus7615
SRR25288536_22772_ka_f_6.788_:51-1241	132	745	1190	gi|2699892602|gb|OR952773.1|	2409	3022	5181	72.249	1.03e-36	2004707	Bat papillomavirus
SRR25288536_22772_ka_f_6.788_:51-1241	134	234	1190	gi|19423659|gb|AF489710.1|	34	134	443	79.208	1.07e-06	10566	Human papillomavirus
SRR13789583_423381_ka_f_8.382_:72-1262	1	1190	1190	gi|1559669280|gb|MH777200.2|	5177	6366	7121	89.496	0.0	10566	Human papillomavirus
SRR13789583_423381_ka_f_8.382_:72-1262	203	530	1190	gi|270048254|gb|FJ969911.1|	1	328	330	90.244	1.53e-114	10566	Human papillomavirus
SRR13789583_423381_ka_f_8.382_:72-1262	923	950	1190	gi|2894188011|emb|OZ220927.1|	13321060	13321033	16105538	100.000	0.39	753294	Cossus cossus
SRR26982249_6_ka_f_20.848_L_22_L_24_:135-1328	1	1193	1193	gi|2671839326|gb|OR915587.1|	6504	7696	8176	100.000	0.0	3112641	Caracal caracal papillomavirus 2
SRR26982249_6_ka_f_20.848_L_22_L_24_:135-1328	1	1187	1193	gi|2710395168|tpg|BK066893.1|	6483	7669	8202	81.612	0.0	3116991	Papillomavirus panthera8343
SRR26982249_6_ka_f_20.848_L_22_L_24_:135-1328	145	302	1193	gi|395627595|emb|HE963025.1|	5692	5849	7443	76.730	1.06e-11	1209820	Human papillomavirus 159
SRR26982249_6_ka_f_20.848_L_22_L_24_:135-1328	145	302	1193	gi|28864514|gb|AY204696.1|	36	193	440	76.730	1.06e-11	10566	Human papillomavirus
SRR26982249_6_ka_f_20.848_L_22_L_24_:135-1328	541	609	1193	gi|1571847523|ref|NC_040818.1|	6111	6179	7658	86.957	6.41e-09	2077307	Leptonychotes weddellii papillomavirus 6
SRR7734115_56_ka_f_50.384_L_56_L_56_:54-1247	1	1193	1193	gi|1197991048|gb|KX434767.1|	5617	6809	7083	99.749	0.0	2004707	Bat papillomavirus
SRR7734115_56_ka_f_50.384_L_56_L_56_:54-1247	1	1176	1193	gi|2699893087|gb|OR952884.1|	1446	2618	7310	72.971	1.57e-99	3113749	Taphozous bat papillomavirus 1
SRR8649512_1_ka_f_702.154_L_0_L_48_L_49_:96-1289	1	1193	1193	gi|1809497244|gb|MN535764.1|	5224	6416	7250	100.000	0.0	2704504	Callithrix penicillata papillomavirus type 2
SRR19174525_18408_ka_f_51.839_L_18408_L_18408_:72-1262	139	239	1190	gi|19423647|gb|AF489704.1|	45	145	440	82.692	1.06e-11	10566	Human papillomavirus
SRR19174525_18408_ka_f_51.839_L_18408_L_18408_:72-1262	139	239	1190	gi|19423645|gb|AF489703.1|	45	145	440	81.731	4.94e-10	10566	Human papillomavirus
SRR19174525_18408_ka_f_51.839_L_18408_L_18408_:72-1262	139	239	1190	gi|27531786|ref|NC_004500.1|	5833	5933	7461	81.731	4.94e-10	211787	Human papillomavirus type 92
SRR19174525_18408_ka_f_51.839_L_18408_L_18408_:72-1262	139	231	1190	gi|1559669467|gb|MH777303.2|	5500	5592	7329	81.915	6.39e-09	10566	Human papillomavirus
SRR19174525_18408_ka_f_51.839_L_18408_L_18408_:72-1262	139	231	1190	gi|1571847446|ref|NC_040806.1|	5491	5583	7328	81.915	6.39e-09	2049444	Gammapapillomavirus sp.
SRR25256569_9341_ka_f_455.319_L_9341_L_9341_:54-1244	11	1187	1190	gi|2710391926|tpg|BK066562.1|	5338	6523	7410	76.617	8.47e-172	3116979	Papillomavirus manis7551
SRR25256569_9341_ka_f_455.319_L_9341_L_9341_:54-1244	11	1187	1190	gi|2389031724|tpg|BK062775.1|	347	1532	2094	76.617	8.47e-172	2990447	Manis javanica papillomavirus 1
SRR25256569_9341_ka_f_455.319_L_9341_L_9341_:54-1244	11	1187	1190	gi|2389031567|tpg|BK062773.1|	5978	7163	7437	76.617	8.47e-172	2990447	Manis javanica papillomavirus 1
SRR25256569_9341_ka_f_455.319_L_9341_L_9341_:54-1244	11	1187	1190	gi|2389031841|tpg|BK062777.1|	293	1478	2059	76.451	1.83e-168	2990447	Manis javanica papillomavirus 1
SRR25256569_9341_ka_f_455.319_L_9341_L_9341_:54-1244	1	1182	1190	gi|2389031773|tpg|BK062776.1|	166	1347	1664	75.963	5.13e-164	2990447	Manis javanica papillomavirus 1
SRR25256617_433822_ka_f_28.843_L_433822_L_433822_:51-1241	1	985	1190	gi|2389031773|tpg|BK062776.1|	166	1150	1664	76.157	6.88e-138	2990447	Manis javanica papillomavirus 1
SRR25256617_433822_ka_f_28.843_L_433822_L_433822_:51-1241	1	985	1190	gi|2389031634|tpg|BK062774.1|	1478	494	1577	76.056	3.20e-136	2990447	Manis javanica papillomavirus 1
SRR25256617_433822_ka_f_28.843_L_433822_L_433822_:51-1241	877	1002	1190	gi|404184232|ref|NC_018575.1|	7496	7621	8344	84.127	2.91e-22	1104917	Crocuta crocuta papillomavirus 1
SRR25256617_433822_ka_f_28.843_L_433822_L_433822_:51-1241	846	945	1190	gi|2619116323|gb|OR248796.1|	46	145	244	82.178	3.82e-11	3077545	Chalinolobus tuberculatus papillomavirus
SRR25256617_433822_ka_f_28.843_L_433822_L_433822_:51-1241	835	930	1190	gi|1480688942|gb|MH777335.1|	6105	6200	7275	81.250	6.39e-09	10566	Human papillomavirus
SRR25288495_342821_ka_f_11.872_:135-1325	1	1190	1190	gi|2699892691|gb|OR952795.1|	3215	4404	6514	99.916	0.0	2004707	Bat papillomavirus
SRR25288495_342821_ka_f_11.872_:135-1325	1	1184	1190	gi|2699893142|gb|OR952899.1|	206	1398	1532	80.435	0.0	2004707	Bat papillomavirus
SRR25288495_342821_ka_f_11.872_:135-1325	1	1189	1190	gi|2699893262|gb|OR952923.1|	1759	2954	5015	79.933	0.0	2004707	Bat papillomavirus
SRR25288495_342821_ka_f_11.872_:135-1325	2	1190	1190	gi|2699892595|gb|OR952772.1|	5644	6832	7566	79.849	0.0	2004707	Bat papillomavirus
SRR25288495_342821_ka_f_11.872_:135-1325	1	1175	1190	gi|2699892644|gb|OR952786.1|	5844	7015	7583	78.493	0.0	2004707	Bat papillomavirus
SRR19431669_13553_ka_f_143.093_L_13553_L_13553_:84-1274	1	1190	1190	gi|256352174|ref|NC_013117.1|	5580	6769	7498	76.589	3.88e-180	485362	Francolinus leucoscepus papillomavirus 1
SRR19545153_36443_ka_f_11.512_L_6102814_L_6102814_:141-1331	133	741	1190	gi|1273499181|gb|MF588701.1|	5435	6039	7314	71.406	1.74e-24	1175849	Gammapapillomavirus 7
SRR19545153_36443_ka_f_11.512_L_6102814_L_6102814_:141-1331	504	741	1190	gi|371486220|gb|JF966375.1|	5861	6098	7286	74.793	3.79e-16	10566	Human papillomavirus
SRR19545153_36443_ka_f_11.512_L_6102814_L_6102814_:141-1331	507	741	1190	gi|1559669317|gb|MH777167.2|	5797	6031	7316	74.262	1.76e-14	10566	Human papillomavirus
SRR19545153_36443_ka_f_11.512_L_6102814_L_6102814_:141-1331	547	755	1190	gi|1559669469|gb|MH777307.2|	5800	6008	7272	74.419	4.94e-10	10566	Human papillomavirus
SRR19545153_36443_ka_f_11.512_L_6102814_L_6102814_:141-1331	541	743	1190	gi|2710392709|tpg|BK066659.1|	5770	5972	7209	73.659	2.30e-08	3116971	Papillomavirus homo7350
SRR22071710_95166_ka_f_10.206_:111-1301	525	572	1190	gi|2671839362|gb|OR915591.1|	5858	5905	7598	97.917	1.37e-10	3112644	Caracal caracal papillomavirus 5
SRR22071710_95166_ka_f_10.206_:111-1301	396	464	1190	gi|601448876|ref|NC_023852.1|	6692	6760	8228	85.507	2.97e-07	1226723	Canis familiaris papillomavirus 13
