SRR6976994Score=410.373_Edges=15_11_27_21_25_27_21_25_27_21_25_27_21_25_27_21_23_Position=1634_Alignment=40M2I81M1D73M74I5M57I6M59I5M50I47M6I8M1I125M4D_ScaffoldSuperpaths=_OriginScaffoldPath=	1	826	1917	gi|1878296596|gb|MN605989.1|	5393	6218	7353	96.610	0.0	1364	Human papillomavirus 4 isolate P2, complete genome
SRR6976994Score=410.373_Edges=15_11_27_21_25_27_21_25_27_21_25_27_21_25_27_21_23_Position=1634_Alignment=40M2I81M1D73M74I5M57I6M59I5M50I47M6I8M1I125M4D_ScaffoldSuperpaths=_OriginScaffoldPath=	1367	1917	1917	gi|1878296596|gb|MN605989.1|	6039	6589	7353	97.822	0.0	940	Human papillomavirus 4 isolate P2, complete genome
SRR6976994Score=410.373_Edges=15_11_27_21_25_27_21_25_27_21_25_27_21_25_27_21_23_Position=1634_Alignment=40M2I81M1D73M74I5M57I6M59I5M50I47M6I8M1I125M4D_ScaffoldSuperpaths=_OriginScaffoldPath=	827	1006	1917	gi|1878296596|gb|MN605989.1|	6039	6218	7353	96.111	2.34e-73	294	Human papillomavirus 4 isolate P2, complete genome
SRR6976994Score=410.373_Edges=15_11_27_21_25_27_21_25_27_21_25_27_21_25_27_21_23_Position=1634_Alignment=40M2I81M1D73M74I5M57I6M59I5M50I47M6I8M1I125M4D_ScaffoldSuperpaths=_OriginScaffoldPath=	1007	1186	1917	gi|1878296596|gb|MN605989.1|	6039	6218	7353	96.111	2.34e-73	294	Human papillomavirus 4 isolate P2, complete genome
SRR6976994Score=410.373_Edges=15_11_27_21_25_27_21_25_27_21_25_27_21_25_27_21_23_Position=1634_Alignment=40M2I81M1D73M74I5M57I6M59I5M50I47M6I8M1I125M4D_ScaffoldSuperpaths=_OriginScaffoldPath=	1187	1366	1917	gi|1878296596|gb|MN605989.1|	6039	6218	7353	96.111	2.34e-73	294	Human papillomavirus 4 isolate P2, complete genome
SRR6976994Score=410.373_Edges=15_11_27_21_25_27_21_25_27_21_25_27_21_25_27_21_23_Position=1634_Alignment=40M2I81M1D73M74I5M57I6M59I5M50I47M6I8M1I125M4D_ScaffoldSuperpaths=_OriginScaffoldPath=	1	826	1917	gi|9626597|ref|NC_001457.1|	5393	6218	7353	96.610	0.0	1364	Human papillomavirus type 4, complete genome
SRR6976994Score=410.373_Edges=15_11_27_21_25_27_21_25_27_21_25_27_21_25_27_21_23_Position=1634_Alignment=40M2I81M1D73M74I5M57I6M59I5M50I47M6I8M1I125M4D_ScaffoldSuperpaths=_OriginScaffoldPath=	1367	1917	1917	gi|9626597|ref|NC_001457.1|	6039	6589	7353	97.822	0.0	940	Human papillomavirus type 4, complete genome
SRR6976994Score=410.373_Edges=15_11_27_21_25_27_21_25_27_21_25_27_21_25_27_21_23_Position=1634_Alignment=40M2I81M1D73M74I5M57I6M59I5M50I47M6I8M1I125M4D_ScaffoldSuperpaths=_OriginScaffoldPath=	827	1006	1917	gi|9626597|ref|NC_001457.1|	6039	6218	7353	96.111	2.34e-73	294	Human papillomavirus type 4, complete genome
SRR6976994Score=410.373_Edges=15_11_27_21_25_27_21_25_27_21_25_27_21_25_27_21_23_Position=1634_Alignment=40M2I81M1D73M74I5M57I6M59I5M50I47M6I8M1I125M4D_ScaffoldSuperpaths=_OriginScaffoldPath=	1007	1186	1917	gi|9626597|ref|NC_001457.1|	6039	6218	7353	96.111	2.34e-73	294	Human papillomavirus type 4, complete genome
SRR6976994Score=410.373_Edges=15_11_27_21_25_27_21_25_27_21_25_27_21_25_27_21_23_Position=1634_Alignment=40M2I81M1D73M74I5M57I6M59I5M50I47M6I8M1I125M4D_ScaffoldSuperpaths=_OriginScaffoldPath=	1187	1366	1917	gi|9626597|ref|NC_001457.1|	6039	6218	7353	96.111	2.34e-73	294	Human papillomavirus type 4, complete genome
SRR6976994Score=410.373_Edges=15_11_27_21_25_27_21_25_27_21_25_27_21_25_27_21_23_Position=1634_Alignment=40M2I81M1D73M74I5M57I6M59I5M50I47M6I8M1I125M4D_ScaffoldSuperpaths=_OriginScaffoldPath=	1	801	1917	gi|1653972927|gb|MK620828.1|	5202	6002	6002	96.504	0.0	1319	Human papillomavirus 4 strain HPV4/S17-SI/CO/2018 E6 gene, partial cds; E7 gene, complete cds; E1 and E2 genes, partial cds; L2 gene, complete cds; and L1 gene, partial cds
SRR6976994Score=410.373_Edges=15_11_27_21_25_27_21_25_27_21_25_27_21_25_27_21_23_Position=1634_Alignment=40M2I81M1D73M74I5M57I6M59I5M50I47M6I8M1I125M4D_ScaffoldSuperpaths=_OriginScaffoldPath=	827	981	1917	gi|1653972927|gb|MK620828.1|	5848	6002	6002	95.484	8.74e-60	249	Human papillomavirus 4 strain HPV4/S17-SI/CO/2018 E6 gene, partial cds; E7 gene, complete cds; E1 and E2 genes, partial cds; L2 gene, complete cds; and L1 gene, partial cds
SRR6976994Score=410.373_Edges=15_11_27_21_25_27_21_25_27_21_25_27_21_25_27_21_23_Position=1634_Alignment=40M2I81M1D73M74I5M57I6M59I5M50I47M6I8M1I125M4D_ScaffoldSuperpaths=_OriginScaffoldPath=	1007	1161	1917	gi|1653972927|gb|MK620828.1|	5848	6002	6002	95.484	8.74e-60	249	Human papillomavirus 4 strain HPV4/S17-SI/CO/2018 E6 gene, partial cds; E7 gene, complete cds; E1 and E2 genes, partial cds; L2 gene, complete cds; and L1 gene, partial cds
SRR6976994Score=410.373_Edges=15_11_27_21_25_27_21_25_27_21_25_27_21_25_27_21_23_Position=1634_Alignment=40M2I81M1D73M74I5M57I6M59I5M50I47M6I8M1I125M4D_ScaffoldSuperpaths=_OriginScaffoldPath=	1187	1341	1917	gi|1653972927|gb|MK620828.1|	5848	6002	6002	95.484	8.74e-60	249	Human papillomavirus 4 strain HPV4/S17-SI/CO/2018 E6 gene, partial cds; E7 gene, complete cds; E1 and E2 genes, partial cds; L2 gene, complete cds; and L1 gene, partial cds
SRR6976994Score=410.373_Edges=15_11_27_21_25_27_21_25_27_21_25_27_21_25_27_21_23_Position=1634_Alignment=40M2I81M1D73M74I5M57I6M59I5M50I47M6I8M1I125M4D_ScaffoldSuperpaths=_OriginScaffoldPath=	1367	1521	1917	gi|1653972927|gb|MK620828.1|	5848	6002	6002	95.484	8.74e-60	249	Human papillomavirus 4 strain HPV4/S17-SI/CO/2018 E6 gene, partial cds; E7 gene, complete cds; E1 and E2 genes, partial cds; L2 gene, complete cds; and L1 gene, partial cds
SRR6976994Score=410.373_Edges=15_11_27_21_25_27_21_25_27_21_25_27_21_25_27_21_23_Position=1634_Alignment=40M2I81M1D73M74I5M57I6M59I5M50I47M6I8M1I125M4D_ScaffoldSuperpaths=_OriginScaffoldPath=	266	826	1917	gi|2130833611|gb|MZ516382.1|	1	561	604	99.287	0.0	994	Human papillomavirus 4 isolate MY/2020/2193572 L1 protein gene, partial cds
SRR6976994Score=410.373_Edges=15_11_27_21_25_27_21_25_27_21_25_27_21_25_27_21_23_Position=1634_Alignment=40M2I81M1D73M74I5M57I6M59I5M50I47M6I8M1I125M4D_ScaffoldSuperpaths=_OriginScaffoldPath=	1367	1589	1917	gi|2130833611|gb|MZ516382.1|	382	604	604	99.552	7.65e-105	398	Human papillomavirus 4 isolate MY/2020/2193572 L1 protein gene, partial cds
SRR6976994Score=410.373_Edges=15_11_27_21_25_27_21_25_27_21_25_27_21_25_27_21_23_Position=1634_Alignment=40M2I81M1D73M74I5M57I6M59I5M50I47M6I8M1I125M4D_ScaffoldSuperpaths=_OriginScaffoldPath=	827	1006	1917	gi|2130833611|gb|MZ516382.1|	382	561	604	99.444	1.69e-81	321	Human papillomavirus 4 isolate MY/2020/2193572 L1 protein gene, partial cds
SRR6976994Score=410.373_Edges=15_11_27_21_25_27_21_25_27_21_25_27_21_25_27_21_23_Position=1634_Alignment=40M2I81M1D73M74I5M57I6M59I5M50I47M6I8M1I125M4D_ScaffoldSuperpaths=_OriginScaffoldPath=	1007	1186	1917	gi|2130833611|gb|MZ516382.1|	382	561	604	99.444	1.69e-81	321	Human papillomavirus 4 isolate MY/2020/2193572 L1 protein gene, partial cds
SRR6976994Score=410.373_Edges=15_11_27_21_25_27_21_25_27_21_25_27_21_25_27_21_23_Position=1634_Alignment=40M2I81M1D73M74I5M57I6M59I5M50I47M6I8M1I125M4D_ScaffoldSuperpaths=_OriginScaffoldPath=	1187	1366	1917	gi|2130833611|gb|MZ516382.1|	382	561	604	99.444	1.69e-81	321	Human papillomavirus 4 isolate MY/2020/2193572 L1 protein gene, partial cds
SRR6976994Score=410.373_Edges=15_11_27_21_25_27_21_25_27_21_25_27_21_25_27_21_23_Position=1634_Alignment=40M2I81M1D73M74I5M57I6M59I5M50I47M6I8M1I125M4D_ScaffoldSuperpaths=_OriginScaffoldPath=	1	813	1917	gi|312100|emb|X70829.1|	5374	6186	7308	84.748	0.0	908	Human papillomavirus type 65 complete genome
SRR6976994Score=410.373_Edges=15_11_27_21_25_27_21_25_27_21_25_27_21_25_27_21_23_Position=1634_Alignment=40M2I81M1D73M74I5M57I6M59I5M50I47M6I8M1I125M4D_ScaffoldSuperpaths=_OriginScaffoldPath=	1367	1917	1917	gi|312100|emb|X70829.1|	6020	6570	7308	82.396	1.29e-152	557	Human papillomavirus type 65 complete genome
SRR6976994Score=410.373_Edges=15_11_27_21_25_27_21_25_27_21_25_27_21_25_27_21_23_Position=1634_Alignment=40M2I81M1D73M74I5M57I6M59I5M50I47M6I8M1I125M4D_ScaffoldSuperpaths=_OriginScaffoldPath=	827	993	1917	gi|312100|emb|X70829.1|	6020	6186	7308	80.838	1.22e-32	158	Human papillomavirus type 65 complete genome
SRR6976994Score=410.373_Edges=15_11_27_21_25_27_21_25_27_21_25_27_21_25_27_21_23_Position=1634_Alignment=40M2I81M1D73M74I5M57I6M59I5M50I47M6I8M1I125M4D_ScaffoldSuperpaths=_OriginScaffoldPath=	1007	1173	1917	gi|312100|emb|X70829.1|	6020	6186	7308	80.838	1.22e-32	158	Human papillomavirus type 65 complete genome
SRR6976994Score=410.373_Edges=15_11_27_21_25_27_21_25_27_21_25_27_21_25_27_21_23_Position=1634_Alignment=40M2I81M1D73M74I5M57I6M59I5M50I47M6I8M1I125M4D_ScaffoldSuperpaths=_OriginScaffoldPath=	1187	1353	1917	gi|312100|emb|X70829.1|	6020	6186	7308	80.838	1.22e-32	158	Human papillomavirus type 65 complete genome
SRR14864804Score=434.172_Edges=9_Position=226_Alignment=40M7I37M1D43M6I42M4I96M6D130M_ScaffoldSuperpaths=_OriginScaffoldPath=	83	242	1215	gi|2065708455|gb|MZ374374.1|	5770	5920	7937	73.457	1.13e-11	88.7	Human papillomavirus 52 isolate PAP3332, complete genome
SRR14864804Score=434.172_Edges=9_Position=226_Alignment=40M7I37M1D43M6I42M4I96M6D130M_ScaffoldSuperpaths=_OriginScaffoldPath=	83	242	1215	gi|337238597|gb|HQ537736.1|	5770	5920	7937	73.457	1.13e-11	88.7	Human papillomavirus type 52 isolate Z096, complete genome
SRR14864804Score=434.172_Edges=9_Position=226_Alignment=40M7I37M1D43M6I42M4I96M6D130M_ScaffoldSuperpaths=_OriginScaffoldPath=	83	242	1215	gi|156187047|gb|EU077209.1|	206	356	1590	73.457	1.13e-11	88.7	Human papillomavirus type 52 isolate 17 major capsid protein L1 (L1) gene, complete cds
SRR14864804Score=434.172_Edges=9_Position=226_Alignment=40M7I37M1D43M6I42M4I96M6D130M_ScaffoldSuperpaths=_OriginScaffoldPath=	83	242	1215	gi|156187043|gb|EU077207.1|	206	356	1590	73.457	1.13e-11	88.7	Human papillomavirus type 52 isolate 15 major capsid protein L1 (L1) gene, complete cds
SRR14864804Score=434.172_Edges=9_Position=226_Alignment=40M7I37M1D43M6I42M4I96M6D130M_ScaffoldSuperpaths=_OriginScaffoldPath=	83	242	1215	gi|156187023|gb|EU077197.1|	206	356	1590	73.457	1.13e-11	88.7	Human papillomavirus type 52 isolate 5 major capsid protein L1 (L1) gene, complete cds
SRR4201718Score=598.373_Edges=35_Position=550_Alignment=40M3I77M2I45M1D103M6I70M1D58M_ScaffoldSuperpaths=_OriginScaffoldPath=	1	1212	1212	gi|1571847261|ref|NC_040787.1|	5924	7135	7869	75.924	0.0	852	Molossus molossus papillomavirus 1 isolate MmoPV1_MF, complete genome
SRR4201718Score=598.373_Edges=35_Position=550_Alignment=40M3I77M2I45M1D103M6I70M1D58M_ScaffoldSuperpaths=_OriginScaffoldPath=	1	1205	1212	gi|2183431454|gb|OL704823.1|	7364	8565	8872	74.463	0.0	779	Molossus molossus papillomavirus type 2 strain MAVG-32, complete genome
SRR4201718Score=598.373_Edges=35_Position=550_Alignment=40M3I77M2I45M1D103M6I70M1D58M_ScaffoldSuperpaths=_OriginScaffoldPath=	1	1212	1212	gi|2183431473|gb|OL704825.1|	7409	8609	8923	73.306	0.0	697	Eumops bonariensis papillomavirus type 2 strain MAVG-34, complete genome
SRR4201718Score=598.373_Edges=35_Position=550_Alignment=40M3I77M2I45M1D103M6I70M1D58M_ScaffoldSuperpaths=_OriginScaffoldPath=	1	677	1212	gi|1569059511|gb|MH230934.1|	585	1258	1259	71.137	3.67e-81	319	Tadarida brasiliensis papillomavirus isolate A5 putative late protein L2 (L2) and putative major capsid protein L1 (L1) genes, partial cds
SRR4201718Score=598.373_Edges=35_Position=550_Alignment=40M3I77M2I45M1D103M6I70M1D58M_ScaffoldSuperpaths=_OriginScaffoldPath=	142	1130	1212	gi|2737909595|gb|PP711985.1|	6726	7721	8491	66.179	2.32e-58	243	MAG: Mops bat papillomavirus isolate 11A/Kenya/BAT1213/2015 genomic sequence
SRR4201718Score=598.373_Edges=35_Position=550_Alignment=40M3I77M2I45M1D103M6I70M1D58M_ScaffoldSuperpaths=_OriginScaffoldPath=	4	210	1212	gi|2737909595|gb|PP711985.1|	4268	4032	8491	66.667	3.94e-11	86.0	MAG: Mops bat papillomavirus isolate 11A/Kenya/BAT1213/2015 genomic sequence
SRR7875388Score=564.13_Edges=41_53_47_17_15_29_33_Position=2624_Alignment=40M1I25M1I56M2I43M1D99M3D69M2I59M_ScaffoldSuperpaths=_OriginScaffoldPath=	1	1190	1191	gi|256352174|ref|NC_013117.1|	5580	6769	7498	77.918	0.0	956	Francolinus leucoscepus papillomavirus 1, complete genome
SRR7875388Score=564.13_Edges=41_53_47_17_15_29_33_Position=2624_Alignment=40M1I25M1I56M2I43M1D99M3D69M2I59M_ScaffoldSuperpaths=_OriginScaffoldPath=	111	1077	1191	gi|1605373213|gb|MK620319.1|	260	1220	1656	68.519	1.75e-91	352	Duck papillomavirus 3 strain NL14_D101 L1 (L1) gene, complete cds
SRR7875388Score=564.13_Edges=41_53_47_17_15_29_33_Position=2624_Alignment=40M1I25M1I56M2I43M1D99M3D69M2I59M_ScaffoldSuperpaths=_OriginScaffoldPath=	111	1077	1191	gi|1605373211|gb|MK620318.1|	208	1168	1604	68.519	1.75e-91	352	Duck papillomavirus 3 strain NL14_S1573 L1 (L1) gene, complete cds
SRR7875388Score=564.13_Edges=41_53_47_17_15_29_33_Position=2624_Alignment=40M1I25M1I56M2I43M1D99M3D69M2I59M_ScaffoldSuperpaths=_OriginScaffoldPath=	2	1077	1191	gi|1605373191|gb|MK620308.1|	145	1220	1656	67.926	6.11e-91	351	Duck papillomavirus 3 strain NL14_M344 L1 (L1) gene, complete cds
SRR7875388Score=564.13_Edges=41_53_47_17_15_29_33_Position=2624_Alignment=40M1I25M1I56M2I43M1D99M3D69M2I59M_ScaffoldSuperpaths=_OriginScaffoldPath=	2	1077	1191	gi|1605373063|gb|MK620303.1|	5879	6954	7887	67.926	6.11e-91	351	Duck papillomavirus 3 strain NL14_B8, complete genome
ERR10188014Score=575.246_Edges=21_Position=1781_Alignment=40M2D222M1D71M1D58M_ScaffoldSuperpaths=_OriginScaffoldPath=	3	1160	1173	gi|1523394342|gb|MH237829.1|	5537	6688	7699	66.809	5.27e-79	312	Bos taurus papillomavirus 8 isolate BPV8_BR/02AC12, complete genome
ERR10188014Score=575.246_Edges=21_Position=1781_Alignment=40M2D222M1D71M1D58M_ScaffoldSuperpaths=_OriginScaffoldPath=	3	1160	1173	gi|2075898012|gb|MW436430.1|	5591	6742	7839	66.723	6.42e-78	307	Bos taurus papillomavirus 8 isolate 4834RS16-BR node 2, complete genome
ERR10188014Score=575.246_Edges=21_Position=1781_Alignment=40M2D222M1D71M1D58M_ScaffoldSuperpaths=_OriginScaffoldPath=	3	1160	1173	gi|2075898003|gb|MW436429.1|	5537	6688	7699	66.723	6.42e-78	307	Bos taurus papillomavirus 8 isolate 4150RS16-BR node 1, complete genome
ERR10188014Score=575.246_Edges=21_Position=1781_Alignment=40M2D222M1D71M1D58M_ScaffoldSuperpaths=_OriginScaffoldPath=	3	1160	1173	gi|89034263|gb|DQ098917.1|	5642	6793	7773	66.723	6.42e-78	307	Bovine papillomavirus type 8-EB, complete genome
ERR10188014Score=575.246_Edges=21_Position=1781_Alignment=40M2D222M1D71M1D58M_ScaffoldSuperpaths=_OriginScaffoldPath=	3	1160	1173	gi|89034256|gb|DQ098913.1|	5642	6793	7791	66.723	6.42e-78	307	Bovine papillomavirus type 8, complete genome
SRR4332828Score=261.287_Edges=143_147_173_167_107_53_109_Position=427_Alignment=6M1I34M2D35M1D43M8D29M17I14M2I23M1D15M3I40M17D68M6D53M_ScaffoldSuperpaths=_OriginScaffoldPath=	1	1149	1149	gi|2710388917|tpg|BK066313.1|	4120	5262	5716	76.211	0.0	837	MAG TPA_asm: Papillomavirus rana6035 isolate Papilloma6035 genomic sequence
SRR4332828Score=261.287_Edges=143_147_173_167_107_53_109_Position=427_Alignment=6M1I34M2D35M1D43M8D29M17I14M2I23M1D15M3I40M17D68M6D53M_ScaffoldSuperpaths=_OriginScaffoldPath=	682	1139	1149	gi|2710394428|tpg|BK066841.1|	4871	5340	5852	66.176	3.98e-17	105	MAG TPA_asm: Papillomavirus rana5986 isolate Papilloma5986 genomic sequence
SRR4332828Score=261.287_Edges=143_147_173_167_107_53_109_Position=427_Alignment=6M1I34M2D35M1D43M8D29M17I14M2I23M1D15M3I40M17D68M6D53M_ScaffoldSuperpaths=_OriginScaffoldPath=	4	284	1149	gi|2710394428|tpg|BK066841.1|	4196	4473	5852	67.730	3.06e-12	90.6	MAG TPA_asm: Papillomavirus rana5986 isolate Papilloma5986 genomic sequence
SRR14731653Score=259.03_Edges=57_77_81_7_27_Position=1408_Alignment=40M2D35M1D33M15D32M18I18M3I19M1D15M3I48M13D63M7D53M_ScaffoldSuperpaths=_OriginScaffoldPath=	657	947	1140	gi|2710388917|tpg|BK066313.1|	4786	5066	5716	68.942	2.66e-19	113	MAG TPA_asm: Papillomavirus rana6035 isolate Papilloma6035 genomic sequence
SRR14731653Score=259.03_Edges=57_77_81_7_27_Position=1408_Alignment=40M2D35M1D33M15D32M18I18M3I19M1D15M3I48M13D63M7D53M_ScaffoldSuperpaths=_OriginScaffoldPath=	819	947	1140	gi|2710394428|tpg|BK066841.1|	5023	5151	5852	72.868	6.68e-08	76.1	MAG TPA_asm: Papillomavirus rana5986 isolate Papilloma5986 genomic sequence
SRR14731653Score=259.03_Edges=57_77_81_7_27_Position=1408_Alignment=40M2D35M1D33M15D32M18I18M3I19M1D15M3I48M13D63M7D53M_ScaffoldSuperpaths=_OriginScaffoldPath=	172	275	1140	gi|2710395175|tpg|BK066894.1|	4185	4288	5716	75.472	2.84e-06	69.8	MAG TPA_asm: Papillomavirus rana5702 isolate Papilloma5702 genomic sequence
DRR319698Score=299.228_Edges=9_Position=54_Alignment=40M2D30M1I86M9D28M1D15M3I44M4D5M2D68M3D58M_ScaffoldSuperpaths=_OriginScaffoldPath=	1	1122	1134	gi|2699892991|gb|OR952862.1|	4315	5439	5941	68.361	3.43e-100	381	MAG: Myotis ricketti associated fish papillomavirus isolate JX2020 E7 protein, E1 protein, E2 protein, L2 protein, and L1 protein genes, complete cds
DRR319698Score=299.228_Edges=9_Position=54_Alignment=40M2D30M1I86M9D28M1D15M3I44M4D5M2D68M3D58M_ScaffoldSuperpaths=_OriginScaffoldPath=	2	1124	1134	gi|2699892989|gb|OR952861.1|	1580	455	1861	66.374	1.05e-68	278	MAG: Myotis ricketti associated fish papillomavirus isolate JX2020 L1 protein gene, complete cds
SRR24184635SRR24184635Score=265.377_Edges=3_Position=4776_Alignment=38M6D26M1D44M13D30M17I18M7I19M1D15M3I46M14D64M8D52M_ScaffoldSuperpaths=_OriginScaffoldPath=	658	1131	1137	gi|2710394428|tpg|BK066841.1|	4862	5344	5852	71.429	9.24e-57	238	MAG TPA_asm: Papillomavirus rana5986 isolate Papilloma5986 genomic sequence
SRR24184635SRR24184635Score=265.377_Edges=3_Position=4776_Alignment=38M6D26M1D44M13D30M17I18M7I19M1D15M3I46M14D64M8D52M_ScaffoldSuperpaths=_OriginScaffoldPath=	1	416	1137	gi|2710394428|tpg|BK066841.1|	4196	4629	5852	67.426	2.32e-26	137	MAG TPA_asm: Papillomavirus rana5986 isolate Papilloma5986 genomic sequence
SRR24184635SRR24184635Score=265.377_Edges=3_Position=4776_Alignment=38M6D26M1D44M13D30M17I18M7I19M1D15M3I46M14D64M8D52M_ScaffoldSuperpaths=_OriginScaffoldPath=	819	947	1137	gi|2710388917|tpg|BK066313.1|	4938	5066	5716	78.295	1.13e-17	107	MAG TPA_asm: Papillomavirus rana6035 isolate Papilloma6035 genomic sequence
SRR24184635SRR24184635Score=265.377_Edges=3_Position=4776_Alignment=38M6D26M1D44M13D30M17I18M7I19M1D15M3I46M14D64M8D52M_ScaffoldSuperpaths=_OriginScaffoldPath=	667	732	1137	gi|2710388917|tpg|BK066313.1|	4795	4860	5716	81.818	3.45e-05	66.2	MAG TPA_asm: Papillomavirus rana6035 isolate Papilloma6035 genomic sequence
DRR336006_10198_ka_f_37.208__108-1289	1	1181	1181	gi|1000033540|gb|KR029095.1|	34	1214	1419	76.461	0.0	877	Human papillomavirus 18 major capsid protein (L1) gene, partial cds
DRR336006_10198_ka_f_37.208__108-1289	7	1181	1181	gi|516318369|gb|KC792556.1|	52	1226	1524	76.170	0.0	857	Synthetic construct major capsid protein gene, complete cds
DRR336006_10198_ka_f_37.208__108-1289	7	1181	1181	gi|429843894|gb|JX897005.1|	52	1226	1524	75.745	0.0	835	Synthetic construct human papillomavirus type 18 L1 gene, complete cds
DRR336006_10198_ka_f_37.208__108-1289	7	1181	1181	gi|982518517|gb|KT428601.1|	52	1226	1524	75.660	0.0	830	Synthetic construct L1 protein (HPV18 L1 NG2) gene, complete cds
DRR336006_10198_ka_f_37.208__108-1289	1	1181	1181	gi|290109394|gb|GU556965.1|	46	1226	1428	75.507	0.0	825	Synthetic construct codon-modified HPV18 L1 protein gene, complete cds
DRR452111_551228_ka_f_11.322_L_1153038_L_1153038_L_1153038_L_1153038__96-1262	20	1151	1166	gi|607064665|ref|NC_023895.1|	5267	6407	7256	71.528	1.82e-154	562	Rupicapra rupicapra papillomavirus 1, complete genome
DRR452111_551228_ka_f_11.322_L_1153038_L_1153038_L_1153038_L_1153038__96-1262	13	1161	1166	gi|1464308881|ref|NC_038516.1|	5887	7047	7344	71.109	7.75e-153	557	Ovine papillomavirus type 3 isolate Sar1, complete genome
DRR452111_551228_ka_f_11.322_L_1153038_L_1153038_L_1153038_L_1153038__96-1262	182	977	1166	gi|2771753907|gb|PQ037580.1|	5621	6432	7379	67.076	4.91e-54	229	Firstpapillomavirinae sp. isolate N5, complete genome
DRR452111_551228_ka_f_11.322_L_1153038_L_1153038_L_1153038_L_1153038__96-1262	79	977	1166	gi|1209055474|gb|KY705374.1|	6098	7008	7480	65.659	1.01e-43	194	Bovine papillomavirus isolate NY-8385, complete genome
DRR452111_551228_ka_f_11.322_L_1153038_L_1153038_L_1153038_L_1153038__96-1262	79	977	1166	gi|1215835572|ref|NC_035208.1|	6098	7008	7480	65.659	1.01e-43	194	Bovine papillomavirus isolate NY-8385, complete genome
ERR10188009_10374_ka_f_7.625__99-1295	4	1191	1196	gi|82547780|ref|NC_007612.1|	5586	6780	7412	70.124	2.97e-139	512	Bovine papillomavirus 7, complete genome
ERR10188009_10374_ka_f_7.625__99-1295	4	1191	1196	gi|693764281|gb|KM096429.1|	5583	6777	7526	69.959	1.54e-136	503	Bos taurus papillomavirus 7 strain IT-221, complete genome
ERR10188009_10374_ka_f_7.625__99-1295	4	1191	1196	gi|693764273|gb|KM096428.1|	5457	6651	7438	69.959	1.54e-136	503	Bos taurus papillomavirus 7 strain IT-215, complete genome
ERR10188009_10374_ka_f_7.625__99-1295	85	562	1196	gi|573463919|gb|KF751805.1|	3	483	484	71.281	4.14e-55	233	Bovine papillomavirus 7 isolate SW04 major capsid protein (L1) gene, partial cds
ERR10188009_10374_ka_f_7.625__99-1295	120	729	1196	gi|1409653136|gb|MH512005.1|	5528	6143	7389	69.243	5.04e-54	229	Bovine papillomavirus isolate ujs-21015, complete genome
ERR10188083_7788_ka_f_9.141__117-1292	45	1169	1175	gi|2075900665|gb|MW543424.1|	196	1314	1416	73.451	0.0	660	Bos taurus papillomavirus isolate 3891RS16-BR node 11 L1 major capsid protein (L1) gene, partial cds
ERR10188083_7788_ka_f_9.141__117-1292	45	1169	1175	gi|2075897858|gb|MW401531.1|	5276	6394	7354	73.274	0.0	651	Bos taurus papillomavirus 33 isolate 4827RS16-BR node 7, complete genome
ERR10188083_7788_ka_f_9.141__117-1292	137	944	1175	gi|2075900667|gb|MW543425.1|	29	833	833	75.092	2.10e-147	538	Bos taurus papillomavirus isolate 4826RS16-BR node 74 L1 major capsid protein (L1) gene, partial cds
ERR10188083_7788_ka_f_9.141__117-1292	139	1167	1175	gi|1571847247|ref|NC_040785.1|	6008	7039	7342	67.627	1.62e-85	333	Rusa timorensis papillomavirus type 2 isolate IZW 39/08, complete genome
ERR10188083_7788_ka_f_9.141__117-1292	136	710	1175	gi|953064197|gb|KT626573.1|	6090	6664	8029	68.166	5.65e-47	205	Deltapapillomavirus 5 isolate DE1641-14, complete genome
ERR10188112_96_ka_f_41.396_L_96_L_96__129-1307	2	1164	1178	gi|2075900665|gb|MW543424.1|	153	1306	1416	73.070	0.0	674	Bos taurus papillomavirus isolate 3891RS16-BR node 11 L1 major capsid protein (L1) gene, partial cds
ERR10188112_96_ka_f_41.396_L_96_L_96__129-1307	2	1164	1178	gi|2075897858|gb|MW401531.1|	5233	6386	7354	72.727	0.0	656	Bos taurus papillomavirus 33 isolate 4827RS16-BR node 7, complete genome
ERR10188112_96_ka_f_41.396_L_96_L_96__129-1307	137	944	1178	gi|2075900667|gb|MW543425.1|	29	833	833	75.462	6.43e-154	561	Bos taurus papillomavirus isolate 4826RS16-BR node 74 L1 major capsid protein (L1) gene, partial cds
ERR10188112_96_ka_f_41.396_L_96_L_96__129-1307	163	1167	1178	gi|1571847247|ref|NC_040785.1|	6032	7036	7342	67.385	7.36e-71	284	Rusa timorensis papillomavirus type 2 isolate IZW 39/08, complete genome
ERR10188112_96_ka_f_41.396_L_96_L_96__129-1307	136	674	1178	gi|9627074|ref|NC_001524.1|	6211	6749	8095	66.667	3.82e-30	149	Alces alces papillomavirus 1, complete genome
ERR10188114_7499_ka_f_11.335__84-1256	46	1160	1172	gi|2075900665|gb|MW543424.1|	197	1308	1416	71.708	5.25e-155	563	Bos taurus papillomavirus isolate 3891RS16-BR node 11 L1 major capsid protein (L1) gene, partial cds
ERR10188114_7499_ka_f_11.335__84-1256	46	1160	1172	gi|2075897858|gb|MW401531.1|	5277	6388	7354	71.733	2.23e-153	558	Bos taurus papillomavirus 33 isolate 4827RS16-BR node 7, complete genome
ERR10188114_7499_ka_f_11.335__84-1256	137	929	1172	gi|2075900667|gb|MW543425.1|	29	821	833	74.593	1.24e-137	506	Bos taurus papillomavirus isolate 4826RS16-BR node 74 L1 major capsid protein (L1) gene, partial cds
ERR10188114_7499_ka_f_11.335__84-1256	139	977	1172	gi|1571847247|ref|NC_040785.1|	6008	6852	7342	65.848	1.24e-42	191	Rusa timorensis papillomavirus type 2 isolate IZW 39/08, complete genome
ERR10188114_7499_ka_f_11.335__84-1256	20	753	1172	gi|1883631112|gb|MT130100.1|	5631	6358	7702	64.682	1.97e-27	140	Camelus dromedarius papillomavirus 3 strain NMS1, complete genome
ERR10188115_7453_ka_f_18.562_L_7453_L_7453__114-1283	34	963	1169	gi|806471442|gb|KP276343.1|	5685	6614	7966	65.053	5.26e-41	186	Bovine papillomavirus type 14 isolate CGKnose1, complete genome
ERR10188115_7453_ka_f_18.562_L_7453_L_7453__114-1283	34	674	1169	gi|943351592|gb|KR868228.1|	5685	6319	7966	66.974	1.84e-40	184	Bos taurus papillomavirus 14 isolate Aks-03, complete genome
ERR10188115_7453_ka_f_18.562_L_7453_L_7453__114-1283	830	963	1169	gi|943351592|gb|KR868228.1|	6481	6614	7966	70.896	3.55e-05	67.1	Bos taurus papillomavirus 14 isolate Aks-03, complete genome
ERR10188115_7453_ka_f_18.562_L_7453_L_7453__114-1283	4	965	1169	gi|1020268835|gb|KU707883.1|	5609	6564	7836	64.898	1.84e-40	183	Epsilonpapillomavirus 1 isolate BRA/05AC12, complete genome
ERR10188115_7453_ka_f_18.562_L_7453_L_7453__114-1283	2	1159	1169	gi|326631684|ref|NC_015268.1|	5667	6827	7906	64.587	3.32e-37	172	Camelus dromedarius papillomavirus type 2, complete genome
ERR10188115_7453_ka_f_18.562_L_7453_L_7453__114-1283	148	734	1169	gi|2075900661|gb|MW543422.1|	184	767	1491	66.444	3.79e-30	150	Bos taurus papillomavirus 43 isolate 4182RS16-BR node 1 L1 major capsid protein (L1) gene, complete cds
ERR10188203_1280_ka_f_9.904__45-1250	137	550	1205	gi|40548559|gb|AY426551.1|	1	414	414	99.758	0.0	743	Bovine papillomavirus isolate BAPV5 major capsid protein L1 gene, partial cds
ERR10188203_1280_ka_f_9.904__45-1250	1	1205	1205	gi|2075897843|gb|MW401529.1|	5367	6571	7634	66.288	4.17e-74	295	Bos taurus papillomavirus 31 isolate 4827RS16-BR node 2, complete genome
ERR10188203_1280_ka_f_9.904__45-1250	127	704	1205	gi|1409653136|gb|MH512005.1|	5538	6118	7389	69.966	1.46e-54	231	Bovine papillomavirus isolate ujs-21015, complete genome
ERR10188203_1280_ka_f_9.904__45-1250	127	704	1205	gi|2075900644|gb|MW447311.1|	5538	6118	7389	69.966	1.46e-54	231	Bos taurus papillomavirus 27 isolate 4827RS16-BR node 6, complete genome
ERR10188203_1280_ka_f_9.904__45-1250	127	704	1205	gi|2075900637|gb|MW447310.1|	5538	6118	7389	69.966	1.46e-54	231	Bos taurus papillomavirus 27 isolate 4826RS16-BR node 2, complete genome
ERR10447056_1195580_ka_f_6.837__0-1145	13	1145	1145	gi|2523362108|gb|OR113680.1|	5594	6723	7620	71.189	9.26e-152	553	MAG: Arctocephalus gazella papillomavirus 2 isolate AFS_2700_30, complete genome
ERR10447056_1195580_ka_f_6.837__0-1145	48	1145	1145	gi|1334609551|gb|MG571092.1|	5663	6772	7674	69.320	4.21e-118	442	Leptonychotes weddellii papillomavirus 7 isolate 17629, complete genome
ERR10447056_1195580_ka_f_6.837__0-1145	48	1145	1145	gi|2523362170|gb|OR113689.1|	5625	6734	7636	69.320	4.21e-118	442	MAG: Leptonychotes weddellii papillomavirus 7 isolate 17495_5, complete genome
ERR10447056_1195580_ka_f_6.837__0-1145	36	1128	1145	gi|2710392214|tpg|BK066597.1|	5603	6689	7546	68.569	2.33e-102	389	MAG TPA_asm: Papillomavirus molossus7687 isolate Papilloma7687 genomic sequence
ERR10447056_1195580_ka_f_6.837__0-1145	13	1145	1145	gi|1215835501|ref|NC_035201.1|	5681	6810	7676	68.118	5.14e-98	374	Ailuropoda melanoleuca papillomavirus 1 strain gpam001, complete genome
ERR10447066_222141_ka_f_40.090_L_222141_L_222141__111-1292	1	1181	1181	gi|1905007000|gb|MT265226.1|	6123	7306	7900	72.382	0.0	660	Canis familiaris papillomavirus 9 isolate UT, complete genome
ERR10447066_222141_ka_f_40.090_L_222141_L_222141__111-1292	1	1181	1181	gi|2320130413|gb|OP093951.1|	5856	7039	7890	72.391	0.0	652	Canine papillomavirus strain CPV/PK08/2019/BRA, complete genome
ERR10447066_222141_ka_f_40.090_L_222141_L_222141__111-1292	1	1181	1181	gi|1905006986|gb|MT265225.1|	5795	6978	7572	72.128	5.64e-180	646	Canis familiaris papillomavirus 9 isolate ABU, complete genome
ERR10447066_222141_ka_f_40.090_L_222141_L_222141__111-1292	1	1181	1181	gi|363540888|ref|NC_016074.1|	6096	7279	7873	72.128	5.64e-180	646	Canine papillomavirus 9, complete genome
ERR10447066_222141_ka_f_40.090_L_222141_L_222141__111-1292	1	1181	1181	gi|388542469|gb|JQ754321.1|	5856	7039	7890	72.054	3.56e-176	634	Canine papillomavirus 12 isolate Deacon C, complete sequence
ERR10942642_120924_ka_f_40.186_L_120924_L_120924__141-1346	1	1205	1205	gi|9628566|ref|NC_001693.1|	5443	6644	7313	69.275	7.51e-128	473	Human papillomavirus type 60, complete genome
ERR10942642_120924_ka_f_40.186_L_120924_L_120924__141-1346	25	1170	1205	gi|1464310369|ref|NC_038914.1|	5325	6473	7324	68.820	1.19e-112	424	Human papillomavirus type 184 complete genome, isolate SIBX17
ERR10942642_120924_ka_f_40.186_L_120924_L_120924__141-1346	25	1199	1205	gi|1559669679|gb|MH777180.2|	5311	6485	7291	68.487	1.77e-110	416	MAG: Human papillomavirus isolate HPV-mSK_032, complete genome
ERR10942642_120924_ka_f_40.186_L_120924_L_120924__141-1346	25	1199	1205	gi|1273499587|gb|MF588752.1|	5311	6485	7291	68.487	1.77e-110	416	Gammapapillomavirus 25 isolate Gamma25_w20c05a, complete genome
ERR10942642_120924_ka_f_40.186_L_120924_L_120924__141-1346	25	1199	1205	gi|916345895|gb|KP692119.1|	5312	6486	7292	68.487	1.77e-110	416	Human papillomavirus isolate SE435, complete genome
ERR10972965_850882_ka_f_787.436_L_850882_L_850882__60-1253	1	1155	1193	gi|2389031773|tpg|BK062776.1|	166	1317	1664	69.837	4.69e-124	462	TPA_asm: Manis javanica papillomavirus 1 isolate MP15A L1 (L1) gene, complete cds
ERR10972965_850882_ka_f_787.436_L_850882_L_850882__60-1253	1	1155	1193	gi|2389031634|tpg|BK062774.1|	1478	327	1577	69.751	5.72e-123	457	TPA_asm: Manis javanica papillomavirus 1 isolate MJ18 L1 (L1) gene, complete cds
ERR10972965_850882_ka_f_787.436_L_850882_L_850882__60-1253	1	1155	1193	gi|2710391926|tpg|BK066562.1|	5328	6488	7410	68.798	6.52e-116	434	MAG TPA_asm: Papillomavirus manis7551 isolate Papilloma7551 genomic sequence
ERR10972965_850882_ka_f_787.436_L_850882_L_850882__60-1253	1	1155	1193	gi|2389031841|tpg|BK062777.1|	283	1443	2059	68.627	3.38e-113	425	TPA_asm: Manis javanica papillomavirus 1 isolate MP15B L1 (L1) gene, complete cds
ERR10972965_850882_ka_f_787.436_L_850882_L_850882__60-1253	1	1155	1193	gi|2389031724|tpg|BK062775.1|	337	1497	2094	68.627	3.38e-113	425	TPA_asm: Manis javanica papillomavirus 1 isolate MJ33 L1 (L1) gene, complete cds
ERR11203045_133039_ka_f_28.897_L_133039_L_5248402_L_133039__114-1301	1	1187	1187	gi|430025787|ref|NC_019852.1|	6023	7197	7826	74.267	0.0	740	Canine papillomavirus 14 from Switzerland, complete genome
ERR11203045_133039_ka_f_28.897_L_133039_L_5248402_L_133039__114-1301	1	1187	1187	gi|347750421|ref|NC_016014.1|	5894	7065	7784	74.102	0.0	726	Canine papillomavirus 8, complete genome
ERR11203045_133039_ka_f_28.897_L_133039_L_5248402_L_133039__114-1301	3	1187	1187	gi|363540896|ref|NC_016075.1|	5959	7137	7774	70.819	3.36e-151	551	Canine papillomavirus 10, complete genome
ERR11203045_133039_ka_f_28.897_L_133039_L_5248402_L_133039__114-1301	3	1187	1187	gi|2552409916|gb|OQ836189.1|	5910	7088	7778	70.149	4.66e-143	524	Canis familiaris papillomavirus type 25, complete genome
ERR11203045_133039_ka_f_28.897_L_133039_L_5248402_L_133039__114-1301	3	1187	1187	gi|429841972|gb|JX899359.1|	5911	7089	7776	69.717	5.32e-136	500	Canine papillomavirus 15 isolate Hercules2012, complete genome
ERR11271768_2292159_ka_f_11.526__84-1271	5	1182	1187	gi|2523362108|gb|OR113680.1|	5547	6718	7620	68.555	3.59e-119	444	MAG: Arctocephalus gazella papillomavirus 2 isolate AFS_2700_30, complete genome
ERR11271768_2292159_ka_f_11.526__84-1271	1	1181	1187	gi|1334609551|gb|MG571092.1|	5577	6766	7674	67.276	4.68e-86	334	Leptonychotes weddellii papillomavirus 7 isolate 17629, complete genome
ERR11271768_2292159_ka_f_11.526__84-1271	1	1181	1187	gi|2523362170|gb|OR113689.1|	5539	6728	7636	67.276	4.68e-86	334	MAG: Leptonychotes weddellii papillomavirus 7 isolate 17495_5, complete genome
ERR11271768_2292159_ka_f_11.526__84-1271	2	1100	1187	gi|2775839692|gb|PP316141.1|	5493	6582	7499	67.297	2.42e-83	326	Canine papillomavirus strain Nova, complete genome
ERR11271768_2292159_ka_f_11.526__84-1271	2	1100	1187	gi|2710393971|tpg|BK066791.1|	5493	6582	7499	67.297	2.42e-83	326	MAG TPA_asm: Papillomavirus canis7640 isolate Papilloma7640 genomic sequence
ERR11271768_87624_ka_f_15.430_L_15196277__234-1412	5	1178	1178	gi|2710391775|tpg|BK066545.1|	6108	7287	8052	74.810	0.0	775	MAG TPA_asm: Papillomavirus numida8051 isolate Papilloma8051 genomic sequence
ERR11271768_87624_ka_f_15.430_L_15196277__234-1412	1	1178	1178	gi|2710389991|tpg|BK066366.1|	6329	7512	8260	74.791	0.0	771	MAG TPA_asm: Papillomavirus canis8371 isolate Papilloma8371 genomic sequence
ERR11271768_87624_ka_f_15.430_L_15196277__234-1412	1	1178	1178	gi|1464250076|gb|MH285954.1|	6216	7387	8140	74.706	0.0	758	Canine papillomavirus 23 strain Pemb_P8, complete genome
ERR11271768_87624_ka_f_15.430_L_15196277__234-1412	22	1178	1178	gi|2710394415|tpg|BK066839.1|	6294	7450	8222	73.522	0.0	681	MAG TPA_asm: Papillomavirus canis8363a isolate Papilloma8363a genomic sequence
ERR11271768_87624_ka_f_15.430_L_15196277__234-1412	22	1178	1178	gi|2710393739|tpg|BK066769.1|	6430	7586	8241	73.282	0.0	674	MAG TPA_asm: Papillomavirus canis8363 isolate Papilloma8363 genomic sequence
ERR11284570_2572796_ka_f_13.306_L_6272680_L_4729108__27-1211	5	1178	1184	gi|2523362108|gb|OR113680.1|	5547	6717	7620	69.003	5.67e-123	457	MAG: Arctocephalus gazella papillomavirus 2 isolate AFS_2700_30, complete genome
ERR11284570_2572796_ka_f_13.306_L_6272680_L_4729108__27-1211	1	1184	1184	gi|2523362096|gb|OR113678.1|	5586	6769	7665	67.550	7.39e-90	347	MAG: Hydrurga leptonyx papillomavirus 1 isolate LEO_100_27, complete genome
ERR11284570_2572796_ka_f_13.306_L_6272680_L_4729108__27-1211	136	1178	1184	gi|2523362102|gb|OR113679.1|	5681	6735	7623	67.727	3.14e-88	342	MAG: Arctocephalus gazella papillomavirus 1 isolate AFS_A32_29, complete genome
ERR11284570_2572796_ka_f_13.306_L_6272680_L_4729108__27-1211	51	1176	1184	gi|206599537|ref|NC_011280.1|	5308	6433	7260	66.930	6.92e-84	328	Sus scrofa papillomavirus type 1, complete genome
ERR11284570_2572796_ka_f_13.306_L_6272680_L_4729108__27-1211	76	1179	1184	gi|2699893165|gb|OR952903.1|	1349	2446	4171	67.056	1.03e-81	320	MAG: Rhinolophus bat papillomavirus 3 isolate ZJ2020 L2 protein gene, partial cds; and L1 protein and E6 protein genes, complete cds
ERR11403158_1683236_ka_f_7.246_L_2069517_L_4657239__147-1325	2	1178	1178	gi|363540896|ref|NC_016075.1|	5958	7137	7774	75.464	0.0	810	Canine papillomavirus 10, complete genome
ERR11403158_1683236_ka_f_7.246_L_2069517_L_4657239__147-1325	2	1178	1178	gi|2552409916|gb|OQ836189.1|	5909	7088	7778	72.007	3.55e-176	634	Canis familiaris papillomavirus type 25, complete genome
ERR11403158_1683236_ka_f_7.246_L_2069517_L_4657239__147-1325	2	1178	1178	gi|429841972|gb|JX899359.1|	5910	7089	7776	70.361	2.10e-147	539	Canine papillomavirus 15 isolate Hercules2012, complete genome
ERR11403158_1683236_ka_f_7.246_L_2069517_L_4657239__147-1325	3	1178	1178	gi|430025787|ref|NC_019852.1|	6025	7197	7826	67.595	1.09e-106	403	Canine papillomavirus 14 from Switzerland, complete genome
ERR11403158_1683236_ka_f_7.246_L_2069517_L_4657239__147-1325	4	1001	1178	gi|1214149369|gb|MF327537.1|	5847	6847	7886	66.899	1.17e-74	297	Ailuropoda melanoleuca papillomavirus 4 strain gpam003, complete genome
ERR11785766_79526_ka_f_135.587_L_79526_L_79526__81-1256	11	1166	1175	gi|2075900665|gb|MW543424.1|	162	1311	1416	77.615	0.0	913	Bos taurus papillomavirus isolate 3891RS16-BR node 11 L1 major capsid protein (L1) gene, partial cds
ERR11785766_79526_ka_f_135.587_L_79526_L_79526__81-1256	11	1166	1175	gi|2075897858|gb|MW401531.1|	5242	6391	7354	77.182	0.0	891	Bos taurus papillomavirus 33 isolate 4827RS16-BR node 7, complete genome
ERR11785766_79526_ka_f_135.587_L_79526_L_79526__81-1256	114	941	1175	gi|2075900667|gb|MW543425.1|	6	833	833	79.011	0.0	704	Bos taurus papillomavirus isolate 4826RS16-BR node 74 L1 major capsid protein (L1) gene, partial cds
ERR11785766_79526_ka_f_135.587_L_79526_L_79526__81-1256	136	1171	1175	gi|1571847247|ref|NC_040785.1|	6005	7044	7342	67.013	1.09e-68	277	Rusa timorensis papillomavirus type 2 isolate IZW 39/08, complete genome
ERR11785766_79526_ka_f_135.587_L_79526_L_79526__81-1256	43	981	1175	gi|402694822|gb|JX174442.1|	5704	6645	7946	65.285	8.38e-45	198	Bos grunniens papillomavirus type 1 strain QH-6, complete genome
ERR11785783_542324_ka_f_124.224_L_542324_L_542324__87-1253	4	966	1166	gi|1524845267|gb|MH220402.1|	5612	6568	7839	65.884	3.31e-56	236	Bos taurus papillomavirus 5 strain BPV5_BR/02AC12, complete genome
ERR11785783_542324_ka_f_124.224_L_542324_L_542324__87-1253	4	966	1166	gi|23217014|ref|NC_004195.1|	5613	6569	7841	65.884	3.31e-56	236	Bovine papillomavirus type 5, complete genome
ERR11785783_542324_ka_f_124.224_L_542324_L_542324__87-1253	4	966	1166	gi|22901263|gb|AF457465.1|	5613	6569	7841	65.884	3.31e-56	236	Bos taurus papillomavirus 5, complete genome
ERR11785783_542324_ka_f_124.224_L_542324_L_542324__87-1253	4	966	1166	gi|1020268835|gb|KU707883.1|	5609	6565	7836	66.055	1.15e-55	234	Epsilonpapillomavirus 1 isolate BRA/05AC12, complete genome
ERR11785783_542324_ka_f_124.224_L_542324_L_542324__87-1253	4	966	1166	gi|40804485|emb|AJ620206.1|	5717	6673	7840	65.679	1.71e-53	227	Bovine papillomavirus type 5 complete genome
ERR1301447_2108_ka_f_5.661__51-1232	1	1181	1181	gi|2699892917|gb|OR952841.1|	375	1546	5677	71.799	2.56e-165	598	MAG: Scotophilus kuhlii papillomavirus 1 isolate GX2017 L1 protein, E7 protein, and putative early E1 protein genes, complete cds; and E2 protein gene, partial cds
ERR1301447_2108_ka_f_5.661__51-1232	1	1181	1181	gi|2699892911|gb|OR952839.1|	5532	6700	7236	71.987	1.09e-163	593	MAG: Scotophilus kuhlii papillomavirus 1 isolate GD2018 E6 protein gene, partial cds; and putative early E1 protein and L1 protein genes, complete cds
ERR1301447_2108_ka_f_5.661__51-1232	1	1181	1181	gi|2699892895|gb|OR952836.1|	349	1520	1680	71.715	1.09e-163	593	MAG: Scotophilus kuhlii papillomavirus 1 isolate GD2018 L1 protein gene, partial cds
ERR1301447_2108_ka_f_5.661__51-1232	1	1181	1181	gi|2699892876|gb|OR952832.1|	232	1403	1831	71.715	1.09e-163	593	MAG: Scotophilus kuhlii papillomavirus 1 isolate GD2018 L1 protein gene, complete cds
ERR1301447_2108_ka_f_5.661__51-1232	1	1181	1181	gi|2699892928|gb|OR952844.1|	26	1197	3021	70.830	4.34e-156	568	MAG: Scotophilus kuhlii papillomavirus 1 isolate GX2017 L1 protein gene, partial cds; and E6 protein and E7 protein genes, complete cds
ERR1301474_1788_ka_f_8.370__57-1247	2	1190	1190	gi|255762023|gb|GQ180114.1|	5892	7080	7378	78.974	0.0	1018	Rattus norvegicus papillomavirus 1 EES-2009, complete genome
ERR1301474_1788_ka_f_8.370__57-1247	2	1190	1190	gi|1571837270|ref|NC_040604.1|	5331	6519	7373	78.806	0.0	1009	Rodent papillomavirus isolate RtRn-PV/GD2014, complete genome
ERR1301474_1788_ka_f_8.370__57-1247	2	1190	1190	gi|1476681449|gb|MH892425.1|	5325	6513	7370	78.638	0.0	1000	Papillomaviridae RPVne-OR02-zj isolate RPVnew-OR02-zj, complete genome
ERR1301474_1788_ka_f_8.370__57-1247	2	1190	1190	gi|2462484680|gb|ON932812.1|	50	1238	1539	78.638	0.0	1000	Rodent papillomavirus isolate PV-HMU-4 L1 protein gene, complete cds
ERR1301474_1788_ka_f_8.370__57-1247	2	1190	1190	gi|2462484678|gb|ON932811.1|	44	1232	1476	78.638	0.0	1000	Rodent papillomavirus isolate PV-HMU-3 L1 protein gene, partial cds
ERR1301521_1469_ka_f_15.866_L_1469_L_1469__51-1232	1	1181	1181	gi|2699892911|gb|OR952839.1|	5532	6700	7236	73.238	0.0	680	MAG: Scotophilus kuhlii papillomavirus 1 isolate GD2018 E6 protein gene, partial cds; and putative early E1 protein and L1 protein genes, complete cds
ERR1301521_1469_ka_f_15.866_L_1469_L_1469__51-1232	1	1181	1181	gi|2699892875|gb|OR952831.1|	27	1204	1303	72.446	3.56e-176	634	MAG: Scotophilus kuhlii papillomavirus 1 isolate GD2018 L1 protein-like gene, complete sequence
ERR1301521_1469_ka_f_15.866_L_1469_L_1469__51-1232	1	1181	1181	gi|2699892895|gb|OR952836.1|	349	1520	1680	72.278	1.84e-173	626	MAG: Scotophilus kuhlii papillomavirus 1 isolate GD2018 L1 protein gene, partial cds
ERR1301521_1469_ka_f_15.866_L_1469_L_1469__51-1232	1	1181	1181	gi|2699892917|gb|OR952841.1|	375	1546	5677	72.194	2.25e-172	621	MAG: Scotophilus kuhlii papillomavirus 1 isolate GX2017 L1 protein, E7 protein, and putative early E1 protein genes, complete cds; and E2 protein gene, partial cds
ERR1301521_1469_ka_f_15.866_L_1469_L_1469__51-1232	1	1181	1181	gi|2699892876|gb|OR952832.1|	232	1403	1831	72.111	9.56e-171	617	MAG: Scotophilus kuhlii papillomavirus 1 isolate GD2018 L1 protein gene, complete cds
ERR1301530_3971_ka_f_10.046__168-1343	1	1172	1175	gi|2699892629|gb|OR952781.1|	176	1347	1737	72.265	4.04e-169	611	MAG: Bat papillomavirus isolate HI2018_032_3103 putative late L1 protein gene, complete cds
ERR1301530_3971_ka_f_10.046__168-1343	1	1175	1175	gi|2699892915|gb|OR952840.1|	226	1400	1512	71.959	4.04e-169	610	MAG: Bat papillomavirus isolate GD2018 putative late L1 protein gene, partial cds
ERR1301530_3971_ka_f_10.046__168-1343	1	1175	1175	gi|2699893063|gb|OR952878.1|	1697	2868	3350	71.272	5.62e-161	583	MAG: Bat papillomavirus isolate YN2016 putative late L2 protein and putative late L1 protein genes, complete cds
ERR1301530_3971_ka_f_10.046__168-1343	1	1175	1175	gi|2699893054|gb|OR952876.1|	1484	2661	8074	71.644	1.96e-160	582	MAG: Bat papillomavirus isolate YN2016 putative late L2 protein gene, partial cds; and putative late L1 protein, E6 protein, E7 protein, putative early E1 protein, and putative early E2 protein genes, complete cds
ERR1301530_3971_ka_f_10.046__168-1343	1	1172	1175	gi|2718284557|gb|PP410049.1|	5606	6777	7647	71.849	2.39e-159	579	MAG: Plecotus austriacus papillomavirus 1 isolate MAVG49, complete genome
ERR2756792_1679_ka_f_8.853__57-1241	1	1184	1184	gi|2699893124|gb|OR952895.1|	3107	4296	6995	67.054	2.42e-83	326	MAG: Bat papillomavirus isolate YN2016 E2 protein, L2 protein, L1 protein, E6 protein, and E7 protein genes, complete cds; and E1 protein gene, partial cds
ERR2756792_1679_ka_f_8.853__57-1241	133	995	1184	gi|2775839692|gb|PP316141.1|	5627	6480	7499	66.437	1.17e-55	233	Canine papillomavirus strain Nova, complete genome
ERR2756792_1679_ka_f_8.853__57-1241	133	995	1184	gi|2710393971|tpg|BK066791.1|	5627	6480	7499	66.437	1.17e-55	233	MAG TPA_asm: Papillomavirus canis7640 isolate Papilloma7640 genomic sequence
ERR2756792_1679_ka_f_8.853__57-1241	14	1175	1184	gi|1559669658|gb|MH777355.2|	5331	6516	7386	64.813	4.10e-55	233	MAG: Human papillomavirus isolate HPV-mSK_216, partial genome
ERR2756792_1679_ka_f_8.853__57-1241	24	1106	1184	gi|1559669341|gb|MH777189.2|	5370	6458	7305	65.158	6.08e-53	224	MAG: Human papillomavirus isolate HPV-mSK_042, partial genome
ERR2985417_92987_ka_f_10.325_L_92987_L_92987__51-1226	136	1169	1175	gi|2771753907|gb|PQ037580.1|	5579	6615	7379	65.392	6.03e-53	224	Firstpapillomavirinae sp. isolate N5, complete genome
ERR2985417_92987_ka_f_10.325_L_92987_L_92987__51-1226	837	1055	1175	gi|1347733685|gb|MG744508.1|	6143	6361	7299	72.398	7.86e-20	114	Tursiops truncatus papillomavirus 8, complete genome
ERR2985417_92987_ka_f_10.325_L_92987_L_92987__51-1226	514	1137	1175	gi|1464311073|ref|NC_039037.1|	6173	6808	7138	64.263	9.57e-19	111	Pudu puda papillomavirus type 1, complete genome
ERR2985417_92987_ka_f_10.325_L_92987_L_92987__51-1226	835	1055	1175	gi|2075897964|gb|MW436424.1|	6146	6381	7264	69.068	4.07e-17	106	Bos taurus papillomavirus 4 isolate 4827RS16-BR node 9, complete genome
ERR2985417_92987_ka_f_10.325_L_92987_L_92987__51-1226	835	1055	1175	gi|2075897839|gb|MW393860.1|	880	1115	1521	69.068	4.07e-17	106	Bos taurus papillomavirus 4 isolate 3891RS16-BR node 3 L1 late protein (L1) gene, complete cds
ERR3281568_196968_ka_f_100.981_L_196968_L_196968__54-1205	1	965	1151	gi|2075897858|gb|MW401531.1|	5232	6196	7354	68.846	1.69e-91	353	Bos taurus papillomavirus 33 isolate 4827RS16-BR node 7, complete genome
ERR3281568_196968_ka_f_100.981_L_196968_L_196968__54-1205	1	965	1151	gi|2075900665|gb|MW543424.1|	152	1116	1416	68.577	2.51e-89	346	Bos taurus papillomavirus isolate 3891RS16-BR node 11 L1 major capsid protein (L1) gene, partial cds
ERR3281568_196968_ka_f_100.981_L_196968_L_196968__54-1205	128	1118	1151	gi|1571847247|ref|NC_040785.1|	6000	6993	7342	68.955	8.75e-89	343	Rusa timorensis papillomavirus type 2 isolate IZW 39/08, complete genome
ERR3281568_196968_ka_f_100.981_L_196968_L_196968__54-1205	133	936	1151	gi|2075900667|gb|MW543425.1|	28	828	833	69.335	8.19e-83	324	Bos taurus papillomavirus isolate 4826RS16-BR node 74 L1 major capsid protein (L1) gene, partial cds
ERR3281568_196968_ka_f_100.981_L_196968_L_196968__54-1205	33	987	1151	gi|1813787|gb|U83595.1|OPU83595	5701	6656	7758	66.117	1.30e-48	211	ovine papillomavirus 2 complete genome
ERR3298753_352415_ka_f_10.866__48-1241	1	1145	1193	gi|1605035487|gb|MK443496.1|	4684	5828	7410	70.035	4.11e-131	485	Tree shrew papillomavirus 1, complete genome
ERR3298753_352415_ka_f_10.866__48-1241	53	1145	1193	gi|2710393582|tpg|BK066751.1|	5417	6518	7470	69.417	2.00e-122	456	MAG TPA_asm: Papillomavirus sorex7569 isolate Papilloma7569 genomic sequence
ERR3298753_352415_ka_f_10.866__48-1241	1	1145	1193	gi|2389031634|tpg|BK062774.1|	1478	337	1577	66.984	3.17e-88	343	TPA_asm: Manis javanica papillomavirus 1 isolate MJ18 L1 (L1) gene, complete cds
ERR3298753_352415_ka_f_10.866__48-1241	1	1145	1193	gi|2389031773|tpg|BK062776.1|	166	1307	1664	66.898	3.86e-87	338	TPA_asm: Manis javanica papillomavirus 1 isolate MP15A L1 (L1) gene, complete cds
ERR3298753_352415_ka_f_10.866__48-1241	1	1112	1193	gi|2389031724|tpg|BK062775.1|	337	1454	2094	66.814	1.04e-81	321	TPA_asm: Manis javanica papillomavirus 1 isolate MJ33 L1 (L1) gene, complete cds
ERR3569485_18719_ka_f_8.601_L_231434_L_306770__45-1223	1	1163	1178	gi|1464311095|ref|NC_039040.1|	5435	6597	7339	70.513	1.97e-141	518	Myotis ricketti papillomavirus 1, complete genome
ERR3569485_18719_ka_f_8.601_L_231434_L_306770__45-1223	7	1170	1178	gi|189043078|ref|NC_010739.1|	5518	6681	7582	69.257	5.64e-123	457	Ursus maritimus papillomavirus 1, complete genome
ERR3569485_18719_ka_f_8.601_L_231434_L_306770__45-1223	54	1173	1178	gi|1945524352|gb|MT078972.1|	5311	6436	7260	69.163	2.25e-115	433	Sus scrofa papillomavirus 1 isolate GX12, complete genome
ERR3569485_18719_ka_f_8.601_L_231434_L_306770__45-1223	15	1163	1178	gi|2389031888|tpg|BK062778.1|	1521	376	1727	69.019	2.25e-115	432	TPA_asm: Manis pentadactyla papillomavirus 1 isolate MP15C L1 (L1) gene, complete cds
ERR3569485_18719_ka_f_8.601_L_231434_L_306770__45-1223	1	1170	1178	gi|2699893165|gb|OR952903.1|	1274	2443	4171	68.394	1.16e-112	423	MAG: Rhinolophus bat papillomavirus 3 isolate ZJ2020 L2 protein gene, partial cds; and L1 protein and E6 protein genes, complete cds
SRR10002895_29493_ka_f_10.308__117-1325	104	545	1208	gi|29027723|gb|AY217121.1|	1	444	444	97.973	0.0	758	Feline papillomavirus isolate FeAA 1 major capsid protein (L1) gene, partial cds
SRR10002895_29493_ka_f_10.308__117-1325	25	1208	1208	gi|2671839362|gb|OR915591.1|	5343	6523	7598	70.903	4.45e-156	568	MAG: Caracal caracal papillomavirus 5 isolate CCX127_CcarPV5, complete genome
SRR10002895_29493_ka_f_10.308__117-1325	19	1208	1208	gi|2671839379|gb|OR915593.1|	5387	6576	7566	67.777	4.46e-99	379	MAG: Caracal caracal papillomavirus 6 isolate CCX143_CcarPV6, complete genome
SRR10002895_29493_ka_f_10.308__117-1325	4	1208	1208	gi|2858802966|gb|PQ576916.1|	5439	6622	7582	66.612	3.91e-87	339	Apodemus sylvaticus papillomavirus, complete genome
SRR10002895_29493_ka_f_10.308__117-1325	1	1208	1208	gi|1571833870|ref|NC_040569.1|	5333	6543	7424	66.640	2.03e-84	329	Macaca mulatta papillomavirus 4 isolate PM084S3c176982, complete genome
SRR10902309_46767_ka_f_48.102_L_46767_L_46767__126-1310	517	683	1184	gi|2699893041|gb|OR952874.1|	2411	2577	7764	71.598	5.70e-09	79.7	MAG: Bat papillomavirus isolate GD2017 L2 protein, L1 protein, E7 protein, E1 protein, and E2 protein genes, complete cds
SRR10902309_46767_ka_f_48.102_L_46767_L_46767__126-1310	25	216	1184	gi|1059198216|ref|NC_030796.1|	5692	5883	7527	69.898	1.99e-08	77.9	Bos taurus papillomavirus 16, complete genome
SRR10902309_46767_ka_f_48.102_L_46767_L_46767__126-1310	886	970	1184	gi|343411537|gb|HM999990.1|	6231	6315	7353	80.682	6.95e-08	75.2	Human papillomavirus type 138 isolate GH13, complete genome
SRR10902309_46767_ka_f_48.102_L_46767_L_46767__126-1310	886	970	1184	gi|343411545|gb|HM999991.1|	6223	6307	7360	78.824	2.43e-07	73.4	Human papillomavirus type 139 isolate GH1646, complete genome
SRR10902309_46767_ka_f_48.102_L_46767_L_46767__126-1310	517	616	1184	gi|9628445|ref|NC_001678.1|	6393	6492	8028	77.228	8.46e-07	72.5	Rhesus monkey papillomavirus, complete genome
SRR11657643_297240_ka_f_9.000__45-1235	1	1190	1190	gi|1817984993|gb|MN148899.1|	5370	6568	7295	71.005	1.53e-155	566	Capra hircus papillomavirus type 2 isolate Witten2019, complete genome
SRR11657643_297240_ka_f_9.000__45-1235	1	1190	1190	gi|169641576|gb|EU360723.1|	5625	6823	7271	69.465	2.13e-128	475	Bovine papillomavirus BAA5-Japan, complete genome
SRR11657643_297240_ka_f_9.000__45-1235	1	1190	1190	gi|1503308643|gb|MH251868.1|	5395	6593	7270	69.300	1.10e-125	466	Bos taurus papillomavirus 10 strain CN2017SD-P332, complete genome
SRR11657643_297240_ka_f_9.000__45-1235	1	1190	1190	gi|1503308635|gb|MH251867.1|	5395	6593	7270	69.300	1.10e-125	466	Bos taurus papillomavirus 10 strain CN2017SD-P316, complete genome
SRR11657643_297240_ka_f_9.000__45-1235	1	1190	1190	gi|532235009|gb|KF017607.1|	5395	6593	7270	69.300	1.10e-125	466	Bovine papillomavirus type 10 isolate MYP55, complete genome
SRR11743604_76211_ka_f_13.063_L_59118_L_7554__0-1157	127	328	1157	gi|2710392085|tpg|BK066583.1|	4165	4366	5708	69.608	1.31e-10	84.2	MAG TPA_asm: Papillomavirus astyanax5827 isolate Papilloma5827 genomic sequence
SRR11743604_76211_ka_f_13.063_L_59118_L_7554__0-1157	516	724	1157	gi|2710392085|tpg|BK066583.1|	4599	4807	5708	68.372	2.88e-06	70.7	MAG TPA_asm: Papillomavirus astyanax5827 isolate Papilloma5827 genomic sequence
SRR11743604_76211_ka_f_13.063_L_59118_L_7554__0-1157	826	926	1157	gi|2710392085|tpg|BK066583.1|	4900	5000	5708	74.257	3.51e-05	66.2	MAG TPA_asm: Papillomavirus astyanax5827 isolate Papilloma5827 genomic sequence
SRR11743604_76211_ka_f_13.063_L_59118_L_7554__0-1157	132	191	1157	gi|1569050661|gb|MK303593.1|	5937	5996	7902	85.000	1.01e-05	68.9	Pan paniscus papillomavirus 1, complete genome
SRR11743604_76211_ka_f_13.063_L_59118_L_7554__0-1157	132	191	1157	gi|61010|emb|X62844.1|	5937	5996	7902	85.000	1.01e-05	68.9	Pygmy Chimpanzee papilloma virus type 1 DNA
SRR11842090_13702_ka_f_15.282__75-1253	13	1172	1178	gi|2075900665|gb|MW543424.1|	164	1314	1416	73.024	0.0	664	Bos taurus papillomavirus isolate 3891RS16-BR node 11 L1 major capsid protein (L1) gene, partial cds
SRR11842090_13702_ka_f_15.282__75-1253	13	1172	1178	gi|2075897858|gb|MW401531.1|	5244	6394	7354	72.766	0.0	650	Bos taurus papillomavirus 33 isolate 4827RS16-BR node 7, complete genome
SRR11842090_13702_ka_f_15.282__75-1253	139	932	1178	gi|2075900667|gb|MW543425.1|	31	821	833	74.404	8.37e-140	513	Bos taurus papillomavirus isolate 4826RS16-BR node 74 L1 major capsid protein (L1) gene, partial cds
SRR11842090_13702_ka_f_15.282__75-1253	139	1163	1178	gi|1571847247|ref|NC_040785.1|	6008	7032	7342	67.816	1.25e-80	317	Rusa timorensis papillomavirus type 2 isolate IZW 39/08, complete genome
SRR11842090_13702_ka_f_15.282__75-1253	515	733	1178	gi|1823596686|gb|MN313415.1|	23	241	667	76.364	2.57e-32	156	Bos taurus papillomavirus 13 isolate IQ-Equine sarcoid No.12 L1 protein (L1) gene, partial cds
SRR11951209_2019_ka_f_41.343_L_74440__63-1286	1	1223	1223	gi|2710395175|tpg|BK066894.1|	4005	5233	5716	65.457	4.83e-67	271	MAG TPA_asm: Papillomavirus rana5702 isolate Papilloma5702 genomic sequence
SRR11951209_2019_ka_f_41.343_L_74440__63-1286	583	633	1223	gi|2699893041|gb|OR952874.1|	2435	2485	7764	88.235	3.72e-05	66.2	MAG: Bat papillomavirus isolate GD2017 L2 protein, L1 protein, E7 protein, E1 protein, and E2 protein genes, complete cds
SRR12232778_17800_ka_f_19.792__126-1328	1	1200	1202	gi|2699893118|gb|OR952893.1|	262	1461	4876	72.337	0.0	663	MAG: Bat papillomavirus isolate JX2020 L1 protein and E6 protein genes, complete cds
SRR12232778_17800_ka_f_19.792__126-1328	1	1199	1202	gi|2699892848|gb|OR952823.1|	256	1460	1936	72.213	2.98e-177	637	MAG: Bat papillomavirus isolate ZJ2020 L1 protein gene, complete cds
SRR12232778_17800_ka_f_19.792__126-1328	1	1200	1202	gi|2699892986|gb|OR952860.1|	246	1445	2754	71.452	3.18e-164	594	MAG: Bat papillomavirus isolate GD2017 L1 protein and E6 protein genes, complete cds
SRR12232778_17800_ka_f_19.792__126-1328	1	1200	1202	gi|2710391254|tpg|BK066482.1|	5673	6863	7565	66.120	1.45e-73	294	MAG TPA_asm: Papillomavirus rhinolophus7615 isolate Papilloma7615 genomic sequence
SRR12232778_17800_ka_f_19.792__126-1328	4	452	1202	gi|2699893094|gb|OR952886.1|	381	826	5881	70.000	1.05e-43	195	MAG: Bat papillomavirus isolate GD2016 L1 protein and E1 protein genes, complete cds; and E2 protein gene, partial cds
SRR12532606_97845_ka_f_49.909_L_16883_L_184004__60-1265	1	1203	1205	gi|2413975770|gb|OP933686.1|	4488	5669	6010	70.174	3.19e-145	531	MAG: Fish-associated papillomavirus 1 isolate fi100pap1, complete genome
SRR12532606_97845_ka_f_49.909_L_16883_L_184004__60-1265	4	1161	1205	gi|2069601150|gb|MH617143.2|	4418	5596	5896	65.599	2.46e-64	262	MAG: Melanogrammus aeglefinus-associated papillomavirus 1 isolate ctce22, complete genome
SRR12532606_97845_ka_f_49.909_L_16883_L_184004__60-1265	577	1202	1205	gi|2080078000|gb|MZ570862.1|	4820	5462	5813	67.647	1.05e-43	195	Papillomaviridae sp. Haddock_c6033, complete genome
SRR12532606_97845_ka_f_49.909_L_16883_L_184004__60-1265	1	293	1205	gi|2080078000|gb|MZ570862.1|	4226	4521	5813	73.986	2.81e-38	177	Papillomaviridae sp. Haddock_c6033, complete genome
SRR12532606_97845_ka_f_49.909_L_16883_L_184004__60-1265	544	1137	1205	gi|2710390775|tpg|BK066436.1|	4989	5567	5936	66.555	3.91e-30	149	MAG TPA_asm: Papillomavirus cynoglossus6077 isolate Papilloma6077 genomic sequence
SRR12532606_97845_ka_f_49.909_L_16883_L_184004__60-1265	4	294	1205	gi|2710390775|tpg|BK066436.1|	4319	4612	5936	67.687	2.16e-14	96.9	MAG TPA_asm: Papillomavirus cynoglossus6077 isolate Papilloma6077 genomic sequence
SRR12532606_97845_ka_f_49.909_L_16883_L_184004__60-1265	1	330	1205	gi|2069601146|gb|MH616908.2|	4605	4937	6086	71.131	4.76e-29	146	MAG: Melanogrammus aeglefinus-associated papillomavirus 2 isolate ctdb15, complete genome
SRR12532606_97845_ka_f_49.909_L_16883_L_184004__60-1265	559	725	1205	gi|2069601146|gb|MH616908.2|	5196	5362	6086	72.455	7.55e-14	95.1	MAG: Melanogrammus aeglefinus-associated papillomavirus 2 isolate ctdb15, complete genome
SRR12532606_97845_ka_f_49.909_L_16883_L_184004__60-1265	892	1008	1205	gi|2069601146|gb|MH616908.2|	5505	5621	6086	76.068	3.91e-11	86.0	MAG: Melanogrammus aeglefinus-associated papillomavirus 2 isolate ctdb15, complete genome
SRR12566196_734_ka_f_562.169_L_734_L_734__150-1340	23	1127	1190	gi|2710393360|tpg|BK066727.1|	5600	6704	7488	68.304	1.03e-100	384	MAG TPA_asm: Papillomavirus luscinia7441 isolate Papilloma7441 genomic sequence
SRR12566196_734_ka_f_562.169_L_734_L_734__150-1340	85	923	1190	gi|1040287331|gb|KU504337.1|	118	959	2250	69.550	3.85e-87	339	Etapapillomavirus 1 isolate 373-482/1012 L1 gene, complete cds; and E6 gene, partial cds
SRR12566196_734_ka_f_562.169_L_734_L_734__150-1340	85	923	1190	gi|21844535|ref|NC_004068.1|	5597	6438	7729	69.550	3.85e-87	339	Fringilla coelebs papillomavirus, complete genome
SRR12566196_734_ka_f_562.169_L_734_L_734__150-1340	85	923	1190	gi|21724205|gb|AY057109.1|	5597	6438	7729	69.550	3.85e-87	339	Fringilla coelebs papillomavirus, complete genome
SRR12566196_734_ka_f_562.169_L_734_L_734__150-1340	6	1190	1190	gi|1571831740|ref|NC_040548.1|	6100	7278	8071	66.694	1.03e-81	321	Serinus canaria papillomavirus 1 strain York1, complete genome
SRR12596806_17216_ka_f_11.744_L_17216_L_17216__75-1250	169	986	1175	gi|1209055474|gb|KY705374.1|	6188	7008	7480	68.220	1.02e-62	257	Bovine papillomavirus isolate NY-8385, complete genome
SRR12596806_17216_ka_f_11.744_L_17216_L_17216__75-1250	169	986	1175	gi|1215835572|ref|NC_035208.1|	6188	7008	7480	68.220	1.02e-62	257	Bovine papillomavirus isolate NY-8385, complete genome
SRR12596806_17216_ka_f_11.744_L_17216_L_17216__75-1250	142	457	1175	gi|1993719949|gb|MT674614.1|	46	358	456	72.500	1.73e-34	164	Bovine papillomavirus isolate BPVUFSBR-45 major capsid protein (L1) gene, partial cds
SRR12596806_17216_ka_f_11.744_L_17216_L_17216__75-1250	142	457	1175	gi|1993719927|gb|MT674603.1|	58	370	468	72.500	1.73e-34	164	Bovine papillomavirus isolate BPVUFSBR-34 major capsid protein (L1) gene, partial cds
SRR12596806_17216_ka_f_11.744_L_17216_L_17216__75-1250	24	626	1175	gi|2075897926|gb|MW428428.1|	5264	5851	7201	66.557	2.11e-33	160	Bos taurus papillomavirus 41 isolate 3895RS16-BR node 5, complete genome
SRR12604243_44526_ka_f_48.654__57-1349	697	862	1292	gi|2710393287|tpg|BK066718.1|	7115	7280	8529	72.619	4.21e-11	86.9	MAG TPA_asm: Papillomavirus podarcis8670 isolate Papilloma8670 genomic sequence
SRR12604243_44526_ka_f_48.654__57-1349	1011	1086	1292	gi|161019514|gb|EF558841.1|	6631	6706	7950	81.579	7.61e-08	75.2	Macaca fascicularis papillomavirus type 4 Mac54, complete genome
SRR12604243_44526_ka_f_48.654__57-1349	154	222	1292	gi|1559669354|gb|MH777197.2|	5450	5518	7389	82.609	9.27e-07	71.6	MAG: Human papillomavirus isolate HPV-mSK_052, complete genome
SRR12604243_44526_ka_f_48.654__57-1349	154	222	1292	gi|1031620554|gb|KR816173.1|	5450	5518	7389	82.609	9.27e-07	71.6	Human papillomavirus 186 isolate ACS417, complete genome
SRR12604243_44526_ka_f_48.654__57-1349	613	686	1292	gi|1379071675|gb|MF416381.1|	6537	6610	7375	81.081	9.27e-07	71.6	Mouse papillomavirus 1 isolate MPV1/NYC/Queens/poolP2, partial genome
SRR13233212_7133_ka_f_39.817_L_7133_L_7133__384-1571	5	1182	1187	gi|2523362108|gb|OR113680.1|	5547	6718	7620	70.380	1.43e-149	546	MAG: Arctocephalus gazella papillomavirus 2 isolate AFS_2700_30, complete genome
SRR13233212_7133_ka_f_39.817_L_7133_L_7133__384-1571	133	1178	1187	gi|189043078|ref|NC_010739.1|	5644	6680	7582	68.501	3.59e-100	382	Ursus maritimus papillomavirus 1, complete genome
SRR13233212_7133_ka_f_39.817_L_7133_L_7133__384-1571	4	1163	1187	gi|2775839692|gb|PP316141.1|	5495	6645	7499	67.317	9.03e-89	344	Canine papillomavirus strain Nova, complete genome
SRR13233212_7133_ka_f_39.817_L_7133_L_7133__384-1571	4	1163	1187	gi|2710393971|tpg|BK066791.1|	5495	6645	7499	67.317	9.03e-89	344	MAG TPA_asm: Papillomavirus canis7640 isolate Papilloma7640 genomic sequence
SRR13233212_7133_ka_f_39.817_L_7133_L_7133__384-1571	1	1170	1187	gi|1571847523|ref|NC_040818.1|	5580	6755	7658	66.974	1.10e-87	340	Leptonychotes weddellii papillomavirus 6 isolate 17495, complete genome
SRR13234696_75487_ka_f_11.284__69-1247	5	1178	1178	gi|2710391775|tpg|BK066545.1|	6108	7287	8052	74.937	0.0	774	MAG TPA_asm: Papillomavirus numida8051 isolate Papilloma8051 genomic sequence
SRR13234696_75487_ka_f_11.284__69-1247	1	1178	1178	gi|2710389991|tpg|BK066366.1|	6329	7512	8260	74.853	0.0	772	MAG TPA_asm: Papillomavirus canis8371 isolate Papilloma8371 genomic sequence
SRR13234696_75487_ka_f_11.284__69-1247	23	1178	1178	gi|1464250076|gb|MH285954.1|	6238	7387	8140	74.379	0.0	719	Canine papillomavirus 23 strain Pemb_P8, complete genome
SRR13234696_75487_ka_f_11.284__69-1247	11	1178	1178	gi|601448876|ref|NC_023852.1|	6307	7474	8228	73.402	0.0	696	Canine papillomavirus 13 isolate Zurich/2011, complete genome
SRR13234696_75487_ka_f_11.284__69-1247	22	1178	1178	gi|2710394415|tpg|BK066839.1|	6294	7450	8222	73.070	0.0	673	MAG TPA_asm: Papillomavirus canis8363a isolate Papilloma8363a genomic sequence
SRR13235220_9564_ka_f_29.494__84-1268	5	1178	1184	gi|2523362108|gb|OR113680.1|	5547	6717	7620	68.861	5.31e-117	438	MAG: Arctocephalus gazella papillomavirus 2 isolate AFS_2700_30, complete genome
SRR13235220_9564_ka_f_29.494__84-1268	1	1178	1184	gi|1334609551|gb|MG571092.1|	5577	6766	7674	67.606	1.43e-92	357	Leptonychotes weddellii papillomavirus 7 isolate 17629, complete genome
SRR13235220_9564_ka_f_29.494__84-1268	1	1178	1184	gi|2523362170|gb|OR113689.1|	5539	6728	7636	67.606	1.43e-92	357	MAG: Leptonychotes weddellii papillomavirus 7 isolate 17495_5, complete genome
SRR13235220_9564_ka_f_29.494__84-1268	1	1178	1184	gi|2523362136|gb|OR113684.1|	5555	6735	7611	67.058	3.14e-88	342	MAG: Leptonychotes weddellii papillomavirus 11 isolate 11760, complete genome
SRR13235220_9564_ka_f_29.494__84-1268	52	1178	1184	gi|1215835501|ref|NC_035201.1|	5681	6804	7676	67.254	6.92e-84	328	Ailuropoda melanoleuca papillomavirus 1 strain gpam001, complete genome
SRR13235318_32975_ka_f_467.481_L_177797_L_2824402_L_2931827__198-1382	1	1169	1184	gi|1571835348|ref|NC_040579.1|	6378	7537	8300	73.787	0.0	700	Canine papillomavirus 22 strain Mas_P6, complete genome
SRR13235318_32975_ka_f_467.481_L_177797_L_2824402_L_2931827__198-1382	11	1177	1184	gi|601448876|ref|NC_023852.1|	6307	7467	8228	72.743	0.0	657	Canine papillomavirus 13 isolate Zurich/2011, complete genome
SRR13235318_32975_ka_f_467.481_L_177797_L_2824402_L_2931827__198-1382	7	1177	1184	gi|2710391775|tpg|BK066545.1|	6110	7280	8052	72.170	8.40e-178	639	MAG TPA_asm: Papillomavirus numida8051 isolate Papilloma8051 genomic sequence
SRR13235318_32975_ka_f_467.481_L_177797_L_2824402_L_2931827__198-1382	24	1177	1184	gi|2710393739|tpg|BK066769.1|	6432	7579	8241	71.907	3.13e-164	595	MAG TPA_asm: Papillomavirus canis8363 isolate Papilloma8363 genomic sequence
SRR13235318_32975_ka_f_467.481_L_177797_L_2824402_L_2931827__198-1382	25	1175	1184	gi|1464250076|gb|MH285954.1|	6240	7378	8140	71.342	6.46e-154	560	Canine papillomavirus 23 strain Pemb_P8, complete genome
SRR13318616_110537_ka_f_17.398_L_110537_L_110537__120-1298	1	1178	1178	gi|1464311088|ref|NC_039039.1|	5781	6955	7704	72.536	0.0	655	Peromyscus papillomavirus type 1 strain M-14 PmPV1, complete genome
SRR13318616_110537_ka_f_17.398_L_110537_L_110537__120-1298	1	1178	1178	gi|2710393506|tpg|BK066744.1|	5896	7070	7713	71.405	8.36e-159	576	MAG TPA_asm: Papillomavirus myodes7812 isolate Papilloma7812 genomic sequence
SRR13318616_110537_ka_f_17.398_L_110537_L_110537__120-1298	18	1178	1178	gi|2858802977|gb|PQ576917.1|	6052	7209	7828	69.573	1.73e-129	480	Apodemus sylvaticus papillomavirus 2, complete genome
SRR13318616_110537_ka_f_17.398_L_110537_L_110537__120-1298	1	1178	1178	gi|2462484689|gb|ON932814.1|	5907	7081	7723	69.470	3.12e-126	468	Rodent papillomavirus isolate PV-HMU-6 E6 protein, E7 protein, E1 protein, E2 protein, L2 protein, and L1 protein genes, complete cds
SRR13318616_110537_ka_f_17.398_L_110537_L_110537__120-1298	16	1178	1178	gi|2710390929|tpg|BK066449.1|	6060	7219	7847	69.277	5.64e-123	458	MAG TPA_asm: Papillomavirus meriones7946 isolate Papilloma7946 genomic sequence
SRR13516717_19050_ka_f_61.571_L_19050_L_3319755_L_19050__120-1307	13	1187	1187	gi|1559669285|gb|MH777284.2|	4650	5830	6613	65.442	3.37e-56	236	MAG: Human papillomavirus isolate HPV-mSK_142, partial genome
SRR13516717_19050_ka_f_61.571_L_19050_L_3319755_L_19050__120-1307	1	1187	1187	gi|9628566|ref|NC_001693.1|	5443	6644	7313	64.889	5.00e-54	228	Human papillomavirus type 60, complete genome
SRR13516717_19050_ka_f_61.571_L_19050_L_3319755_L_19050__120-1307	73	1187	1187	gi|1273499668|gb|MF588767.1|	1944	3070	4009	65.415	2.59e-51	220	Gammapapillomavirus 12 isolate iGamma12_w22c27 L2 (L2) and L1 (L1) genes, complete cds
SRR13516717_19050_ka_f_61.571_L_19050_L_3319755_L_19050__120-1307	1	1187	1187	gi|1559669747|gb|MH777343.2|	5223	6424	7179	65.107	3.16e-50	215	MAG: Human papillomavirus isolate HPV-mSK_202, complete genome
SRR13516717_19050_ka_f_61.571_L_19050_L_3319755_L_19050__120-1307	275	1187	1187	gi|1559669322|gb|MH777170.2|	5541	6462	7238	66.417	3.85e-49	213	MAG: Human papillomavirus isolate HPV-mSK_022, complete genome
SRR13765801_3416_ka_f_292.062_L_28033_L_49415__108-1295	24	1187	1187	gi|296495868|gb|GQ845446.1|	5648	6844	7489	67.105	2.59e-89	346	Human papillomavirus type 124, complete genome
SRR13765801_3416_ka_f_292.062_L_28033_L_49415__108-1295	24	1187	1187	gi|238623450|emb|FM955840.1|	5738	6916	7386	67.366	9.03e-89	343	Human papillomavirus type 104, complete genome
SRR13765801_3416_ka_f_292.062_L_28033_L_49415__108-1295	24	1187	1187	gi|186461186|gb|EU410347.1|	5691	6869	7401	67.366	9.03e-89	343	Human papillomavirus FA75/KI88-03, complete genome
SRR13765801_3416_ka_f_292.062_L_28033_L_49415__108-1295	24	1187	1187	gi|186461202|gb|EU410349.1|	5693	6871	7384	67.001	3.84e-87	339	Human papillomavirus type 111, complete genome
SRR13765801_3416_ka_f_292.062_L_28033_L_49415__108-1295	24	1088	1187	gi|396940|emb|X74470.1|	5932	7035	7685	66.937	3.37e-75	299	Human papillomavirus type 19 genomic DNA
SRR13765811_2833_ka_f_31.171_L_77933__57-1232	139	1136	1175	gi|2222704870|gb|MW311489.1|	5335	6371	7186	68.672	9.54e-95	364	Human papillomavirus strain JDFY01, complete genome
SRR13765811_2833_ka_f_31.171_L_77933__57-1232	139	1136	1175	gi|1480688098|gb|MH777210.1|	5374	6404	7186	68.204	1.42e-92	357	MAG: Human papillomavirus isolate HPV-mSK_065, complete genome
SRR13765811_2833_ka_f_31.171_L_77933__57-1232	139	1136	1175	gi|1273499646|gb|MF588760.1|	912	1942	2498	68.204	1.42e-92	357	Gammapapillomavirus 1 isolate iGamma01_w34c110a L1 (L1) gene, complete cds
SRR13765811_2833_ka_f_31.171_L_77933__57-1232	25	1175	1175	gi|296495852|gb|GQ845444.1|	5551	6734	7397	67.083	4.63e-86	334	Human papillomavirus type 122, complete genome
SRR13765811_2833_ka_f_31.171_L_77933__57-1232	41	1175	1175	gi|290964853|emb|FN677755.1|	5929	7096	7436	66.891	1.97e-84	330	Human papillomavirus type 150, complete genome, isolate SIBX1
SRR13783792_45920_ka_f_54.088_L_45920_L_45920__81-1304	25	1223	1223	gi|2671839362|gb|OR915591.1|	5343	6523	7598	70.241	1.13e-144	530	MAG: Caracal caracal papillomavirus 5 isolate CCX127_CcarPV5, complete genome
SRR13783792_45920_ka_f_54.088_L_45920_L_45920__81-1304	4	1223	1223	gi|1273499189|gb|MF588702.1|	5384	6585	7366	68.943	3.70e-119	445	Gammapapillomavirus 7 isolate Gamma07_w20c02c, complete genome
SRR13783792_45920_ka_f_54.088_L_45920_L_45920__81-1304	4	1223	1223	gi|1559669488|gb|MH777326.2|	5384	6585	7366	68.862	4.51e-118	441	MAG: Human papillomavirus isolate HPV-mSK_184, complete genome
SRR13783792_45920_ka_f_54.088_L_45920_L_45920__81-1304	14	1223	1223	gi|1480688098|gb|MH777210.1|	5252	6443	7186	67.781	1.13e-106	404	MAG: Human papillomavirus isolate HPV-mSK_065, complete genome
SRR13783792_45920_ka_f_54.088_L_45920_L_45920__81-1304	4	1223	1223	gi|1480688150|gb|MH777218.1|	5384	6585	7371	68.026	1.38e-105	399	MAG: Human papillomavirus isolate HPV-mSK_074, complete genome
SRR13790114_165814_ka_f_21.882_L_165814_L_165814_L_431254__99-1310	1	1211	1211	gi|1559669390|gb|MH777229.2|	5553	6763	7306	78.448	0.0	1008	MAG: Human papillomavirus isolate HPV-mSK_086, complete genome
SRR13790114_165814_ka_f_21.882_L_165814_L_165814_L_431254__99-1310	1	1211	1211	gi|319976676|ref|NC_014953.1|	5225	6438	7219	74.180	0.0	767	Human papillomavirus type 129, complete genome
SRR13790114_165814_ka_f_21.882_L_165814_L_165814_L_431254__99-1310	1	1211	1211	gi|1480687913|gb|MH777184.1|	5228	6441	7256	74.056	0.0	765	MAG: Human papillomavirus isolate HPV-mSK_036, complete genome
SRR13790114_165814_ka_f_21.882_L_165814_L_165814_L_431254__99-1310	1	1211	1211	gi|1273499245|gb|MF588709.1|	5228	6441	7256	73.892	0.0	755	Gammapapillomavirus 9 isolate Gamma09_w11C24, complete genome
SRR13790114_165814_ka_f_21.882_L_165814_L_165814_L_431254__99-1310	1	1211	1211	gi|1559669404|gb|MH777242.2|	5243	6456	7233	73.913	0.0	755	MAG: Human papillomavirus isolate HPV-mSK_099, complete genome
SRR14611555_2230_ka_f_23.050_L_2230_L_2230__267-1421	11	849	1154	gi|2710389735|tpg|BK066349.1|	12	871	873	70.800	4.85e-111	418	MAG TPA_asm: Papillomavirus rhincodon873 isolate Papilloma873 genomic sequence
SRR14611555_2230_ka_f_23.050_L_2230_L_2230__267-1421	374	467	1154	gi|2699892722|gb|OR952801.1|	1723	1816	7489	80.851	3.07e-12	89.7	MAG: Bat papillomavirus isolate GD2017 L2 protein gene, partial cds; and L1 protein, E6 protein, E7 protein, E1 protein, and E2 protein genes, complete cds
SRR14611555_2230_ka_f_23.050_L_2230_L_2230__267-1421	378	467	1154	gi|2699892997|gb|OR952863.1|	5174	5263	6461	78.889	1.94e-08	77.9	MAG: Bat papillomavirus isolate GD2020 E1 protein gene, partial cds; and E2 protein, L2 protein, and L1 protein genes, complete cds
SRR14611555_2230_ka_f_23.050_L_2230_L_2230__267-1421	846	952	1154	gi|1559669465|gb|MH777301.2|	6075	6180	7216	78.899	6.77e-08	76.1	MAG: Human papillomavirus isolate HPV-mSK_159, complete genome
SRR14611555_2230_ka_f_23.050_L_2230_L_2230__267-1421	846	952	1154	gi|1243977482|gb|MF176072.1|	6075	6180	7216	78.899	6.77e-08	76.1	Human papillomavirus isolate TG550, complete genome
SRR14731645_238372_ka_f_15.795_L_9849982_L_4506929__45-1199	872	1152	1154	gi|2710393679|tpg|BK066762.1|	4694	4989	5434	69.595	3.50e-24	129	MAG TPA_asm: Papillomavirus leptobrachium5415 isolate Papilloma5415 genomic sequence
SRR14731645_238372_ka_f_15.795_L_9849982_L_4506929__45-1199	1	273	1154	gi|2710393679|tpg|BK066762.1|	3892	4164	5434	70.330	1.22e-23	128	MAG TPA_asm: Papillomavirus leptobrachium5415 isolate Papilloma5415 genomic sequence
SRR14731645_238372_ka_f_15.795_L_9849982_L_4506929__45-1199	1	269	1154	gi|2710393999|tpg|BK066795.1|	3846	4114	5361	70.221	5.20e-22	123	MAG TPA_asm: Papillomavirus leptobrachium5502 isolate Papilloma5502 genomic sequence
SRR14731645_238372_ka_f_15.795_L_9849982_L_4506929__45-1199	871	1150	1154	gi|2710393999|tpg|BK066795.1|	4638	4950	5361	67.732	2.21e-20	117	MAG TPA_asm: Papillomavirus leptobrachium5502 isolate Papilloma5502 genomic sequence
SRR14731645_238372_ka_f_15.795_L_9849982_L_4506929__45-1199	11	266	1154	gi|2070668404|gb|MW582921.1|	148	403	1130	67.939	2.36e-07	74.3	Oreolalax rhodostigmatus papillomavirus 1 L1 gene, partial cds
SRR14731645_254385_ka_f_11.562_L_9849982_L_4506929__45-1166	594	1119	1121	gi|2710393679|tpg|BK066762.1|	4458	4989	5434	67.222	2.01e-33	160	MAG TPA_asm: Papillomavirus leptobrachium5415 isolate Papilloma5415 genomic sequence
SRR14731645_254385_ka_f_11.562_L_9849982_L_4506929__45-1166	1	308	1121	gi|2710393679|tpg|BK066762.1|	3892	4196	5434	69.872	5.04e-22	123	MAG TPA_asm: Papillomavirus leptobrachium5415 isolate Papilloma5415 genomic sequence
SRR14731645_254385_ka_f_11.562_L_9849982_L_4506929__45-1166	1	275	1121	gi|2710393999|tpg|BK066795.1|	3846	4117	5361	73.214	1.54e-28	143	MAG TPA_asm: Papillomavirus leptobrachium5502 isolate Papilloma5502 genomic sequence
SRR14731645_254385_ka_f_11.562_L_9849982_L_4506929__45-1166	835	1117	1121	gi|2710393999|tpg|BK066795.1|	4638	4950	5361	67.412	3.18e-18	110	MAG TPA_asm: Papillomavirus leptobrachium5502 isolate Papilloma5502 genomic sequence
SRR14731645_254385_ka_f_11.562_L_9849982_L_4506929__45-1166	833	944	1121	gi|2070668404|gb|MW582921.1|	916	1027	1130	74.107	8.00e-07	72.5	Oreolalax rhodostigmatus papillomavirus 1 L1 gene, partial cds
SRR14739427_12287_ka_f_6.746__45-1229	1	1184	1184	gi|2576833857|gb|OQ746290.1|	6105	7288	8085	73.799	0.0	727	Enhydra lutris kenyoni papillomavirus 2 isolate 2_ElkPV-2, complete genome
SRR14739427_12287_ka_f_6.746__45-1229	1	1184	1184	gi|68304288|ref|NC_007150.1|	6333	7516	8170	73.463	0.0	709	Procyon lotor papillomavirus 1, complete genome
SRR14739427_12287_ka_f_6.746__45-1229	1	1178	1184	gi|605281646|ref|NC_023873.1|	6349	7526	8194	72.306	7.86e-172	619	Enhydra lutris papillomavirus 1 isolate 6898-13, complete genome
SRR14739427_12287_ka_f_6.746__45-1229	1	1184	1184	gi|1215835460|ref|NC_035193.1|	6063	7237	7996	71.429	3.82e-163	590	Ailuropoda melanoleuca papillomavirus 4 strain gpam004, complete genome
SRR14739427_12287_ka_f_6.746__45-1229	1	1184	1184	gi|258611059|ref|NC_013237.1|	6413	7602	8242	70.608	6.46e-154	560	Canine papillomavirus 6 isolate Zurich, complete genome
SRR14860617_1712913_ka_f_7.098__57-1262	139	1190	1205	gi|1357862313|gb|KY825187.1|	7019	8052	8602	66.325	1.55e-60	251	Lambdapapillomavirus 2 isolate Missouri 2, complete genome
SRR14860617_1712913_ka_f_7.098__57-1262	139	1190	1205	gi|1357862305|gb|KY825186.1|	7019	8052	8602	66.325	1.55e-60	251	Lambdapapillomavirus 2 isolate Missouri 1, complete genome
SRR14860617_1712913_ka_f_7.098__57-1262	139	1190	1205	gi|1061494949|gb|KX587461.1|	7022	8055	8606	66.325	1.55e-60	251	Lambdapapillomavirus 2 isolate CPV1_ZA_Lillie_2011, complete genome
SRR14860617_1712913_ka_f_7.098__57-1262	862	1205	1205	gi|1393270633|gb|MH170365.1|	7	353	549	74.640	5.08e-54	228	Artibeus lituratus papillomavirus strain Alp-AS-BR L1 protein gene, partial cds
SRR14860617_1712913_ka_f_7.098__57-1262	149	576	1205	gi|1357618618|gb|KY497956.1|	1	434	434	69.585	1.56e-41	187	Artibeus planirostris papillomavirus L1 protein gene, partial cds
SRR16268598_38627_ka_f_75.350_L_49149_L_96116_L_49149_L_96116__57-1226	1	1159	1169	gi|2699892991|gb|OR952862.1|	4315	5440	5941	71.489	1.23e-156	569	MAG: Myotis ricketti associated fish papillomavirus isolate JX2020 E7 protein, E1 protein, E2 protein, L2 protein, and L1 protein genes, complete cds
SRR16268598_38627_ka_f_75.350_L_49149_L_96116_L_49149_L_96116__57-1226	2	1158	1169	gi|2699892989|gb|OR952861.1|	1580	457	1861	64.867	4.92e-54	228	MAG: Myotis ricketti associated fish papillomavirus isolate JX2020 L1 protein gene, complete cds
SRR16611435_9052_ka_f_192.566_L_9052_L_9052__249-1427	832	1163	1178	gi|429841972|gb|JX899359.1|	6743	7074	7776	68.955	2.94e-25	132	Canine papillomavirus 15 isolate Hercules2012, complete genome
SRR16611435_9052_ka_f_192.566_L_9052_L_9052__249-1427	502	985	1178	gi|363540896|ref|NC_016075.1|	6464	6944	7774	66.194	6.47e-21	119	Canine papillomavirus 10, complete genome
SRR16611435_9052_ka_f_192.566_L_9052_L_9052__249-1427	835	985	1178	gi|2753028328|gb|PP728737.1|	6857	7007	7718	76.821	7.88e-20	115	MAG: Papillomaviridae sp. isolate MCPaV/XJ32L/CHN/2016 genomic sequence
SRR16611435_9052_ka_f_192.566_L_9052_L_9052__249-1427	527	1097	1178	gi|2699893216|gb|OR952914.1|	6802	7366	8427	65.925	2.75e-19	113	MAG: Rhinolophus bat papillomavirus 1 isolate HB2020_303_12790 E6 protein, E7 protein, E1 protein, E2 protein, L2 protein, and L1 protein genes, complete cds
SRR16611435_9052_ka_f_192.566_L_9052_L_9052__249-1427	501	997	1178	gi|2552409916|gb|OQ836189.1|	6417	6907	7778	65.936	3.35e-18	109	Canis familiaris papillomavirus type 25, complete genome
SRR16937311_42765_ka_f_11.800_L_42765_L_42765__45-1244	22	1184	1199	gi|1409653136|gb|MH512005.1|	5436	6595	7389	68.881	2.61e-108	409	Bovine papillomavirus isolate ujs-21015, complete genome
SRR16937311_42765_ka_f_11.800_L_42765_L_42765__45-1244	22	1184	1199	gi|2075900644|gb|MW447311.1|	5436	6595	7389	68.797	3.18e-107	405	Bos taurus papillomavirus 27 isolate 4827RS16-BR node 6, complete genome
SRR16937311_42765_ka_f_11.800_L_42765_L_42765__45-1244	22	1184	1199	gi|2075900637|gb|MW447310.1|	5436	6595	7389	68.797	3.18e-107	405	Bos taurus papillomavirus 27 isolate 4826RS16-BR node 2, complete genome
SRR16937311_42765_ka_f_11.800_L_42765_L_42765__45-1244	136	764	1199	gi|2075900655|gb|MW543419.1|	1	626	1332	70.505	1.11e-68	277	Bos taurus papillomavirus 7 isolate 4151RS16-BR node 6 L1 major capsid protein (L1) gene, partial cds
SRR16937311_42765_ka_f_11.800_L_42765_L_42765__45-1244	136	460	1199	gi|326649998|gb|HM245431.1|	40	358	449	73.006	6.58e-40	181	Bovine papillomavirus 7 strain BPV7/BR-UEL major capsid protein (L1) gene, partial cds
SRR17035102_50223_ka_f_8.719_L_1041166__150-1334	1	981	1184	gi|97331426|ref|NC_008032.1|	5696	6685	7542	70.553	8.42e-121	451	Capra hircus papillomavirus type 1, complete genome
SRR17035102_50223_ka_f_8.719_L_1041166__150-1334	79	1167	1184	gi|312100|emb|X70829.1|	5452	6564	7308	65.611	2.42e-64	263	Human papillomavirus type 65 complete genome
SRR17035102_50223_ka_f_8.719_L_1041166__150-1334	25	932	1184	gi|2710394463|tpg|BK066846.1|	6144	7090	8093	66.423	1.03e-62	257	MAG TPA_asm: Papillomavirus sorex8217 isolate Papilloma8217 genomic sequence
SRR17035102_50223_ka_f_8.719_L_1041166__150-1334	131	969	1184	gi|1559669646|gb|MH777350.2|	5711	6582	7462	66.290	1.74e-53	226	MAG: Human papillomavirus isolate HPV-mSK_209, partial genome
SRR17035102_50223_ka_f_8.719_L_1041166__150-1334	77	740	1184	gi|2218078|gb|U85660.1|HPU85660	6045	6708	7731	67.704	1.34e-48	210	Human papillomavirus RTRX7, complete genome
SRR17035102_50223_ka_f_8.719_L_1041166__150-1334	829	953	1184	gi|2218078|gb|U85660.1|HPU85660	6842	6966	7731	76.000	9.04e-13	91.5	Human papillomavirus RTRX7, complete genome
SRR17035102_79120_ka_f_10.739__144-1247	1	1103	1103	gi|1464311101|ref|NC_039041.1|	6313	7415	7773	82.140	0.0	1102	Rusa timorensis papillomavirus type 1 isolate IZW 39/08, complete genome
SRR17035102_79120_ka_f_10.739__144-1247	85	548	1103	gi|148491472|gb|EF396271.1|	4	467	468	82.112	1.24e-124	463	Cervus timorensis papillomavirus L1 gene, partial cds
SRR17035102_79120_ka_f_10.739__144-1247	133	1103	1103	gi|1559669697|gb|MH777225.2|	5678	6675	7419	67.653	7.34e-77	305	MAG: Human papillomavirus isolate HPV-mSK_082, complete genome
SRR17035102_79120_ka_f_10.739__144-1247	44	707	1103	gi|290964853|emb|FN677755.1|	5932	6609	7436	70.029	6.87e-71	284	Human papillomavirus type 150, complete genome, isolate SIBX1
SRR17035102_79120_ka_f_10.739__144-1247	43	1103	1103	gi|1559669646|gb|MH777350.2|	5617	6710	7462	66.129	2.92e-69	279	MAG: Human papillomavirus isolate HPV-mSK_209, partial genome
SRR17035106_10706_ka_f_7.078_L_550708__54-1220	4	1166	1166	gi|674719611|gb|KJ719447.1|	46	1205	1485	71.660	1.08e-163	593	Rangifer tarandus granti papillomavirus isolate VS700028 L1 protein gene, complete cds
SRR17035106_10706_ka_f_7.078_L_550708__54-1220	4	1094	1166	gi|402694813|gb|JX174441.1|	5665	6764	7946	68.553	1.08e-106	403	Bos grunniens papillomavirus type 1 strain QH-5, complete genome
SRR17035106_10706_ka_f_7.078_L_550708__54-1220	2	1130	1166	gi|1883631112|gb|MT130100.1|	5613	6744	7702	68.696	3.77e-106	401	Camelus dromedarius papillomavirus 3 strain NMS1, complete genome
SRR17035106_10706_ka_f_7.078_L_550708__54-1220	4	1094	1166	gi|402694822|gb|JX174442.1|	5665	6764	7946	68.464	4.59e-105	398	Bos grunniens papillomavirus type 1 strain QH-6, complete genome
SRR17035106_10706_ka_f_7.078_L_550708__54-1220	4	1094	1166	gi|402694804|gb|JX174440.1|	5665	6764	7946	68.464	4.59e-105	398	Bos grunniens papillomavirus type 1 strain QH-4, complete genome
SRR17035106_3316_ka_f_20.135_L_550708_L_550708__54-1202	1	1148	1148	gi|674719611|gb|KJ719447.1|	43	1205	1485	70.213	1.38e-130	482	Rangifer tarandus granti papillomavirus isolate VS700028 L1 protein gene, complete cds
SRR17035106_3316_ka_f_20.135_L_550708_L_550708__54-1202	4	1100	1148	gi|1900697867|gb|MT774143.1|	5883	7012	8032	68.134	3.47e-100	381	Capreolus capreolus papillomavirus 1 strain 84-14, complete genome
SRR17035106_3316_ka_f_20.135_L_550708_L_550708__54-1202	4	1100	1148	gi|1900697822|gb|MT774138.1|	5883	7012	8032	68.134	3.47e-100	381	Capreolus capreolus papillomavirus 1 strain 31-16, complete genome
SRR17035106_3316_ka_f_20.135_L_550708_L_550708__54-1202	4	1100	1148	gi|194268064|ref|NC_011051.1|	5883	7012	8032	68.222	3.47e-100	381	Capreolus capreolus papillomavirus 1, complete genome
SRR17035106_3316_ka_f_20.135_L_550708_L_550708__54-1202	4	938	1148	gi|22901245|gb|AF443292.1|	5930	6894	8090	67.930	4.23e-80	315	Rangifer tarandus papillomavirus 1, complete genome
SRR17035106_825_ka_f_7.191__54-1217	1	1163	1163	gi|674719611|gb|KJ719447.1|	43	1205	1485	78.418	0.0	966	Rangifer tarandus granti papillomavirus isolate VS700028 L1 protein gene, complete cds
SRR17035106_825_ka_f_7.191__54-1217	4	1163	1163	gi|953064197|gb|KT626573.1|	5964	7135	8029	67.839	2.70e-95	365	Deltapapillomavirus 5 isolate DE1641-14, complete genome
SRR17035106_825_ka_f_7.191__54-1217	4	971	1163	gi|1463985425|gb|MH049343.1|	6286	7274	7752	66.433	3.76e-68	276	Okapia johnstoni papillomavirus 1 isolate BS 2017, complete genome
SRR17035106_825_ka_f_7.191__54-1217	3	947	1163	gi|1523162691|gb|MH187961.1|	5564	6520	7947	66.393	1.40e-54	231	Bos taurus papillomavirus 2 strain BPV2_BR/02AC12, complete genome
SRR17035106_825_ka_f_7.191__54-1217	3	947	1163	gi|2568637195|gb|OR130497.1|	5564	6520	7947	66.393	1.40e-54	231	Bos taurus papillomavirus 2 strain BPV2_FJ-01/2023, complete genome
SRR17072379_538095_ka_f_61.502_L_7128565_L_7128565__90-1310	16	1004	1220	gi|1020934686|gb|KT698167.1|	5312	6287	7298	65.675	1.38e-48	210	Human papillomavirus 205, complete genome
SRR17072379_538095_ka_f_61.502_L_7128565_L_7128565__90-1310	142	1031	1220	gi|1272821240|gb|KY370096.1|	5589	6457	7525	65.587	2.50e-45	200	Rodent papillomavirus isolate RtAc-PV/GZ2015, complete genome
SRR17072379_538095_ka_f_61.502_L_7128565_L_7128565__90-1310	142	1007	1220	gi|1480689135|gb|MH777366.1|	5394	6244	7278	65.114	4.51e-42	188	MAG: Human papillomavirus isolate HPV-mSK_227, complete genome
SRR17072379_538095_ka_f_61.502_L_7128565_L_7128565__90-1310	142	1134	1220	gi|2462484678|gb|ON932811.1|	175	1146	1476	64.841	1.58e-41	187	Rodent papillomavirus isolate PV-HMU-3 L1 protein gene, partial cds
SRR17072379_538095_ka_f_61.502_L_7128565_L_7128565__90-1310	162	1216	1220	gi|1559669421|gb|MH777257.2|	5457	6505	7290	64.810	2.85e-38	176	MAG: Human papillomavirus isolate HPV-mSK_115, complete genome
SRR18312696_386168_ka_f_9.926__147-1319	2	1163	1172	gi|1834243486|gb|MN977311.1|	2	1172	1482	69.543	7.30e-128	474	Deltapapillomavirus sp. strain DPV.1601 major capsid protein (L1) gene, partial cds
SRR18312696_386168_ka_f_9.926__147-1319	2	1163	1172	gi|1575792404|gb|MK113078.1|	44	1214	1524	69.459	8.90e-127	470	Cervus elaphus papillomavirus 1 isolate 1511 L1 gene, complete cds
SRR18312696_386168_ka_f_9.926__147-1319	2	1163	1172	gi|1834243488|gb|MN977312.1|	11	1181	1491	69.374	3.78e-125	465	Deltapapillomavirus sp. strain DPV.1126C major capsid protein (L1) gene, partial cds
SRR18312696_386168_ka_f_9.926__147-1319	2	1163	1172	gi|1834243484|gb|MN977310.1|	5	1175	1485	69.374	3.78e-125	465	Deltapapillomavirus sp. strain DPV.1635 major capsid protein (L1) gene, partial cds
SRR18312696_386168_ka_f_9.926__147-1319	2	1163	1172	gi|1834243482|gb|MN977309.1|	2	1172	1482	69.374	3.78e-125	465	Deltapapillomavirus sp. strain DPV.1636 major capsid protein (L1) gene, partial cds
SRR18363241_159223_ka_f_54.618_L_159223_L_159223__120-1331	892	1013	1211	gi|2710388917|tpg|BK066313.1|	4954	5075	5716	78.862	6.23e-15	98.7	MAG TPA_asm: Papillomavirus rana6035 isolate Papilloma6035 genomic sequence
SRR18363241_159223_ka_f_54.618_L_159223_L_159223__120-1331	868	1009	1211	gi|2710394428|tpg|BK066841.1|	5015	5156	5852	74.126	1.37e-10	85.1	MAG TPA_asm: Papillomavirus rana5986 isolate Papilloma5986 genomic sequence
SRR18363241_159223_ka_f_54.618_L_159223_L_159223__120-1331	160	290	1211	gi|2710394428|tpg|BK066841.1|	4337	4467	5852	71.756	3.02e-06	70.7	MAG TPA_asm: Papillomavirus rana5986 isolate Papilloma5986 genomic sequence
SRR18363241_159223_ka_f_54.618_L_159223_L_159223__120-1331	883	1024	1211	gi|2710395175|tpg|BK066894.1|	4869	5011	5716	73.793	2.04e-08	77.9	MAG TPA_asm: Papillomavirus rana5702 isolate Papilloma5702 genomic sequence
SRR18363241_159223_ka_f_54.618_L_159223_L_159223__120-1331	898	1004	1211	gi|2710393679|tpg|BK066762.1|	4696	4802	5434	75.701	2.04e-08	77.0	MAG TPA_asm: Papillomavirus leptobrachium5415 isolate Papilloma5415 genomic sequence
SRR18442637_22623_ka_f_25.635_L_22623_L_22623__207-1391	5	1178	1184	gi|2523362108|gb|OR113680.1|	5547	6717	7620	68.971	3.14e-126	469	MAG: Arctocephalus gazella papillomavirus 2 isolate AFS_2700_30, complete genome
SRR18442637_22623_ka_f_25.635_L_22623_L_22623__207-1391	57	1175	1184	gi|2710392214|tpg|BK066597.1|	5585	6696	7546	67.642	4.09e-93	358	MAG TPA_asm: Papillomavirus molossus7687 isolate Papilloma7687 genomic sequence
SRR18442637_22623_ka_f_25.635_L_22623_L_22623__207-1391	134	1175	1184	gi|189043078|ref|NC_010739.1|	5645	6679	7582	68.083	1.43e-92	356	Ursus maritimus papillomavirus 1, complete genome
SRR18442637_22623_ka_f_25.635_L_22623_L_22623__207-1391	76	1178	1184	gi|1215835501|ref|NC_035201.1|	5705	6804	7676	67.269	1.10e-87	340	Ailuropoda melanoleuca papillomavirus 1 strain gpam001, complete genome
SRR18442637_22623_ka_f_25.635_L_22623_L_22623__207-1391	1	1167	1184	gi|1334609551|gb|MG571092.1|	5577	6755	7674	67.000	1.98e-84	329	Leptonychotes weddellii papillomavirus 7 isolate 17629, complete genome
SRR18483908_17643_ka_f_26.276_L_17643_L_17643_L_324305__48-1229	16	1181	1181	gi|2710390241|tpg|BK066390.1|	6418	7583	8240	78.082	0.0	939	MAG TPA_asm: Papillomavirus canis8381 isolate Papilloma8381 genomic sequence
SRR18483908_17643_ka_f_26.276_L_17643_L_17643_L_324305__48-1229	1	1181	1181	gi|2710393960|tpg|BK066790.1|	6272	7452	8279	76.078	0.0	844	MAG TPA_asm: Papillomavirus canis7118 isolate Papilloma7118 genomic sequence
SRR18483908_17643_ka_f_26.276_L_17643_L_17643_L_324305__48-1229	1	1181	1181	gi|1571835348|ref|NC_040579.1|	6378	7552	8300	72.689	8.38e-178	640	Canine papillomavirus 22 strain Mas_P6, complete genome
SRR18483908_17643_ka_f_26.276_L_17643_L_17643_L_324305__48-1229	22	1181	1181	gi|2710393739|tpg|BK066769.1|	6430	7586	8241	72.189	1.84e-173	626	MAG TPA_asm: Papillomavirus canis8363 isolate Papilloma8363 genomic sequence
SRR18483908_17643_ka_f_26.276_L_17643_L_17643_L_324305__48-1229	22	1181	1181	gi|2710394415|tpg|BK066839.1|	6294	7450	8222	71.870	2.10e-166	602	MAG TPA_asm: Papillomavirus canis8363a isolate Papilloma8363a genomic sequence
SRR18767723_150562_ka_f_12.353_L_150562_L_150562__93-1280	1	1182	1187	gi|256352174|ref|NC_013117.1|	5580	6764	7498	67.801	4.38e-99	378	Francolinus leucoscepus papillomavirus 1, complete genome
SRR18767723_150562_ka_f_12.353_L_150562_L_150562__93-1280	10	987	1187	gi|2645644171|gb|PP057987.1|	5844	6827	7839	66.633	6.95e-65	265	Anas platyrhynchos papillomavirus 3, complete genome
SRR18767723_150562_ka_f_12.353_L_150562_L_150562__93-1280	19	1187	1187	gi|1605373191|gb|MK620308.1|	162	1333	1656	64.970	2.77e-57	240	Duck papillomavirus 3 strain NL14_M344 L1 (L1) gene, complete cds
SRR18767723_150562_ka_f_12.353_L_150562_L_150562__93-1280	19	1187	1187	gi|1605373063|gb|MK620303.1|	5896	7067	7887	64.970	2.77e-57	240	Duck papillomavirus 3 strain NL14_B8, complete genome
SRR18767723_150562_ka_f_12.353_L_150562_L_150562__93-1280	19	764	1187	gi|1605373195|gb|MK620310.1|	110	858	1130	67.331	9.66e-57	237	Duck papillomavirus 3 strain NL14_S1511 L1 (L1) gene, partial cds
SRR19115560_2307_ka_f_39.696__54-1280	22	1226	1226	gi|2699893069|gb|OR952880.1|	9	1198	2844	73.964	0.0	762	MAG: Bat papillomavirus isolate YN2016 L1 protein gene, partial cds; and E6 protein gene, complete cds
SRR19115560_2307_ka_f_39.696__54-1280	38	1211	1226	gi|2699893018|gb|OR952869.1|	1	1162	1340	74.257	0.0	760	MAG: Bat papillomavirus isolate GD2017 L1 protein-like gene, complete sequence
SRR19115560_2307_ka_f_39.696__54-1280	1	1226	1226	gi|2699892873|gb|OR952830.1|	327	1540	1954	71.903	0.0	655	MAG: Bat papillomavirus isolate GD2018_174_218629 L1 protein gene, complete cds
SRR19115560_2307_ka_f_39.696__54-1280	1	1226	1226	gi|2699892954|gb|OR952849.1|	3419	4632	6774	71.776	5.87e-180	647	MAG: Bat papillomavirus isolate GX2017 E2 protein, L1 protein, E6 protein, and E7 protein genes, complete cds
SRR19115560_2307_ka_f_39.696__54-1280	1	1226	1226	gi|2699892860|gb|OR952826.1|	255	1468	1588	71.822	2.05e-179	645	MAG: Bat papillomavirus isolate GD2017_171_215400 L1 protein gene, partial cds
SRR19117908_684125_ka_f_6.962__93-1262	137	697	1169	gi|1706880111|gb|MK344662.1|	185	742	1518	66.608	5.62e-28	142	Human papillomavirus 39 isolate 39PL05 L1 protein (L1) gene, complete cds
SRR19117908_684125_ka_f_6.962__93-1262	137	697	1169	gi|2374019043|gb|OP711959.1|	5827	6384	7833	66.608	5.62e-28	142	Human papillomavirus 39 isolate L324R553_HPV39, complete genome
SRR19117908_684125_ka_f_6.962__93-1262	532	738	1169	gi|2374019992|gb|OP712101.1|	6267	6473	7836	74.519	3.55e-24	130	Human papillomavirus 44 isolate V523E18_HPV44, complete genome
SRR19117908_684125_ka_f_6.962__93-1262	532	738	1169	gi|396937511|emb|HE963128.1|	571	777	1503	74.519	3.55e-24	130	Human papillomavirus type 44 L1 gene, isolate CS337
SRR19117908_684125_ka_f_6.962__93-1262	532	738	1169	gi|396937509|emb|HE963127.1|	571	777	1503	74.519	3.55e-24	130	Human papillomavirus type 44 L1 gene, isolate CS42
SRR19174516_188544_ka_f_9.245_L_9720909_L_9720909__111-1298	88	711	1187	gi|343174555|gb|JF834524.1|	1706	2317	3363	67.143	5.35e-41	185	Bovine papillomavirus type 12 isolate PR000002, complete genome
SRR19174516_188544_ka_f_9.245_L_9720909_L_9720909__111-1298	88	711	1187	gi|944326236|ref|NC_028126.1|	5540	6151	7197	67.143	5.35e-41	185	Bovine papillomavirus type 12 isolate PR000001, complete genome
SRR19174516_188544_ka_f_9.245_L_9720909_L_9720909__111-1298	57	759	1187	gi|2075897934|gb|MW428429.1|	5325	6021	7233	66.573	2.27e-39	179	Bos taurus papillomavirus 42 isolate 3896RS16-BR node 2, complete genome
SRR19174516_188544_ka_f_9.245_L_9720909_L_9720909__111-1298	133	569	1187	gi|1150189779|gb|KY242583.1|	5662	6092	7399	69.248	5.01e-35	166	Human papillomavirus type 209 isolate FA108, complete genome
SRR19174516_188544_ka_f_9.245_L_9720909_L_9720909__111-1298	50	736	1187	gi|1464311108|ref|NC_039042.1|	5968	6654	7409	66.286	1.75e-34	164	Cervus elaphus papillomavirus type 2, complete genome
SRR19174522_234245_ka_f_33.027_L_234245_L_234245__138-1340	8	1197	1202	gi|396918|emb|X74467.1|	5658	6874	7439	65.994	1.77e-72	289	Human papillomavirus type 14D genomic DNA
SRR19174522_234245_ka_f_33.027_L_234245_L_234245__138-1340	129	747	1202	gi|1571840896|ref|NC_040640.1|	5501	6115	7372	69.904	3.65e-62	256	Human papillomavirus type 203 isolate SE369, complete genome
SRR19174522_234245_ka_f_33.027_L_234245_L_234245__138-1340	129	747	1202	gi|1480688150|gb|MH777218.1|	5501	6115	7371	69.586	1.89e-59	247	MAG: Human papillomavirus isolate HPV-mSK_074, complete genome
SRR19174522_234245_ka_f_33.027_L_234245_L_234245__138-1340	25	1196	1202	gi|396940|emb|X74470.1|	5933	7128	7685	65.025	2.30e-58	243	Human papillomavirus type 19 genomic DNA
SRR19174522_234245_ka_f_33.027_L_234245_L_234245__138-1340	61	747	1202	gi|1559669704|gb|MH777240.2|	5351	6031	7328	67.098	4.75e-48	209	MAG: Human papillomavirus isolate HPV-mSK_097, complete genome
SRR19174522_234245_ka_f_33.027_L_234245_L_234245__138-1340	853	1017	1202	gi|1559669704|gb|MH777240.2|	6146	6310	7328	69.697	2.46e-07	73.4	MAG: Human papillomavirus isolate HPV-mSK_097, complete genome
SRR19174523_80317_ka_f_69.245_L_80317_L_80317__111-1304	24	754	1193	gi|343174555|gb|JF834524.1|	1642	2366	3363	67.847	5.37e-60	249	Bovine papillomavirus type 12 isolate PR000002, complete genome
SRR19174523_80317_ka_f_69.245_L_80317_L_80317__111-1304	884	1004	1193	gi|343174555|gb|JF834524.1|	2484	2604	3363	74.380	5.75e-09	79.7	Bovine papillomavirus type 12 isolate PR000002, complete genome
SRR19174523_80317_ka_f_69.245_L_80317_L_80317__111-1304	24	754	1193	gi|944326236|ref|NC_028126.1|	5476	6200	7197	67.847	5.37e-60	249	Bovine papillomavirus type 12 isolate PR000001, complete genome
SRR19174523_80317_ka_f_69.245_L_80317_L_80317__111-1304	884	1004	1193	gi|944326236|ref|NC_028126.1|	6318	6438	7197	74.380	5.75e-09	79.7	Bovine papillomavirus type 12 isolate PR000001, complete genome
SRR19174523_80317_ka_f_69.245_L_80317_L_80317__111-1304	133	1118	1193	gi|1050870515|gb|KU519395.1|	5458	6449	7277	66.171	5.37e-60	248	Bos taurus papillomavirus 20, complete genome
SRR19174523_80317_ka_f_69.245_L_80317_L_80317__111-1304	133	1118	1193	gi|1059198246|ref|NC_030800.1|	5458	6449	7277	66.171	5.37e-60	248	Bos taurus papillomavirus 20, complete genome
SRR19174523_80317_ka_f_69.245_L_80317_L_80317__111-1304	10	1010	1193	gi|1464311101|ref|NC_039041.1|	6322	7304	7773	65.945	6.54e-59	244	Rusa timorensis papillomavirus type 1 isolate IZW 39/08, complete genome
SRR19174525_18408_ka_f_51.839_L_18408_L_18408__72-1262	21	570	1190	gi|1134447332|gb|KY348861.1|	69	621	1524	69.965	9.07e-51	218	Human papillomavirus 17 isolate 88WLRJ L1 protein gene, complete cds
SRR19174525_18408_ka_f_51.839_L_18408_L_18408__72-1262	877	989	1190	gi|1134447332|gb|KY348861.1|	943	1055	1524	75.221	5.73e-09	78.8	Human papillomavirus 17 isolate 88WLRJ L1 protein gene, complete cds
SRR19174525_18408_ka_f_51.839_L_18408_L_18408__72-1262	127	569	1190	gi|2183144171|gb|OL700030.1|	5938	6374	7476	71.300	3.17e-50	216	Human papillomavirus 115 isolate XJ-ZS137-1, complete genome
SRR19174525_18408_ka_f_51.839_L_18408_L_18408__72-1262	127	569	1190	gi|2183144168|gb|OL700029.1|	184	620	1539	71.300	3.17e-50	216	Human papillomavirus 115 isolate XJ-ZSTUO L1 protein gene, complete cds
SRR19174525_18408_ka_f_51.839_L_18408_L_18408__72-1262	127	569	1190	gi|2183144166|gb|OL700028.1|	184	620	1539	71.300	3.17e-50	216	Human papillomavirus 115 isolate XJ-ZSTKS L1 protein gene, complete cds
SRR19174525_18408_ka_f_51.839_L_18408_L_18408__72-1262	127	569	1190	gi|2183144164|gb|OL700027.1|	184	620	1539	71.300	3.17e-50	216	Human papillomavirus 115 isolate XJ-ZSHU L1 protein gene, complete cds
SRR19174533_28675_ka_f_31.607_L_28675_L_28675_L_2154721__93-1325	25	1232	1232	gi|2462484680|gb|ON932812.1|	73	1238	1539	66.804	5.19e-92	354	Rodent papillomavirus isolate PV-HMU-4 L1 protein gene, complete cds
SRR19174533_28675_ka_f_31.607_L_28675_L_28675_L_2154721__93-1325	25	1232	1232	gi|1476681449|gb|MH892425.1|	5348	6513	7370	66.722	2.21e-90	350	Papillomaviridae RPVne-OR02-zj isolate RPVnew-OR02-zj, complete genome
SRR19174533_28675_ka_f_31.607_L_28675_L_28675_L_2154721__93-1325	24	1232	1232	gi|2462484678|gb|ON932811.1|	66	1232	1476	66.831	8.79e-83	324	Rodent papillomavirus isolate PV-HMU-3 L1 protein gene, partial cds
SRR19174533_28675_ka_f_31.607_L_28675_L_28675_L_2154721__93-1325	70	1215	1232	gi|1273499646|gb|MF588760.1|	846	1964	2498	65.830	1.49e-73	293	Gammapapillomavirus 1 isolate iGamma01_w34c110a L1 (L1) gene, complete cds
SRR19174533_28675_ka_f_31.607_L_28675_L_28675_L_2154721__93-1325	70	1215	1232	gi|1480688098|gb|MH777210.1|	5308	6426	7186	65.744	6.33e-72	288	MAG: Human papillomavirus isolate HPV-mSK_065, complete genome
SRR19430196_31104_ka_f_22.247_L_31104_L_31104__45-1151	1	1104	1106	gi|2710393679|tpg|BK066762.1|	3892	4989	5434	65.172	5.30e-47	205	MAG TPA_asm: Papillomavirus leptobrachium5415 isolate Papilloma5415 genomic sequence
SRR19430196_31104_ka_f_22.247_L_31104_L_31104__45-1151	823	1099	1106	gi|2070668358|gb|MW582900.1|	4836	5112	5467	70.000	1.42e-22	123	Rhinella marina papillomavirus 1 strain FG1, complete genome
SRR19430196_31104_ka_f_22.247_L_31104_L_31104__45-1151	823	930	1106	gi|2710393999|tpg|BK066795.1|	4641	4748	5361	84.259	6.06e-21	119	MAG TPA_asm: Papillomavirus leptobrachium5502 isolate Papilloma5502 genomic sequence
SRR19430196_31104_ka_f_22.247_L_31104_L_31104__45-1151	1	158	1106	gi|2710393999|tpg|BK066795.1|	3846	4000	5361	73.750	1.03e-11	88.7	MAG TPA_asm: Papillomavirus leptobrachium5502 isolate Papilloma5502 genomic sequence
SRR19430196_31104_ka_f_22.247_L_31104_L_31104__45-1151	16	149	1106	gi|2070668404|gb|MW582921.1|	153	283	1130	74.074	1.85e-08	77.9	Oreolalax rhodostigmatus papillomavirus 1 L1 gene, partial cds
SRR19430196_31104_ka_f_22.247_L_31104_L_31104__45-1151	801	930	1106	gi|2710388917|tpg|BK066313.1|	4938	5067	5716	71.538	9.61e-06	68.9	MAG TPA_asm: Papillomavirus rana6035 isolate Papilloma6035 genomic sequence
SRR19505656_591_ka_f_215.496_L_591_L_591__69-1247	24	735	1178	gi|2075897894|gb|MW404260.1|	5293	5992	7202	66.990	1.09e-49	214	Bos taurus papillomavirus 38 isolate 3672RS16-BR node 5, complete genome
SRR19505656_591_ka_f_215.496_L_591_L_591__69-1247	24	939	1178	gi|2075897880|gb|MW404258.1|	4964	5873	7205	65.134	2.26e-39	180	Bos taurus papillomavirus 36 isolate 4828RS16-BR node 2, complete genome
SRR19505656_591_ka_f_215.496_L_591_L_591__69-1247	1	977	1178	gi|584273239|dbj|AB845589.1|	5672	6651	7297	64.835	2.11e-33	160	Bovine papillomavirus type 6 DNA, complete genome
SRR19505656_591_ka_f_215.496_L_591_L_591__69-1247	1	977	1178	gi|40804501|emb|AJ620208.1|	5671	6650	7296	64.835	2.11e-33	160	Bovine papillomavirus type 6 complete genome
SRR19505656_591_ka_f_215.496_L_591_L_591__69-1247	24	968	1178	gi|1911047200|dbj|LC521687.1|	72	1028	1536	64.609	8.98e-32	155	Bos taurus papillomavirus 28 B190830-2 L1 gene for major capsid protein, complete cds
SRR19545148_51759_ka_f_10.697__72-1250	134	1169	1178	gi|97331426|ref|NC_008032.1|	5832	6876	7542	68.874	6.88e-103	390	Capra hircus papillomavirus type 1, complete genome
SRR19545148_51759_ka_f_10.697__72-1250	79	1176	1178	gi|538654784|ref|NC_022253.1|	6591	7697	7985	67.261	8.39e-83	324	Mustela putorius papillomavirus 1 isolate MpPV1, complete genome
SRR19545148_51759_ka_f_10.697__72-1250	24	757	1178	gi|1559669697|gb|MH777225.2|	5560	6299	7419	67.738	2.75e-57	239	MAG: Human papillomavirus isolate HPV-mSK_082, complete genome
SRR19545148_51759_ka_f_10.697__72-1250	136	1164	1178	gi|1559669438|gb|MH777273.2|	5532	6584	7389	65.047	4.96e-54	229	MAG: Human papillomavirus isolate HPV-mSK_131, complete genome
SRR19545148_51759_ka_f_10.697__72-1250	155	764	1178	gi|396910|emb|X74466.1|	6049	6658	7673	68.831	6.05e-53	225	Human papillomavirus type 12 genomic DNA
SRR20028133_10902_ka_f_10.424__150-1364	8	1214	1214	gi|1559669396|gb|MH777233.2|	5261	6461	7308	74.138	0.0	753	MAG: Human papillomavirus isolate HPV-mSK_090, complete genome
SRR20028133_10902_ka_f_10.424__150-1364	1	1214	1214	gi|356483524|gb|JN171845.1|	5249	6462	7240	73.317	0.0	721	Human Papillomavirus type 153, complete genome
SRR20028133_10902_ka_f_10.424__150-1364	4	1214	1214	gi|1273499340|gb|MF588721.1|	5214	6409	7240	73.766	0.0	719	Gammapapillomavirus 13 isolate Gamma13_EV03c45, complete genome
SRR20028133_10902_ka_f_10.424__150-1364	4	1214	1214	gi|1559669752|gb|MH777354.2|	5214	6409	7241	73.469	0.0	711	MAG: Human papillomavirus isolate HPV-mSK_215, complete genome
SRR20028133_10902_ka_f_10.424__150-1364	16	1214	1214	gi|1026817952|gb|KU248828.1|	5276	6450	7262	73.029	0.0	678	Papillomavirus JL74, complete genome
SRR20078264_4021_ka_f_10.293_L_4021_L_4021__66-1346	76	989	1280	gi|2080077993|gb|MZ570861.1|	4507	5429	6154	70.170	1.36e-99	380	Papillomaviridae sp. Haddock_c2655, complete genome
SRR20078264_4021_ka_f_10.293_L_4021_L_4021__66-1346	76	989	1280	gi|2080077979|gb|MZ570859.1|	4519	5441	6194	68.863	7.51e-84	327	Papillomaviridae sp. Haddock_c45, complete genome
SRR20078264_4021_ka_f_10.293_L_4021_L_4021__66-1346	89	971	1280	gi|2080078022|gb|MZ570865.1|	4313	5195	6000	68.468	1.36e-80	317	Papillomaviridae sp. Seabass_c24797, complete genome
SRR20078264_4021_ka_f_10.293_L_4021_L_4021__66-1346	76	989	1280	gi|2710392937|tpg|BK066681.1|	4549	5471	6220	68.240	7.03e-78	308	MAG TPA_asm: Papillomavirus gadus6361 isolate Papilloma6361 genomic sequence
SRR20701368_3697_ka_f_81.159_L_390569_L_423575_L_243499__45-1184	859	1137	1139	gi|2710393999|tpg|BK066795.1|	4638	4952	5361	66.667	7.61e-20	114	MAG TPA_asm: Papillomavirus leptobrachium5502 isolate Papilloma5502 genomic sequence
SRR20701368_3697_ka_f_81.159_L_390569_L_423575_L_243499__45-1184	859	968	1139	gi|2070668404|gb|MW582921.1|	918	1027	1130	79.279	3.03e-12	90.6	Oreolalax rhodostigmatus papillomavirus 1 L1 gene, partial cds
SRR20701368_3697_ka_f_81.159_L_390569_L_423575_L_243499__45-1184	856	968	1139	gi|2070668358|gb|MW582900.1|	4830	4942	5467	76.991	1.06e-11	87.8	Rhinella marina papillomavirus 1 strain FG1, complete genome
SRR20701368_3697_ka_f_81.159_L_390569_L_423575_L_243499__45-1184	860	1134	1139	gi|2710393679|tpg|BK066762.1|	4694	4986	5434	66.553	3.69e-11	86.0	MAG TPA_asm: Papillomavirus leptobrachium5415 isolate Papilloma5415 genomic sequence
SRR20701368_3697_ka_f_81.159_L_390569_L_423575_L_243499__45-1184	833	972	1139	gi|2710394428|tpg|BK066841.1|	5016	5155	5852	73.050	1.91e-08	77.0	MAG TPA_asm: Papillomavirus rana5986 isolate Papilloma5986 genomic sequence
SRR20730059_206606_ka_f_72.295_L_206606_L_8997347_L_206606__87-1271	841	971	1184	gi|2699892973|gb|OR952856.1|	1171	1301	2025	78.626	9.65e-19	111	MAG: Bat papillomavirus isolate GD2018_193_3655 L1 protein gene, complete cds
SRR20730059_206606_ka_f_72.295_L_206606_L_8997347_L_206606__87-1271	514	617	1184	gi|2699892973|gb|OR952856.1|	859	962	2025	75.962	6.95e-08	76.1	MAG: Bat papillomavirus isolate GD2018_193_3655 L1 protein gene, complete cds
SRR20730059_206606_ka_f_72.295_L_206606_L_8997347_L_206606__87-1271	23	729	1184	gi|2699892644|gb|OR952786.1|	5866	6578	7583	64.779	3.37e-18	110	MAG: Bat papillomavirus isolate GD2016_074_18158 E6 protein, E7 protein, E1 protein, E2 protein, L2 protein, and L1 protein genes, complete cds
SRR20730059_206606_ka_f_72.295_L_206606_L_8997347_L_206606__87-1271	530	726	1184	gi|9626063|ref|NC_001356.1|	6005	6201	7815	72.727	1.18e-17	107	Human papillomavirus - 1, complete genome
SRR20730059_206606_ka_f_72.295_L_206606_L_8997347_L_206606__87-1271	530	726	1184	gi|458704|gb|U06714.1|HPU06714	6006	6202	7801	72.727	1.18e-17	107	Human papillomavirus type 1a (3-3), complete genome
SRR20730059_206606_ka_f_72.295_L_206606_L_8997347_L_206606__87-1271	530	726	1184	gi|60966|emb|V01116.1|	6005	6201	7815	72.727	1.18e-17	107	Human papilloma virus type 1a E6, E8, E7, L2 & L2 genes
SRR20730068_913814_ka_f_92.341_L_913814_L_913814__63-1232	128	467	1169	gi|605281646|ref|NC_023873.1|	6482	6821	8194	68.805	3.55e-24	129	Enhydra lutris papillomavirus 1 isolate 6898-13, complete genome
SRR20730068_913814_ka_f_92.341_L_913814_L_913814__63-1232	154	737	1169	gi|222544029|gb|FJ615303.1|	292	872	1590	65.657	1.24e-23	128	Synthetic construct HPV-type 52 L1 protein gene, complete cds
SRR20730068_913814_ka_f_92.341_L_913814_L_913814__63-1232	1022	1152	1169	gi|222544029|gb|FJ615303.1|	1166	1296	1590	71.756	2.92e-06	70.7	Synthetic construct HPV-type 52 L1 protein gene, complete cds
SRR20730068_913814_ka_f_92.341_L_913814_L_913814__63-1232	127	341	1169	gi|2699893244|gb|OR952918.1|	393	607	1896	72.558	5.27e-22	123	MAG: Rhinolophus bat papillomavirus 1 isolate HB2020 L1 protein-like gene, complete sequence
SRR20730068_913814_ka_f_92.341_L_913814_L_913814__63-1232	24	350	1169	gi|9626041|ref|NC_001354.1|	5614	5943	7614	68.657	1.84e-21	121	Human papillomavirus type 41, complete genome
SRR20730068_913814_ka_f_92.341_L_913814_L_913814__63-1232	24	346	1169	gi|2699893204|gb|OR952911.1|	5280	5602	6683	67.976	2.24e-20	116	MAG: Rhinolophus bat papillomavirus 2 isolate ZJ2020 E6 protein, E7 protein, E1 protein, E2 protein, and L2 protein genes, complete cds; and L1 protein gene, partial cds
SRR20730070_355699_ka_f_5.329__87-1271	23	732	1184	gi|2699892644|gb|OR952786.1|	5866	6581	7583	65.158	1.99e-27	141	MAG: Bat papillomavirus isolate GD2016_074_18158 E6 protein, E7 protein, E1 protein, E2 protein, L2 protein, and L1 protein genes, complete cds
SRR20730070_355699_ka_f_5.329__87-1271	23	206	1184	gi|2889339488|gb|PQ622703.1|	5805	5985	7697	76.630	2.95e-25	132	Papillomaviridae sp. strain CH225 E6 protein, E7 protein, E1 protein, E2 protein, L2 protein, and L1 protein genes, complete cds
SRR20730070_355699_ka_f_5.329__87-1271	391	732	1184	gi|2889339488|gb|PQ622703.1|	6176	6517	7697	65.507	2.43e-07	74.3	Papillomaviridae sp. strain CH225 E6 protein, E7 protein, E1 protein, E2 protein, L2 protein, and L1 protein genes, complete cds
SRR20730070_355699_ka_f_5.329__87-1271	10	989	1184	gi|2710392214|tpg|BK066597.1|	5538	6517	7546	64.420	2.95e-25	132	MAG TPA_asm: Papillomavirus molossus7687 isolate Papilloma7687 genomic sequence
SRR20730070_355699_ka_f_5.329__87-1271	23	651	1184	gi|2699892602|gb|OR952773.1|	2303	2934	5181	65.736	4.38e-23	126	MAG: Bat papillomavirus isolate HB2020 L2 protein, L1 protein, E6 protein, and E7 protein genes, complete cds
SRR20730070_355699_ka_f_5.329__87-1271	23	732	1184	gi|2699893139|gb|OR952898.1|	1884	2602	3446	64.924	2.27e-20	117	MAG: Bat papillomavirus isolate ZJ2020 L2 protein and L1 protein genes, complete cds
SRR20985014_1849650_ka_f_6.000__93-1253	8	1160	1160	gi|538654784|ref|NC_022253.1|	6520	7663	7985	67.371	6.34e-97	370	Mustela putorius papillomavirus 1 isolate MpPV1, complete genome
SRR20985014_1849650_ka_f_6.000__93-1253	13	1160	1160	gi|2282111583|gb|ON226485.1|	5730	6856	7583	66.954	8.26e-83	324	Felis catus papillomavirus 3 strain China/SMU-D21/2019, complete genome
SRR20985014_1849650_ka_f_6.000__93-1253	13	1160	1160	gi|2889146026|dbj|LC859345.1|	5730	6856	7583	66.954	3.51e-81	319	Felis catus papillomavirus 3 GNGN3/Fukuoka/Japan/2023 DNA, complete genome
SRR20985014_1849650_ka_f_6.000__93-1253	8	1002	1160	gi|1571835141|ref|NC_040578.1|	6246	7226	8225	66.634	5.57e-66	269	Canine papillomavirus 21 strain Lab_P1, complete genome
SRR20985014_1849650_ka_f_6.000__93-1253	13	1010	1160	gi|2710391150|tpg|BK066472.1|	5733	6700	7552	66.169	2.70e-57	239	MAG TPA_asm: Papillomavirus panthera7693 isolate Papilloma7693 genomic sequence
SRR22028468_199653_ka_f_18.451_L_199653_L_199653__69-1301	922	1001	1232	gi|2523362102|gb|OR113679.1|	6434	6513	7623	83.750	4.00e-11	86.9	MAG: Arctocephalus gazella papillomavirus 1 isolate AFS_A32_29, complete genome
SRR22028468_199653_ka_f_18.451_L_199653_L_199653__69-1301	922	1001	1232	gi|2523362136|gb|OR113684.1|	6431	6510	7611	82.500	4.88e-10	82.4	MAG: Leptonychotes weddellii papillomavirus 11 isolate 11760, complete genome
SRR22028468_199653_ka_f_18.451_L_199653_L_199653__69-1301	917	1001	1232	gi|2523362143|gb|OR113685.1|	6464	6547	7678	81.176	5.94e-09	78.8	MAG: Leptonychotes weddellii papillomavirus 12 isolate 16472, complete genome
SRR22028468_199653_ka_f_18.451_L_199653_L_199653__69-1301	917	1001	1232	gi|2523362114|gb|OR113681.1|	6443	6526	7676	81.176	5.94e-09	78.8	MAG: Leptonychotes weddellii papillomavirus 8 isolate 16935, complete genome
SRR22028468_199653_ka_f_18.451_L_199653_L_199653__69-1301	923	1017	1232	gi|2374019096|gb|OP711965.1|	6637	6731	8037	77.895	2.07e-08	77.9	Human papillomavirus 89 isolate L324R553_HPV89, partial genome
SRR22071710_95166_ka_f_10.206__111-1301	1	1190	1190	gi|1476681449|gb|MH892425.1|	5324	6513	7370	74.099	0.0	755	Papillomaviridae RPVne-OR02-zj isolate RPVnew-OR02-zj, complete genome
SRR22071710_95166_ka_f_10.206__111-1301	1	1190	1190	gi|2462484680|gb|ON932812.1|	49	1238	1539	74.099	0.0	755	Rodent papillomavirus isolate PV-HMU-4 L1 protein gene, complete cds
SRR22071710_95166_ka_f_10.206__111-1301	1	1190	1190	gi|255762023|gb|GQ180114.1|	5891	7080	7378	73.931	0.0	746	Rattus norvegicus papillomavirus 1 EES-2009, complete genome
SRR22071710_95166_ka_f_10.206__111-1301	16	1190	1190	gi|2710393774|tpg|BK066775.1|	5438	6609	7564	74.174	0.0	742	MAG TPA_asm: Papillomavirus mus7585 isolate Papilloma7585 genomic sequence
SRR22071710_95166_ka_f_10.206__111-1301	1	1190	1190	gi|1571837270|ref|NC_040604.1|	5330	6519	7373	73.764	0.0	737	Rodent papillomavirus isolate RtRn-PV/GD2014, complete genome
SRR22071730_45049_ka_f_8.371_L_190961__45-1238	1	1188	1193	gi|1272821240|gb|KY370096.1|	5457	6641	7525	74.413	0.0	767	Rodent papillomavirus isolate RtAc-PV/GZ2015, complete genome
SRR22071730_45049_ka_f_8.371_L_190961__45-1238	1	1193	1193	gi|1571837270|ref|NC_040604.1|	5330	6519	7373	73.411	0.0	723	Rodent papillomavirus isolate RtRn-PV/GD2014, complete genome
SRR22071730_45049_ka_f_8.371_L_190961__45-1238	1	1193	1193	gi|1476681449|gb|MH892425.1|	5324	6513	7370	72.993	0.0	700	Papillomaviridae RPVne-OR02-zj isolate RPVnew-OR02-zj, complete genome
SRR22071730_45049_ka_f_8.371_L_190961__45-1238	1	1193	1193	gi|2462484680|gb|ON932812.1|	49	1238	1539	72.993	0.0	700	Rodent papillomavirus isolate PV-HMU-4 L1 protein gene, complete cds
SRR22071730_45049_ka_f_8.371_L_190961__45-1238	1	1193	1193	gi|255762023|gb|GQ180114.1|	5891	7080	7378	72.993	0.0	700	Rattus norvegicus papillomavirus 1 EES-2009, complete genome
SRR22103697_35462_ka_f_9.672__126-1304	57	1172	1178	gi|1376274358|gb|MG252779.1|	5589	6692	7770	65.614	5.30e-60	249	Bos taurus papillomavirus 25 isolate 14RS13/BR, complete genome
SRR22103697_35462_ka_f_9.672__126-1304	57	1169	1178	gi|2075898012|gb|MW436430.1|	5645	6745	7839	65.168	2.11e-52	224	Bos taurus papillomavirus 8 isolate 4834RS16-BR node 2, complete genome
SRR22103697_35462_ka_f_9.672__126-1304	57	1169	1178	gi|2075898003|gb|MW436429.1|	5591	6691	7699	65.168	2.11e-52	224	Bos taurus papillomavirus 8 isolate 4150RS16-BR node 1, complete genome
SRR22103697_35462_ka_f_9.672__126-1304	57	1169	1178	gi|89034263|gb|DQ098917.1|	5696	6796	7773	65.168	2.11e-52	224	Bovine papillomavirus type 8-EB, complete genome
SRR22103697_35462_ka_f_9.672__126-1304	57	1169	1178	gi|89034256|gb|DQ098913.1|	5696	6796	7791	65.168	2.11e-52	224	Bovine papillomavirus type 8, complete genome
SRR22213301_62214_ka_f_769.918_L_62214_L_62214__81-1265	895	1092	1184	gi|2069601153|gb|MH617579.2|	5450	5647	5980	74.752	3.60e-24	129	MAG: Lutjanus campechanus-associated papillomavirus 1 isolate ctbe14, complete genome
SRR22213301_62214_ka_f_769.918_L_62214_L_62214__81-1265	850	1173	1184	gi|2710394909|tpg|BK066885.1|	4924	5256	5617	68.060	2.27e-20	116	MAG TPA_asm: Papillomavirus sparus5623 isolate Papilloma5623 genomic sequence
SRR22213301_62214_ka_f_769.918_L_62214_L_62214__81-1265	876	1181	1184	gi|2413975770|gb|OP933686.1|	5360	5668	6010	68.387	3.37e-18	109	MAG: Fish-associated papillomavirus 1 isolate fi100pap1, complete genome
SRR22213301_62214_ka_f_769.918_L_62214_L_62214__81-1265	886	1128	1184	gi|2710393519|tpg|BK066746.1|	5499	5750	6144	69.565	2.13e-14	97.8	MAG TPA_asm: Papillomavirus xiphophorus6144 isolate Papilloma6144 genomic sequence
SRR22213301_62214_ka_f_769.918_L_62214_L_62214__81-1265	886	1115	1184	gi|2710390775|tpg|BK066436.1|	5337	5566	5936	68.776	1.34e-10	85.1	MAG TPA_asm: Papillomavirus cynoglossus6077 isolate Papilloma6077 genomic sequence
SRR22213301_62214_ka_f_769.918_L_62214_L_62214__81-1265	247	317	1184	gi|2710390775|tpg|BK066436.1|	4544	4614	5936	80.282	3.60e-05	66.2	MAG TPA_asm: Papillomavirus cynoglossus6077 isolate Papilloma6077 genomic sequence
SRR22679053_21748_ka_f_47.037_L_21748_L_21748__120-1298	13	1163	1178	gi|2075900665|gb|MW543424.1|	164	1305	1416	73.634	0.0	708	Bos taurus papillomavirus isolate 3891RS16-BR node 11 L1 major capsid protein (L1) gene, partial cds
SRR22679053_21748_ka_f_47.037_L_21748_L_21748__120-1298	13	1163	1178	gi|2075897858|gb|MW401531.1|	5244	6385	7354	73.547	0.0	703	Bos taurus papillomavirus 33 isolate 4827RS16-BR node 7, complete genome
SRR22679053_21748_ka_f_47.037_L_21748_L_21748__120-1298	139	944	1178	gi|2075900667|gb|MW543425.1|	31	833	833	75.866	8.36e-159	576	Bos taurus papillomavirus isolate 4826RS16-BR node 74 L1 major capsid protein (L1) gene, partial cds
SRR22679053_21748_ka_f_47.037_L_21748_L_21748__120-1298	139	1163	1178	gi|1571847247|ref|NC_040785.1|	6008	7032	7342	67.469	2.93e-82	322	Rusa timorensis papillomavirus type 2 isolate IZW 39/08, complete genome
SRR22679053_21748_ka_f_47.037_L_21748_L_21748__120-1298	511	1067	1178	gi|22901245|gb|AF443292.1|	6434	6999	8090	69.151	3.82e-49	213	Rangifer tarandus papillomavirus 1, complete genome
SRR22682020_36006_ka_f_18.138_L_31347_L_73336__48-1304	903	1049	1256	gi|1060285471|ref|NC_030839.1|	5099	5245	5748	76.871	2.94e-19	113	Sparus aurata papillomavirus 1, complete genome
SRR22682020_36006_ka_f_18.138_L_31347_L_73336__48-1304	1	317	1256	gi|1060285471|ref|NC_030839.1|	4116	4420	5748	68.438	6.47e-15	98.7	Sparus aurata papillomavirus 1, complete genome
SRR22682020_36006_ka_f_18.138_L_31347_L_73336__48-1304	905	1049	1256	gi|2080078015|gb|MZ570864.1|	5213	5357	5788	77.397	1.25e-17	108	Papillomaviridae sp. Seabass_c17043, complete genome
SRR22682020_36006_ka_f_18.138_L_31347_L_73336__48-1304	907	1250	1256	gi|2710394156|tpg|BK066814.1|	5121	5452	5766	67.052	5.31e-16	103	MAG TPA_asm: Papillomavirus sparus5907 isolate Papilloma5907 genomic sequence
SRR22682020_36006_ka_f_18.138_L_31347_L_73336__48-1304	1	317	1256	gi|2710394156|tpg|BK066814.1|	4121	4425	5766	67.601	6.06e-09	79.7	MAG TPA_asm: Papillomavirus sparus5907 isolate Papilloma5907 genomic sequence
SRR22682020_36006_ka_f_18.138_L_31347_L_73336__48-1304	5	293	1256	gi|2080078006|gb|MZ570863.1|	4316	4595	5960	68.041	1.85e-15	100	Papillomaviridae sp. Seabass_c1851, complete genome
SRR22682020_36006_ka_f_18.138_L_31347_L_73336__48-1304	903	1255	1256	gi|2475024704|gb|OQ633419.1|	5031	5371	5671	67.409	2.26e-14	97.8	MAG: Betta papillomavirus 1 isolate Champ Fleurs BS20, complete genome
SRR22682020_36006_ka_f_18.138_L_31347_L_73336__48-1304	1	108	1256	gi|2475024704|gb|OQ633419.1|	4103	4211	5671	78.899	3.35e-12	90.6	MAG: Betta papillomavirus 1 isolate Champ Fleurs BS20, complete genome
SRR22691042_22193_ka_f_110.076__66-1250	868	1183	1184	gi|2710393999|tpg|BK066795.1|	4638	4953	5361	67.485	4.10e-17	106	MAG TPA_asm: Papillomavirus leptobrachium5502 isolate Papilloma5502 genomic sequence
SRR22691042_22193_ka_f_110.076__66-1250	719	1177	1184	gi|2710394428|tpg|BK066841.1|	4899	5342	5852	66.453	1.43e-16	104	MAG TPA_asm: Papillomavirus rana5986 isolate Papilloma5986 genomic sequence
SRR22691042_22193_ka_f_110.076__66-1250	158	295	1184	gi|2710394428|tpg|BK066841.1|	4341	4478	5852	73.571	1.99e-08	77.0	MAG TPA_asm: Papillomavirus rana5986 isolate Papilloma5986 genomic sequence
SRR22691042_22193_ka_f_110.076__66-1250	869	1179	1184	gi|2710393679|tpg|BK066762.1|	4694	4986	5434	66.559	1.99e-08	77.9	MAG TPA_asm: Papillomavirus leptobrachium5415 isolate Papilloma5415 genomic sequence
SRR22691042_22193_ka_f_110.076__66-1250	688	997	1184	gi|2710395175|tpg|BK066894.1|	4707	5011	5716	66.667	1.99e-08	77.0	MAG TPA_asm: Papillomavirus rana5702 isolate Papilloma5702 genomic sequence
SRR22691042_22193_ka_f_110.076__66-1250	867	959	1184	gi|2070668358|gb|MW582900.1|	4832	4924	5467	76.344	2.95e-06	69.8	Rhinella marina papillomavirus 1 strain FG1, complete genome
SRR23881954_91973_ka_f_11.454__0-1163	1	1163	1163	gi|2075900661|gb|MW543422.1|	49	1211	1491	82.115	0.0	1160	Bos taurus papillomavirus 43 isolate 4182RS16-BR node 1 L1 major capsid protein (L1) gene, complete cds
SRR23881954_91973_ka_f_11.454__0-1163	1	1163	1163	gi|2075898012|gb|MW436430.1|	5592	6754	7839	79.278	0.0	1012	Bos taurus papillomavirus 8 isolate 4834RS16-BR node 2, complete genome
SRR23881954_91973_ka_f_11.454__0-1163	1	1163	1163	gi|2075898003|gb|MW436429.1|	5538	6700	7699	79.278	0.0	1012	Bos taurus papillomavirus 8 isolate 4150RS16-BR node 1, complete genome
SRR23881954_91973_ka_f_11.454__0-1163	1	1163	1163	gi|89034263|gb|DQ098917.1|	5643	6805	7773	79.278	0.0	1012	Bovine papillomavirus type 8-EB, complete genome
SRR23881954_91973_ka_f_11.454__0-1163	1	1163	1163	gi|89034256|gb|DQ098913.1|	5643	6805	7791	79.278	0.0	1012	Bovine papillomavirus type 8, complete genome
SRR24184640_192549_ka_f_20.737_L_192549_L_192549__42-1178	667	1131	1136	gi|2710394428|tpg|BK066841.1|	4871	5344	5852	70.478	8.64e-51	217	MAG TPA_asm: Papillomavirus rana5986 isolate Papilloma5986 genomic sequence
SRR24184640_192549_ka_f_20.737_L_192549_L_192549__42-1178	4	269	1136	gi|2710394428|tpg|BK066841.1|	4196	4470	5852	71.636	1.56e-28	144	MAG TPA_asm: Papillomavirus rana5986 isolate Papilloma5986 genomic sequence
SRR24184640_192549_ka_f_20.737_L_192549_L_192549__42-1178	819	1135	1136	gi|2710388917|tpg|BK066313.1|	4938	5260	5716	68.693	1.46e-22	123	MAG TPA_asm: Papillomavirus rana6035 isolate Papilloma6035 genomic sequence
SRR24184640_192549_ka_f_20.737_L_192549_L_192549__42-1178	667	732	1136	gi|2710388917|tpg|BK066313.1|	4795	4860	5716	81.818	3.45e-05	66.2	MAG TPA_asm: Papillomavirus rana6035 isolate Papilloma6035 genomic sequence
SRR24184641_16550_ka_f_18.802_L_19856299__36-1259	8	1223	1223	gi|2710395175|tpg|BK066894.1|	4012	5233	5716	70.314	3.24e-145	532	MAG TPA_asm: Papillomavirus rana5702 isolate Papilloma5702 genomic sequence
SRR24184641_16550_ka_f_18.802_L_19856299__36-1259	20	298	1223	gi|2710394428|tpg|BK066841.1|	4212	4481	5852	69.474	3.48e-18	110	MAG TPA_asm: Papillomavirus rana5986 isolate Papilloma5986 genomic sequence
SRR24184641_16550_ka_f_18.802_L_19856299__36-1259	709	986	1223	gi|2710388917|tpg|BK066313.1|	4795	5073	5716	67.123	5.90e-09	78.8	MAG TPA_asm: Papillomavirus rana6035 isolate Papilloma6035 genomic sequence
SRR24184641_16550_ka_f_18.802_L_19856299__36-1259	844	981	1223	gi|2070668358|gb|MW582900.1|	4806	4943	5467	71.739	2.51e-07	74.3	Rhinella marina papillomavirus 1 strain FG1, complete genome
SRR24184641_16550_ka_f_18.802_L_19856299__36-1259	879	975	1223	gi|319976676|ref|NC_014953.1|	6118	6214	7219	75.258	1.07e-05	68.0	Human papillomavirus type 129, complete genome
SRR24719138_20345_ka_f_25.949_L_20345_L_20345_L_46153__45-1142	1	1092	1097	gi|2710393679|tpg|BK066762.1|	3892	4986	5434	64.706	3.79e-36	168	MAG TPA_asm: Papillomavirus leptobrachium5415 isolate Papilloma5415 genomic sequence
SRR24719138_20345_ka_f_25.949_L_20345_L_20345_L_46153__45-1142	812	1093	1097	gi|2710393999|tpg|BK066795.1|	4639	4950	5361	67.308	2.55e-19	113	MAG TPA_asm: Papillomavirus leptobrachium5502 isolate Papilloma5502 genomic sequence
SRR24719138_20345_ka_f_25.949_L_20345_L_20345_L_46153__45-1142	1	269	1097	gi|2710393999|tpg|BK066795.1|	3846	4111	5361	69.259	1.61e-15	100	MAG TPA_asm: Papillomavirus leptobrachium5502 isolate Papilloma5502 genomic sequence
SRR24719200_30273_ka_f_18.600__45-1145	618	1098	1100	gi|2710393679|tpg|BK066762.1|	4494	4989	5434	69.200	4.06e-42	188	MAG TPA_asm: Papillomavirus leptobrachium5415 isolate Papilloma5415 genomic sequence
SRR24719200_30273_ka_f_18.600__45-1145	16	290	1100	gi|2710393679|tpg|BK066762.1|	3907	4178	5434	70.609	4.94e-22	122	MAG TPA_asm: Papillomavirus leptobrachium5415 isolate Papilloma5415 genomic sequence
SRR24719200_30273_ka_f_18.600__45-1145	814	1095	1100	gi|2710393999|tpg|BK066795.1|	4638	4949	5361	66.349	1.62e-15	101	MAG TPA_asm: Papillomavirus leptobrachium5502 isolate Papilloma5502 genomic sequence
SRR24719200_30273_ka_f_18.600__45-1145	1	410	1100	gi|2710393999|tpg|BK066795.1|	3846	4261	5361	65.403	2.40e-13	93.3	MAG TPA_asm: Papillomavirus leptobrachium5502 isolate Papilloma5502 genomic sequence
SRR24719200_30273_ka_f_18.600__45-1145	646	1093	1100	gi|2070668358|gb|MW582900.1|	4674	5112	5467	65.632	1.97e-14	97.8	Rhinella marina papillomavirus 1 strain FG1, complete genome
SRR24719200_30273_ka_f_18.600__45-1145	812	923	1100	gi|2070668404|gb|MW582921.1|	916	1027	1130	75.000	1.84e-08	77.0	Oreolalax rhodostigmatus papillomavirus 1 L1 gene, partial cds
SRR24719200_30273_ka_f_18.600__45-1145	16	107	1100	gi|2070668404|gb|MW582921.1|	153	244	1130	78.125	2.25e-07	73.4	Oreolalax rhodostigmatus papillomavirus 1 L1 gene, partial cds
SRR24719200_30273_ka_f_18.600__45-1145	977	1091	1100	gi|2710394428|tpg|BK066841.1|	5226	5340	5852	73.913	2.25e-07	73.4	MAG TPA_asm: Papillomavirus rana5986 isolate Papilloma5986 genomic sequence
SRR24724941_48294_ka_f_26.790_L_48294_L_48294__57-1349	944	1082	1292	gi|2710394898|tpg|BK066884.1|	5200	5338	6078	73.944	4.21e-11	86.9	MAG TPA_asm: Papillomavirus ambystoma6078 isolate Papilloma6078 genomic sequence
SRR24725051_232888_ka_f_26.173_L_6115604_L_1268227__18-1307	944	1061	1289	gi|2710394898|tpg|BK066884.1|	5200	5317	6078	76.033	1.46e-10	85.1	MAG TPA_asm: Papillomavirus ambystoma6078 isolate Papilloma6078 genomic sequence
SRR24725051_232888_ka_f_26.173_L_6115604_L_1268227__18-1307	22	102	1289	gi|2710394898|tpg|BK066884.1|	4455	4535	6078	77.778	3.93e-05	66.2	MAG TPA_asm: Papillomavirus ambystoma6078 isolate Papilloma6078 genomic sequence
SRR24955661_163566_ka_f_44.762_L_163566_L_163566_L_5985605__81-1262	5	969	1181	gi|1571847247|ref|NC_040785.1|	5877	6844	7342	68.400	4.65e-86	335	Rusa timorensis papillomavirus type 2 isolate IZW 39/08, complete genome
SRR24955661_163566_ka_f_44.762_L_163566_L_163566_L_5985605__81-1262	136	977	1181	gi|2075900665|gb|MW543424.1|	287	1128	1416	68.655	1.10e-68	277	Bos taurus papillomavirus isolate 3891RS16-BR node 11 L1 major capsid protein (L1) gene, partial cds
SRR24955661_163566_ka_f_44.762_L_163566_L_163566_L_5985605__81-1262	136	977	1181	gi|2075897858|gb|MW401531.1|	5367	6208	7354	68.538	4.66e-67	272	Bos taurus papillomavirus 33 isolate 4827RS16-BR node 7, complete genome
SRR24955661_163566_ka_f_44.762_L_163566_L_163566_L_5985605__81-1262	136	936	1181	gi|2075900667|gb|MW543425.1|	28	828	833	68.428	4.36e-61	252	Bos taurus papillomavirus isolate 4826RS16-BR node 74 L1 major capsid protein (L1) gene, partial cds
SRR24955661_163566_ka_f_44.762_L_163566_L_163566_L_5985605__81-1262	134	697	1181	gi|326631676|ref|NC_015267.1|	5727	6293	7679	66.143	4.67e-29	146	Camelus dromedarius papillomavirus type 1, complete genome
SRR24955686_769205_ka_f_12.535__93-1268	54	986	1175	gi|1209055474|gb|KY705374.1|	6073	7008	7480	66.806	6.88e-65	265	Bovine papillomavirus isolate NY-8385, complete genome
SRR24955686_769205_ka_f_12.535__93-1268	54	986	1175	gi|1215835572|ref|NC_035208.1|	6073	7008	7480	66.806	6.88e-65	265	Bovine papillomavirus isolate NY-8385, complete genome
SRR24955686_769205_ka_f_12.535__93-1268	169	974	1175	gi|2771753907|gb|PQ037580.1|	5609	6420	7379	65.901	6.44e-40	181	Firstpapillomavirinae sp. isolate N5, complete genome
SRR24955686_769205_ka_f_12.535__93-1268	162	701	1175	gi|630341573|gb|KF444058.1|	5794	6330	7855	68.190	3.34e-37	173	Human papillomavirus type 26 isolate Qv39902, complete genome
SRR24955686_769205_ka_f_12.535__93-1268	162	701	1175	gi|630341565|gb|KF444057.1|	5794	6330	7855	68.190	3.34e-37	173	Human papillomavirus type 26 isolate Qv27343, complete genome
SRR24956127_83390_ka_f_73.617_L_2035661_L_525791_L_2357662__45-1277	1	1232	1232	gi|1662976743|gb|MK124621.1|	5450	6681	7426	78.785	0.0	1043	Tick-associated papillomavirus lsx isolate TAPV-lsx, complete genome
SRR24956127_83390_ka_f_73.617_L_2035661_L_525791_L_2357662__45-1277	1	1232	1232	gi|82547780|ref|NC_007612.1|	5583	6784	7412	69.187	6.31e-129	477	Bovine papillomavirus 7, complete genome
SRR24956127_83390_ka_f_73.617_L_2035661_L_525791_L_2357662__45-1277	1	1232	1232	gi|693764281|gb|KM096429.1|	5580	6781	7526	68.946	1.39e-124	463	Bos taurus papillomavirus 7 strain IT-221, complete genome
SRR24956127_83390_ka_f_73.617_L_2035661_L_525791_L_2357662__45-1277	1	1232	1232	gi|693764273|gb|KM096428.1|	5454	6655	7438	68.946	1.39e-124	463	Bos taurus papillomavirus 7 strain IT-215, complete genome
SRR24956127_83390_ka_f_73.617_L_2035661_L_525791_L_2357662__45-1277	136	1232	1232	gi|2075900655|gb|MW543419.1|	1	1064	1332	68.903	1.81e-110	416	Bos taurus papillomavirus 7 isolate 4151RS16-BR node 6 L1 major capsid protein (L1) gene, partial cds
SRR24956270_4526557_ka_f_13.147__69-1256	22	1155	1187	gi|1464311073|ref|NC_039037.1|	5690	6814	7138	68.930	7.91e-115	431	Pudu puda papillomavirus type 1, complete genome
SRR24956270_4526557_ka_f_13.147__69-1256	13	990	1187	gi|1229246852|gb|KY817993.1|	6211	7201	8218	66.038	1.99e-46	203	Sus scrofa papillomavirus 2 isolate DE1018-16, complete genome
SRR24956270_4526557_ka_f_13.147__69-1256	13	990	1187	gi|1236513832|ref|NC_035478.1|	6211	7201	8218	66.038	1.99e-46	203	Sus scrofa papillomavirus 2 isolate DE1018-16, complete genome
SRR24956270_4526557_ka_f_13.147__69-1256	22	978	1187	gi|2523362082|gb|OR113676.1|	6215	7165	8137	65.881	2.43e-45	200	MAG: Hydrurga leptonyx papillomavirus 2 isolate LEO_100_22, complete genome
SRR24956270_4526557_ka_f_13.147__69-1256	133	441	1187	gi|22532166|gb|AF485378.1|	33	341	437	72.492	9.67e-38	175	Bovine papillomavirus isolate BAA4 major capsid protein (L1) gene, partial cds
SRR24963196_123050_ka_f_20.394_L_4782298_L_4782298__60-1247	22	1178	1187	gi|97331426|ref|NC_008032.1|	5717	6876	7542	69.290	8.44e-121	451	Capra hircus papillomavirus type 1, complete genome
SRR24963196_123050_ka_f_20.394_L_4782298_L_4782298__60-1247	58	1181	1187	gi|586830411|gb|KF922510.1|	106	1250	1524	64.439	3.85e-49	212	Human papillomavirus unidentified type RTRX3-like L1 gene, complete cds
SRR24963196_123050_ka_f_20.394_L_4782298_L_4782298__60-1247	56	1181	1187	gi|2911551|emb|Y15174.1|	5905	7048	7549	64.524	1.64e-47	206	Human papillomavirus type 76 E6, E7, E1, E2, E4, L2, and L1 genes
SRR24963196_123050_ka_f_20.394_L_4782298_L_4782298__60-1247	56	1176	1187	gi|1020934686|gb|KT698167.1|	5354	6498	7298	64.867	5.71e-47	205	Human papillomavirus 205, complete genome
SRR24963196_123050_ka_f_20.394_L_4782298_L_4782298__60-1247	24	986	1187	gi|1273499042|gb|MF588683.1|	5573	6562	7449	64.770	2.43e-45	199	Betapapillomavirus 2 isolate Beta02_m292c88, complete genome
SRR24963196_44112_ka_f_39.614_L_1050515_L_4252764_L_4782298__60-1181	22	1121	1121	gi|97331426|ref|NC_008032.1|	5717	6837	7542	68.711	1.11e-112	424	Capra hircus papillomavirus type 1, complete genome
SRR24963196_44112_ka_f_39.614_L_1050515_L_4252764_L_4782298__60-1181	1	1118	1121	gi|1464311101|ref|NC_039041.1|	6313	7436	7773	66.112	8.52e-70	281	Rusa timorensis papillomavirus type 1 isolate IZW 39/08, complete genome
SRR24963196_44112_ka_f_39.614_L_1050515_L_4252764_L_4782298__60-1181	121	1116	1121	gi|40804520|emb|AJ620210.1|	5547	6570	7337	65.192	8.52e-51	217	Human papillomavirus type 95 E6 gene, E7 gene, E1 gene, E2 gene, E4 gene, L2 gene and L1 gene
SRR24963196_44112_ka_f_39.614_L_1050515_L_4252764_L_4782298__60-1181	25	709	1121	gi|1559669697|gb|MH777225.2|	5561	6262	7419	68.067	2.98e-50	216	MAG: Human papillomavirus isolate HPV-mSK_082, complete genome
SRR24963196_44112_ka_f_39.614_L_1050515_L_4252764_L_4782298__60-1181	235	923	1121	gi|9628566|ref|NC_001693.1|	5683	6398	7313	67.083	2.29e-45	199	Human papillomavirus type 60, complete genome
SRR24963268_167972_ka_f_13.166__126-1298	4	962	1172	gi|2771753907|gb|PQ037580.1|	5444	6411	7379	66.632	1.96e-65	266	Firstpapillomavirinae sp. isolate N5, complete genome
SRR24963268_167972_ka_f_13.166__126-1298	4	1157	1172	gi|1209055474|gb|KY705374.1|	6023	7182	7480	65.447	1.51e-60	250	Bovine papillomavirus isolate NY-8385, complete genome
SRR24963268_167972_ka_f_13.166__126-1298	4	1157	1172	gi|1215835572|ref|NC_035208.1|	6023	7182	7480	65.447	1.51e-60	250	Bovine papillomavirus isolate NY-8385, complete genome
SRR24963268_167972_ka_f_13.166__126-1298	2	694	1172	gi|1059198216|ref|NC_030796.1|	5669	6355	7527	68.091	6.01e-53	224	Bos taurus papillomavirus 16, complete genome
SRR24963268_167972_ka_f_13.166__126-1298	15	341	1172	gi|2389031773|tpg|BK062776.1|	180	503	1664	69.697	8.37e-26	135	TPA_asm: Manis javanica papillomavirus 1 isolate MP15A L1 (L1) gene, complete cds
SRR24963419_788594_ka_f_21.217_L_788594_L_788594__120-1316	13	1187	1196	gi|97331426|ref|NC_008032.1|	5708	6876	7542	67.902	1.04e-100	383	Capra hircus papillomavirus type 1, complete genome
SRR24963419_788594_ka_f_21.217_L_788594_L_788594__120-1316	185	776	1196	gi|396918|emb|X74467.1|	5835	6423	7439	69.767	5.04e-54	228	Human papillomavirus type 14D genomic DNA
SRR24963419_788594_ka_f_21.217_L_788594_L_788594__120-1316	185	1191	1196	gi|1020170|gb|U31779.1|HPU31779	6161	7200	7779	65.152	3.63e-43	192	Human papillomavirus type 21, complete genome
SRR24963419_788594_ka_f_21.217_L_788594_L_788594__120-1316	69	751	1196	gi|1559669302|gb|MH777158.2|	5384	6063	7389	66.234	1.45e-35	167	MAG: Human papillomavirus isolate HPV-mSK_010, complete genome
SRR24963419_788594_ka_f_21.217_L_788594_L_788594__120-1316	841	990	1196	gi|1559669302|gb|MH777158.2|	6177	6326	7389	71.333	2.01e-08	77.9	MAG: Human papillomavirus isolate HPV-mSK_010, complete genome
SRR24963419_788594_ka_f_21.217_L_788594_L_788594__120-1316	832	999	1196	gi|1559669419|gb|MH777256.2|	6196	6363	7142	81.657	7.49e-33	159	MAG: Human papillomavirus isolate HPV-mSK_114, complete genome
SRR24963462_472035_ka_f_43.001_L_284264_L_134496__144-1322	14	1172	1178	gi|1059198224|ref|NC_030797.1|	5499	6675	7402	68.660	9.56e-114	426	Bos taurus papillomavirus 17, complete genome
SRR24963462_472035_ka_f_43.001_L_284264_L_134496__144-1322	19	1178	1178	gi|2075900675|gb|MW727481.1|	67	1232	1518	67.513	3.56e-100	381	Bos taurus papillomavirus 39 isolate 3690RS16-BR node 2 L1 major capsid protein (L1) gene, complete cds
SRR24963462_472035_ka_f_43.001_L_284264_L_134496__144-1322	19	1178	1178	gi|2075897910|gb|MW428426.1|	5333	6498	7333	67.513	3.56e-100	381	Bos taurus papillomavirus 39 isolate 4826RS16-BR node 3, complete genome
SRR24963462_472035_ka_f_43.001_L_284264_L_134496__144-1322	19	1178	1178	gi|2075897902|gb|MW428425.1|	5488	6653	7333	67.513	3.56e-100	381	Bos taurus papillomavirus 39 isolate 3895RS16-BR node 3, complete genome
SRR24963462_472035_ka_f_43.001_L_284264_L_134496__144-1322	19	1165	1178	gi|2075900669|gb|MW543426.1|	37	1189	1190	67.579	1.24e-99	380	Bos taurus papillomavirus isolate 3891RS16-BR node 39 L1 major capsid protein (L1) gene, partial cds
SRR24963500_872656_ka_f_72.334_L_1790974_L_490046_L_3516911__126-1328	4	1196	1202	gi|1059198224|ref|NC_030797.1|	5489	6675	7402	77.805	0.0	936	Bos taurus papillomavirus 17, complete genome
SRR24963500_872656_ka_f_72.334_L_1790974_L_490046_L_3516911__126-1328	11	1196	1202	gi|2075900671|gb|MW543427.1|	65	1226	1464	71.525	3.40e-170	614	Bos taurus papillomavirus isolate 4150RS16-BR node 9 L1 major capsid protein (L1) gene, partial cds
SRR24963500_872656_ka_f_72.334_L_1790974_L_490046_L_3516911__126-1328	142	1202	1202	gi|2075897864|gb|MW404256.1|	5470	6518	7271	67.159	4.16e-74	295	Bos taurus papillomavirus 34 isolate 4827RS16-BR node 8, complete genome
SRR24963500_872656_ka_f_72.334_L_1790974_L_490046_L_3516911__126-1328	142	741	1202	gi|2075897934|gb|MW428429.1|	5404	5997	7233	69.767	5.41e-60	248	Bos taurus papillomavirus 42 isolate 3896RS16-BR node 2, complete genome
SRR24963500_872656_ka_f_72.334_L_1790974_L_490046_L_3516911__126-1328	142	1202	1202	gi|2075900675|gb|MW727481.1|	184	1232	1518	65.892	2.30e-58	243	Bos taurus papillomavirus 39 isolate 3690RS16-BR node 2 L1 major capsid protein (L1) gene, complete cds
SRR25031639_299269_ka_f_52.842_L_12360308_L_8894620_L_8940368__66-1226	1	1160	1160	gi|2282111583|gb|ON226485.1|	5718	6892	7583	72.274	3.50e-176	634	Felis catus papillomavirus 3 strain China/SMU-D21/2019, complete genome
SRR25031639_299269_ka_f_52.842_L_12360308_L_8894620_L_8940368__66-1226	1	1160	1160	gi|2889146026|dbj|LC859345.1|	5718	6892	7583	72.189	1.49e-174	629	Felis catus papillomavirus 3 GNGN3/Fukuoka/Japan/2023 DNA, complete genome
SRR25031639_299269_ka_f_52.842_L_12360308_L_8894620_L_8940368__66-1226	1	1160	1160	gi|1357862321|gb|KY825188.1|	5718	6892	7583	72.105	1.81e-173	625	Felis catus papillomavirus 3 isolate Missouri, complete genome
SRR25031639_299269_ka_f_52.842_L_12360308_L_8894620_L_8940368__66-1226	1	1160	1160	gi|2282111592|gb|ON226486.1|	5718	6892	7583	72.105	1.81e-173	625	Felis catus papillomavirus 3 strain China/SMU-D32/2019, complete genome
SRR25031639_299269_ka_f_52.842_L_12360308_L_8894620_L_8940368__66-1226	1	1160	1160	gi|2282111574|gb|ON226484.1|	5716	6890	7581	72.105	1.81e-173	625	Felis catus papillomavirus 3 strain China/SMU-D4/2019, complete genome
SRR25256528_292062_ka_f_517.540_L_292062_L_292062__477-1652	1	1175	1175	gi|2389031888|tpg|BK062778.1|	1535	361	1727	73.475	0.0	709	TPA_asm: Manis pentadactyla papillomavirus 1 isolate MP15C L1 (L1) gene, complete cds
SRR25256528_292062_ka_f_517.540_L_292062_L_292062__477-1652	24	1173	1175	gi|1945524352|gb|MT078972.1|	5281	6439	7260	69.614	5.63e-123	457	Sus scrofa papillomavirus 1 isolate GX12, complete genome
SRR25256528_292062_ka_f_517.540_L_292062_L_292062__477-1652	24	1166	1175	gi|1945524346|gb|MT078971.1|	5281	6432	7260	69.603	6.86e-122	453	Sus scrofa papillomavirus 1 isolate GX14, complete genome
SRR25256528_292062_ka_f_517.540_L_292062_L_292062__477-1652	24	1173	1175	gi|206599537|ref|NC_011280.1|	5281	6439	7260	69.528	2.39e-121	453	Sus scrofa papillomavirus type 1, complete genome
SRR25256528_292062_ka_f_517.540_L_292062_L_292062__477-1652	24	1173	1175	gi|1945524358|gb|MT078973.1|	5281	6439	7260	68.841	1.72e-110	416	Sus scrofa papillomavirus 1 isolate GX18, complete genome
SRR25256529_228985_ka_f_11.800_L_1739997_L_3462011__0-1124	1	1110	1124	gi|2389031464|tpg|BK062772.1|	5850	6968	7253	74.097	0.0	682	TPA_asm: Manis javanica papillomavirus 1 isolate MJ74, complete genome
SRR25256529_228985_ka_f_11.800_L_1739997_L_3462011__0-1124	1	1121	1124	gi|2710391926|tpg|BK066562.1|	5394	6523	7410	73.345	0.0	660	MAG TPA_asm: Papillomavirus manis7551 isolate Papilloma7551 genomic sequence
SRR25256529_228985_ka_f_11.800_L_1739997_L_3462011__0-1124	1	1121	1124	gi|2389031724|tpg|BK062775.1|	403	1532	2094	73.345	0.0	660	TPA_asm: Manis javanica papillomavirus 1 isolate MJ33 L1 (L1) gene, complete cds
SRR25256529_228985_ka_f_11.800_L_1739997_L_3462011__0-1124	1	1121	1124	gi|2389031567|tpg|BK062773.1|	6034	7163	7437	73.345	0.0	660	TPA_asm: Manis javanica papillomavirus 1 isolate MJ23, complete genome
SRR25256529_228985_ka_f_11.800_L_1739997_L_3462011__0-1124	1	1121	1124	gi|2389031841|tpg|BK062777.1|	349	1478	2059	73.281	0.0	659	TPA_asm: Manis javanica papillomavirus 1 isolate MP15B L1 (L1) gene, complete cds
SRR25256535_79630_ka_f_302.271_L_79630_L_79630__93-1283	1	1186	1190	gi|2389031841|tpg|BK062777.1|	283	1477	2059	75.770	0.0	838	TPA_asm: Manis javanica papillomavirus 1 isolate MP15B L1 (L1) gene, complete cds
SRR25256535_79630_ka_f_302.271_L_79630_L_79630__93-1283	1	1186	1190	gi|2710391926|tpg|BK066562.1|	5328	6522	7410	75.687	0.0	833	MAG TPA_asm: Papillomavirus manis7551 isolate Papilloma7551 genomic sequence
SRR25256535_79630_ka_f_302.271_L_79630_L_79630__93-1283	1	1186	1190	gi|2389031724|tpg|BK062775.1|	337	1531	2094	75.604	0.0	829	TPA_asm: Manis javanica papillomavirus 1 isolate MJ33 L1 (L1) gene, complete cds
SRR25256535_79630_ka_f_302.271_L_79630_L_79630__93-1283	1	1186	1190	gi|2389031567|tpg|BK062773.1|	5968	7162	7437	75.604	0.0	829	TPA_asm: Manis javanica papillomavirus 1 isolate MJ23, complete genome
SRR25256535_79630_ka_f_302.271_L_79630_L_79630__93-1283	1	1186	1190	gi|2389031398|tpg|BK062771.1|	5941	7129	7404	75.354	0.0	816	TPA_asm: Manis javanica papillomavirus 1 isolate MJ55, complete genome
SRR25256549_69938_ka_f_18.401_L_69938_L_69938__243-1418	1	1172	1175	gi|2389031888|tpg|BK062778.1|	1535	364	1727	73.532	0.0	710	TPA_asm: Manis pentadactyla papillomavirus 1 isolate MP15C L1 (L1) gene, complete cds
SRR25256549_69938_ka_f_18.401_L_69938_L_69938__243-1418	13	1142	1175	gi|1347733685|gb|MG744508.1|	5316	6448	7299	68.893	2.24e-115	433	Tursiops truncatus papillomavirus 8, complete genome
SRR25256549_69938_ka_f_18.401_L_69938_L_69938__243-1418	133	1144	1175	gi|2699893165|gb|OR952903.1|	1409	2420	4171	68.787	5.28e-98	374	MAG: Rhinolophus bat papillomavirus 3 isolate ZJ2020 L2 protein gene, partial cds; and L1 protein and E6 protein genes, complete cds
SRR25256549_69938_ka_f_18.401_L_69938_L_69938__243-1418	133	1144	1175	gi|2710389762|tpg|BK066355.1|	5614	6625	7557	68.689	2.24e-96	370	MAG TPA_asm: Papillomavirus rhinolophus4626 isolate Papilloma4626 genomic sequence
SRR25256549_69938_ka_f_18.401_L_69938_L_69938__243-1418	133	1144	1175	gi|2699893211|gb|OR952912.1|	439	1450	2020	68.493	1.16e-93	361	MAG: Rhinolophus bat papillomavirus 3 isolate HB2020 L1 protein gene, complete cds
SRR25288535_46_ka_f_23.142_L_46_L_46__102-1301	24	1199	1199	gi|2699893069|gb|OR952880.1|	11	1198	2844	72.003	4.41e-175	630	MAG: Bat papillomavirus isolate YN2016 L1 protein gene, partial cds; and E6 protein gene, complete cds
SRR25288535_46_ka_f_23.142_L_46_L_46__102-1301	38	1199	1199	gi|2699893018|gb|OR952869.1|	1	1177	1340	71.188	8.52e-159	577	MAG: Bat papillomavirus isolate GD2017 L1 protein-like gene, complete sequence
SRR25288535_46_ka_f_23.142_L_46_L_46__102-1301	1	1199	1199	gi|2699892860|gb|OR952826.1|	255	1468	1588	70.188	5.74e-142	520	MAG: Bat papillomavirus isolate GD2017_171_215400 L1 protein gene, partial cds
SRR25288535_46_ka_f_23.142_L_46_L_46__102-1301	1	1199	1199	gi|2699892873|gb|OR952830.1|	327	1540	1954	70.106	2.44e-140	516	MAG: Bat papillomavirus isolate GD2018_174_218629 L1 protein gene, complete cds
SRR25288535_46_ka_f_23.142_L_46_L_46__102-1301	1	1199	1199	gi|2699892954|gb|OR952849.1|	3419	4632	6774	69.590	1.88e-135	499	MAG: Bat papillomavirus isolate GX2017 E2 protein, L1 protein, E6 protein, and E7 protein genes, complete cds
SRR25288600_363618_ka_f_9.208__0-1166	1	1166	1166	gi|2737909625|gb|PP711990.1|	5807	6981	8211	76.416	0.0	858	MAG: Rousettus bat papillomavirus isolate 2A/Uganda/UGR52/2019 genomic sequence
SRR25288600_363618_ka_f_9.208__0-1166	16	1166	1166	gi|113200763|ref|NC_008298.1|	5684	6840	7970	70.780	1.40e-149	546	Rousettus aegyptiacus papillomavirus type 1, complete genome
SRR25288600_363618_ka_f_9.208__0-1166	2	1055	1166	gi|2737909650|gb|PP711994.1|	4741	5806	7092	67.100	5.24e-79	311	MAG: Eidolon bat papillomavirus isolate 7A/Kenya/BAT613/2015 genomic sequence
SRR25288600_363618_ka_f_9.208__0-1166	1	1166	1166	gi|1147809840|ref|NC_033745.1|	5716	6884	7991	65.346	2.23e-58	243	Eidolon helvum papillomavirus 3, complete genome
SRR25288600_363618_ka_f_9.208__0-1166	851	1166	1166	gi|2737909656|gb|PP711995.1|	2522	2837	3159	72.240	4.03e-36	168	MAG: Rousettus bat papillomavirus isolate 8A/Uganda/UGR83/2019 genomic sequence
SRR25288621_465638_ka_f_7.009_L_463917__0-1115	1	1106	1115	gi|2699892873|gb|OR952830.1|	330	1435	1954	75.404	0.0	748	MAG: Bat papillomavirus isolate GD2018_174_218629 L1 protein gene, complete cds
SRR25288621_465638_ka_f_7.009_L_463917__0-1115	1	1106	1115	gi|2699892860|gb|OR952826.1|	258	1363	1588	75.494	0.0	748	MAG: Bat papillomavirus isolate GD2017_171_215400 L1 protein gene, partial cds
SRR25288621_465638_ka_f_7.009_L_463917__0-1115	1	1106	1115	gi|2699892954|gb|OR952849.1|	3422	4527	6774	75.045	0.0	731	MAG: Bat papillomavirus isolate GX2017 E2 protein, L1 protein, E6 protein, and E7 protein genes, complete cds
SRR25288621_465638_ka_f_7.009_L_463917__0-1115	22	1100	1115	gi|2699893069|gb|OR952880.1|	12	1087	2844	74.352	0.0	695	MAG: Bat papillomavirus isolate YN2016 L1 protein gene, partial cds; and E6 protein gene, complete cds
SRR25288621_465638_ka_f_7.009_L_463917__0-1115	35	1109	1115	gi|2699893018|gb|OR952869.1|	1	1075	1340	74.262	0.0	673	MAG: Bat papillomavirus isolate GD2017 L1 protein-like gene, complete sequence
SRR25288764_13700_ka_f_14.295__72-1253	14	1175	1181	gi|2710392214|tpg|BK066597.1|	5542	6700	7546	73.998	0.0	705	MAG TPA_asm: Papillomavirus molossus7687 isolate Papilloma7687 genomic sequence
SRR25288764_13700_ka_f_14.295__72-1253	55	1175	1181	gi|2699893287|gb|OR952929.1|	5519	6636	7513	70.027	8.97e-127	470	MAG: Rhinolophus bat papillomavirus 3 isolate LN2020 E6 protein, E1 protein, E2 protein, L2 protein, and L1 protein genes, complete cds
SRR25288764_13700_ka_f_14.295__72-1253	55	1175	1181	gi|2699893282|gb|OR952927.1|	1317	2434	2843	69.592	8.40e-121	450	MAG: Rhinolophus bat papillomavirus 3 isolate LN2020 L2 protein gene, partial cds; and L1 protein gene, complete cds
SRR25288764_13700_ka_f_14.295__72-1253	55	1175	1181	gi|2710389762|tpg|BK066355.1|	5533	6650	7557	69.496	1.02e-119	447	MAG TPA_asm: Papillomavirus rhinolophus4626 isolate Papilloma4626 genomic sequence
SRR25288764_13700_ka_f_14.295__72-1253	55	1175	1181	gi|2699892607|gb|OR952774.1|	5534	6651	7558	69.496	1.02e-119	447	MAG: Rhinolophus bat papillomavirus 3 isolate HB2020 E6 protein, E1 protein, E2 protein, L2 protein, and L1 protein genes, complete cds
SRR25288764_21803_ka_f_13.960_L_74389__195-1427	4	1208	1232	gi|2183431454|gb|OL704823.1|	7367	8547	8872	68.104	4.86e-105	398	Molossus molossus papillomavirus type 2 strain MAVG-32, complete genome
SRR25288764_21803_ka_f_13.960_L_74389__195-1427	3	1227	1232	gi|1571847261|ref|NC_040787.1|	5926	7129	7869	67.039	1.22e-93	360	Molossus molossus papillomavirus 1 isolate MmoPV1_MF, complete genome
SRR25288764_21803_ka_f_13.960_L_74389__195-1427	3	1035	1232	gi|2737909618|gb|PP711989.1|	7071	8100	8983	67.817	2.07e-84	330	MAG: Mops bat papillomavirus isolate 1A/Kenya/BAT1537/2015 genomic sequence
SRR25288764_21803_ka_f_13.960_L_74389__195-1427	154	1227	1232	gi|2737909595|gb|PP711985.1|	6732	7797	8491	67.450	4.55e-80	315	MAG: Mops bat papillomavirus isolate 11A/Kenya/BAT1213/2015 genomic sequence
SRR25288764_21803_ka_f_13.960_L_74389__195-1427	3	216	1232	gi|2737909595|gb|PP711985.1|	4269	4032	8491	70.588	3.51e-18	109	MAG: Mops bat papillomavirus isolate 11A/Kenya/BAT1213/2015 genomic sequence
SRR25288764_21803_ka_f_13.960_L_74389__195-1427	3	764	1232	gi|2737909608|gb|PP711987.1|	6205	6987	8115	68.302	3.99e-68	276	MAG: Mops bat papillomavirus isolate 14A/Kenya/BAT1224/2015 genomic sequence
SRR25288764_68983_ka_f_24.067__297-1475	1	1178	1178	gi|2710392214|tpg|BK066597.1|	5529	6706	7546	73.412	0.0	693	MAG TPA_asm: Papillomavirus molossus7687 isolate Papilloma7687 genomic sequence
SRR25288764_68983_ka_f_24.067__297-1475	58	1178	1178	gi|189043078|ref|NC_010739.1|	5569	6689	7582	71.441	2.24e-153	559	Ursus maritimus papillomavirus 1, complete genome
SRR25288764_68983_ka_f_24.067__297-1475	55	1178	1178	gi|2699893282|gb|OR952927.1|	1317	2440	2843	70.734	1.24e-137	507	MAG: Rhinolophus bat papillomavirus 3 isolate LN2020 L2 protein gene, partial cds; and L1 protein gene, complete cds
SRR25288764_68983_ka_f_24.067__297-1475	55	1178	1178	gi|2710389762|tpg|BK066355.1|	5533	6656	7557	70.557	6.43e-135	498	MAG TPA_asm: Papillomavirus rhinolophus4626 isolate Papilloma4626 genomic sequence
SRR25288764_68983_ka_f_24.067__297-1475	280	1164	1178	gi|2734753874|gb|PP797572.1|	2	886	1010	70.674	3.81e-106	402	Gazella leptoceros papillomavirus 1 isolate M2023-0003 major capsid protein L1 gene, partial cds
SRR25288767_525095_ka_f_55.303_L_1485400_L_3122939_L_1537365_L_1537366__9-1205	14	1181	1196	gi|2710392147|tpg|BK066590.1|	6216	7389	8085	72.681	2.96e-177	638	MAG TPA_asm: Papillomavirus rhinolophus8112 isolate Papilloma8112 genomic sequence
SRR25288767_525095_ka_f_55.303_L_1485400_L_3122939_L_1537365_L_1537366__9-1205	14	1196	1196	gi|2569235971|gb|OR427310.1|	5323	6496	7978	70.554	1.75e-148	543	Firstpapillomavirinae sp. isolate PV-HMU-7, partial genome
SRR25288767_525095_ka_f_55.303_L_1485400_L_3122939_L_1537365_L_1537366__9-1205	18	1155	1196	gi|505580600|gb|JX885601.1|	1198	61	1301	66.925	1.88e-78	310	Eidolon helvum papillomavirus 7 isolate Papilloma_6_th_NODE_18539 major capsid protein gene, partial cds
SRR25288767_525095_ka_f_55.303_L_1485400_L_3122939_L_1537365_L_1537366__9-1205	12	1158	1196	gi|2389031841|tpg|BK062777.1|	300	1443	2059	66.153	1.11e-68	278	TPA_asm: Manis javanica papillomavirus 1 isolate MP15B L1 (L1) gene, complete cds
SRR25288767_525095_ka_f_55.303_L_1485400_L_3122939_L_1537365_L_1537366__9-1205	12	1158	1196	gi|2389031724|tpg|BK062775.1|	354	1497	2094	66.153	1.11e-68	278	TPA_asm: Manis javanica papillomavirus 1 isolate MJ33 L1 (L1) gene, complete cds
SRR25318379_54138_ka_f_56.641_L_585297_L_2087517_L_880589_L_2552958__102-1286	1	1184	1184	gi|538654784|ref|NC_022253.1|	6513	7699	7985	72.621	2.41e-178	642	Mustela putorius papillomavirus 1 isolate MpPV1, complete genome
SRR25318379_54138_ka_f_56.641_L_585297_L_2087517_L_880589_L_2552958__102-1286	1	1178	1184	gi|2720024984|gb|OR531434.1|	6005	7182	7926	69.192	2.11e-128	475	Arctocephalus forsteri papillomavirus 1, complete genome
SRR25318379_54138_ka_f_56.641_L_585297_L_2087517_L_880589_L_2552958__102-1286	70	1184	1184	gi|2710389713|tpg|BK066347.1|	6110	7224	7884	69.340	6.91e-122	454	MAG TPA_asm: Papillomavirus gulo8025 isolate Papilloma8025 genomic sequence
SRR25318379_54138_ka_f_56.641_L_585297_L_2087517_L_880589_L_2552958__102-1286	22	1013	1184	gi|2889146018|dbj|LC859344.1|	5743	6734	7615	68.332	9.01e-89	343	Felis catus papillomavirus 4 GNGN4/Fukuoka/Japan/2024 DNA, complete genome
SRR25318379_54138_ka_f_56.641_L_585297_L_2087517_L_880589_L_2552958__102-1286	21	1013	1184	gi|2282111601|gb|ON226487.1|	5741	6730	7613	68.263	3.83e-87	339	Felis catus papillomavirus 4 strain China/SMU-D73/2020, complete genome
SRR25648973_196396_ka_f_20.349_L_196396_L_196396__57-1238	6	1173	1181	gi|2645644171|gb|PP057987.1|	5840	7019	7839	65.965	1.42e-73	294	Anas platyrhynchos papillomavirus 3, complete genome
SRR25648973_196396_ka_f_20.349_L_196396_L_196396__57-1238	6	1173	1181	gi|1040065127|gb|KX147683.1|	1204	25	1316	65.796	7.38e-71	285	Duck papillomavirus isolate dgapv1 L1 gene, partial cds
SRR25648973_196396_ka_f_20.349_L_196396_L_196396__57-1238	13	1173	1181	gi|1605373191|gb|MK620308.1|	152	1325	1656	64.562	1.86e-40	183	Duck papillomavirus 3 strain NL14_M344 L1 (L1) gene, complete cds
SRR25648973_196396_ka_f_20.349_L_196396_L_196396__57-1238	13	1173	1181	gi|1605373063|gb|MK620303.1|	5886	7059	7887	64.562	1.86e-40	183	Duck papillomavirus 3 strain NL14_B8, complete genome
SRR25648973_196396_ka_f_20.349_L_196396_L_196396__57-1238	13	956	1181	gi|1605373195|gb|MK620310.1|	100	1056	1130	65.222	2.75e-38	177	Duck papillomavirus 3 strain NL14_S1511 L1 (L1) gene, partial cds
SRR25663069_401327_ka_f_559.276_L_2090897_L_2255657_L_861725_L_2575375__0-1175	1	971	1175	gi|256352174|ref|NC_013117.1|	5592	6565	7498	67.653	1.02e-81	321	Francolinus leucoscepus papillomavirus 1, complete genome
SRR25663069_401327_ka_f_559.276_L_2090897_L_2255657_L_861725_L_2575375__0-1175	7	971	1175	gi|1605373195|gb|MK620310.1|	110	1077	1130	67.587	1.16e-74	297	Duck papillomavirus 3 strain NL14_S1511 L1 (L1) gene, partial cds
SRR25663069_401327_ka_f_559.276_L_2090897_L_2255657_L_861725_L_2575375__0-1175	7	971	1175	gi|1605373191|gb|MK620308.1|	162	1129	1656	67.587	1.16e-74	297	Duck papillomavirus 3 strain NL14_M344 L1 (L1) gene, complete cds
SRR25663069_401327_ka_f_559.276_L_2090897_L_2255657_L_861725_L_2575375__0-1175	7	971	1175	gi|1605373063|gb|MK620303.1|	5896	6863	7887	67.587	1.16e-74	297	Duck papillomavirus 3 strain NL14_B8, complete genome
SRR25663069_401327_ka_f_559.276_L_2090897_L_2255657_L_861725_L_2575375__0-1175	7	977	1175	gi|2645644171|gb|PP057987.1|	5853	6829	7839	67.339	8.94e-70	280	Anas platyrhynchos papillomavirus 3, complete genome
SRR25737668_148436_ka_f_19.526_L_3521022_L_3112325__15-1250	937	1017	1235	gi|2699893041|gb|OR952874.1|	2807	2887	7764	81.481	5.96e-09	79.7	MAG: Bat papillomavirus isolate GD2017 L2 protein, L1 protein, E7 protein, E1 protein, and E2 protein genes, complete cds
SRR25737668_148436_ka_f_19.526_L_3521022_L_3112325__15-1250	943	1031	1235	gi|2710393495|tpg|BK066742.1|	6505	6593	7690	78.652	7.26e-08	76.1	MAG TPA_asm: Papillomavirus canis7831 isolate Papilloma7831 genomic sequence
SRR25737668_148436_ka_f_19.526_L_3521022_L_3112325__15-1250	910	1020	1235	gi|161019534|gb|EF558843.1|	6612	6722	7990	74.775	7.26e-08	75.2	Macaca fascicularis papillomavirus type 5 Mac76, complete genome
SRR25737668_148436_ka_f_19.526_L_3521022_L_3112325__15-1250	874	1020	1235	gi|67772359|gb|DQ067890.1|	880	1026	1518	70.748	8.84e-07	72.5	Synthetic construct HPV-16 L1 gene, complete cds
SRR25737668_148436_ka_f_19.526_L_3521022_L_3112325__15-1250	865	1020	1235	gi|386576350|ref|NC_017716.1|	6560	6715	8008	69.872	3.09e-06	70.7	Papio hamadryas papillomavirus type 1, complete genome
SRR25737668_153243_ka_f_41.491_L_3521022_L_3112325__15-1247	940	1013	1232	gi|2699892983|gb|OR952859.1|	1307	1380	5934	81.081	8.82e-07	71.6	MAG: Bat papillomavirus isolate GX2017 L1 protein and E1 protein genes, complete cds
SRR25737668_153243_ka_f_41.491_L_3521022_L_3112325__15-1247	940	1013	1232	gi|2699892967|gb|OR952854.1|	1172	1245	1792	79.730	3.75e-05	67.1	MAG: Bat papillomavirus isolate GD2017_191_17461 L1 protein gene, complete cds
SRR25936516_7739_ka_f_10.514_L_22578__60-1265	1	1205	1205	gi|1571847423|ref|NC_040803.1|	5263	6467	7251	79.502	0.0	1060	Gammapapillomavirus sp. isolate Gamma_w23c08c, complete genome
SRR25936516_7739_ka_f_10.514_L_22578__60-1265	24	1188	1205	gi|1559669549|gb|MH972559.2|	5284	6457	7273	69.789	1.77e-129	480	MAG: Human papillomavirus isolate HPV-mSK_048, complete genome
SRR25936516_7739_ka_f_10.514_L_22578__60-1265	24	1205	1205	gi|2710391279|tpg|BK066485.1|	5310	6515	7253	68.178	4.44e-118	442	MAG TPA_asm: Papillomavirus homo7372 isolate Papilloma7372 genomic sequence
SRR25936516_7739_ka_f_10.514_L_22578__60-1265	3	1205	1205	gi|312100|emb|X70829.1|	5376	6581	7308	68.033	1.77e-110	416	Human papillomavirus type 65 complete genome
SRR25936516_7739_ka_f_10.514_L_22578__60-1265	24	1205	1205	gi|2710390281|tpg|BK066395.1|	5273	6451	7260	67.731	1.66e-104	397	MAG TPA_asm: Papillomavirus homo8923 isolate Papilloma8923 genomic sequence
SRR26349144_512_ka_f_268.385_L_76358_L_402254_L_31276_L_436373__51-1238	1	1164	1187	gi|2069601153|gb|MH617579.2|	4532	5716	5980	73.720	0.0	709	MAG: Lutjanus campechanus-associated papillomavirus 1 isolate ctbe14, complete genome
SRR26349144_512_ka_f_268.385_L_76358_L_402254_L_31276_L_436373__51-1238	1	1183	1187	gi|2124354886|gb|MZ447865.1|	4158	5331	5675	66.557	1.63e-85	333	Trematomus bernacchii papillomavirus, complete genome
SRR26349144_512_ka_f_268.385_L_76358_L_402254_L_31276_L_436373__51-1238	848	1187	1187	gi|2710394156|tpg|BK066814.1|	5116	5458	5766	68.605	4.39e-23	125	MAG TPA_asm: Papillomavirus sparus5907 isolate Papilloma5907 genomic sequence
SRR26349144_512_ka_f_268.385_L_76358_L_402254_L_31276_L_436373__51-1238	1	102	1187	gi|2710394156|tpg|BK066814.1|	4121	4222	5766	78.431	3.85e-11	86.0	MAG TPA_asm: Papillomavirus sparus5907 isolate Papilloma5907 genomic sequence
SRR26349144_512_ka_f_268.385_L_76358_L_402254_L_31276_L_436373__51-1238	850	1186	1187	gi|1060285471|ref|NC_030839.1|	5100	5439	5748	68.023	1.18e-17	108	Sparus aurata papillomavirus 1, complete genome
SRR26349144_512_ka_f_268.385_L_76358_L_402254_L_31276_L_436373__51-1238	1	101	1187	gi|1060285471|ref|NC_030839.1|	4116	4216	5748	79.208	1.10e-11	88.7	Sparus aurata papillomavirus 1, complete genome
SRR26349144_512_ka_f_268.385_L_76358_L_402254_L_31276_L_436373__51-1238	1	102	1187	gi|2475024704|gb|OQ633419.1|	4103	4204	5671	83.333	1.18e-17	108	MAG: Betta papillomavirus 1 isolate Champ Fleurs BS20, complete genome
SRR26349144_512_ka_f_268.385_L_76358_L_402254_L_31276_L_436373__51-1238	1060	1185	1187	gi|2475024704|gb|OQ633419.1|	5245	5370	5671	74.603	1.34e-10	84.2	MAG: Betta papillomavirus 1 isolate Champ Fleurs BS20, complete genome
SRR26395417_738037_ka_f_198.467_L_738037_L_738037__138-1337	24	1195	1199	gi|1464311108|ref|NC_039042.1|	5942	7116	7409	65.659	5.76e-66	269	Cervus elaphus papillomavirus type 2, complete genome
SRR26395417_738037_ka_f_198.467_L_738037_L_738037__138-1337	133	1193	1199	gi|1050870515|gb|KU519395.1|	5458	6518	7277	66.142	2.99e-63	260	Bos taurus papillomavirus 20, complete genome
SRR26395417_738037_ka_f_198.467_L_738037_L_738037__138-1337	133	1193	1199	gi|1059198246|ref|NC_030800.1|	5458	6518	7277	66.142	2.99e-63	260	Bos taurus papillomavirus 20, complete genome
SRR26395417_738037_ka_f_198.467_L_738037_L_738037__138-1337	129	1000	1199	gi|2075897964|gb|MW436424.1|	5443	6293	7264	66.329	1.04e-43	194	Bos taurus papillomavirus 4 isolate 4827RS16-BR node 9, complete genome
SRR26395417_738037_ka_f_198.467_L_738037_L_738037__138-1337	129	1000	1199	gi|2075897839|gb|MW393860.1|	177	1027	1521	66.329	1.04e-43	194	Bos taurus papillomavirus 4 isolate 3891RS16-BR node 3 L1 late protein (L1) gene, complete cds
SRR26395441_306738_ka_f_12.615_L_306738_L_306738__144-1340	121	1170	1196	gi|312100|emb|X70829.1|	5512	6555	7308	66.980	2.29e-77	306	Human papillomavirus type 65 complete genome
SRR26395441_306738_ka_f_12.615_L_306738_L_306738__144-1340	121	1097	1196	gi|2710389705|tpg|BK066346.1|	5458	6440	7429	66.599	1.65e-66	270	MAG TPA_asm: Papillomavirus homo7570 isolate Papilloma7570 genomic sequence
SRR26395441_306738_ka_f_12.615_L_306738_L_306738__144-1340	121	1097	1196	gi|1559669766|gb|MH972560.2|	4675	5657	6646	66.734	1.65e-66	269	MAG: Human papillomavirus isolate HPV-mSK_073, partial genome
SRR26395441_306738_ka_f_12.615_L_306738_L_306738__144-1340	124	1012	1196	gi|1480689103|gb|MH777362.1|	5403	6288	7306	66.890	5.75e-66	268	MAG: Human papillomavirus isolate HPV-mSK_223, complete genome
SRR26395441_306738_ka_f_12.615_L_306738_L_306738__144-1340	122	978	1196	gi|1273499189|gb|MF588702.1|	5517	6373	7366	67.514	2.44e-64	263	Gammapapillomavirus 7 isolate Gamma07_w20c02c, complete genome
SRR3672741_4018_ka_f_2750.056_L_29840_L_29841_L_7655_L_16227__51-1226	226	1131	1175	gi|2753028328|gb|PP728737.1|	6248	7153	7718	69.003	3.80e-87	339	MAG: Papillomaviridae sp. isolate MCPaV/XJ32L/CHN/2016 genomic sequence
SRR3672741_4018_ka_f_2750.056_L_29840_L_29841_L_7655_L_16227__51-1226	181	985	1175	gi|157421870|gb|EU127831.1|	232	1030	1515	67.521	2.10e-52	224	Synthetic construct major capsid protein L1 gene, complete cds
SRR3672741_4018_ka_f_2750.056_L_29840_L_29841_L_7655_L_16227__51-1226	24	987	1175	gi|13021898|gb|AF323509.1|AF323509	66	1017	1452	65.846	7.35e-52	221	Synthetic construct HPV type 6b humanized L1 delta/H-2 Db CTL epitope hybrid protein gene, complete cds
SRR3672741_4018_ka_f_2750.056_L_29840_L_29841_L_7655_L_16227__51-1226	24	987	1175	gi|13021895|gb|AF323508.1|AF323508	291	1242	1677	65.846	7.35e-52	221	Synthetic construct HPV type 6b humanized ubiquitin/L1 delta/H-2 Db CTL epitope hybrid protein gene, complete cds
SRR3672741_4018_ka_f_2750.056_L_29840_L_29841_L_7655_L_16227__51-1226	24	987	1175	gi|11528468|gb|AF322415.1|AF322415	291	1242	1728	65.846	7.35e-52	221	Synthetic construct HPV type 6b humanized L1/ubiqutin hybrid protein mRNA, complete cds
SRR4075526_1936_ka_f_67.737_L_61202_L_61219__51-1268	862	1003	1217	gi|67772357|gb|DQ067889.1|	871	1012	1518	74.825	3.25e-12	89.7	Synthetic construct HPV-16 L1 gene, complete cds
SRR4075526_1936_ka_f_67.737_L_61202_L_61219__51-1268	871	1006	1217	gi|13021898|gb|AF323509.1|AF323509	868	1003	1452	73.529	1.38e-10	84.2	Synthetic construct HPV type 6b humanized L1 delta/H-2 Db CTL epitope hybrid protein gene, complete cds
SRR4075526_1936_ka_f_67.737_L_61202_L_61219__51-1268	871	1006	1217	gi|13021895|gb|AF323508.1|AF323508	1093	1228	1677	73.529	1.38e-10	84.2	Synthetic construct HPV type 6b humanized ubiquitin/L1 delta/H-2 Db CTL epitope hybrid protein gene, complete cds
SRR4075526_1936_ka_f_67.737_L_61202_L_61219__51-1268	871	1006	1217	gi|11528468|gb|AF322415.1|AF322415	1093	1228	1728	73.529	1.38e-10	84.2	Synthetic construct HPV type 6b humanized L1/ubiqutin hybrid protein mRNA, complete cds
SRR4075526_1936_ka_f_67.737_L_61202_L_61219__51-1268	871	1006	1217	gi|11528466|gb|AF322414.1|AF322414	868	1003	1554	73.529	1.38e-10	84.2	Synthetic construct HPV type 6b humanized L1/E7 hybrid protein mRNA, complete cds
SRR4201715_304_ka_f_27.087_L_100126_L_98730__210-1424	1	1208	1214	gi|2183431454|gb|OL704823.1|	7364	8565	8872	75.308	0.0	822	Molossus molossus papillomavirus type 2 strain MAVG-32, complete genome
SRR4201715_304_ka_f_27.087_L_100126_L_98730__210-1424	1	1209	1214	gi|1571847261|ref|NC_040787.1|	5924	7129	7869	74.631	0.0	796	Molossus molossus papillomavirus 1 isolate MmoPV1_MF, complete genome
SRR4201715_304_ka_f_27.087_L_100126_L_98730__210-1424	1	1208	1214	gi|2183431473|gb|OL704825.1|	7409	8604	8923	72.007	5.44e-174	627	Eumops bonariensis papillomavirus type 2 strain MAVG-34, complete genome
SRR4201715_304_ka_f_27.087_L_100126_L_98730__210-1424	142	1013	1214	gi|2737909595|gb|PP711985.1|	6726	7595	8491	67.519	1.06e-62	257	MAG: Mops bat papillomavirus isolate 11A/Kenya/BAT1213/2015 genomic sequence
SRR4201715_304_ka_f_27.087_L_100126_L_98730__210-1424	4	98	1214	gi|2737909595|gb|PP711985.1|	4268	4174	8491	75.789	1.06e-05	68.9	MAG: Mops bat papillomavirus isolate 11A/Kenya/BAT1213/2015 genomic sequence
SRR4201715_304_ka_f_27.087_L_100126_L_98730__210-1424	4	1007	1214	gi|2737909618|gb|PP711989.1|	7072	8087	8983	66.540	3.45e-56	236	MAG: Mops bat papillomavirus isolate 1A/Kenya/BAT1537/2015 genomic sequence
SRR4201715_3155_ka_f_31.945_L_3155_L_3155__123-1334	1	1196	1211	gi|2710394362|tpg|BK066831.1|	5695	6890	8019	72.525	0.0	660	MAG TPA_asm: Papillomavirus molossus8160 isolate Papilloma8160 genomic sequence
SRR4201715_3155_ka_f_31.945_L_3155_L_3155__123-1334	1	1211	1211	gi|2183431465|gb|OL704824.1|	6292	7496	7791	69.909	4.76e-143	525	Eumops bonariensis papillomavirus type 1 strain MAVG-33, complete genome
SRR4201715_3155_ka_f_31.945_L_3155_L_3155__123-1334	16	1211	1211	gi|1569059502|gb|MH230930.1|	142	1340	1386	68.781	1.56e-117	439	Tadarida brasiliensis papillomavirus isolate A6-13 putative major capsid protein L1 (L1) gene, partial cds
SRR4201715_3155_ka_f_31.945_L_3155_L_3155__123-1334	1	1211	1211	gi|9626041|ref|NC_001354.1|	5591	6798	7614	68.255	5.09e-111	418	Human papillomavirus type 41, complete genome
SRR4201715_3155_ka_f_31.945_L_3155_L_3155__123-1334	16	1196	1211	gi|2710393104|tpg|BK066692.1|	5733	6907	7864	67.704	1.05e-100	384	MAG TPA_asm: Papillomavirus molossus8005 isolate Papilloma8005 genomic sequence
SRR5042766_2243_ka_f_10.000__39-1166	1	1126	1127	gi|2710394898|tpg|BK066884.1|	4434	5532	6078	73.555	0.0	662	MAG TPA_asm: Papillomavirus ambystoma6078 isolate Papilloma6078 genomic sequence
SRR5384553_885_ka_f_14.080__231-1412	1	1181	1181	gi|2710393506|tpg|BK066744.1|	5896	7070	7713	73.440	0.0	684	MAG TPA_asm: Papillomavirus myodes7812 isolate Papilloma7812 genomic sequence
SRR5384553_885_ka_f_14.080__231-1412	1	1181	1181	gi|1464311088|ref|NC_039039.1|	5781	6955	7704	72.405	0.0	654	Peromyscus papillomavirus type 1 strain M-14 PmPV1, complete genome
SRR5384553_885_ka_f_14.080__231-1412	19	1154	1181	gi|959121882|ref|NC_028492.1|	5793	6922	7707	69.002	2.93e-120	449	Rattus norvegicus papillomavirus 3 isolate Rat_60S, complete genome
SRR5384553_885_ka_f_14.080__231-1412	19	1171	1181	gi|2710390929|tpg|BK066449.1|	6063	7209	7847	69.165	2.25e-115	433	MAG TPA_asm: Papillomavirus meriones7946 isolate Papilloma7946 genomic sequence
SRR5384553_885_ka_f_14.080__231-1412	19	1181	1181	gi|1476681437|gb|MH892423.1|	6280	7436	7716	67.983	8.97e-108	407	Rattus norvegicus papillomavirus 2 isolate RPV2-SK02-zj, complete genome
SRR5447145_588_ka_f_10.579__198-1373	1	1175	1175	gi|959121882|ref|NC_028492.1|	5775	6949	7707	73.430	0.0	692	Rattus norvegicus papillomavirus 3 isolate Rat_60S, complete genome
SRR5447145_588_ka_f_10.579__198-1373	1	1175	1175	gi|1476681437|gb|MH892423.1|	6262	7436	7716	72.820	0.0	658	Rattus norvegicus papillomavirus 2 isolate RPV2-SK02-zj, complete genome
SRR5447145_588_ka_f_10.579__198-1373	1	1175	1175	gi|1476681431|gb|MH892422.1|	6262	7436	7716	72.820	0.0	658	Rattus norvegicus papillomavirus 2 isolate RPV2-SK01-zj, complete genome
SRR5447145_588_ka_f_10.579__198-1373	1	1175	1175	gi|1476681425|gb|MH892421.1|	6268	7442	7722	72.820	0.0	658	Rattus norvegicus papillomavirus 2 isolate RPV2-OR02-zj, complete genome
SRR5447145_588_ka_f_10.579__198-1373	1	1175	1175	gi|1476681419|gb|MH892420.1|	6268	7442	7722	72.820	0.0	658	Rattus norvegicus papillomavirus 2 isolate RPV2-OR01-zj, complete genome
SRR5450932_30728_ka_f_28.994_L_208813_L_371022_L_27350_L_319127__54-1172	1	1118	1118	gi|1854753027|gb|MN515404.1|	4054	5222	5612	68.132	8.48e-108	407	Wels catfish papillomavirus 1 isolate WCFPV/Hun, complete genome
SRR5450932_30728_ka_f_28.994_L_208813_L_371022_L_27350_L_319127__54-1172	801	1091	1118	gi|2069601142|gb|MH510267.2|	5429	5716	5984	69.333	3.87e-17	105	MAG: Oncorhynchus mykiss-associated papillomavirus 1 isolate ctda10, complete genome
SRR5450932_30728_ka_f_28.994_L_208813_L_371022_L_27350_L_319127__54-1172	6	295	1118	gi|2069601142|gb|MH510267.2|	4583	4875	5984	66.327	7.98e-07	71.6	MAG: Oncorhynchus mykiss-associated papillomavirus 1 isolate ctda10, complete genome
SRR5450932_30728_ka_f_28.994_L_208813_L_371022_L_27350_L_319127__54-1172	802	915	1118	gi|2710390139|tpg|BK066382.1|	5166	5279	5837	78.070	2.44e-13	94.2	MAG TPA_asm: Papillomavirus carassius5978 isolate Papilloma5978 genomic sequence
SRR5450932_30728_ka_f_28.994_L_208813_L_371022_L_27350_L_319127__54-1172	2	269	1118	gi|2069601150|gb|MH617143.2|	4413	4683	5896	68.864	2.44e-13	94.2	MAG: Melanogrammus aeglefinus-associated papillomavirus 1 isolate ctce22, complete genome
SRR5450932_30728_ka_f_28.994_L_208813_L_371022_L_27350_L_319127__54-1172	808	905	1118	gi|2069601150|gb|MH617143.2|	5327	5424	5896	76.531	2.28e-07	74.3	MAG: Melanogrammus aeglefinus-associated papillomavirus 1 isolate ctce22, complete genome
SRR5450932_30728_ka_f_28.994_L_208813_L_371022_L_27350_L_319127__54-1172	775	1063	1118	gi|2080078000|gb|MZ570862.1|	5120	5411	5813	68.227	3.62e-11	86.9	Papillomaviridae sp. Haddock_c6033, complete genome
SRR7122329_534_ka_f_791.697_L_31455_L_31456_L_27093_L_41073__132-1319	1	1187	1187	gi|2710393774|tpg|BK066775.1|	5423	6609	7564	71.152	1.10e-163	593	MAG TPA_asm: Papillomavirus mus7585 isolate Papilloma7585 genomic sequence
SRR7122329_534_ka_f_791.697_L_31455_L_31456_L_27093_L_41073__132-1319	41	1172	1187	gi|1571837270|ref|NC_040604.1|	5369	6504	7373	68.426	1.74e-110	416	Rodent papillomavirus isolate RtRn-PV/GD2014, complete genome
SRR7122329_534_ka_f_791.697_L_31455_L_31456_L_27093_L_41073__132-1319	4	1187	1187	gi|118129780|ref|NC_008582.1|	5373	6556	7393	68.094	9.02e-108	407	Old World harvest mouse papillomavirus, complete genome
SRR7122329_534_ka_f_791.697_L_31455_L_31456_L_27093_L_41073__132-1319	41	1172	1187	gi|255762023|gb|GQ180114.1|	5930	7065	7378	68.250	9.02e-108	407	Rattus norvegicus papillomavirus 1 EES-2009, complete genome
SRR7122329_534_ka_f_791.697_L_31455_L_31456_L_27093_L_41073__132-1319	70	1187	1187	gi|116536728|ref|NC_008519.1|	5430	6547	7522	67.886	8.45e-102	387	Mastomys coucha papillomavirus 2, complete genome
SRR7408270_4561_ka_f_99.357_L_41828_L_60010_L_4763_L_108797__282-1496	94	545	1214	gi|2562620347|gb|OQ973263.1|	2	456	456	79.121	7.10e-103	391	Ursus maritimus papillomavirus isolate PB99863 L1 protein gene, partial cds
SRR7408270_4561_ka_f_99.357_L_41828_L_60010_L_4763_L_108797__282-1496	7	1214	1214	gi|2724609934|gb|PP718721.1|	5369	6573	7429	66.613	3.45e-75	299	Human papillomavirus 121 isolate C48c_HPV121, complete genome
SRR7408270_4561_ka_f_99.357_L_41828_L_60010_L_4763_L_108797__282-1496	22	1016	1214	gi|1334609521|gb|MG571089.1|	5436	6430	7392	66.765	1.79e-72	290	Leptonychotes weddellii papillomavirus 2 isolate 11445, complete genome
SRR7408270_4561_ka_f_99.357_L_41828_L_60010_L_4763_L_108797__282-1496	22	1016	1214	gi|1347732223|ref|NC_037067.1|	5436	6430	7392	66.765	1.79e-72	290	Leptonychotes weddellii papillomavirus 2 isolate 11445, complete genome
SRR7408270_4561_ka_f_99.357_L_41828_L_60010_L_4763_L_108797__282-1496	5	1012	1214	gi|1031620603|gb|KR816180.1|	5318	6316	7348	66.991	9.25e-70	281	Human papillomavirus 193 isolate ACS260, complete genome
SRR7530174_17519_ka_f_24.116_L_17519_L_17519__108-1295	23	756	1187	gi|1605373267|gb|MK620333.1|	81	814	2551	66.045	7.93e-39	178	Kittiwake papillomavirus 1 strain NL15_K935 L1 (L1) and E6 (E6) genes, complete cds; and E7 (E7) gene, partial cds
SRR7530174_17519_ka_f_24.116_L_17519_L_17519__108-1295	23	756	1187	gi|1605373262|gb|MK620332.1|	169	902	3349	66.045	7.93e-39	178	Kittiwake papillomavirus 1 strain NL15_K930 L1 (L1), E6 (E6), and E7 (E7) genes, complete cds; and E1 (E1) gene, partial cds
SRR7530174_17519_ka_f_24.116_L_17519_L_17519__108-1295	22	594	1187	gi|1605373271|gb|MK620340.1|	717	1277	2234	67.071	3.85e-30	149	Kittiwake papillomavirus 6 strain NL15_K931 L2 (L2) gene, partial cds; and L1 (L1) gene, complete cds
SRR7530174_17519_ka_f_24.116_L_17519_L_17519__108-1295	23	738	1187	gi|1605373055|gb|MK620302.1|	5654	6351	7703	65.385	6.96e-27	139	Puffin papillomavirus 1 strain NL15-B13, complete genome
SRR7530174_17519_ka_f_24.116_L_17519_L_17519__108-1295	23	738	1187	gi|1605373189|gb|MK620307.1|	109	806	1594	65.241	2.43e-26	137	Puffin papillomavirus 1 strain NL15_GC42 L1 (L1) gene, complete cds
SRR7734125_63559_ka_f_12.291_L_63559_L_63559__93-1271	1	1163	1178	gi|2710391254|tpg|BK066482.1|	5673	6850	7565	68.713	1.42e-111	420	MAG TPA_asm: Papillomavirus rhinolophus7615 isolate Papilloma7615 genomic sequence
SRR7734125_63559_ka_f_12.291_L_63559_L_63559__93-1271	10	1164	1178	gi|2699892722|gb|OR952801.1|	1356	2525	7489	68.293	5.65e-104	394	MAG: Bat papillomavirus isolate GD2017 L2 protein gene, partial cds; and L1 protein, E6 protein, E7 protein, E1 protein, and E2 protein genes, complete cds
SRR7734125_63559_ka_f_12.291_L_63559_L_63559__93-1271	1	1166	1178	gi|2699892997|gb|OR952863.1|	4797	5974	6461	66.722	2.93e-82	323	MAG: Bat papillomavirus isolate GD2020 E1 protein gene, partial cds; and E2 protein, L2 protein, and L1 protein genes, complete cds
SRR7734125_63559_ka_f_12.291_L_63559_L_63559__93-1271	4	1167	1178	gi|2699892622|gb|OR952777.1|	1440	274	1507	66.779	2.93e-82	323	MAG: Bat papillomavirus isolate GX2018 L1 protein-like gene, complete sequence
SRR7734125_63559_ka_f_12.291_L_63559_L_63559__93-1271	1	1167	1178	gi|2699892710|gb|OR952799.1|	5805	6989	7739	66.722	1.25e-80	316	MAG: Bat papillomavirus isolate GD2016_095_55344 E6 protein, E7 protein, E1 protein, E2 protein, L2 protein, and L1 protein genes, complete cds
SRR8104729_654_ka_f_10.096_L_654_L_654__90-1328	595	1235	1238	gi|2710395175|tpg|BK066894.1|	4596	5230	5716	67.077	2.37e-39	180	MAG TPA_asm: Papillomavirus rana5702 isolate Papilloma5702 genomic sequence
SRR8104729_654_ka_f_10.096_L_654_L_654__90-1328	169	263	1238	gi|2710394428|tpg|BK066841.1|	4352	4446	5852	77.895	2.08e-08	77.9	MAG TPA_asm: Papillomavirus rana5986 isolate Papilloma5986 genomic sequence
SRR8437782_17784_ka_f_11.131_L_17784_L_17784__111-1274	25	980	1163	gi|97331426|ref|NC_008032.1|	5720	6684	7542	69.405	1.23e-99	379	Capra hircus papillomavirus type 1, complete genome
SRR8437782_17784_ka_f_11.131_L_17784_L_17784__111-1274	15	1158	1163	gi|2075897872|gb|MW404257.1|	5275	6434	7186	65.825	6.80e-65	265	Bos taurus papillomavirus 35 isolate 4827RS16-BR node 10, complete genome
SRR8437782_17784_ka_f_11.131_L_17784_L_17784__111-1274	20	980	1163	gi|1050870515|gb|KU519395.1|	5342	6323	7277	66.402	7.76e-58	241	Bos taurus papillomavirus 20, complete genome
SRR8437782_17784_ka_f_11.131_L_17784_L_17784__111-1274	20	980	1163	gi|1059198246|ref|NC_030800.1|	5342	6323	7277	66.402	7.76e-58	241	Bos taurus papillomavirus 20, complete genome
SRR8437782_17784_ka_f_11.131_L_17784_L_17784__111-1274	25	1158	1163	gi|218685637|ref|NC_011765.1|	6778	7947	8256	64.771	9.46e-57	238	European hedgehog papillomavirus, complete genome
SRR8631965_1105606_ka_f_13.526_L_1105606_L_1105606__69-1250	1	1181	1181	gi|1464311073|ref|NC_039037.1|	5669	6846	7138	69.883	1.42e-130	482	Pudu puda papillomavirus type 1, complete genome
SRR8631965_1105606_ka_f_13.526_L_1105606_L_1105606__69-1250	2	1118	1181	gi|2699893124|gb|OR952895.1|	3108	4233	6995	66.872	5.31e-79	311	MAG: Bat papillomavirus isolate YN2016 E2 protein, L2 protein, L1 protein, E6 protein, and E7 protein genes, complete cds; and E1 protein gene, partial cds
SRR8631965_1105606_ka_f_13.526_L_1105606_L_1105606__69-1250	134	989	1181	gi|2699893121|gb|OR952894.1|	1262	2117	2729	68.166	8.99e-70	281	MAG: Bat papillomavirus isolate YN2016 L2 protein gene, partial cds; and L1 protein gene, complete cds
SRR8631965_1105606_ka_f_13.526_L_1105606_L_1105606__69-1250	181	1172	1181	gi|2710391306|tpg|BK066488.1|	5775	6775	7606	66.071	1.98e-65	266	MAG TPA_asm: Papillomavirus canis7747 isolate Papilloma7747 genomic sequence
SRR8631965_1105606_ka_f_13.526_L_1105606_L_1105606__69-1250	4	993	1181	gi|2699893041|gb|OR952874.1|	1904	2899	7764	66.400	1.98e-65	266	MAG: Bat papillomavirus isolate GD2017 L2 protein, L1 protein, E7 protein, E1 protein, and E2 protein genes, complete cds
SRR9703484_10495_ka_f_65.924__123-1334	20	749	1211	gi|62547897|gb|AY904722.1|	6449	7163	8233	68.194	5.11e-54	229	Lynx rufus papillomavirus type 1, complete genome
SRR9703484_10495_ka_f_65.924__123-1334	16	743	1211	gi|1483986486|gb|MG552668.1|	9	724	817	67.166	1.91e-40	183	Acinonyx jubatus papillomavirus type 1 isolate PAP21 L1 (L1) gene, partial cds
SRR9703484_10495_ka_f_65.924__123-1334	16	743	1211	gi|1483986484|gb|MG552667.1|	44	759	870	67.166	1.91e-40	183	Acinonyx jubatus papillomavirus type 1 isolate PAP20 L1 (L1) gene, partial cds
SRR9703484_10495_ka_f_65.924__123-1334	16	743	1211	gi|1483986482|gb|MG552666.1|	44	759	871	67.166	1.91e-40	183	Acinonyx jubatus papillomavirus type 1 isolate PAP19 L1 (L1) gene, partial cds
SRR9703484_10495_ka_f_65.924__123-1334	16	743	1211	gi|1483986480|gb|MG552665.1|	24	739	839	67.166	1.91e-40	183	Acinonyx jubatus papillomavirus type 1 isolate PAP18 L1 (L1) gene, partial cds
SRR9897644_673202_ka_f_7.942__60-1205	783	926	1145	gi|2080078006|gb|MZ570863.1|	5317	5460	5960	73.103	5.51e-09	79.7	Papillomaviridae sp. Seabass_c1851, complete genome
