cluster_number	centroid	host_group	status	aln_best_pct_id	blastn_best_pct_id	best_pct_id	best_hit_name	taxonomy_level
1	SRR8379619Score=261.058_Edges=56817_60079_7321_108965_108967_38401_50547_Position=43_Alignment=38M6D21M1D92M26I42M6I11M17I53M2D70M8I14M1I45M_ScaffoldSuperpaths=_OriginScaffoldPath=	Amphibian	novel	NA	NA	NA	NA	no_hit
2	SRR5967360Score=637.877_Edges=132301_132299_90243_124255_98203_118033_118031_11155_33977_33975_40609_40607_64525_10947_10945_97687_82561_108311_40913_40915_66191_99687_99689_96147_12521_91451_140133_140131_65425_65575_146615_121707_122479_29683_29685_142661_22481_65981_65973_13943_38695_38691_59649_59641_131939_139501_139505_127519_46015_99241_53275_53271_17913_156309_156313_70455_70453_143749_72335_34887_34891_153775_10329_113897_113899_138057_128309_70927_70929_111231_111227_153725_153729_68127_12705_12701_50097_76449_16015_16019_140501_28283_28281_27991_140079_140077_25971_116785_48645_151481_80463_80465_9671_9669_23755_70523_18607_132213_74171_74167_70365_144741_1463_110437_46059_50169_50171_63641_26007_50547_81581_9723_9725_Position=48_Alignment=40M1I81M18I41M1D95M10I8M1I70M2I59M_ScaffoldSuperpaths=_OriginScaffoldPath=	Metagenome	novel	NA	NA	NA	NA	no_hit
3	ERR3674566Score=641.909_Edges=7_Position=634_Alignment=40M2I122M1D95M7I8M4I70M4I59M_ScaffoldSuperpaths=_OriginScaffoldPath=	Metagenome	ncbi_virus	NA	94.079	94.079	human papillomavirus 119	known_species
4	SRR3182302Score=613.083_Edges=3843_8147_7875_4143_5515_557_559_7839_5881_431_6725_7021_673_6153_Position=201_Alignment=40M1I81M1D40M1D95M10I8M1I70M2I45M4I14M_ScaffoldSuperpaths=_OriginScaffoldPath=	Human	ncbi_virus	NA	100	100	Human papillomavirus	known_species
5	SRR6442896Score=640.751_Edges=291_Position=5333_Alignment=40M1I218M7I8M3I70M5I59M_ScaffoldSuperpaths=_OriginScaffoldPath=	Human	ncbi_virus	NA	92.214	92.214	Human papillomavirus;Human papillomavirus 197	known_species
6	SRR6442994Score=635.721_Edges=7_17_11_7_Position=7057_Alignment=40M2I81M2I137M8I8M2I70M2I59M_ScaffoldSuperpaths=_OriginScaffoldPath=	Human	ncbi_virus	NA	96.513	96.513	Human papillomavirus 202	known_species
7	SRR7802420Score=649.451_Edges=7_5_31_Position=6795_Alignment=40M2I81M2I137M7I8M3I70M2I59M_ScaffoldSuperpaths=_OriginScaffoldPath=	Human	novel	NA	70.546	70.546	Human papillomavirus 65	new_species
8	ERR10857049Score=653.806_Edges=85_135_137_47_49_Position=222_Alignment=40M1I82M1I136M10I8M1I70M2I59M_ScaffoldSuperpaths=_OriginScaffoldPath=	Human	ncbi_virus	NA	98.455	98.455	human papillomavirus 21	known_species
9	ERR3974441Score=660.022_Edges=22773_74849_12851_Position=2668_Alignment=40M1I82M1I136M10I8M1I70M2I59M_ScaffoldSuperpaths=_OriginScaffoldPath=	Human	novel	NA	88.321	88.321	human papillomavirus 24	new_species
10	SRR13789583Score=657.355_Edges=52665_52667_98531_16631_765_Position=720_Alignment=40M1I82M1I136M10I8M1I70M2I59M_ScaffoldSuperpaths=_OriginScaffoldPath=	Human	ncbi_virus	NA	93.582	93.582	Human papillomavirus;Human papillomavirus 93	known_species
11	SRR13789814Score=650.976_Edges=268557_Position=3186_Alignment=40M1I82M1I136M10I8M1I70M2I59M_ScaffoldSuperpaths=_OriginScaffoldPath=	Human	ncbi_virus	NA	99.187	99.187	Human papillomavirus 98	known_species
12	SRR13789891Score=652.069_Edges=7771_80789_65323_65325_Position=773_Alignment=40M1I82M1I136M10I8M1I70M2I59M_ScaffoldSuperpaths=_OriginScaffoldPath=	Human	novel	NA	88.178	88.178	Human papillomavirus type 195	new_species
13	SRR22230827Score=659.072_Edges=192293_225001_106971_384461_446051_446049_292351_292349_471615_365315_343813_343815_138919_186743_186745_Position=463_Alignment=40M1I82M1I136M10I8M1I70M2I59M_ScaffoldSuperpaths=_OriginScaffoldPath=	Human	novel	NA	88.862	88.862	Human papillomavirus type 14D	new_species
14	SRR26848399Score=656.239_Edges=36057_3755_Position=3178_Alignment=40M1I82M1I136M10I8M1I70M2I59M_ScaffoldSuperpaths=_OriginScaffoldPath=	Human	ncbi_virus	NA	99.837	99.837	human papillomavirus 24	known_species
15	SRR3642387Score=661.081_Edges=13_103_Position=1123_Alignment=40M1I82M1I136M10I8M1I70M2I59M_ScaffoldSuperpaths=_OriginScaffoldPath=	Human	ncbi_virus	NA	94.228	94.228	Human papillomavirus type 14D	known_species
16	SRR6442905Score=636.677_Edges=14309_Position=753_Alignment=40M1I218M5I8M4I70M5I59M_ScaffoldSuperpaths=_OriginScaffoldPath=	Human	ncbi_virus	NA	99.268	99.268	Human papillomavirus	known_species
17	SRR7688431Score=638.372_Edges=73_77_Position=744_Alignment=40M2I122M1D95M7I8M3I70M4I59M_ScaffoldSuperpaths=_OriginScaffoldPath=	Human	ncbi_virus	NA	98.211	98.211	human papillomavirus 164	known_species
18	SRR7688502Score=640.391_Edges=3647_3651_10337_4419_10635_10637_3205_11409_9841_10267_10271_9911_6583_4319_5949_6011_2325_8611_8609_8659_5661_5659_7567_5587_6967_3153_3155_7141_2393_2389_7445_9503_3085_3083_4635_9631_12175_3839_3843_4507_6345_8685_3229_2921_8405_8409_1641_4297_2917_2297_2293_471_7_3833_3837_4029_6497_6501_10075_407_11687_11691_7305_4951_6513_6509_10571_2225_4831_3951_3955_993_6041_7025_7027_4575_4571_35_6111_5543_5545_4203_2961_2957_10341_1495_1537_1539_8207_8203_8547_1965_7713_11263_11265_319_323_8583_5997_6001_10081_10079_9161_11243_11245_4235_1617_2309_1325_1231_1233_9165_7419_12209_9123_9121_8023_8165_6693_529_525_2355_10005_2623_7157_8561_8563_5019_2091_2095_485_483_1081_3781_11221_10677_10675_4245_5689_5687_12495_12499_447_449_5807_8507_2443_2447_9667_6017_7333_2853_2857_4581_2545_2541_6695_6689_2377_2749_11609_1125_11761_10043_10041_4479_10149_11663_1123_1119_8037_8035_10405_10931_10935_8331_7359_7363_2363_4265_5849_4857_523_11371_11369_7093_10185_3979_3507_3511_4339_8571_3113_1259_8031_8029_5477_8385_8387_9781_9783_10231_10733_145_8999_1379_1375_7885_7887_6313_8955_5629_5633_10845_7555_5623_9209_9211_887_3327_12551_12553_11753_723_11943_8129_8125_11855_9625_1915_10489_303_3939_3941_1909_1911_5245_2711_2787_743_957_955_8803_8797_10505_4241_10379_10381_2821_699_695_4721_8013_8011_3917_2077_8453_6543_4041_6995_2929_2931_5481_5479_4789_1521_3307_1755_7971_7967_6233_3599_2511_3889_3885_3369_975_6401_6849_11963_11969_2313_2535_2539_Position=3_Alignment=40M2I122M1I96M7I8M3I70M2I59M_ScaffoldSuperpaths=_OriginScaffoldPath=	Human	ncbi_virus	NA	90.554	90.554	human papillomavirus 112	known_species
19	SRR7688840Score=647.642_Edges=25_5_11_Position=754_Alignment=40M2I122M1I96M7I8M3I70M2I59M_ScaffoldSuperpaths=_OriginScaffoldPath=	Human	ncbi_virus	NA	90.422	90.422	human papillomavirus 112	known_species
20	SRR7688004Score=639.691_Edges=45753_Position=2335_Alignment=40M2I122M1D95M6I8M3I70M4I59M_ScaffoldSuperpaths=_OriginScaffoldPath=	Human	ncbi_virus	NA	96.659	96.659	human papillomavirus 147	known_species
21	ERR10856948Score=649.424_Edges=51_Position=86_Alignment=40M1I81M1D136M10I8M1I70M2I59M_ScaffoldSuperpaths=_OriginScaffoldPath=	Human	ncbi_virus	NA	99.755	99.755	Human papillomavirus 5	known_species
22	ERR10857015Score=663.01_Edges=39_37_21_61_63_45_65_55_89_Position=1260_Alignment=40M1I81M1D136M10I8M1I70M2I59M_ScaffoldSuperpaths=_OriginScaffoldPath=	Human	ncbi_virus	NA	96.166	96.166	human papillomavirus 12	known_species
23	SRR13789712Score=660.609_Edges=73549_22015_22019_286457_Position=3227_Alignment=40M1I81M1D136M10I8M1I70M2I59M_ScaffoldSuperpaths=_OriginScaffoldPath=	Human	ncbi_virus	NA	99.837	99.837	human papillomavirus 20	known_species
24	SRR15442692Score=617.189_Edges=45_15_19_23_27_Position=18_Alignment=40M2I81M1I41M1D95M7I8M2I70M2I59M_ScaffoldSuperpaths=_OriginScaffoldPath=	Human	ncbi_virus	NA	99.592	99.592	Human papillomavirus	known_species
25	SRR3644053Score=605.173_Edges=11713_55327_55331_4239_27661_39019_22247_22249_34523_2129_56739_42363_26753_26803_33753_33755_18257_18261_34245_11389_30511_30515_10543_Position=334_Alignment=40M1I218M5I8M1I70M4I34M2I25M_ScaffoldSuperpaths=_OriginScaffoldPath=	Human	ncbi_virus	NA	99.736	99.736	Human papillomavirus	known_species
26	SRR6442921Score=619.558_Edges=10717_Position=3720_Alignment=121M2I41M1D95M8I8M2I70M2I59M_ScaffoldSuperpaths=_OriginScaffoldPath=	Human	ncbi_virus	NA	99.592	99.592	Human papillomavirus	known_species
27	SRR7687880Score=658.832_Edges=14577_4635_4631_11715_9769_9765_Position=565_Alignment=40M1I81M1D136M10I8M1I70M2I59M_ScaffoldSuperpaths=_OriginScaffoldPath=	Human	ncbi_virus	NA	91.058	91.058	human papillomavirus 24	known_species
28	SRR7688471Score=663.497_Edges=1493_1453_8799_5747_5743_Position=416_Alignment=40M1I81M1D136M10I8M1I70M2I59M_ScaffoldSuperpaths=_OriginScaffoldPath=	Human	ncbi_virus	NA	91.775	91.775	human papillomavirus 12	known_species
29	SRR7688493Score=648.489_Edges=313_97_95_193_Position=1519_Alignment=40M1I81M1D136M10I8M1I70M2I59M_ScaffoldSuperpaths=_OriginScaffoldPath=	Human	ncbi_virus	NA	99.592	99.592	human papillomavirus 36	known_species
30	SRR7688540Score=605.21_Edges=81_Position=727_Alignment=40M2I81M2I145M5I70M4I59M_ScaffoldSuperpaths=_OriginScaffoldPath=	Human	ncbi_virus	NA	99.51	99.51	Gammapapillomavirus 22	known_species
31	SRR7688673Score=656.032_Edges=16633_2255_18499_17843_15765_8911_5241_6091_6399_523_519_6869_1179_1175_18293_18295_19511_12323_12327_11735_11737_6129_17607_5839_5835_11821_7211_1439_1441_16739_3457_4511_16771_16767_12653_20529_12431_16765_2691_2687_17801_14859_16397_11619_5825_13263_22731_16251_16249_3849_669_14835_15375_15379_15301_22325_16173_22481_3771_10619_10621_21901_19771_12603_12601_10033_13653_13657_9945_13551_20001_20003_16973_4641_2291_11067_18737_3983_3981_18339_8819_11569_21197_20387_20391_16375_16373_20339_Position=133_Alignment=40M1I81M1D136M10I8M1I70M2I59M_ScaffoldSuperpaths=_OriginScaffoldPath=	Human	ncbi_virus	NA	91.912	91.912	Human papillomavirus	known_species
32	SRR7688916Score=658.878_Edges=1457_17425_46859_5891_5889_1821_57663_16265_26673_26675_34661_34885_58943_58939_6207_6209_3441_52647_54345_54347_10489_40365_34715_14581_14583_21955_39799_58091_14831_14829_58759_16401_45137_35081_35085_40043_14109_14111_34035_34343_34347_14881_11177_39311_25075_35497_35499_12881_37801_53747_53751_24173_19823_40857_40855_41241_839_36931_36933_10433_10429_25109_17489_14381_14385_13869_16949_10257_39717_39715_58843_19063_44135_12639_12641_42063_16677_28949_247_1003_1005_14715_56213_15321_15325_24455_19795_65_67_52643_52641_46209_3127_51071_58607_58603_57761_21015_52583_52581_31913_8827_25177_1061_21937_23149_23145_43705_40219_36267_36263_38087_41985_41987_24789_29709_14445_4451_47569_47573_4657_58249_41681_26365_26361_1395_1399_14889_13997_27839_38331_38329_1649_37991_16105_16101_41335_18877_18875_51107_44787_44791_39345_16439_40429_18487_13151_40065_40063_52491_52495_47823_5827_8243_9321_33223_35281_35277_37657_48237_48233_12955_12957_7319_9879_9883_40815_20363_20359_25153_7475_7477_13591_35091_26089_38503_53775_28303_14441_9555_55873_55871_55211_38829_11357_46921_32533_2829_39647_25523_25525_34117_23867_53619_12673_51375_23047_43135_43137_11579_11583_38623_38625_2389_28339_47847_47843_18853_54283_42715_42719_14195_41113_12351_33559_755_757_16851_45093_39941_49907_49905_42725_42727_40501_37553_37549_41379_41377_21417_20773_53599_22223_21069_31617_29233_6201_6203_43323_6013_20911_20907_56579_943_945_35409_46933_39301_12469_15357_15353_57719_34481_19719_28187_28189_27755_36009_11063_35703_35705_43415_40359_4157_4159_17015_17063_34005_34009_56599_Position=4_Alignment=40M1I81M1D136M10I8M1I70M2I59M_ScaffoldSuperpaths=_OriginScaffoldPath=	Human	ncbi_virus	NA	94.199	94.199	Human papillomavirus	known_species
33	SRR7992320Score=654.458_Edges=9043_4293_4291_10127_95_1567_1563_11113_1959_1957_3819_3821_7355_3943_Position=35_Alignment=40M1I81M1D136M10I8M1I70M2I59M_ScaffoldSuperpaths=_OriginScaffoldPath=	Human	novel	NA	89.097	89.097	human papillomavirus 36	new_species
34	ERR12027538Score=658.623_Edges=181_147_Position=0_Alignment=40M1I81M1D40M1D95M10I8M1I70M2I59M_ScaffoldSuperpaths=_OriginScaffoldPath=	Human	ncbi_virus	NA	99.672	99.672	Human papillomavirus type 8	known_species
35	SRR22231181Score=645.557_Edges=339205_339201_Position=727_Alignment=40M1I81M1D40M1D95M10I8M1I70M2I59M_ScaffoldSuperpaths=_OriginScaffoldPath=	Human	ncbi_virus	NA	99.836	99.836	Betapapillomavirus 1	known_species
36	SRR3188124Score=649.276_Edges=839289_65189_Position=1347_Alignment=40M1I81M1D40M1D95M10I8M1I70M2I59M_ScaffoldSuperpaths=_OriginScaffoldPath=	Human	ncbi_virus	NA	100	100	Human papillomavirus	known_species
37	SRR3643585Score=650.74_Edges=165175_165173_213239_428969_428973_70739_86323_86325_410113_410109_385149_148481_394657_394659_353001_90363_90359_30499_128587_128583_395197_461387_461391_45805_339559_381815_381813_362147_228791_155147_282151_282147_420245_192023_25863_92645_370901_Position=4_Alignment=40M1I218M5I8M1I70M5I59M_ScaffoldSuperpaths=_OriginScaffoldPath=	Human	ncbi_virus	NA	99.835	99.835	Human papillomavirus	known_species
38	SRR7687902Score=667.427_Edges=98717_98715_85111_85109_102751_241595_196625_299111_299115_297761_307511_307513_195619_84679_84677_314129_314133_80689_98463_75319_312351_200325_304035_69151_46293_208883_208885_121055_121051_72805_163929_1485_6249_6251_121343_110951_317949_246505_249_251_209623_231591_312073_189557_144935_75075_75069_169529_252373_100345_206849_105235_105237_171593_230059_188199_188203_300433_326179_167993_291579_109913_174443_155439_146955_146951_138359_101219_117599_314985_329807_313385_207659_273165_40579_72453_270323_32429_65343_65347_3187_171633_171637_218601_101253_212465_206703_201405_166959_7375_331335_331331_333159_278591_74557_74553_221083_306459_306455_309233_309229_214349_211259_142451_187619_263943_186721_186719_212141_136621_193213_66905_17489_138387_300947_122795_217675_294717_294715_322961_256597_163983_163981_191417_213235_194471_143515_143519_74685_201985_201981_331695_331691_226409_226411_21843_21841_14691_14689_259963_259967_60261_267757_267759_331735_331737_248489_248493_15937_305921_284553_284551_52093_160977_11823_319495_52849_52851_75865_324623_263741_1109_96909_96905_110885_104381_104385_252595_100885_51183_322989_194767_194769_160553_160557_76763_49805_130223_46215_220903_121471_271027_69815_96891_96893_130267_99309_99305_288231_94267_94265_256947_185273_21139_146239_146233_165275_9517_9519_239605_239607_323059_138915_138917_302009_302011_169945_300941_29555_29559_243345_149775_184535_184533_201227_173483_328925_328929_181207_130389_141487_95509_255877_255879_258631_321003_155561_186179_186175_251629_280135_329341_17205_33069_313365_313367_71203_279453_123869_227647_50895_46791_46795_304519_146677_136529_96711_280235_267841_249087_201719_201723_239385_207371_42245_151407_151403_27503_27507_215243_72901_72903_142841_142839_287451_277939_274179_27541_252463_Position=19_Alignment=40M1I81M1D40M1D95M10I8M1I70M2I59M_ScaffoldSuperpaths=_OriginScaffoldPath=	Human	novel	NA	86.412	86.412	human papillomavirus 20	new_species
39	SRR7687907Score=662.918_Edges=69973_69977_55601_55599_34465_73825_34143_134891_120721_131657_131655_122549_61621_44923_93523_93525_104313_158827_137449_137451_51599_35127_94753_77159_77161_28533_14153_68935_159_5651_49647_7275_86847_86849_81377_87625_87627_57783_25301_25299_101191_53363_70375_52989_48947_115565_63703_100723_54859_54861_58697_58701_143929_82007_60059_60061_86865_117899_87143_Position=23_Alignment=40M1I82M1I136M10I8M1I70M1D58M_ScaffoldSuperpaths=_OriginScaffoldPath=	Human	blastn	NA	91.153	91.153	human papillomavirus 21	known_species
40	SRR7688429Score=644.752_Edges=131_135_77_213_215_Position=3052_Alignment=40M1D80M1D136M5I8M4I70M5I59M_ScaffoldSuperpaths=_OriginScaffoldPath=	Human	novel	NA	76.834	76.834	Human papillomavirus	new_species
41	SRR7992623Score=611.208_Edges=41575_51905_51903_1955_1953_24629_45845_56889_56891_67473_60459_74183_74187_8257_8253_Position=191_Alignment=40M1D120M2D95M8I78M7I59M_ScaffoldSuperpaths=_OriginScaffoldPath=	Human	ncbi_virus	NA	99.918	99.918	Human papillomavirus	known_species
42	ERR1332598Score=651.361_Edges=23051_Position=283_Alignment=40M1I81M1D40M2D94M10I8M1I70M2I59M_ScaffoldSuperpaths=_OriginScaffoldPath=	Metagenome	ncbi_virus	NA	98.112	98.112	human papillomavirus 47	known_species
43	SRR15442402Score=636.135_Edges=169_105_57_49_3_81_135_123_17_141_Position=87_Alignment=121M1D136M7I8M5I129M_ScaffoldSuperpaths=_OriginScaffoldPath=	Human	ncbi_virus	NA	98.276	98.276	Human papillomavirus 149	known_species
44	SRR15442811Score=609.173_Edges=192517_192513_Position=2033_Alignment=40M2I82M2I144M3I70M4I59M_ScaffoldSuperpaths=_OriginScaffoldPath=	Human	novel	NA	87.049	87.049	Human papillomavirus	new_species
45	SRR22230817Score=646.84_Edges=36845_36847_2523_13441_46613_127859_168309_61907_18519_18517_83519_83515_209607_173167_186357_133131_181717_136483_136485_64471_64473_82817_25215_25213_206959_27489_16055_80479_93027_124609_196561_95365_42493_42489_26759_26755_73627_114261_114263_154159_154161_75009_75007_183001_39633_174247_114047_85259_88233_169949_169951_170029_150263_90897_90895_62405_157045_157043_173831_70133_136527_77601_77605_187349_19785_19783_126421_126419_106617_122191_200377_200381_113917_206225_172915_172919_54811_86345_93423_128301_128303_169955_128363_128365_153981_116457_207339_207337_128859_74583_115179_115183_109939_109937_148517_209823_117229_168955_56681_56677_110155_106475_106473_204367_277_273_21203_73315_57937_57931_159521_199207_199203_9109_53925_120583_120585_100357_202153_176289_176291_54779_35213_35209_199223_199225_121947_121943_143855_206241_158115_12445_65761_121617_55929_55925_383_147201_88313_26299_156555_145713_170961_170965_121905_175775_146101_29867_29863_179663_183483_183479_69099_69103_106151_106153_75097_111731_124867_180789_87711_87713_209733_209731_11191_13101_13103_136709_21207_117853_101969_101973_167483_16735_70621_58839_200339_70837_43657_57569_162393_123319_123321_49343_49345_167705_167709_89013_138493_9819_9821_138469_138467_82059_120301_176819_138389_32257_32255_117915_117913_90189_30297_146291_146289_127627_119753_158737_158733_150269_150267_146205_198861_203847_47223_205267_205265_158067_42515_42513_56277_45197_38639_3125_3129_4455_51453_53291_31995_206991_70271_70273_97715_145731_201451_201447_114589_143189_143191_210057_6825_75487_101993_101995_132945_68201_90817_140683_188683_121427_121429_158961_97935_200125_34943_34945_167347_167349_164895_167781_62119_184371_184369_94139_69849_69853_112109_63395_96025_29533_29537_162201_168483_168487_57003_57005_62969_120433_120431_102329_54829_123701_123703_2177_41187_111179_174531_195017_195019_46235_46231_81419_62841_68203_165063_165061_7837_124581_196761_62613_59139_5537_196637_196635_18263_17945_87183_119309_39487_49541_23615_53515_197077_37487_80065_80063_24205_24203_188265_188269_154351_83457_8431_151005_151009_189877_191637_191641_138231_138233_42907_165999_181749_114521_114523_103347_16967_168493_168489_151101_160151_122073_122075_14259_14255_150301_2629_2847_2849_24287_140657_70759_70757_106335_131379_27005_118083_181957_109311_109307_151057_200443_124493_51943_119771_33053_33057_159107_117147_23943_110843_110845_80121_82389_132757_132759_98313_75837_152433_197697_197699_75021_154831_109181_28109_48183_48187_72225_106623_186351_209347_175177_175179_130373_111123_111125_169983_50881_153481_99081_99077_42173_132889_132891_165163_133355_171149_Position=0_Alignment=40M1I81M1D41M2I95M6I8M2I70M1I59M_ScaffoldSuperpaths=_OriginScaffoldPath=	Human	ncbi_virus	NA	100	100	Papillomavirus homo7570	known_species
46	SRR22234042Score=603.128_Edges=16981_16983_35391_35393_57551_19897_16941_16939_45265_45269_8705_3357_51241_47333_47335_55803_25721_37863_37865_23711_36549_36547_37561_629_631_44089_44093_61807_21821_47131_47133_38419_29295_51057_61965_49547_56523_Position=14_Alignment=40M1I81M1D41M2I95M6I8M2I70M1I59M_ScaffoldSuperpaths=_OriginScaffoldPath=	Human	ncbi_virus	NA	98.005	98.005	Human papillomavirus	known_species
47	SRR26848444Score=621.424_Edges=31037_Position=2884_Alignment=40M2I82M2I144M3I70M4I59M_ScaffoldSuperpaths=_OriginScaffoldPath=	Human	ncbi_virus	NA	99.425	99.425	Human papillomavirus	known_species
48	SRR6442949Score=649.268_Edges=419_Position=1549_Alignment=258M5I8M1I70M5I59M_ScaffoldSuperpaths=_OriginScaffoldPath=	Human	ncbi_virus	NA	99.754	99.754	Human papillomavirus	known_species
49	SRR7122315Score=652.43_Edges=2067_3241_7023_7021_3311_3315_3083_4315_4311_4259_4263_7235_7239_4555_5269_1693_9461_5613_5611_627_901_Position=41_Alignment=258M5I8M1I70M5I59M_ScaffoldSuperpaths=_OriginScaffoldPath=	Human	ncbi_virus	NA	99.918	99.918	Human papillomavirus	known_species
50	SRR7688003Score=640.515_Edges=52419_1423_46953_53715_53713_37579_24077_35829_4661_28335_42361_42365_50735_27111_37201_7047_50061_50059_36113_62833_18341_18339_18633_43267_43263_20733_32359_50487_50483_15199_15201_63099_12589_12593_6293_24987_43737_43739_29325_24903_60993_28527_28523_9635_61539_61533_3271_23535_36349_36353_14559_52985_19215_19213_17353_8653_8657_52697_24101_61319_61315_30093_51823_54133_54129_51313_51315_54873_54869_30685_30681_41621_44101_59565_59561_8581_38459_7039_7043_1317_26387_793_56785_1965_1971_54213_54077_61371_61369_18255_52117_49795_49799_28051_54539_24969_60405_29149_29147_54057_54055_26403_1725_1729_38333_11663_20129_20125_28957_16623_42311_37681_37685_38059_55341_55337_25029_4339_4093_4091_28441_16649_16645_12683_12681_19835_34391_34569_62797_25893_29757_29759_50137_12753_8551_57073_929_687_683_19781_19785_4657_15633_15635_35367_16763_31935_11403_31071_27653_39033_52819_37591_7293_7295_20615_20611_4901_4899_60119_21543_21541_3455_61531_35985_27867_49367_48143_18889_18891_7657_46227_46279_46281_11025_11023_51231_5375_54265_44787_49273_34597_34595_62955_34939_3955_63577_16783_16787_58953_36843_18213_33485_24495_24491_45081_8051_8047_3901_9223_6181_22561_22557_1889_1985_58129_43501_43503_37601_37605_52153_42741_26341_237_60199_60201_11587_19443_19439_44861_13301_47969_47967_Position=3_Alignment=121M1D136M7I8M5I129M_ScaffoldSuperpaths=_OriginScaffoldPath=	Human	ncbi_virus	NA	99.918	99.918	Gammapapillomavirus 7	known_species
51	SRR7688012Score=654.42_Edges=127105_82893_82891_177581_118015_157831_145779_100329_100331_155565_77565_90293_90295_113471_125977_134059_98909_98911_31293_31299_82095_65963_59475_59471_27853_118753_50781_50783_123631_40571_40569_116211_82839_167961_85661_85659_136659_101985_101989_96365_127561_127565_129951_163983_25613_102535_161739_53981_53983_58261_58263_116495_71109_117411_129517_129515_92809_73239_72123_90225_127539_5823_15305_87663_87667_43957_4543_5913_42101_42105_116043_137473_154815_3971_159945_131379_131381_131429_104833_104835_13931_101363_152701_54315_106175_143677_56051_56049_83593_113201_146637_102703_102699_31205_52499_108171_50259_50263_92593_2439_1119_1121_89375_105709_105711_86345_86349_134707_102401_102405_100849_6495_177717_52855_141255_141251_94609_94613_5193_98505_79097_79093_149581_11785_111865_111861_101339_18149_25331_113665_21713_21711_149075_31427_127485_98677_98679_150595_85245_166395_83941_83937_124235_114515_44587_44589_43629_57103_18269_170977_70903_98167_106813_141863_28467_161959_161961_28433_111755_23005_15995_157139_157243_150509_109271_86151_47701_148811_148807_175517_151553_162053_30119_133397_126661_181105_9175_9179_66397_38505_158829_158835_149877_43989_60909_113197_138367_117801_86085_17649_17645_63927_63931_45787_62813_189_48483_148289_148291_110489_110493_42419_42421_145601_42793_120531_117281_91473_137073_137071_110201_15219_145899_145901_111187_45187_102627_102629_75753_75755_24395_24397_54955_100339_100337_92143_117901_115767_38185_51521_51525_2225_155655_154571_76913_76911_132123_165031_45467_45465_108979_108973_1385_160501_160497_48527_82505_82503_143965_1881_97599_24821_109645_67141_78795_78799_32465_32467_63673_87545_159325_159329_57047_4371_172697_167815_167817_177179_9507_9509_101517_64119_27063_27061_2499_23055_16095_16093_171151_168945_32371_32373_2617_174769_154041_154045_3993_3991_70775_123167_29987_63707_63703_117475_96735_66807_96897_155511_66753_66755_36755_36757_47997_15777_15775_77717_77721_172193_96107_161711_161717_93157_2473_109711_80849_69653_36527_115841_115843_123021_6695_12019_12021_48507_164441_133843_133839_70753_70757_63773_95595_79863_24415_24411_90477_24825_24827_51769_94217_94215_101033_168115_158451_841_16021_107223_107225_57379_69803_146153_163029_10715_21923_102243_109639_119659_119663_88469_63085_48355_48351_87515_87519_161903_135387_148357_148355_31741_11229_146479_146475_11043_37055_37051_104767_1069_1065_72799_60255_176943_176941_20273_152683_32109_32105_2309_133237_133239_174495_168007_168009_35157_8663_8659_175905_151413_64209_118571_118575_27753_105845_105843_91845_125971_58275_58279_12045_152015_129495_179141_171517_169567_107275_107277_132761_136031_134151_134155_7995_178317_167803_170467_137843_94651_34817_173997_173999_75513_65933_36401_123383_123379_77613_77611_112835_55369_72363_174193_168739_168735_41601_41603_8841_123545_94703_109635_169647_163213_673_121011_86327_86329_95669_107415_94405_24165_134853_22047_35901_47387_55455_15823_15819_111611_8977_35615_124127_30271_161641_170469_170471_51863_51859_46647_123345_150377_139641_139643_76687_114353_75325_88279_38319_38321_32069_56235_85779_128943_19673_111965_111963_145329_106043_49999_113891_102129_82459_82455_1761_28207_76069_91019_123201_162045_128939_145617_50483_90183_90185_158297_32885_32887_121031_121027_148725_101571_62649_62645_80001_60587_29537_29539_34325_12733_111919_111915_75453_6477_6479_59285_11745_19171_96535_96537_162831_162829_43281_43285_20875_68853_110587_41027_41023_162935_171455_171459_61245_33943_106551_23709_14101_153839_153841_69459_69463_113317_10063_12561_3325_95831_95833_41621_74899_74903_77255_77257_154837_21723_30017_30019_Position=16_Alignment=40M2I218M5I8M1I70M3I59M_ScaffoldSuperpaths=_OriginScaffoldPath=	Human	ncbi_virus	NA	99.671	99.671	Human papillomavirus	known_species
52	SRR7688450Score=654.933_Edges=13345_24207_45819_143383_115471_115467_41153_18247_11139_117615_117617_115755_22399_81809_81807_24479_66589_18079_53419_53421_87541_121075_69487_69491_142683_77923_130507_80883_80887_57899_41621_116045_127923_2159_2157_49943_Position=103_Alignment=258M5I8M1I70M5I59M_ScaffoldSuperpaths=_OriginScaffoldPath=	Human	ncbi_virus	NA	98.851	98.851	Human papillomavirus	known_species
53	SRR7688670Score=647.153_Edges=32117_28029_14169_14171_14329_13713_45063_10615_5439_48543_4625_16467_4151_17291_35497_35501_39151_39153_42329_42331_31609_3615_Position=114_Alignment=258M5I8M1I70M5I59M_ScaffoldSuperpaths=_OriginScaffoldPath=	Human	ncbi_virus	NA	100	100	Human papillomavirus	known_species
54	SRR13789777Score=628.432_Edges=188935_Position=5751_Alignment=40M2I122M1I96M3I8M2I70M2I59M_ScaffoldSuperpaths=_OriginScaffoldPath=	Human	ncbi_virus	NA	98.848	98.848	Human papillomavirus	known_species
55	SRR15442758Score=610.653_Edges=115215_12393_118317_118319_55151_127739_37691_Position=321_Alignment=40M2I82M1I144M3I70M4I59M_ScaffoldSuperpaths=_OriginScaffoldPath=	Human	ncbi_virus	NA	99.671	99.671	Gammapapillomavirus 22	known_species
56	SRR21010207Score=634.534_Edges=23_7_13_29_Position=84_Alignment=40M3I81M1D136M8I8M1I70M1D58M_ScaffoldSuperpaths=_OriginScaffoldPath=	Human	ncbi_virus	NA	100	100	Human papillomavirus	known_species
57	SRR3643321Score=588.039_Edges=4035_10339_10335_531_2355_5459_5049_2023_2025_6525_6527_1543_1541_10871_7157_12319_6579_397_1411_1413_6681_3623_3619_4385_4383_8107_4445_5157_775_781_13159_9443_9447_13285_13281_2179_5317_5901_5121_8189_12943_12947_Position=19_Alignment=40M1I81M1D41M1I95M7I8M1I70M1D35M2I23M_ScaffoldSuperpaths=_OriginScaffoldPath=	Human	ncbi_virus	NA	98.665	98.665	Human papillomavirus	known_species
58	SRR3643851Score=612.602_Edges=33487_39797_17347_13729_13725_21659_4733_39179_28117_32051_10475_40587_32769_32765_20047_32327_32325_45729_39977_3317_21323_30015_30017_45539_45535_31485_42269_35583_35581_Position=106_Alignment=40M2I122M1D95M4I8M2I70M3I59M_ScaffoldSuperpaths=_OriginScaffoldPath=	Human	ncbi_virus	NA	98.683	98.683	Human papillomavirus	known_species
59	SRR7688548Score=656.243_Edges=7171_Position=3017_Alignment=40M2I218M2I8M4I70M2I59M_ScaffoldSuperpaths=_OriginScaffoldPath=	Human	ncbi_virus	NA	100	100	Human papillomavirus	known_species
60	SRR7993224Score=645.573_Edges=5549_4813_4811_Position=1297_Alignment=121M1D136M7I8M3I70M1I59M_ScaffoldSuperpaths=_OriginScaffoldPath=	Human	ncbi_virus	NA	99.671	99.671	Human papillomavirus	known_species
61	ERR1924594Score=615.583_Edges=11_Position=2970_Alignment=40M1I218M4I8M2I70M2I59M_ScaffoldSuperpaths=_OriginScaffoldPath=	Rodent	ncbi_virus	NA	99.917	99.917	Human papillomavirus	known_species
62	SRR14825285Score=648.141_Edges=53_Position=1647_Alignment=40M2I81M1D136M7I8M2I70M1D58M_ScaffoldSuperpaths=_OriginScaffoldPath=	Human	ncbi_virus	NA	99.67	99.67	Betapapillomavirus 4	known_species
63	SRR15442217Score=613.049_Edges=7_3_7_Position=6542_Alignment=40M2I122M1D95M4I8M1I70M3I59M_ScaffoldSuperpaths=_OriginScaffoldPath=	Human	ncbi_virus	NA	99.752	99.752	Human papillomavirus	known_species
64	SRR1622873Score=578.308_Edges=6631_5941_10113_2433_2437_9391_9393_6555_15173_2603_7747_16547_16543_9697_2187_2189_6119_8231_8227_Position=50_Alignment=40M2I82M2I214M4I44M1I15M_ScaffoldSuperpaths=_OriginScaffoldPath=	Human	ncbi_virus	NA	99.398	99.398	Human papillomavirus 172	known_species
65	SRR1622899Score=618.187_Edges=3_Position=1368_Alignment=40M1I218M4I8M2I70M2I59M_ScaffoldSuperpaths=_OriginScaffoldPath=	Human	ncbi_virus	NA	99.587	99.587	Human papillomavirus	known_species
66	SRR17534862Score=613.109_Edges=81455_366769_366767_12913_12911_275391_275397_403871_87547_87545_222359_117687_223007_220443_329269_329265_394145_276377_77785_307099_148253_72977_123857_123853_63587_63591_133935_133937_286487_286485_32367_87371_87373_357793_263327_382783_60755_200315_Position=22_Alignment=258M3I8M4I70M2I59M_ScaffoldSuperpaths=_OriginScaffoldPath=	Human	ncbi_virus	NA	99.746	99.746	Gammapapillomavirus sp.	known_species
67	SRR22230823Score=648.611_Edges=375963_Position=3353_Alignment=40M2I81M1D136M6I8M1I70M1I59M_ScaffoldSuperpaths=_OriginScaffoldPath=	Human	ncbi_virus	NA	100	100	Human papillomavirus	known_species
68	SRR3643899Score=621.51_Edges=19727_56941_10761_2667_47283_51809_72311_72309_34921_21191_30165_30167_3525_22217_72369_72367_Position=289_Alignment=40M1I218M4I8M2I70M2I59M_ScaffoldSuperpaths=_OriginScaffoldPath=	Human	ncbi_virus	NA	98.762	98.762	Human papillomavirus	known_species
69	SRR6442942Score=642.489_Edges=49_Position=3307_Alignment=40M1I81M1D136M6I8M1I70M2I59M_ScaffoldSuperpaths=_OriginScaffoldPath=	Human	ncbi_virus	NA	100	100	Gammapapillomavirus 10	known_species
70	SRR7687731Score=651.443_Edges=39_Position=2903_Alignment=40M2I218M2I8M3I70M2I59M_ScaffoldSuperpaths=_OriginScaffoldPath=	Human	ncbi_virus	NA	100	100	Human papillomavirus 187	known_species
71	SRR7688412Score=657.777_Edges=2675_1843_1845_16333_18437_18433_8065_8063_6577_19833_19837_23623_23625_13109_10173_2751_2749_949_20137_20135_8173_8171_13553_13413_Position=1088_Alignment=121M1D136M5I8M1I70M4I59M_ScaffoldSuperpaths=_OriginScaffoldPath=	Human	novel	NA	NA	NA	NA	no_hit
72	SRR7688425Score=626.394_Edges=171_205_Position=544_Alignment=121M2I145M3I70M4I59M_ScaffoldSuperpaths=_OriginScaffoldPath=	Human	ncbi_virus	NA	92.245	92.245	Human papillomavirus	known_species
73	SRR7992584Score=604.766_Edges=70427_44457_44455_28541_20663_38965_38967_45067_36501_44807_13443_11373_11367_65705_65707_67517_50403_63107_11479_11477_23633_53739_Position=660_Alignment=40M2I81M1D136M6I8M1I104M1I25M_ScaffoldSuperpaths=_OriginScaffoldPath=	Human	ncbi_virus	NA	100	100	Human papillomavirus 65	known_species
74	ERR10856925Score=650.763_Edges=9_Position=1592_Alignment=40M1I81M1D40M1I96M7I8M1I70M1D58M_ScaffoldSuperpaths=_OriginScaffoldPath=	Human	ncbi_virus	NA	99.173	99.173	Betapapillomavirus 2	known_species
75	ERR3593824Score=638.356_Edges=3_Position=3586_Alignment=40M1I81M1D41M1I95M7I8M1I70M1D58M_ScaffoldSuperpaths=_OriginScaffoldPath=	Human	ncbi_virus	NA	100	100	Human papillomavirus 17	known_species
76	SRR14825200Score=647.391_Edges=5_143_Position=0_Alignment=40M2I81M1D136M7I8M1I70M1D58M_ScaffoldSuperpaths=_OriginScaffoldPath=	Human	ncbi_virus	NA	99.504	99.504	Human papillomavirus type 96	known_species
77	SRR15442206Score=635.781_Edges=13_Position=5165_Alignment=40M1I121M2D95M4I78M5I59M_ScaffoldSuperpaths=_OriginScaffoldPath=	Human	ncbi_virus	NA	99.338	99.338	Gammapapillomavirus 12	known_species
78	SRR15442469Score=642.481_Edges=21_35_37_3_7_45_Position=2234_Alignment=40M1I81M1D40M1I96M7I8M1I70M1D58M_ScaffoldSuperpaths=_OriginScaffoldPath=	Human	ncbi_virus	NA	99.917	99.917	Human papillomavirus;Human papillomavirus 122	known_species
79	SRR26848454Score=641.806_Edges=3_Position=3801_Alignment=40M1I81M1D136M7I8M1I129M_ScaffoldSuperpaths=_OriginScaffoldPath=	Human	ncbi_virus	NA	99.752	99.752	Human papillomavirus 134	known_species
80	SRR27078828Score=641.721_Edges=571_797_801_401_301_305_927_899_369_365_673_85_551_335_337_331_243_901_905_89_9_445_439_353_817_565_561_183_213_139_135_829_247_449_487_739_685_681_291_287_185_311_115_117_329_923_849_175_127_773_295_787_841_845_541_717_715_129_647_495_197_201_379_631_633_611_195_233_Position=3_Alignment=40M1I121M2D95M4I8M1I70M4I59M_ScaffoldSuperpaths=_OriginScaffoldPath=	Human	ncbi_virus	NA	99.504	99.504	Human papillomavirus 157	known_species
81	SRR6442934Score=631.612_Edges=11_Position=3363_Alignment=40M2I81M1D40M1D95M8I8M1I70M1D58M_ScaffoldSuperpaths=_OriginScaffoldPath=	Human	ncbi_virus	NA	100	100	human papillomavirus 108	known_species
82	SRR7688025Score=644.794_Edges=155_155_Position=6646_Alignment=40M1I81M1D136M7I8M1I129M_ScaffoldSuperpaths=_OriginScaffoldPath=	Human	ncbi_virus	NA	100	100	Human papillomavirus	known_species
83	SRR7688471Score=649.622_Edges=1493_1453_8799_11583_11577_6127_Position=416_Alignment=40M1I81M1D40M1I96M7I8M1I70M1D58M_ScaffoldSuperpaths=_OriginScaffoldPath=	Human	ncbi_virus	NA	97.512	97.512	Human papillomavirus 159	known_species
84	SRR7688519Score=628.224_Edges=217_Position=3282_Alignment=40M1I218M3I8M2I70M2I59M_ScaffoldSuperpaths=_OriginScaffoldPath=	Human	ncbi_virus	NA	100	100	Human papillomavirus	known_species
85	SRR7688520Score=643.631_Edges=169_29_Position=2335_Alignment=40M1I81M1D41M1I95M7I8M1I70M1D58M_ScaffoldSuperpaths=_OriginScaffoldPath=	Human	ncbi_virus	NA	97.684	97.684	Human papillomavirus	known_species
86	SRR7688538Score=637.321_Edges=1431_Position=877_Alignment=40M1I81M1D40M1I96M7I8M1I70M1D58M_ScaffoldSuperpaths=_OriginScaffoldPath=	Human	ncbi_virus	NA	100	100	Human papillomavirus 15	known_species
87	SRR7688716Score=633.648_Edges=10393_7071_13551_4479_2213_555_11623_11621_11943_1967_11807_13137_13139_4535_963_961_7183_11965_7619_4015_13737_13735_6089_6119_2393_4265_3085_5747_5743_14381_3819_7277_12485_5227_5231_12885_12883_4831_1053_12497_12499_4149_14107_12363_12361_675_673_3997_9591_14611_14613_10589_10591_13795_8527_10823_10827_9927_495_10241_4459_12257_12255_15335_11985_11987_8345_3195_14049_14051_10383_11463_13513_13515_4061_2881_12285_9265_9261_5123_9137_14417_14419_8691_7543_7173_6127_6425_6421_10993_797_3367_6323_4929_4931_10217_13633_13635_2267_14189_9227_9223_Position=108_Alignment=40M1I81M1D41M1I95M7I8M1I70M1D58M_ScaffoldSuperpaths=_OriginScaffoldPath=	Human	ncbi_virus	NA	98.083	98.083	Human papillomavirus 37	known_species
88	SRR7688828Score=654.507_Edges=1577_1581_3407_3403_3287_3285_4477_3949_3951_7381_3827_101_2895_3513_2461_2459_7139_325_6767_4711_4707_8549_7903_4543_1849_1851_2097_6701_2507_7629_8355_4963_8275_5813_7321_7325_5045_4343_6987_6985_4361_6207_3549_3551_5723_3115_7555_7559_2933_5555_2025_7861_4455_7997_7993_5477_5473_209_4589_4587_3767_2191_6315_6319_4265_4263_2537_7183_7181_4661_Position=36_Alignment=40M2I81M1D136M7I8M1I70M1D58M_ScaffoldSuperpaths=_OriginScaffoldPath=	Human	ncbi_virus	NA	94.789	94.789	Human papillomavirus	known_species
89	SRR13789499Score=654.387_Edges=106979_62563_Position=1286_Alignment=40M1I81M1D136M7I8M1I70M1D58M_ScaffoldSuperpaths=_OriginScaffoldPath=	Human	ncbi_virus	NA	93.952	93.952	Human papillomavirus 111	known_species
90	SRR13789795Score=655.793_Edges=105041_Position=1476_Alignment=40M2I81M1D40M1D95M7I8M1I70M1D58M_ScaffoldSuperpaths=_OriginScaffoldPath=	Human	ncbi_virus	NA	98.425	98.425	Human papillomavirus type 49	known_species
91	SRR26848400Score=649.6_Edges=39_37_107_109_47_Position=72_Alignment=40M1I81M1D136M7I8M1I70M1D58M_ScaffoldSuperpaths=_OriginScaffoldPath=	Human	ncbi_virus	NA	94.118	94.118	Human papillomavirus type 38b	known_species
92	SRR27078656Score=615.041_Edges=47_17_Position=4370_Alignment=40M2I121M2D95M4I78M3I59M_ScaffoldSuperpaths=_OriginScaffoldPath=	Human	ncbi_virus	NA	99.502	99.502	Human papillomavirus 179	known_species
93	SRR6442927Score=657.063_Edges=15_13_59_427_305_307_201_111_31_29_Position=74_Alignment=40M2I81M1D40M1D95M7I8M1I70M1D58M_ScaffoldSuperpaths=_OriginScaffoldPath=	Human	ncbi_virus	NA	92.786	92.786	human papillomavirus 75	known_species
94	SRR7687879Score=656.388_Edges=1201_11395_11393_Position=64_Alignment=121M1D136M7I8M1I129M_ScaffoldSuperpaths=_OriginScaffoldPath=	Human	ncbi_virus	NA	99.668	99.668	Human papillomavirus	known_species
95	SRR7688412Score=649.794_Edges=17845_24521_3287_Position=1237_Alignment=40M1D80M1D136M7I8M3I70M1D58M_ScaffoldSuperpaths=_OriginScaffoldPath=	Human	ncbi_virus	NA	94.444	94.444	Human papillomavirus 138	known_species
96	SRR7688451Score=624.794_Edges=3119_3117_5409_4493_4497_3689_3203_4641_4639_2581_1611_1409_1411_4865_4869_4431_4429_5201_5197_2409_1197_1199_1787_187_3403_521_523_2615_2613_1177_1175_4517_4519_541_543_1169_4099_999_3955_5057_4163_4165_3997_3999_13_4779_4245_5473_5471_1251_109_3937_1845_1097_707_709_773_1493_719_3605_4769_4765_79_2153_2151_3969_3973_2593_3555_5205_1995_1571_2523_2527_3111_Position=18_Alignment=40M1I81M1D41M1I95M7I8M1I69M2D58M_ScaffoldSuperpaths=_OriginScaffoldPath=	Human	ncbi_virus	NA	97.38	97.38	Human papillomavirus 110	known_species
97	SRR7688472Score=636.649_Edges=11685_11689_10051_14665_14667_16517_12779_12783_1291_15865_13961_2777_14277_2561_14805_13359_13361_6145_17999_14405_9003_8999_12929_15729_2169_2611_2613_14511_14509_6059_9797_18011_3559_11079_4877_4265_3847_3843_3_17769_11771_11773_5623_11237_7727_8785_8789_16361_10035_Position=4_Alignment=40M1I81M2I145M2I70M2I59M_ScaffoldSuperpaths=_OriginScaffoldPath=	Human	ncbi_virus	NA	99.916	99.916	Human papillomavirus	known_species
98	SRR7688475Score=660.189_Edges=30161_Position=743_Alignment=121M1D136M6I8M1I70M1I59M_ScaffoldSuperpaths=_OriginScaffoldPath=	Human	ncbi_virus	NA	100	100	Human papillomavirus	known_species
99	SRR7688479Score=639.571_Edges=177_175_Position=6314_Alignment=40M1I81M1D136M7I8M1I70M1D58M_ScaffoldSuperpaths=_OriginScaffoldPath=	Human	ncbi_virus	NA	98.17	98.17	Human papillomavirus	known_species
100	SRR7688536Score=628.272_Edges=15_Position=426_Alignment=40M2I82M2I144M1I70M2I59M_ScaffoldSuperpaths=_OriginScaffoldPath=	Human	ncbi_virus	NA	99.42	99.42	Human papillomavirus	known_species
101	SRR7688670Score=646.559_Edges=34373_Position=3015_Alignment=121M1D136M7I8M1I129M_ScaffoldSuperpaths=_OriginScaffoldPath=	Human	ncbi_virus	NA	99.585	99.585	Gammapapillomavirus sp.	known_species
102	SRR7992549Score=644.333_Edges=42391_37065_37067_33121_21993_11277_27095_27097_19597_19601_25049_25047_47923_51235_51239_68325_73321_73779_64785_74069_74065_859_29541_46065_30647_35405_68769_46163_15839_15835_55721_6739_Position=51_Alignment=40M2I218M4I8M1I129M_ScaffoldSuperpaths=_OriginScaffoldPath=	Human	ncbi_virus	NA	99.254	99.254	Human papillomavirus 201	known_species
103	SRR7993549Score=608.03_Edges=8351_8349_6141_11883_11879_16603_38333_38331_21923_21927_50101_50103_18105_53781_36339_36735_36727_12783_2829_24957_38715_33115_50791_50795_34043_Position=72_Alignment=40M1I81M1D136M7I8M1I70M1D58M_ScaffoldSuperpaths=_OriginScaffoldPath=	Human	ncbi_virus	NA	99.649	99.649	Human papillomavirus 38	known_species
104	ERR10187996Score=548.715_Edges=29_Position=1369_Alignment=40M1I70M1D10M1D41M2I95M5I8M3I68M3D58M_ScaffoldSuperpaths=_OriginScaffoldPath=	Bovine	ncbi_virus	NA	99.667	99.667	Bos taurus papillomavirus 7	known_species
105	ERR3675734Score=633.583_Edges=47_47_Position=6640_Alignment=40M1I82M2I40M1D95M1I8M1I70M2I59M_ScaffoldSuperpaths=_OriginScaffoldPath=	Metagenome	ncbi_virus	NA	97.589	97.589	Human papillomavirus type 60	known_species
106	SRR13790026Score=656.256_Edges=274073_274077_699233_Position=2583_Alignment=40M1I81M1D40M1D95M7I8M1I70M1D58M_ScaffoldSuperpaths=_OriginScaffoldPath=	Human	novel	NA	86.627	86.627	Human papillomavirus 152	new_species
107	SRR14825073Score=655.46_Edges=19_23_119_Position=1449_Alignment=40M1I81M1D136M7I78M1D58M_ScaffoldSuperpaths=_OriginScaffoldPath=	Human	ncbi_virus	NA	98.318	98.318	Human papillomavirus FA75/KI88-03	known_species
108	SRR1633029Score=627.82_Edges=14185_5997_Position=1271_Alignment=40M2I82M2I143M1D70M3I59M_ScaffoldSuperpaths=_OriginScaffoldPath=	Human	ncbi_virus	NA	97.672	97.672	Human papillomavirus	known_species
109	SRR22229426Score=612.642_Edges=368477_368479_201559_88347_165489_418957_355873_84951_404901_49553_311923_313213_382969_174769_174767_1743_143491_133017_286589_286591_1683_376699_132315_132311_400271_82355_310743_208963_208967_279623_343719_347903_43109_217139_12441_12443_265727_201807_201805_230897_211887_211885_382369_382371_407849_277599_310009_310011_348847_348849_22985_307943_307939_66015_66017_77283_303197_254699_307919_148659_150269_100925_100921_304573_150289_84101_229315_229313_Position=3_Alignment=40M2I81M2I144M1D70M3I59M_ScaffoldSuperpaths=_OriginScaffoldPath=	Human	ncbi_virus	NA	99.331	99.331	Human papillomavirus	known_species
110	ERR10187991Score=630.316_Edges=59_55_7_43_53_Position=86_Alignment=121M1D40M2D94M6I78M2I59M_ScaffoldSuperpaths=_OriginScaffoldPath=	Bovine	ncbi_virus	NA	97.417	97.417	Bos taurus papillomavirus 10	known_species
111	SRR7688431Score=627.936_Edges=41_43_169_Position=739_Alignment=121M2I40M2D103M2I70M3I59M_ScaffoldSuperpaths=_OriginScaffoldPath=	Human	ncbi_virus	NA	99.167	99.167	Human papillomavirus	known_species
112	SRR7688479Score=624.911_Edges=53_49_79_103_Position=1576_Alignment=40M2I82M2I143M1D70M2I59M_ScaffoldSuperpaths=_OriginScaffoldPath=	Human	ncbi_virus	NA	92.596	92.596	Human papillomavirus	known_species
113	SRR7992840Score=619.988_Edges=12381_33595_33591_77421_Position=607_Alignment=121M2I40M2D103M2I70M3I59M_ScaffoldSuperpaths=_OriginScaffoldPath=	Human	ncbi_virus	NA	99.417	99.417	Human papillomavirus	known_species
114	ERR10856944Score=631.489_Edges=37_Position=1519_Alignment=40M1I81M1D136M7I6M2D70M1D58M_ScaffoldSuperpaths=_OriginScaffoldPath=	Human	ncbi_virus	NA	98.747	98.747	Human papillomavirus 100	known_species
115	SRR6442967Score=630.653_Edges=171_Position=606_Alignment=40M1I218M3I6M2D70M2I59M_ScaffoldSuperpaths=_OriginScaffoldPath=	Human	ncbi_virus	NA	100	100	Human papillomavirus	known_species
116	SRR7688675Score=614.918_Edges=15_Position=1173_Alignment=122M2I39M2D103M1I70M3I59M_ScaffoldSuperpaths=_OriginScaffoldPath=	Human	ncbi_virus	NA	100	100	Human papillomavirus	known_species
117	SRR8649514Score=628.988_Edges=9_13_7_3_Position=147_Alignment=40M2I212M4I83M2D58M_ScaffoldSuperpaths=_OriginScaffoldPath=	Non-human Primate	ncbi_virus	NA	100	100	Callithrix penicillata papillomavirus type 1	known_species
118	ERR10857006Score=611.801_Edges=5_3_Position=1234_Alignment=122M2I39M2D103M1I70M2I59M_ScaffoldSuperpaths=_OriginScaffoldPath=	Human	ncbi_virus	NA	95.477	95.477	Human papillomavirus	known_species
119	ERR3974444Score=632.091_Edges=9_11_57_Position=59_Alignment=40M1I81M1D136M7I6M2D69M2D58M_ScaffoldSuperpaths=_OriginScaffoldPath=	Human	ncbi_virus	NA	98.576	98.576	Human papillomavirus 23	known_species
120	SRR14825291Score=638.564_Edges=65_11_15_7_55_41_Position=1612_Alignment=40M1I81M1D136M7I6M2D69M2D58M_ScaffoldSuperpaths=_OriginScaffoldPath=	Human	ncbi_virus	NA	93.484	93.484	Human papillomavirus	known_species
121	SRR5877174Score=613.053_Edges=3_Position=3322_Alignment=40M1I122M2D94M4I6M3D69M3I59M_ScaffoldSuperpaths=_OriginScaffoldPath=	Rodent	ncbi_virus	NA	99.581	99.581	Human papillomavirus	known_species
122	SRR7993543Score=634.356_Edges=21985_21983_18597_1255_1727_1729_10359_163_161_12813_12815_701_703_22163_4121_6041_19533_8957_8959_12573_20169_20165_4599_4601_5627_9775_2645_2641_3005_12025_16393_16391_18803_18805_20729_21337_21991_21993_3135_10147_11733_11731_965_1863_20203_20207_3921_21355_8655_8651_21681_18349_17521_7797_13591_13595_21123_16163_16161_19831_9467_2649_2323_1713_6051_22043_22045_4929_11871_12879_17137_20825_7395_7399_11145_999_7787_7791_18365_12053_12051_18997_2513_12227_14279_11745_14621_14617_11925_11921_745_10675_4591_10693_17183_17979_15039_15041_14081_13769_19657_19653_21085_18675_3915_3913_2161_7539_7541_17957_17959_14943_1833_1251_1249_17357_15149_9113_3751_22857_22861_10683_13783_147_11777_Position=7_Alignment=40M1I81M1D136M7I6M2D69M2D58M_ScaffoldSuperpaths=_OriginScaffoldPath=	Human	ncbi_virus	NA	99.916	99.916	Human papillomavirus 120	known_species
123	DRR013324Score=643.336_Edges=46461_38497_38495_7215_54627_47589_48051_48055_48307_36189_23745_9007_9005_55391_33585_50063_46859_51167_49357_18275_28425_1293_543_24235_16005_35333_20901_25617_4243_8007_8003_8417_50121_50119_27275_27277_10641_10647_3997_50471_50473_24573_33219_30873_30867_24099_24103_35483_38303_53387_38709_25613_13491_38487_1877_23727_36749_40499_43669_27119_38577_42645_54151_27243_27239_24077_16815_20883_12519_43435_19403_19409_31859_46037_4705_11059_21351_32051_32049_39095_51411_48921_45481_50949_23445_2177_28005_28007_43735_38623_10227_22075_22073_46107_46105_31307_28391_11777_31963_31967_13179_50097_23483_18207_15273_15267_25155_23533_42377_13121_4111_48043_33325_18063_38559_9703_9705_33999_42995_48915_32869_18923_35547_35545_17753_17751_27717_27715_4467_25031_25029_28333_4377_31999_9995_9999_20055_11749_9935_31185_31183_7021_11993_35149_55175_5093_42255_42251_6745_12729_49505_49503_4357_37801_32025_12041_13133_4107_14617_14615_55191_21239_21243_25185_40917_38575_31949_42595_42597_16913_21843_44791_10041_24401_24399_26893_33183_33185_13847_37381_37379_40141_37925_16625_16629_34315_34311_32471_9853_46047_43419_43417_31973_31975_8965_53779_44323_14129_38107_38105_3387_14799_14801_38811_47991_25573_3017_13749_13747_35283_44591_36717_6031_8665_42127_42123_52929_45757_33287_49033_54503_25179_37835_23405_54939_54941_37215_35637_29769_29771_12181_12185_40593_42097_15407_46357_46359_20717_50893_36521_7745_609_9571_1187_1191_13623_53289_53287_24031_24027_48759_2247_2251_40511_23645_23641_44165_38803_38807_34609_49445_49447_24875_43287_43285_3301_25629_19271_19277_49665_2835_40601_40607_39859_42891_40827_34765_34763_44675_30541_30543_15411_18891_20251_35645_35647_10825_35855_42261_42265_54387_35537_28899_53091_54557_22747_32813_32811_13763_13761_34587_23181_2583_36083_35349_35353_30481_52587_9033_35311_30917_53245_28123_36661_29361_29363_6253_39147_205_207_44635_54609_18935_18939_46701_8727_8725_12195_12189_37877_42583_42581_28733_34159_7143_32491_32493_4925_25873_46681_3023_39973_14065_48871_38307_12265_40169_23015_23003_16139_48011_48007_21823_14847_14843_6051_6047_28359_23451_43499_52627_49653_49651_43457_27391_27387_9003_38665_7723_16323_21707_21705_54885_44349_11983_11985_12677_21611_21613_49759_22661_20147_20145_34227_11773_48687_1835_13047_13467_43137_50089_38929_46085_46087_9861_46689_24321_24325_42299_Position=20_Alignment=40M4I226M1I68M3D58M_ScaffoldSuperpaths=_OriginScaffoldPath=	Human	ncbi_virus	NA	98.653	98.653	human papillomavirus 52	known_species
124	SRR20744554Score=623.582_Edges=155_177_Position=1440_Alignment=40M2I226M1I70M1D58M_ScaffoldSuperpaths=_OriginScaffoldPath=	Human	ncbi_virus	NA	100	100	Human papillomavirus	known_species
125	SRR3187094Score=626.536_Edges=258423_152355_107543_355905_155297_239743_239747_315497_138969_113039_91579_91581_254415_188725_188721_247861_370701_144311_144309_87477_105683_105685_205229_428347_284227_474397_277953_277949_502551_380031_48327_474949_367965_211825_124497_248561_176505_457161_457165_6489_6493_339463_490861_490859_113339_513215_171067_171069_234669_163969_159697_100139_382041_418875_418877_368879_5289_279081_279085_28951_347447_347443_483757_483755_157029_208937_16937_16939_319757_290387_172401_522733_77541_264587_116139_166027_310415_20613_269151_19477_19481_406385_264749_264747_148841_148837_480133_408343_28911_213191_205175_361457_361459_301857_349871_349875_71749_340987_458605_458607_356265_451129_26051_475369_475371_157213_386767_386765_257823_33319_152971_152969_497377_263301_263297_426775_18705_87251_92861_92863_454297_454299_13015_165797_344455_344457_471221_226061_226059_445673_14707_145051_145053_93575_190273_190277_Position=3_Alignment=40M1I81M1D136M4I7M1D70M1D58M_ScaffoldSuperpaths=_OriginScaffoldPath=	Human	ncbi_virus	NA	97.815	97.815	Human papillomavirus 165	known_species
126	SRR4003741Score=647.743_Edges=73_77_Position=335_Alignment=40M1I224M1D71M2I59M_ScaffoldSuperpaths=_OriginScaffoldPath=	Human	ncbi_virus	NA	93.771	93.771	Human papillomavirus 16	known_species
127	SRR7875388Score=564.13_Edges=41_53_47_17_15_29_33_Position=2624_Alignment=40M1I25M1I56M2I43M1D99M3D69M2I59M_ScaffoldSuperpaths=_OriginScaffoldPath=	Bovine	novel	NA	NA	NA	NA	no_hit
128	SRR7992536Score=617.441_Edges=85363_34893_6797_89541_89537_120413_66393_66395_80141_35531_39591_76849_76847_18975_56715_130325_131475_131471_44265_141853_51603_43035_114253_80179_97021_97017_118997_154239_154237_50725_141037_32161_139877_32029_70289_27453_83971_154051_154055_144791_108959_102457_102453_109587_97321_2013_138959_1863_25381_25379_64529_62087_117739_43517_43521_63825_46295_46293_66263_121913_123979_123975_13881_66929_55217_55213_116367_145145_145141_92613_92617_22355_123949_123945_152089_39995_149619_149615_8259_8255_15473_25493_25495_101153_72589_72587_119283_119279_24705_9367_9371_100345_100347_119777_62851_45893_35481_106583_106585_67907_67905_45763_45767_25457_76291_76287_135133_135131_108067_15791_140261_4399_22147_50623_13031_134917_29439_39571_80289_711_707_107919_148629_43907_138767_138769_97965_1141_1145_19421_7277_7275_37805_37801_96073_93127_36109_71207_71205_59183_59181_67919_14253_14251_41223_41227_119887_67121_74555_74559_138725_22937_141161_128885_128881_128701_21429_21427_43577_135887_1781_1779_95159_95161_45117_121955_139727_149185_45859_45857_92159_92163_75367_76495_50707_50711_41969_41965_52001_101303_56635_94125_31229_106129_106131_27529_27531_118107_52139_103145_2737_2741_83479_103173_35237_Position=30_Alignment=162M2D102M2I70M2I59M_ScaffoldSuperpaths=_OriginScaffoldPath=	Human	ncbi_virus	NA	99.832	99.832	Human papillomavirus	known_species
129	DRR472339Score=633.882_Edges=267_691_689_631_637_821_743_Position=1426_Alignment=40M4I75M1D150M1I68M3D58M_ScaffoldSuperpaths=_OriginScaffoldPath=	Human	ncbi_virus	NA	99.455	99.455	human papillomavirus 87	known_species
130	DRR472382Score=633.402_Edges=81_119_121_267_357_359_507_185_183_285_287_193_33_31_585_573_223_595_599_485_455_385_389_505_463_467_125_377_235_231_101_103_391_Position=17_Alignment=40M2I81M1D144M1I70M1D58M_ScaffoldSuperpaths=_OriginScaffoldPath=	Human	ncbi_virus	NA	97.08	97.08	human papillomavirus 89	known_species
131	ERR10188193Score=619.587_Edges=35_Position=1373_Alignment=40M1D120M2D95M5I6M3D69M2I59M_ScaffoldSuperpaths=_OriginScaffoldPath=	Bovine	ncbi_virus	NA	99.916	99.916	Bos taurus papillomavirus 6	known_species
132	SRR1647127Score=632.854_Edges=3_Position=4260_Alignment=40M2I81M2I143M3D128M_ScaffoldSuperpaths=_OriginScaffoldPath=	Human	ncbi_virus	NA	99.916	99.916	Papillomavirus felis8233a	known_species
133	DRR013327Score=635.976_Edges=425_633_635_311_275_231_531_299_293_569_343_339_47_45_51_557_705_199_315_709_711_65_69_521_187_269_255_183_445_443_437_Position=27_Alignment=40M4I224M1D69M3D58M_ScaffoldSuperpaths=_OriginScaffoldPath=	Human	ncbi_virus	NA	92.159	92.159	human papillomavirus 52	known_species
134	DRR472273Score=628.883_Edges=21_29_41_3_Position=44_Alignment=40M2I226M1I68M3D58M_ScaffoldSuperpaths=_OriginScaffoldPath=	Human	ncbi_virus	NA	99.747	99.747	Human papillomavirus type 90	known_species
135	DRR472309Score=640.808_Edges=1167_1265_1241_1243_255_1223_1675_1673_113_889_887_1633_1319_153_1179_1177_1379_273_35_31_1683_1681_977_979_135_393_1789_991_1737_1733_181_417_1217_727_595_987_1145_1141_189_605_405_1125_1123_847_1505_115_1387_1389_1559_1039_1485_1139_643_641_333_1625_705_625_1345_1707_243_241_1187_1527_1531_131_127_1171_1173_187_1619_1621_581_585_1087_1517_455_1067_1063_871_867_775_633_1715_1207_1205_1591_211_207_27_1375_383_379_759_557_559_1493_1561_1563_881_141_1151_903_1469_1197_1667_1663_561_851_853_29_171_173_1745_1747_1755_837_839_967_1555_1557_1253_1479_1475_589_649_645_1629_1029_1033_791_1305_1301_957_105_1537_1535_1251_309_1311_1307_1797_1705_349_807_165_161_1053_1049_657_307_377_71_1651_981_1273_1275_1055_619_623_Position=20_Alignment=40M5I81M1D143M1D68M3D58M_ScaffoldSuperpaths=_OriginScaffoldPath=	Human	ncbi_virus	NA	98.42	98.42	Human papillomavirus	known_species
136	DRR472478Score=630.265_Edges=361_679_677_443_853_849_143_49_47_205_809_27_23_293_289_413_411_391_31_345_129_125_85_89_689_155_587_695_693_207_363_845_335_855_859_501_473_475_743_507_767_217_61_3_15_13_307_309_747_745_483_485_17_275_271_801_729_463_831_59_547_703_701_497_491_685_321_699_435_381_385_777_835_147_149_255_251_839_795_625_631_21_597_825_821_643_609_373_115_301_303_395_577_575_541_529_519_555_797_567_45_231_229_445_195_191_619_377_827_829_709_707_459_357_591_Position=17_Alignment=40M2I226M1I68M3D58M_ScaffoldSuperpaths=_OriginScaffoldPath=	Human	ncbi_virus	NA	98.818	98.818	human papillomavirus 71	known_species
137	SRR3642511Score=576.802_Edges=85487_84723_84727_39119_39123_97057_Position=65_Alignment=40M2I122M1D95M7I8M3I70M5I43M16D_ScaffoldSuperpaths=_OriginScaffoldPath=	Human	ncbi_virus	NA	97.175	97.175	Gammapapillomavirus 8	known_species
138	DRR472266Score=638.763_Edges=69_47_119_123_87_169_163_147_149_133_Position=197_Alignment=40M2I81M1D144M1I68M3D58M_ScaffoldSuperpaths=_OriginScaffoldPath=	Human	novel	NA	87.953	87.953	human papillomavirus 72	new_species
139	DRR472272Score=636.989_Edges=37_Position=1493_Alignment=40M2I224M1D70M2D58M_ScaffoldSuperpaths=_OriginScaffoldPath=	Human	ncbi_virus	NA	100	100	human papillomavirus 31	known_species
140	DRR472352Score=621.552_Edges=23_17_33_43_Position=34_Alignment=40M2I122M2D100M1D130M_ScaffoldSuperpaths=_OriginScaffoldPath=	Human	ncbi_virus	NA	99.831	99.831	Human papillomavirus type 34	known_species
141	DRR472476Score=622.636_Edges=15_59_63_69_13_Position=61_Alignment=40M3I81M1D143M1D69M2D58M_ScaffoldSuperpaths=_OriginScaffoldPath=	Human	ncbi_virus	NA	100	100	Human papillomavirus type 61	known_species
142	DRR472482Score=615.611_Edges=17_21_Position=6217_Alignment=40M2I122M1D102M1D70M1D58M_ScaffoldSuperpaths=_OriginScaffoldPath=	Human	novel	NA	89.514	89.514	human papillomavirus 58	new_species
143	DRR472557Score=625.894_Edges=95_65_67_123_155_45_151_87_83_85_27_9_169_171_79_133_145_159_77_209_Position=33_Alignment=40M1I224M1D71M1D58M_ScaffoldSuperpaths=_OriginScaffoldPath=	Human	ncbi_virus	NA	99.831	99.831	human papillomavirus 18	known_species
144	DRR472567Score=616.958_Edges=69_65_73_31_57_Position=24_Alignment=336M1D58M_ScaffoldSuperpaths=_OriginScaffoldPath=	Human	ncbi_virus	NA	99.915	99.915	human papillomavirus 82	known_species
145	ERR11319169Score=616.706_Edges=11_3_Position=78_Alignment=336M1D58M_ScaffoldSuperpaths=_OriginScaffoldPath=	Human	ncbi_virus	NA	93.559	93.559	human papillomavirus 51	known_species
146	ERR3395892Score=631.576_Edges=261_255_381_Position=601_Alignment=40M1I224M1D71M1D58M_ScaffoldSuperpaths=_OriginScaffoldPath=	Other	ncbi_virus	NA	99.915	99.915	human papillomavirus 68	known_species
147	SRR14663259Score=651.104_Edges=185_Position=2227_Alignment=266M1I69M2D58M_ScaffoldSuperpaths=_OriginScaffoldPath=	Ursine	ncbi_virus	NA	99.831	99.831	Ailuropoda melanoleuca papillomavirus 1	known_species
148	SRR4003741Score=636.685_Edges=61_77_Position=879_Alignment=40M1D223M2D70M2I59M_ScaffoldSuperpaths=_OriginScaffoldPath=	Human	ncbi_virus	NA	99.831	99.831	human papillomavirus 74	known_species
149	SRR7688548Score=603.491_Edges=1533_1537_2677_Position=12_Alignment=3M5D32M2I81M1I144M1D70M2I59M_ScaffoldSuperpaths=_OriginScaffoldPath=	Human	ncbi_virus	NA	99.915	99.915	Human papillomavirus 175	known_species
150	SRR7688722Score=627.838_Edges=112777_319037_Position=27_Alignment=40M2I75M1D150M1I68M3D58M_ScaffoldSuperpaths=_OriginScaffoldPath=	Human	ncbi_virus	NA	99.831	99.831	human papillomavirus 81	known_species
151	SRR8290149Score=633.865_Edges=73_77_51_47_121_Position=439_Alignment=40M1I224M1D71M1D58M_ScaffoldSuperpaths=_OriginScaffoldPath=	Human	blastn	NA	90.238	90.238	human papillomavirus 59	known_species
152	DRR472379Score=641.782_Edges=13_1743_1149_1765_169_1835_1295_35_1687_1689_1117_739_743_1301_1327_1669_1665_317_309_973_975_711_1863_463_1325_1227_901_1723_1829_517_1581_1579_859_1341_1337_1111_1161_1167_1673_77_79_761_763_1349_911_213_1077_1081_289_559_1505_1501_1061_393_669_111_515_563_625_691_687_615_755_757_1607_87_1757_1751_479_29_31_193_1709_255_1065_59_1369_1619_725_1721_1717_1837_299_1571_1727_1481_1479_1591_1491_1493_1009_1003_843_1741_1211_1649_889_967_1435_1595_75_23_1605_5_1139_1879_887_321_323_1177_11_827_823_39_1417_1113_1091_1093_797_1089_303_1243_597_1279_1367_1363_27_1841_789_787_1075_765_451_1487_1371_963_701_705_119_579_581_325_1633_1265_1267_491_151_1329_1331_1521_1517_453_1251_1257_1573_507_249_917_921_929_457_1627_1629_1083_1587_991_1761_1895_1889_181_719_895_891_1793_1683_1565_1535_1533_291_849_159_471_1611_1845_1453_745_747_7_373_899_897_1851_Position=29_Alignment=40M1I75M1D148M1D71M1D58M_ScaffoldSuperpaths=_OriginScaffoldPath=	Human	ncbi_virus	NA	98.472	98.472	human papillomavirus 39	known_species
153	DRR472417Score=625.665_Edges=65_61_127_39_3_33_105_107_57_109_125_145_19_199_167_27_29_115_119_21_195_197_191_187_183_93_37_75_139_Position=120_Alignment=40M1I81M1D144M1I68M3D58M_ScaffoldSuperpaths=_OriginScaffoldPath=	Human	ncbi_virus	NA	99.661	99.661	human papillomavirus 62	known_species
154	ERR11318379Score=639.119_Edges=23_65_73_77_59_27_5_3_91_43_41_31_13_11_Position=22_Alignment=40M2I225M1D68M3D58M_ScaffoldSuperpaths=_OriginScaffoldPath=	Human	ncbi_virus	NA	100	100	human papillomavirus 67	known_species
155	ERR140767Score=633.464_Edges=65_45_103_105_Position=28_Alignment=40M2I81M1D212M3D58M_ScaffoldSuperpaths=_OriginScaffoldPath=	Other	ncbi_virus	NA	90.323	90.323	human papillomavirus 89	known_species
156	ERR4605202Score=569.661_Edges=81787_149999_48639_70255_75613_76261_11107_11111_92155_92159_90369_38019_38015_8483_108827_41813_24685_8221_8217_107647_107645_76923_50775_106989_30923_49321_45135_130459_18171_12155_45035_145065_124341_31_23_139881_92511_Position=289_Alignment=40M1I122M1D103M2I68M3D26M1D31M_ScaffoldSuperpaths=_OriginScaffoldPath=	Human	ncbi_virus	NA	99.54	99.54	Human papillomavirus 3	known_species
157	SRR14663259Score=635.872_Edges=193_355_483_55_151_101_99_179_223_445_443_231_439_21_221_219_227_27_23_515_459_79_81_11_43_51_53_377_69_73_283_243_479_481_141_147_509_507_275_271_249_361_359_323_325_215_291_287_183_335_337_555_165_161_131_129_265_301_77_241_Position=6_Alignment=266M1I68M3D58M_ScaffoldSuperpaths=_OriginScaffoldPath=	Ursine	ncbi_virus	NA	99.321	99.321	Ailuropoda melanoleuca papillomavirus 2	known_species
158	SRR21010201Score=652.499_Edges=5045_5041_10645_10641_5443_13885_6901_3689_859_855_2707_14737_10619_10623_2577_3545_5835_5839_10859_10861_7199_4767_13649_4263_13723_5361_11031_11027_8589_14713_13673_14909_12751_12755_8003_1947_14025_12009_5933_8543_8539_11945_333_8487_3841_1077_1071_5831_5827_9207_9287_2219_2015_3093_13621_13625_5661_12737_2789_11883_11881_2229_1387_12599_12595_4825_3867_7635_7639_835_10827_3511_13201_3699_3703_235_233_12785_10121_10125_Position=25_Alignment=40M1I224M1D70M2D58M_ScaffoldSuperpaths=_OriginScaffoldPath=	Human	ncbi_virus	NA	92.621	92.621	Human papillomavirus 16	known_species
159	SRR21010214Score=616.545_Edges=225_397_479_129_131_527_567_207_339_333_83_79_291_149_153_159_155_351_353_409_229_217_261_Position=153_Alignment=265M1D70M1D58M_ScaffoldSuperpaths=_OriginScaffoldPath=	Human	ncbi_virus	NA	99.406	99.406	human papillomavirus 43	known_species
160	SRR6442915Score=610.008_Edges=439_441_59_85_87_287_289_301_367_133_341_387_487_489_349_51_231_233_345_347_405_401_435_355_183_187_171_97_39_27_115_113_121_35_37_3_373_77_15_17_195_127_461_421_227_223_305_285_451_445_67_325_331_379_375_137_141_143_415_Position=36_Alignment=264M1D71M1D58M_ScaffoldSuperpaths=_OriginScaffoldPath=	Human	ncbi_virus	NA	99.491	99.491	human papillomavirus 91	known_species
161	DRR125339Score=626.655_Edges=31_33_23_15_17_5_41_Position=2558_Alignment=40M2I122M1D101M1D69M3D58M_ScaffoldSuperpaths=_OriginScaffoldPath=	Human	ncbi_virus	NA	99.915	99.915	human papillomavirus 58	known_species
162	DRR472268Score=631.566_Edges=7_31_29_Position=3_Alignment=162M2D102M2I68M3D58M_ScaffoldSuperpaths=_OriginScaffoldPath=	Human	ncbi_virus	NA	97.026	97.026	Human papillomavirus	known_species
163	DRR472268Score=632.85_Edges=5_31_29_Position=3_Alignment=162M2D102M2I68M3D58M_ScaffoldSuperpaths=_OriginScaffoldPath=	Human	ncbi_virus	NA	100	100	human papillomavirus 32	known_species
164	SRR1647024Score=590.681_Edges=451_1593_1407_2327_1825_1823_153_1677_1679_1791_1477_1301_2037_3245_3241_2429_Position=72_Alignment=121M2I40M2D103M2I70M3I46M8D5M_ScaffoldSuperpaths=_OriginScaffoldPath=	Human	ncbi_virus	NA	99.914	99.914	Human papillomavirus	known_species
165	SRR20326686Score=631.999_Edges=3262529_2620809_Position=3144_Alignment=40M1D294M2D58M_ScaffoldSuperpaths=_OriginScaffoldPath=	Canine	ncbi_virus	NA	99.745	99.745	Canine papillomavirus 22	known_species
166	SRR20718572Score=629.693_Edges=7_Position=6376_Alignment=40M1I122M1D171M3D58M_ScaffoldSuperpaths=_OriginScaffoldPath=	Metagenome	ncbi_virus	NA	99.575	99.575	Human papillomavirus 28	known_species
167	SRR4003766Score=634.255_Edges=4439_13203_13205_3041_10979_18461_15833_15835_9255_16837_8023_8027_16995_11347_5_7_7215_9641_9643_14831_2807_2811_Position=1_Alignment=40M2I224M3D68M2D58M_ScaffoldSuperpaths=_OriginScaffoldPath=	Human	ncbi_virus	NA	90.816	90.816	human papillomavirus 35	known_species
168	SRR6308220Score=638.361_Edges=49_61_55_Position=388_Alignment=40M1I225M1D68M3D58M_ScaffoldSuperpaths=_OriginScaffoldPath=	Human	ncbi_virus	NA	99.915	99.915	Human papillomavirus	known_species
169	DRR472369Score=629.744_Edges=11_7_Position=1051_Alignment=264M1D69M3D58M_ScaffoldSuperpaths=_OriginScaffoldPath=	Human	novel	NA	89.411	89.411	Human papillomavirus	new_species
170	DRR472437Score=635.08_Edges=517_519_229_363_367_Position=64_Alignment=265M1D68M3D58M_ScaffoldSuperpaths=_OriginScaffoldPath=	Human	ncbi_virus	NA	99.829	99.829	human papillomavirus 56	known_species
171	DRR472578Score=629.272_Edges=39_19_15_3_7_Position=83_Alignment=265M1D68M3D58M_ScaffoldSuperpaths=_OriginScaffoldPath=	Human	ncbi_virus	NA	97.783	97.783	human papillomavirus 66	known_species
172	SRR21604199Score=639.301_Edges=147_117_23_205_73_83_139_Position=2806_Alignment=121M1D40M2D100M1D130M_ScaffoldSuperpaths=_OriginScaffoldPath=	Human	novel	NA	87.774	87.774	human papillomavirus 73	new_species
173	DRR472375Score=633.322_Edges=325_235_51_49_219_217_165_209_27_25_229_231_193_67_339_81_93_95_227_199_195_205_353_47_151_153_7_357_175_111_109_23_239_237_291_129_295_307_135_43_39_349_69_321_Position=2_Alignment=40M1D224M1D68M3D58M_ScaffoldSuperpaths=_OriginScaffoldPath=	Human	ncbi_virus	NA	99.316	99.316	Human papillomavirus	known_species
174	DRR472384Score=625.171_Edges=7_19_11_Position=2545_Alignment=40M1D80M1D142M1D70M2D58M_ScaffoldSuperpaths=_OriginScaffoldPath=	Human	ncbi_virus	NA	95.103	95.103	Human papillomavirus type 6	known_species
175	ERR1192687Score=632.098_Edges=57_Position=658_Alignment=40M1D224M1D68M3D58M_ScaffoldSuperpaths=_OriginScaffoldPath=	Other	ncbi_virus	NA	99.915	99.915	human papillomavirus 11	known_species
176	ERR10187991Score=576.327_Edges=23_Position=5762_Alignment=40M4D221M1D70M1D58M_ScaffoldSuperpaths=_OriginScaffoldPath=	Bovine	ncbi_virus	NA	100	100	Bos taurus papillomavirus 8	known_species
177	ERR3163150Score=609.111_Edges=4545_2719_2923_5115_5439_1579_3159_3163_2445_2449_2247_4609_4613_1301_3365_2001_2005_6027_3619_3621_1309_5111_5009_6409_3935_1351_5999_7003_7001_6943_3445_449_453_4519_4515_5231_5227_1025_3395_1897_645_649_3239_7105_5713_5715_1339_1121_1721_3943_7213_2301_5719_5721_2031_5957_1153_7159_4167_345_343_6965_4677_4363_5019_265_263_3483_3485_7131_2223_2433_3183_3179_85_5031_5033_1867_6017_2615_553_1317_1315_4301_4647_3237_2459_6337_6331_7005_6315_5205_4595_4591_789_787_989_987_5519_4281_Position=0_Alignment=8M4D28M1I224M1D70M2D58M_ScaffoldSuperpaths=_OriginScaffoldPath=	Human	ncbi_virus	NA	98.759	98.759	Human papillomavirus 16	known_species
178	SRR20621228Score=365.818_Edges=3_Position=4117_Alignment=40M5D27M1I49M9I73M3I17M2I40M15D70M1D58M_ScaffoldSuperpaths=_OriginScaffoldPath=	Ray-finned Fish	ncbi_virus	NA	90.497	90.497	Oncorhynchus mykiss-associated papillomavirus 1	known_species
179	SRR6442979Score=613.837_Edges=205_35_203_199_111_113_49_51_155_149_193_197_227_233_237_71_9_169_17_19_29_243_25_173_135_133_13_125_161_81_Position=18_Alignment=40M1I81M2D39M1D101M2D69M2D58M_ScaffoldSuperpaths=_OriginScaffoldPath=	Human	ncbi_virus	NA	99.829	99.829	human papillomavirus 27	known_species
180	ERR2643802Score=617.033_Edges=33_17_9_7_Position=715_Alignment=115M2D45M1D101M2D68M3D58M_ScaffoldSuperpaths=_OriginScaffoldPath=	Other	ncbi_virus	NA	99.828	99.828	Human papillomavirus type 2	known_species
181	SRR14731653Score=259.03_Edges=57_77_81_7_27_Position=1408_Alignment=40M2D35M1D33M15D32M18I18M3I19M1D15M3I48M13D63M7D53M_ScaffoldSuperpaths=_OriginScaffoldPath=	Amphibian	novel	NA	NA	NA	NA	no_hit
182	SRR6757686Score=662.994_Edges=19_Position=1408_Alignment=40M2I81M1D136M6I8M1I70M1I59M_ScaffoldSuperpaths=_OriginScaffoldPath=	Human	ncbi_virus	NA	93.642	93.642	Human papillomavirus 173	known_species
183	SRR24184635SRR24184635Score=265.377_Edges=3_Position=4776_Alignment=38M6D26M1D44M13D30M17I18M7I19M1D15M3I46M14D64M8D52M_ScaffoldSuperpaths=_OriginScaffoldPath=	Amphibian	novel	NA	NA	NA	NA	no_hit
184	SRR6897361Score=556.548_Edges=9_11_3_Position=331_Alignment=40M1D81M1I34M1D95M2I82M3D44M14D_ScaffoldSuperpaths=_OriginScaffoldPath=	Human	ncbi_virus	NA	98.068	98.068	Mupapillomavirus 1	known_species
185	ERR10188009_10374_ka_f_7.625_:99-1295	Bovine	novel	NA	NA	NA	NA	no_hit
186	ERR10188114_7499_ka_f_11.335_:84-1256	Bovine	novel	NA	NA	NA	NA	no_hit
187	ERR10432978_2790_ka_f_14.533_:162-1373	Human	ncbi_virus	NA	99.67	99.67	Human papillomavirus AZ1_1	known_species
188	ERR10856925_31322_ka_f_19.840_L_705145_L_705145_L_1078781_:84-1295	Human	ncbi_virus	NA	99.339	99.339	Human papillomavirus	known_species
189	ERR10856926_1044_ka_f_18.115_L_17040_:96-1316	Human	ncbi_virus	NA	99.836	99.836	human papillomavirus 124	known_species
190	ERR10857004_984_ka_f_16.310_L_75025_L_75861_L_83878_L_83905_:126-1346	Human	ncbi_virus	NA	98.852	98.852	Human papillomavirus type 195	known_species
191	ERR10972965_850882_ka_f_787.436_L_850882_L_850882_:60-1253	Non-human Primate	novel	NA	NA	NA	NA	no_hit
192	ERR11284570_1952759_ka_f_155.044_L_6272680_L_4729108_:27-1211	Canine	novel	NA	70.188	70.188	Ursus maritimus papillomavirus 1	new_species
193	ERR11284571_517618_ka_f_12.652_L_517618_L_517618_:129-1346	Canine	ncbi_virus	NA	99.425	99.425	Human papillomavirus	known_species
194	ERR11835931_102475_ka_f_41.972_L_102475_L_102475_:141-1355	Human	ncbi_virus	NA	96.787	96.787	Human papillomavirus 189	known_species
195	ERR12161546_300751_ka_f_9.971_L_575451_L_2785324_:234-1418	Human	ncbi_virus	NA	99.831	99.831	human papillomavirus 72	known_species
196	ERR1301474_1788_ka_f_8.370_:57-1247	Bat	novel	NA	NA	NA	NA	no_hit
197	ERR1332602_9125_ka_f_52.351_L_268935_L_498139_L_273290_:90-1277	Metagenome	ncbi_virus	NA	99.832	99.832	Human papillomavirus 142	known_species
198	ERR2059962_465_ka_f_17.246_L_465_L_465_:84-1289	Rodent	ncbi_virus	NA	99.004	99.004	Human papillomavirus 174	known_species
199	ERR2535153_5112_ka_f_13.615_:69-1265	Human	ncbi_virus	NA	97.324	97.324	Human papillomavirus	known_species
200	ERR3209767_28455_ka_f_8.940_:60-1286	Metagenome	ncbi_virus	NA	97.961	97.961	Human papillomavirus	known_species
201	ERR3209772_35041_ka_f_17.271_L_102738_L_388072_L_393538_:114-1322	Metagenome	ncbi_virus	NA	96.854	96.854	Human papillomavirus 113	known_species
202	ERR3209800_23190_ka_f_13.199_L_23190_L_23190_:141-1334	Metagenome	ncbi_virus	NA	96.396	96.396	Human papillomavirus 22	known_species
203	ERR3500861_2179_ka_f_5.562_:84-1265	Human	ncbi_virus	NA	99.915	99.915	Human papillomavirus type 26	known_species
204	ERR361035_246_ka_f_6.100_:96-1292	Other	ncbi_virus	NA	99.833	99.833	Papillomavirus sparus5623	known_species
205	ERR3974430_3539_ka_f_11.528_L_13581_:48-1256	Human	ncbi_virus	NA	98.427	98.427	Human papillomavirus	known_species
206	ERR3974441_4375_ka_f_12.491_L_528352_L_3944_L_487618_:90-1301	Human	ncbi_virus	NA	99.835	99.835	Human papillomavirus type 92	known_species
207	ERR4982086_1856_ka_f_57.439_L_1856_L_1856_:93-1310	Human	novel	NA	80	80	Human papillomavirus	new_species
208	ERR6996342_754_ka_f_25.565_L_754_L_754_:114-1319	Human	ncbi_virus	NA	99.502	99.502	Human papillomavirus 107	known_species
209	ERR7437619_213681_ka_f_8.035_L_29300_:60-1253	Human	ncbi_virus	NA	98.24	98.24	Human papillomavirus	known_species
210	ERR7437639_8860_ka_f_7.200_:141-1352	Human	ncbi_virus	NA	99.009	99.009	Human papillomavirus 109	known_species
211	ERR8027622_16371_ka_f_9.465_:81-1304	Human	ncbi_virus	NA	99.101	99.101	Human papillomavirus	known_species
212	ERR8507462_253402_ka_f_4.300_:69-1277	Human	ncbi_virus	NA	99.917	99.917	Human papillomavirus	known_species
213	ERR9287091_1241_ka_f_12.847_:96-1313	Porcine	ncbi_virus	NA	99.096	99.096	Human papillomavirus 167	known_species
214	SRR10176819_14429_ka_f_8.368_:69-1289	Human	ncbi_virus	NA	98.197	98.197	Human papillomavirus	known_species
215	SRR10419372_36989_ka_f_19.719_L_36989_L_36989_:153-1361	Other	ncbi_virus	NA	99.669	99.669	Human papillomavirus	known_species
216	SRR10674799_1934125_ka_f_20.693_L_2122327_:135-1274	Rodent	ncbi_virus	NA	99.298	99.298	Human papillomavirus type 88	known_species
217	SRR12051941_3354_ka_f_209.015_L_34999_L_165886_:123-1298	Human	ncbi_virus	NA	99.915	99.915	Human papillomavirus	known_species
218	SRR12091766_1757_ka_f_41.192_L_1757_L_1757_:75-1283	Other	ncbi_virus	NA	100	100	Macaca mulatta papillomavirus 5	known_species
219	SRR12173447_1603609_ka_f_41.687_L_1698910_L_2595465_:129-1337	Human	ncbi_virus	NA	99.669	99.669	Human papillomavirus 9	known_species
220	SRR12232758_6310_ka_f_35.113_:51-1235	Bat	ncbi_virus	NA	100	100	Eptesicus regulus papillomavirus	known_species
221	SRR12366696_2731_ka_f_537.853_L_113947_L_111286_L_148718_:81-1250	Cetacean	ncbi_virus	NA	100	100	Firstpapillomavirinae PV-HMU-2	known_species
222	SRR12709238_8_ka_f_12.262_L_161_L_11497_:123-1304	Human	ncbi_virus	NA	99.577	99.577	human papillomavirus 59	known_species
223	SRR12710118_2811_ka_f_177.257_L_77009_:120-1292	Human	ncbi_virus	NA	99.915	99.915	Human papillomavirus type 55	known_species
224	SRR12886421_127660_ka_f_6.000_:63-1244	Ray-finned Fish	ncbi_virus	NA	NA	NA	NA	no_hit
225	SRR12893619_38769_ka_f_33.129_:129-1310	Metagenome	ncbi_virus	NA	99.831	99.831	Human papillomavirus 94	known_species
226	SRR12893826_75830_ka_f_8.795_L_109802_L_249408_:78-1301	Metagenome	ncbi_virus	NA	94.098	94.098	Human papillomavirus 105	known_species
227	SRR13233423_322985_ka_f_9.137_:48-1226	Canine	novel	NA	73.232	73.232	Canis familiaris papillomavirus 19	new_species
228	SRR13233582_39397_ka_f_26.574_L_1502794_L_1502795_L_2006832_L_1494763_L_1496715_:117-1295	Canine	ncbi_virus	NA	99.915	99.915	Canine papillomavirus	known_species
229	SRR13233637_27617_ka_f_210.061_L_1780679_:108-1289	Canine	ncbi_virus	NA	100	100	Canine papillomavirus 21	known_species
230	SRR13235318_32975_ka_f_467.481_L_177797_L_2824402_L_2931827_:198-1382	Canine	novel	NA	NA	NA	NA	no_hit
231	SRR13235463_4057_ka_f_11.238_:123-1301	Canine	ncbi_virus	NA	99.915	99.915	Canis familiaris papillomavirus 13	known_species
232	SRR13235485_155797_ka_f_23.230_L_1382895_:69-1247	Canine	novel	NA	77.269	77.269	Canine papillomavirus 22	new_species
233	SRR13402751_4189_ka_f_91.168_L_4189_L_4189_:174-1397	Human	ncbi_virus	NA	99.918	99.918	Human papillomavirus 99	known_species
234	SRR13725758_1385_ka_f_25.143_L_1385_L_1385_:135-1343	Human	ncbi_virus	NA	99.255	99.255	Human papillomavirus	known_species
235	SRR13725762_4795_ka_f_59.648_L_4795_L_4795_:69-1292	Human	ncbi_virus	NA	99.101	99.101	Human papillomavirus	known_species
236	SRR13725875_2394_ka_f_11.532_:123-1331	Human	ncbi_virus	NA	99.917	99.917	human papillomavirus 150	known_species
237	SRR13726042_9_ka_f_69.548_L_9_L_9_:69-1286	Human	ncbi_virus	NA	99.836	99.836	Human papillomavirus	known_species
238	SRR13726081_34661_ka_f_32.085_L_104070_L_731146_:78-1280	Human	ncbi_virus	NA	96.755	96.755	Gammapapillomavirus 19	known_species
239	SRR13726081_9443_ka_f_222.087_L_9443_L_182607_L_9443_:93-1307	Human	ncbi_virus	NA	99.423	99.423	Human papillomavirus	known_species
240	SRR13784171_2554577_ka_f_771.345_L_10642473_L_10642473_:147-1331	Feline	ncbi_virus	NA	99.831	99.831	Felis domesticus papillomavirus 2	known_species
241	SRR13789165_23199_ka_f_129.831_L_868055_L_870732_L_870733_L_870734_L_432761_:177-1403	Human	ncbi_virus	NA	99.837	99.837	Human papillomavirus 19	known_species
242	SRR13789172_130240_ka_f_21.993_:72-1274	Human	ncbi_virus	NA	99.834	99.834	Human papillomavirus	known_species
243	SRR13789293_4933_ka_f_38.035_:75-1274	Human	ncbi_virus	NA	99.166	99.166	Human papillomavirus	known_species
244	SRR13789294_635173_ka_f_10.600_:120-1193	Human	blastn	NA	99.441	99.441	Human papillomavirus	known_species
245	SRR13789342_156621_ka_f_15.534_:144-1316	Human	ncbi_virus	NA	99.147	99.147	Human papillomavirus	known_species
246	SRR13789393_8634_ka_f_37.616_L_8634_L_8634_:63-1277	Human	ncbi_virus	NA	99.671	99.671	Human papillomavirus;Gammapapillomavirus 22	known_species
247	SRR13789467_20860_ka_f_8.704_:69-1280	Human	ncbi_virus	NA	99.917	99.917	Papillomavirus homo7299	known_species
248	SRR13789561_27504_ka_f_14.125_:141-1364	Human	ncbi_virus	NA	99.755	99.755	Human papillomavirus	known_species
249	SRR13789567_9540_ka_f_44.728_L_9540_L_9540_:72-1262	Human	ncbi_virus	NA	99.496	99.496	Human papillomavirus	known_species
250	SRR13789569_32249_ka_f_22.562_L_10158_L_274071_L_10158_L_179348_:36-1214	Human	ncbi_virus	NA	99.745	99.745	Human papillomavirus 125	known_species
251	SRR13789571_621754_ka_f_12.200_L_968365_:18-1214	Human	ncbi_virus	NA	99.582	99.582	human papillomavirus 115	known_species
252	SRR13789583_423381_ka_f_8.382_:72-1262	Human	novel	NA	89.496	89.496	Human papillomavirus	new_species
253	SRR13789637_7649_ka_f_129.934_L_7649_L_7649_:147-1361	Human	novel	NA	80.835	80.835	Human papillomavirus	new_species
254	SRR13789661_99306_ka_f_17.512_L_6685_L_527819_:90-1307	Human	ncbi_virus	NA	99.753	99.753	Human papillomavirus 130	known_species
255	SRR13789687_5690_ka_f_24.047_:87-1274	Human	ncbi_virus	NA	99.832	99.832	Human papillomavirus 199	known_species
256	SRR13789692_9646_ka_f_165.557_L_401983_L_415408_:117-1328	Human	ncbi_virus	NA	99.505	99.505	Human papillomavirus 133	known_species
257	SRR13789997_7427_ka_f_12.738_:114-1331	Human	ncbi_virus	NA	99.507	99.507	Human papillomavirus	known_species
258	SRR13790114_165814_ka_f_21.882_L_165814_L_165814_L_431254_:99-1310	Human	novel	NA	NA	NA	NA	no_hit
259	SRR13790116_22935_ka_f_33.774_L_558_L_22935_L_22935_:93-1298	Human	ncbi_virus	NA	99.336	99.336	Gammapapillomavirus 8	known_species
260	SRR13999910_249151_ka_f_14.328_L_1507818_L_5197538_:66-1232	Reptile	ncbi_virus	NA	100	100	Papillomavirus podarcis8670	known_species
261	SRR14354184_31587_ka_f_17.648_L_31587_L_1585409_L_31587_:90-1289	Human	ncbi_virus	NA	99.666	99.666	Gammapapillomavirus 13	known_species
262	SRR14663259_7955_ka_f_281.691_L_51619_L_51620_L_57354_:72-1259	Ursine	ncbi_virus	NA	100	100	Ailuropoda melanoleuca papillomavirus 5	known_species
263	SRR14825055_2317_ka_f_22.300_:42-1253	Human	ncbi_virus	NA	99.422	99.422	Human papillomavirus type 183	known_species
264	SRR14825200_3637_ka_f_23.955_:69-1289	Human	novel	NA	89.754	89.754	human papillomavirus 200	new_species
265	SRR14825340_4722_ka_f_47.689_:69-1268	Human	ncbi_virus	NA	98.999	98.999	Human papillomavirus	known_species
266	SRR15442438_1058_ka_f_166.101_L_1058_L_1058_:60-1286	Human	ncbi_virus	NA	99.429	99.429	Human papillomavirus type 50	known_species
267	SRR15442458_8454_ka_f_32.784_L_8454_L_8454_:72-1274	Human	ncbi_virus	NA	99.667	99.667	Human papillomavirus	known_species
268	SRR15442796_2973_ka_f_118.046_L_3667_L_21458_L_4908_:48-1256	Human	ncbi_virus	NA	99.421	99.421	Human papillomavirus	known_species
269	SRR15835191_34_ka_f_29.380_L_2210_L_1171_L_2210_:162-1343	Human	ncbi_virus	NA	99.831	99.831	Human papillomavirus type 85	known_species
270	SRR16054170_28703_ka_f_15.787_:114-1331	Human	ncbi_virus	NA	97.042	97.042	Gammapapillomavirus 22	known_species
271	SRR1647138_4976_ka_f_6.900_:129-1235	Human	ncbi_virus	NA	100	100	human papillomavirus 10	known_species
272	SRR1647334_21082_ka_f_33.458_L_21082_L_21082_:63-1253	Human	ncbi_virus	NA	100	100	Papillomavirus homo7269	known_species
273	SRR1647525_13721_ka_f_21.758_L_13721_L_13721_:81-1289	Human	ncbi_virus	NA	99.917	99.917	Human papillomavirus	known_species
274	SRR17481190_13325_ka_f_16.783_:51-1250	Hedgehog	novel	NA	89.491	89.491	Erinaceus europaeus papillomavirus 1	new_species
275	SRR17546375_7842_ka_f_14.246_:105-1253	Human	ncbi_virus	NA	99.477	99.477	Human papillomavirus	known_species
276	SRR17548765_406510_ka_f_9.300_L_541552_L_541553_:138-1343	Human	ncbi_virus	NA	99.834	99.834	Human papillomavirus	known_species
277	SRR17635569_31017_ka_f_14.936_:0-1109	Human	ncbi_virus	NA	99.91	99.91	Human papillomavirus type 54	known_species
278	SRR17798750_10315_ka_f_21.575_L_225805_L_24921_:90-1298	Human	ncbi_virus	NA	99.089	99.089	Human papillomavirus	known_species
279	SRR18400941_19765_ka_f_9.925_:87-1268	Canine	ncbi_virus	NA	99.831	99.831	Papillomavirus canis8381	known_species
280	SRR18483908_17643_ka_f_26.276_L_17643_L_17643_L_324305_:48-1229	Canine	novel	NA	NA	NA	NA	no_hit
281	SRR18484172_11522_ka_f_362.489_L_1871625_L_1923040_L_1929463_L_1929464_:72-1253	Canine	novel	NA	80.203	80.203	Canine papillomavirus 22	new_species
282	SRR18577042_633031_ka_f_25.790_L_633031_L_633031_:63-1271	Metagenome	ncbi_virus	NA	97.434	97.434	Human papillomavirus 4	known_species
283	SRR18767723_150562_ka_f_12.353_L_150562_L_150562_:93-1280	Avian	novel	NA	NA	NA	NA	no_hit
284	SRR19545153_36443_ka_f_11.512_L_6102814_L_6102814_:141-1331	Cervine	novel	NA	NA	NA	NA	no_hit
285	SRR20028098_3206_ka_f_7.959_:75-1286	Human	ncbi_virus	NA	99.917	99.917	Gammapapillomavirus sp.	known_species
286	SRR20028110_5833_ka_f_71.451_L_5833_L_5833_:93-1295	Human	ncbi_virus	NA	97.504	97.504	Papillomavirus homo8923	known_species
287	SRR20326355_2043182_ka_f_7.900_:63-1247	Canine	ncbi_virus	NA	99.493	99.493	Papillomavirus numida8051	known_species
288	SRR20730068_913814_ka_f_92.341_L_913814_L_913814_:63-1232	Rodent	novel	NA	NA	NA	NA	no_hit
289	SRR21425781_287_ka_f_25.971_L_287_L_287_:87-1274	Human	ncbi_virus	NA	100	100	human papillomavirus 69	known_species
290	SRR21604186_1235_ka_f_1445.025_L_1235_L_1235_:105-1316	Human	ncbi_virus	NA	100	100	human papillomavirus 215	known_species
291	SRR21604192_69_ka_f_67.849_L_69_L_69_:138-1343	Human	ncbi_virus	NA	100	100	Gammapapillomavirus 6	known_species
292	SRR21973352_2093981_ka_f_15.039_L_2469578_L_2418007_L_3471011_:66-1295	Human	ncbi_virus	NA	94.031	94.031	Human papillomavirus 169	known_species
293	SRR21974904_306268_ka_f_10.924_:0-1160	Human	ncbi_virus	NA	99.569	99.569	Papillomavirus JL74	known_species
294	SRR22012544_542_ka_f_18.723_L_542_L_542_:108-1286	Other	ncbi_virus	NA	99.491	99.491	Human papillomavirus	known_species
295	SRR22094398_32_ka_f_51.483_L_32_L_32_:135-1352	Human	ncbi_virus	NA	98.767	98.767	Human papillomavirus	known_species
296	SRR22102846_7587_ka_f_17.553_L_7587_L_1504_L_7587_:162-1364	Human	ncbi_virus	NA	99.667	99.667	Human papillomavirus	known_species
297	SRR22230784_11_ka_f_64.565_L_11212_L_7430_L_13544_:90-1307	Human	ncbi_virus	NA	98.11	98.11	Human papillomavirus	known_species
298	SRR22462890_1311534_ka_f_20.934_:72-1274	Human	ncbi_virus	NA	99.917	99.917	Human papillomavirus	known_species
299	SRR22679053_21748_ka_f_47.037_L_21748_L_21748_:120-1298	Bovine	novel	NA	NA	NA	NA	no_hit
300	SRR22682020_36006_ka_f_18.138_L_31347_L_73336_:48-1304	Ray-finned Fish	novel	NA	NA	NA	NA	no_hit
301	SRR22691042_22193_ka_f_110.076_:66-1250	Amphibian	novel	NA	NA	NA	NA	no_hit
302	SRR22765732_12884_ka_f_21.568_L_12884_L_12884_:72-1271	Human	ncbi_virus	NA	99.75	99.75	Human papillomavirus 132	known_species
303	SRR22765732_50388_ka_f_29.090_L_50388_L_965150_L_50388_:87-1301	Human	ncbi_virus	NA	99.753	99.753	Human papillomavirus	known_species
304	SRR23490980_8140_ka_f_75.705_L_8140_L_8140_:237-1439	Human	ncbi_virus	NA	99.75	99.75	Human papillomavirus type 213	known_species
305	SRR23759437_121643_ka_f_52.067_:54-1229	Equine	ncbi_virus	NA	100	100	Deltapapillomavirus 4	known_species
306	SRR23881954_91973_ka_f_11.454_:0-1163	Bovine	novel	NA	NA	NA	NA	no_hit
307	SRR24184641_16550_ka_f_18.802_L_19856299_:36-1259	Amphibian	novel	NA	NA	NA	NA	no_hit
308	SRR24465286_394658_ka_f_52.210_L_394658_L_394658_:132-1316	Canine	novel	NA	70.386	70.386	Enhydra lutris papillomavirus 1	new_species
309	SRR24719200_30273_ka_f_18.600_:45-1145	Amphibian	novel	NA	NA	NA	NA	no_hit
310	SRR24889877_5814_ka_f_34.968_L_64965_L_64965_:78-1259	Human	ncbi_virus	NA	99.831	99.831	Human papillomavirus	known_species
311	SRR24955686_769205_ka_f_12.535_:93-1268	Bovine	novel	NA	NA	NA	NA	no_hit
312	SRR24963268_167972_ka_f_13.166_:126-1298	Bovine	novel	NA	NA	NA	NA	no_hit
313	SRR24963419_387510_ka_f_21.876_:54-1229	Bovine	ncbi_virus	NA	100	100	Bos taurus papillomavirus 2	known_species
314	SRR25256535_79630_ka_f_302.271_L_79630_L_79630_:93-1283	Pangolin	novel	NA	NA	NA	NA	no_hit
315	SRR25256542_15341_ka_f_16.988_L_15341_L_15341_:45-1244	Pangolin	novel	NA	73.146	73.146	Manis javanica papillomavirus 1	new_species
316	SRR25256549_69938_ka_f_18.401_L_69938_L_69938_:243-1418	Pangolin	novel	NA	NA	NA	NA	no_hit
317	SRR25256569_9341_ka_f_455.319_L_9341_L_9341_:54-1244	Pangolin	novel	NA	76.617	76.617	Papillomavirus manis7551	new_species
318	SRR25288524_14317_ka_f_111.191_L_89272_L_162710_L_37952_L_48630_:51-1226	Bat	ncbi_virus	NA	100	100	Bat papillomavirus	known_species
319	SRR25288617_2212_ka_f_13.924_L_3272719_:3-1175	Bat	ncbi_virus	NA	100	100	Bat papillomavirus	known_species
320	SRR25288618_5254_ka_f_8.023_:51-1196	Bat	ncbi_virus	NA	100	100	Scotophilus kuhlii papillomavirus 1	known_species
321	SRR25288618_58776_ka_f_89.522_L_482549_L_5292_L_5293_:51-1223	Bat	ncbi_virus	NA	100	100	Bat papillomavirus	known_species
322	SRR25288621_414910_ka_f_8.459_L_2068613_L_2069381_:0-1193	Bat	ncbi_virus	NA	100	100	Bat papillomavirus	known_species
323	SRR25288642_5384_ka_f_23.538_L_368646_L_591349_:60-1244	Bat	ncbi_virus	NA	100	100	Bat papillomavirus	known_species
324	SRR25288643_142108_ka_f_39.850_L_146905_L_255767_:60-1244	Bat	ncbi_virus	NA	100	100	Bat papillomavirus	known_species
325	SRR25288643_148691_ka_f_88.852_L_28338_L_259174_L_179403_L_1433756_:270-1442	Bat	ncbi_virus	NA	100	100	Bat papillomavirus	known_species
326	SRR25288694_47340_ka_f_14.846_L_82005_L_74092_L_143098_:0-1175	Bat	ncbi_virus	NA	100	100	Bat papillomavirus	known_species
327	SRR25288749_19367_ka_f_35.520_L_59024_:75-1256	Bat	novel	NA	79.631	79.631	Bat papillomavirus	new_species
328	SRR25288757_173498_ka_f_10.989_:264-1448	Bat	novel	NA	NA	NA	NA	no_hit
329	SRR25288770_12732_ka_f_31.989_L_126002_:0-1127	Bat	ncbi_virus	NA	100	100	Bat papillomavirus	known_species
330	SRR25288797_3096_ka_f_9.946_L_169413_:75-1256	Bat	ncbi_virus	NA	100	100	Bat papillomavirus	known_species
331	SRR25288807_3102_ka_f_8.247_L_219014_L_1167937_L_358654_:60-1250	Bat	novel	NA	84.59	84.59	Bat papillomavirus	new_species
332	SRR25288820_17959_ka_f_12.632_L_746375_L_895269_:51-1226	Bat	ncbi_virus	NA	100	100	Bat papillomavirus	known_species
333	SRR25460196_776_ka_f_29.366_:90-1280	Human	ncbi_virus	NA	99.16	99.16	Human papillomavirus	known_species
334	SRR25570576_31733_ka_f_10.212_L_184419_:0-1211	Human	ncbi_virus	NA	100	100	Human papillomavirus	known_species
335	SRR25570577_8257_ka_f_10.889_L_145789_:0-1136	Human	ncbi_virus	NA	100	100	Human papillomavirus	known_species
336	SRR25570592_13889_ka_f_37.437_L_12755_L_13889_L_13889_:135-1352	Human	ncbi_virus	NA	99.26	99.26	Human papillomavirus	known_species
337	SRR25648973_196396_ka_f_20.349_L_196396_L_196396_:57-1238	Avian	novel	NA	NA	NA	NA	no_hit
338	SRR2565557_2007_ka_f_37.068_L_2007_L_2007_:60-1292	Human	novel	NA	87.429	87.429	human papillomavirus 119	new_species
339	SRR2565980_10051_ka_f_141.807_L_10051_L_10051_:105-1319	Human	ncbi_virus	NA	100	100	Papillomavirus homo7350	known_species
340	SRR2566064_249_ka_f_9.164_L_249_L_249_:153-1358	Human	ncbi_virus	NA	99.502	99.502	Human papillomavirus 135	known_species
341	SRR2583965_47052_ka_f_8.529_:129-1340	Human	ncbi_virus	NA	99.422	99.422	Human papillomavirus	known_species
342	SRR26115763_405_ka_f_25.008_L_16090_L_17569_:138-1355	Human	ncbi_virus	NA	97.535	97.535	Human papillomavirus	known_species
343	SRR26191760_1136104_ka_f_12.454_L_1297729_:171-1382	Human	ncbi_virus	NA	99.752	99.752	Human papillomavirus	known_species
344	SRR26208195_951137_ka_f_15.847_L_1270544_:0-1157	Human	ncbi_virus	NA	100	100	Human papillomavirus type 182	known_species
345	SRR26848413_8685_ka_f_18.326_L_214807_L_10809_L_25862_:90-1283	Human	novel	NA	88.181	88.181	Human papillomavirus 120	new_species
346	SRR26848428_9728_ka_f_21.001_L_9728_L_9728_:93-1304	Human	ncbi_virus	NA	99.587	99.587	Human papillomavirus	known_species
347	SRR5431750_4407_ka_f_11.999_L_145529_:66-1253	Rodent	ncbi_virus	NA	100	100	Papillomavirus mus7585	known_species
348	SRR6442886_1228_ka_f_63.181_L_8690_L_4195_L_9101_:63-1259	Human	ncbi_virus	NA	99.833	99.833	Human papillomavirus type 161	known_species
349	SRR6442904_467_ka_f_64.995_L_4341_L_4992_:69-1274	Human	ncbi_virus	NA	100	100	Gammapapillomavirus 12	known_species
350	SRR6442930_63_ka_f_8.358_:48-1259	Human	ncbi_virus	NA	99.174	99.174	Human papillomavirus	known_species
351	SRR6442941_76_ka_f_240.647_L_9618_L_2226_L_2230_:48-1226	Human	ncbi_virus	NA	100	100	Alphapapillomavirus 3	known_species
352	SRR6442966_1644_ka_f_8.314_L_2021_:135-1352	Human	ncbi_virus	NA	99.836	99.836	Human papillomavirus	known_species
353	SRR6442972_2934_ka_f_393.965_L_6681_L_16713_L_4191_:72-1292	Human	ncbi_virus	NA	100	100	Gammapapillomavirus 24	known_species
354	SRR6442977_4_ka_f_43.178_L_4_L_4_:141-1343	Human	ncbi_virus	NA	100	100	Gammapapillomavirus 7	known_species
355	SRR6442998_12_ka_f_21.926_L_12_L_12_:72-1289	Human	ncbi_virus	NA	100	100	Gammapapillomavirus 22	known_species
356	SRR7287617_20683_ka_f_806.358_L_656484_L_686473_L_707034_L_707035_:141-1316	Rodent	ncbi_virus	NA	100	100	Rattus norvegicus papillomavirus 2	known_species
357	SRR7408270_4561_ka_f_99.357_L_41828_L_60010_L_4763_L_108797_:282-1496	Ursine	novel	NA	NA	NA	NA	no_hit
358	SRR7530174_17519_ka_f_24.116_L_17519_L_17519_:108-1295	Avian	novel	NA	NA	NA	NA	no_hit
359	SRR7621246_865618_ka_f_60.756_L_865618_L_865618_:72-1247	Feline	ncbi_virus	NA	100	100	Felis catus papillomavirus 3	known_species
360	SRR7687707_10380_ka_f_8.889_L_18094_:0-1139	Human	novel	NA	89.27	89.27	Human papillomavirus 120	new_species
361	SRR7687717_3106_ka_f_59.269_L_62188_L_12822_L_20767_:93-1217	Human	ncbi_virus	NA	100	100	Human papillomavirus	known_species
362	SRR7687720_3015_ka_f_9.892_:0-1199	Human	ncbi_virus	NA	99.416	99.416	Human papillomavirus 136	known_species
363	SRR7687899_1851_ka_f_21.967_L_1851_L_1851_L_4075_:135-1349	Human	ncbi_virus	NA	98.353	98.353	Human papillomavirus	known_species
364	SRR7687904_10731_ka_f_9.331_L_153812_:48-1259	Human	ncbi_virus	NA	100	100	Human papillomavirus	known_species
365	SRR7687904_8810_ka_f_20.582_L_10252_L_95361_L_178676_:141-1355	Human	ncbi_virus	NA	99.176	99.176	Human papillomavirus	known_species
366	SRR7688025_142_ka_f_2678.214_L_141_L_38_L_186_:81-1289	Human	ncbi_virus	NA	95.778	95.778	Human papillomavirus	known_species
367	SRR7688383_1063_ka_f_16.912_L_3463_L_11511_L_17489_:129-1343	Human	ncbi_virus	NA	100	100	Human papillomavirus	known_species
368	SRR7688390_14_ka_f_31.387_L_33_:99-1313	Human	ncbi_virus	NA	100	100	Human papillomavirus	known_species
369	SRR7688413_290_ka_f_328.987_L_0_L_192_L_218_L_319_:165-1379	Human	ncbi_virus	NA	100	100	Human papillomavirus	known_species
370	SRR7688427_54_ka_f_44.906_L_194_L_248_:171-1370	Human	ncbi_virus	NA	100	100	Human papillomavirus	known_species
371	SRR7688486_220_ka_f_272.206_L_721_L_738_:93-1304	Human	ncbi_virus	NA	100	100	Human papillomavirus	known_species
372	SRR7688497_1342_ka_f_33.500_L_2886_L_12058_:87-1307	Human	ncbi_virus	NA	100	100	Human papillomavirus	known_species
373	SRR7688504_1373_ka_f_30.196_L_41417_:105-1319	Human	ncbi_virus	NA	100	100	Human papillomavirus	known_species
374	SRR7688634_54_ka_f_11.425_:105-1319	Human	ncbi_virus	NA	96.376	96.376	Human papillomavirus	known_species
375	SRR7688677_65_ka_f_132.556_L_2042_L_336_L_432_:69-1286	Human	ncbi_virus	NA	100	100	Human papillomavirus	known_species
376	SRR7688749_3957_ka_f_33.101_L_58602_L_21281_:0-1211	Human	ncbi_virus	NA	100	100	Human papillomavirus	known_species
377	SRR7688773_624_ka_f_8.445_L_7645_:66-1181	Human	ncbi_virus	NA	99.91	99.91	Human papillomavirus 123	known_species
378	SRR7802309_1_ka_f_64.419_L_1_L_1_:153-1352	Human	novel	NA	89.465	89.465	Human papillomavirus	new_species
379	SRR7802447_0_ka_f_30.554_L_31_L_745_:0-1178	Human	novel	NA	87.956	87.956	Human papillomavirus	new_species
380	SRR7992315_501_ka_f_86.852_L_32390_:69-1280	Human	ncbi_virus	NA	100	100	Human papillomavirus	known_species
381	SRR7993536_228_ka_f_58.828_L_26049_L_13260_:96-1292	Human	ncbi_virus	NA	99.666	99.666	Human papillomavirus	known_species
382	SRR8173830_75051_ka_f_32.987_L_75051_L_75051_:156-1343	Non-human Primate	ncbi_virus	NA	100	100	Macaca mulatta papillomavirus 3	known_species
383	SRR8176202_6197_ka_f_310.779_L_6197_L_6197_:99-1307	Other	ncbi_virus	NA	99.752	99.752	Human papillomavirus	known_species
384	SRR8437782_17784_ka_f_11.131_L_17784_L_17784_:111-1274	Caprine	novel	NA	NA	NA	NA	no_hit
385	SRR8663619_5712_ka_f_7.887_:96-1301	Metagenome	ncbi_virus	NA	95.934	95.934	Human papillomavirus type 209	known_species
386	SRR8822468_403_ka_f_45.182_L_403_L_403_:96-1310	Metagenome	ncbi_virus	NA	99.588	99.588	Human papillomavirus	known_species
387	SRR9018636_400162_ka_f_7.480_:54-1253	Pangolin	ncbi_virus	NA	100	100	Manis javanica papillomavirus 1	known_species
388	SRR9040463_24188_ka_f_42.637_L_24188_L_24188_:111-1310	Human	ncbi_virus	NA	99.917	99.917	Human papillomavirus	known_species
389	SRR8567689Score=605.318_Edges=467_471_661_651_297_171_165_267_535_565_615_475_477_497_379_83_123_385_335_337_421_337_335_271_507_491_495_399_669_667_309_579_577_209_699_705_483_315_91_101_103_431_311_3_117_185_183_489_5_7_195_199_303_259_285_109_105_9_289_125_97_695_657_329_327_389_59_683_161_191_189_47_427_617_135_393_397_575_415_599_447_519_523_245_681_637_513_403_Position=12_Alignment=40M2I81M31I1M7I40M1D95M3I8M1I70M3I59M_ScaffoldSuperpaths=_OriginScaffoldPath=	Human	novel	NA	NA	NA	NA	no_hit
390	SRR7993551Score=641.424_Edges=123451_42559_60299_86527_Position=738_Alignment=40M2I122M1D95M7I8M3I70M4I59M_ScaffoldSuperpaths=_OriginScaffoldPath=	Human	ncbi_virus	NA	98.618	98.618	Human papillomavirus	known_species
391	SRR4332828Score=273.857_Edges=17_Position=173_Alignment=77M1D19M3D58M18I6M1I8M1I39M2I48M14D63M10I59M_ScaffoldSuperpaths=_OriginScaffoldPath=	Amphibian	ncbi_virus	NA	99.919	99.919	Papillomavirus rana5702	known_species
392	SRR3643851Score=618.004_Edges=715_3677_47881_47879_32559_16019_889_Position=39_Alignment=40M1D120M2D95M3I8M6I70M7I59M_ScaffoldSuperpaths=_OriginScaffoldPath=	Human	ncbi_virus	NA	98.121	98.121	Human papillomavirus	known_species
393	SRR7687746Score=662.419_Edges=37155_37153_69223_59515_59511_28227_78981_78985_32125_32121_331_67931_67933_12423_12389_85991_85993_62965_21307_90791_31961_34187_34189_69043_69047_27499_19191_19189_11145_36449_65251_65247_25631_49365_33775_56959_52191_94687_73817_68543_61529_40361_11055_19355_46455_13525_8381_51939_11565_65425_65423_10357_7081_7083_94725_11987_46415_65989_51713_51709_52005_6573_2083_55501_44893_74265_11325_11321_607_23283_6349_18637_18639_53699_77931_93961_37385_60697_30047_1257_28907_28909_63065_56423_94243_69985_59661_81761_51521_92301_89403_35807_38591_66677_22161_88535_88539_51897_51893_94647_79583_13675_55727_55723_70319_89873_68049_73759_19465_13275_34829_7525_7519_33405_35647_85759_85755_67895_61867_92635_63375_50251_50247_39855_15095_45519_58945_61395_61391_65783_13587_16985_20947_35803_11363_11365_75451_31205_79945_12579_12583_64717_46973_46975_58549_58553_30495_3939_23941_23937_78435_78439_48363_86055_27361_93781_41195_41193_4795_57123_78643_78647_26403_91407_85983_86109_47325_27761_27767_82355_28137_23227_84671_62055_62053_84227_93173_90323_91737_91741_33945_61781_44765_15739_82097_82387_82389_11739_11741_1187_75369_9709_49613_81161_73801_73799_15463_55661_40803_65443_65441_26339_31275_31271_17789_48111_75945_75947_35917_71549_56279_59283_73141_73143_23461_23465_33279_49851_49855_64339_28379_81911_66557_66553_35855_54723_53617_63769_63765_84643_31157_31153_81671_73463_13641_53361_77341_77339_32655_64057_92409_2533_26169_59107_11793_11789_33303_16201_16203_73135_68779_68783_34413_30523_90475_90473_21359_21357_65681_72059_64415_73299_86843_86845_47421_35131_62855_77185_54651_13051_13047_66117_20675_72111_72115_15973_85899_32283_79007_79011_67961_67957_43139_71545_71543_55601_55361_55365_14207_74405_92959_92957_53317_53319_29781_57105_27353_11211_69281_78401_78405_16199_83537_83535_21451_61209_78489_78485_60559_54353_7815_7807_11569_13151_37413_72379_7833_89973_52631_36013_36009_4985_4987_89023_59935_54963_54959_41261_53669_40641_25573_25577_53767_33595_33591_10043_10045_35239_48747_Position=2_Alignment=40M1I81M1D136M10I8M1I70M2I59M_ScaffoldSuperpaths=_OriginScaffoldPath=	Human	novel	NA	87.013	87.013	Human papillomavirus type 14D	new_species
394	SRR7688385Score=668.711_Edges=156701_79537_214529_214531_58697_58695_132025_132023_89709_36095_36101_104035_170191_146505_178903_210799_122005_19405_71785_151943_151945_62135_62131_166853_44727_191333_122427_13919_13915_176983_22853_78907_96465_126501_20741_20743_38243_114905_114901_6239_6241_158239_158241_213995_91749_130605_130603_199669_199671_112441_160541_156611_88677_88679_19241_98981_159565_46519_6305_62589_62593_82101_200167_158201_158197_123739_66399_152957_117605_15489_118935_119733_167383_169019_169023_220731_158791_102641_102639_63739_205243_205247_217793_40273_42727_42725_11579_21639_217469_217473_125103_166803_94869_81723_81727_150541_47005_30525_30529_78637_78635_34251_16393_63757_185689_27649_27651_107511_127687_127691_18047_185815_76819_76823_142335_193197_204703_204701_79597_47553_47555_37163_37165_92733_8873_8875_36297_24341_46791_105191_6895_213459_Position=149_Alignment=40M1I81M1D136M10I8M1I70M2I59M_ScaffoldSuperpaths=_OriginScaffoldPath=	Human	novel	NA	89.577	89.577	Human papillomavirus 105	new_species
395	SRR7688743Score=653.553_Edges=13743_13747_78111_Position=1688_Alignment=40M1I81M1D136M10I8M1I70M2I59M_ScaffoldSuperpaths=_OriginScaffoldPath=	Human	ncbi_virus	NA	89.976	89.976	human papillomavirus 20	new_species
396	SRR16894090Score=392.054_Edges=647_231_235_Position=883_Alignment=40M5D27M1I49M27I37M3D50M2I46M10D128M_ScaffoldSuperpaths=_OriginScaffoldPath=	Ray-finned Fish	ncbi_virus	NA	97.066	97.066	Melanogrammus aeglefinus-associated papillomavirus 2	known_species
397	SRR7688425Score=627.166_Edges=97_Position=1981_Alignment=122M1I40M1D95M8I8M2I70M2I59M_ScaffoldSuperpaths=_OriginScaffoldPath=	Human	ncbi_virus	NA	99.59	99.59	Human papillomavirus 141	known_species
398	SRR15442919Score=658.043_Edges=49_63_19_15_Position=194_Alignment=40M2I218M6I8M2I70M1I59M_ScaffoldSuperpaths=_OriginScaffoldPath=	Human	ncbi_virus	NA	95.895	95.895	Human papillomavirus	known_species
399	SRR7688023Score=646.916_Edges=107_125_23_121_Position=754_Alignment=40M2I122M1D95M5I8M1I70M4I59M_ScaffoldSuperpaths=_OriginScaffoldPath=	Human	ncbi_virus	NA	91.995	91.995	Human papillomavirus	known_species
400	SRR7688381Score=654.09_Edges=5733_28303_36397_50533_69893_69897_56811_32553_9029_9033_73377_40077_52165_3399_66699_34473_34471_1171_62759_62755_38933_1975_1977_13779_38189_30907_61435_61433_24717_24719_23815_23819_34741_37241_20901_29479_29483_Position=756_Alignment=258M5I8M1I70M5I59M_ScaffoldSuperpaths=_OriginScaffoldPath=	Human	novel	NA	88.452	88.452	Human papillomavirus	new_species
401	SRR7688461Score=641.557_Edges=38019_Position=3320_Alignment=40M1I81M1D41M2I95M6I8M2I70M1I59M_ScaffoldSuperpaths=_OriginScaffoldPath=	Human	ncbi_virus	NA	100	100	Human papillomavirus	known_species
402	ERR10857021Score=643.272_Edges=5_Position=3719_Alignment=121M1D136M7I8M3I70M1I59M_ScaffoldSuperpaths=_OriginScaffoldPath=	Human	novel	NA	87.901	87.901	Human papillomavirus	new_species
403	SRR14864804Score=434.172_Edges=9_Position=226_Alignment=40M7I37M1D43M6I42M4I96M6D130M_ScaffoldSuperpaths=_OriginScaffoldPath=	Reptile	novel	NA	NA	NA	NA	no_hit
404	SRR17534939Score=625.701_Edges=169897_255413_350201_40443_95983_158957_158961_330595_332597_328299_328295_288787_350413_350415_172737_172739_190329_302613_302609_189015_99807_99801_77883_96147_197205_Position=15_Alignment=40M1I121M2D95M4I8M3I70M4I59M_ScaffoldSuperpaths=_OriginScaffoldPath=	Human	ncbi_virus	NA	99.424	99.424	Human papillomavirus 148	known_species
405	SRR7688415Score=654.692_Edges=10551_10555_12387_10661_6219_6215_10701_5587_12881_12877_15761_15763_17695_6665_2677_Position=305_Alignment=40M2I218M2I8M4I70M2I59M_ScaffoldSuperpaths=_OriginScaffoldPath=	Human	ncbi_virus	NA	90.531	90.531	Human papillomavirus	known_species
406	SRR22234136Score=658.452_Edges=235091_159053_304279_501555_501557_406743_129187_324549_324547_153553_487647_154491_48329_48333_477947_517309_177087_177089_100281_167937_236077_236079_74667_74669_132121_462569_270913_270915_164057_57213_357833_250869_285081_197183_48287_48283_369913_369909_296217_380293_433701_94527_204719_492799_439581_439577_196857_451369_451373_536345_330317_28283_76933_182875_182871_444525_324059_255059_407_199767_528939_252333_329179_163701_232377_188029_188031_203575_365079_17613_17609_15145_28975_121285_121289_Position=17_Alignment=40M2I81M1D136M6I8M1I70M1I59M_ScaffoldSuperpaths=_OriginScaffoldPath=	Human	novel	NA	87.294	87.294	Human papillomavirus 173	new_species
407	SRR7688798Score=658.952_Edges=13505_79093_79089_26999_1311_57613_14009_17977_84853_84851_22449_22451_51575_51579_14297_56465_82985_43063_43059_64863_94963_94959_59195_48143_48145_65997_32123_67921_57707_57703_4555_73779_36661_60107_48909_48905_4561_4565_39691_39695_72173_72177_66575_7095_22363_11711_72841_72969_Position=5_Alignment=40M1D80M1D136M5I8M1I70M5I59M_ScaffoldSuperpaths=_OriginScaffoldPath=	Human	novel	NA	NA	NA	NA	no_hit
408	SRR15442465Score=648.661_Edges=151_Position=3703_Alignment=121M1D136M7I8M1I70M1I59M_ScaffoldSuperpaths=_OriginScaffoldPath=	Human	ncbi_virus	NA	99.504	99.504	Human papillomavirus 155	known_species
409	SRR22230815Score=657.41_Edges=54043_33263_33997_33999_162751_322533_50373_50371_77065_77063_148203_259567_297137_297141_104303_256199_96023_309599_134801_10323_279937_241637_17351_17349_300167_300169_7697_181245_55459_269093_269097_19463_193787_193781_141749_88199_174135_174137_79697_79695_73153_66967_302115_302119_191239_188763_126941_126943_129385_160045_147997_147999_82315_292995_99827_142805_256925_95927_95929_293533_322675_145169_144987_233591_233595_225677_12251_216289_276141_120381_78529_100929_189045_189049_271511_49933_161349_274819_274817_183691_54385_32913_32359_230357_221737_221733_124881_236411_189169_234917_49949_287999_213217_67127_67129_256515_309219_104857_2159_165769_96627_13361_45263_326701_215089_215091_90517_89733_199465_198711_198705_42295_159903_75461_37825_37829_21605_31411_162139_162137_45645_231645_99905_16135_220373_220377_241847_203483_203485_297315_43619_329615_25023_25019_328607_188009_190401_190403_50199_289191_289189_78029_97947_307129_144661_144665_36987_243761_89147_248433_203199_219421_219419_325961_35453_183943_211279_211281_132669_46549_46553_181815_181813_203599_262077_34219_44419_14499_61017_71767_227827_253717_253719_98435_225457_17315_120811_231719_231721_293683_272689_62097_62099_21577_240323_240327_274899_62915_212117_322123_322119_239691_15271_83953_64849_309839_64745_64747_95705_25027_195805_62653_62655_120667_12769_12767_52275_52271_278637_10913_199063_199065_268795_268793_1847_48345_133253_189371_307277_161899_132705_157383_155059_224111_183881_228993_256425_256423_263551_264169_270267_277231_277227_295389_224317_224315_225357_87115_194129_211769_101973_321623_321627_198393_79387_215605_273133_149913_278833_37445_37449_83221_305877_96063_57509_57513_253935_14545_14549_71627_71623_21487_78575_104135_198833_198837_46971_116721_116723_272773_309787_153613_153615_196139_27699_755_176529_279043_137425_67057_67055_58687_58689_137245_144155_87889_59493_96229_96227_317743_215549_215547_116969_149863_315231_99843_9935_244337_157641_149141_243841_181257_177227_260871_104551_104549_202459_149427_149431_308475_190383_190385_134463_134465_110327_264425_Position=883_Alignment=40M1I81M1D136M7I8M1I70M1D58M_ScaffoldSuperpaths=_OriginScaffoldPath=	Human	novel	NA	87.551	87.551	Human papillomavirus 5	new_species
410	SRR7688474Score=663.432_Edges=100683_100685_170457_14673_60267_199749_199753_179471_98707_98703_167439_43835_43837_Position=27_Alignment=40M1I81M1D136M7I8M1I70M1D58M_ScaffoldSuperpaths=_OriginScaffoldPath=	Human	novel	NA	85.739	85.739	Human papillomavirus	new_species
411	ERR3974504Score=596.548_Edges=78037_Position=0_Alignment=6D34M1I81M1D136M6I8M2I70M2I59M_ScaffoldSuperpaths=_OriginScaffoldPath=	Human	novel	NA	89.474	89.474	Human papillomavirus	new_species
412	SRR7688468Score=624.813_Edges=113_Position=2235_Alignment=40M2I81M1D136M7I6M2D69M2D58M_ScaffoldSuperpaths=_OriginScaffoldPath=	Human	ncbi_virus	NA	99.916	99.916	Human papillomavirus 151	known_species
413	SRR14129908Score=629.223_Edges=515213_Position=2114_Alignment=40M2I81M3I143M3D128M_ScaffoldSuperpaths=_OriginScaffoldPath=	Canine	ncbi_virus	NA	100	100	Canis familiaris papillomavirus 6	known_species
414	ERR2094837Score=637.956_Edges=21_7_Position=975_Alignment=40M1D225M2I129M_ScaffoldSuperpaths=_OriginScaffoldPath=	Canine	ncbi_virus	NA	97.559	97.559	Papillomavirus canis7831	known_species
415	DRR472476Score=631.473_Edges=65_53_Position=914_Alignment=40M2I122M2D102M2I68M3D58M_ScaffoldSuperpaths=_OriginScaffoldPath=	Human	ncbi_virus	NA	93.09	93.09	human papillomavirus 42	known_species
416	ERR10188105Score=623.63_Edges=3_Position=2520_Alignment=40M1D80M1D39M2D95M5I6M4D68M2I59M_ScaffoldSuperpaths=_OriginScaffoldPath=	Bovine	ncbi_virus	NA	100	100	Bos taurus papillomavirus 9	known_species
417	SRR25288757Score=618.372_Edges=510705_Position=3474_Alignment=40M1I82M2I39M2D103M1I68M3D58M_ScaffoldSuperpaths=_OriginScaffoldPath=	Bat	novel	NA	70.951	70.951	Bat papillomavirus	new_species
418	SRR21010216Score=632.77_Edges=2635_6789_Position=204_Alignment=40M1D225M1I68M3D58M_ScaffoldSuperpaths=_OriginScaffoldPath=	Human	ncbi_virus	NA	93.458	93.458	Human papillomavirus	known_species
419	SRR12709447Score=633.685_Edges=165165_Position=231_Alignment=40M1I224M1D70M2D56M2D_ScaffoldSuperpaths=_OriginScaffoldPath=	Human	ncbi_virus	NA	100	100	synthetic construct	known_species
420	SRR15719350Score=640.206_Edges=273_217_219_83_Position=700_Alignment=40M1I224M3D68M2D58M_ScaffoldSuperpaths=_OriginScaffoldPath=	Metagenome	ncbi_virus	NA	92.451	92.451	Human papillomavirus 16	known_species
421	DRR472276Score=633.621_Edges=41_3_Position=1640_Alignment=162M2D101M1D68M3D58M_ScaffoldSuperpaths=_OriginScaffoldPath=	Human	novel	NA	89.431	89.431	human papillomavirus 32	new_species
422	SRR5091621Score=466.057_Edges=7_5_Position=77_Alignment=12I40M4D221M1D70M1D32M26D_ScaffoldSuperpaths=_OriginScaffoldPath=	Human	ncbi_virus	NA	100	100	Cervus papillomavirus 2	known_species
423	DRR452111_551228_ka_f_11.322_L_1153038_L_1153038_L_1153038_L_1153038_:96-1262	Bovine	novel	NA	NA	NA	NA	no_hit
424	ERR10188000_14388_ka_f_7.200_:24-1178	Bovine	ncbi_virus	NA	99.827	99.827	Bos taurus papillomavirus 42	known_species
425	ERR10188005_2059_ka_f_66.408_L_248824_L_121872_:0-1169	Bovine	ncbi_virus	NA	98.118	98.118	Bos taurus papillomavirus 35	known_species
426	ERR10188141_469_ka_f_6.613_:57-1223	Bovine	ncbi_virus	NA	99.421	99.421	Bos taurus papillomavirus 25	known_species
427	ERR10188168_21985_ka_f_10.044_:57-1223	Bovine	ncbi_virus	NA	99.571	99.571	Bos taurus papillomavirus 43	known_species
428	ERR10188194_1064_ka_f_7.233_:75-1259	Bovine	blastn	NA	99.831	99.831	Bovine papillomavirus	known_species
429	ERR11203034_1777053_ka_f_63.038_L_37487_L_3775396_L_3775396_L_6457555_:123-1298	Canine	ncbi_virus	NA	100	100	Canis familiaris papillomavirus 19	known_species
430	ERR11203045_133039_ka_f_28.897_L_133039_L_5248402_L_133039_:114-1301	Canine	novel	NA	NA	NA	NA	no_hit
431	ERR11213956_1223340_ka_f_1882.574_L_2167026_L_2167027_L_6289913_L_6289914_:108-1289	Canine	novel	NA	73.862	73.862	Canis familiaris papillomavirus 13	new_species
432	ERR11256482_164724_ka_f_87.330_L_8756602_L_8756602_:150-1340	Canine	ncbi_virus	NA	100	100	Papillomavirus canis7747	known_species
433	ERR1332599_169709_ka_f_10.020_:123-1325	Metagenome	ncbi_virus	NA	99.75	99.75	Gammapapillomavirus 16	known_species
434	ERR140752_666_ka_f_5.792_L_11549_:42-1232	Other	ncbi_virus	NA	99.748	99.748	human papillomavirus 86	known_species
435	ERR2402892_333014_ka_f_22.162_L_333014_L_333014_:72-1274	Ray-finned Fish	ncbi_virus	NA	100	100	Papillomavirus gadus5887	known_species
436	ERR2850471_12432_ka_f_9.200_L_12432_L_12432_:213-1511	Ray-finned Fish	ncbi_virus	NA	100	100	Papillomavirus gadus6361	known_species
437	ERR2985417_92987_ka_f_10.325_L_92987_L_92987_:51-1226	Bovine	novel	NA	NA	NA	NA	no_hit
438	ERR3674534_4073_ka_f_123.761_L_4073_L_4073_:93-1292	Metagenome	ncbi_virus	NA	98.916	98.916	Gammapapillomavirus 23	known_species
439	ERR3974442_21144_ka_f_6.489_:69-1241	Human	ncbi_virus	NA	99.488	99.488	Papillomavirus homo7334	known_species
440	ERR3974502_83072_ka_f_13.741_:105-1319	Human	ncbi_virus	NA	99.094	99.094	human papillomavirus 129	known_species
441	ERR7256387_570539_ka_f_48.802_L_570539_L_570539_:126-1301	Mustelid	novel	NA	73.493	73.493	Ursus maritimus papillomavirus 1	new_species
442	ERR906889_6410_ka_f_95.301_L_268547_:3-1184	Human	ncbi_virus	NA	99.831	99.831	human papillomavirus 83	known_species
443	SRR10002740_3654_ka_f_76.434_L_3654_L_3654_:132-1337	Metagenome	ncbi_virus	NA	99.336	99.336	Gammapapillomavirus 15	known_species
444	SRR11482376_289139_ka_f_17.565_L_289139_L_289139_:138-1322	Porcine	ncbi_virus	NA	99.831	99.831	Sus scrofa papillomavirus 1	known_species
445	SRR11569199_2444_ka_f_28.016_L_2444_L_2444_:72-1277	Bovine	novel	NA	77.483	77.483	Bos taurus papillomavirus	new_species
446	SRR11657643_297240_ka_f_9.000_:45-1235	Ovine	novel	NA	NA	NA	NA	no_hit
447	SRR12173160_2155536_ka_f_28.989_L_951382_L_2150522_L_2150522_:72-1289	Human	ncbi_virus	NA	99.507	99.507	Gammapapillomavirus 22	known_species
448	SRR12173447_1876530_ka_f_13.884_L_1649622_L_1717896_L_1762490_:0-1175	Human	ncbi_virus	NA	99.83	99.83	Gammapapillomavirus 8	known_species
449	SRR12604243_44526_ka_f_48.654_:57-1349	Reptile	novel	NA	NA	NA	NA	no_hit
450	SRR12851781_28432_ka_f_47.228_L_28432_L_28432_:72-1259	Ray-finned Fish	novel	NA	77.131	77.131	Papillomavirus gadus5887	new_species
451	SRR13318616_110537_ka_f_17.398_L_110537_L_110537_:120-1298	Rodent	novel	NA	NA	NA	NA	no_hit
452	SRR13516717_19050_ka_f_61.571_L_19050_L_3319755_L_19050_:120-1307	Non-human Primate	novel	NA	NA	NA	NA	no_hit
453	SRR13725762_11048_ka_f_14.440_:63-1160	Human	ncbi_virus	NA	99.271	99.271	Human papillomavirus	known_species
454	SRR13726053_14966_ka_f_22.807_L_14966_L_14966_:90-1301	Human	novel	NA	77.365	77.365	Gammapapillomavirus 12	new_species
455	SRR13789150_5072_ka_f_26.618_L_5072_L_5072_:75-1280	Human	ncbi_virus	NA	94.855	94.855	Human papillomavirus	known_species
456	SRR13789197_34606_ka_f_102.683_L_34606_L_34606_:129-1334	Human	novel	NA	88.889	88.889	Human papillomavirus	new_species
457	SRR13789345_2995_ka_f_114.189_L_2995_L_2995_:90-1301	Human	ncbi_virus	NA	99.009	99.009	Human papillomavirus	known_species
458	SRR13789839_2669_ka_f_16.185_:138-1343	Human	novel	NA	81.909	81.909	Human papillomavirus	new_species
459	SRR13838923_20137_ka_f_17.341_L_1043447_:75-1259	Metagenome	ncbi_virus	NA	100	100	human papillomavirus 73	known_species
460	SRR14864829_83990_ka_f_8.315_:102-1340	Reptile	novel	NA	NA	NA	NA	no_hit
461	SRR17247091_3604_ka_f_296.960_L_9661_L_14864_L_41109_:174-1382	Bat	ncbi_virus	NA	100	100	Molossus molossus papillomavirus type 2	known_species
462	SRR17539867_19798_ka_f_6.162_:60-1226	Human	ncbi_virus	NA	100	100	Felis catus papillomavirus type 5	known_species
463	SRR17635687_4974_ka_f_12.931_:135-1343	Human	ncbi_virus	NA	99.752	99.752	human papillomavirus 103	known_species
464	SRR18483580_11128_ka_f_10.434_:273-1457	Canine	novel	NA	78.243	78.243	Papillomavirus canis7118	new_species
465	SRR18964693_6662_ka_f_27.516_L_6662_L_6662_:51-1229	Human	ncbi_virus	NA	99.915	99.915	human papillomavirus 40	known_species
466	SRR19174525_18408_ka_f_51.839_L_18408_L_18408_:72-1262	Porcine	novel	NA	NA	NA	NA	no_hit
467	SRR2037083_1822_ka_f_10.615_L_1822_L_1822_:90-1283	Human	ncbi_virus	NA	99.665	99.665	human papillomavirus 162	known_species
468	SRR2063938_281_ka_f_16.593_L_2781_:57-1235	Bat	novel	NA	83.587	83.587	Rhinolophus bat papillomavirus 3	new_species
469	SRR21747305_50680_ka_f_25.505_L_50680_L_50680_:123-1331	Human	ncbi_virus	NA	100	100	Human papillomavirus type 185	known_species
470	SRR21973332_1295345_ka_f_20.333_L_1322824_L_1501830_L_1344659_:81-1304	Human	ncbi_virus	NA	99.673	99.673	Human papillomavirus	known_species
471	SRR21973340_110897_ka_f_9.651_L_255556_L_291184_L_916214_:78-1292	Human	novel	NA	79.47	79.47	Human papillomavirus	new_species
472	SRR21974026_749998_ka_f_15.960_L_310508_:126-1334	Human	novel	NA	86.33	86.33	Gammapapillomavirus 15	new_species
473	SRR22071710_10491_ka_f_153.484_L_10491_L_10491_:78-1268	Rodent	ncbi_virus	NA	99.748	99.748	Rodent papillomavirus	known_species
474	SRR22230828_361087_ka_f_43.540_L_356085_L_154208_L_415828_:123-1346	Human	ncbi_virus	NA	98.201	98.201	Human papillomavirus	known_species
475	SRR22244709_865304_ka_f_16.913_L_1191908_:129-1346	Human	ncbi_virus	NA	99.918	99.918	Human papillomavirus	known_species
476	SRR22462890_3690719_ka_f_51.301_L_1399759_L_16681948_:96-1316	Human	ncbi_virus	NA	93.443	93.443	Human papillomavirus 152	known_species
477	SRR22462917_215720_ka_f_16.636_:0-1187	Human	ncbi_virus	NA	97.978	97.978	Human papillomavirus	known_species
478	SRR22574286_11354_ka_f_13.000_L_11354_L_11354_:66-1259	Other	ncbi_virus	NA	100	100	Human papillomavirus type 63	known_species
479	SRR22765706_5169_ka_f_9.756_L_2876517_:87-1271	Human	ncbi_virus	NA	98.395	98.395	Human papillomavirus	known_species
480	SRR22983739_51441_ka_f_76.219_L_51441_L_51441_:105-1328	Human	ncbi_virus	NA	91.496	91.496	Human papillomavirus	known_species
481	SRR24580097_0_ka_f_65.113_L_0_L_0_:45-1223	Other	blastn	NA	100	100	Leptonychotes weddellii papillomavirus 10	known_species
482	SRR25256591_49069_ka_f_16.207_L_49069_L_49069_:51-1241	Pangolin	ncbi_virus	NA	96.809	96.809	Manis javanica papillomavirus 1	known_species
483	SRR25256617_433822_ka_f_28.843_L_433822_L_433822_:51-1241	Pangolin	novel	NA	76.157	76.157	Manis javanica papillomavirus 1	new_species
484	SRR25288484_878644_ka_f_55.729_L_1425105_L_871165_L_1609339_:57-1253	Bat	ncbi_virus	NA	100	100	Bat papillomavirus	known_species
485	SRR25288499_1323237_ka_f_21.373_L_1387535_L_1392508_:117-1295	Bat	ncbi_virus	NA	100	100	Bat papillomavirus	known_species
486	SRR25288502_23147_ka_f_9.145_:0-1163	Bat	ncbi_virus	NA	99.914	99.914	Bat papillomavirus	known_species
487	SRR25288568_3883_ka_f_11.586_:150-1337	Bat	ncbi_virus	NA	100	100	Bat papillomavirus	known_species
488	SRR25288618_46896_ka_f_12.019_L_601136_:0-1169	Bat	ncbi_virus	NA	100	100	Scotophilus kuhlii papillomavirus 1	known_species
489	SRR25288701_5279_ka_f_27.563_L_479492_L_608490_L_175015_:225-1412	Bat	ncbi_virus	NA	100	100	Bat papillomavirus	known_species
490	SRR25288734_38715_ka_f_18.608_:96-1286	Bat	ncbi_virus	NA	100	100	Rhinolophus bat papillomavirus 1	known_species
491	SRR25288751_220243_ka_f_18.475_L_240373_L_299617_:0-1148	Bat	novel	NA	68.957	68.957	Pipistrellus kuhlii papillomavirus	new_species
492	SRR25288764_68983_ka_f_24.067_:297-1475	Bat	novel	NA	NA	NA	NA	no_hit
493	SRR25288772_35759_ka_f_36.887_L_546643_L_493319_:0-1142	Bat	ncbi_virus	NA	100	100	Rhinolophus bat papillomavirus 1	known_species
494	SRR25288803_6690_ka_f_57.048_L_16925_L_1102721_L_222594_:81-1265	Bat	ncbi_virus	NA	100	100	Bat papillomavirus	known_species
495	SRR25288805_3846_ka_f_28.631_:321-1505	Bat	ncbi_virus	NA	100	100	Bat papillomavirus	known_species
496	SRR25288841_314141_ka_f_14.768_L_311170_L_463990_L_620599_L_1765121_:87-1283	Bat	novel	NA	84.942	84.942	Bat papillomavirus	new_species
497	SRR25936490_33_ka_f_59.053_L_196390_L_197165_L_197165_:99-1301	Human	ncbi_virus	NA	99.251	99.251	Human papillomavirus	known_species
498	SRR25936499_8999_ka_f_46.135_L_8999_L_8999_:132-1325	Human	ncbi_virus	NA	97.821	97.821	Gammapapillomavirus 18	known_species
499	SRR25936507_9947_ka_f_591.492_L_9947_L_9947_:93-1304	Human	ncbi_virus	NA	98.596	98.596	Human papillomavirus	known_species
500	SRR26458553_28983_ka_f_21.565_:72-1277	Human	novel	NA	86.518	86.518	Human papillomavirus	new_species
501	SRR26848481_1616_ka_f_17.765_L_1616_L_1616_:72-1274	Human	ncbi_virus	NA	99.501	99.501	Human papillomavirus	known_species
502	SRR26848490_36373_ka_f_12.551_L_110108_:93-1298	Human	blastn	NA	98.836	98.836	Gammapapillomavirus 25	known_species
503	SRR27078594_408957_ka_f_90.105_L_408957_L_408957_:141-1331	Human	ncbi_virus	NA	99.328	99.328	Human papillomavirus	known_species
504	SRR27078796_8244_ka_f_5.200_:129-1337	Human	ncbi_virus	NA	96.432	96.432	Human papillomavirus	known_species
505	SRR4201716_3062_ka_f_6.631_L_293822_L_444517_:174-1385	Bat	ncbi_virus	NA	100	100	Molossus molossus papillomavirus 1	known_species
506	SRR4201716_5799_ka_f_48.908_L_5799_L_5799_:93-1304	Bat	ncbi_virus	NA	100	100	Papillomavirus molossus8160	known_species
507	SRR5447148_94_ka_f_23.719_:87-1277	Rodent	ncbi_virus	NA	100	100	Rodent papillomavirus	known_species
508	SRR5447154_114_ka_f_19.439_L_114_L_114_:81-1283	Rodent	ncbi_virus	NA	100	100	Papillomavirus sorex7569	known_species
509	SRR7687863_896_ka_f_67.115_L_895_L_3296_L_1617_:81-1265	Human	ncbi_virus	NA	95.777	95.777	Human papillomavirus	known_species
510	SRR7687899_1840_ka_f_28.919_L_19650_L_37894_:123-1322	Human	ncbi_virus	NA	98.916	98.916	human papillomavirus 137	known_species
511	SRR7688009_1074_ka_f_63.309_L_2380_L_1122_:123-1322	Human	ncbi_virus	NA	100	100	Human papillomavirus	known_species
512	SRR7688413_182_ka_f_191.715_L_543_L_413_:99-1298	Human	ncbi_virus	NA	100	100	Human papillomavirus	known_species
513	SRR7688486_5_ka_f_1139.712_L_235_L_26_:135-1340	Human	ncbi_virus	NA	99.336	99.336	Gammapapillomavirus 18	known_species
514	SRR7688494_11232_ka_f_23.586_L_212923_:105-1319	Human	ncbi_virus	NA	100	100	Human papillomavirus	known_species
515	SRR7688499_675_ka_f_24.319_L_34382_:0-1154	Human	ncbi_virus	NA	99.74	99.74	Human papillomavirus	known_species
516	SRR7688519_11_ka_f_53.228_L_11_L_11_:69-1286	Human	ncbi_virus	NA	100	100	Human papillomavirus	known_species
517	SRR7688770_2363_ka_f_15.940_L_25874_L_30376_L_30398_:0-1085	Human	ncbi_virus	NA	99.72	99.72	Human papillomavirus	known_species
518	SRR7688916_1097_ka_f_32.538_L_510_L_29664_L_439_L_28836_:72-1196	Human	ncbi_virus	NA	100	100	Human papillomavirus	known_species
519	SRR7688916_363_ka_f_30.341_L_13835_L_23380_:144-1355	Human	ncbi_virus	NA	99.257	99.257	Human papillomavirus	known_species
520	SRR7802337_11018_ka_f_19.304_L_11018_L_11018_:99-1208	Human	novel	NA	81.021	81.021	Human papillomavirus	new_species
521	SRR7992538_150_ka_f_36.841_L_295_L_462_L_19562_:138-1343	Human	ncbi_virus	NA	99.834	99.834	Human papillomavirus	known_species
522	SRR8509908_14_ka_f_6.700_:72-1274	Human	ncbi_virus	NA	97.171	97.171	Human papillomavirus	known_species
523	SRR9179401_3119_ka_f_14.344_:99-1280	Human	ncbi_virus	NA	99.746	99.746	Human papillomavirus type XS2	known_species
524	SRR9965440_96_ka_f_12.807_:72-1271	Human	ncbi_virus	NA	98.832	98.832	Gammapapillomavirus 12	known_species
526	SRR7992840Score=547.431_Edges=22243_22247_45345_45343_80869_80871_92347_92349_16519_16517_52623_17673_18273_47027_35183_35185_331_94445_10735_10737_44763_101309_17707_1479_1485_1483_1479_17707_101309_44763_10737_10735_94445_331_35185_35183_47027_18273_17671_16517_52623_17673_18273_47027_35183_35185_331_94445_10735_10737_44763_101309_17707_1479_1485_56489_94621_48933_Position=312_Alignment=40M1I82M1I89M109I47M10I8M1I70M2I59M_ScaffoldSuperpaths=_OriginScaffoldPath=	Human	ncbi_virus	NA	NA	NA	NA	no_hit
527	SRR6442953Score=612.372_Edges=49075_73621_75089_26281_54711_73621_75089_26281_64337_64339_Position=2133_Alignment=40M1I82M1I110M37I26M10I8M1I70M2I59M_ScaffoldSuperpaths=_OriginScaffoldPath=	Human	novel	NA	NA	NA	NA	no_hit
528	SRR5832142Score=393.567_Edges=79_629_31_473_475_497_671_673_343_489_677_467_469_437_295_239_237_249_315_311_715_695_419_415_519_135_349_613_241_243_103_369_365_447_329_Position=16_Alignment=6M1I34M7I32M1I49M11I37M5D95M12D66M36I59M_ScaffoldSuperpaths=_OriginScaffoldPath=	Ray-finned Fish	ncbi_virus	NA	99.309	99.309	Papillomaviridae sp. Haddock_c45	known_species
529	ERR3974446Score=633.869_Edges=149899_Position=5955_Alignment=40M2I122M1D95M7I8M3I70M5I59M_ScaffoldSuperpaths=_OriginScaffoldPath=	Human	ncbi_virus	NA	99.109	99.109	human papillomavirus 168	known_species
530	SRR22230827Score=658.046_Edges=146387_14131_14127_453173_106971_117483_384463_446051_446047_425421_Position=26_Alignment=40M1I82M1I136M10I8M1I70M2I59M_ScaffoldSuperpaths=_OriginScaffoldPath=	Human	novel	NA	89.167	89.167	human papillomavirus 24	new_species
531	SRR7687875Score=641.908_Edges=86409_35993_1683_98053_98057_40123_40121_10011_10007_129151_97679_24017_58097_78241_102791_102795_51163_105523_105527_28903_101761_101763_77299_17619_Position=91_Alignment=40M2I122M1D95M6I8M4I70M4I59M_ScaffoldSuperpaths=_OriginScaffoldPath=	Human	ncbi_virus	NA	98.78	98.78	Human papillomavirus	known_species
532	SRR22230838Score=624.657_Edges=69441_69443_42629_111735_63175_63171_62103_59473_59471_106117_Position=85_Alignment=40M2I81M1I41M1D95M8I8M2I70M2I59M_ScaffoldSuperpaths=_OriginScaffoldPath=	Human	ncbi_virus	NA	98.778	98.778	Gammapapillomavirus 11	known_species
533	SRR6442963Score=662.329_Edges=6961_7563_2737_2739_3495_Position=1488_Alignment=40M1I81M1D136M10I8M2I70M2I59M_ScaffoldSuperpaths=_OriginScaffoldPath=	Human	novel	NA	84.809	84.809	human papillomavirus 25	new_species
534	SRR13789903Score=656.822_Edges=104815_76619_Position=12_Alignment=40M1I81M1D136M10I8M1I70M2I59M_ScaffoldSuperpaths=_OriginScaffoldPath=	Human	novel	NA	89.315	89.315	human papillomavirus 20	new_species
535	SRR7688794Score=658.392_Edges=58089_68145_2997_2999_2799_16935_42899_21725_Position=14_Alignment=40M1I81M1D136M10I8M1I70M2I59M_ScaffoldSuperpaths=_OriginScaffoldPath=	Human	blastn	NA	90.976	90.976	human papillomavirus 12	known_species
536	SRR7992617Score=661.296_Edges=134777_134775_87101_15143_135543_86879_86883_53599_126461_126459_11701_116753_116751_Position=24_Alignment=40M1I81M1D136M10I8M1I70M2I59M_ScaffoldSuperpaths=_OriginScaffoldPath=	Human	blastn	NA	90.848	90.848	human papillomavirus 12	known_species
537	ERR3974446Score=658.813_Edges=89349_138819_49301_266481_Position=401_Alignment=40M2I81M1D40M2D94M10I8M1I70M2I59M_ScaffoldSuperpaths=_OriginScaffoldPath=	Human	novel	NA	88.159	88.159	human papillomavirus 47	new_species
538	SRR3184246Score=654.122_Edges=407429_407427_502389_933_935_1310159_185105_185109_887519_772017_465743_886083_560889_560887_Position=137_Alignment=40M1I81M1D40M1D95M10I8M1I70M2I59M_ScaffoldSuperpaths=_OriginScaffoldPath=	Human	novel	NA	88.527	88.527	Human papillomavirus	new_species
539	SRR26848459Score=648.251_Edges=21_Position=3161_Alignment=40M2I81M1D136M7I8M1I70M2I59M_ScaffoldSuperpaths=_OriginScaffoldPath=	Human	ncbi_virus	NA	99.754	99.754	Papillomavirus panthera7600	known_species
540	SRR7688027Score=652.536_Edges=47247_60073_35101_11083_Position=58_Alignment=258M5I8M1I70M5I59M_ScaffoldSuperpaths=_OriginScaffoldPath=	Human	ncbi_virus	NA	99.754	99.754	Human papillomavirus	known_species
541	SRR26848472Score=648.183_Edges=43_85_Position=3618_Alignment=258M5I8M1I70M4I59M_ScaffoldSuperpaths=_OriginScaffoldPath=	Human	novel	NA	75.041	75.041	Human papillomavirus	new_species
542	ERR11836052Score=649.062_Edges=2461409_972095_155701_Position=1425_Alignment=40M1D80M1D136M7I8M3I70M1I59M_ScaffoldSuperpaths=_OriginScaffoldPath=	Human	novel	NA	89.191	89.191	Human papillomavirus 138	new_species
543	SRR13789172Score=645.947_Edges=189405_Position=3114_Alignment=40M1I81M1D41M1I95M7I8M2I70M1D58M_ScaffoldSuperpaths=_OriginScaffoldPath=	Human	novel	NA	80.556	80.556	Human papillomavirus type 198	new_species
544	SRR7687982Score=663.518_Edges=63979_63975_136613_102673_113931_100043_113877_3673_55295_69351_43191_24379_116905_116907_109487_39973_39977_148497_27371_45533_45529_69383_51181_51183_124583_55065_118723_87183_87185_87321_87317_20903_20899_149835_149837_147223_147217_97573_63899_45387_130547_130543_7985_7517_58689_58685_132611_85719_85717_72255_84795_84797_11889_139993_139991_64935_64931_10575_144551_139347_133985_101905_94067_94065_56677_5559_97649_124885_66723_110631_24151_162919_162917_154339_8803_13355_13351_62615_62619_61843_61847_68709_68713_102491_85255_85259_104109_28687_9921_84159_115307_99477_99479_130487_145735_14889_14891_48091_48089_45683_59807_87857_25019_118937_118935_115849_81829_81825_59693_59695_149729_52465_121109_159019_159023_151695_74839_38985_2801_58487_58491_96529_152961_73643_69693_69691_12195_156075_28997_6111_11493_66349_66345_86249_86247_40509_40507_26849_26853_114649_153677_12545_75029_75031_78875_147135_83471_71145_71141_35761_929_126459_126455_139015_94187_55625_124161_87707_126651_67319_67315_84921_23619_33333_33329_132211_109901_109905_54147_12967_56493_29241_100641_100635_101787_141547_141543_74359_74355_127933_67895_67897_30305_70739_70741_35381_35375_93289_69943_157485_160143_160147_137709_152891_152897_87495_85173_155651_155657_90469_48801_89945_125961_116589_61249_11525_115001_81091_6047_3971_3975_88067_139111_139109_57771_62733_94429_153617_51549_11877_11873_32617_68345_125553_160089_160087_140427_36187_49151_77453_77457_132307_156563_115911_55673_55675_37521_30473_26791_99763_19985_90259_90257_119093_67457_67459_13331_60053_60057_30033_96883_22181_119993_155193_45997_45999_105799_56011_151339_151343_995_14191_93443_73959_122901_122899_101679_101673_7497_19227_96317_83019_25009_25007_119819_38221_69805_6227_49715_49717_111629_135909_135905_101769_30583_30587_39281_83721_147607_147609_159843_69655_154559_154561_100773_96805_90223_90225_43913_146649_67495_134869_39499_162177_98589_138959_30645_30649_64277_139129_Position=4_Alignment=40M1I82M1I136M7I8M1I70M1D58M_ScaffoldSuperpaths=_OriginScaffoldPath=	Human	novel	NA	83.361	83.361	Human papillomavirus type 49	new_species
545	SRR7688505Score=664.8_Edges=121595_122817_122811_95289_16539_148831_101681_105189_94775_82345_82347_19669_133049_133053_77191_29323_29319_6863_127375_Position=0_Alignment=40M1I218M2I8M4I70M2I59M_ScaffoldSuperpaths=_OriginScaffoldPath=	Human	ncbi_virus	NA	95.197	95.197	Human papillomavirus	known_species
546	SRR13726053Score=654.042_Edges=196821_561127_565215_7581_326757_Position=707_Alignment=40M1I81M1D40M1I96M7I8M1I70M1D58M_ScaffoldSuperpaths=_OriginScaffoldPath=	Human	novel	NA	88.075	88.075	Human papillomavirus;Human papillomavirus 122	new_species
547	SRR27078656Score=607.919_Edges=47_45_Position=4370_Alignment=40M2I121M2D95M4I8M1I70M3I59M_ScaffoldSuperpaths=_OriginScaffoldPath=	Human	novel	NA	86.079	86.079	Human papillomavirus 179	new_species
548	ERR3209880Score=649.198_Edges=151_83_19_137_235_239_241_5_Position=1289_Alignment=40M1I81M1D136M7I8M1I70M1D58M_ScaffoldSuperpaths=_OriginScaffoldPath=	Metagenome	novel	NA	88.284	88.284	Human papillomavirus 111	new_species
549	SRR6442956Score=660.793_Edges=23227_28303_11573_11569_5453_4781_4779_18015_Position=60_Alignment=40M1I81M1D136M7I8M1I70M1D58M_ScaffoldSuperpaths=_OriginScaffoldPath=	Human	novel	NA	84.622	84.622	human papillomavirus 12	new_species
550	SRR7687884Score=646.061_Edges=5033_3329_113_3015_Position=283_Alignment=40M1I81M1D136M7I8M1I70M1D58M_ScaffoldSuperpaths=_OriginScaffoldPath=	Human	novel	NA	85.572	85.572	Human papillomavirus 15	new_species
551	SRR25288745Score=628.557_Edges=290101_Position=1762_Alignment=40M1D81M3I144M2I70M2I59M_ScaffoldSuperpaths=_OriginScaffoldPath=	Bat	novel	NA	79.555	79.555	Papillomavirus rhinolophus8112	new_species
552	SRR6442906Score=651.695_Edges=14121_26719_26721_2477_Position=149_Alignment=40M1I226M2I70M2I59M_ScaffoldSuperpaths=_OriginScaffoldPath=	Human	novel	NA	NA	NA	NA	no_hit
553	SRR7688513Score=617.383_Edges=67_65_Position=4234_Alignment=122M2I39M2D103M2I70M3I59M_ScaffoldSuperpaths=_OriginScaffoldPath=	Human	ncbi_virus	NA	100	100	Human papillomavirus	known_species
554	SRR7287193Score=561.411_Edges=9_Position=2579_Alignment=40M1D80M1D40M2I96M3I8M3I69M2D58M_ScaffoldSuperpaths=_OriginScaffoldPath=	Bovine	ncbi_virus	NA	100	100	Bovine papillomavirus	known_species
555	SRR6442992Score=637.458_Edges=31_35_117_113_Position=59_Alignment=40M1I81M1D136M7I6M2D69M2D58M_ScaffoldSuperpaths=_OriginScaffoldPath=	Human	ncbi_virus	NA	100	100	Betapapillomavirus 2	known_species
556	SRR7122346Score=661.05_Edges=31_29_93_73_87_197_157_153_213_139_177_91_83_67_65_49_141_111_17_19_129_133_51_63_61_183_185_207_27_Position=269_Alignment=40M1D80M1D39M2D95M5I8M1I70M1D58M_ScaffoldSuperpaths=_OriginScaffoldPath=	Rodent	ncbi_virus	NA	99.832	99.832	Papillomavirus apodemus7726	known_species
557	DRR472523Score=644.598_Edges=497_505_503_Position=398_Alignment=40M1I224M1D71M1D58M_ScaffoldSuperpaths=_OriginScaffoldPath=	Human	blastn	NA	91.062	91.062	human papillomavirus 35	known_species
558	ERR1992808Score=524.986_Edges=17_Position=2_Alignment=15D25M1I82M1I41M1I95M7I8M1I70M2I59M_ScaffoldSuperpaths=_OriginScaffoldPath=	Other	ncbi_virus	NA	100	100	Tursiops truncatus papillomavirus 2	known_species
559	SRR22071720Score=637.837_Edges=11_43_89_91_45_71_Position=12_Alignment=40M1D225M1I68M3D58M_ScaffoldSuperpaths=_OriginScaffoldPath=	Rodent	ncbi_virus	NA	93.059	93.059	Rattus norvegicus papillomavirus 3	known_species
560	ERR10188014Score=575.246_Edges=21_Position=1781_Alignment=40M2D222M1D71M1D58M_ScaffoldSuperpaths=_OriginScaffoldPath=	Bovine	novel	NA	NA	NA	NA	no_hit
561	SRR21838350Score=632.286_Edges=11_9_13_Position=942_Alignment=40M1I122M2D101M1D69M2D58M_ScaffoldSuperpaths=_OriginScaffoldPath=	Non-human Primate	ncbi_virus	NA	100	100	Pan troglodytes papillomavirus 1	known_species
562	SRR8509862Score=634.492_Edges=39_61_11_7_45_47_27_Position=45_Alignment=40M1D223M1D69M3D58M_ScaffoldSuperpaths=_OriginScaffoldPath=	Human	ncbi_virus	NA	96.41	96.41	Human papillomavirus type 6	known_species
563	SRR17140449Score=612.795_Edges=25_27_15_17_Position=2364_Alignment=40M1I75M2D45M1D101M2D68M3D58M_ScaffoldSuperpaths=_OriginScaffoldPath=	Metagenome	ncbi_virus	NA	99.571	99.571	Human papillomavirus type 57b	known_species
564	ERR10188130_181255_ka_f_81.549_L_472181_L_3462390_L_25663_L_3125870_:156-1325	Bovine	ncbi_virus	NA	100	100	Bos taurus papillomavirus	known_species
565	ERR10188171_3724_ka_f_9.505_:90-1271	Bovine	novel	NA	76.697	76.697	Bos taurus papillomavirus 36	new_species
566	ERR10641060_1639001_ka_f_42.562_L_1639001_L_1639001_:81-1301	Other	ncbi_virus	NA	99.754	99.754	Human papillomavirus	known_species
567	ERR10857002_3475_ka_f_17.107_L_3475_L_3475_:90-1283	Human	ncbi_virus	NA	99.581	99.581	human papillomavirus 166	known_species
568	ERR11041653_80604_ka_f_7.471_L_810287_:102-1319	Other	ncbi_virus	NA	99.671	99.671	Human papillomavirus	known_species
569	ERR11203043_2511650_ka_f_12.833_L_2511650_L_2511650_:84-1259	Canine	ncbi_virus	NA	93.872	93.872	Canis familiaris papillomavirus 14	known_species
570	ERR11203063_118344_ka_f_5.200_:84-1238	Canine	ncbi_virus	NA	99.913	99.913	Canis familiaris papillomavirus 20	known_species
571	ERR11785783_542324_ka_f_124.224_L_542324_L_542324_:87-1253	Bovine	novel	NA	NA	NA	NA	no_hit
572	ERR1301447_2108_ka_f_5.661_:51-1232	Bat	novel	NA	NA	NA	NA	no_hit
573	ERR1332600_34091_ka_f_38.937_L_15724_L_92063_:96-1301	Metagenome	ncbi_virus	NA	99.751	99.751	Human papillomavirus	known_species
574	ERR1992808_921539_ka_f_7.462_:0-1163	Other	ncbi_virus	NA	100	100	Trichechus manatus latirostris papillomavirus 3	known_species
575	SRR11783907_19_ka_f_21.851_L_8393_L_12745_L_12884_:48-1256	Human	ncbi_virus	NA	98.675	98.675	Human papillomavirus	known_species
576	SRR11842090_13702_ka_f_15.282_:75-1253	Bovine	novel	NA	NA	NA	NA	no_hit
577	SRR12596806_17216_ka_f_11.744_L_17216_L_17216_:75-1250	Other	novel	NA	NA	NA	NA	no_hit
578	SRR12791959_2140_ka_f_9.377_L_45915_L_5469_:60-1277	Human	ncbi_virus	NA	99.507	99.507	Human papillomavirus	known_species
579	SRR13233338_88436_ka_f_18.558_:138-1316	Canine	ncbi_virus	NA	99.915	99.915	Papillomavirus canis8363	known_species
580	SRR13235192_177217_ka_f_211.739_L_177217_L_177217_:96-1274	Canine	novel	NA	80.017	80.017	Canis familiaris papillomavirus 19	new_species
581	SRR13235220_9564_ka_f_29.494_:84-1268	Canine	novel	NA	NA	NA	NA	no_hit
582	SRR13783792_45920_ka_f_54.088_L_45920_L_45920_:81-1304	Mustelid	novel	NA	NA	NA	NA	no_hit
583	SRR13789172_222077_ka_f_25.494_L_545062_:90-1208	Human	ncbi_virus	NA	99.642	99.642	Human papillomavirus	known_species
584	SRR13789200_626345_ka_f_54.561_L_33355_L_749643_L_347564_:0-1211	Human	ncbi_virus	NA	99.339	99.339	Human papillomavirus 143	known_species
585	SRR13789583_31555_ka_f_8.200_:48-1259	Human	novel	NA	86.942	86.942	Human papillomavirus 116	new_species
586	SRR13789974_47431_ka_f_183.482_L_47431_L_47431_:72-1289	Human	ncbi_virus	NA	99.918	99.918	Human papillomavirus	known_species
587	SRR14611555_2230_ka_f_23.050_L_2230_L_2230_:267-1421	Metagenome	novel	NA	NA	NA	NA	no_hit
588	SRR15046105_1835_ka_f_6.093_:0-1106	Ray-finned Fish	novel	NA	87.161	87.161	synthetic construct	new_species
589	SRR1622899_53_ka_f_2218.022_L_62_L_497_L_499_:192-1421	Human	ncbi_virus	NA	93.328	93.328	Human papillomavirus	known_species
590	SRR16611435_9052_ka_f_192.566_L_9052_L_9052_:249-1427	Rodent	novel	NA	NA	NA	NA	no_hit
591	SRR16938422_12360_ka_f_9.149_:147-1364	Other	ncbi_virus	NA	98.439	98.439	Gammapapillomavirus 22	known_species
592	SRR16955421_10395_ka_f_7.047_:141-1340	Rodent	ncbi_virus	NA	99.416	99.416	Human papillomavirus	known_species
593	SRR18400592_8484_ka_f_15.001_L_1407178_:225-1397	Canine	ncbi_virus	NA	99.744	99.744	Canine papillomavirus 23	known_species
594	SRR20701368_3697_ka_f_81.159_L_390569_L_423575_L_243499_:45-1184	Amphibian	novel	NA	NA	NA	NA	no_hit
595	SRR20985014_1849650_ka_f_6.000_:93-1253	Ursine	novel	NA	NA	NA	NA	no_hit
596	SRR21284445_1_ka_f_92.391_L_1_L_1_:6-1205	Non-human Primate	ncbi_virus	NA	100	100	Varecia variegata papillomavirus 2	known_species
597	SRR2146115_0_ka_f_61.790_:81-1262	Bovine	ncbi_virus	NA	100	100	Alces alces papillomavirus 1	known_species
598	SRR22028468_199653_ka_f_18.451_L_199653_L_199653_:69-1301	Reptile	novel	NA	NA	NA	NA	no_hit
599	SRR22071704_12049_ka_f_77.775_L_52033_L_23986_L_52033_:78-1268	Rodent	ncbi_virus	NA	99.581	99.581	Rodent papillomavirus	known_species
600	SRR22462927_6462_ka_f_74.837_L_6462_L_427133_L_6462_:216-1367	Human	novel	NA	85.208	85.208	Human papillomavirus	new_species
601	SRR22765732_102252_ka_f_17.494_:156-1376	Human	ncbi_virus	NA	99.918	99.918	Gammapapillomavirus 24	known_species
602	SRR22765732_302938_ka_f_25.717_L_447294_L_447294_:105-1316	Human	ncbi_virus	NA	99.009	99.009	Human papillomavirus	known_species
603	SRR23999404_33876_ka_f_8.188_L_1035961_L_1039786_:60-1280	Metagenome	ncbi_virus	NA	99.098	99.098	human papillomavirus 118	known_species
604	SRR24719138_20345_ka_f_25.949_L_20345_L_20345_L_46153_:45-1142	Amphibian	novel	NA	NA	NA	NA	no_hit
605	SRR24725051_232888_ka_f_26.173_L_6115604_L_1268227_:18-1307	Amphibian	novel	NA	NA	NA	NA	no_hit
606	SRR24905859_18489_ka_f_75.260_L_81321_L_122714_L_189755_:0-1139	Human	novel	NA	80.648	80.648	human papillomavirus 82	new_species
607	SRR24963196_44112_ka_f_39.614_L_1050515_L_4252764_L_4782298_:60-1181	Bovine	novel	NA	NA	NA	NA	no_hit
608	SRR25288616_24264_ka_f_34.714_L_10978_L_257429_L_282283_:54-1256	Bat	novel	NA	77.851	77.851	Bat papillomavirus	new_species
609	SRR25288681_1210_ka_f_60.565_L_205927_L_514796_L_60310_L_64311_:84-1274	Bat	ncbi_virus	NA	100	100	Bat papillomavirus	known_species
610	SRR25288687_9040_ka_f_23.487_L_9040_L_9040_:51-1223	Bat	ncbi_virus	NA	100	100	Scotophilus kuhlii papillomavirus 1	known_species
611	SRR25288693_7121_ka_f_24.388_L_71834_:81-1289	Bat	novel	NA	80.61	80.61	Bat papillomavirus	new_species
612	SRR25288736_1856_ka_f_13.186_:57-1250	Bat	ncbi_virus	NA	100	100	Bat papillomavirus	known_species
613	SRR25288812_51618_ka_f_30.042_L_245218_L_20800_:81-1295	Bat	novel	NA	76.923	76.923	Bat papillomavirus	new_species
614	SRR2566034_10401_ka_f_13.131_L_10401_L_10401_:69-1286	Human	ncbi_virus	NA	99.753	99.753	Gammapapillomavirus sp.	known_species
615	SRR25790691_65511_ka_f_176.140_L_79475_:135-1352	Human	novel	NA	79.639	79.639	Human papillomavirus	new_species
616	SRR25936516_7739_ka_f_10.514_L_22578_:60-1265	Human	novel	NA	NA	NA	NA	no_hit
617	SRR26208200_830113_ka_f_53.281_L_1001689_L_843656_:63-1280	Human	novel	NA	81.893	81.893	Human papillomavirus	new_species
618	SRR26395417_738037_ka_f_198.467_L_738037_L_738037_:138-1337	Porcine	novel	NA	NA	NA	NA	no_hit
619	SRR27078533_6343_ka_f_35.747_L_6343_L_6343_:69-1286	Human	ncbi_virus	NA	98.028	98.028	human papillomavirus 131	known_species
620	SRR3672741_4018_ka_f_2750.056_L_29840_L_29841_L_7655_L_16227_:51-1226	Other	novel	NA	NA	NA	NA	no_hit
621	SRR6150429_3023_ka_f_31.700_L_3023_L_3023_:78-1289	Rodent	ncbi_virus	NA	99.587	99.587	Human papillomavirus	known_species
622	SRR6442906_1193_ka_f_21.711_L_22765_L_22769_:78-1208	Human	ncbi_virus	NA	99.735	99.735	Human papillomavirus 204	known_species
623	SRR6442947_636_ka_f_33.491_L_8957_:75-1283	Human	ncbi_virus	NA	100	100	Gammapapillomavirus sp.	known_species
624	SRR7287334_9179_ka_f_6.861_:255-1445	Avian	novel	NA	73.128	73.128	Papillomavirus luscinia7441	new_species
625	SRR7687906_33631_ka_f_41.530_L_150439_L_139515_:0-1190	Human	ncbi_virus	NA	99.916	99.916	Human papillomavirus	known_species
626	SRR7688426_29_ka_f_15.844_L_68_L_90_:105-1328	Human	ncbi_virus	NA	99.509	99.509	Human papillomavirus	known_species
627	SRR7688504_2094_ka_f_60.516_L_7772_L_2969_:0-1163	Human	ncbi_virus	NA	100	100	Human papillomavirus	known_species
628	SRR7688793_1715_ka_f_68.462_L_121985_L_124374_L_2619_:3-1211	Human	ncbi_virus	NA	99.502	99.502	human papillomavirus 25	known_species
629	SRR7688806_60_ka_f_92.130_L_562_L_15554_L_9282_L_19879_:123-1319	Human	ncbi_virus	NA	100	100	Human papillomavirus	known_species
630	SRR9897644_673202_ka_f_7.942_:60-1205	Ray-finned Fish	novel	NA	NA	NA	NA	no_hit
631	SRR16368196Score=583.443_Edges=4615_2623_5721_8235_4925_975_8577_7001_6999_7959_6123_6119_2897_1207_3917_3915_4849_779_5439_9429_4309_9429_5439_779_4849_3915_3917_1207_2897_3909_3907_531_8573_8577_975_4925_6791_2905_7087_7089_2889_Position=29_Alignment=40M1I81M31I6M43I137M1D70M2D58M_ScaffoldSuperpaths=_OriginScaffoldPath=	Human	novel	NA	NA	NA	NA	no_hit
632	ERR3209880Score=650.84_Edges=125_85_83_19_137_235_239_107_Position=290_Alignment=40M1I81M1D136M10I8M1I70M2I59M_ScaffoldSuperpaths=_OriginScaffoldPath=	Metagenome	novel	NA	85.146	85.146	Betapapillomavirus 1	new_species
633	ERR3974441Score=659.81_Edges=216571_91725_91727_181389_74849_12851_Position=333_Alignment=40M1I81M1D136M10I8M1I70M2I59M_ScaffoldSuperpaths=_OriginScaffoldPath=	Human	novel	NA	89.748	89.748	human papillomavirus 36	new_species
634	ERR3974473Score=647.541_Edges=1736391_1736387_1135909_1135907_699345_Position=32_Alignment=40M1I81M1D136M10I8M1I70M2I59M_ScaffoldSuperpaths=_OriginScaffoldPath=	Human	blastn	NA	95.574	95.574	human papillomavirus 36	known_species
635	SRR7688919Score=667.783_Edges=76301_69179_56015_56017_89747_8549_10829_79277_1135_1137_69487_89987_89983_84871_34521_26059_26057_39781_22105_Position=0_Alignment=40M1I81M1D136M10I8M1I70M2I59M_ScaffoldSuperpaths=_OriginScaffoldPath=	Human	ncbi_virus	NA	92.677	92.677	Human papillomavirus 105	known_species
636	SRR7688748Score=666.857_Edges=77189_122237_122239_103841_9949_6375_114887_114889_94261_39489_19927_98741_61871_38777_38779_107_72427_72429_789_19027_19023_84305_84303_81613_39457_39453_106503_114629_18339_97597_91423_96589_22793_88757_25221_28625_28623_53311_48617_88483_83685_98101_92443_92441_42311_8211_64325_64329_40253_4565_83255_83259_9673_17465_7157_12667_73931_100291_14479_112571_112563_38643_94667_117321_117323_7641_22005_29283_29287_27783_76959_Position=126_Alignment=40M1I81M1D136M10I8M1I70M1D58M_ScaffoldSuperpaths=_OriginScaffoldPath=	Human	novel	NA	86.942	86.942	Human papillomavirus 105	new_species
637	SRR14825287Score=647.913_Edges=35_55_101_Position=24_Alignment=40M1I81M1D41M1I95M7I8M1I70M1D58M_ScaffoldSuperpaths=_OriginScaffoldPath=	Human	novel	NA	89.587	89.587	Human papillomavirus type 38b	new_species
638	SRR1622844Score=661.431_Edges=10089_10087_9917_Position=794_Alignment=40M2I81M1D136M6I8M1I129M_ScaffoldSuperpaths=_OriginScaffoldPath=	Human	ncbi_virus	NA	99.835	99.835	Human papillomavirus 95	known_species
639	SRR26848456Score=646.634_Edges=51459_Position=2929_Alignment=40M1D80M1D136M7I8M3I70M1D58M_ScaffoldSuperpaths=_OriginScaffoldPath=	Human	novel	NA	83.596	83.596	Human papillomavirus 138	new_species
640	SRR7688471Score=650.562_Edges=1493_1453_8799_5747_11183_8335_8339_18853_16901_16355_6145_6649_19137_955_951_14103_8667_8669_1671_595_11591_1775_12817_4957_8927_12869_16745_14567_14569_15553_3265_2549_2551_10375_8287_12661_12663_Position=416_Alignment=40M1I81M1D136M7I8M1I70M1D58M_ScaffoldSuperpaths=_OriginScaffoldPath=	Human	novel	NA	86.867	86.867	Human papillomavirus 145	new_species
641	SRR5832142Score=646.582_Edges=211_443_Position=192_Alignment=40M1D80M1D39M2D95M5I8M1I70M1D58M_ScaffoldSuperpaths=_OriginScaffoldPath=	Ray-finned Fish	ncbi_virus	NA	100	100	Mus musculus papillomavirus type 1	known_species
642	ERR10187989Score=623.062_Edges=5_Position=1621_Alignment=40M1D80M1D40M2D94M6I6M4D68M2I59M_ScaffoldSuperpaths=_OriginScaffoldPath=	Bovine	ncbi_virus	NA	99.916	99.916	Bos taurus papillomavirus 39	known_species
643	SRR15719352Score=644.901_Edges=23565_4659_18781_18785_22625_22621_Position=603_Alignment=40M2I224M1D70M2D58M_ScaffoldSuperpaths=_OriginScaffoldPath=	Metagenome	novel	NA	87.29	87.29	Human papillomavirus 16	new_species
644	SRR18086812Score=629.853_Edges=98195_98201_10289_10291_Position=45_Alignment=40M2I122M1D101M1D71M1D58M_ScaffoldSuperpaths=_OriginScaffoldPath=	Other	ncbi_virus	NA	90.723	90.723	human papillomavirus 58	known_species
645	SRR2063924Score=650.799_Edges=45_51_13_17_Position=555_Alignment=266M1I68M3D58M_ScaffoldSuperpaths=_OriginScaffoldPath=	Bat	ncbi_virus	NA	100	100	Papillomavirus rhinolophus4626	known_species
646	SRR21838346Score=641.984_Edges=9_Position=3571_Alignment=40M1D224M1D70M1D58M_ScaffoldSuperpaths=_OriginScaffoldPath=	Non-human Primate	ncbi_virus	NA	100	100	Pan paniscus papillomavirus 1	known_species
647	SRR8509859Score=630.802_Edges=39_33_153_13_Position=2176_Alignment=264M3D67M3D58M_ScaffoldSuperpaths=_OriginScaffoldPath=	Human	blastn	NA	90.557	90.557	human papillomavirus 35	known_species
648	SRR4332828Score=303.531_Edges=85_Position=1359_Alignment=9M1I31M3D27M1D44M10D33M15I16M3I21M1I16M4I46M14D64M5D55M_ScaffoldSuperpaths=_OriginScaffoldPath=	Amphibian	ncbi_virus	NA	100	100	Papillomavirus rana5986	known_species
649	SRR4332828Score=261.287_Edges=143_147_173_167_107_53_109_Position=427_Alignment=6M1I34M2D35M1D43M8D29M17I14M2I23M1D15M3I40M17D68M6D53M_ScaffoldSuperpaths=_OriginScaffoldPath=	Amphibian	novel	NA	NA	NA	NA	no_hit
650	DRR319698Score=299.228_Edges=9_Position=54_Alignment=40M2D30M1I86M9D28M1D15M3I44M4D5M2D68M3D58M_ScaffoldSuperpaths=_OriginScaffoldPath=	Ray-finned Fish	novel	NA	NA	NA	NA	no_hit
651	DRR336006_10198_ka_f_37.208_:108-1289	Other	novel	NA	NA	NA	NA	no_hit
652	ERR10447054_307295_ka_f_16.136_L_307295_L_307295_:96-1286	Canine	ncbi_virus	NA	100	100	Vulpes vulpes papillomavirus 1	known_species
653	ERR10942642_120924_ka_f_40.186_L_120924_L_120924_:141-1346	Non-human Primate	novel	NA	NA	NA	NA	no_hit
654	ERR11271768_87624_ka_f_15.430_L_15196277_:234-1412	Canine	novel	NA	NA	NA	NA	no_hit
655	ERR11284567_560642_ka_f_1482.555_L_13182773_L_13294070_L_752176_:210-1388	Canine	novel	NA	NA	NA	NA	no_hit
656	ERR11318753_215_ka_f_11.191_:198-1379	Human	ncbi_virus	NA	99.492	99.492	human papillomavirus 89	known_species
657	ERR1332591_10086_ka_f_91.774_L_1239196_L_2477_:126-1337	Metagenome	ncbi_virus	NA	95.613	95.613	Gammapapillomavirus 9	known_species
658	ERR2850639_484271_ka_f_25.795_L_484271_L_484271_:72-1301	Ray-finned Fish	novel	NA	88.78	88.78	Papillomavirus gadus5887	new_species
659	ERR3675775_12414_ka_f_165.913_L_12414_L_12414_:105-1334	Metagenome	ncbi_virus	NA	99.675	99.675	Human papillomavirus 171	known_species
660	ERR7528825_1270_ka_f_20.496_L_1270_L_1270_:72-1280	Human	ncbi_virus	NA	98.344	98.344	Human papillomavirus	known_species
661	SRR10002804_20302_ka_f_7.863_:129-1313	Metagenome	ncbi_virus	NA	99.916	99.916	Human papillomavirus 117	known_species
662	SRR11817823_1220_ka_f_76.684_L_1220_L_1220_:87-1277	Other	ncbi_virus	NA	99.832	99.832	Human papillomavirus	known_species
663	SRR12089738_3055_ka_f_386.640_L_327336_L_327336_:102-1334	Human	ncbi_virus	NA	90.179	90.179	Human papillomavirus 202	known_species
664	SRR13234992_37666_ka_f_28.625_:84-1265	Canine	ncbi_virus	NA	100	100	Papillomavirus canis7118	known_species
665	SRR13725997_12375_ka_f_31.931_L_300733_L_605001_L_682910_:123-1331	Human	ncbi_virus	NA	100	100	Human papillomavirus	known_species
666	SRR13789197_86377_ka_f_10.000_L_128629_:126-1319	Human	ncbi_virus	NA	99.497	99.497	Human papillomavirus	known_species
667	SRR13789200_435849_ka_f_210.756_L_435849_L_435849_:69-1286	Human	ncbi_virus	NA	99.836	99.836	Human papillomavirus	known_species
668	SRR13789490_11718_ka_f_15.136_:99-1298	Human	ncbi_virus	NA	98.832	98.832	Human papillomavirus type 210	known_species
669	SRR13789591_29518_ka_f_12.141_:81-1208	Human	novel	NA	76.611	76.611	Human papillomavirus	new_species
670	SRR13789912_29274_ka_f_18.312_L_29274_L_29274_:72-1274	Human	novel	NA	77.051	77.051	Gammapapillomavirus 12	new_species
671	SRR13789933_12475_ka_f_10.529_:93-1307	Human	novel	NA	80.348	80.348	Human papillomavirus	new_species
672	SRR13789974_1499_ka_f_279.303_L_1499_L_1499_:96-1307	Human	ncbi_virus	NA	99.257	99.257	Human papillomavirus	known_species
673	SRR14129908_9407_ka_f_90.295_L_9407_L_650046_L_9407_L_650046_:99-1274	Canine	ncbi_virus	NA	100	100	Canis familiaris papillomavirus 2	known_species
674	SRR14731645_254385_ka_f_11.562_L_9849982_L_4506929_:45-1166	Amphibian	novel	NA	NA	NA	NA	no_hit
675	SRR14825199_4094_ka_f_48.715_:75-1280	Human	novel	NA	84.463	84.463	Gammapapillomavirus sp.	new_species
676	SRR15239218_443_ka_f_255.616_L_395_L_395_:123-1319	Human	ncbi_virus	NA	99.749	99.749	human papillomavirus 114	known_species
677	SRR15292755_1259225_ka_f_59.198_L_1259225_L_1259225_:159-1334	Feline	ncbi_virus	NA	100	100	Papillomavirus panthera8334	known_species
678	SRR17035102_23469_ka_f_64.311_L_1444328_L_1041166_:111-1286	Cervine	novel	NA	73.702	73.702	Capra hircus papillomavirus 1	new_species
679	SRR17035102_79120_ka_f_10.739_:144-1247	Cervine	novel	NA	NA	NA	NA	no_hit
680	SRR17035106_3316_ka_f_20.135_L_550708_L_550708_:54-1202	Cervine	novel	NA	NA	NA	NA	no_hit
681	SRR19115560_2307_ka_f_39.696_:54-1280	Bat	novel	NA	NA	NA	NA	no_hit
682	SRR19145031_2264_ka_f_15.438_L_73617_L_37972_:141-1346	Human	ncbi_virus	NA	100	100	human papillomavirus 101	known_species
683	SRR19145033_35471_ka_f_17.010_L_35471_L_35471_:78-1289	Human	ncbi_virus	NA	99.257	99.257	Human papillomavirus	known_species
684	SRR20730070_355699_ka_f_5.329_:87-1271	Rodent	novel	NA	NA	NA	NA	no_hit
685	SRR2146113_0_ka_f_61.608_:93-1277	Canine	ncbi_virus	NA	100	100	Canis familiaris papillomavirus 3	known_species
686	SRR21973340_223208_ka_f_10.551_L_322459_L_115933_L_946037_:120-1295	Human	ncbi_virus	NA	98.796	98.796	Human papillomavirus	known_species
687	SRR22071707_5453_ka_f_73.655_L_5453_L_5453_:123-1208	Rodent	novel	NA	85.912	85.912	Rattus norvegicus papillomavirus 3	new_species
688	SRR24184640_192549_ka_f_20.737_L_192549_L_192549_:42-1178	Amphibian	novel	NA	NA	NA	NA	no_hit
689	SRR24580096_1_ka_f_122.317_L_5_L_9_:240-1433	Other	ncbi_virus	NA	100	100	Leptonychotes weddellii papillomavirus 6	known_species
690	SRR24580102_7_ka_f_365.615_L_666_L_667_:234-1421	Other	blastn	NA	100	100	Leptonychotes weddellii papillomavirus 11	known_species
691	SRR24580105_1_ka_f_42.586_L_12_L_12_:240-1433	Other	blastn	NA	100	100	Arctocephalus gazella papillomavirus 1	known_species
692	SRR24580106_1_ka_f_83.760_L_13_L_13_:237-1421	Other	blastn	NA	100	100	Hydrurga leptonyx papillomavirus 1	known_species
693	SRR24580106_2_ka_f_132.417_L_2_L_2_:66-1262	Other	blastn	NA	100	100	Hydrurga leptonyx papillomavirus 3	known_species
694	SRR24724941_48294_ka_f_26.790_L_48294_L_48294_:57-1349	Amphibian	novel	NA	NA	NA	NA	no_hit
695	SRR25256528_292062_ka_f_517.540_L_292062_L_292062_:477-1652	Pangolin	novel	NA	NA	NA	NA	no_hit
696	SRR25256529_228985_ka_f_11.800_L_1739997_L_3462011_:0-1124	Pangolin	novel	NA	NA	NA	NA	no_hit
697	SRR25256564_207500_ka_f_17.658_L_207500_L_207500_:246-1421	Pangolin	novel	NA	75.042	75.042	Manis pentadactyla papillomavirus 1	new_species
698	SRR25288481_627694_ka_f_41.173_L_743053_L_816730_:0-1163	Bat	novel	NA	77.702	77.702	Bat papillomavirus	new_species
699	SRR25288506_3447_ka_f_17.050_L_199506_L_208658_L_471264_:0-1163	Bat	novel	NA	85.393	85.393	Rhinolophus bat papillomavirus 1	new_species
700	SRR25288617_648_ka_f_21.423_L_166237_L_3255277_:0-1154	Bat	ncbi_virus	NA	100	100	Bat papillomavirus	known_species
701	SRR25288692_295630_ka_f_125.576_L_572282_L_376099_:51-1217	Bat	ncbi_virus	NA	100	100	Bat papillomavirus	known_species
702	SRR25288726_79248_ka_f_17.972_L_715767_:102-1313	Bat	novel	NA	79.399	79.399	Bat papillomavirus	new_species
703	SRR25288772_123409_ka_f_11.359_L_546643_L_737410_:0-1142	Bat	novel	NA	84.481	84.481	Rhinolophus bat papillomavirus 1	new_species
704	SRR25288818_386865_ka_f_23.957_L_407280_:51-1226	Bat	ncbi_virus	NA	100	100	Bat papillomavirus	known_species
705	SRR25288825_178043_ka_f_12.430_L_814548_L_733799_:117-1298	Bat	novel	NA	74.452	74.452	Rhinolophus bat papillomavirus 1	new_species
706	SRR25663069_401327_ka_f_559.276_L_2090897_L_2255657_L_861725_L_2575375_:0-1175	Avian	novel	NA	NA	NA	NA	no_hit
707	SRR26324875_0_ka_f_80.714_L_0_L_0_:78-1280	Non-human Primate	blastn	NA	100	100	Varecia rubra papillomavirus 1	known_species
708	SRR26458551_5566_ka_f_34.771_L_5566_L_5566_:135-1352	Human	ncbi_virus	NA	93.328	93.328	Human papillomavirus	known_species
709	SRR26848413_15197_ka_f_574.975_L_15197_L_15197_:78-1307	Human	ncbi_virus	NA	100	100	Human papillomavirus	known_species
710	SRR27078892_130_ka_f_177.709_L_130_L_130_:81-1271	Human	ncbi_virus	NA	98.571	98.571	Human papillomavirus	known_species
711	SRR5042766_2243_ka_f_10.000_:39-1166	Amphibian	novel	NA	NA	NA	NA	no_hit
712	SRR5415516_8625_ka_f_21.467_L_8625_L_8625_:63-1244	Rodent	ncbi_virus	NA	100	100	Papillomavirus rodent7632	known_species
713	SRR5447173_250_ka_f_13.993_L_250_L_250_:204-1379	Rodent	ncbi_virus	NA	99.404	99.404	Papillomavirus meriones7946	known_species
714	SRR6216855_1616_ka_f_14.742_:69-1286	Human	novel	NA	83.129	83.129	human papillomavirus 200	new_species
715	SRR6442966_1574_ka_f_10.406_L_29474_:72-1283	Human	novel	NA	73.967	73.967	Human papillomavirus	new_species
716	SRR6473784_41693_ka_f_22.400_L_41693_L_41693_:63-1328	Ray-finned Fish	ncbi_virus	NA	100	100	Papillomavirus coryphaenoides5875	known_species
717	SRR7621212_919182_ka_f_8.213_:102-1280	Feline	ncbi_virus	NA	98.981	98.981	Papillomavirus felis7983	known_species
718	SRR7687706_223_ka_f_33.766_L_20312_L_18038_:0-1205	Human	novel	NA	89.395	89.395	Human papillomavirus 15	new_species
719	SRR7687725_1801_ka_f_6.700_:96-1310	Human	ncbi_virus	NA	100	100	Human papillomavirus	known_species
720	SRR7687746_22_ka_f_29.539_L_22_L_21248_L_22_:90-1298	Human	ncbi_virus	NA	93.942	93.942	human papillomavirus 163	known_species
721	SRR7687861_927_ka_f_11.377_L_14107_L_33337_:72-1268	Human	ncbi_virus	NA	99.833	99.833	Human papillomavirus KC5	known_species
722	SRR7688538_130_ka_f_13.169_:69-1289	Human	ncbi_virus	NA	100	100	Human papillomavirus	known_species
723	SRR7688786_1238_ka_f_16.584_:87-1280	Human	ncbi_virus	NA	100	100	Human papillomavirus 144	known_species
724	SRR7688798_2147_ka_f_25.340_L_31486_L_2441_:114-1322	Human	ncbi_virus	NA	99.338	99.338	Human papillomavirus type 194	known_species
725	SRR7688799_1064_ka_f_59.421_L_646_L_1781_:90-1298	Human	ncbi_virus	NA	97.599	97.599	Human papillomavirus	known_species
726	SRR7774477_220186_ka_f_8.452_:90-1274	Metagenome	novel	NA	74.138	74.138	Mus musculus papillomavirus type 1	new_species
727	SRR7802421_567_ka_f_9.379_:48-1256	Human	novel	NA	87.169	87.169	Human papillomavirus	new_species
728	SRR8239483_8139_ka_f_2042.556_L_6626_L_96474_L_96539_:138-1322	Bovine	ncbi_virus	NA	99.831	99.831	Bovine papillomavirus	known_species
729	SRR8509918_617_ka_f_26.370_L_617_L_617_:75-1280	Human	ncbi_virus	NA	99.336	99.336	Human papillomavirus	known_species
730	SRR7688409Score=660.873_Edges=16373_39051_25021_25025_48891_6437_47437_25787_Position=26_Alignment=40M1I82M1I136M10I8M1I70M2I59M_ScaffoldSuperpaths=_OriginScaffoldPath=	Human	ncbi_virus	NA	90.194	90.194	human papillomavirus 20	known_species
731	SRR13789499Score=657.447_Edges=106175_149691_149693_Position=359_Alignment=40M1I81M1D136M10I8M1I70M2I59M_ScaffoldSuperpaths=_OriginScaffoldPath=	Human	novel	NA	88.907	88.907	Human papillomavirus 5	new_species
732	SRR7687987Score=657.25_Edges=63_83_111_113_143_Position=47_Alignment=40M1I81M1D136M10I8M1I70M2I59M_ScaffoldSuperpaths=_OriginScaffoldPath=	Human	novel	NA	88.592	88.592	human papillomavirus 36	new_species
733	SRR7688789Score=663.902_Edges=19665_55675_6423_6419_30715_51707_14933_78085_70393_70395_77375_57007_87799_104325_104327_28549_28553_13319_34533_34537_97979_36487_36491_59823_10227_10223_63253_21785_44857_74431_74427_68013_68011_66111_46279_104551_27131_14223_14219_102135_98881_98879_43145_109865_35285_85131_60875_45697_16521_16523_79609_49901_9265_9263_25739_40577_41139_96401_14455_65653_65655_94865_76475_76471_Position=2_Alignment=40M1I81M1D136M10I8M1I70M2I59M_ScaffoldSuperpaths=_OriginScaffoldPath=	Human	ncbi_virus	NA	91.782	91.782	Human papillomavirus 105	known_species
734	SRR22765714Score=651.086_Edges=2971017_248271_Position=2295_Alignment=40M1I81M1D40M1D95M10I8M1I70M2I59M_ScaffoldSuperpaths=_OriginScaffoldPath=	Human	novel	NA	88.826	88.826	Human papillomavirus type 14D	new_species
735	SRR26848472Score=648.956_Edges=131_Position=2924_Alignment=40M1I81M1D136M7I8M3I70M1I59M_ScaffoldSuperpaths=_OriginScaffoldPath=	Human	novel	NA	80.999	80.999	Human papillomavirus 155	new_species
736	SRR6235827Score=608.598_Edges=5_Position=3272_Alignment=40M2I122M1D95M4I8M2I70M3I59M_ScaffoldSuperpaths=_OriginScaffoldPath=	Human	ncbi_virus	NA	100	100	Human papillomavirus	known_species
737	SRR20726282Score=645.152_Edges=3_Position=4422_Alignment=40M1I224M1D70M2D58M_ScaffoldSuperpaths=_OriginScaffoldPath=	Avian	novel	NA	80.085	80.085	synthetic construct	new_species
738	SRR4003710Score=628.011_Edges=17_19_Position=300_Alignment=266M1I68M3D58M_ScaffoldSuperpaths=_OriginScaffoldPath=	Human	novel	NA	88.352	88.352	human papillomavirus 52	new_species
739	SRR6442928Score=626.517_Edges=23_19_5_Position=2383_Alignment=40M2I225M1D68M3D58M_ScaffoldSuperpaths=_OriginScaffoldPath=	Human	novel	NA	88.55	88.55	Human papillomavirus 160	new_species
740	ERR198829Score=542.251_Edges=32989_Position=2_Alignment=20D20M1I81M3I131M1I14M1I126M3D_ScaffoldSuperpaths=_OriginScaffoldPath=	Bat	ncbi_virus	NA	100	100	Eidolon helvum papillomavirus 7	known_species
741	ERR10188083_7788_ka_f_9.141_:117-1292	Bovine	novel	NA	NA	NA	NA	no_hit
742	ERR10188203_1280_ka_f_9.904_:45-1250	Bovine	novel	NA	NA	NA	NA	no_hit
743	ERR10188212_289_ka_f_9.093_:3-1190	Bovine	novel	NA	86.218	86.218	Bos taurus papillomavirus	new_species
744	ERR10856938_12135_ka_f_7.127_L_67491_L_32707_:0-1133	Human	ncbi_virus	NA	96.381	96.381	Human papillomavirus 29	known_species
745	ERR11203039_818097_ka_f_10.961_:282-1466	Canine	ncbi_virus	NA	99.831	99.831	Canis familiaris papillomavirus 9	known_species
746	ERR11284567_301318_ka_f_14.484_L_11064884_L_11482373_L_11482374_:114-1286	Canine	ncbi_virus	NA	99.829	99.829	Canis familiaris papillomavirus 8	known_species
747	ERR1301530_3971_ka_f_10.046_:168-1343	Bat	novel	NA	NA	NA	NA	no_hit
748	ERR2756792_1679_ka_f_8.853_:57-1241	Bat	novel	NA	NA	NA	NA	no_hit
749	ERR5084170_1659_ka_f_33.677_L_1659_L_1659_:96-1304	Human	novel	NA	84.45	84.45	Human papillomavirus 17	new_species
750	SRR10902309_46767_ka_f_48.102_L_46767_L_46767_:126-1310	Other	novel	NA	NA	NA	NA	no_hit
751	SRR12330129_394673_ka_f_9.015_:93-1262	Canine	novel	NA	74.389	74.389	Canis familiaris papillomavirus 14	new_species
752	SRR12366683_31186_ka_f_73.897_L_88523_L_88524_L_88525_L_88526_:462-1661	Cetacean	ncbi_virus	NA	100	100	Firstpapillomavirinae PV-HMU-1	known_species
753	SRR12566196_734_ka_f_562.169_L_734_L_734_:150-1340	Avian	novel	NA	NA	NA	NA	no_hit
754	SRR13233962_64628_ka_f_29.835_L_64628_L_64628_:66-1250	Canine	ncbi_virus	NA	99.916	99.916	Canis familiaris papillomavirus 5	known_species
755	SRR13376341_141093_ka_f_23.350_L_141093_L_141093_:102-1298	Canine	ncbi_virus	NA	100	100	Papillomavirus canis7716	known_species
756	SRR13376351_4237_ka_f_46.319_L_5280431_L_8527536_L_8527503_:96-1274	Canine	ncbi_virus	NA	100	100	Papillomavirus canis8150	known_species
757	SRR13789197_116637_ka_f_85.005_L_116637_L_116637_:135-1349	Human	novel	NA	84.128	84.128	Human papillomavirus	new_species
758	SRR13789207_6091_ka_f_194.471_L_6091_L_6091_:90-1286	Human	novel	NA	89.038	89.038	Human papillomavirus	new_species
759	SRR14129908_7675_ka_f_19.840_L_206325_L_649717_:84-1274	Canine	ncbi_virus	NA	100	100	Lambdapapillomavirus 2	known_species
760	SRR14731645_238372_ka_f_15.795_L_9849982_L_4506929_:45-1199	Amphibian	novel	NA	NA	NA	NA	no_hit
761	SRR14825066_194_ka_f_7.867_:60-1280	Human	novel	NA	82.666	82.666	human papillomavirus 12	new_species
762	SRR14864773_5097_ka_f_92.265_L_5097_L_5097_:102-1349	Reptile	novel	NA	NA	NA	NA	no_hit
763	SRR15442792_2125_ka_f_210.967_L_2125_L_2125_:78-1253	Human	ncbi_virus	NA	NA	NA	NA	no_hit
764	SRR16937311_42765_ka_f_11.800_L_42765_L_42765_:45-1244	Bovine	novel	NA	NA	NA	NA	no_hit
765	SRR17548765_1555673_ka_f_17.784_L_1555673_L_1555673_:93-1310	Human	novel	NA	89.729	89.729	Human papillomavirus	new_species
766	SRR18363241_159223_ka_f_54.618_L_159223_L_159223_:120-1331	Amphibian	novel	NA	NA	NA	NA	no_hit
767	SRR19174533_28675_ka_f_31.607_L_28675_L_28675_L_2154721_:93-1325	Porcine	novel	NA	NA	NA	NA	no_hit
768	SRR19505656_591_ka_f_215.496_L_591_L_591_:69-1247	Caprine	novel	NA	NA	NA	NA	no_hit
769	SRR19545148_51759_ka_f_10.697_:72-1250	Cervine	novel	NA	NA	NA	NA	no_hit
770	SRR20078264_4021_ka_f_10.293_L_4021_L_4021_:66-1346	Ray-finned Fish	novel	NA	NA	NA	NA	no_hit
771	SRR2063880_1603_ka_f_59.942_L_1603_L_1603_:51-1235	Bat	ncbi_virus	NA	100	100	Papillomavirus barbastella7824	known_species
772	SRR2063933_4622_ka_f_126.183_L_96694_L_143090_L_182007_L_182014_:171-1364	Bat	novel	NA	85.69	85.69	Firstpapillomavirinae sp.	new_species
773	SRR2063934_560_ka_f_63.674_L_560_L_104504_L_560_:51-1244	Bat	ncbi_virus	NA	100	100	Papillomavirus rhinolophus7615	known_species
774	SRR22025822_147_ka_f_7.010_:0-1175	Human	ncbi_virus	NA	91.688	91.688	Human papillomavirus type 72b	known_species
775	SRR22765752_15454_ka_f_11.473_:123-1325	Human	ncbi_virus	NA	99.75	99.75	Human papillomavirus	known_species
776	SRR22799502_219_ka_f_26.230_L_219_L_219_:120-1304	Equine	ncbi_virus	NA	100	100	Equus asinus papillomavirus 3	known_species
777	SRR24955658_85510_ka_f_38.556_L_85510_L_85510_:117-1295	Bovine	ncbi_virus	NA	99.915	99.915	Bovine papillomavirus	known_species
778	SRR25288499_48816_ka_f_25.940_L_1274698_L_64807_L_113055_L_149137_L_153940_:51-1265	Bat	ncbi_virus	NA	100	100	Bat papillomavirus	known_species
779	SRR25288519_35272_ka_f_29.547_L_2359_L_240137_L_67509_L_190252_:84-1271	Bat	ncbi_virus	NA	100	100	Bat papillomavirus	known_species
780	SRR25288604_3121_ka_f_35.406_L_1535954_:126-1328	Bat	ncbi_virus	NA	99.917	99.917	Bat papillomavirus	known_species
781	SRR25288642_5514_ka_f_23.530_L_368646_L_592156_:60-1244	Bat	novel	NA	79.429	79.429	Bat papillomavirus	new_species
782	SRR25288680_306181_ka_f_14.144_:63-1256	Bat	novel	NA	83.166	83.166	Bat papillomavirus	new_species
783	SRR25288751_111423_ka_f_7.840_L_141763_L_156077_L_400598_:3-1151	Bat	novel	NA	73.857	73.857	Papillomavirus barbastella7824	new_species
784	SRR25288764_13700_ka_f_14.295_:72-1253	Bat	novel	NA	NA	NA	NA	no_hit
785	SRR25288764_21803_ka_f_13.960_L_74389_:195-1427	Bat	novel	NA	NA	NA	NA	no_hit
786	SRR25288773_3990_ka_f_19.690_:78-1250	Bat	ncbi_virus	NA	100	100	Rhinolophus bat papillomavirus 1	known_species
787	SRR25288805_10305_ka_f_38.242_:84-1274	Bat	ncbi_virus	NA	100	100	Bat papillomavirus	known_species
788	SRR25288835_73145_ka_f_30.749_L_8042_L_283804_L_121350_:0-1154	Bat	ncbi_virus	NA	90.649	90.649	Bat papillomavirus	known_species
789	SRR25737668_148436_ka_f_19.526_L_3521022_L_3112325_:15-1250	Reptile	novel	NA	NA	NA	NA	no_hit
790	SRR27078480_4094_ka_f_1429.921_L_4094_L_4094_:123-1343	Human	novel	NA	75.968	75.968	human papillomavirus 119	new_species
791	SRR5447145_588_ka_f_10.579_:198-1373	Rodent	novel	NA	NA	NA	NA	no_hit
792	SRR5447154_172_ka_f_68.740_L_25229_:93-1304	Rodent	ncbi_virus	NA	100	100	Papillomavirus sorex8217	known_species
793	SRR5832142_152_ka_f_199.980_L_56780_L_56780_:87-1316	Ray-finned Fish	ncbi_virus	NA	100	100	Melanogrammus aeglefinus-associated papillomavirus 1	known_species
794	SRR6442922_5392_ka_f_1758.667_L_5392_L_5392_:135-1325	Human	ncbi_virus	NA	100	100	Human papillomavirus sp.	known_species
795	SRR7122366_32_ka_f_34.382_L_32_L_32_:63-1271	Ray-finned Fish	ncbi_virus	NA	100	100	Lutjanus campechanus-associated papillomavirus 1	known_species
796	SRR7688413_196_ka_f_46.544_:90-1307	Human	ncbi_virus	NA	99.425	99.425	Human papillomavirus	known_species
797	SRR7688460_1879_ka_f_9.132_:0-1160	Human	ncbi_virus	NA	100	100	Human papillomavirus	known_species
798	SRR7688674_1160_ka_f_28.886_L_2971_L_35920_:60-1277	Human	ncbi_virus	NA	100	100	Human papillomavirus	known_species
799	SRR7688688_22_ka_f_12.790_L_7917_L_12477_:18-1202	Human	ncbi_virus	NA	100	100	Human papillomavirus	known_species
800	SRR7688748_662_ka_f_20.296_:132-1343	Human	ncbi_virus	NA	95.574	95.574	Human papillomavirus	known_species
801	SRR7688798_565_ka_f_39.452_L_27491_L_2863_:0-1181	Human	ncbi_virus	NA	100	100	Human papillomavirus	known_species
802	SRR8509860_1489_ka_f_355.105_L_28739_L_28739_:51-1229	Human	ncbi_virus	NA	100	100	Human papillomavirus type 7	known_species
803	SRR8631965_1105606_ka_f_13.526_L_1105606_L_1105606_:69-1250	Porcine	novel	NA	NA	NA	NA	no_hit
804	SRR8663619_5277_ka_f_15.388_L_5277_L_5277_:90-1301	Metagenome	ncbi_virus	NA	99.505	99.505	Human papillomavirus	known_species
805	SRR9040412_12389_ka_f_10.100_:57-1259	Human	novel	NA	74.077	74.077	Human papillomavirus	new_species
806	SRR6442885Score=576.041_Edges=19893_19889_19891_19889_69701_185937_150489_Position=217_Alignment=40M1I15M38I107M1D103M2I68M3D58M_ScaffoldSuperpaths=_OriginScaffoldPath=	Human	ncbi_virus	NA	99.211	99.211	Human papillomavirus 3	known_species
807	ERR10824108Score=395.909_Edges=3_Position=4560_Alignment=40M5D27M1I49M28I41M1D48M2I53M6D125M_ScaffoldSuperpaths=_OriginScaffoldPath=	Ray-finned Fish	novel	NA	78.935	78.935	Papillomavirus gadus6207	new_species
808	SRR13789173Score=638.735_Edges=700999_Position=2354_Alignment=40M1I218M5I8M4I70M5I59M_ScaffoldSuperpaths=_OriginScaffoldPath=	Human	ncbi_virus	NA	99.837	99.837	Human papillomavirus	known_species
809	SRR15442811Score=613.127_Edges=192515_169441_Position=2752_Alignment=40M2I81M2I145M2I70M4I59M_ScaffoldSuperpaths=_OriginScaffoldPath=	Human	novel	NA	88.095	88.095	Human papillomavirus	new_species
810	SRR15442217Score=618.718_Edges=19_17_5_3_7_Position=487_Alignment=40M2I121M2D95M4I8M1I70M3I59M_ScaffoldSuperpaths=_OriginScaffoldPath=	Human	novel	NA	88.076	88.076	Human papillomavirus 179	new_species
811	ERR10856925Score=647.352_Edges=13_49_11_53_Position=1425_Alignment=40M1I81M1D136M7I8M1I70M1D58M_ScaffoldSuperpaths=_OriginScaffoldPath=	Human	blastn	NA	91.218	91.218	Human papillomavirus 38	known_species
812	ERR3594004Score=645.06_Edges=5_15_Position=41_Alignment=40M1I81M1D136M7I8M1I70M1D58M_ScaffoldSuperpaths=_OriginScaffoldPath=	Human	novel	NA	85.633	85.633	Human papillomavirus 5	new_species
813	SRR15442458Score=650.744_Edges=5_3_13_Position=81_Alignment=40M1I81M1D136M7I8M1I70M1D58M_ScaffoldSuperpaths=_OriginScaffoldPath=	Human	novel	NA	87.121	87.121	human papillomavirus 12	new_species
814	SRR26848424Score=642.857_Edges=39_35_31_21_23_Position=1579_Alignment=40M1I81M1D40M1I96M7I8M1I69M2D58M_ScaffoldSuperpaths=_OriginScaffoldPath=	Human	ncbi_virus	NA	90.256	90.256	Human papillomavirus;Human papillomavirus 122	known_species
815	ERR3209762Score=643.914_Edges=1479_1481_1487_811_Position=3219_Alignment=40M1I81M1D40M1D95M7I8M1I70M1D58M_ScaffoldSuperpaths=_OriginScaffoldPath=	Metagenome	novel	NA	81.311	81.311	Human papillomavirus 9	new_species
816	SRR13789891Score=648.844_Edges=59683_80789_65323_65327_Position=289_Alignment=40M1I81M1D40M1D95M7I8M1I70M1D58M_ScaffoldSuperpaths=_OriginScaffoldPath=	Human	novel	NA	87.255	87.255	Human papillomavirus type 195	new_species
817	SRR6442914Score=644.686_Edges=335_385_Position=735_Alignment=40M1I81M1D40M1D95M7I8M1I70M1D58M_ScaffoldSuperpaths=_OriginScaffoldPath=	Human	ncbi_virus	NA	90.579	90.579	human papillomavirus 76	known_species
818	SRR6442991Score=657.274_Edges=677_83_367_Position=72_Alignment=40M1I81M1D40M1D95M7I8M1I70M1D58M_ScaffoldSuperpaths=_OriginScaffoldPath=	Human	novel	NA	87.584	87.584	human papillomavirus 76	new_species
819	ERR164661Score=629.058_Edges=75_71_31_51_Position=78_Alignment=40M1I75M1D150M1I70M1D58M_ScaffoldSuperpaths=_OriginScaffoldPath=	Other	ncbi_virus	NA	91.646	91.646	human papillomavirus 39	known_species
820	ERR3395907Score=636.626_Edges=135_139_5_149_Position=773_Alignment=163M2I101M1D71M1D58M_ScaffoldSuperpaths=_OriginScaffoldPath=	Other	novel	NA	87.384	87.384	human papillomavirus 39	new_species
821	SRR2063967Score=602.739_Edges=50543_50547_54807_Position=623_Alignment=40M1D80M2D129M1I14M3I70M1D58M_ScaffoldSuperpaths=_OriginScaffoldPath=	Bat	ncbi_virus	NA	99.662	99.662	Bat papillomavirus	known_species
822	SRR4201718Score=640.088_Edges=41_9_5_27_13_Position=4028_Alignment=266M1I68M3D58M_ScaffoldSuperpaths=_OriginScaffoldPath=	Bat	ncbi_virus	NA	100	100	Papillomavirus molossus7687	known_species
823	DRR213713_547_ka_f_45.096_L_547_L_547_:135-1349	Other	ncbi_virus	NA	99.423	99.423	Gammapapillomavirus 7	known_species
824	ERR10188015_37542_ka_f_13.216_L_130702_:93-1280	Bovine	ncbi_virus	NA	100	100	Bos taurus papillomavirus 4	known_species
825	ERR10188068_4872_ka_f_138.620_L_4872_L_4872_:90-1268	Bovine	ncbi_virus	NA	92.869	92.869	Bos taurus papillomavirus 36	known_species
826	ERR10188211_15517_ka_f_6.200_L_4079_L_193932_:24-1211	Bovine	novel	NA	76.642	76.642	Bos taurus papillomavirus 38	new_species
827	ERR10447056_1195580_ka_f_6.837_:0-1145	Canine	novel	NA	NA	NA	NA	no_hit
828	ERR10857031_3697_ka_f_7.169_L_121222_:48-1256	Human	ncbi_virus	NA	99.172	99.172	Human papillomavirus	known_species
829	ERR11284567_2647751_ka_f_22.577_L_11064884_L_13472886_:123-1304	Canine	ncbi_virus	NA	99.661	99.661	Canis familiaris papillomavirus 15	known_species
830	ERR1301521_1469_ka_f_15.866_L_1469_L_1469_:51-1232	Bat	novel	NA	NA	NA	NA	no_hit
831	ERR1332587_938_ka_f_15.195_L_938_L_938_L_199622_:72-1274	Metagenome	ncbi_virus	NA	100	100	Papillomavirus homo7221	known_species
832	ERR1395588_256735_ka_f_11.265_L_256735_L_256735_:195-1361	Human	ncbi_virus	NA	99.142	99.142	human papillomavirus 13	known_species
833	ERR3210053_65661_ka_f_19.214_L_65661_L_65661_:99-1298	Metagenome	ncbi_virus	NA	99.416	99.416	Human papillomavirus	known_species
834	ERR3298753_352415_ka_f_10.866_:48-1241	Rodent	novel	NA	NA	NA	NA	no_hit
835	SRR10682323_6652_ka_f_15.273_L_1597_L_1597_:108-1310	Human	novel	NA	83.679	83.679	Papillomavirus homo8923	new_species
836	SRR11951209_2019_ka_f_41.343_L_74440_:63-1286	Amphibian	novel	NA	NA	NA	NA	no_hit
837	SRR13726042_335_ka_f_49.303_L_335_L_335_:90-1301	Human	novel	NA	86.838	86.838	Human papillomavirus type 221	new_species
838	SRR13789150_1251_ka_f_7.100_:93-1316	Human	ncbi_virus	NA	99.755	99.755	Human papillomavirus 181	known_species
839	SRR13789163_78297_ka_f_11.500_L_531219_:57-1262	Human	novel	NA	81.411	81.411	Human papillomavirus 201	new_species
840	SRR13789294_15934_ka_f_55.215_L_30472_L_30472_:72-1280	Human	ncbi_virus	NA	93.957	93.957	Human papillomavirus	known_species
841	SRR13789819_305835_ka_f_12.374_:0-1184	Human	novel	NA	78.831	78.831	Gammapapillomavirus 13	new_species
842	SRR13789819_47383_ka_f_31.518_L_47383_L_47383_:93-1304	Human	ncbi_virus	NA	99.339	99.339	Human papillomavirus 205	known_species
843	SRR14739427_12287_ka_f_6.746_:45-1229	Other	novel	NA	NA	NA	NA	no_hit
844	SRR15400772_1059_ka_f_9.771_:78-1307	Other	novel	NA	80.097	80.097	Human papillomavirus	new_species
845	SRR17035106_10706_ka_f_7.078_L_550708_:54-1220	Cervine	novel	NA	NA	NA	NA	no_hit
846	SRR17035106_825_ka_f_7.191_:54-1217	Cervine	novel	NA	NA	NA	NA	no_hit
847	SRR17300552_135035_ka_f_11.463_L_135035_L_135035_:96-1313	Metagenome	ncbi_virus	NA	97.453	97.453	Human papillomavirus 178	known_species
848	SRR18312696_386168_ka_f_9.926_:147-1319	Giraffid	novel	NA	NA	NA	NA	no_hit
849	SRR18492935_16283_ka_f_501.533_L_16283_L_16283_:99-1271	Canine	novel	NA	NA	NA	NA	no_hit
850	SRR20730059_206606_ka_f_72.295_L_206606_L_8997347_L_206606_:87-1271	Rodent	novel	NA	NA	NA	NA	no_hit
851	SRR22071722_15320_ka_f_12.517_:57-1232	Rodent	novel	NA	78.883	78.883	Rattus norvegicus papillomavirus 3	new_species
852	SRR22102846_7609_ka_f_10.292_:87-1298	Human	novel	NA	79.081	79.081	Human papillomavirus	new_species
853	SRR22213301_62214_ka_f_769.918_L_62214_L_62214_:81-1265	Ray-finned Fish	novel	NA	NA	NA	NA	no_hit
854	SRR22462890_1948636_ka_f_984.128_L_15757181_L_5055733_:93-1322	Human	ncbi_virus	NA	99.593	99.593	Human papillomavirus type 176	known_species
855	SRR22765734_247174_ka_f_31.816_L_247174_L_247174_:93-1310	Human	novel	NA	87.767	87.767	Human papillomavirus	new_species
856	SRR24580099_4_ka_f_114.516_L_132_L_132_:240-1433	Other	blastn	NA	100	100	Leptonychotes weddellii papillomavirus 13	known_species
857	SRR24580100_0_ka_f_89.023_L_0_L_0_:123-1361	Other	ncbi_virus	NA	100	100	Leptonychotes weddellii papillomavirus 1	known_species
858	SRR24905768_28160_ka_f_8.635_:78-1304	Human	ncbi_virus	NA	99.592	99.592	Human papillomavirus type 212	known_species
859	SRR24955661_163566_ka_f_44.762_L_163566_L_163566_L_5985605_:81-1262	Bovine	novel	NA	NA	NA	NA	no_hit
860	SRR24956127_83390_ka_f_73.617_L_2035661_L_525791_L_2357662_:45-1277	Bovine	novel	NA	NA	NA	NA	no_hit
861	SRR24963359_45501_ka_f_28.592_L_45501_L_45501_:75-1259	Bovine	ncbi_virus	NA	96.714	96.714	Bos taurus papillomavirus 12	known_species
862	SRR25288489_79383_ka_f_18.365_L_220645_L_1036691_:75-1256	Bat	novel	NA	82.462	82.462	Bat papillomavirus	new_species
863	SRR25288621_465638_ka_f_7.009_L_463917_:0-1115	Bat	novel	NA	NA	NA	NA	no_hit
864	SRR25288684_1262_ka_f_23.602_L_454327_L_604740_:54-1283	Bat	novel	NA	73.2	73.2	Taphozous bat papillomavirus 1	new_species
865	SRR25288704_316152_ka_f_41.427_L_338111_L_303952_:0-1121	Bat	ncbi_virus	NA	100	100	Bat papillomavirus	known_species
866	SRR25288773_11626_ka_f_40.563_L_11626_L_11626_:108-1295	Bat	ncbi_virus	NA	100	100	Rhinolophus bat papillomavirus 1	known_species
867	SRR25288812_64671_ka_f_12.646_L_920186_L_1036499_:0-1157	Bat	novel	NA	78.235	78.235	Bat papillomavirus	new_species
868	SRR26848396_1981_ka_f_502.798_L_14120_L_14206_L_42309_L_43496_:120-1310	Human	novel	NA	85.546	85.546	Human papillomavirus	new_species
869	SRR26982249_6_ka_f_20.848_L_22_L_24_:135-1328	Other	ncbi_virus	NA	100	100	Caracal caracal papillomavirus 2	known_species
870	SRR27078533_9335_ka_f_13.818_L_9335_L_9335_L_242730_:66-1277	Human	novel	NA	75.47	75.47	Human papillomavirus	new_species
871	SRR5384553_885_ka_f_14.080_:231-1412	Rodent	novel	NA	NA	NA	NA	no_hit
872	SRR5450932_30728_ka_f_28.994_L_208813_L_371022_L_27350_L_319127_:54-1172	Ray-finned Fish	novel	NA	NA	NA	NA	no_hit
873	SRR6443002_12752_ka_f_7.631_L_8641_:27-971	Human	blastn	NA	100	100	Human papillomavirus;synthetic construct	known_species
874	SRR7662931_625534_ka_f_20.340_L_625534_L_625534_:99-1316	Cetacean	ncbi_virus	NA	100	100	Papillomavirus sousa2507	known_species
875	SRR7688010_1578_ka_f_66.201_L_959_:0-1169	Human	ncbi_virus	NA	100	100	Human papillomavirus	known_species
876	SRR7688027_415_ka_f_13.188_L_29321_L_29322_:72-1271	Human	ncbi_virus	NA	100	100	Human papillomavirus	known_species
877	SRR7688786_1198_ka_f_147.773_L_1180_L_14619_L_28530_:72-1280	Human	ncbi_virus	NA	99.669	99.669	Gammapapillomavirus 22	known_species
878	SRR7734084_28_ka_f_36.374_L_28_L_28_:90-1286	Bat	ncbi_virus	NA	99.833	99.833	Bat papillomavirus	known_species
879	SRR7734115_56_ka_f_50.384_L_56_L_56_:54-1247	Bat	blastn	NA	99.749	99.749	Bat papillomavirus	known_species
880	SRR7734125_63559_ka_f_12.291_L_63559_L_63559_:93-1271	Bat	novel	NA	NA	NA	NA	no_hit
881	SRR8104729_654_ka_f_10.096_L_654_L_654_:90-1328	Amphibian	novel	NA	NA	NA	NA	no_hit
882	SRR8649512_1_ka_f_702.154_L_0_L_48_L_49_:96-1289	Non-human Primate	ncbi_virus	NA	100	100	Callithrix penicillata papillomavirus type 2	known_species
883	SRR6442983Score=509.081_Edges=30709_2853_2849_2557_46267_31671_73961_48329_69397_2553_2557_46267_31671_73961_48329_69397_14149_Position=1384_Alignment=40M1I48M93I27M2D45M1D101M2D68M3D58M_ScaffoldSuperpaths=_OriginScaffoldPath=	Human	ncbi_virus	NA	NA	NA	NA	no_hit
884	SRR6442885Score=546.563_Edges=19893_19889_69701_185937_150491_21575_75789_159657_115751_82243_185939_185937_150489_Position=217_Alignment=40M1I117M46I1M31I4M1D103M2I68M3D58M_ScaffoldSuperpaths=_OriginScaffoldPath=	Human	novel	NA	NA	NA	NA	no_hit
885	SRR7993553Score=590.265_Edges=88995_64949_64953_64951_147987_64949_64953_103507_158479_31149_Position=721_Alignment=40M2I81M30I13M4I132M3I70M4I59M_ScaffoldSuperpaths=_OriginScaffoldPath=	Human	novel	NA	NA	NA	NA	no_hit
886	SRR7802421Score=639.468_Edges=9_7_Position=6288_Alignment=40M1I81M1D136M10I8M1I70M2I59M_ScaffoldSuperpaths=_OriginScaffoldPath=	Human	novel	NA	84.121	84.121	human papillomavirus 24	new_species
887	SRR13726053Score=662.082_Edges=496653_Position=4144_Alignment=40M2I218M6I8M2I70M1I59M_ScaffoldSuperpaths=_OriginScaffoldPath=	Human	novel	NA	88.095	88.095	Human papillomavirus	new_species
888	SRR25288757Score=624.394_Edges=382799_93721_Position=389_Alignment=121M4I41M2I90M1I12M1D130M_ScaffoldSuperpaths=_OriginScaffoldPath=	Bat	novel	NA	80.661	80.661	Bat papillomavirus	new_species
889	SRR7688519Score=626.948_Edges=21_19_63_Position=4221_Alignment=122M2I39M2D103M2I70M3I59M_ScaffoldSuperpaths=_OriginScaffoldPath=	Human	novel	NA	88.88	88.88	Human papillomavirus	new_species
890	SRR7802421Score=642.46_Edges=7_5_9_Position=6827_Alignment=40M1I82M1I136M7I6M2D69M2D58M_ScaffoldSuperpaths=_OriginScaffoldPath=	Human	novel	NA	83.697	83.697	Human papillomavirus 22	new_species
891	SRR7688641Score=640.933_Edges=49_9_57_Position=72_Alignment=40M1I81M1D39M2D95M3I78M2I59M_ScaffoldSuperpaths=_OriginScaffoldPath=	Human	novel	NA	88.432	88.432	Human papillomavirus	new_species
892	SRR22231266Score=625.959_Edges=85455_949_134961_Position=133_Alignment=40M1D217M4I7M1D70M1D58M_ScaffoldSuperpaths=_OriginScaffoldPath=	Human	novel	NA	86.533	86.533	Human papillomavirus 165	new_species
893	DRR472567Score=621.43_Edges=45_75_31_57_Position=293_Alignment=40M1I296M1D58M_ScaffoldSuperpaths=_OriginScaffoldPath=	Human	novel	NA	87.879	87.879	human papillomavirus 82	new_species
894	ERR11319226Score=625.588_Edges=9_7_Position=6313_Alignment=335M2D58M_ScaffoldSuperpaths=_OriginScaffoldPath=	Human	ncbi_virus	NA	91.927	91.927	human papillomavirus 66	known_species
895	ERR1007383_28795_ka_f_156.534_L_3635664_L_4362965_:93-1277	Mustelid	ncbi_virus	NA	100	100	Papillomavirus gulo8025	known_species
896	ERR10188115_7453_ka_f_18.562_L_7453_L_7453_:114-1283	Bovine	novel	NA	NA	NA	NA	no_hit
897	ERR10447066_222141_ka_f_40.090_L_222141_L_222141_:111-1292	Canine	novel	NA	NA	NA	NA	no_hit
898	ERR11271768_2292159_ka_f_11.526_:84-1271	Canine	novel	NA	NA	NA	NA	no_hit
899	ERR11284568_1671807_ka_f_33.772_L_1671807_L_1671807_:174-1358	Canine	ncbi_virus	NA	99.662	99.662	Chipapillomavirus 2	known_species
900	SRR11059661_1679_ka_f_1626.493_L_1679_L_1679_:69-1193	Other	novel	NA	71.391	71.391	Human papillomavirus	new_species
901	SRR13233212_7133_ka_f_39.817_L_7133_L_7133_:384-1571	Canine	novel	NA	NA	NA	NA	no_hit
902	SRR13308318_561_ka_f_8.507_:186-1376	Avian	ncbi_virus	NA	100	100	Papillomavirus luscinia7441	known_species
903	SRR13726009_1337_ka_f_11.889_:90-1304	Human	novel	NA	77.51	77.51	human papillomavirus 153	new_species
904	SRR13790117_6058_ka_f_97.491_L_591471_L_699116_:87-1301	Human	novel	NA	88.386	88.386	Human papillomavirus	new_species
905	SRR1652638_104092_ka_f_7.194_:123-1304	Rodent	ncbi_virus	NA	99.746	99.746	Boa constrictor papillomavirus 1	known_species
906	SRR17072379_538095_ka_f_61.502_L_7128565_L_7128565_:90-1310	Pinniped	novel	NA	NA	NA	NA	no_hit
907	SRR17247090_174_ka_f_74.808_L_174_L_174_:93-1298	Bat	ncbi_virus	NA	100	100	Eumops bonariensis papillomavirus type 1	known_species
908	SRR19174522_234245_ka_f_33.027_L_234245_L_234245_:138-1340	Porcine	novel	NA	NA	NA	NA	no_hit
909	SRR2037083_6784_ka_f_10.326_L_8739_L_45036_:0-1190	Human	ncbi_virus	NA	99.412	99.412	Human papillomavirus	known_species
910	SRR22071710_95166_ka_f_10.206_:111-1301	Rodent	novel	NA	NA	NA	NA	no_hit
911	SRR22071730_45049_ka_f_8.371_L_190961_:45-1238	Rodent	novel	NA	NA	NA	NA	no_hit
912	SRR22802494_5956_ka_f_6.132_:0-1211	Human	ncbi_virus	NA	97.44	97.44	Human papillomavirus type 198	known_species
913	SRR24716056_2184_ka_f_9.868_:126-1322	Metagenome	ncbi_virus	NA	99.666	99.666	Betapapillomavirus 2	known_species
914	SRR24963196_123050_ka_f_20.394_L_4782298_L_4782298_:60-1247	Bovine	novel	NA	NA	NA	NA	no_hit
915	SRR24963500_872656_ka_f_72.334_L_1790974_L_490046_L_3516911_:126-1328	Bovine	novel	NA	NA	NA	NA	no_hit
916	SRR25031639_299269_ka_f_52.842_L_12360308_L_8894620_L_8940368_:66-1226	Feline	novel	NA	NA	NA	NA	no_hit
917	SRR25256604_400055_ka_f_8.014_:279-1412	Pangolin	novel	NA	82.907	82.907	Manis pentadactyla papillomavirus 1	new_species
918	SRR25288535_46_ka_f_23.142_L_46_L_46_:102-1301	Bat	novel	NA	NA	NA	NA	no_hit
919	SRR25288600_363618_ka_f_9.208_:0-1166	Bat	novel	NA	NA	NA	NA	no_hit
920	SRR25288688_454167_ka_f_42.649_L_484970_:0-1163	Bat	ncbi_virus	NA	100	100	Bat papillomavirus	known_species
921	SRR25288731_169397_ka_f_45.301_L_249518_L_2090692_L_299441_:60-1244	Bat	ncbi_virus	NA	100	100	Bat papillomavirus	known_species
922	SRR25288767_525095_ka_f_55.303_L_1485400_L_3122939_L_1537365_L_1537366_:9-1205	Bat	novel	NA	NA	NA	NA	no_hit
923	SRR25288775_534889_ka_f_19.339_L_1710191_L_2094650_L_3725028_L_4083998_L_1018700_L_1020008_:198-1397	Bat	ncbi_virus	NA	100	100	Bat papillomavirus	known_species
924	SRR25288821_183450_ka_f_133.625_L_2198449_L_166538_L_192407_:51-1148	Bat	ncbi_virus	NA	100	100	Bat papillomavirus	known_species
925	SRR25318379_54138_ka_f_56.641_L_585297_L_2087517_L_880589_L_2552958_:102-1286	Other	novel	NA	NA	NA	NA	no_hit
926	SRR26349144_512_ka_f_268.385_L_76358_L_402254_L_31276_L_436373_:51-1238	Ray-finned Fish	novel	NA	NA	NA	NA	no_hit
927	SRR26848470_5172_ka_f_48.172_L_5172_L_5172_:69-1274	Human	ncbi_virus	NA	99.917	99.917	Human papillomavirus 127	known_species
928	SRR4201715_11_ka_f_20.206_L_100126_L_98730_:162-1367	Bat	novel	NA	76.891	76.891	Molossus molossus papillomavirus 1	new_species
929	SRR4201715_3155_ka_f_31.945_L_3155_L_3155_:123-1334	Bat	novel	NA	NA	NA	NA	no_hit
930	SRR4201718_13914_ka_f_239.768_L_13914_L_13914_:0-1151	Bat	ncbi_virus	NA	100	100	Papillomavirus molossus8005	known_species
931	SRR6265748_428_ka_f_99.950_L_428_L_428_L_56251_:45-1142	Amphibian	blastn	NA	99.899	99.899	Oreolalax rhodostigmatus papillomavirus 1	known_species
932	SRR6442930_64_ka_f_18.436_L_64_L_64_:78-1289	Human	blastn	NA	100	100	Gammapapillomavirus 8	known_species
933	SRR7621241_1043443_ka_f_7.044_L_7509213_L_9771789_L_3152208_L_3152209_:96-1277	Feline	ncbi_virus	NA	100	100	Felis catus papillomavirus 4	known_species
934	SRR7662931_246426_ka_f_81.866_L_1694239_L_1694239_:69-1304	Cetacean	ncbi_virus	NA	100	100	Papillomavirus sousa8206	known_species
935	SRR7688467_2732_ka_f_37.140_L_131644_L_8186_:90-1307	Human	ncbi_virus	NA	100	100	Human papillomavirus	known_species
936	SRR7802420_28_ka_f_37.675_L_28_L_28_:72-1280	Human	novel	NA	82.895	82.895	Human papillomavirus 148	new_species
937	SRR8173830_4337_ka_f_10.426_:99-1310	Non-human Primate	ncbi_virus	NA	100	100	Macaca mulatta papillomavirus 4	known_species
938	SRR8379619_65067_ka_f_25.295_L_353429_L_200442_:48-1448	Amphibian	novel	NA	NA	NA	NA	no_hit
939	SRR9858360_7734_ka_f_16.720_:243-1343	Amphibian	ncbi_virus	NA	99.636	99.636	Papillomavirus ambystoma6078	known_species
941	SRR13789712Score=660.249_Edges=50829_140223_22015_22019_286457_Position=117_Alignment=40M2I82M1I136M10I8M1I70M2I59M_ScaffoldSuperpaths=_OriginScaffoldPath=	Human	novel	NA	86.279	86.279	human papillomavirus 20	new_species
942	SRR14825407Score=657.745_Edges=63_127_129_Position=0_Alignment=40M1I81M1D136M10I8M1I70M2I59M_ScaffoldSuperpaths=_OriginScaffoldPath=	Human	ncbi_virus	NA	90.333	90.333	Human papillomavirus 105	known_species
943	SRR7992321Score=652.502_Edges=57_75_79_147_39_207_93_Position=39_Alignment=40M1I81M1D136M10I8M1I70M2I59M_ScaffoldSuperpaths=_OriginScaffoldPath=	Human	ncbi_virus	NA	90.658	90.658	human papillomavirus 20	known_species
944	SRR13789499Score=658.017_Edges=58233_Position=28_Alignment=40M1I218M5I8M1I70M5I59M_ScaffoldSuperpaths=_OriginScaffoldPath=	Human	ncbi_virus	NA	99.59	99.59	Human papillomavirus	known_species
945	DRR213721Score=645.529_Edges=35_37_Position=1252_Alignment=40M1I218M6I8M2I70M2I59M_ScaffoldSuperpaths=_OriginScaffoldPath=	Other	ncbi_virus	NA	100	100	Human papillomavirus type 220	known_species
946	SRR7688803Score=653.516_Edges=1401_621_619_Position=219_Alignment=40M1I81M1D136M7I8M1I70M1D8M3I50M_ScaffoldSuperpaths=_OriginScaffoldPath=	Human	novel	NA	84.339	84.339	human papillomavirus 115	new_species
947	SRR7993544Score=630.562_Edges=343_347_6323_14329_10259_10257_14309_6665_6663_5265_8959_8963_17057_2497_6609_5689_14381_14383_4601_8529_8527_19905_6985_6987_10637_3859_3853_10253_17659_1067_11541_9151_9149_1361_3269_3273_12207_12209_8709_11407_11403_713_10155_10179_21743_21739_9431_14315_14317_13095_5631_5627_21263_10707_10703_2135_2137_17931_17929_125_5011_585_7169_7171_341_339_17249_13589_13585_1175_1173_20677_20681_14455_5807_8591_10759_3645_21869_21873_19827_111_115_14573_Position=50_Alignment=40M1I81M1D41M1I95M7I6M2D69M2D58M_ScaffoldSuperpaths=_OriginScaffoldPath=	Human	novel	NA	89.883	89.883	Human papillomavirus	new_species
948	SRR15442217Score=579.047_Edges=7_3_9_Position=6542_Alignment=40M2I122M1D95M4I78M3I51M8D_ScaffoldSuperpaths=_OriginScaffoldPath=	Human	ncbi_virus	NA	92.534	92.534	Human papillomavirus	known_species
949	DRR336006_14876_ka_f_37.727_L_248168_:57-1235	Other	novel	NA	79.474	79.474	synthetic construct	new_species
950	ERR10188112_96_ka_f_41.396_L_96_L_96_:129-1307	Bovine	novel	NA	NA	NA	NA	no_hit
951	ERR11284570_2572796_ka_f_13.306_L_6272680_L_4729108_:27-1211	Canine	novel	NA	NA	NA	NA	no_hit
952	ERR11785766_79526_ka_f_135.587_L_79526_L_79526_:81-1256	Bovine	novel	NA	NA	NA	NA	no_hit
953	ERR3209766_3734_ka_f_76.491_L_3734_L_3734_:135-1340	Metagenome	novel	NA	88.382	88.382	Human papillomavirus	new_species
954	ERR3569485_18719_ka_f_8.601_L_231434_L_306770_:45-1223	Bat	novel	NA	NA	NA	NA	no_hit
955	ERR4982086_19316_ka_f_13.793_:0-1151	Human	novel	NA	88.035	88.035	Betapapillomavirus 2	new_species
956	SRR12232778_17800_ka_f_19.792_:126-1328	Bat	novel	NA	NA	NA	NA	no_hit
957	SRR13234696_75487_ka_f_11.284_:69-1247	Canine	novel	NA	NA	NA	NA	no_hit
958	SRR13726052_3951_ka_f_11.665_:135-1340	Human	novel	NA	82.161	82.161	Human papillomavirus 156	new_species
959	SRR13765801_3416_ka_f_292.062_L_28033_L_49415_:108-1295	Marsupial	novel	NA	NA	NA	NA	no_hit
960	SRR13789306_38219_ka_f_578.459_L_38219_L_38219_:138-1343	Human	ncbi_virus	NA	99.668	99.668	Human papillomavirus	known_species
961	SRR13790114_171463_ka_f_11.099_L_717968_:78-1292	Human	novel	NA	78.332	78.332	Human papillomavirus	new_species
962	SRR13790119_931_ka_f_41.180_L_931_L_931_:87-1289	Human	ncbi_virus	NA	97.423	97.423	Human papillomavirus	known_species
963	SRR15899409_3611_ka_f_213.979_L_3611_L_3611_:138-1361	Human	novel	NA	84.115	84.115	Human papillomavirus	new_species
964	SRR16268598_38627_ka_f_75.350_L_49149_L_96116_L_49149_L_96116_:57-1226	Ray-finned Fish	novel	NA	NA	NA	NA	no_hit
965	SRR17035102_50223_ka_f_8.719_L_1041166_:150-1334	Cervine	novel	NA	NA	NA	NA	no_hit
966	SRR18442637_22623_ka_f_25.635_L_22623_L_22623_:207-1391	Canine	novel	NA	NA	NA	NA	no_hit
967	SRR18442941_64387_ka_f_13.805_:114-1298	Canine	ncbi_virus	NA	99.662	99.662	Papillomavirus canis8371	known_species
968	SRR19117908_684125_ka_f_6.962_:93-1262	Bovine	novel	NA	NA	NA	NA	no_hit
969	SRR19145031_77118_ka_f_5.835_L_37972_:147-1349	Human	ncbi_virus	NA	100	100	Human papillomavirus	known_species
970	SRR19174516_188544_ka_f_9.245_L_9720909_L_9720909_:111-1298	Porcine	novel	NA	NA	NA	NA	no_hit
971	SRR19174523_80317_ka_f_69.245_L_80317_L_80317_:111-1304	Porcine	novel	NA	NA	NA	NA	no_hit
972	SRR19430196_31104_ka_f_22.247_L_31104_L_31104_:45-1151	Amphibian	novel	NA	NA	NA	NA	no_hit
973	SRR19431669_13553_ka_f_143.093_L_13553_L_13553_:84-1274	Avian	novel	NA	76.589	76.589	Francolinus leucoscepus papillomavirus 1	new_species
974	SRR24580103_2_ka_f_8.600_:135-1373	Other	blastn	NA	100	100	Leptonychotes weddellii papillomavirus 9	known_species
975	SRR24905863_5241_ka_f_28.161_:123-1304	Human	ncbi_virus	NA	100	100	human papillomavirus 97	known_species
976	SRR24963419_788594_ka_f_21.217_L_788594_L_788594_:120-1316	Bovine	novel	NA	NA	NA	NA	no_hit
977	SRR25288620_22285_ka_f_13.524_L_8790_:51-1238	Bat	ncbi_virus	NA	100	100	Bat papillomavirus	known_species
978	SRR25288688_374483_ka_f_42.620_L_545654_L_959202_L_2023210_:81-1289	Bat	novel	NA	81.387	81.387	Bat papillomavirus	new_species
979	SRR25288769_18070_ka_f_18.974_:114-1310	Bat	ncbi_virus	NA	100	100	Rhinolophus bat papillomavirus 2	known_species
980	SRR25288772_849_ka_f_30.102_L_382650_L_410344_L_855875_:138-1340	Bat	novel	NA	76.01	76.01	Papillomavirus rhinolophus8112	new_species
981	SRR25288812_41583_ka_f_29.802_L_198358_L_25761_:51-1238	Bat	ncbi_virus	NA	100	100	Bat papillomavirus	known_species
982	SRR25288821_144875_ka_f_14.028_L_326243_:51-1169	Bat	novel	NA	72.961	72.961	Bat papillomavirus	new_species
983	SRR25570575_31593_ka_f_97.696_L_13738_L_82460_L_85769_:0-1202	Human	ncbi_virus	NA	100	100	Human papillomavirus	known_species
984	SRR26982247_0_ka_f_11.416_:84-1265	Other	ncbi_virus	NA	100	100	Caracal caracal papillomavirus 1	known_species
985	SRR5644066_68834_ka_f_15.504_:45-1226	Ursine	ncbi_virus	NA	100	100	Ailuropoda melanoleuca papillomavirus 4	known_species
986	SRR7122329_534_ka_f_791.697_L_31455_L_31456_L_27093_L_41073_:132-1319	Bovine	novel	NA	NA	NA	NA	no_hit
987	SRR7687908_859_ka_f_15.388_:90-1307	Human	ncbi_virus	NA	100	100	Human papillomavirus	known_species
988	SRR7688806_7_ka_f_34.046_L_6325_L_611_L_10998_:165-1358	Human	ncbi_virus	NA	100	100	Human papillomavirus	known_species
989	SRR7734129_5_ka_f_18.455_L_5_L_5_:54-1256	Bat	blastn	NA	99.834	99.834	Bat papillomavirus	known_species
990	SRR8173831_108428_ka_f_32.837_L_108428_L_108428_:60-1229	Non-human Primate	ncbi_virus	NA	100	100	Macaca mulatta papillomavirus 2	known_species
991	SRR8434718_67265_ka_f_7.733_L_530415_L_29332_:63-1235	Other	ncbi_virus	NA	79.226	79.226	synthetic construct	new_species
992	SRR8788206_190337_ka_f_30.570_L_190337_L_190337_:45-1154	Amphibian	ncbi_virus	NA	99.91	99.91	Papillomavirus leptobrachium5502	known_species
993	SRR9018603_242216_ka_f_24.828_L_6082373_L_6082373_:252-1427	Pangolin	ncbi_virus	NA	100	100	Manis pentadactyla papillomavirus 1	known_species
994	SRR9622465_819_ka_f_217.193_:84-1265	Equine	ncbi_virus	NA	100	100	Equus caballus papillomavirus 9	known_species
995	SRR7688840Score=634.681_Edges=27_5_9_Position=754_Alignment=40M2I122M1D95M6I8M3I70M4I59M_ScaffoldSuperpaths=_OriginScaffoldPath=	Human	ncbi_virus	NA	90.798	90.798	human papillomavirus 147	known_species
996	SRR22230817Score=647.428_Edges=178081_10237_34387_Position=418_Alignment=40M2I81M1D40M1D95M10I8M1I70M2I59M_ScaffoldSuperpaths=_OriginScaffoldPath=	Human	novel	NA	87.52	87.52	human papillomavirus 75	new_species
997	ERR11028317Score=609.68_Edges=43_7_63_69_71_Position=1871_Alignment=161M2D95M7I78M7I59M_ScaffoldSuperpaths=_OriginScaffoldPath=	Non-human Primate	novel	NA	71.273	71.273	Human papillomavirus	new_species
998	SRR7688400Score=649.582_Edges=70623_74787_7261_27431_31713_59971_59969_34459_49897_45295_43949_35729_65053_26411_26413_90547_6573_6575_36125_40491_537_535_79775_75313_75311_38373_64827_87495_50461_50465_10753_31649_31647_34021_34027_27903_27901_84033_92385_92389_16619_66897_50225_43777_42663_80641_89469_35745_35747_50021_58153_65035_72609_72611_39855_18969_18967_8933_44947_44945_49733_82269_24883_69065_75149_5793_83285_5359_5361_27895_31837_6079_68971_33953_65945_65949_56283_14387_34613_76457_76453_77531_25387_84779_84775_80267_79151_46081_71631_92103_92101_85597_19621_84351_54219_29133_29127_65995_34997_11881_31533_66755_66753_22217_36511_60801_60803_48465_21919_41753_12411_12409_55037_30939_43849_3681_3677_64403_86513_23825_23823_34269_34273_23369_89095_40083_40311_50763_90661_10551_10553_88007_62775_51529_36953_36951_14989_43781_43783_39883_35007_7363_7367_34503_57199_56525_56523_73297_23227_54849_42705_42701_88641_39773_39775_36239_8835_8831_41083_41085_67125_67123_30185_66621_513_48867_18487_18485_3055_47053_80237_74649_5263_9961_9965_16279_49543_91611_21803_135_78845_46791_46795_84857_68115_47919_47921_72927_13883_13_15_5183_58789_68635_92547_92549_375_373_22599_61273_21315_36211_36209_41219_80131_14797_Position=0_Alignment=40M1I81M1D40M1D95M10I8M1I70M2I59M_ScaffoldSuperpaths=_OriginScaffoldPath=	Human	novel	NA	86.041	86.041	human papillomavirus 124	new_species
999	SRR14825055Score=662.182_Edges=461_457_577_571_37_623_621_503_Position=48_Alignment=40M1I82M1I136M7I8M1I70M1D58M_ScaffoldSuperpaths=_OriginScaffoldPath=	Human	novel	NA	86.047	86.047	human papillomavirus 21	new_species
1000	SRR4201718Score=598.373_Edges=35_Position=550_Alignment=40M3I77M2I45M1D103M6I70M1D58M_ScaffoldSuperpaths=_OriginScaffoldPath=	Bat	novel	NA	NA	NA	NA	no_hit
1001	SRR27078515Score=646.195_Edges=123_33_35_99_Position=91_Alignment=40M1I81M1D40M1I96M7I8M1I70M1D58M_ScaffoldSuperpaths=_OriginScaffoldPath=	Human	novel	NA	87.864	87.864	Human papillomavirus type 198	new_species
1002	SRR7688386Score=652.92_Edges=65303_65301_126435_126439_48273_19715_19717_140457_46255_77301_77305_105895_94633_96617_48353_3619_118807_120843_11553_156707_87979_12641_12637_24351_36571_123403_106023_123473_28295_28293_1795_997_999_29085_29089_110381_115765_160811_66333_105911_13967_66951_5169_41891_135813_80193_54115_134183_70133_111039_111037_23941_54421_54423_29911_29543_97101_97103_149627_149631_148849_51445_59075_17975_8835_31629_95769_91721_44133_88739_88741_11503_32233_91353_91351_131525_58685_58681_52299_52297_13583_138667_138663_31619_31615_44277_51367_151011_79429_127929_106933_107851_143479_149531_73303_73307_56035_18225_35509_63043_63047_72039_71951_71955_102671_102669_160859_20613_20611_30647_30645_81023_35793_35797_102945_102941_136149_105843_75539_75541_49005_127195_135689_135687_4621_15521_120043_120045_78337_72779_72777_100599_100597_116563_85359_85363_15711_78731_48215_18839_40583_56623_56621_19523_14261_108257_66863_18739_59591_25733_79695_75557_111095_111097_53597_147929_147925_129245_129243_117199_108045_72597_72601_85429_61053_36817_Position=18_Alignment=40M2I122M1D95M2I8M1I70M2I59M_ScaffoldSuperpaths=_OriginScaffoldPath=	Human	novel	NA	87.325	87.325	Human papillomavirus	new_species
1003	SRR7688514Score=616.964_Edges=25_23_51_Position=312_Alignment=121M2I40M2D103M2I70M3I59M_ScaffoldSuperpaths=_OriginScaffoldPath=	Human	novel	NA	88.88	88.88	Human papillomavirus	new_species
1004	DRR472588Score=654.766_Edges=38049_41645_22055_5301_25043_3325_14885_12565_12561_4623_9861_43911_11251_7031_43145_28575_8749_8757_24251_24257_24887_12641_8885_5929_5925_2145_15527_15529_37885_35687_12757_30365_30361_12703_3307_35103_15437_15439_4557_11871_43523_36235_36231_20681_8873_8427_27741_27747_33207_29827_5709_5715_38551_36901_31533_31541_8585_5527_9973_9975_17331_17335_10923_10919_4409_37285_26833_26835_13825_13829_38995_4223_505_28053_28061_4887_42407_8665_13587_13591_17525_25201_25207_37723_21875_10487_23221_21239_2463_39655_39651_35657_43869_29071_32775_32769_33403_29619_34189_43715_4829_4835_19661_11195_16791_31743_31751_18739_3113_8371_14605_31389_26751_42931_32273_6583_32591_32593_3129_3119_31185_31191_35247_25785_14901_3293_7767_7773_43003_1141_27377_38451_28213_41609_41617_30397_1473_10125_5041_36637_36643_30833_38125_38123_29801_29793_21929_37861_37863_20251_39281_38247_38245_21973_3797_3795_3709_35521_35515_23099_23101_36709_16213_16219_1405_6495_21039_21459_17607_42235_42241_3153_21805_21803_36353_35819_21427_11477_11531_35149_7429_43331_43327_23441_23009_23007_9903_9909_315_309_9439_5561_17757_24585_39693_39701_34067_Position=1429_Alignment=40M2I295M2D58M_ScaffoldSuperpaths=_OriginScaffoldPath=	Human	novel	NA	85.702	85.702	human papillomavirus 31	new_species
1005	SRR8290149Score=637.758_Edges=73_77_5_Position=439_Alignment=40M1I224M1D71M1D58M_ScaffoldSuperpaths=_OriginScaffoldPath=	Human	ncbi_virus	NA	99.616	99.616	human papillomavirus 68	known_species
1006	ERR11223860_348186_ka_f_12.078_:132-1328	Canine	novel	NA	80.133	80.133	Papillomavirus canis7716	new_species
1007	ERR11284570_621919_ka_f_2031.763_L_6438252_L_6441684_L_787910_:72-1244	Canine	novel	NA	71.308	71.308	Canine papillomavirus 21	new_species
1008	ERR1301851_4027_ka_f_32.367_L_4027_L_4027_:51-1223	Bat	novel	NA	80.884	80.884	Bat papillomavirus	new_species
1009	ERR1992807_76942_ka_f_10.245_:36-1223	Other	ncbi_virus	NA	100	100	Trichechus manatus latirostris papillomavirus 4	known_species
1010	ERR3281568_196968_ka_f_100.981_L_196968_L_196968_:54-1205	Caprine	novel	NA	NA	NA	NA	no_hit
1011	ERR4982086_9616_ka_f_19.944_L_9616_L_9616_:63-1262	Human	novel	NA	74.687	74.687	Human papillomavirus	new_species
1012	SRR11095441_45031_ka_f_2358.494_L_45031_L_699059_L_45031_:81-1265	Other	ncbi_virus	NA	100	100	Mesocricetus auratus papillomavirus 1	known_species
1013	SRR11429435_3434_ka_f_179.895_L_9703_L_50332_:99-1325	Bat	ncbi_virus	NA	100	100	Tadarida brasiliensis papillomavirus 1	known_species
1014	SRR11743604_76211_ka_f_13.063_L_59118_L_7554_:0-1157	Ray-finned Fish	novel	NA	NA	NA	NA	no_hit
1015	SRR12091766_30573_ka_f_47.838_L_30573_L_30573_:432-1601	Other	ncbi_virus	NA	100	100	Macaca mulatta papillomavirus 6	known_species
1016	SRR13376374_518254_ka_f_605.647_L_518254_L_518254_:117-1301	Canine	ncbi_virus	NA	100	100	Papillomavirus canis7703	known_species
1017	SRR14129512_1_ka_f_17.523_L_1_L_1_:63-1286	Bat	ncbi_virus	NA	100	100	Tadarida brasiliensis papillomavirus 2	known_species
1018	SRR15899493_12438_ka_f_39.066_L_12438_L_12438_:78-1307	Human	novel	NA	80.113	80.113	human papillomavirus 112	new_species
1019	SRR17247090_144_ka_f_37.561_L_144_L_144_:0-1136	Bat	ncbi_virus	NA	100	100	Eumops bonariensis papillomavirus type 2	known_species
1020	SRR19145070_36999_ka_f_4.400_:114-1325	Human	novel	NA	82.343	82.343	Gammapapillomavirus 9	new_species
1021	SRR20028133_10902_ka_f_10.424_:150-1364	Human	novel	NA	NA	NA	NA	no_hit
1022	SRR21770678_48369_ka_f_39.976_:261-1445	Canine	novel	NA	80.844	80.844	Papillomavirus canis7747	new_species
1023	SRR22765732_110202_ka_f_25.005_L_1100007_L_2309380_:75-1295	Human	ncbi_virus	NA	98.77	98.77	Gammapapillomavirus 14	known_species
1024	SRR24580098_9_ka_f_85.064_L_2_L_9_L_9_:387-1574	Other	blastn	NA	100	100	Leptonychotes weddellii papillomavirus 12	known_species
1025	SRR24725051_117114_ka_f_11.573_L_6115604_L_1268227_:18-1334	Amphibian	novel	NA	NA	NA	NA	no_hit
1026	SRR25031640_182380_ka_f_27.481_L_182380_L_182380_:192-1367	Feline	ncbi_virus	NA	99.66	99.66	Felis domesticus papillomavirus 1	known_species
1027	SRR25288499_706524_ka_f_11.197_:6-1199	Bat	ncbi_virus	NA	100	100	Bat papillomavirus	known_species
1028	SRR25288536_22772_ka_f_6.788_:51-1241	Bat	ncbi_virus	NA	97.227	97.227	Bat papillomavirus	known_species
1029	SRR25288684_272_ka_f_30.047_L_10773_L_48617_L_454327_:183-1391	Bat	ncbi_virus	NA	100	100	Taphozous bat papillomavirus 1	known_species
1030	SRR25288688_181285_ka_f_12.850_L_412604_:6-1217	Bat	ncbi_virus	NA	100	100	Bat papillomavirus	known_species
1031	SRR25288729_321903_ka_f_37.825_L_12335_L_193708_:51-1235	Bat	ncbi_virus	NA	99.831	99.831	Bat papillomavirus	known_species
1032	SRR25288772_339538_ka_f_64.667_L_3307626_L_856532_:0-1181	Bat	ncbi_virus	NA	100	100	Rhinolophus bat papillomavirus 1	known_species
1033	SRR25288795_21130_ka_f_59.620_L_44070_L_75684_L_394129_:0-1133	Bat	ncbi_virus	NA	100	100	Bat papillomavirus	known_species
1034	SRR25288841_297484_ka_f_17.365_L_351892_L_416489_:138-1334	Bat	novel	NA	79.048	79.048	Bat papillomavirus	new_species
1035	SRR25570573_444_ka_f_107.007_L_1050_L_23571_L_1050_:87-1304	Human	ncbi_virus	NA	100	100	Human papillomavirus	known_species
1036	SRR26070879_529058_ka_f_45.946_L_7114440_:228-1403	Rodent	novel	NA	83.986	83.986	Papillomavirus myodes7812	new_species
1037	SRR26638132_5153_ka_f_15.550_L_238096_L_505805_L_599930_:69-1268	Metagenome	ncbi_virus	NA	94.996	94.996	human papillomavirus 200	known_species
1038	SRR26982247_1_ka_f_15.432_L_1_L_1_:132-1340	Other	ncbi_virus	NA	100	100	Caracal caracal papillomavirus 6	known_species
1039	SRR5415514_7377_ka_f_34.790_L_7377_L_7377_:195-1370	Rodent	ncbi_virus	NA	100	100	Papillomavirus myodes7812	known_species
1040	SRR6442888_274_ka_f_43.714_L_1278_L_769_:69-1277	Human	ncbi_virus	NA	99.917	99.917	Human papillomavirus 139	known_species
1041	SRR6442906_689_ka_f_36.239_L_1644_L_19203_L_19398_:72-1286	Human	ncbi_virus	NA	100	100	Gammapapillomavirus 12	known_species
1042	SRR7688409_6938_ka_f_12.449_:105-1328	Human	ncbi_virus	NA	99.019	99.019	Human papillomavirus 154	known_species
1043	SRR9703484_10495_ka_f_65.924_:123-1334	Bat	novel	NA	NA	NA	NA	no_hit
1044	SRR9965440_640_ka_f_19.994_L_640_L_640_:36-1250	Human	ncbi_virus	NA	91.68	91.68	human papillomavirus 153	known_species
1045	SRR7992579Score=551.943_Edges=66623_66619_81051_3197_81051_3195_81347_Position=546_Alignment=40M36I8M17I113M2D95M3I8M6I70M7I59M_ScaffoldSuperpaths=_OriginScaffoldPath=	Human	ncbi_virus	NA	97.702	97.702	Human papillomavirus	known_species
1046	SRR7687906Score=664.528_Edges=44537_44535_36543_132839_132837_136541_27193_27189_38411_143407_143411_142683_64617_64423_60733_60731_64023_42225_52055_46559_46561_48489_48487_82001_44197_44195_4253_101963_44421_44423_11211_62221_90213_90215_12667_139565_116421_40441_143535_143531_81383_62865_9669_9673_151551_701_697_104339_45267_4077_4079_110539_4129_4127_135545_138333_83049_107189_107193_17123_28569_70405_84175_84171_36055_133617_68667_68663_38161_146963_124641_28783_108905_Position=2_Alignment=40M1I82M1I136M10I8M1I70M2I59M_ScaffoldSuperpaths=_OriginScaffoldPath=	Human	novel	NA	88.016	88.016	human papillomavirus 20	new_species
1047	ERR11028317Score=615.623_Edges=55_7_65_69_71_Position=485_Alignment=161M2D95M7I78M7I59M_ScaffoldSuperpaths=_OriginScaffoldPath=	Non-human Primate	novel	NA	70.994	70.994	Human papillomavirus	new_species
1048	SRR6442947Score=656.262_Edges=7_245_Position=144_Alignment=40M1I81M1D136M7I8M2I70M3I59M_ScaffoldSuperpaths=_OriginScaffoldPath=	Human	ncbi_virus	NA	91.449	91.449	Human papillomavirus	known_species
1049	SRR13789891Score=658.143_Edges=7771_80789_65323_65327_Position=773_Alignment=40M1I82M1I136M7I8M1I70M1D58M_ScaffoldSuperpaths=_OriginScaffoldPath=	Human	novel	NA	85.749	85.749	Human papillomavirus type 14D	new_species
1050	SRR22231206Score=624.867_Edges=5613_16937_4891_4893_40689_6607_6539_6543_14437_34687_34685_93271_31697_31701_98931_11855_70279_70277_22321_40203_45477_45481_99745_22459_22461_98311_98307_16787_40333_45285_78777_Position=977_Alignment=40M2I81M1D40M1D95M7I8M1I70M1D58M_ScaffoldSuperpaths=_OriginScaffoldPath=	Human	ncbi_virus	NA	98.598	98.598	human papillomavirus 75	known_species
1051	SRR26848399Score=657.048_Edges=9307_9303_53027_Position=304_Alignment=40M1I81M1D136M7I8M1I70M1D58M_ScaffoldSuperpaths=_OriginScaffoldPath=	Human	novel	NA	85.997	85.997	Human papillomavirus type 38b	new_species
1052	SRR6442949Score=638.911_Edges=639_503_Position=72_Alignment=40M1I81M1D136M7I8M1I70M1D58M_ScaffoldSuperpaths=_OriginScaffoldPath=	Human	novel	NA	89.686	89.686	Human papillomavirus	new_species
1053	ERR1192687Score=616.17_Edges=49_79_7_Position=6917_Alignment=40M1I224M1D71M1D58M_ScaffoldSuperpaths=_OriginScaffoldPath=	Other	ncbi_virus	NA	90.432	90.432	human papillomavirus 18	known_species
1054	ERR164661Score=625.452_Edges=43_59_57_73_71_45_Position=69_Alignment=40M1I224M1D71M1D58M_ScaffoldSuperpaths=_OriginScaffoldPath=	Other	novel	NA	87.909	87.909	Human papillomavirus	new_species
1055	SRR21010216Score=633.83_Edges=1547_285_Position=27_Alignment=40M2I75M1D148M2D129M_ScaffoldSuperpaths=_OriginScaffoldPath=	Human	ncbi_virus	NA	93.512	93.512	Human papillomavirus	known_species
1056	SRR26982250Score=616.293_Edges=3_Position=2535_Alignment=40M1D81M1I40M1I97M3D133M_ScaffoldSuperpaths=_OriginScaffoldPath=	Other	ncbi_virus	NA	100	100	Caracal caracal papillomavirus 4	known_species
1057	SRR15719359Score=633.309_Edges=187_115_43_39_17_21_Position=388_Alignment=40M1D224M1D68M3D58M_ScaffoldSuperpaths=_OriginScaffoldPath=	Metagenome	ncbi_virus	NA	91.105	91.105	Human papillomavirus type 53	known_species
1058	ERR11318767Score=611.947_Edges=11_17_Position=2_Alignment=4D36M1D225M1I68M3D58M_ScaffoldSuperpaths=_OriginScaffoldPath=	Human	blastn	NA	90.496	90.496	Human papillomavirus	known_species
1059	SRR6451467Score=326.924_Edges=29_3_Position=53_Alignment=38M6D28M3I43M2D41M8D45M2I48M8D69M11I59M_ScaffoldSuperpaths=_OriginScaffoldPath=	Ray-finned Fish	ncbi_virus	NA	100	100	Papillomavirus carassius5978	known_species
1060	ERR11403158_1683236_ka_f_7.246_L_2069517_L_4657239_:147-1325	Canine	novel	NA	NA	NA	NA	no_hit
1061	ERR11403158_751443_ka_f_17.828_L_751443_L_751443_L_5368854_:162-1331	Canine	ncbi_virus	NA	99.914	99.914	Canis familiaris papillomavirus 4	known_species
1062	ERR3209929_15310_ka_f_14.644_L_198537_:93-1310	Metagenome	novel	NA	89.877	89.877	human papillomavirus 115	new_species
1063	ERR4671933_61071_ka_f_84.515_L_315540_L_10842941_L_10842941_:117-1283	Feline	ncbi_virus	NA	98.37	98.37	Papillomavirus panthera7693	known_species
1064	ERR8266531_15595_ka_f_84.363_L_15595_L_15595_:144-1361	Human	ncbi_virus	NA	99.589	99.589	Human papillomavirus 170	known_species
1065	SRR10002895_29493_ka_f_10.308_:117-1325	Metagenome	novel	NA	NA	NA	NA	no_hit
1066	SRR12532606_97845_ka_f_49.909_L_16883_L_184004_:60-1265	Ray-finned Fish	novel	NA	NA	NA	NA	no_hit
1067	SRR12694846_1322770_ka_f_909.011_L_1496445_L_1163554_:105-1313	Human	novel	NA	81.074	81.074	Human papillomavirus	new_species
1068	SRR13765808_2079_ka_f_35.074_L_30389_L_33090_:45-1220	Marsupial	novel	NA	NA	NA	NA	no_hit
1069	SRR13765811_2833_ka_f_31.171_L_77933_:57-1232	Marsupial	novel	NA	NA	NA	NA	no_hit
1070	SRR13789197_90024_ka_f_15.930_:60-1265	Human	ncbi_virus	NA	100	100	Gammapapillomavirus sp.	known_species
1071	SRR13789256_734_ka_f_27.268_L_734_L_734_:60-1280	Human	ncbi_virus	NA	99.508	99.508	Human papillomavirus	known_species
1072	SRR13789472_5570_ka_f_14.099_:99-1307	Human	ncbi_virus	NA	94.274	94.274	Human papillomavirus type 229	known_species
1073	SRR13790050_29320_ka_f_9.500_:90-1235	Human	novel	NA	84.864	84.864	Human papillomavirus 130	new_species
1074	SRR14860617_1712913_ka_f_7.098_:57-1262	Bat	novel	NA	NA	NA	NA	no_hit
1075	SRR18400216_50961_ka_f_12.009_L_50961_L_50961_:60-1238	Canine	novel	NA	77.111	77.111	Canine papillomavirus 23	new_species
1076	SRR18400698_20537_ka_f_106.301_:84-1268	Canine	novel	NA	87.953	87.953	Papillomavirus canis7118	new_species
1077	SRR18474643_404243_ka_f_7.197_:0-1127	Crayfish	ncbi_virus	NA	99.823	99.823	Myotis ricketti associated fish papillomavirus	known_species
1078	SRR18883118_25401_ka_f_11.714_L_25401_L_25401_:78-1307	Human	ncbi_virus	NA	95.769	95.769	Human papillomavirus	known_species
1079	SRR2063943_1185_ka_f_218.745_L_106171_L_106172_L_10399_:81-1289	Bat	ncbi_virus	NA	100	100	Papillomavirus rhinolophus8112	known_species
1080	SRR21284445_0_ka_f_76.393_L_0_L_0_:60-1253	Non-human Primate	ncbi_virus	NA	100	100	Varecia variegata papillomavirus 1	known_species
1081	SRR22071729_2577_ka_f_776.400_L_181330_L_248100_L_248101_:57-1232	Rodent	ncbi_virus	NA	100	100	Rodent papillomavirus	known_species
1082	SRR22103697_35462_ka_f_9.672_:126-1304	Bovine	novel	NA	NA	NA	NA	no_hit
1083	SRR24956270_4526557_ka_f_13.147_:69-1256	Bovine	novel	NA	NA	NA	NA	no_hit
1084	SRR24963462_472035_ka_f_43.001_L_284264_L_134496_:144-1322	Bovine	novel	NA	NA	NA	NA	no_hit
1085	SRR25288483_16137_ka_f_20.909_L_19354_L_816139_L_30322_:54-1247	Bat	ncbi_virus	NA	100	100	Bat papillomavirus	known_species
1086	SRR25288495_342821_ka_f_11.872_:135-1325	Bat	ncbi_virus	NA	99.916	99.916	Bat papillomavirus	known_species
1087	SRR25288528_692572_ka_f_24.254_L_52795_L_797215_:81-1271	Bat	ncbi_virus	NA	100	100	Bat papillomavirus	known_species
1088	SRR25288784_19416_ka_f_36.423_L_745193_L_790956_:120-1310	Bat	ncbi_virus	NA	100	100	Bat papillomavirus	known_species
1089	SRR25288803_4059_ka_f_21.446_L_186928_:204-1397	Bat	ncbi_virus	NA	100	100	Bat papillomavirus	known_species
1090	SRR25737668_153243_ka_f_41.491_L_3521022_L_3112325_:15-1247	Reptile	novel	NA	NA	NA	NA	no_hit
1091	SRR26395441_306738_ka_f_12.615_L_306738_L_306738_:144-1340	Porcine	novel	NA	NA	NA	NA	no_hit
1092	SRR26982246_0_ka_f_74.413_L_0_L_0_:66-1271	Other	ncbi_virus	NA	100	100	Caracal caracal papillomavirus 5	known_species
1093	SRR26982249_16_ka_f_159.210_L_28_L_25_:51-1238	Other	ncbi_virus	NA	100	100	Caracal caracal papillomavirus 3	known_species
1094	SRR4075526_1936_ka_f_67.737_L_61202_L_61219_:51-1268	Equine	novel	NA	NA	NA	NA	no_hit
1095	SRR4201715_304_ka_f_27.087_L_100126_L_98730_:210-1424	Bat	novel	NA	NA	NA	NA	no_hit
1096	SRR5040902_5609_ka_f_13.763_:117-1319	Bat	ncbi_virus	NA	100	100	Eidolon helvum papillomavirus 2	known_species
1097	SRR5384551_205_ka_f_38.898_L_2181_L_24603_:75-1259	Rodent	ncbi_virus	NA	100	100	Papillomavirus rodent7683	known_species
1098	SRR6757665_35583_ka_f_631.306_L_827921_L_1211658_:93-1289	Human	ncbi_virus	NA	100	100	Kappapapillomavirus 2	known_species
1099	SRR7688414_2674_ka_f_25.980_L_4094_:96-1316	Human	ncbi_virus	NA	99.918	99.918	Human papillomavirus	known_species
