V1	X	node	branch.length	isTip	x	y	branch	angle	x10	status	generalization	broader_gen	specific_species	X.1	lib	V2	V3	V4	V5	V6	V7	V8	V9	V10	V11	V12	V13	V14	V15	V16	V17	V18	V19	V20	V21	V22	V23	V24	V25	V26	V27	V28	V29	V30	V31	V32	V33	V34	V35	V36	V37	V38	V39	V40	V41	V42	V43	V44	V45	V46	V47
AB818687.1_156_1334_1	1198	63	2.4e-06	TRUE	5.618217033	533	5.618215835	172.8648649	Alphapapillomavirus	ncbi	Human	Human	Alphapapillomavirus	Human_associated	AB818687.1	Other	Other	Other	Other	Other	Other	Other	Other	Other	Other	Other	Other	Other	Other	Other	Other	Other	Other	Other	Other	Other	Other	Other	Other	Other	Other	Other	Other	Other	Other	Other	Other	Other	Other	Other	Other	Other	Other	Other	Other	Other	Other	Other	Other	Other	Other
AB819275.1_129_1304_1	NA	NA	NA	NA	NA	NA	NA	NA	NA	NA	NA	NA	NA	NA	NA	NA	NA	NA	NA	NA	NA	NA	NA	NA	NA	NA	NA	NA	NA	NA	NA	NA	NA	NA	NA	NA	NA	NA	NA	NA	NA	NA	NA	NA	NA	NA	NA	NA	NA	NA	NA	NA	NA	NA	NA	NA	NA	NA	NA	NA	NA
EU077224.1_123_1316_1	1193	56	0.004572627	TRUE	5.865761948	527	5.863475635	170.9189189	Alphapapillomavirus	ncbi	Human	Human	Alphapapillomavirus	Human_associated	EU077224.1	Other	Other	Other	Other	Other	Other	Other	Other	Other	Other	Other	Other	Other	Other	Other	Other	Other	Other	Other	Other	Other	Other	Other	Other	Other	Other	Other	Other	Other	Other	Other	Other	Other	Other	Other	Other	Other	Other	Other	Other	Other	Other	Other	Other	Other	Other
M74117.1_81_1262_1	1203	73	0.19314719	TRUE	5.69214333	522	5.595569735	169.2972973	Alphapapillomavirus	ncbi	Human	Human	Alphapapillomavirus	Human_associated	M74117.1	Other	Other	Other	Other	Other	Other	Other	Other	Other	Other	Other	Other	Other	Other	Other	Other	Other	Other	Other	Other	Other	Other	Other	Other	Other	Other	Other	Other	Other	Other	Other	Other	Other	Other	Other	Other	Other	Other	Other	Other	Other	Other	Other	Other	Other	Other
FB344172.1_45_1226_1	1204	72	0.057039485	TRUE	5.666281286	523	5.637761543	169.6216216	Alphapapillomavirus	ncbi	Human	Human	Alphapapillomavirus	Human_associated	FB344172.1	Other	Other	Other	Other	Other	Other	Other	Other	Other	Other	Other	Other	Other	Other	Other	Other	Other	Other	Other	Other	Other	Other	Other	Other	Other	Other	Other	Other	Other	Other	Other	Other	Other	Other	Other	Other	Other	Other	Other	Other	Other	Other	Other	Other	Other	Other
AY262282.1_240_1421_1	1166	25	2.61e-06	TRUE	6.532132762	589	6.532131458	191.027027	Alphapapillomavirus	ncbi	Human	Human	Alphapapillomavirus	Human_associated	AY262282.1	Other	Other	Other	Other	Other	Other	Other	Other	Other	Other	Other	Other	Other	Other	Other	Other	Other	Other	Other	Other	Other	Other	Other	Other	Other	Other	Other	Other	Other	Other	Other	Other	Other	Other	Other	Other	Other	Other	Other	Other	Other	Other	Other	Other	Other	Other
MP134368.1_42_1211_1	NA	NA	NA	NA	NA	NA	NA	NA	NA	NA	NA	NA	NA	NA	NA	NA	NA	NA	NA	NA	NA	NA	NA	NA	NA	NA	NA	NA	NA	NA	NA	NA	NA	NA	NA	NA	NA	NA	NA	NA	NA	NA	NA	NA	NA	NA	NA	NA	NA	NA	NA	NA	NA	NA	NA	NA	NA	NA	NA	NA	NA
EU918767.1_123_1304_1	1167	30	0.165482156	TRUE	6.381034357	583	6.298293279	189.0810811	Alphapapillomavirus	ncbi	Human	Human	Alphapapillomavirus	Human_associated	EU918767.1	Other	Other	Other	Other	Other	Other	Other	Other	Other	Other	Other	Other	Other	Other	Other	Other	Other	Other	Other	Other	Other	Other	Other	Other	Other	Other	Other	Other	Other	Other	Other	Other	Other	Other	Other	Other	Other	Other	Other	Other	Other	Other	Other	Other	Other	Other
CS077205.1_45_1235_1	1164	24	0.058015537	TRUE	6.432045606	587	6.403037838	190.3783784	Alphapapillomavirus	ncbi	Human	Human	Alphapapillomavirus	Human_associated	CS077205.1	Other	Other	Other	Other	Other	Other	Other	Other	Other	Other	Other	Other	Other	Other	Other	Other	Other	Other	Other	Other	Other	Other	Other	Other	Other	Other	Other	Other	Other	Other	Other	Other	Other	Other	Other	Other	Other	Other	Other	Other	Other	Other	Other	Other	Other	Other
FB570775.1_120_1298_1	NA	NA	NA	NA	NA	NA	NA	NA	NA	NA	NA	NA	NA	NA	NA	NA	NA	NA	NA	NA	NA	NA	NA	NA	NA	NA	NA	NA	NA	NA	NA	NA	NA	NA	NA	NA	NA	NA	NA	NA	NA	NA	NA	NA	NA	NA	NA	NA	NA	NA	NA	NA	NA	NA	NA	NA	NA	NA	NA	NA	NA
AB626705.1_54_1229_1	2078	955	0.008637426	TRUE	5.698344001	155	5.694025287	50.27027027	Deltapapillomavirus	ncbi	Cattle	Bovine	Bos_taurus	Bos_taurus_associated	AB626705.1	Other	Other	Other	Other	Other	Other	Other	Other	Other	Other	Other	Other	Other	Other	Other	Other	Other	Other	Other	Other	Other	Other	Other	Other	Other	Other	Other	Other	Other	Other	Other	Other	Other	Other	Other	Other	Other	Other	Other	Other	Other	Other	Other	Other	Other	Other
A07020.1_123_1298_1	1195	58	0.091857094	TRUE	5.907099927	530	5.86117138	171.8918919	Alphapapillomavirus	ncbi	Human	Human	Alphapapillomavirus	Human_associated	A07020.1	Other	Other	Other	Other	Other	Other	Other	Other	Other	Other	Other	Other	Other	Other	Other	Other	Other	Other	Other	Other	Other	Other	Other	Other	Other	Other	Other	Other	Other	Other	Other	Other	Other	Other	Other	Other	Other	Other	Other	Other	Other	Other	Other	Other	Other	Other
AF217526.1_42_1211_1	1224	95	0.066213762	TRUE	5.667338058	498	5.634231177	161.5135135	Alphapapillomavirus	ncbi	Human	Human	Alphapapillomavirus	Human_associated	AF217526.1	Other	Other	Other	Other	Other	Other	Other	Other	Other	Other	Other	Other	Other	Other	Other	Other	Other	Other	Other	Other	Other	Other	Other	Other	Other	Other	Other	Other	Other	Other	Other	Other	Other	Other	Other	Other	Other	Other	Other	Other	Other	Other	Other	Other	Other	Other
A28090.1_126_1301_1	1219	87	0.201708795	TRUE	5.857172905	507	5.756318507	164.4324324	Alphapapillomavirus	ncbi	Human	Human	Alphapapillomavirus	Human_associated	A28090.1	Other	Other	Other	Other	Other	Other	Other	Other	Other	Other	Other	Other	Other	Other	Other	Other	Other	Other	Other	Other	Other	Other	Other	Other	Other	Other	Other	Other	Other	Other	Other	Other	Other	Other	Other	Other	Other	Other	Other	Other	Other	Other	Other	Other	Other	Other
EF546469.1_84_1253_1	1183	52	0.079910485	TRUE	5.964307185	566	5.924351942	183.5675676	Alphapapillomavirus	ncbi	Human	Human	Alphapapillomavirus	Human_associated	EF546469.1	Other	Other	Other	Other	Other	Other	Other	Other	Other	Other	Other	Other	Other	Other	Other	Other	Other	Other	Other	Other	Other	Other	Other	Other	Other	Other	Other	Other	Other	Other	Other	Other	Other	Other	Other	Other	Other	Other	Other	Other	Other	Other	Other	Other	Other	Other
EF177176.1_198_1370_1	1182	48	1.03e-06	TRUE	6.100227722	569	6.100227209	184.5405405	Alphapapillomavirus	ncbi	Human	Human	Alphapapillomavirus	Human_associated	EF177176.1	Other	Other	Other	Other	Other	Other	Other	Other	Other	Other	Other	Other	Other	Other	Other	Other	Other	Other	Other	Other	Other	Other	Other	Other	Other	Other	Other	Other	Other	Other	Other	Other	Other	Other	Other	Other	Other	Other	Other	Other	Other	Other	Other	Other	Other	Other
HW350133.1_45_1223_1	1159	22	0.083239624	TRUE	6.195144124	580	6.153524312	188.1081081	Alphapapillomavirus	ncbi	Human	Human	Alphapapillomavirus	Human_associated	HW350133.1	Other	Other	Other	Other	Other	Other	Other	Other	Other	Other	Other	Other	Other	Other	Other	Other	Other	Other	Other	Other	Other	Other	Other	Other	Other	Other	Other	Other	Other	Other	Other	Other	Other	Other	Other	Other	Other	Other	Other	Other	Other	Other	Other	Other	Other	Other
AX033802.1_42_1217_1	NA	NA	NA	NA	NA	NA	NA	NA	NA	NA	NA	NA	NA	NA	NA	NA	NA	NA	NA	NA	NA	NA	NA	NA	NA	NA	NA	NA	NA	NA	NA	NA	NA	NA	NA	NA	NA	NA	NA	NA	NA	NA	NA	NA	NA	NA	NA	NA	NA	NA	NA	NA	NA	NA	NA	NA	NA	NA	NA	NA	NA
EF177182.1_198_1370_1	NA	NA	NA	NA	NA	NA	NA	NA	NA	NA	NA	NA	NA	NA	NA	NA	NA	NA	NA	NA	NA	NA	NA	NA	NA	NA	NA	NA	NA	NA	NA	NA	NA	NA	NA	NA	NA	NA	NA	NA	NA	NA	NA	NA	NA	NA	NA	NA	NA	NA	NA	NA	NA	NA	NA	NA	NA	NA	NA	NA	NA
HE963117.1_42_1214_1	1223	93	0.181524604	TRUE	5.807567465	502	5.716805163	162.8108108	Alphapapillomavirus	ncbi	Human	Human	Alphapapillomavirus	Human_associated	HE963117.1	Other	Other	Other	Other	Other	Other	Other	Other	Other	Other	Other	Other	Other	Other	Other	Other	Other	Other	Other	Other	Other	Other	Other	Other	Other	Other	Other	Other	Other	Other	Other	Other	Other	Other	Other	Other	Other	Other	Other	Other	Other	Other	Other	Other	Other	Other
DQ080079.1_78_1259_1	1160	20	0.124040359	TRUE	6.282575261	581	6.220555081	188.4324324	Alphapapillomavirus	ncbi	Human	Human	Alphapapillomavirus	Human_associated	DQ080079.1	Other	Other	Other	Other	Other	Other	Other	Other	Other	Other	Other	Other	Other	Other	Other	Other	Other	Other	Other	Other	Other	Other	Other	Other	Other	Other	Other	Other	Other	Other	Other	Other	Other	Other	Other	Other	Other	Other	Other	Other	Other	Other	Other	Other	Other	Other
D21208.1_183_1361_1	1194	61	0.186147376	TRUE	5.940733142	529	5.847659453	171.5675676	Alphapapillomavirus	ncbi	Human	Human	Alphapapillomavirus	Human_associated	D21208.1	Other	Other	Other	Other	Other	Other	Other	Other	Other	Other	Other	Other	Other	Other	Other	Other	Other	Other	Other	Other	Other	Other	Other	Other	Other	Other	Other	Other	Other	Other	Other	Other	Other	Other	Other	Other	Other	Other	Other	Other	Other	Other	Other	Other	Other	Other
AF436129.1_231_1394_1	1185	55	0.154054588	TRUE	5.626789667	503	5.549762373	163.1351351	Alphapapillomavirus	ncbi	Human	Human	Alphapapillomavirus	Human_associated	AF436129.1	Other	Other	Other	Other	Other	Other	Other	Other	Other	Other	Other	Other	Other	Other	Other	Other	Other	Other	Other	Other	Other	Other	Other	Other	Other	Other	Other	Other	Other	Other	Other	Other	Other	Other	Other	Other	Other	Other	Other	Other	Other	Other	Other	Other	Other	Other
KF436826.1_75_1259_1	1217	85	0.085857977	TRUE	5.895542177	511	5.852613189	165.7297297	Alphapapillomavirus	ncbi	Human	Human	Alphapapillomavirus	Human_associated	KF436826.1	Other	Other	Other	Other	Other	Other	Other	Other	Other	Other	Other	Other	Other	Other	Other	Other	Other	Other	Other	Other	Other	Other	Other	Other	Other	Other	Other	Other	Other	Other	Other	Other	Other	Other	Other	Other	Other	Other	Other	Other	Other	Other	Other	Other	Other	Other
AB027021.1_147_1328_1	1170	35	0.061272145	TRUE	6.110340974	577	6.079704901	187.1351351	Alphapapillomavirus	ncbi	Human	Human	Alphapapillomavirus	Human_associated	AB027021.1	Other	Other	Other	Other	Other	Other	Other	Other	Other	Other	Other	Other	Other	Other	Other	Other	Other	Other	Other	Other	Other	Other	Other	Other	Other	Other	Other	Other	Other	Other	Other	Other	Other	Other	Other	Other	Other	Other	Other	Other	Other	Other	Other	Other	Other	Other
HE793047.1_42_1220_1	1201	67	0.03937142	TRUE	6.129457227	537	6.109771517	174.1621622	Alphapapillomavirus	ncbi	Human	Human	Alphapapillomavirus	Human_associated	HE793047.1	Other	Other	Other	Other	Other	Other	Other	Other	Other	Other	Other	Other	Other	Other	Other	Other	Other	Other	Other	Other	Other	Other	Other	Other	Other	Other	Other	Other	Other	Other	Other	Other	Other	Other	Other	Other	Other	Other	Other	Other	Other	Other	Other	Other	Other	Other
HW350057.1_228_1409_1	1217	84	0.122859727	TRUE	5.932543927	510	5.871114063	165.4054054	Alphapapillomavirus	ncbi	Human	Human	Alphapapillomavirus	Human_associated	HW350057.1	Other	Other	Other	Other	Other	Other	Other	Other	Other	Other	Other	Other	Other	Other	Other	Other	Other	Other	Other	Other	Other	Other	Other	Other	Other	Other	Other	Other	Other	Other	Other	Other	Other	Other	Other	Other	Other	Other	Other	Other	Other	Other	Other	Other	Other	Other
AB542808.1_90_1274_1	1137	4	0.191447813	TRUE	5.801427738	541	5.705703831	175.4594595	Alphapapillomavirus	ncbi	Human	Human	Alphapapillomavirus	Human_associated	AB542808.1	Other	Other	Other	Other	Other	Other	Other	Other	Other	Other	Other	Other	Other	Other	Other	Other	Other	Other	Other	Other	Other	Other	Other	Other	Other	Other	Other	Other	Other	Other	Other	Other	Other	Other	Other	Other	Other	Other	Other	Other	Other	Other	Other	Other	Other	Other
HW350056.1_84_1259_1	1183	51	0.16228735	TRUE	6.046684049	565	5.965540375	183.2432432	Alphapapillomavirus	ncbi	Human	Human	Alphapapillomavirus	Human_associated	HW350056.1	Other	Other	Other	Other	Other	Other	Other	Other	Other	Other	Other	Other	Other	Other	Other	Other	Other	Other	Other	Other	Other	Other	Other	Other	Other	Other	Other	Other	Other	Other	Other	Other	Other	Other	Other	Other	Other	Other	Other	Other	Other	Other	Other	Other	Other	Other
AJ620209.1_165_1346_1	1142	9	0.140298461	TRUE	6.065409248	554	5.995260018	179.6756757	Alphapapillomavirus	ncbi	Human	Human	Alphapapillomavirus	Human_associated	AJ620209.1	Other	Other	Other	Other	Other	Other	Other	Other	Other	Other	Other	Other	Other	Other	Other	Other	Other	Other	Other	Other	Other	Other	Other	Other	Other	Other	Other	Other	Other	Other	Other	Other	Other	Other	Other	Other	Other	Other	Other	Other	Other	Other	Other	Other	Other	Other
AJ620205.1_201_1379_1	NA	NA	NA	NA	NA	NA	NA	NA	NA	NA	NA	NA	NA	NA	NA	NA	NA	NA	NA	NA	NA	NA	NA	NA	NA	NA	NA	NA	NA	NA	NA	NA	NA	NA	NA	NA	NA	NA	NA	NA	NA	NA	NA	NA	NA	NA	NA	NA	NA	NA	NA	NA	NA	NA	NA	NA	NA	NA	NA	NA	NA
KC470286.1_78_1259_1	1158	23	0.198121933	TRUE	6.291515454	579	6.192454488	187.7837838	Alphapapillomavirus	ncbi	Human	Human	Alphapapillomavirus	Human_associated	KC470286.1	Other	Other	Other	Other	Other	Other	Other	Other	Other	Other	Other	Other	Other	Other	Other	Other	Other	Other	Other	Other	Other	Other	Other	Other	Other	Other	Other	Other	Other	Other	Other	Other	Other	Other	Other	Other	Other	Other	Other	Other	Other	Other	Other	Other	Other	Other
HW350065.1_216_1397_1	1143	6	0.097490292	TRUE	6.100628669	555	6.051883524	180	Alphapapillomavirus	ncbi	Human	Human	Alphapapillomavirus	Human_associated	HW350065.1	Other	Other	Other	Other	Other	Other	Other	Other	Other	Other	Other	Other	Other	Other	Other	Other	Other	Other	Other	Other	Other	Other	Other	Other	Other	Other	Other	Other	Other	Other	Other	Other	Other	Other	Other	Other	Other	Other	Other	Other	Other	Other	Other	Other	Other	Other
FN598907.1_90_1283_1	1691	555	0.013436404	TRUE	5.910423758	738	5.903705556	239.3513514	Betapapillomavirus	ncbi	Human	Human	Betapapillomavirus	Human_associated	FN598907.1	Other	Other	Other	Other	Other	Other	Other	Other	Other	Other	Other	Other	Other	Other	Other	Other	Other	Other	Other	Other	Other	Other	Other	Other	Other	Other	Other	Other	Other	Other	Other	Other	Other	Other	Other	Other	Other	Other	Other	Other	Other	Other	Other	Other	Other	Other
EF680235.1_90_1271_1	2080	962	0.150284812	TRUE	5.55936679	147	5.484224384	47.67567568	Deltapapillomavirus	ncbi	Cervine	Cervine	Capreolus_capreolus	Capreolus_capreolus_associated	EF680235.1	Other	Other	Other	Other	Other	Other	Other	Other	Other	Other	Other	Other	Other	Other	Other	Other	Other	Other	Other	Other	Other	Other	Other	Other	Other	Other	Other	Other	Other	Other	Other	Other	Other	Other	Other	Other	Other	Other	Other	Other	Other	Other	Other	Other	Other	Other
D26115.1_84_1274_1	1799	682	0.268801159	TRUE	5.647156082	255	5.512755503	82.7027027	Lambdapapillomavirus	ncbi	Canine	Canine	Canis_familiaris	Canis_familiaris_associated	D26115.1	Other	Other	Other	Other	Other	Other	Other	Other	Other	Other	Other	Other	Other	Other	Other	Other	Other	Other	Other	Other	Other	Other	Other	Other	Other	Other	Other	Other	Other	Other	Other	Other	Other	Other	Other	Other	Other	Other	Other	Other	Other	Other	Other	Other	Other	Other
EU503122.1_117_1301_1	2112	996	0.418229858	TRUE	5.06792893	118	4.858814001	38.27027027	Dyoiotapapillomavirus	ncbi	Equine	Equine	Equus_caballus	Equus_caballus_associated	EU503122.1	Other	Other	Other	Other	Other	Other	Other	Other	Other	Other	Other	Other	Other	Other	Other	Other	Other	Other	Other	Other	Other	Other	Other	Other	Other	Other	Other	Other	Other	Other	Other	Other	Other	Other	Other	Other	Other	Other	Other	Other	Other	Other	Other	Other	Other	Other
AY395706.1_120_1298_1	NA	NA	NA	NA	NA	NA	NA	NA	NA	NA	NA	NA	NA	NA	NA	NA	NA	NA	NA	NA	NA	NA	NA	NA	NA	NA	NA	NA	NA	NA	NA	NA	NA	NA	NA	NA	NA	NA	NA	NA	NA	NA	NA	NA	NA	NA	NA	NA	NA	NA	NA	NA	NA	NA	NA	NA	NA	NA	NA	NA	NA
KF436859.1_87_1274_1	1171	36	0.079359913	TRUE	5.814268174	573	5.774588217	185.8378378	Alphapapillomavirus	ncbi	Human	Human	Alphapapillomavirus	Human_associated	KF436859.1	Other	Other	Other	Other	Other	Other	Other	Other	Other	Other	Other	Other	Other	Other	Other	Other	Other	Other	Other	Other	Other	Other	Other	Other	Other	Other	Other	Other	Other	Other	Other	Other	Other	Other	Other	Other	Other	Other	Other	Other	Other	Other	Other	Other	Other	Other
LR861871.1_120_1301_1	1223	92	0.069240197	TRUE	5.695283058	501	5.66066296	162.4864865	Alphapapillomavirus	ncbi	Human	Human	Alphapapillomavirus	Human_associated	LR861871.1	Other	Other	Other	Other	Other	Other	Other	Other	Other	Other	Other	Other	Other	Other	Other	Other	Other	Other	Other	Other	Other	Other	Other	Other	Other	Other	Other	Other	Other	Other	Other	Other	Other	Other	Other	Other	Other	Other	Other	Other	Other	Other	Other	Other	Other	Other
AJ400628.2_249_1436_1	NA	NA	NA	NA	NA	NA	NA	NA	NA	NA	NA	NA	NA	NA	NA	NA	NA	NA	NA	NA	NA	NA	NA	NA	NA	NA	NA	NA	NA	NA	NA	NA	NA	NA	NA	NA	NA	NA	NA	NA	NA	NA	NA	NA	NA	NA	NA	NA	NA	NA	NA	NA	NA	NA	NA	NA	NA	NA	NA	NA	NA
FJ947080.1_93_1310_1	1703	575	0.063283183	TRUE	5.436226947	705	5.404585356	228.6486486	Betapapillomavirus	ncbi	Human	Human	Betapapillomavirus	Human_associated	FJ947080.1	Other	Other	Other	Other	Other	Other	Other	Other	Other	Other	Other	Other	Other	Other	Other	Other	Other	Other	Other	Other	Other	Other	Other	Other	Other	Other	Other	Other	Other	Other	Other	Other	Other	Other	Other	Other	Other	Other	Other	Other	Other	Other	Other	Other	Other	Other
AY330620.1_102_1286_1	1138	3	2.18e-06	TRUE	5.774958198	543	5.774957109	176.1081081	Alphapapillomavirus	ncbi	Human	Human	Alphapapillomavirus	Human_associated	AY330620.1	Other	Other	Other	Other	Other	Other	Other	Other	Other	Other	Other	Other	Other	Other	Other	Other	Other	Other	Other	Other	Other	Other	Other	Other	Other	Other	Other	Other	Other	Other	Other	Other	Other	Other	Other	Other	Other	Other	Other	Other	Other	Other	Other	Other	Other	Other
AF293960.1_276_1460_1	1149	13	0.076152619	TRUE	6.311735196	551	6.273658886	178.7027027	Alphapapillomavirus	ncbi	Human	Human	Alphapapillomavirus	Human_associated	AF293960.1	Other	Other	Other	Other	Other	Other	Other	Other	Other	Other	Other	Other	Other	Other	Other	Other	Other	Other	Other	Other	Other	Other	Other	Other	Other	Other	Other	Other	Other	Other	Other	Other	Other	Other	Other	Other	Other	Other	Other	Other	Other	Other	Other	Other	Other	Other
DQ080000.1_102_1262_1	1151	18	0.013892152	TRUE	5.9165632	546	5.909617125	177.0810811	Alphapapillomavirus	ncbi	Human	Human	Alphapapillomavirus	Human_associated	DQ080000.1	Other	Other	Other	Other	Other	Other	Other	Other	Other	Other	Other	Other	Other	Other	Other	Other	Other	Other	Other	Other	Other	Other	Other	Other	Other	Other	Other	Other	Other	Other	Other	Other	Other	Other	Other	Other	Other	Other	Other	Other	Other	Other	Other	Other	Other	Other
AF436128.1_102_1283_1	1146	16	0.1037072	TRUE	5.996116373	547	5.944262773	177.4054054	Alphapapillomavirus	ncbi	Human	Human	Alphapapillomavirus	Human_associated	AF436128.1	Other	Other	Other	Other	Other	Other	Other	Other	Other	Other	Other	Other	Other	Other	Other	Other	Other	Other	Other	Other	Other	Other	Other	Other	Other	Other	Other	Other	Other	Other	Other	Other	Other	Other	Other	Other	Other	Other	Other	Other	Other	Other	Other	Other	Other	Other
AF070938.1_48_1226_1	1202	65	0.088290376	TRUE	6.480035134	538	6.435889946	174.4864865	Alphapapillomavirus	ncbi	Human	Human	Alphapapillomavirus	Human_associated	AF070938.1	Other	Other	Other	Other	Other	Other	Other	Other	Other	Other	Other	Other	Other	Other	Other	Other	Other	Other	Other	Other	Other	Other	Other	Other	Other	Other	Other	Other	Other	Other	Other	Other	Other	Other	Other	Other	Other	Other	Other	Other	Other	Other	Other	Other	Other	Other
MK620304.1_72_1256_1	2134	1016	0.21641637	TRUE	5.162606885	91	5.0543987	29.51351351	Larus_smithsonianus_associated	ncbi	Avian	Avian	Larus_smithsonianus_associated	Larus_smithsonianus_associated	MK620304.1	Other	Other	Other	Other	Other	Other	Other	Other	Other	Other	Other	Other	Other	Other	Other	Other	Other	Other	Other	Other	Other	Other	Other	Other	Other	Other	Other	Other	Other	Other	Other	Other	Other	Other	Other	Other	Other	Other	Other	Other	Other	Other	Other	Other	Other	Other
D90252.1_60_1310_1	1643	510	0.044814799	TRUE	5.520837071	678	5.498429672	219.8918919	Betapapillomavirus	ncbi	Human	Human	Betapapillomavirus	Human_associated	D90252.1	Other	Other	Other	Other	Other	Other	Other	Other	Other	Other	Other	Other	Other	Other	Other	Other	Other	Other	Other	Other	Other	Other	Other	Other	Other	Other	Other	Other	Other	Other	Other	Other	Other	Other	Other	Other	Other	Other	Other	Other	Other	Other	Other	Other	Other	Other
JQ798171.1_54_1229_1	NA	NA	NA	NA	NA	NA	NA	NA	NA	NA	NA	NA	NA	NA	NA	NA	NA	NA	NA	NA	NA	NA	NA	NA	NA	NA	NA	NA	NA	NA	NA	NA	NA	NA	NA	NA	NA	NA	NA	NA	NA	NA	NA	NA	NA	NA	NA	NA	NA	NA	NA	NA	NA	NA	NA	NA	NA	NA	NA	NA	NA
FM212639.1_84_1292_1	1579	446	0.236157061	TRUE	6.000664146	820	5.882585616	265.9459459	Gammapapillomavirus	ncbi	Human	Human	Gammapapillomavirus	Human_associated	FM212639.1	Other	Other	Other	Other	Other	Other	Other	Other	Other	Other	Other	Other	Other	Other	Other	Other	Other	Other	Other	Other	Other	Other	Other	Other	Other	Other	Other	Other	Other	Other	Other	Other	Other	Other	Other	Other	Other	Other	Other	Other	Other	Other	Other	Other	Other	Other
GQ845443.1_84_1295_1	1564	433	0.152976392	TRUE	5.808397829	854	5.731909633	276.972973	Gammapapillomavirus	ncbi	Human	Human	Gammapapillomavirus	Human_associated	GQ845443.1	Other	Other	Other	Other	Other	Other	Other	Other	Other	Other	Other	Other	Other	Other	Other	Other	Other	Other	Other	Other	Other	Other	Other	Other	Other	Other	Other	Other	Other	Other	Other	Other	Other	Other	Other	Other	Other	Other	Other	Other	Other	Other	Other	Other	Other	Other
KC113191.1_162_1373_1	1495	355	0.096551278	TRUE	6.596317462	992	6.548041823	321.7297297	Gammapapillomavirus	ncbi	Human	Human	Gammapapillomavirus	Human_associated	KC113191.1	Other	Other	Other	Other	Other	Other	Other	Other	Other	Other	Other	Other	Other	Other	Other	Other	Other	Other	Other	Other	Other	Other	Other	Other	Other	Other	Other	Other	Other	Other	Other	Other	Other	Other	Other	Other	Other	Other	Other	Other	Other	Other	Other	Other	Other	Other
AY609301.1_81_1277_1	2023	902	0.439048381	TRUE	5.441727343	187	5.222203153	60.64864865	Rhopapillomavirus	ncbi	Manatee	Other	Trichechus_manatus	Trichechus_manatus_associated	AY609301.1	Other	Other	Other	Other	Other	Other	Other	Other	Other	Other	Other	Other	Other	Other	Other	Other	Other	Other	Other	Other	Other	Other	Other	Other	Other	Other	Other	Other	Other	Other	Other	Other	Other	Other	Other	Other	Other	Other	Other	Other	Other	Other	Other	Other	Other	Other
MK620303.1_66_1256_1	2148	1034	0.20216076	TRUE	4.427291815	79	4.326211435	25.62162162	Anas_platyrhynchos_associated	ncbi	Avian	Avian	Anas_platyrhynchos_associated	Anas_platyrhynchos_associated	MK620303.1	Other	Other	Other	Other	Other	Other	Other	Other	Other	Other	Other	Other	Other	Other	Other	Other	Other	Other	Other	Other	Other	Other	Other	Other	Other	Other	Other	Other	Other	Other	Other	Other	Other	Other	Other	Other	Other	Other	Other	Other	Other	Other	Other	Other	Other	Other
HW350144.1_45_1226_1	1171	37	0.083878198	TRUE	5.818786459	574	5.77684736	186.1621622	Alphapapillomavirus	ncbi	Human	Human	Alphapapillomavirus	Human_associated	HW350144.1	Other	Other	Other	Other	Other	Other	Other	Other	Other	Other	Other	Other	Other	Other	Other	Other	Other	Other	Other	Other	Other	Other	Other	Other	Other	Other	Other	Other	Other	Other	Other	Other	Other	Other	Other	Other	Other	Other	Other	Other	Other	Other	Other	Other	Other	Other
HQ625441.1_141_1316_1	2006	881	0.015120539	TRUE	5.299693099	236	5.29213283	76.54054054	Iotapapillomavirus	ncbi	Rodent	Rodent	Rattus_norvegicus	Rattus_norvegicus_associated	HQ625441.1	Other	Other	Other	Other	Other	Other	Other	Other	Other	Other	Other	Other	Other	Other	Other	Other	Other	Other	Other	Other	Other	Other	Other	Other	Other	Other	Other	Other	Other	Other	Other	Other	Other	Other	Other	Other	Other	Other	Other	Other	Other	Other	Other	Other	Other	Other
AB331651.1_309_1508_1	1737	628	0.3328231	TRUE	5.730472256	642	5.564060706	208.2162162	Xipapillomavirus	ncbi	Cattle	Bovine	Bos_taurus	Bos_taurus_associated	AB331651.1	Other	Other	Other	Other	Other	Other	Other	Other	Other	Other	Other	Other	Other	Other	Other	Other	Other	Other	Other	Other	Other	Other	Other	Other	Other	Other	Other	Other	Other	Other	Other	Other	Other	Other	Other	Other	Other	Other	Other	Other	Other	Other	Other	Other	Other	Other
MQ011419.1_45_1217_1	NA	NA	NA	NA	NA	NA	NA	NA	NA	NA	NA	NA	NA	NA	NA	NA	NA	NA	NA	NA	NA	NA	NA	NA	NA	NA	NA	NA	NA	NA	NA	NA	NA	NA	NA	NA	NA	NA	NA	NA	NA	NA	NA	NA	NA	NA	NA	NA	NA	NA	NA	NA	NA	NA	NA	NA	NA	NA	NA	NA	NA
JX972168.1_72_1247_1	1301	176	0.110509491	TRUE	5.589345255	757	5.53409051	245.5135135	Taupapillomavirus	ncbi	Feline	Feline	Felis_domesticus	Felis_domesticus_associated	JX972168.1	Other	Other	Other	Other	Other	Other	Other	Other	Other	Other	Other	Other	Other	Other	Other	Other	Other	Other	Other	Other	Other	Other	Other	Other	Other	Other	Other	Other	Other	Other	Other	Other	Other	Other	Other	Other	Other	Other	Other	Other	Other	Other	Other	Other	Other	Other
BK066384.1_135_1322_1	1619	489	0.004199519	TRUE	5.513287443	804	5.511187683	260.7567568	Pipapillomavirus	ncbi	Rodent	Rodent	Mus	Mus_associated	BK066384.1	Other	Other	Other	Other	Other	Other	Other	Other	Other	Other	Other	Other	Other	Other	Other	Other	Other	Other	Other	Other	Other	Other	Other	Other	Other	Other	Other	Other	Other	Other	Other	Other	Other	Other	Other	Other	Other	Other	Other	Other	Other	Other	Other	Other	Other	Other
MK463910.1_51_1229_1	NA	NA	NA	NA	NA	NA	NA	NA	NA	NA	NA	NA	NA	NA	NA	NA	NA	NA	NA	NA	NA	NA	NA	NA	NA	NA	NA	NA	NA	NA	NA	NA	NA	NA	NA	NA	NA	NA	NA	NA	NA	NA	NA	NA	NA	NA	NA	NA	NA	NA	NA	NA	NA	NA	NA	NA	NA	NA	NA	NA	NA
DQ080081.1_231_1436_1	1580	449	0.107265401	TRUE	5.858483672	817	5.804850972	264.972973	Gammapapillomavirus	ncbi	Human	Human	Gammapapillomavirus	Human_associated	DQ080081.1	Other	Other	Other	Other	Other	Other	Other	Other	Other	Other	Other	Other	Other	Other	Other	Other	Other	Other	Other	Other	Other	Other	Other	Other	Other	Other	Other	Other	Other	Other	Other	Other	Other	Other	Other	Other	Other	Other	Other	Other	Other	Other	Other	Other	Other	Other
AJ243287.1_93_1289_1	1836	709	0.49919632	TRUE	5.531235887	245	5.281637727	79.45945946	Kappapapillomavirus	ncbi	Lapine	Other	Sylvilagus	Sylvilagus_associated	AJ243287.1	Other	Other	Other	Other	Other	Other	Other	Other	Other	Other	Other	Other	Other	Other	Other	Other	Other	Other	Other	Other	Other	Other	Other	Other	Other	Other	Other	Other	Other	Other	Other	Other	Other	Other	Other	Other	Other	Other	Other	Other	Other	Other	Other	Other	Other	Other
HG939559.1_63_1247_1	1609	480	0.152254009	TRUE	5.603462646	797	5.527335641	258.4864865	Pipapillomavirus	ncbi	Rodent	Rodent	Phodopus_sungorus	Phodopus_sungorus_associated	HG939559.1	Other	Other	Other	Other	Other	Other	Other	Other	Other	Other	Other	Other	Other	Other	Other	Other	Other	Other	Other	Other	Other	Other	Other	Other	Other	Other	Other	Other	Other	Other	Other	Other	Other	Other	Other	Other	Other	Other	Other	Other	Other	Other	Other	Other	Other	Other
MA632777.1_54_1307_1	1840	716	0.468232756	TRUE	5.380947882	240	5.146831504	77.83783784	Mupapillomavirus	ncbi	Human	Human	Mupapillomavirus	Human_associated	MA632777.1	Other	Other	Other	Other	Other	Other	Other	Other	Other	Other	Other	Other	Other	Other	Other	Other	Other	Other	Other	Other	Other	Other	Other	Other	Other	Other	Other	Other	Other	Other	Other	Other	Other	Other	Other	Other	Other	Other	Other	Other	Other	Other	Other	Other	Other	Other
BK066355.1_237_1415_1	1253	126	0.038748662	TRUE	5.163312457	465	5.143938126	150.8108108	Rhinolophus_ferrumequinum	_associated	ncbi	Bat	Bat	Rhinolophus_ferrumequinum	_associated	Rhinolophus_ferrumequinum	_associated	BK066355.1	Other	Other	Other	Other	Other	Other	Other	Other	Other	Other	Other	Other	Other	Other	Other	Other	Other	Other	Other	Other	Other	Other	Other	Other	Other	Other	Other	Other	Other	Other	Other	Other	Other	Other	Other	Other	Other	Other	Other	Other	Other	Other	Other	Other	Other	Other
MT078971.1_138_1322_1	1229	103	0.291610604	TRUE	5.238398552	483	5.09259325	156.6486486	Dyodeltapapillomavirus	ncbi	Porcine	Porcine	Sus_scrofa	Sus_scrofa_associated	MT078971.1	Other	Other	Other	Other	Other	Other	Other	Other	Other	Other	Other	Other	Other	Other	Other	Other	Other	Other	Other	Other	Other	Other	Other	Other	Other	Other	Other	Other	Other	Other	Other	Other	Other	Other	Other	Other	Other	Other	Other	Other	Other	Other	Other	Other	Other	Other
JX174437.1_54_1229_1	NA	NA	NA	NA	NA	NA	NA	NA	NA	NA	NA	NA	NA	NA	NA	NA	NA	NA	NA	NA	NA	NA	NA	NA	NA	NA	NA	NA	NA	NA	NA	NA	NA	NA	NA	NA	NA	NA	NA	NA	NA	NA	NA	NA	NA	NA	NA	NA	NA	NA	NA	NA	NA	NA	NA	NA	NA	NA	NA	NA	NA
LR861990.1_147_1349_1	1580	450	0.136410208	TRUE	5.88762848	818	5.819423376	265.2972973	Human_associated	ncbi	Human	Human	Human_associated	Human_associated	LR861990.1	Other	Other	Other	Other	Other	Other	Other	Other	Other	Other	Other	Other	Other	Other	Other	Other	Other	Other	Other	Other	Other	Other	Other	Other	Other	Other	Other	Other	Other	Other	Other	Other	Other	Other	Other	Other	Other	Other	Other	Other	Other	Other	Other	Other	Other	Other
DQ344807.1_171_1337_1	1222	91	0.090865377	TRUE	5.710459997	500	5.665027308	162.1621622	Alphapapillomavirus	ncbi	Human	Human	Alphapapillomavirus	Human_associated	DQ344807.1	Other	Other	Other	Other	Other	Other	Other	Other	Other	Other	Other	Other	Other	Other	Other	Other	Other	Other	Other	Other	Other	Other	Other	Other	Other	Other	Other	Other	Other	Other	Other	Other	Other	Other	Other	Other	Other	Other	Other	Other	Other	Other	Other	Other	Other	Other
AF486184.1_75_1265_1	1756	625	0.149584534	TRUE	5.795427224	644	5.720634956	208.8648649	Xipapillomavirus	ncbi	Cattle	Bovine	Bos_taurus	Bos_taurus_associated	AF486184.1	Other	Other	Other	Other	Other	Other	Other	Other	Other	Other	Other	Other	Other	Other	Other	Other	Other	Other	Other	Other	Other	Other	Other	Other	Other	Other	Other	Other	Other	Other	Other	Other	Other	Other	Other	Other	Other	Other	Other	Other	Other	Other	Other	Other	Other	Other
AF394740.1_87_1283_1	2044	924	0.83973146	TRUE	5.448843006	201	5.028977276	65.18918919	Zetapapillomavirus	ncbi	Equine	Equine	Equus	Equus_associated	AF394740.1	Other	Other	Other	Other	Other	Other	Other	Other	Other	Other	Other	Other	Other	Other	Other	Other	Other	Other	Other	Other	Other	Other	Other	Other	Other	Other	Other	Other	Other	Other	Other	Other	Other	Other	Other	Other	Other	Other	Other	Other	Other	Other	Other	Other	Other	Other
MF588730.1_129_1328_1	1396	251	0.102344551	TRUE	6.851201314	1080	6.800029039	350.2702703	Gammapapillomavirus	ncbi	Human	Human	Gammapapillomavirus	Human_associated	MF588730.1	Other	Other	Other	Other	Other	Other	Other	Other	Other	Other	Other	Other	Other	Other	Other	Other	Other	Other	Other	Other	Other	Other	Other	Other	Other	Other	Other	Other	Other	Other	Other	Other	Other	Other	Other	Other	Other	Other	Other	Other	Other	Other	Other	Other	Other	Other
LR862035.1_138_1343_1	1578	448	0.207493653	TRUE	5.840038606	819	5.736291779	265.6216216	Human_associated	ncbi	Human	Human	Human_associated	Human_associated	LR862035.1	Other	Other	Other	Other	Other	Other	Other	Other	Other	Other	Other	Other	Other	Other	Other	Other	Other	Other	Other	Other	Other	Other	Other	Other	Other	Other	Other	Other	Other	Other	Other	Other	Other	Other	Other	Other	Other	Other	Other	Other	Other	Other	Other	Other	Other	Other
FB582207.1_45_1223_1	NA	NA	NA	NA	NA	NA	NA	NA	NA	NA	NA	NA	NA	NA	NA	NA	NA	NA	NA	NA	NA	NA	NA	NA	NA	NA	NA	NA	NA	NA	NA	NA	NA	NA	NA	NA	NA	NA	NA	NA	NA	NA	NA	NA	NA	NA	NA	NA	NA	NA	NA	NA	NA	NA	NA	NA	NA	NA	NA	NA	NA
AB361563.1_123_1286_1	1150	19	0.081633881	TRUE	5.933557755	544	5.892740815	176.4324324	Alphapapillomavirus	ncbi	Human	Human	Alphapapillomavirus	Human_associated	AB361563.1	Other	Other	Other	Other	Other	Other	Other	Other	Other	Other	Other	Other	Other	Other	Other	Other	Other	Other	Other	Other	Other	Other	Other	Other	Other	Other	Other	Other	Other	Other	Other	Other	Other	Other	Other	Other	Other	Other	Other	Other	Other	Other	Other	Other	Other	Other
KP692124.1_72_1277_1	1583	473	0.42885673	TRUE	5.665329707	822	5.450901342	266.5945946	Gammapapillomavirus	ncbi	Human	Human	Gammapapillomavirus	Human_associated	KP692124.1	Other	Other	Other	Other	Other	Other	Other	Other	Other	Other	Other	Other	Other	Other	Other	Other	Other	Other	Other	Other	Other	Other	Other	Other	Other	Other	Other	Other	Other	Other	Other	Other	Other	Other	Other	Other	Other	Other	Other	Other	Other	Other	Other	Other	Other	Other
KT236450.1_117_1292_1	1219	88	0.041787632	TRUE	5.697251742	508	5.676357926	164.7567568	Alphapapillomavirus	ncbi	Human	Human	Alphapapillomavirus	Human_associated	KT236450.1	Other	Other	Other	Other	Other	Other	Other	Other	Other	Other	Other	Other	Other	Other	Other	Other	Other	Other	Other	Other	Other	Other	Other	Other	Other	Other	Other	Other	Other	Other	Other	Other	Other	Other	Other	Other	Other	Other	Other	Other	Other	Other	Other	Other	Other	Other
AY684126.1_51_1235_1	1927	809	0.477701019	TRUE	5.711289962	371	5.472439453	120.3243243	Sigmapapillomavirus	ncbi	Rodent	Rodent	Erethizon_dorsatum	Erethizon_dorsatum_associated	AY684126.1	Other	Other	Other	Other	Other	Other	Other	Other	Other	Other	Other	Other	Other	Other	Other	Other	Other	Other	Other	Other	Other	Other	Other	Other	Other	Other	Other	Other	Other	Other	Other	Other	Other	Other	Other	Other	Other	Other	Other	Other	Other	Other	Other	Other	Other	Other
AF457465.1_225_1391_1	2093	976	0.101393531	TRUE	5.738288711	167	5.687591946	54.16216216	Epsilonpapillomavirus	ncbi	Cattle	Bovine	Bos_taurus	Bos_taurus_associated	AF457465.1	Other	Other	Other	Other	Other	Other	Other	Other	Other	Other	Other	Other	Other	Other	Other	Other	Other	Other	Other	Other	Other	Other	Other	Other	Other	Other	Other	Other	Other	Other	Other	Other	Other	Other	Other	Other	Other	Other	Other	Other	Other	Other	Other	Other	Other	Other
BK062773.1_54_1253_1	1828	699	0.111624138	TRUE	5.410650194	283	5.354838125	91.78378378	Manis_javanica_associated	ncbi	Pangolin	Pangolin	Manis_javanica_associated	Manis_javanica_associated	BK062773.1	Other	Other	Other	Other	Other	Other	Other	Other	Other	Other	Other	Other	Other	Other	Other	Other	Other	Other	Other	Other	Other	Other	Other	Other	Other	Other	Other	Other	Other	Other	Other	Other	Other	Other	Other	Other	Other	Other	Other	Other	Other	Other	Other	Other	Other	Other
MW436430.1_57_1277_1	2094	975	0.169714047	TRUE	5.921549192	168	5.836692169	54.48648649	Bos_taurus_associated	ncbi	Cattle	Bovine	Bos_taurus_associated	Bos_taurus_associated	MW436430.1	Other	Other	Other	Other	Other	Other	Other	Other	Other	Other	Other	Other	Other	Other	Other	Other	Other	Other	Other	Other	Other	Other	Other	Other	Other	Other	Other	Other	Other	Other	Other	Other	Other	Other	Other	Other	Other	Other	Other	Other	Other	Other	Other	Other	Other	Other
GQ916646.1_81_1289_1	1681	547	0.180536147	TRUE	5.747909507	725	5.657641433	235.1351351	Betapapillomavirus	ncbi	Human	Human	Betapapillomavirus	Human_associated	GQ916646.1	Other	Other	Other	Other	Other	Other	Other	Other	Other	Other	Other	Other	Other	Other	Other	Other	Other	Other	Other	Other	Other	Other	Other	Other	Other	Other	Other	Other	Other	Other	Other	Other	Other	Other	Other	Other	Other	Other	Other	Other	Other	Other	Other	Other	Other	Other
LC333412.2_96_1277_1	1300	172	0.231801147	TRUE	5.645634557	756	5.529733984	245.1891892	Taupapillomavirus	ncbi	Feline	Feline	Felis_domesticus	Felis_domesticus_associated	LC333412.2	Other	Other	Other	Other	Other	Other	Other	Other	Other	Other	Other	Other	Other	Other	Other	Other	Other	Other	Other	Other	Other	Other	Other	Other	Other	Other	Other	Other	Other	Other	Other	Other	Other	Other	Other	Other	Other	Other	Other	Other	Other	Other	Other	Other	Other	Other
MW428425.1_90_1274_1	1746	611	0.094595258	TRUE	5.963348621	659	5.916050992	213.7297297	Bos_taurus_associated	ncbi	Cattle	Bovine	Bos_taurus_associated	Bos_taurus_associated	MW428425.1	Other	Other	Other	Other	Other	Other	Other	Other	Other	Other	Other	Other	Other	Other	Other	Other	Other	Other	Other	Other	Other	Other	Other	Other	Other	Other	Other	Other	Other	Other	Other	Other	Other	Other	Other	Other	Other	Other	Other	Other	Other	Other	Other	Other	Other	Other
MF588699.1_138_1355_1	1598	468	0.111460421	TRUE	5.764508773	827	5.708778562	268.2162162	Gammapapillomavirus	ncbi	Human	Human	Gammapapillomavirus	Human_associated	MF588699.1	Other	Other	Other	Other	Other	Other	Other	Other	Other	Other	Other	Other	Other	Other	Other	Other	Other	Other	Other	Other	Other	Other	Other	Other	Other	Other	Other	Other	Other	Other	Other	Other	Other	Other	Other	Other	Other	Other	Other	Other	Other	Other	Other	Other	Other	Other
AB201226.1_129_1310_1	NA	NA	NA	NA	NA	NA	NA	NA	NA	NA	NA	NA	NA	NA	NA	NA	NA	NA	NA	NA	NA	NA	NA	NA	NA	NA	NA	NA	NA	NA	NA	NA	NA	NA	NA	NA	NA	NA	NA	NA	NA	NA	NA	NA	NA	NA	NA	NA	NA	NA	NA	NA	NA	NA	NA	NA	NA	NA	NA	NA	NA
AB845589.1_75_1262_1	1755	624	0.27379929	TRUE	6.001820126	649	5.864920481	210.4864865	Xipapillomavirus	ncbi	Cattle	Bovine	Bos_taurus	Bos_taurus_associated	AB845589.1	Other	Other	Other	Other	Other	Other	Other	Other	Other	Other	Other	Other	Other	Other	Other	Other	Other	Other	Other	Other	Other	Other	Other	Other	Other	Other	Other	Other	Other	Other	Other	Other	Other	Other	Other	Other	Other	Other	Other	Other	Other	Other	Other	Other	Other	Other
EF591300.1_147_1319_1	1210	74	0.127700382	TRUE	5.744602989	515	5.680752798	167.027027	Alphapapillomavirus	ncbi	Human	Human	Alphapapillomavirus	Human_associated	EF591300.1	Other	Other	Other	Other	Other	Other	Other	Other	Other	Other	Other	Other	Other	Other	Other	Other	Other	Other	Other	Other	Other	Other	Other	Other	Other	Other	Other	Other	Other	Other	Other	Other	Other	Other	Other	Other	Other	Other	Other	Other	Other	Other	Other	Other	Other	Other
DQ217793.1_51_1253_1	1626	497	0.21392955	TRUE	6.202399446	751	6.095434671	243.5675676	Dyoxipapillomavirus	ncbi	Cattle	Bovine	Bos_taurus	Bos_taurus_associated	DQ217793.1	Other	Other	Other	Other	Other	Other	Other	Other	Other	Other	Other	Other	Other	Other	Other	Other	Other	Other	Other	Other	Other	Other	Other	Other	Other	Other	Other	Other	Other	Other	Other	Other	Other	Other	Other	Other	Other	Other	Other	Other	Other	Other	Other	Other	Other	Other
MF588749.1_135_1352_1	1542	406	0.017053379	TRUE	5.98688499	871	5.9783583	282.4864865	Gammapapillomavirus	ncbi	Human	Human	Gammapapillomavirus	Human_associated	MF588749.1	Other	Other	Other	Other	Other	Other	Other	Other	Other	Other	Other	Other	Other	Other	Other	Other	Other	Other	Other	Other	Other	Other	Other	Other	Other	Other	Other	Other	Other	Other	Other	Other	Other	Other	Other	Other	Other	Other	Other	Other	Other	Other	Other	Other	Other	Other
MQ135611.1_45_1232_1	NA	NA	NA	NA	NA	NA	NA	NA	NA	NA	NA	NA	NA	NA	NA	NA	NA	NA	NA	NA	NA	NA	NA	NA	NA	NA	NA	NA	NA	NA	NA	NA	NA	NA	NA	NA	NA	NA	NA	NA	NA	NA	NA	NA	NA	NA	NA	NA	NA	NA	NA	NA	NA	NA	NA	NA	NA	NA	NA	NA	NA
MF588691.1_87_1277_1	1321	181	0.125271139	TRUE	6.369237399	955	6.30660183	309.7297297	Gammapapillomavirus	ncbi	Human	Human	Gammapapillomavirus	Human_associated	MF588691.1	Other	Other	Other	Other	Other	Other	Other	Other	Other	Other	Other	Other	Other	Other	Other	Other	Other	Other	Other	Other	Other	Other	Other	Other	Other	Other	Other	Other	Other	Other	Other	Other	Other	Other	Other	Other	Other	Other	Other	Other	Other	Other	Other	Other	Other	Other
AF420235.1_81_1253_1	2152	1040	0.516976505	TRUE	4.515152788	73	4.256664536	23.67567568	Psittacus_erithacus_timneh_associated	ncbi	Avian	Avian	Psittacus_erithacus_timneh_associated	Psittacus_erithacus_timneh_associated	AF420235.1	Other	Other	Other	Other	Other	Other	Other	Other	Other	Other	Other	Other	Other	Other	Other	Other	Other	Other	Other	Other	Other	Other	Other	Other	Other	Other	Other	Other	Other	Other	Other	Other	Other	Other	Other	Other	Other	Other	Other	Other	Other	Other	Other	Other	Other	Other
MQ011421.1_45_1214_1	NA	NA	NA	NA	NA	NA	NA	NA	NA	NA	NA	NA	NA	NA	NA	NA	NA	NA	NA	NA	NA	NA	NA	NA	NA	NA	NA	NA	NA	NA	NA	NA	NA	NA	NA	NA	NA	NA	NA	NA	NA	NA	NA	NA	NA	NA	NA	NA	NA	NA	NA	NA	NA	NA	NA	NA	NA	NA	NA	NA	NA
HW350050.1_63_1271_1	1558	425	0.07192608	TRUE	5.80350948	863	5.76754644	279.8918919	Gammapapillomavirus	ncbi	Human	Human	Gammapapillomavirus	Human_associated	HW350050.1	Other	Other	Other	Other	Other	Other	Other	Other	Other	Other	Other	Other	Other	Other	Other	Other	Other	Other	Other	Other	Other	Other	Other	Other	Other	Other	Other	Other	Other	Other	Other	Other	Other	Other	Other	Other	Other	Other	Other	Other	Other	Other	Other	Other	Other	Other
AF377865.1_192_1367_1	1804	672	0.070330985	TRUE	5.803704871	259	5.768539379	84	Lambdapapillomavirus	ncbi	Feline	Feline	Felis_domesticus	Felis_domesticus_associated	AF377865.1	Other	Other	Other	Other	Other	Other	Other	Other	Other	Other	Other	Other	Other	Other	Other	Other	Other	Other	Other	Other	Other	Other	Other	Other	Other	Other	Other	Other	Other	Other	Other	Other	Other	Other	Other	Other	Other	Other	Other	Other	Other	Other	Other	Other	Other	Other
HW350071.1_234_1418_1	1144	8	0.045466566	TRUE	6.083657354	557	6.060924071	180.6486486	Alphapapillomavirus	ncbi	Human	Human	Alphapapillomavirus	Human_associated	HW350071.1	Other	Other	Other	Other	Other	Other	Other	Other	Other	Other	Other	Other	Other	Other	Other	Other	Other	Other	Other	Other	Other	Other	Other	Other	Other	Other	Other	Other	Other	Other	Other	Other	Other	Other	Other	Other	Other	Other	Other	Other	Other	Other	Other	Other	Other	Other
AF020905.1_135_1310_1	1222	90	0.112833213	TRUE	5.732427833	499	5.676011227	161.8378378	Alphapapillomavirus	ncbi	Human	Human	Alphapapillomavirus	Human_associated	AF020905.1	Other	Other	Other	Other	Other	Other	Other	Other	Other	Other	Other	Other	Other	Other	Other	Other	Other	Other	Other	Other	Other	Other	Other	Other	Other	Other	Other	Other	Other	Other	Other	Other	Other	Other	Other	Other	Other	Other	Other	Other	Other	Other	Other	Other	Other	Other
MF588696.1_222_1436_1	1579	447	0.14047653	TRUE	5.904983616	821	5.83474535	266.2702703	Gammapapillomavirus	ncbi	Human	Human	Gammapapillomavirus	Human_associated	MF588696.1	Other	Other	Other	Other	Other	Other	Other	Other	Other	Other	Other	Other	Other	Other	Other	Other	Other	Other	Other	Other	Other	Other	Other	Other	Other	Other	Other	Other	Other	Other	Other	Other	Other	Other	Other	Other	Other	Other	Other	Other	Other	Other	Other	Other	Other	Other
JF834523.1_75_1262_1	1758	632	0.080183904	TRUE	5.610234429	638	5.570142477	206.9189189	Xipapillomavirus	ncbi	Cattle	Bovine	Bos_taurus	Bos_taurus_associated	JF834523.1	Other	Other	Other	Other	Other	Other	Other	Other	Other	Other	Other	Other	Other	Other	Other	Other	Other	Other	Other	Other	Other	Other	Other	Other	Other	Other	Other	Other	Other	Other	Other	Other	Other	Other	Other	Other	Other	Other	Other	Other	Other	Other	Other	Other	Other	Other
AY722648.1_99_1274_1	1298	167	0.237900968	TRUE	6.109489998	771	5.990539514	250.0540541	Taupapillomavirus	ncbi	Canine	Canine	Canis_familiaris	Canis_familiaris_associated	AY722648.1	Other	Other	Other	Other	Other	Other	Other	Other	Other	Other	Other	Other	Other	Other	Other	Other	Other	Other	Other	Other	Other	Other	Other	Other	Other	Other	Other	Other	Other	Other	Other	Other	Other	Other	Other	Other	Other	Other	Other	Other	Other	Other	Other	Other	Other	Other
EU796884.1_147_1331_1	1782	662	0.218769119	TRUE	4.929175678	452	4.819791118	146.5945946	Dyodeltapapillomavirus	ncbi	Cetacean	Cetacean	Feline_domesticus	Feline_domesticus_associated	EU796884.1	Other	Other	Other	Other	Other	Other	Other	Other	Other	Other	Other	Other	Other	Other	Other	Other	Other	Other	Other	Other	Other	Other	Other	Other	Other	Other	Other	Other	Other	Other	Other	Other	Other	Other	Other	Other	Other	Other	Other	Other	Other	Other	Other	Other	Other	Other
KR816176.1_141_1355_1	1591	458	0.137900091	TRUE	5.904266361	839	5.835316315	272.1081081	Gammapapillomavirus	ncbi	Human	Human	Gammapapillomavirus	Human_associated	KR816176.1	Other	Other	Other	Other	Other	Other	Other	Other	Other	Other	Other	Other	Other	Other	Other	Other	Other	Other	Other	Other	Other	Other	Other	Other	Other	Other	Other	Other	Other	Other	Other	Other	Other	Other	Other	Other	Other	Other	Other	Other	Other	Other	Other	Other	Other	Other
MQ005201.1_45_1223_1	NA	NA	NA	NA	NA	NA	NA	NA	NA	NA	NA	NA	NA	NA	NA	NA	NA	NA	NA	NA	NA	NA	NA	NA	NA	NA	NA	NA	NA	NA	NA	NA	NA	NA	NA	NA	NA	NA	NA	NA	NA	NA	NA	NA	NA	NA	NA	NA	NA	NA	NA	NA	NA	NA	NA	NA	NA	NA	NA	NA	NA
MQ135610.1_45_1223_1	NA	NA	NA	NA	NA	NA	NA	NA	NA	NA	NA	NA	NA	NA	NA	NA	NA	NA	NA	NA	NA	NA	NA	NA	NA	NA	NA	NA	NA	NA	NA	NA	NA	NA	NA	NA	NA	NA	NA	NA	NA	NA	NA	NA	NA	NA	NA	NA	NA	NA	NA	NA	NA	NA	NA	NA	NA	NA	NA	NA	NA
MH376689.1_72_1247_1	1606	493	0.818013393	TRUE	5.804388722	794	5.395382026	257.5135135	Erethizon_dorsatum_associated	ncbi	Rodent	Rodent	Erethizon_dorsatum_associated	Erethizon_dorsatum_associated	MH376689.1	Other	Other	Other	Other	Other	Other	Other	Other	Other	Other	Other	Other	Other	Other	Other	Other	Other	Other	Other	Other	Other	Other	Other	Other	Other	Other	Other	Other	Other	Other	Other	Other	Other	Other	Other	Other	Other	Other	Other	Other	Other	Other	Other	Other	Other	Other
JF800656.1_282_1466_1	2034	913	0.168842872	TRUE	5.292575256	218	5.20815382	70.7027027	Chipapillomavirus	ncbi	Canine	Canine	Canis_familiaris	Canis_familiaris_associated	JF800656.1	Other	Other	Other	Other	Other	Other	Other	Other	Other	Other	Other	Other	Other	Other	Other	Other	Other	Other	Other	Other	Other	Other	Other	Other	Other	Other	Other	Other	Other	Other	Other	Other	Other	Other	Other	Other	Other	Other	Other	Other	Other	Other	Other	Other	Other	Other
KP692118.1_147_1352_1	1436	298	0.178563319	TRUE	6.393782884	1055	6.304501224	342.1621622	Gammapapillomavirus	ncbi	Human	Human	Gammapapillomavirus	Human_associated	KP692118.1	Other	Other	Other	Other	Other	Other	Other	Other	Other	Other	Other	Other	Other	Other	Other	Other	Other	Other	Other	Other	Other	Other	Other	Other	Other	Other	Other	Other	Other	Other	Other	Other	Other	Other	Other	Other	Other	Other	Other	Other	Other	Other	Other	Other	Other	Other
MF588693.1_69_1280_1	1378	243	0.179325085	TRUE	6.31866348	914	6.229000937	296.4324324	Gammapapillomavirus	ncbi	Human	Human	Gammapapillomavirus	Human_associated	MF588693.1	Other	Other	Other	Other	Other	Other	Other	Other	Other	Other	Other	Other	Other	Other	Other	Other	Other	Other	Other	Other	Other	Other	Other	Other	Other	Other	Other	Other	Other	Other	Other	Other	Other	Other	Other	Other	Other	Other	Other	Other	Other	Other	Other	Other	Other	Other
KR816174.1_96_1307_1	1532	396	0.075777642	TRUE	6.195711897	893	6.157823075	289.6216216	Gammapapillomavirus	ncbi	Human	Human	Gammapapillomavirus	Human_associated	KR816174.1	Other	Other	Other	Other	Other	Other	Other	Other	Other	Other	Other	Other	Other	Other	Other	Other	Other	Other	Other	Other	Other	Other	Other	Other	Other	Other	Other	Other	Other	Other	Other	Other	Other	Other	Other	Other	Other	Other	Other	Other	Other	Other	Other	Other	Other	Other
MF588692.1_69_1280_1	1378	242	0.071215352	TRUE	6.210553747	913	6.174946071	296.1081081	Gammapapillomavirus	ncbi	Human	Human	Gammapapillomavirus	Human_associated	MF588692.1	Other	Other	Other	Other	Other	Other	Other	Other	Other	Other	Other	Other	Other	Other	Other	Other	Other	Other	Other	Other	Other	Other	Other	Other	Other	Other	Other	Other	Other	Other	Other	Other	Other	Other	Other	Other	Other	Other	Other	Other	Other	Other	Other	Other	Other	Other
JF939718.1_45_1217_1	2113	998	0.456937123	TRUE	5.157933174	115	4.929464613	37.2972973	Dyoiotapapillomavirus	ncbi	Equine	Equine	Equus_caballus	Equus_caballus_associated	JF939718.1	Other	Other	Other	Other	Other	Other	Other	Other	Other	Other	Other	Other	Other	Other	Other	Other	Other	Other	Other	Other	Other	Other	Other	Other	Other	Other	Other	Other	Other	Other	Other	Other	Other	Other	Other	Other	Other	Other	Other	Other	Other	Other	Other	Other	Other	Other
DQ080080.1_123_1304_1	1165	27	0.102936937	TRUE	6.505310355	588	6.453841886	190.7027027	Alphapapillomavirus	ncbi	Human	Human	Alphapapillomavirus	Human_associated	DQ080080.1	Other	Other	Other	Other	Other	Other	Other	Other	Other	Other	Other	Other	Other	Other	Other	Other	Other	Other	Other	Other	Other	Other	Other	Other	Other	Other	Other	Other	Other	Other	Other	Other	Other	Other	Other	Other	Other	Other	Other	Other	Other	Other	Other	Other	Other	Other
MF588721.1_90_1289_1	1486	348	0.085299686	TRUE	6.613983352	1010	6.571333509	327.5675676	Gammapapillomavirus	ncbi	Human	Human	Gammapapillomavirus	Human_associated	MF588721.1	Other	Other	Other	Other	Other	Other	Other	Other	Other	Other	Other	Other	Other	Other	Other	Other	Other	Other	Other	Other	Other	Other	Other	Other	Other	Other	Other	Other	Other	Other	Other	Other	Other	Other	Other	Other	Other	Other	Other	Other	Other	Other	Other	Other	Other	Other
MF588705.1_144_1358_1	1530	394	0.112915715	TRUE	6.177955684	894	6.121497826	289.9459459	Gammapapillomavirus	ncbi	Human	Human	Gammapapillomavirus	Human_associated	MF588705.1	Other	Other	Other	Other	Other	Other	Other	Other	Other	Other	Other	Other	Other	Other	Other	Other	Other	Other	Other	Other	Other	Other	Other	Other	Other	Other	Other	Other	Other	Other	Other	Other	Other	Other	Other	Other	Other	Other	Other	Other	Other	Other	Other	Other	Other	Other
KX781285.1_147_1364_1	1431	290	0.163346055	TRUE	6.752022612	1101	6.670349585	357.0810811	Human_associated	ncbi	Human	Human	Human_associated	Human_associated	KX781285.1	Other	Other	Other	Other	Other	Other	Other	Other	Other	Other	Other	Other	Other	Other	Other	Other	Other	Other	Other	Other	Other	Other	Other	Other	Other	Other	Other	Other	Other	Other	Other	Other	Other	Other	Other	Other	Other	Other	Other	Other	Other	Other	Other	Other	Other	Other
MF588735.1_147_1361_1	NA	NA	NA	NA	NA	NA	NA	NA	NA	NA	NA	NA	NA	NA	NA	NA	NA	NA	NA	NA	NA	NA	NA	NA	NA	NA	NA	NA	NA	NA	NA	NA	NA	NA	NA	NA	NA	NA	NA	NA	NA	NA	NA	NA	NA	NA	NA	NA	NA	NA	NA	NA	NA	NA	NA	NA	NA	NA	NA	NA	NA
JX444073.1_72_1268_1	1341	202	0.138994552	TRUE	6.308071061	961	6.238573785	311.6756757	Gammapapillomavirus	ncbi	Human	Human	Gammapapillomavirus	Human_associated	JX444073.1	Other	Other	Other	Other	Other	Other	Other	Other	Other	Other	Other	Other	Other	Other	Other	Other	Other	Other	Other	Other	Other	Other	Other	Other	Other	Other	Other	Other	Other	Other	Other	Other	Other	Other	Other	Other	Other	Other	Other	Other	Other	Other	Other	Other	Other	Other
AF151983.1_123_1304_1	1145	10	0.091741681	TRUE	6.008507216	552	5.962636375	179.027027	Alphapapillomavirus	ncbi	Human	Human	Alphapapillomavirus	Human_associated	AF151983.1	Other	Other	Other	Other	Other	Other	Other	Other	Other	Other	Other	Other	Other	Other	Other	Other	Other	Other	Other	Other	Other	Other	Other	Other	Other	Other	Other	Other	Other	Other	Other	Other	Other	Other	Other	Other	Other	Other	Other	Other	Other	Other	Other	Other	Other	Other
MF588689.1_171_1370_1	1397	255	0.119692815	TRUE	6.84164662	1081	6.781800212	350.5945946	Gammapapillomavirus	ncbi	Human	Human	Gammapapillomavirus	Human_associated	MF588689.1	Other	Other	Other	Other	Other	Other	Other	Other	Other	Other	Other	Other	Other	Other	Other	Other	Other	Other	Other	Other	Other	Other	Other	Other	Other	Other	Other	Other	Other	Other	Other	Other	Other	Other	Other	Other	Other	Other	Other	Other	Other	Other	Other	Other	Other	Other
OR952826.1_102_1316_1	1920	792	0.20800924	TRUE	5.882884666	390	5.778880046	126.4864865	Scotophilus_kuhlii_associated	ncbi	Bat	Bat	Scotophilus_kuhlii_associated	Scotophilus_kuhlii_associated	OR952826.1	Other	Other	Other	Other	Other	Other	Other	Other	Other	Other	Other	Other	Other	Other	Other	Other	Other	Other	Other	Other	Other	Other	Other	Other	Other	Other	Other	Other	Other	Other	Other	Other	Other	Other	Other	Other	Other	Other	Other	Other	Other	Other	Other	Other	Other	Other
MF588719.1_72_1274_1	NA	NA	NA	NA	NA	NA	NA	NA	NA	NA	NA	NA	NA	NA	NA	NA	NA	NA	NA	NA	NA	NA	NA	NA	NA	NA	NA	NA	NA	NA	NA	NA	NA	NA	NA	NA	NA	NA	NA	NA	NA	NA	NA	NA	NA	NA	NA	NA	NA	NA	NA	NA	NA	NA	NA	NA	NA	NA	NA	NA	NA
AF531420.1_90_1301_1	1704	579	0.298774944	TRUE	5.452692284	700	5.303304812	227.027027	Betapapillomavirus	ncbi	Human	Human	Betapapillomavirus	Human_associated	AF531420.1	Other	Other	Other	Other	Other	Other	Other	Other	Other	Other	Other	Other	Other	Other	Other	Other	Other	Other	Other	Other	Other	Other	Other	Other	Other	Other	Other	Other	Other	Other	Other	Other	Other	Other	Other	Other	Other	Other	Other	Other	Other	Other	Other	Other	Other	Other
MF588688.1_75_1283_1	1375	240	0.038777987	TRUE	6.386223921	916	6.366834928	297.0810811	Gammapapillomavirus	ncbi	Human	Human	Gammapapillomavirus	Human_associated	MF588688.1	Other	Other	Other	Other	Other	Other	Other	Other	Other	Other	Other	Other	Other	Other	Other	Other	Other	Other	Other	Other	Other	Other	Other	Other	Other	Other	Other	Other	Other	Other	Other	Other	Other	Other	Other	Other	Other	Other	Other	Other	Other	Other	Other	Other	Other	Other
OR952867.1_51_1235_1	1978	850	0.116745694	TRUE	5.917227085	365	5.858854238	118.3783784	Tylonycteris_robustula_associated	ncbi	Bat	Bat	Tylonycteris_robustula_associated	Tylonycteris_robustula_associated	OR952867.1	Other	Other	Other	Other	Other	Other	Other	Other	Other	Other	Other	Other	Other	Other	Other	Other	Other	Other	Other	Other	Other	Other	Other	Other	Other	Other	Other	Other	Other	Other	Other	Other	Other	Other	Other	Other	Other	Other	Other	Other	Other	Other	Other	Other	Other	Other
HQ912790.1_69_1247_1	2084	963	0.40990574	TRUE	5.831697576	142	5.626744705	46.05405405	Deltapapillomavirus	ncbi	Camelids	Other	Camelus_dromedarius	Camelus_dromedarius_associated	HQ912790.1	Other	Other	Other	Other	Other	Other	Other	Other	Other	Other	Other	Other	Other	Other	Other	Other	Other	Other	Other	Other	Other	Other	Other	Other	Other	Other	Other	Other	Other	Other	Other	Other	Other	Other	Other	Other	Other	Other	Other	Other	Other	Other	Other	Other	Other	Other
KR816178.1_90_1301_1	NA	NA	NA	NA	NA	NA	NA	NA	NA	NA	NA	NA	NA	NA	NA	NA	NA	NA	NA	NA	NA	NA	NA	NA	NA	NA	NA	NA	NA	NA	NA	NA	NA	NA	NA	NA	NA	NA	NA	NA	NA	NA	NA	NA	NA	NA	NA	NA	NA	NA	NA	NA	NA	NA	NA	NA	NA	NA	NA	NA	NA
JX035935.1_99_1274_1	2067	949	0.162798038	TRUE	5.424041003	122	5.342641985	39.56756757	Dyorhopapillomavirus	ncbi	Equine	Equine	Equus_caballus	Equus_caballus_associated	JX035935.1	Other	Other	Other	Other	Other	Other	Other	Other	Other	Other	Other	Other	Other	Other	Other	Other	Other	Other	Other	Other	Other	Other	Other	Other	Other	Other	Other	Other	Other	Other	Other	Other	Other	Other	Other	Other	Other	Other	Other	Other	Other	Other	Other	Other	Other	Other
OR952810.1_36_1220_1	2019	896	0.10837622	TRUE	5.373662306	198	5.319474196	64.21621622	Tylonycteris_pachypus_associated	ncbi	Bat	Bat	Tylonycteris_pachypus_associated	Tylonycteris_pachypus_associated	OR952810.1	Other	Other	Other	Other	Other	Other	Other	Other	Other	Other	Other	Other	Other	Other	Other	Other	Other	Other	Other	Other	Other	Other	Other	Other	Other	Other	Other	Other	Other	Other	Other	Other	Other	Other	Other	Other	Other	Other	Other	Other	Other	Other	Other	Other	Other	Other
AB331650.1_144_1325_1	1741	615	0.174113934	TRUE	5.799281386	655	5.712224419	212.4324324	Xipapillomavirus	ncbi	Cattle	Bovine	Bos_taurus	Bos_taurus_associated	AB331650.1	Other	Other	Other	Other	Other	Other	Other	Other	Other	Other	Other	Other	Other	Other	Other	Other	Other	Other	Other	Other	Other	Other	Other	Other	Other	Other	Other	Other	Other	Other	Other	Other	Other	Other	Other	Other	Other	Other	Other	Other	Other	Other	Other	Other	Other	Other
AB793779.1_99_1280_1	1177	44	0.107069124	TRUE	5.844979177	562	5.791444615	182.2702703	Alphapapillomavirus	ncbi	Human	Human	Alphapapillomavirus	Human_associated	AB793779.1	Other	Other	Other	Other	Other	Other	Other	Other	Other	Other	Other	Other	Other	Other	Other	Other	Other	Other	Other	Other	Other	Other	Other	Other	Other	Other	Other	Other	Other	Other	Other	Other	Other	Other	Other	Other	Other	Other	Other	Other	Other	Other	Other	Other	Other	Other
KR816177.1_135_1355_1	NA	NA	NA	NA	NA	NA	NA	NA	NA	NA	NA	NA	NA	NA	NA	NA	NA	NA	NA	NA	NA	NA	NA	NA	NA	NA	NA	NA	NA	NA	NA	NA	NA	NA	NA	NA	NA	NA	NA	NA	NA	NA	NA	NA	NA	NA	NA	NA	NA	NA	NA	NA	NA	NA	NA	NA	NA	NA	NA	NA	NA
KR816182.1_126_1346_1	NA	NA	NA	NA	NA	NA	NA	NA	NA	NA	NA	NA	NA	NA	NA	NA	NA	NA	NA	NA	NA	NA	NA	NA	NA	NA	NA	NA	NA	NA	NA	NA	NA	NA	NA	NA	NA	NA	NA	NA	NA	NA	NA	NA	NA	NA	NA	NA	NA	NA	NA	NA	NA	NA	NA	NA	NA	NA	NA	NA	NA
KR816183.1_93_1313_1	NA	NA	NA	NA	NA	NA	NA	NA	NA	NA	NA	NA	NA	NA	NA	NA	NA	NA	NA	NA	NA	NA	NA	NA	NA	NA	NA	NA	NA	NA	NA	NA	NA	NA	NA	NA	NA	NA	NA	NA	NA	NA	NA	NA	NA	NA	NA	NA	NA	NA	NA	NA	NA	NA	NA	NA	NA	NA	NA	NA	NA
KX781286.1_81_1289_1	1681	548	0.021080887	TRUE	5.588454246	726	5.577913803	235.4594595	Human_associated	ncbi	Human	Human	Human_associated	Human_associated	KX781286.1	Other	Other	Other	Other	Other	Other	Other	Other	Other	Other	Other	Other	Other	Other	Other	Other	Other	Other	Other	Other	Other	Other	Other	Other	Other	Other	Other	Other	Other	Other	Other	Other	Other	Other	Other	Other	Other	Other	Other	Other	Other	Other	Other	Other	Other	Other
DQ090005.2_303_1508_1	1693	560	0.001167944	TRUE	5.581275197	730	5.580691226	236.7567568	Betapapillomavirus	ncbi	Human	Human	Betapapillomavirus	Human_associated	DQ090005.2	Other	Other	Other	Other	Other	Other	Other	Other	Other	Other	Other	Other	Other	Other	Other	Other	Other	Other	Other	Other	Other	Other	Other	Other	Other	Other	Other	Other	Other	Other	Other	Other	Other	Other	Other	Other	Other	Other	Other	Other	Other	Other	Other	Other	Other	Other
AJ006302.1_132_1358_1	1776	650	0.1651466	TRUE	6.009972754	626	5.927399454	203.027027	Omikronpapillomavirus	ncbi	Cetacean	Cetacean	Phocoena_spinipinnis	Phocoena_spinipinnis_associated	AJ006302.1	Other	Other	Other	Other	Other	Other	Other	Other	Other	Other	Other	Other	Other	Other	Other	Other	Other	Other	Other	Other	Other	Other	Other	Other	Other	Other	Other	Other	Other	Other	Other	Other	Other	Other	Other	Other	Other	Other	Other	Other	Other	Other	Other	Other	Other	Other
HM999998.1_135_1343_1	1498	360	0.108609166	TRUE	6.553312577	999	6.499007994	324	Gammapapillomavirus	ncbi	Human	Human	Gammapapillomavirus	Human_associated	HM999998.1	Other	Other	Other	Other	Other	Other	Other	Other	Other	Other	Other	Other	Other	Other	Other	Other	Other	Other	Other	Other	Other	Other	Other	Other	Other	Other	Other	Other	Other	Other	Other	Other	Other	Other	Other	Other	Other	Other	Other	Other	Other	Other	Other	Other	Other	Other
FJ492744.1_54_1244_1	1810	678	0.18523667	TRUE	6.038163458	262	5.945545123	84.97297297	Lambdapapillomavirus	ncbi	Canine	Canine	Canis_familiaris	Canis_familiaris_associated	FJ492744.1	Other	Other	Other	Other	Other	Other	Other	Other	Other	Other	Other	Other	Other	Other	Other	Other	Other	Other	Other	Other	Other	Other	Other	Other	Other	Other	Other	Other	Other	Other	Other	Other	Other	Other	Other	Other	Other	Other	Other	Other	Other	Other	Other	Other	Other	Other
AY057109.1_54_1247_1	2151	1036	0.431033127	TRUE	4.846445848	77	4.630929284	24.97297297	Etapapillomavirus	ncbi	Avian	Avian	Fringilla_coelebs	Fringilla_coelebs_associated	AY057109.1	Other	Other	Other	Other	Other	Other	Other	Other	Other	Other	Other	Other	Other	Other	Other	Other	Other	Other	Other	Other	Other	Other	Other	Other	Other	Other	Other	Other	Other	Other	Other	Other	Other	Other	Other	Other	Other	Other	Other	Other	Other	Other	Other	Other	Other	Other
EU493091.1_72_1262_1	2126	1013	0.283503876	TRUE	5.280303205	102	5.138551267	33.08108108	Dyozetapapillomavirus	ncbi	Reptile	Reptile	Chelonia_mydas	Chelonia_mydas_associated	EU493091.1	Other	Other	Other	Other	Other	Other	Other	Other	Other	Other	Other	Other	Other	Other	Other	Other	Other	Other	Other	Other	Other	Other	Other	Other	Other	Other	Other	Other	Other	Other	Other	Other	Other	Other	Other	Other	Other	Other	Other	Other	Other	Other	Other	Other	Other	Other
JX413104.1_90_1283_1	1363	223	0.020054079	TRUE	6.493966424	931	6.483939384	301.9459459	Gammapapillomavirus	ncbi	Human	Human	Gammapapillomavirus	Human_associated	JX413104.1	Other	Other	Other	Other	Other	Other	Other	Other	Other	Other	Other	Other	Other	Other	Other	Other	Other	Other	Other	Other	Other	Other	Other	Other	Other	Other	Other	Other	Other	Other	Other	Other	Other	Other	Other	Other	Other	Other	Other	Other	Other	Other	Other	Other	Other	Other
KF574429.1_48_1235_1	1258	135	0.331674535	TRUE	5.378438326	457	5.212601059	148.2162162	Rhopapillomavirus	ncbi	Manatee	Other	Trichechus_manatus	Trichechus_manatus_associated	KF574429.1	Other	Other	Other	Other	Other	Other	Other	Other	Other	Other	Other	Other	Other	Other	Other	Other	Other	Other	Other	Other	Other	Other	Other	Other	Other	Other	Other	Other	Other	Other	Other	Other	Other	Other	Other	Other	Other	Other	Other	Other	Other	Other	Other	Other	Other	Other
DQ080078.1_135_1343_1	NA	NA	NA	NA	NA	NA	NA	NA	NA	NA	NA	NA	NA	NA	NA	NA	NA	NA	NA	NA	NA	NA	NA	NA	NA	NA	NA	NA	NA	NA	NA	NA	NA	NA	NA	NA	NA	NA	NA	NA	NA	NA	NA	NA	NA	NA	NA	NA	NA	NA	NA	NA	NA	NA	NA	NA	NA	NA	NA	NA	NA
MK377489.1_141_1334_1	NA	NA	NA	NA	NA	NA	NA	NA	NA	NA	NA	NA	NA	NA	NA	NA	NA	NA	NA	NA	NA	NA	NA	NA	NA	NA	NA	NA	NA	NA	NA	NA	NA	NA	NA	NA	NA	NA	NA	NA	NA	NA	NA	NA	NA	NA	NA	NA	NA	NA	NA	NA	NA	NA	NA	NA	NA	NA	NA	NA	NA
JN231328.1_63_1268_1	1701	578	0.182791335	TRUE	5.354924967	703	5.2635293	228	Betapapillomavirus	ncbi	Human	Human	Betapapillomavirus	Human_associated	JN231328.1	Other	Other	Other	Other	Other	Other	Other	Other	Other	Other	Other	Other	Other	Other	Other	Other	Other	Other	Other	Other	Other	Other	Other	Other	Other	Other	Other	Other	Other	Other	Other	Other	Other	Other	Other	Other	Other	Other	Other	Other	Other	Other	Other	Other	Other	Other
OR952788.1_57_1250_1	1885	754	0.083637156	TRUE	6.213784867	423	6.171966289	137.1891892	Rhinolophus_pusillus_associated	ncbi	Bat	Bat	Rhinolophus_pusillus_associated	Rhinolophus_pusillus_associated	OR952788.1	Other	Other	Other	Other	Other	Other	Other	Other	Other	Other	Other	Other	Other	Other	Other	Other	Other	Other	Other	Other	Other	Other	Other	Other	Other	Other	Other	Other	Other	Other	Other	Other	Other	Other	Other	Other	Other	Other	Other	Other	Other	Other	Other	Other	Other	Other
AY044277.1_48_1271_1	1642	513	0.133815073	TRUE	5.597898491	677	5.530990954	219.5675676	Betapapillomavirus	ncbi	Human	Human	Betapapillomavirus	Human_associated	AY044277.1	Other	Other	Other	Other	Other	Other	Other	Other	Other	Other	Other	Other	Other	Other	Other	Other	Other	Other	Other	Other	Other	Other	Other	Other	Other	Other	Other	Other	Other	Other	Other	Other	Other	Other	Other	Other	Other	Other	Other	Other	Other	Other	Other	Other	Other	Other
AF349909.1_186_1376_1	1148	14	0.058494056	TRUE	6.171418911	549	6.142171883	178.0540541	Alphapapillomavirus	ncbi	Human	Human	Alphapapillomavirus	Human_associated	AF349909.1	Other	Other	Other	Other	Other	Other	Other	Other	Other	Other	Other	Other	Other	Other	Other	Other	Other	Other	Other	Other	Other	Other	Other	Other	Other	Other	Other	Other	Other	Other	Other	Other	Other	Other	Other	Other	Other	Other	Other	Other	Other	Other	Other	Other	Other	Other
AY940040.1_24_1244_1	1713	586	0.284323229	TRUE	6.100367233	593	5.958205619	192.3243243	Upsilonpapillomavirus	ncbi	Cetacean	Cetacean	Tursiops_truncatus	Tursiops_truncatus_associated	AY940040.1	Other	Other	Other	Other	Other	Other	Other	Other	Other	Other	Other	Other	Other	Other	Other	Other	Other	Other	Other	Other	Other	Other	Other	Other	Other	Other	Other	Other	Other	Other	Other	Other	Other	Other	Other	Other	Other	Other	Other	Other	Other	Other	Other	Other	Other	Other
OR915584.1_84_1265_1	1808	676	0.377027435	TRUE	6.210304791	266	6.021791074	86.27027027	Lambdapapillomavirus	ncbi	Feline	Feline	Caracal_caracal	Caracal_caracal_associated	OR915584.1	Other	Other	Other	Other	Other	Other	Other	Other	Other	Other	Other	Other	Other	Other	Other	Other	Other	Other	Other	Other	Other	Other	Other	Other	Other	Other	Other	Other	Other	Other	Other	Other	Other	Other	Other	Other	Other	Other	Other	Other	Other	Other	Other	Other	Other	Other
BK066647.1_129_1349_1	1550	414	0.081009693	TRUE	5.998708532	880	5.958203685	285.4054054	Gammapapillomavirus	ncbi	Human	Human	Gammapapillomavirus	Human_associated	BK066647.1	Other	Other	Other	Other	Other	Other	Other	Other	Other	Other	Other	Other	Other	Other	Other	Other	Other	Other	Other	Other	Other	Other	Other	Other	Other	Other	Other	Other	Other	Other	Other	Other	Other	Other	Other	Other	Other	Other	Other	Other	Other	Other	Other	Other	Other	Other
MH777286.2_75_1298_1	1648	539	0.082891885	TRUE	5.360120998	681	5.318675055	220.8648649	Betapapillomavirus	ncbi	Human	Human	Betapapillomavirus	Human_associated	MH777286.2	Other	Other	Other	Other	Other	Other	Other	Other	Other	Other	Other	Other	Other	Other	Other	Other	Other	Other	Other	Other	Other	Other	Other	Other	Other	Other	Other	Other	Other	Other	Other	Other	Other	Other	Other	Other	Other	Other	Other	Other	Other	Other	Other	Other	Other	Other
JX429973.1_90_1295_1	1390	248	0.029176271	TRUE	6.603110036	1066	6.588521901	345.7297297	Gammapapillomavirus	ncbi	Human	Human	Gammapapillomavirus	Human_associated	JX429973.1	Other	Other	Other	Other	Other	Other	Other	Other	Other	Other	Other	Other	Other	Other	Other	Other	Other	Other	Other	Other	Other	Other	Other	Other	Other	Other	Other	Other	Other	Other	Other	Other	Other	Other	Other	Other	Other	Other	Other	Other	Other	Other	Other	Other	Other	Other
KR816175.1_60_1286_1	1347	209	0.070494246	TRUE	6.569007517	939	6.533760394	304.5405405	Gammapapillomavirus	ncbi	Human	Human	Gammapapillomavirus	Human_associated	KR816175.1	Other	Other	Other	Other	Other	Other	Other	Other	Other	Other	Other	Other	Other	Other	Other	Other	Other	Other	Other	Other	Other	Other	Other	Other	Other	Other	Other	Other	Other	Other	Other	Other	Other	Other	Other	Other	Other	Other	Other	Other	Other	Other	Other	Other	Other	Other
MN117918.1_84_1265_1	2112	995	0.433640903	TRUE	5.083339975	117	4.866519523	37.94594595	Equus_caballus_associated	ncbi	Equine	Equine	Equus_caballus_associated	Equus_caballus_associated	MN117918.1	Other	Other	Other	Other	Other	Other	Other	Other	Other	Other	Other	Other	Other	Other	Other	Other	Other	Other	Other	Other	Other	Other	Other	Other	Other	Other	Other	Other	Other	Other	Other	Other	Other	Other	Other	Other	Other	Other	Other	Other	Other	Other	Other	Other	Other	Other
MH512005.1_45_1241_1	1628	501	0.365512117	TRUE	6.066880059	749	5.884124	242.9189189	Bovine_associated	ncbi	Cattle	Bovine	Bovine_associated	Bovine_associated	MH512005.1	Other	Other	Other	Other	Other	Other	Other	Other	Other	Other	Other	Other	Other	Other	Other	Other	Other	Other	Other	Other	Other	Other	Other	Other	Other	Other	Other	Other	Other	Other	Other	Other	Other	Other	Other	Other	Other	Other	Other	Other	Other	Other	Other	Other	Other	Other
MK620302.1_300_1484_1	2136	1021	0.290784588	TRUE	5.086681534	94	4.94128924	30.48648649	Fratercula_arctica_associated	ncbi	Avian	Avian	Fratercula_arctica_associated	Fratercula_arctica_associated	MK620302.1	Other	Other	Other	Other	Other	Other	Other	Other	Other	Other	Other	Other	Other	Other	Other	Other	Other	Other	Other	Other	Other	Other	Other	Other	Other	Other	Other	Other	Other	Other	Other	Other	Other	Other	Other	Other	Other	Other	Other	Other	Other	Other	Other	Other	Other	Other
MG921180.1_138_1343_1	NA	NA	NA	NA	NA	NA	NA	NA	NA	NA	NA	NA	NA	NA	NA	NA	NA	NA	NA	NA	NA	NA	NA	NA	NA	NA	NA	NA	NA	NA	NA	NA	NA	NA	NA	NA	NA	NA	NA	NA	NA	NA	NA	NA	NA	NA	NA	NA	NA	NA	NA	NA	NA	NA	NA	NA	NA	NA	NA	NA	NA
GU014533.1_63_1292_1	1665	535	0.130710482	TRUE	5.837615702	685	5.772260461	222.1621622	Betapapillomavirus	ncbi	Human	Human	Betapapillomavirus	Human_associated	GU014533.1	Other	Other	Other	Other	Other	Other	Other	Other	Other	Other	Other	Other	Other	Other	Other	Other	Other	Other	Other	Other	Other	Other	Other	Other	Other	Other	Other	Other	Other	Other	Other	Other	Other	Other	Other	Other	Other	Other	Other	Other	Other	Other	Other	Other	Other	Other
MW393860.1_48_1235_1	1750	620	0.115129414	TRUE	5.916328124	652	5.858763416	211.4594595	Xipapillomavirus	ncbi	Cattle	Bovine	Bos_taurus	Bos_taurus_associated	MW393860.1	Other	Other	Other	Other	Other	Other	Other	Other	Other	Other	Other	Other	Other	Other	Other	Other	Other	Other	Other	Other	Other	Other	Other	Other	Other	Other	Other	Other	Other	Other	Other	Other	Other	Other	Other	Other	Other	Other	Other	Other	Other	Other	Other	Other	Other	Other
MF588754.1_75_1286_1	1377	237	0.067755986	TRUE	6.561804622	918	6.527926629	297.7297297	Gammapapillomavirus	ncbi	Human	Human	Gammapapillomavirus	Human_associated	MF588754.1	Other	Other	Other	Other	Other	Other	Other	Other	Other	Other	Other	Other	Other	Other	Other	Other	Other	Other	Other	Other	Other	Other	Other	Other	Other	Other	Other	Other	Other	Other	Other	Other	Other	Other	Other	Other	Other	Other	Other	Other	Other	Other	Other	Other	Other	Other
JF966371.1_141_1358_1	1552	418	0.089825379	TRUE	5.925996188	876	5.881083498	284.1081081	Human_associated	ncbi	Human	Human	Human_associated	Human_associated	JF966371.1	Other	Other	Other	Other	Other	Other	Other	Other	Other	Other	Other	Other	Other	Other	Other	Other	Other	Other	Other	Other	Other	Other	Other	Other	Other	Other	Other	Other	Other	Other	Other	Other	Other	Other	Other	Other	Other	Other	Other	Other	Other	Other	Other	Other	Other	Other
MK620328.1_51_1235_1	NA	NA	NA	NA	NA	NA	NA	NA	NA	NA	NA	NA	NA	NA	NA	NA	NA	NA	NA	NA	NA	NA	NA	NA	NA	NA	NA	NA	NA	NA	NA	NA	NA	NA	NA	NA	NA	NA	NA	NA	NA	NA	NA	NA	NA	NA	NA	NA	NA	NA	NA	NA	NA	NA	NA	NA	NA	NA	NA	NA	NA
MF588733.1_60_1256_1	1371	234	0.063706588	TRUE	6.381530805	925	6.34967751	300	Gammapapillomavirus	ncbi	Human	Human	Gammapapillomavirus	Human_associated	MF588733.1	Other	Other	Other	Other	Other	Other	Other	Other	Other	Other	Other	Other	Other	Other	Other	Other	Other	Other	Other	Other	Other	Other	Other	Other	Other	Other	Other	Other	Other	Other	Other	Other	Other	Other	Other	Other	Other	Other	Other	Other	Other	Other	Other	Other	Other	Other
KC460986.1_72_1250_1	1791	683	0.626073772	TRUE	5.543258464	247	5.230221578	80.10810811	Dyophipapillomavirus	ncbi	Insectivore	Other	Talpa_europaea	Talpa_europaea_associated	KC460986.1	Other	Other	Other	Other	Other	Other	Other	Other	Other	Other	Other	Other	Other	Other	Other	Other	Other	Other	Other	Other	Other	Other	Other	Other	Other	Other	Other	Other	Other	Other	Other	Other	Other	Other	Other	Other	Other	Other	Other	Other	Other	Other	Other	Other	Other	Other
GU225708.1_129_1319_1	1483	346	0.207030333	TRUE	6.582607625	1005	6.479092458	325.9459459	Gammapapillomavirus	ncbi	Human	Human	Gammapapillomavirus	Human_associated	GU225708.1	Other	Other	Other	Other	Other	Other	Other	Other	Other	Other	Other	Other	Other	Other	Other	Other	Other	Other	Other	Other	Other	Other	Other	Other	Other	Other	Other	Other	Other	Other	Other	Other	Other	Other	Other	Other	Other	Other	Other	Other	Other	Other	Other	Other	Other	Other
OR952832.1_51_1223_1	NA	NA	NA	NA	NA	NA	NA	NA	NA	NA	NA	NA	NA	NA	NA	NA	NA	NA	NA	NA	NA	NA	NA	NA	NA	NA	NA	NA	NA	NA	NA	NA	NA	NA	NA	NA	NA	NA	NA	NA	NA	NA	NA	NA	NA	NA	NA	NA	NA	NA	NA	NA	NA	NA	NA	NA	NA	NA	NA	NA	NA
KP099966.1_174_1358_1	2032	915	0.307980924	TRUE	5.261317322	216	5.10732686	70.05405405	Chipapillomavirus	ncbi	Canine	Canine	Canis_familiaris	Canis_familiaris_associated	KP099966.1	Other	Other	Other	Other	Other	Other	Other	Other	Other	Other	Other	Other	Other	Other	Other	Other	Other	Other	Other	Other	Other	Other	Other	Other	Other	Other	Other	Other	Other	Other	Other	Other	Other	Other	Other	Other	Other	Other	Other	Other	Other	Other	Other	Other	Other	Other
GQ180114.1_78_1268_1	1614	484	0.066517428	TRUE	5.473907267	802	5.440648553	260.1081081	Rattus_norvegicus_associated	ncbi	Rodent	Rodent	Rattus_norvegicus_associated	Rattus_norvegicus_associated	GQ180114.1	Other	Other	Other	Other	Other	Other	Other	Other	Other	Other	Other	Other	Other	Other	Other	Other	Other	Other	Other	Other	Other	Other	Other	Other	Other	Other	Other	Other	Other	Other	Other	Other	Other	Other	Other	Other	Other	Other	Other	Other	Other	Other	Other	Other	Other	Other
JN211195.1_96_1304_1	1682	550	0.044134037	TRUE	5.58089097	723	5.558823951	234.4864865	Betapapillomavirus	ncbi	Human	Human	Betapapillomavirus	Human_associated	JN211195.1	Other	Other	Other	Other	Other	Other	Other	Other	Other	Other	Other	Other	Other	Other	Other	Other	Other	Other	Other	Other	Other	Other	Other	Other	Other	Other	Other	Other	Other	Other	Other	Other	Other	Other	Other	Other	Other	Other	Other	Other	Other	Other	Other	Other	Other	Other
KP692117.1_78_1307_1	1526	389	0.121041165	TRUE	6.1532879	897	6.092767317	290.9189189	Gammapapillomavirus	ncbi	Human	Human	Gammapapillomavirus	Human_associated	KP692117.1	Other	Other	Other	Other	Other	Other	Other	Other	Other	Other	Other	Other	Other	Other	Other	Other	Other	Other	Other	Other	Other	Other	Other	Other	Other	Other	Other	Other	Other	Other	Other	Other	Other	Other	Other	Other	Other	Other	Other	Other	Other	Other	Other	Other	Other	Other
KF574428.1_42_1229_1	1259	133	0.251256233	TRUE	5.42872127	458	5.303093154	148.5405405	Rhopapillomavirus	ncbi	Manatee	Other	Trichechus_manatus	Trichechus_manatus_associated	KF574428.1	Other	Other	Other	Other	Other	Other	Other	Other	Other	Other	Other	Other	Other	Other	Other	Other	Other	Other	Other	Other	Other	Other	Other	Other	Other	Other	Other	Other	Other	Other	Other	Other	Other	Other	Other	Other	Other	Other	Other	Other	Other	Other	Other	Other	Other	Other
MF588707.1_78_1310_1	1523	383	0.096603741	TRUE	6.270202685	900	6.221900815	291.8918919	Gammapapillomavirus	ncbi	Human	Human	Gammapapillomavirus	Human_associated	MF588707.1	Other	Other	Other	Other	Other	Other	Other	Other	Other	Other	Other	Other	Other	Other	Other	Other	Other	Other	Other	Other	Other	Other	Other	Other	Other	Other	Other	Other	Other	Other	Other	Other	Other	Other	Other	Other	Other	Other	Other	Other	Other	Other	Other	Other	Other	Other
KT932712.1_99_1301_1	1762	638	0.438048114	TRUE	5.52802774	633	5.309003683	205.2972973	Xipapillomavirus	ncbi	Cervine	Cervine	Cervus_elaphus	Cervus_elaphus_associated	KT932712.1	Other	Other	Other	Other	Other	Other	Other	Other	Other	Other	Other	Other	Other	Other	Other	Other	Other	Other	Other	Other	Other	Other	Other	Other	Other	Other	Other	Other	Other	Other	Other	Other	Other	Other	Other	Other	Other	Other	Other	Other	Other	Other	Other	Other	Other	Other
HM011570.1_69_1274_1	1318	177	0.141568662	TRUE	6.307319353	951	6.236535022	308.4324324	Gammapapillomavirus	ncbi	Human	Human	Gammapapillomavirus	Human_associated	HM011570.1	Other	Other	Other	Other	Other	Other	Other	Other	Other	Other	Other	Other	Other	Other	Other	Other	Other	Other	Other	Other	Other	Other	Other	Other	Other	Other	Other	Other	Other	Other	Other	Other	Other	Other	Other	Other	Other	Other	Other	Other	Other	Other	Other	Other	Other	Other
KU519395.1_72_1274_1	1761	635	0.259332984	TRUE	5.688238381	634	5.558571889	205.6216216	Bos_taurus_associated	ncbi	Cattle	Bovine	Bos_taurus_associated	Bos_taurus_associated	KU519395.1	Other	Other	Other	Other	Other	Other	Other	Other	Other	Other	Other	Other	Other	Other	Other	Other	Other	Other	Other	Other	Other	Other	Other	Other	Other	Other	Other	Other	Other	Other	Other	Other	Other	Other	Other	Other	Other	Other	Other	Other	Other	Other	Other	Other	Other	Other
MH745747.1_75_1283_1	1600	470	0.280975957	TRUE	5.831280996	823	5.690793018	266.9189189	Gammapapillomavirus	ncbi	Human	Human	Gammapapillomavirus	Human_associated	MH745747.1	Other	Other	Other	Other	Other	Other	Other	Other	Other	Other	Other	Other	Other	Other	Other	Other	Other	Other	Other	Other	Other	Other	Other	Other	Other	Other	Other	Other	Other	Other	Other	Other	Other	Other	Other	Other	Other	Other	Other	Other	Other	Other	Other	Other	Other	Other
HG421739.1_126_1331_1	1501	363	0.199537543	TRUE	6.469654986	994	6.369886214	322.3783784	Gammapapillomavirus	ncbi	Human	Human	Gammapapillomavirus	Human_associated	HG421739.1	Other	Other	Other	Other	Other	Other	Other	Other	Other	Other	Other	Other	Other	Other	Other	Other	Other	Other	Other	Other	Other	Other	Other	Other	Other	Other	Other	Other	Other	Other	Other	Other	Other	Other	Other	Other	Other	Other	Other	Other	Other	Other	Other	Other	Other	Other
BK066769.1_138_1316_1	1285	151	0.080788385	TRUE	6.075792878	785	6.035398685	254.5945946	Canis_familiaris_associated	ncbi	Canine	Canine	Canis_familiaris_associated	Canis_familiaris_associated	BK066769.1	Other	Other	Other	Other	Other	Other	Other	Other	Other	Other	Other	Other	Other	Other	Other	Other	Other	Other	Other	Other	Other	Other	Other	Other	Other	Other	Other	Other	Other	Other	Other	Other	Other	Other	Other	Other	Other	Other	Other	Other	Other	Other	Other	Other	Other	Other
NC_001596.1_129_1337_1	1694	564	0.12741314	TRUE	5.618207599	727	5.554501029	235.7837838	Betapapillomavirus	ncbi	Human	Human	Betapapillomavirus	Human_associated	NC	Other	Other	Other	Other	Other	Other	Other	Other	Other	Other	Other	Other	Other	Other	Other	Other	Other	Other	Other	Other	Other	Other	Other	Other	Other	Other	Other	Other	Other	Other	Other	Other	Other	Other	Other	Other	Other	Other	Other	Other	Other	Other	Other	Other	Other	Other
KC020689.2_105_1307_1	1835	711	0.407607562	TRUE	5.145043431	244	4.94123965	79.13513514	Dyosigmapapillomavirus	ncbi	Rodent	Rodent	Castor_canadensis	Castor_canadensis_associated	KC020689.2	Other	Other	Other	Other	Other	Other	Other	Other	Other	Other	Other	Other	Other	Other	Other	Other	Other	Other	Other	Other	Other	Other	Other	Other	Other	Other	Other	Other	Other	Other	Other	Other	Other	Other	Other	Other	Other	Other	Other	Other	Other	Other	Other	Other	Other	Other
BK066588.1_96_1274_1	1297	169	0.201021704	TRUE	6.020827439	770	5.920316587	249.7297297	Taupapillomavirus	ncbi	Canine	Canine	Canis_familiaris	Canis_familiaris_associated	BK066588.1	Other	Other	Other	Other	Other	Other	Other	Other	Other	Other	Other	Other	Other	Other	Other	Other	Other	Other	Other	Other	Other	Other	Other	Other	Other	Other	Other	Other	Other	Other	Other	Other	Other	Other	Other	Other	Other	Other	Other	Other	Other	Other	Other	Other	Other	Other
FJ796965.1_93_1271_1	2054	931	0.128891207	TRUE	5.850955344	180	5.786509741	58.37837838	Dyokappapapillomavirus	ncbi	Ovine	Other	Ovine	Ovine_associated	FJ796965.1	Other	Other	Other	Other	Other	Other	Other	Other	Other	Other	Other	Other	Other	Other	Other	Other	Other	Other	Other	Other	Other	Other	Other	Other	Other	Other	Other	Other	Other	Other	Other	Other	Other	Other	Other	Other	Other	Other	Other	Other	Other	Other	Other	Other	Other	Other
GU014531.1_96_1301_1	1668	574	0.451656076	TRUE	5.608952765	707	5.383124727	229.2972973	Betapapillomavirus	ncbi	Human	Human	Betapapillomavirus	Human_associated	GU014531.1	Other	Other	Other	Other	Other	Other	Other	Other	Other	Other	Other	Other	Other	Other	Other	Other	Other	Other	Other	Other	Other	Other	Other	Other	Other	Other	Other	Other	Other	Other	Other	Other	Other	Other	Other	Other	Other	Other	Other	Other	Other	Other	Other	Other	Other	Other
MF588760.1_105_1310_1	1559	428	0.064574549	TRUE	5.829445026	864	5.797157752	280.2162162	Gammapapillomavirus	ncbi	Human	Human	Gammapapillomavirus	Human_associated	MF588760.1	Other	Other	Other	Other	Other	Other	Other	Other	Other	Other	Other	Other	Other	Other	Other	Other	Other	Other	Other	Other	Other	Other	Other	Other	Other	Other	Other	Other	Other	Other	Other	Other	Other	Other	Other	Other	Other	Other	Other	Other	Other	Other	Other	Other	Other	Other
KU519393.1_54_1235_1	2058	940	1.139994431	TRUE	5.819131651	173	5.249134436	56.10810811	Dyokappapapillomavirus	ncbi	Cattle	Bovine	Bos_taurus	Bos_taurus_associated	KU519393.1	Other	Other	Other	Other	Other	Other	Other	Other	Other	Other	Other	Other	Other	Other	Other	Other	Other	Other	Other	Other	Other	Other	Other	Other	Other	Other	Other	Other	Other	Other	Other	Other	Other	Other	Other	Other	Other	Other	Other	Other	Other	Other	Other	Other	Other	Other
MF588772.1_69_1274_1	NA	NA	NA	NA	NA	NA	NA	NA	NA	NA	NA	NA	NA	NA	NA	NA	NA	NA	NA	NA	NA	NA	NA	NA	NA	NA	NA	NA	NA	NA	NA	NA	NA	NA	NA	NA	NA	NA	NA	NA	NA	NA	NA	NA	NA	NA	NA	NA	NA	NA	NA	NA	NA	NA	NA	NA	NA	NA	NA	NA	NA
MF588729.1_135_1340_1	NA	NA	NA	NA	NA	NA	NA	NA	NA	NA	NA	NA	NA	NA	NA	NA	NA	NA	NA	NA	NA	NA	NA	NA	NA	NA	NA	NA	NA	NA	NA	NA	NA	NA	NA	NA	NA	NA	NA	NA	NA	NA	NA	NA	NA	NA	NA	NA	NA	NA	NA	NA	NA	NA	NA	NA	NA	NA	NA	NA	NA
MF588706.1_93_1298_1	NA	NA	NA	NA	NA	NA	NA	NA	NA	NA	NA	NA	NA	NA	NA	NA	NA	NA	NA	NA	NA	NA	NA	NA	NA	NA	NA	NA	NA	NA	NA	NA	NA	NA	NA	NA	NA	NA	NA	NA	NA	NA	NA	NA	NA	NA	NA	NA	NA	NA	NA	NA	NA	NA	NA	NA	NA	NA	NA	NA	NA
EF467176.1_135_1337_1	1509	402	0.576097016	TRUE	6.102899921	885	5.814851413	287.027027	Gammapapillomavirus	ncbi	Human	Human	Gammapapillomavirus	Human_associated	EF467176.1	Other	Other	Other	Other	Other	Other	Other	Other	Other	Other	Other	Other	Other	Other	Other	Other	Other	Other	Other	Other	Other	Other	Other	Other	Other	Other	Other	Other	Other	Other	Other	Other	Other	Other	Other	Other	Other	Other	Other	Other	Other	Other	Other	Other	Other	Other
MF588726.1_132_1337_1	1500	361	0.018085281	TRUE	6.527948443	997	6.518905803	323.3513514	Gammapapillomavirus	ncbi	Human	Human	Gammapapillomavirus	Human_associated	MF588726.1	Other	Other	Other	Other	Other	Other	Other	Other	Other	Other	Other	Other	Other	Other	Other	Other	Other	Other	Other	Other	Other	Other	Other	Other	Other	Other	Other	Other	Other	Other	Other	Other	Other	Other	Other	Other	Other	Other	Other	Other	Other	Other	Other	Other	Other	Other
MF327535.1_114_1295_1	1244	119	0.240181205	TRUE	5.318043261	476	5.197952658	154.3783784	Omegapapillomavirus	ncbi	Ursine	Other	Ailuropoda_melanoleuca	Ailuropoda_melanoleuca_associated	MF327535.1	Other	Other	Other	Other	Other	Other	Other	Other	Other	Other	Other	Other	Other	Other	Other	Other	Other	Other	Other	Other	Other	Other	Other	Other	Other	Other	Other	Other	Other	Other	Other	Other	Other	Other	Other	Other	Other	Other	Other	Other	Other	Other	Other	Other	Other	Other
M15953.1_81_1262_1	2082	961	0.121835724	TRUE	5.698702869	150	5.637785007	48.64864865	Deltapapillomavirus	ncbi	Cervine	Cervine	Alces_alces	Alces_alces_associated	M15953.1	Other	Other	Other	Other	Other	Other	Other	Other	Other	Other	Other	Other	Other	Other	Other	Other	Other	Other	Other	Other	Other	Other	Other	Other	Other	Other	Other	Other	Other	Other	Other	Other	Other	Other	Other	Other	Other	Other	Other	Other	Other	Other	Other	Other	Other	Other
OR915591.1_66_1271_1	1572	439	0.27451813	TRUE	5.707531315	847	5.57027225	274.7027027	Treisetapapillomavirus	ncbi	Feline	Feline	Caracal_caracal	Caracal_caracal_associated	OR915591.1	Other	Other	Other	Other	Other	Other	Other	Other	Other	Other	Other	Other	Other	Other	Other	Other	Other	Other	Other	Other	Other	Other	Other	Other	Other	Other	Other	Other	Other	Other	Other	Other	Other	Other	Other	Other	Other	Other	Other	Other	Other	Other	Other	Other	Other	Other
MH285952.1_108_1289_1	1274	163	0.281310934	TRUE	5.825138747	773	5.68448328	250.7027027	Taupapillomavirus	ncbi	Canine	Canine	Canis_familiaris	Canis_familiaris_associated	MH285952.1	Other	Other	Other	Other	Other	Other	Other	Other	Other	Other	Other	Other	Other	Other	Other	Other	Other	Other	Other	Other	Other	Other	Other	Other	Other	Other	Other	Other	Other	Other	Other	Other	Other	Other	Other	Other	Other	Other	Other	Other	Other	Other	Other	Other	Other	Other
MG571094.1_66_1271_1	1267	170	0.884583376	TRUE	6.011492499	761	5.569200811	246.8108108	Leptonychotes_weddellii_associated	ncbi	Pinnipeds	Other	Leptonychotes_weddellii_associated	Leptonychotes_weddellii_associated	MG571094.1	Other	Other	Other	Other	Other	Other	Other	Other	Other	Other	Other	Other	Other	Other	Other	Other	Other	Other	Other	Other	Other	Other	Other	Other	Other	Other	Other	Other	Other	Other	Other	Other	Other	Other	Other	Other	Other	Other	Other	Other	Other	Other	Other	Other	Other	Other
MQ005202.1_45_1226_1	NA	NA	NA	NA	NA	NA	NA	NA	NA	NA	NA	NA	NA	NA	NA	NA	NA	NA	NA	NA	NA	NA	NA	NA	NA	NA	NA	NA	NA	NA	NA	NA	NA	NA	NA	NA	NA	NA	NA	NA	NA	NA	NA	NA	NA	NA	NA	NA	NA	NA	NA	NA	NA	NA	NA	NA	NA	NA	NA	NA	NA
MH605022.1_123_1304_1	1260	137	0.425466146	TRUE	5.314315757	456	5.101582684	147.8918919	Dyomupapillomavirus	ncbi	Reptile	Reptile	Boa_constrictor	Boa_constrictor_associated	MH605022.1	Other	Other	Other	Other	Other	Other	Other	Other	Other	Other	Other	Other	Other	Other	Other	Other	Other	Other	Other	Other	Other	Other	Other	Other	Other	Other	Other	Other	Other	Other	Other	Other	Other	Other	Other	Other	Other	Other	Other	Other	Other	Other	Other	Other	Other	Other
JN709472.1_87_1292_1	1718	589	0.099087476	TRUE	6.313781096	600	6.264237358	194.5945946	Upsilonpapillomavirus	ncbi	Cetacean	Cetacean	Tursiops_truncatus	Tursiops_truncatus_associated	JN709472.1	Other	Other	Other	Other	Other	Other	Other	Other	Other	Other	Other	Other	Other	Other	Other	Other	Other	Other	Other	Other	Other	Other	Other	Other	Other	Other	Other	Other	Other	Other	Other	Other	Other	Other	Other	Other	Other	Other	Other	Other	Other	Other	Other	Other	Other	Other
EF536349.1_108_1286_1	1238	125	0.313843811	TRUE	5.179488056	467	5.022566151	151.4594595	Omegapapillomavirus	ncbi	Ursine	Other	Ursus_maritimus	Ursus_maritimus_associated	EF536349.1	Other	Other	Other	Other	Other	Other	Other	Other	Other	Other	Other	Other	Other	Other	Other	Other	Other	Other	Other	Other	Other	Other	Other	Other	Other	Other	Other	Other	Other	Other	Other	Other	Other	Other	Other	Other	Other	Other	Other	Other	Other	Other	Other	Other	Other	Other
FB582208.1_45_1223_1	NA	NA	NA	NA	NA	NA	NA	NA	NA	NA	NA	NA	NA	NA	NA	NA	NA	NA	NA	NA	NA	NA	NA	NA	NA	NA	NA	NA	NA	NA	NA	NA	NA	NA	NA	NA	NA	NA	NA	NA	NA	NA	NA	NA	NA	NA	NA	NA	NA	NA	NA	NA	NA	NA	NA	NA	NA	NA	NA	NA	NA
JF966372.1_75_1280_1	1376	239	0.118136093	TRUE	6.492283568	917	6.433215522	297.4054054	Human_associated	ncbi	Human	Human	Human_associated	Human_associated	JF966372.1	Other	Other	Other	Other	Other	Other	Other	Other	Other	Other	Other	Other	Other	Other	Other	Other	Other	Other	Other	Other	Other	Other	Other	Other	Other	Other	Other	Other	Other	Other	Other	Other	Other	Other	Other	Other	Other	Other	Other	Other	Other	Other	Other	Other	Other	Other
HM999987.1_153_1358_1	1502	364	0.148237738	TRUE	6.497832962	995	6.423714094	322.7027027	Gammapapillomavirus	ncbi	Human	Human	Gammapapillomavirus	Human_associated	HM999987.1	Other	Other	Other	Other	Other	Other	Other	Other	Other	Other	Other	Other	Other	Other	Other	Other	Other	Other	Other	Other	Other	Other	Other	Other	Other	Other	Other	Other	Other	Other	Other	Other	Other	Other	Other	Other	Other	Other	Other	Other	Other	Other	Other	Other	Other	Other
JF966373.1_72_1274_1	1433	295	0.103603117	TRUE	6.467817835	1059	6.416016276	343.4594595	Human_associated	ncbi	Human	Human	Human_associated	Human_associated	JF966373.1	Other	Other	Other	Other	Other	Other	Other	Other	Other	Other	Other	Other	Other	Other	Other	Other	Other	Other	Other	Other	Other	Other	Other	Other	Other	Other	Other	Other	Other	Other	Other	Other	Other	Other	Other	Other	Other	Other	Other	Other	Other	Other	Other	Other	Other	Other
HM999997.1_75_1280_1	NA	NA	NA	NA	NA	NA	NA	NA	NA	NA	NA	NA	NA	NA	NA	NA	NA	NA	NA	NA	NA	NA	NA	NA	NA	NA	NA	NA	NA	NA	NA	NA	NA	NA	NA	NA	NA	NA	NA	NA	NA	NA	NA	NA	NA	NA	NA	NA	NA	NA	NA	NA	NA	NA	NA	NA	NA	NA	NA	NA	NA
MF588690.1_60_1265_1	1505	370	0.122358185	TRUE	6.218270395	985	6.157091303	319.4594595	Gammapapillomavirus	ncbi	Human	Human	Gammapapillomavirus	Human_associated	MF588690.1	Other	Other	Other	Other	Other	Other	Other	Other	Other	Other	Other	Other	Other	Other	Other	Other	Other	Other	Other	Other	Other	Other	Other	Other	Other	Other	Other	Other	Other	Other	Other	Other	Other	Other	Other	Other	Other	Other	Other	Other	Other	Other	Other	Other	Other	Other
EU240895.1_84_1286_1	1716	588	0.157603292	TRUE	6.249065679	598	6.170264033	193.9459459	Upsilonpapillomavirus	ncbi	Cetacean	Cetacean	Tursiops_truncatus	Tursiops_truncatus_associated	EU240895.1	Other	Other	Other	Other	Other	Other	Other	Other	Other	Other	Other	Other	Other	Other	Other	Other	Other	Other	Other	Other	Other	Other	Other	Other	Other	Other	Other	Other	Other	Other	Other	Other	Other	Other	Other	Other	Other	Other	Other	Other	Other	Other	Other	Other	Other	Other
MF588702.1_138_1343_1	1582	452	0.090725367	TRUE	5.679572191	815	5.634209507	264.3243243	Gammapapillomavirus	ncbi	Human	Human	Gammapapillomavirus	Human_associated	MF588702.1	Other	Other	Other	Other	Other	Other	Other	Other	Other	Other	Other	Other	Other	Other	Other	Other	Other	Other	Other	Other	Other	Other	Other	Other	Other	Other	Other	Other	Other	Other	Other	Other	Other	Other	Other	Other	Other	Other	Other	Other	Other	Other	Other	Other	Other	Other
KR816180.1_141_1346_1	1593	460	0.118475582	TRUE	5.826098476	836	5.766860685	271.1351351	Gammapapillomavirus	ncbi	Human	Human	Gammapapillomavirus	Human_associated	KR816180.1	Other	Other	Other	Other	Other	Other	Other	Other	Other	Other	Other	Other	Other	Other	Other	Other	Other	Other	Other	Other	Other	Other	Other	Other	Other	Other	Other	Other	Other	Other	Other	Other	Other	Other	Other	Other	Other	Other	Other	Other	Other	Other	Other	Other	Other	Other
KP692115.1_57_1262_1	1561	430	0.113450587	TRUE	5.860735712	858	5.804010419	278.2702703	Gammapapillomavirus	ncbi	Human	Human	Gammapapillomavirus	Human_associated	KP692115.1	Other	Other	Other	Other	Other	Other	Other	Other	Other	Other	Other	Other	Other	Other	Other	Other	Other	Other	Other	Other	Other	Other	Other	Other	Other	Other	Other	Other	Other	Other	Other	Other	Other	Other	Other	Other	Other	Other	Other	Other	Other	Other	Other	Other	Other	Other
JF800657.1_144_1325_1	2043	922	0.155017403	TRUE	5.146670473	208	5.069161772	67.45945946	Chipapillomavirus	ncbi	Canine	Canine	Canis_familiaris	Canis_familiaris_associated	JF800657.1	Other	Other	Other	Other	Other	Other	Other	Other	Other	Other	Other	Other	Other	Other	Other	Other	Other	Other	Other	Other	Other	Other	Other	Other	Other	Other	Other	Other	Other	Other	Other	Other	Other	Other	Other	Other	Other	Other	Other	Other	Other	Other	Other	Other	Other	Other
EU410347.1_129_1331_1	1699	572	0.111992846	TRUE	5.643141029	709	5.587144606	229.9459459	Betapapillomavirus	ncbi	Human	Human	Betapapillomavirus	Human_associated	EU410347.1	Other	Other	Other	Other	Other	Other	Other	Other	Other	Other	Other	Other	Other	Other	Other	Other	Other	Other	Other	Other	Other	Other	Other	Other	Other	Other	Other	Other	Other	Other	Other	Other	Other	Other	Other	Other	Other	Other	Other	Other	Other	Other	Other	Other	Other	Other
OR915587.1_135_1328_1	1803	670	0.102490454	TRUE	6.175749476	257	6.124504249	83.35135135	Lambdapapillomavirus	ncbi	Feline	Feline	Caracal_caracal	Caracal_caracal_associated	OR915587.1	Other	Other	Other	Other	Other	Other	Other	Other	Other	Other	Other	Other	Other	Other	Other	Other	Other	Other	Other	Other	Other	Other	Other	Other	Other	Other	Other	Other	Other	Other	Other	Other	Other	Other	Other	Other	Other	Other	Other	Other	Other	Other	Other	Other	Other	Other
DQ295066.1_93_1277_1	2035	912	0.188989634	TRUE	5.467050227	219	5.37255541	71.02702703	Chipapillomavirus	ncbi	Canine	Canine	Canis_familiaris	Canis_familiaris_associated	DQ295066.1	Other	Other	Other	Other	Other	Other	Other	Other	Other	Other	Other	Other	Other	Other	Other	Other	Other	Other	Other	Other	Other	Other	Other	Other	Other	Other	Other	Other	Other	Other	Other	Other	Other	Other	Other	Other	Other	Other	Other	Other	Other	Other	Other	Other	Other	Other
OR952792.1_6_1199_1	1895	766	0.060184432	TRUE	5.972436788	413	5.942344572	133.9459459	Rhinolophus_sinicus_associated	ncbi	Bat	Bat	Rhinolophus_sinicus_associated	Rhinolophus_sinicus_associated	OR952792.1	Other	Other	Other	Other	Other	Other	Other	Other	Other	Other	Other	Other	Other	Other	Other	Other	Other	Other	Other	Other	Other	Other	Other	Other	Other	Other	Other	Other	Other	Other	Other	Other	Other	Other	Other	Other	Other	Other	Other	Other	Other	Other	Other	Other	Other	Other
GU117623.1_72_1256_1	1231	100	0.164961759	TRUE	5.4547031	485	5.37222222	157.2972973	Dyodeltapapillomavirus	ncbi	Cetacean	Cetacean	Phocoena_phocoena	Phocoena_phocoena_associated	GU117623.1	Other	Other	Other	Other	Other	Other	Other	Other	Other	Other	Other	Other	Other	Other	Other	Other	Other	Other	Other	Other	Other	Other	Other	Other	Other	Other	Other	Other	Other	Other	Other	Other	Other	Other	Other	Other	Other	Other	Other	Other	Other	Other	Other	Other	Other	Other
GQ471901.1_138_1322_1	1749	617	0.11128498	TRUE	5.953469082	651	5.897826592	211.1351351	Xipapillomavirus	ncbi	Cattle	Bovine	Bos_taurus	Bos_taurus_associated	GQ471901.1	Other	Other	Other	Other	Other	Other	Other	Other	Other	Other	Other	Other	Other	Other	Other	Other	Other	Other	Other	Other	Other	Other	Other	Other	Other	Other	Other	Other	Other	Other	Other	Other	Other	Other	Other	Other	Other	Other	Other	Other	Other	Other	Other	Other	Other	Other
NC_001458.1_66_1259_1	1840	715	0.304637682	TRUE	5.217352808	239	5.065033967	77.51351351	Mupapillomavirus	ncbi	Human	Human	Mupapillomavirus	Human_associated	NC	Other	Other	Other	Other	Other	Other	Other	Other	Other	Other	Other	Other	Other	Other	Other	Other	Other	Other	Other	Other	Other	Other	Other	Other	Other	Other	Other	Other	Other	Other	Other	Other	Other	Other	Other	Other	Other	Other	Other	Other	Other	Other	Other	Other	Other	Other
DQ091200.1_90_1280_1	1729	604	0.305634165	TRUE	5.651901372	610	5.499084289	197.8378378	Phipapillomavirus	ncbi	Caprine	Other	Capra_hircus	Capra_hircus_associated	DQ091200.1	Other	Other	Other	Other	Other	Other	Other	Other	Other	Other	Other	Other	Other	Other	Other	Other	Other	Other	Other	Other	Other	Other	Other	Other	Other	Other	Other	Other	Other	Other	Other	Other	Other	Other	Other	Other	Other	Other	Other	Other	Other	Other	Other	Other	Other	Other
EU188799.1_99_1289_1	2147	1030	0.090082282	TRUE	4.644461731	84	4.59942059	27.24324324	Dyoepsilonpapillomavirus	ncbi	Avian	Avian	Francolinus_leucoscepus	Francolinus_leucoscepus_associated	EU188799.1	Other	Other	Other	Other	Other	Other	Other	Other	Other	Other	Other	Other	Other	Other	Other	Other	Other	Other	Other	Other	Other	Other	Other	Other	Other	Other	Other	Other	Other	Other	Other	Other	Other	Other	Other	Other	Other	Other	Other	Other	Other	Other	Other	Other	Other	Other
EU493092.1_87_1277_1	2126	1012	0.232189846	TRUE	5.228989176	101	5.112894253	32.75675676	Dyozetapapillomavirus	ncbi	Reptile	Reptile	Caretta_caretta	Caretta_caretta_associated	EU493092.1	Other	Other	Other	Other	Other	Other	Other	Other	Other	Other	Other	Other	Other	Other	Other	Other	Other	Other	Other	Other	Other	Other	Other	Other	Other	Other	Other	Other	Other	Other	Other	Other	Other	Other	Other	Other	Other	Other	Other	Other	Other	Other	Other	Other	Other	Other
AY763115.1_54_1238_1	1798	668	0.159889151	TRUE	5.544633185	253	5.46468861	82.05405405	Lambdapapillomavirus	ncbi	Raccoon	Other	Procyon_lotor	Procyon_lotor_associated	AY763115.1	Other	Other	Other	Other	Other	Other	Other	Other	Other	Other	Other	Other	Other	Other	Other	Other	Other	Other	Other	Other	Other	Other	Other	Other	Other	Other	Other	Other	Other	Other	Other	Other	Other	Other	Other	Other	Other	Other	Other	Other	Other	Other	Other	Other	Other	Other
BK062774.1_51_1241_1	1827	700	0.167154561	TRUE	5.379509983	281	5.295932703	91.13513514	Manis_javanica_associated	ncbi	Pangolin	Pangolin	Manis_javanica_associated	Manis_javanica_associated	BK062774.1	Other	Other	Other	Other	Other	Other	Other	Other	Other	Other	Other	Other	Other	Other	Other	Other	Other	Other	Other	Other	Other	Other	Other	Other	Other	Other	Other	Other	Other	Other	Other	Other	Other	Other	Other	Other	Other	Other	Other	Other	Other	Other	Other	Other	Other	Other
AB543507.1_90_1274_1	1749	616	0.100031471	TRUE	5.942215574	650	5.892199838	210.8108108	Xipapillomavirus	ncbi	Cattle	Bovine	Bos_taurus	Bos_taurus_associated	AB543507.1	Other	Other	Other	Other	Other	Other	Other	Other	Other	Other	Other	Other	Other	Other	Other	Other	Other	Other	Other	Other	Other	Other	Other	Other	Other	Other	Other	Other	Other	Other	Other	Other	Other	Other	Other	Other	Other	Other	Other	Other	Other	Other	Other	Other	Other	Other
KY652675.1_90_1283_1	NA	NA	NA	NA	NA	NA	NA	NA	NA	NA	NA	NA	NA	NA	NA	NA	NA	NA	NA	NA	NA	NA	NA	NA	NA	NA	NA	NA	NA	NA	NA	NA	NA	NA	NA	NA	NA	NA	NA	NA	NA	NA	NA	NA	NA	NA	NA	NA	NA	NA	NA	NA	NA	NA	NA	NA	NA	NA	NA	NA	NA
MF176072.1_126_1319_1	1364	225	0.109251406	TRUE	6.558344586	933	6.503718883	302.5945946	Human_associated	ncbi	Human	Human	Human_associated	Human_associated	MF176072.1	Other	Other	Other	Other	Other	Other	Other	Other	Other	Other	Other	Other	Other	Other	Other	Other	Other	Other	Other	Other	Other	Other	Other	Other	Other	Other	Other	Other	Other	Other	Other	Other	Other	Other	Other	Other	Other	Other	Other	Other	Other	Other	Other	Other	Other	Other
MF588684.1_141_1334_1	1687	557	0.072368235	TRUE	5.813826208	734	5.77764209	238.0540541	Betapapillomavirus	ncbi	Human	Human	Betapapillomavirus	Human_associated	MF588684.1	Other	Other	Other	Other	Other	Other	Other	Other	Other	Other	Other	Other	Other	Other	Other	Other	Other	Other	Other	Other	Other	Other	Other	Other	Other	Other	Other	Other	Other	Other	Other	Other	Other	Other	Other	Other	Other	Other	Other	Other	Other	Other	Other	Other	Other	Other
KX082661.1_135_1328_1	1372	236	0.238440527	TRUE	6.550965472	921	6.431745209	298.7027027	Human_associated	ncbi	Human	Human	Human_associated	Human_associated	KX082661.1	Other	Other	Other	Other	Other	Other	Other	Other	Other	Other	Other	Other	Other	Other	Other	Other	Other	Other	Other	Other	Other	Other	Other	Other	Other	Other	Other	Other	Other	Other	Other	Other	Other	Other	Other	Other	Other	Other	Other	Other	Other	Other	Other	Other	Other	Other
KX147683.1_105_1298_1	2148	1033	0.232042846	TRUE	4.4571739	78	4.341152477	25.2972973	Duck_associated	ncbi	Avian	Avian	Duck_associated	Duck_associated	KX147683.1	Other	Other	Other	Other	Other	Other	Other	Other	Other	Other	Other	Other	Other	Other	Other	Other	Other	Other	Other	Other	Other	Other	Other	Other	Other	Other	Other	Other	Other	Other	Other	Other	Other	Other	Other	Other	Other	Other	Other	Other	Other	Other	Other	Other	Other	Other
KX276956.1_159_1352_1	2062	945	0.683925993	TRUE	5.647645137	126	5.30568214	40.86486486	Eidolon_helvum_associated	ncbi	Bat	Bat	Eidolon_helvum_associated	Eidolon_helvum_associated	KX276956.1	Other	Other	Other	Other	Other	Other	Other	Other	Other	Other	Other	Other	Other	Other	Other	Other	Other	Other	Other	Other	Other	Other	Other	Other	Other	Other	Other	Other	Other	Other	Other	Other	Other	Other	Other	Other	Other	Other	Other	Other	Other	Other	Other	Other	Other	Other
HQ262535.1_138_1322_1	1260	136	0.371174395	TRUE	5.260024006	455	5.074436809	147.5675676	Dyomupapillomavirus	ncbi	Reptile	Reptile	Morelia_spilota	Morelia_spilota_associated	HQ262535.1	Other	Other	Other	Other	Other	Other	Other	Other	Other	Other	Other	Other	Other	Other	Other	Other	Other	Other	Other	Other	Other	Other	Other	Other	Other	Other	Other	Other	Other	Other	Other	Other	Other	Other	Other	Other	Other	Other	Other	Other	Other	Other	Other	Other	Other	Other
HG530538.1_81_1265_1	NA	NA	NA	NA	NA	NA	NA	NA	NA	NA	NA	NA	NA	NA	NA	NA	NA	NA	NA	NA	NA	NA	NA	NA	NA	NA	NA	NA	NA	NA	NA	NA	NA	NA	NA	NA	NA	NA	NA	NA	NA	NA	NA	NA	NA	NA	NA	NA	NA	NA	NA	NA	NA	NA	NA	NA	NA	NA	NA	NA	NA
GU220391.1_69_1253_1	1707	582	0.586803556	TRUE	5.57763645	664	5.284234672	215.3513514	Dyolambdapapillomavirus	ncbi	Marsupial	Other	Bettongia_penicillata	Bettongia_penicillata_associated	GU220391.1	Other	Other	Other	Other	Other	Other	Other	Other	Other	Other	Other	Other	Other	Other	Other	Other	Other	Other	Other	Other	Other	Other	Other	Other	Other	Other	Other	Other	Other	Other	Other	Other	Other	Other	Other	Other	Other	Other	Other	Other	Other	Other	Other	Other	Other	Other
MF588731.1_132_1325_1	1405	263	0.108082557	TRUE	6.72129585	1073	6.667254572	348	Gammapapillomavirus	ncbi	Human	Human	Gammapapillomavirus	Human_associated	MF588731.1	Other	Other	Other	Other	Other	Other	Other	Other	Other	Other	Other	Other	Other	Other	Other	Other	Other	Other	Other	Other	Other	Other	Other	Other	Other	Other	Other	Other	Other	Other	Other	Other	Other	Other	Other	Other	Other	Other	Other	Other	Other	Other	Other	Other	Other	Other
MF588780.1_60_1253_1	1360	221	0.098227148	TRUE	6.350805377	929	6.301691803	301.2972973	Gammapapillomavirus	ncbi	Human	Human	Gammapapillomavirus	Human_associated	MF588780.1	Other	Other	Other	Other	Other	Other	Other	Other	Other	Other	Other	Other	Other	Other	Other	Other	Other	Other	Other	Other	Other	Other	Other	Other	Other	Other	Other	Other	Other	Other	Other	Other	Other	Other	Other	Other	Other	Other	Other	Other	Other	Other	Other	Other	Other	Other
MG571091.1_240_1433_1	1242	112	0.089126283	TRUE	5.638543566	471	5.593980424	152.7567568	Leptonychotes_weddellii_associated	ncbi	Pinnipeds	Other	Leptonychotes_weddellii_associated	Leptonychotes_weddellii_associated	MG571091.1	Other	Other	Other	Other	Other	Other	Other	Other	Other	Other	Other	Other	Other	Other	Other	Other	Other	Other	Other	Other	Other	Other	Other	Other	Other	Other	Other	Other	Other	Other	Other	Other	Other	Other	Other	Other	Other	Other	Other	Other	Other	Other	Other	Other	Other	Other
OR952887.1_84_1274_1	1891	771	0.357230806	TRUE	5.922029566	409	5.743414163	132.6486486	Hipposideros_pomona_associated	ncbi	Bat	Bat	Hipposideros_pomona_associated	Hipposideros_pomona_associated	OR952887.1	Other	Other	Other	Other	Other	Other	Other	Other	Other	Other	Other	Other	Other	Other	Other	Other	Other	Other	Other	Other	Other	Other	Other	Other	Other	Other	Other	Other	Other	Other	Other	Other	Other	Other	Other	Other	Other	Other	Other	Other	Other	Other	Other	Other	Other	Other
KJ913662.1_87_1274_1	1318	178	0.212327764	TRUE	6.378078455	952	6.271914573	308.7567568	Gammapapillomavirus	ncbi	Human	Human	Gammapapillomavirus	Human_associated	KJ913662.1	Other	Other	Other	Other	Other	Other	Other	Other	Other	Other	Other	Other	Other	Other	Other	Other	Other	Other	Other	Other	Other	Other	Other	Other	Other	Other	Other	Other	Other	Other	Other	Other	Other	Other	Other	Other	Other	Other	Other	Other	Other	Other	Other	Other	Other	Other
KF006988.1_66_1253_1	1272	139	0.126493804	TRUE	5.70885835	765	5.645611448	248.1081081	Taupapillomavirus		ncbi	Mustelid	Other	Mustela_putorius	Mustela_putorius_associated	KF006988.1	Other	Other	Other	Other	Other	Other	Other	Other	Other	Other	Other	Other	Other	Other	Other	Other	Other	Other	Other	Other	Other	Other	Other	Other	Other	Other	Other	Other	Other	Other	Other	Other	Other	Other	Other	Other	Other	Other	Other	Other	Other	Other	Other	Other	Other	Other
OR952854.1_84_1274_1	1904	777	0.252277603	TRUE	6.047431422	408	5.92129262	132.3243243	Hipposideros_larvatus_associated	ncbi	Bat	Bat	Hipposideros_larvatus_associated	Hipposideros_larvatus_associated	OR952854.1	Other	Other	Other	Other	Other	Other	Other	Other	Other	Other	Other	Other	Other	Other	Other	Other	Other	Other	Other	Other	Other	Other	Other	Other	Other	Other	Other	Other	Other	Other	Other	Other	Other	Other	Other	Other	Other	Other	Other	Other	Other	Other	Other	Other	Other	Other
MG837558.1_156_1343_1	1173	40	0.163157954	TRUE	5.738349134	558	5.656770157	180.972973	Macaca_mulatta_associated	ncbi	Non-human Primate	Non-human Primate	Macaca_mulatta_associated	Macaca_mulatta_associated	MG837558.1	Other	Other	Other	Other	Other	Other	Other	Other	Other	Other	Other	Other	Other	Other	Other	Other	Other	Other	Other	Other	Other	Other	Other	Other	Other	Other	Other	Other	Other	Other	Other	Other	Other	Other	Other	Other	Other	Other	Other	Other	Other	Other	Other	Other	Other	Other
KU519396.1_54_1241_1	1603	474	0.786594621	TRUE	6.158689827	809	5.765392517	262.3783784	Dyoxipapillomavirus	ncbi	Cattle	Bovine	Bos_taurus	Bos_taurus_associated	KU519396.1	Other	Other	Other	Other	Other	Other	Other	Other	Other	Other	Other	Other	Other	Other	Other	Other	Other	Other	Other	Other	Other	Other	Other	Other	Other	Other	Other	Other	Other	Other	Other	Other	Other	Other	Other	Other	Other	Other	Other	Other	Other	Other	Other	Other	Other	Other
DQ269468.1_129_1316_1	1612	485	0.121144662	TRUE	5.420180028	799	5.359607697	259.1351351	Pipapillomavirus	ncbi	Rodent	Rodent	Micromys_minutus	Micromys_minutus_associated	DQ269468.1	Other	Other	Other	Other	Other	Other	Other	Other	Other	Other	Other	Other	Other	Other	Other	Other	Other	Other	Other	Other	Other	Other	Other	Other	Other	Other	Other	Other	Other	Other	Other	Other	Other	Other	Other	Other	Other	Other	Other	Other	Other	Other	Other	Other	Other	Other
DQ664501.1_135_1322_1	1615	491	0.155738407	TRUE	5.464474218	803	5.386605014	260.4324324	Pipapillomavirus	ncbi	Rodent	Rodent	Mastomys_coucha	Mastomys_coucha_associated	DQ664501.1	Other	Other	Other	Other	Other	Other	Other	Other	Other	Other	Other	Other	Other	Other	Other	Other	Other	Other	Other	Other	Other	Other	Other	Other	Other	Other	Other	Other	Other	Other	Other	Other	Other	Other	Other	Other	Other	Other	Other	Other	Other	Other	Other	Other	Other	Other
EU069819.1_57_1244_1	1708	584	0.124254965	TRUE	5.705664322	666	5.643536839	216	Perameles_bougainville	_associated	ncbi	Marsupial	Other	Perameles_bougainville	_associated	Perameles_bougainville	_associated	EU069819.1	Other	Other	Other	Other	Other	Other	Other	Other	Other	Other	Other	Other	Other	Other	Other	Other	Other	Other	Other	Other	Other	Other	Other	Other	Other	Other	Other	Other	Other	Other	Other	Other	Other	Other	Other	Other	Other	Other	Other	Other	Other	Other	Other	Other	Other	Other
KC858266.1_105_1292_1	1940	838	0.272760532	TRUE	5.364346107	312	5.227965841	101.1891892	Rhinolophus ferrumequinum	ncbi	Bat	Bat	Rhinolophus_ferrumequinum_associated	Rhinolophus_ferrumequinum_associated	KC858266.1	Other	Other	Other	Other	Other	Other	Other	Other	Other	Other	Other	Other	Other	Other	Other	Other	Other	Other	Other	Other	Other	Other	Other	Other	Other	Other	Other	Other	Other	Other	Other	Other	Other	Other	Other	Other	Other	Other	Other	Other	Other	Other	Other	Other	Other	Other
BK066513.1_87_1274_1	1809	680	0.125448714	TRUE	5.811665437	261	5.74894108	84.64864865	Felis_catus_associated	ncbi	Feline	Feline	Felis_catus_associated	Felis_catus_associated	BK066513.1	Other	Other	Other	Other	Other	Other	Other	Other	Other	Other	Other	Other	Other	Other	Other	Other	Other	Other	Other	Other	Other	Other	Other	Other	Other	Other	Other	Other	Other	Other	Other	Other	Other	Other	Other	Other	Other	Other	Other	Other	Other	Other	Other	Other	Other	Other
EU277647.1_57_1244_1	1708	583	0.076580895	TRUE	5.657990252	665	5.619699804	215.6756757	Mustela_putorious_associated	ncbi	Mustelid	Other	Mustela_putorious_associated	Mustela_putorious_associated	EU277647.1	Other	Other	Other	Other	Other	Other	Other	Other	Other	Other	Other	Other	Other	Other	Other	Other	Other	Other	Other	Other	Other	Other	Other	Other	Other	Other	Other	Other	Other	Other	Other	Other	Other	Other	Other	Other	Other	Other	Other	Other	Other	Other	Other	Other	Other	Other
KC858264.1_57_1247_1	2018	891	0.088990086	TRUE	5.284016338	196	5.239521294	63.56756757	Eptesicus_serotinus _associated	ncbi	Bat	Bat	Eptesicus_serotinus _associated	Eptesicus_serotinus _associated	KC858264.1	Other	Other	Other	Other	Other	Other	Other	Other	Other	Other	Other	Other	Other	Other	Other	Other	Other	Other	Other	Other	Other	Other	Other	Other	Other	Other	Other	Other	Other	Other	Other	Other	Other	Other	Other	Other	Other	Other	Other	Other	Other	Other	Other	Other	Other	Other
KF857586.1_96_1286_1	1573	441	0.440415434	TRUE	6.128213858	849	5.908006141	275.3513514	Treisetapapillomavirus	ncbi	Vulpine	Other	Vulpes_vulpes	Vulpes_vulpes_associated	KF857586.1	Other	Other	Other	Other	Other	Other	Other	Other	Other	Other	Other	Other	Other	Other	Other	Other	Other	Other	Other	Other	Other	Other	Other	Other	Other	Other	Other	Other	Other	Other	Other	Other	Other	Other	Other	Other	Other	Other	Other	Other	Other	Other	Other	Other	Other	Other
KP769769.1_78_1268_1	1838	714	0.062197465	TRUE	5.301927092	241	5.270828359	78.16216216	Mupapillomavirus	ncbi	Human	Human	Mupapillomavirus	Human_associated	KP769769.1	Other	Other	Other	Other	Other	Other	Other	Other	Other	Other	Other	Other	Other	Other	Other	Other	Other	Other	Other	Other	Other	Other	Other	Other	Other	Other	Other	Other	Other	Other	Other	Other	Other	Other	Other	Other	Other	Other	Other	Other	Other	Other	Other	Other	Other	Other
HQ293213.1_45_1235_1	2027	904	0.469451102	TRUE	5.322831268	203	5.088105717	65.83783784	Dyonupapillomavirus	ncbi	Pinnipeds	Other	Zalophus_californianus	Zalophus_californianus_associated	HQ293213.1	Other	Other	Other	Other	Other	Other	Other	Other	Other	Other	Other	Other	Other	Other	Other	Other	Other	Other	Other	Other	Other	Other	Other	Other	Other	Other	Other	Other	Other	Other	Other	Other	Other	Other	Other	Other	Other	Other	Other	Other	Other	Other	Other	Other	Other	Other
HQ625440.1_174_1364_1	1618	486	0.103450969	TRUE	5.56211953	807	5.510394045	261.7297297	Pipapillomavirus	ncbi	Rodent	Rodent	Apodemus_sylvaticus	Apodemus_sylvaticus_associated	HQ625440.1	Other	Other	Other	Other	Other	Other	Other	Other	Other	Other	Other	Other	Other	Other	Other	Other	Other	Other	Other	Other	Other	Other	Other	Other	Other	Other	Other	Other	Other	Other	Other	Other	Other	Other	Other	Other	Other	Other	Other	Other	Other	Other	Other	Other	Other	Other
JB775979.1_123_1313_1	NA	NA	NA	NA	NA	NA	NA	NA	NA	NA	NA	NA	NA	NA	NA	NA	NA	NA	NA	NA	NA	NA	NA	NA	NA	NA	NA	NA	NA	NA	NA	NA	NA	NA	NA	NA	NA	NA	NA	NA	NA	NA	NA	NA	NA	NA	NA	NA	NA	NA	NA	NA	NA	NA	NA	NA	NA	NA	NA	NA	NA
OR952828.1_36_1223_1	1965	840	0.274954057	TRUE	5.68664908	337	5.549172052	109.2972973	Scotophilus_kuhlii_associated	ncbi	Bat	Bat	Scotophilus_kuhlii_associated	Scotophilus_kuhlii_associated	OR952828.1	Other	Other	Other	Other	Other	Other	Other	Other	Other	Other	Other	Other	Other	Other	Other	Other	Other	Other	Other	Other	Other	Other	Other	Other	Other	Other	Other	Other	Other	Other	Other	Other	Other	Other	Other	Other	Other	Other	Other	Other	Other	Other	Other	Other	Other	Other
OR952776.1_150_1337_1	2021	897	0.258756909	TRUE	5.262050072	192	5.132671618	62.27027027	Scotophilus_kuhlii_associated	ncbi	Bat	Bat	Scotophilus_kuhlii_associated	Scotophilus_kuhlii_associated	OR952776.1	Other	Other	Other	Other	Other	Other	Other	Other	Other	Other	Other	Other	Other	Other	Other	Other	Other	Other	Other	Other	Other	Other	Other	Other	Other	Other	Other	Other	Other	Other	Other	Other	Other	Other	Other	Other	Other	Other	Other	Other	Other	Other	Other	Other	Other	Other
MK620336.1_54_1241_1	2135	1014	0.061952713	TRUE	5.106575929	92	5.075599572	29.83783784	Rissa_tridactyla_associated	ncbi	Avian	Avian	Rissa_tridactyla_associated	Rissa_tridactyla_associated	MK620336.1	Other	Other	Other	Other	Other	Other	Other	Other	Other	Other	Other	Other	Other	Other	Other	Other	Other	Other	Other	Other	Other	Other	Other	Other	Other	Other	Other	Other	Other	Other	Other	Other	Other	Other	Other	Other	Other	Other	Other	Other	Other	Other	Other	Other	Other	Other
OR952914.1_78_1265_1	NA	NA	NA	NA	NA	NA	NA	NA	NA	NA	NA	NA	NA	NA	NA	NA	NA	NA	NA	NA	NA	NA	NA	NA	NA	NA	NA	NA	NA	NA	NA	NA	NA	NA	NA	NA	NA	NA	NA	NA	NA	NA	NA	NA	NA	NA	NA	NA	NA	NA	NA	NA	NA	NA	NA	NA	NA	NA	NA	NA	NA
OR952901.1_108_1295_1	1945	816	0.067869588	TRUE	5.682675244	322	5.64874045	104.4324324	Rhinolophus_ferrumequinum_associated	ncbi	Bat	Bat	Rhinolophus_ferrumequinum_associated	Rhinolophus_ferrumequinum_associated	OR952901.1	Other	Other	Other	Other	Other	Other	Other	Other	Other	Other	Other	Other	Other	Other	Other	Other	Other	Other	Other	Other	Other	Other	Other	Other	Other	Other	Other	Other	Other	Other	Other	Other	Other	Other	Other	Other	Other	Other	Other	Other	Other	Other	Other	Other	Other	Other
MH892425.1_78_1268_1	NA	NA	NA	NA	NA	NA	NA	NA	NA	NA	NA	NA	NA	NA	NA	NA	NA	NA	NA	NA	NA	NA	NA	NA	NA	NA	NA	NA	NA	NA	NA	NA	NA	NA	NA	NA	NA	NA	NA	NA	NA	NA	NA	NA	NA	NA	NA	NA	NA	NA	NA	NA	NA	NA	NA	NA	NA	NA	NA	NA	NA
KF741371.1_78_1277_1	1915	788	0.765107157	TRUE	6.890359785	383	6.507806207	124.2162162	Dyochipapillomavirus	ncbi	Equine	Equine	Equus_asinus	Equus_asinus_associated	KF741371.1	Other	Other	Other	Other	Other	Other	Other	Other	Other	Other	Other	Other	Other	Other	Other	Other	Other	Other	Other	Other	Other	Other	Other	Other	Other	Other	Other	Other	Other	Other	Other	Other	Other	Other	Other	Other	Other	Other	Other	Other	Other	Other	Other	Other	Other	Other
KF791917.1_135_1334_1	1399	252	0.104613565	TRUE	6.952555583	1083	6.9002488	351.2432432	Human_associated	ncbi	Human	Human	Human_associated	Human_associated	KF791917.1	Other	Other	Other	Other	Other	Other	Other	Other	Other	Other	Other	Other	Other	Other	Other	Other	Other	Other	Other	Other	Other	Other	Other	Other	Other	Other	Other	Other	Other	Other	Other	Other	Other	Other	Other	Other	Other	Other	Other	Other	Other	Other	Other	Other	Other	Other
MF588718.1_75_1274_1	1322	184	0.123591521	TRUE	6.340495282	958	6.278699521	310.7027027	Gammapapillomavirus	ncbi	Human	Human	Gammapapillomavirus	Human_associated	MF588718.1	Other	Other	Other	Other	Other	Other	Other	Other	Other	Other	Other	Other	Other	Other	Other	Other	Other	Other	Other	Other	Other	Other	Other	Other	Other	Other	Other	Other	Other	Other	Other	Other	Other	Other	Other	Other	Other	Other	Other	Other	Other	Other	Other	Other	Other	Other
GU117632.1_72_1271_1	1322	183	0.100875319	TRUE	6.317779079	957	6.26734142	310.3783784	Gammapapillomavirus	ncbi	Human	Human	Gammapapillomavirus	Human_associated	GU117632.1	Other	Other	Other	Other	Other	Other	Other	Other	Other	Other	Other	Other	Other	Other	Other	Other	Other	Other	Other	Other	Other	Other	Other	Other	Other	Other	Other	Other	Other	Other	Other	Other	Other	Other	Other	Other	Other	Other	Other	Other	Other	Other	Other	Other	Other	Other
HM999989.1_123_1322_1	1479	339	0.089544964	TRUE	6.921323243	1029	6.876550761	333.7297297	Gammapapillomavirus	ncbi	Human	Human	Gammapapillomavirus	Human_associated	HM999989.1	Other	Other	Other	Other	Other	Other	Other	Other	Other	Other	Other	Other	Other	Other	Other	Other	Other	Other	Other	Other	Other	Other	Other	Other	Other	Other	Other	Other	Other	Other	Other	Other	Other	Other	Other	Other	Other	Other	Other	Other	Other	Other	Other	Other	Other	Other
KC810012.1_57_1256_1	1761	636	0.198997497	TRUE	5.627902893	635	5.528404145	205.9459459	Xipapillomavirus	ncbi	Cervine	Cervine	Rangifer_tarandus	Rangifer_tarandus_associated	KC810012.1	Other	Other	Other	Other	Other	Other	Other	Other	Other	Other	Other	Other	Other	Other	Other	Other	Other	Other	Other	Other	Other	Other	Other	Other	Other	Other	Other	Other	Other	Other	Other	Other	Other	Other	Other	Other	Other	Other	Other	Other	Other	Other	Other	Other	Other	Other
OR952855.1_81_1265_1	1901	773	0.059149811	TRUE	5.933355076	404	5.90378017	131.027027	Hipposideros_larvatus_associated	ncbi	Bat	Bat	Hipposideros_larvatus_associated	Hipposideros_larvatus_associated	OR952855.1	Other	Other	Other	Other	Other	Other	Other	Other	Other	Other	Other	Other	Other	Other	Other	Other	Other	Other	Other	Other	Other	Other	Other	Other	Other	Other	Other	Other	Other	Other	Other	Other	Other	Other	Other	Other	Other	Other	Other	Other	Other	Other	Other	Other	Other	Other
OR952821.1_51_1235_1	1978	849	0.110410936	TRUE	5.910892327	364	5.855686859	118.0540541	Tylonycteris_pachypus_associated	ncbi	Bat	Bat	Tylonycteris_pachypus_associated	Tylonycteris_pachypus_associated	OR952821.1	Other	Other	Other	Other	Other	Other	Other	Other	Other	Other	Other	Other	Other	Other	Other	Other	Other	Other	Other	Other	Other	Other	Other	Other	Other	Other	Other	Other	Other	Other	Other	Other	Other	Other	Other	Other	Other	Other	Other	Other	Other	Other	Other	Other	Other	Other
OR952813.1_60_1244_1	2020	895	0.159666301	TRUE	5.481305324	200	5.401472173	64.86486486	Tylonycteris_pachypus_associated	ncbi	Bat	Bat	Tylonycteris_pachypus_associated	Tylonycteris_pachypus_associated	OR952813.1	Other	Other	Other	Other	Other	Other	Other	Other	Other	Other	Other	Other	Other	Other	Other	Other	Other	Other	Other	Other	Other	Other	Other	Other	Other	Other	Other	Other	Other	Other	Other	Other	Other	Other	Other	Other	Other	Other	Other	Other	Other	Other	Other	Other	Other	Other
MF588744.1_93_1292_1	1433	296	0.171182621	TRUE	6.535397339	1060	6.449806028	343.7837838	Gammapapillomavirus	ncbi	Human	Human	Gammapapillomavirus	Human_associated	MF588744.1	Other	Other	Other	Other	Other	Other	Other	Other	Other	Other	Other	Other	Other	Other	Other	Other	Other	Other	Other	Other	Other	Other	Other	Other	Other	Other	Other	Other	Other	Other	Other	Other	Other	Other	Other	Other	Other	Other	Other	Other	Other	Other	Other	Other	Other	Other
MF588767.1_72_1271_1	1342	203	0.138215076	TRUE	6.301325189	962	6.232217651	312	Gammapapillomavirus	ncbi	Human	Human	Gammapapillomavirus	Human_associated	MF588767.1	Other	Other	Other	Other	Other	Other	Other	Other	Other	Other	Other	Other	Other	Other	Other	Other	Other	Other	Other	Other	Other	Other	Other	Other	Other	Other	Other	Other	Other	Other	Other	Other	Other	Other	Other	Other	Other	Other	Other	Other	Other	Other	Other	Other	Other	Other
MH777287.2_141_1340_1	1400	259	0.178615177	TRUE	6.781892823	1075	6.692585234	348.6486486	Human_associated	ncbi	Human	Human	Human_associated	Human_associated	MH777287.2	Other	Other	Other	Other	Other	Other	Other	Other	Other	Other	Other	Other	Other	Other	Other	Other	Other	Other	Other	Other	Other	Other	Other	Other	Other	Other	Other	Other	Other	Other	Other	Other	Other	Other	Other	Other	Other	Other	Other	Other	Other	Other	Other	Other	Other	Other
HW350049.1_129_1310_1	1178	43	0.143255406	TRUE	5.909871897	564	5.838244194	182.9189189	Alphapapillomavirus	ncbi	Human	Human	Alphapapillomavirus	Human_associated	HW350049.1	Other	Other	Other	Other	Other	Other	Other	Other	Other	Other	Other	Other	Other	Other	Other	Other	Other	Other	Other	Other	Other	Other	Other	Other	Other	Other	Other	Other	Other	Other	Other	Other	Other	Other	Other	Other	Other	Other	Other	Other	Other	Other	Other	Other	Other	Other
MF588745.1_90_1292_1	NA	NA	NA	NA	NA	NA	NA	NA	NA	NA	NA	NA	NA	NA	NA	NA	NA	NA	NA	NA	NA	NA	NA	NA	NA	NA	NA	NA	NA	NA	NA	NA	NA	NA	NA	NA	NA	NA	NA	NA	NA	NA	NA	NA	NA	NA	NA	NA	NA	NA	NA	NA	NA	NA	NA	NA	NA	NA	NA	NA	NA
DQ080083.1_540_1721_1	1145	11	0.099730182	TRUE	6.016495717	553	5.966630626	179.3513514	Alphapapillomavirus	ncbi	Human	Human	Alphapapillomavirus	Human_associated	DQ080083.1	Other	Other	Other	Other	Other	Other	Other	Other	Other	Other	Other	Other	Other	Other	Other	Other	Other	Other	Other	Other	Other	Other	Other	Other	Other	Other	Other	Other	Other	Other	Other	Other	Other	Other	Other	Other	Other	Other	Other	Other	Other	Other	Other	Other	Other	Other
KX276957.1_117_1319_1	2061	946	0.73898819	TRUE	5.616075457	125	5.246581362	40.54054054	Eidolon_helvum_associated	ncbi	Bat	Bat	Eidolon_helvum_associated	Eidolon_helvum_associated	KX276957.1	Other	Other	Other	Other	Other	Other	Other	Other	Other	Other	Other	Other	Other	Other	Other	Other	Other	Other	Other	Other	Other	Other	Other	Other	Other	Other	Other	Other	Other	Other	Other	Other	Other	Other	Other	Other	Other	Other	Other	Other	Other	Other	Other	Other	Other	Other
LR862055.1_237_1439_1	1480	352	0.451395639	TRUE	6.519010726	1002	6.293312907	324.972973	Human_associated	ncbi	Human	Human	Human_associated	Human_associated	LR862055.1	Other	Other	Other	Other	Other	Other	Other	Other	Other	Other	Other	Other	Other	Other	Other	Other	Other	Other	Other	Other	Other	Other	Other	Other	Other	Other	Other	Other	Other	Other	Other	Other	Other	Other	Other	Other	Other	Other	Other	Other	Other	Other	Other	Other	Other	Other
MF588728.1_123_1325_1	1477	340	0.098066423	TRUE	6.694994103	1026	6.645960891	332.7567568	Gammapapillomavirus	ncbi	Human	Human	Gammapapillomavirus	Human_associated	MF588728.1	Other	Other	Other	Other	Other	Other	Other	Other	Other	Other	Other	Other	Other	Other	Other	Other	Other	Other	Other	Other	Other	Other	Other	Other	Other	Other	Other	Other	Other	Other	Other	Other	Other	Other	Other	Other	Other	Other	Other	Other	Other	Other	Other	Other	Other	Other
AF227240.1_51_1232_1	1836	710	0.251700445	TRUE	5.283740012	246	5.157889789	79.78378378	Kappapapillomavirus	ncbi	Lapine	Other	Oryctolagus_cuniculus	Oryctolagus_cuniculus_associated	AF227240.1	Other	Other	Other	Other	Other	Other	Other	Other	Other	Other	Other	Other	Other	Other	Other	Other	Other	Other	Other	Other	Other	Other	Other	Other	Other	Other	Other	Other	Other	Other	Other	Other	Other	Other	Other	Other	Other	Other	Other	Other	Other	Other	Other	Other	Other	Other
FJ379293.1_51_1250_1	1631	506	0.033939296	TRUE	5.303776578	744	5.28680693	241.2972973	Dyoetapapillomavirus	ncbi	Insectivore	Other	Erinaceus_europaeus	Erinaceus_europaeus_associated	FJ379293.1	Other	Other	Other	Other	Other	Other	Other	Other	Other	Other	Other	Other	Other	Other	Other	Other	Other	Other	Other	Other	Other	Other	Other	Other	Other	Other	Other	Other	Other	Other	Other	Other	Other	Other	Other	Other	Other	Other	Other	Other	Other	Other	Other	Other	Other	Other
GU117622.1_114_1313_1	1711	596	0.467082926	TRUE	5.837723377	591	5.604181914	191.6756757	Upsilonpapillomavirus	ncbi	Cetacean	Cetacean	Phocoena_phocoena	Phocoena_phocoena_associated	GU117622.1	Other	Other	Other	Other	Other	Other	Other	Other	Other	Other	Other	Other	Other	Other	Other	Other	Other	Other	Other	Other	Other	Other	Other	Other	Other	Other	Other	Other	Other	Other	Other	Other	Other	Other	Other	Other	Other	Other	Other	Other	Other	Other	Other	Other	Other	Other
MH777347.2_72_1274_1	1327	185	0.166914331	TRUE	6.599537775	974	6.51608061	315.8918919	Human_associated	ncbi	Human	Human	Human_associated	Human_associated	MH777347.2	Other	Other	Other	Other	Other	Other	Other	Other	Other	Other	Other	Other	Other	Other	Other	Other	Other	Other	Other	Other	Other	Other	Other	Other	Other	Other	Other	Other	Other	Other	Other	Other	Other	Other	Other	Other	Other	Other	Other	Other	Other	Other	Other	Other	Other	Other
MW428427.1_69_1271_1	1760	634	0.130123881	TRUE	5.73770802	637	5.67264608	206.5945946	Bos_taurus_associated	ncbi	Cattle	Bovine	Bos_taurus_associated	Bos_taurus_associated	MW428427.1	Other	Other	Other	Other	Other	Other	Other	Other	Other	Other	Other	Other	Other	Other	Other	Other	Other	Other	Other	Other	Other	Other	Other	Other	Other	Other	Other	Other	Other	Other	Other	Other	Other	Other	Other	Other	Other	Other	Other	Other	Other	Other	Other	Other	Other	Other
NC_001693.1_132_1334_1	1434	301	0.347814181	TRUE	6.114591574	1053	5.940684483	341.5135135	Gammapapillomavirus	ncbi	Human	Human	Gammapapillomavirus	Human_associated	NC	Other	Other	Other	Other	Other	Other	Other	Other	Other	Other	Other	Other	Other	Other	Other	Other	Other	Other	Other	Other	Other	Other	Other	Other	Other	Other	Other	Other	Other	Other	Other	Other	Other	Other	Other	Other	Other	Other	Other	Other	Other	Other	Other	Other	Other	Other
MK620332.1_75_1271_1	NA	NA	NA	NA	NA	NA	NA	NA	NA	NA	NA	NA	NA	NA	NA	NA	NA	NA	NA	NA	NA	NA	NA	NA	NA	NA	NA	NA	NA	NA	NA	NA	NA	NA	NA	NA	NA	NA	NA	NA	NA	NA	NA	NA	NA	NA	NA	NA	NA	NA	NA	NA	NA	NA	NA	NA	NA	NA	NA	NA	NA
MF564196.1_66_1250_1	2151	1035	0.329890394	TRUE	4.745303115	76	4.580357918	24.64864865	Etapapillomavirus	ncbi	Avian	Avian	Serinus_canaria	Serinus_canaria_associated	MF564196.1	Other	Other	Other	Other	Other	Other	Other	Other	Other	Other	Other	Other	Other	Other	Other	Other	Other	Other	Other	Other	Other	Other	Other	Other	Other	Other	Other	Other	Other	Other	Other	Other	Other	Other	Other	Other	Other	Other	Other	Other	Other	Other	Other	Other	Other	Other
OR952785.1_84_1280_1	1880	752	0.074301423	TRUE	5.849783207	430	5.812632496	139.4594595	Rhinolophus_pusillus_associated	ncbi	Bat	Bat	Rhinolophus_pusillus_associated	Rhinolophus_pusillus_associated	OR952785.1	Other	Other	Other	Other	Other	Other	Other	Other	Other	Other	Other	Other	Other	Other	Other	Other	Other	Other	Other	Other	Other	Other	Other	Other	Other	Other	Other	Other	Other	Other	Other	Other	Other	Other	Other	Other	Other	Other	Other	Other	Other	Other	Other	Other	Other	Other
MF588775.1_138_1334_1	1393	260	0.119688202	TRUE	6.578082426	1074	6.518238325	348.3243243	Gammapapillomavirus	ncbi	Human	Human	Gammapapillomavirus	Human_associated	MF588775.1	Other	Other	Other	Other	Other	Other	Other	Other	Other	Other	Other	Other	Other	Other	Other	Other	Other	Other	Other	Other	Other	Other	Other	Other	Other	Other	Other	Other	Other	Other	Other	Other	Other	Other	Other	Other	Other	Other	Other	Other	Other	Other	Other	Other	Other	Other
MG571095.1_93_1289_1	1781	659	0.558285396	TRUE	5.1910432	451	4.911900501	146.2702703	Leptonychotes_weddellii_associated	ncbi	Pinnipeds	Other	Leptonychotes_weddellii_associated	Leptonychotes_weddellii_associated	MG571095.1	Other	Other	Other	Other	Other	Other	Other	Other	Other	Other	Other	Other	Other	Other	Other	Other	Other	Other	Other	Other	Other	Other	Other	Other	Other	Other	Other	Other	Other	Other	Other	Other	Other	Other	Other	Other	Other	Other	Other	Other	Other	Other	Other	Other	Other	Other
MH777244.2_96_1292_1	1341	201	0.175090058	TRUE	6.344166567	960	6.256621538	311.3513514	Human_associated	ncbi	Human	Human	Human_associated	Human_associated	MH777244.2	Other	Other	Other	Other	Other	Other	Other	Other	Other	Other	Other	Other	Other	Other	Other	Other	Other	Other	Other	Other	Other	Other	Other	Other	Other	Other	Other	Other	Other	Other	Other	Other	Other	Other	Other	Other	Other	Other	Other	Other	Other	Other	Other	Other	Other	Other
KJ410351.1_132_1316_1	1797	667	0.283215082	TRUE	5.682710685	252	5.541103145	81.72972973	Lambdapapillomavirus	ncbi	Mustelid	Other	Enhydra_lutris	Enhydra_lutris_associated	KJ410351.1	Other	Other	Other	Other	Other	Other	Other	Other	Other	Other	Other	Other	Other	Other	Other	Other	Other	Other	Other	Other	Other	Other	Other	Other	Other	Other	Other	Other	Other	Other	Other	Other	Other	Other	Other	Other	Other	Other	Other	Other	Other	Other	Other	Other	Other	Other
JQ754321.1_180_1364_1	NA	NA	NA	NA	NA	NA	NA	NA	NA	NA	NA	NA	NA	NA	NA	NA	NA	NA	NA	NA	NA	NA	NA	NA	NA	NA	NA	NA	NA	NA	NA	NA	NA	NA	NA	NA	NA	NA	NA	NA	NA	NA	NA	NA	NA	NA	NA	NA	NA	NA	NA	NA	NA	NA	NA	NA	NA	NA	NA	NA	NA
JN709473.1_135_1319_1	2023	903	0.455219095	TRUE	5.457898057	188	5.23028851	60.97297297	Rhopapillomavirus	ncbi	Manatee	Other	Trichechus_manatus	Trichechus_manatus_associated	JN709473.1	Other	Other	Other	Other	Other	Other	Other	Other	Other	Other	Other	Other	Other	Other	Other	Other	Other	Other	Other	Other	Other	Other	Other	Other	Other	Other	Other	Other	Other	Other	Other	Other	Other	Other	Other	Other	Other	Other	Other	Other	Other	Other	Other	Other	Other	Other
LC514113.1_75_1259_1	1754	622	0.114588167	TRUE	5.83179855	647	5.774504467	209.8378378	Xipapillomavirus	ncbi	Cattle	Bovine	Bos_taurus	Bos_taurus_associated	LC514113.1	Other	Other	Other	Other	Other	Other	Other	Other	Other	Other	Other	Other	Other	Other	Other	Other	Other	Other	Other	Other	Other	Other	Other	Other	Other	Other	Other	Other	Other	Other	Other	Other	Other	Other	Other	Other	Other	Other	Other	Other	Other	Other	Other	Other	Other	Other
KX954132.1_69_1253_1	2074	952	0.286497348	TRUE	5.826972554	146	5.68372388	47.35135135	Deltapapillomavirus	ncbi	Giraffid	Other	Giraffa_camelopardalis	Giraffa_camelopardalis	KX954132.1	Other	Other	Other	Other	Other	Other	Other	Other	Other	Other	Other	Other	Other	Other	Other	Other	Other	Other	Other	Other	Other	Other	Other	Other	Other	Other	Other	Other	Other	Other	Other	Other	Other	Other	Other	Other	Other	Other	Other	Other	Other	Other	Other	Other	Other	Other
KU519391.1_54_1238_1	2049	926	0.660779108	TRUE	5.881618438	182	5.551228884	59.02702703	Dyokappapapillomavirus	ncbi	Cattle	Bovine	Bos_taurus	Bos_taurus_associated	KU519391.1	Other	Other	Other	Other	Other	Other	Other	Other	Other	Other	Other	Other	Other	Other	Other	Other	Other	Other	Other	Other	Other	Other	Other	Other	Other	Other	Other	Other	Other	Other	Other	Other	Other	Other	Other	Other	Other	Other	Other	Other	Other	Other	Other	Other	Other	Other
HQ585856.1_120_1316_1	1808	677	0.544825632	TRUE	6.378102989	267	6.105690173	86.59459459	Lambdapapillomavirus	ncbi	Hyena	Other	Crocuta_crocuta	Crocuta_crocuta_associated	HQ585856.1	Other	Other	Other	Other	Other	Other	Other	Other	Other	Other	Other	Other	Other	Other	Other	Other	Other	Other	Other	Other	Other	Other	Other	Other	Other	Other	Other	Other	Other	Other	Other	Other	Other	Other	Other	Other	Other	Other	Other	Other	Other	Other	Other	Other	Other	Other
JX123128.1_252_1448_1	1937	813	0.527067305	TRUE	5.774145608	309	5.510611955	100.2162162	Eidolon_helvum_associated	ncbi	Bat	Bat	Eidolon_helvum_associated	Eidolon_helvum_associated	JX123128.1	Other	Other	Other	Other	Other	Other	Other	Other	Other	Other	Other	Other	Other	Other	Other	Other	Other	Other	Other	Other	Other	Other	Other	Other	Other	Other	Other	Other	Other	Other	Other	Other	Other	Other	Other	Other	Other	Other	Other	Other	Other	Other	Other	Other	Other	Other
JX413109.1_90_1286_1	1361	222	0.247855649	TRUE	6.579519156	930	6.455591332	301.6216216	Gammapapillomavirus	ncbi	Human	Human	Gammapapillomavirus	Human_associated	JX413109.1	Other	Other	Other	Other	Other	Other	Other	Other	Other	Other	Other	Other	Other	Other	Other	Other	Other	Other	Other	Other	Other	Other	Other	Other	Other	Other	Other	Other	Other	Other	Other	Other	Other	Other	Other	Other	Other	Other	Other	Other	Other	Other	Other	Other	Other	Other
OP376965.1_108_1307_1	1604	476	0.339119283	TRUE	5.415757596	811	5.246197955	263.027027	Varecia_variegata_asociated	ncbi	Non-human Primate	Non-human Primate	Varecia_variegata_asociated	Varecia_variegata_asociated	OP376965.1	Other	Other	Other	Other	Other	Other	Other	Other	Other	Other	Other	Other	Other	Other	Other	Other	Other	Other	Other	Other	Other	Other	Other	Other	Other	Other	Other	Other	Other	Other	Other	Other	Other	Other	Other	Other	Other	Other	Other	Other	Other	Other	Other	Other	Other	Other
OR952899.1_198_1397_1	1871	735	0.110643676	TRUE	6.187897781	439	6.132575944	142.3783784	Rhinolophus_pusillus_associated	ncbi	Bat	Bat	Rhinolophus_pusillus_associated	Rhinolophus_pusillus_associated	OR952899.1	Other	Other	Other	Other	Other	Other	Other	Other	Other	Other	Other	Other	Other	Other	Other	Other	Other	Other	Other	Other	Other	Other	Other	Other	Other	Other	Other	Other	Other	Other	Other	Other	Other	Other	Other	Other	Other	Other	Other	Other	Other	Other	Other	Other	Other	Other
DQ366842.1_138_1334_1	2064	943	0.238705743	TRUE	5.520491133	128	5.401138262	41.51351351	Rousettus_aegyptiacus_associated	ncbi	Bat	Bat	Rousettus_aegyptiacus_associated	Rousettus_aegyptiacus_associated	DQ366842.1	Other	Other	Other	Other	Other	Other	Other	Other	Other	Other	Other	Other	Other	Other	Other	Other	Other	Other	Other	Other	Other	Other	Other	Other	Other	Other	Other	Other	Other	Other	Other	Other	Other	Other	Other	Other	Other	Other	Other	Other	Other	Other	Other	Other	Other	Other
LC500686.1_90_1286_1	1736	629	0.209601574	TRUE	5.569684656	641	5.464883869	207.8918919	Xipapillomavirus	ncbi	Cattle	Bovine	Bos_taurus	Bos_taurus_associated	LC500686.1	Other	Other	Other	Other	Other	Other	Other	Other	Other	Other	Other	Other	Other	Other	Other	Other	Other	Other	Other	Other	Other	Other	Other	Other	Other	Other	Other	Other	Other	Other	Other	Other	Other	Other	Other	Other	Other	Other	Other	Other	Other	Other	Other	Other	Other	Other
MF588682.1_90_1286_1	1690	552	0.123185046	TRUE	6.005749347	737	5.944156824	239.027027	Betapapillomavirus	ncbi	Human	Human	Betapapillomavirus	Human_associated	MF588682.1	Other	Other	Other	Other	Other	Other	Other	Other	Other	Other	Other	Other	Other	Other	Other	Other	Other	Other	Other	Other	Other	Other	Other	Other	Other	Other	Other	Other	Other	Other	Other	Other	Other	Other	Other	Other	Other	Other	Other	Other	Other	Other	Other	Other	Other	Other
MF588717.1_69_1265_1	1319	179	0.095256355	TRUE	6.296679739	953	6.249051562	309.0810811	Gammapapillomavirus	ncbi	Human	Human	Gammapapillomavirus	Human_associated	MF588717.1	Other	Other	Other	Other	Other	Other	Other	Other	Other	Other	Other	Other	Other	Other	Other	Other	Other	Other	Other	Other	Other	Other	Other	Other	Other	Other	Other	Other	Other	Other	Other	Other	Other	Other	Other	Other	Other	Other	Other	Other	Other	Other	Other	Other	Other	Other
KU519392.1_102_1298_1	1765	641	0.125998724	TRUE	5.81722006	631	5.754220698	204.6486486	Xipapillomavirus	ncbi	Cattle	Bovine	Bos_taurus	Bos_taurus_associated	KU519392.1	Other	Other	Other	Other	Other	Other	Other	Other	Other	Other	Other	Other	Other	Other	Other	Other	Other	Other	Other	Other	Other	Other	Other	Other	Other	Other	Other	Other	Other	Other	Other	Other	Other	Other	Other	Other	Other	Other	Other	Other	Other	Other	Other	Other	Other	Other
KU519394.1_54_1250_1	1603	475	0.431694311	TRUE	5.803789518	810	5.587942362	262.7027027	Dyoxipapillomavirus	ncbi	Cattle	Bovine	Bos_taurus	Bos_taurus_associated	KU519394.1	Other	Other	Other	Other	Other	Other	Other	Other	Other	Other	Other	Other	Other	Other	Other	Other	Other	Other	Other	Other	Other	Other	Other	Other	Other	Other	Other	Other	Other	Other	Other	Other	Other	Other	Other	Other	Other	Other	Other	Other	Other	Other	Other	Other	Other	Other
KY817993.1_273_1469_1	1781	658	0.505893314	TRUE	5.138651117	450	4.88570446	145.9459459	Sus_scrofa_associated	ncbi	Porcine	Porcine	Sus_scrofa_associated	Sus_scrofa_associated	KY817993.1	Other	Other	Other	Other	Other	Other	Other	Other	Other	Other	Other	Other	Other	Other	Other	Other	Other	Other	Other	Other	Other	Other	Other	Other	Other	Other	Other	Other	Other	Other	Other	Other	Other	Other	Other	Other	Other	Other	Other	Other	Other	Other	Other	Other	Other	Other
MH172379.1_90_1298_1	1370	231	0.172575023	TRUE	6.530147157	922	6.443859646	299.027027	Human_associated	ncbi	Human	Human	Human_associated	Human_associated	MH172379.1	Other	Other	Other	Other	Other	Other	Other	Other	Other	Other	Other	Other	Other	Other	Other	Other	Other	Other	Other	Other	Other	Other	Other	Other	Other	Other	Other	Other	Other	Other	Other	Other	Other	Other	Other	Other	Other	Other	Other	Other	Other	Other	Other	Other	Other	Other
NC_001690.1_69_1286_1	1353	217	0.084039526	TRUE	6.456854952	947	6.414835189	307.1351351	Gammapapillomavirus	ncbi	Human	Human	Gammapapillomavirus	Human_associated	NC	Other	Other	Other	Other	Other	Other	Other	Other	Other	Other	Other	Other	Other	Other	Other	Other	Other	Other	Other	Other	Other	Other	Other	Other	Other	Other	Other	Other	Other	Other	Other	Other	Other	Other	Other	Other	Other	Other	Other	Other	Other	Other	Other	Other	Other	Other
KT945134.1_117_1292_1	NA	NA	NA	NA	NA	NA	NA	NA	NA	NA	NA	NA	NA	NA	NA	NA	NA	NA	NA	NA	NA	NA	NA	NA	NA	NA	NA	NA	NA	NA	NA	NA	NA	NA	NA	NA	NA	NA	NA	NA	NA	NA	NA	NA	NA	NA	NA	NA	NA	NA	NA	NA	NA	NA	NA	NA	NA	NA	NA	NA	NA
M11910.1_87_1262_1	2081	959	0.234017992	TRUE	5.725493153	148	5.608484157	48	Deltapapillomavirus	ncbi	Cervine	Cervine	Odocoileus_virginianus	Odocoileus_virginianus_associated	M11910.1	Other	Other	Other	Other	Other	Other	Other	Other	Other	Other	Other	Other	Other	Other	Other	Other	Other	Other	Other	Other	Other	Other	Other	Other	Other	Other	Other	Other	Other	Other	Other	Other	Other	Other	Other	Other	Other	Other	Other	Other	Other	Other	Other	Other	Other	Other
MH285953.1_72_1247_1	1289	156	0.128576109	TRUE	6.141357135	783	6.07706908	253.9459459	Taupapillomavirus	ncbi	Canine	Canine	Canis_familiaris	Canis_familiaris_associated	MH285953.1	Other	Other	Other	Other	Other	Other	Other	Other	Other	Other	Other	Other	Other	Other	Other	Other	Other	Other	Other	Other	Other	Other	Other	Other	Other	Other	Other	Other	Other	Other	Other	Other	Other	Other	Other	Other	Other	Other	Other	Other	Other	Other	Other	Other	Other	Other
MF327538.1_108_1283_1	1795	664	0.405961429	TRUE	5.909246598	250	5.706265884	81.08108108	Dyonupapillomavirus	ncbi	Ursine	Other	Ailuropoda_melanoleuca	Ailuropoda_melanoleuca_associated	MF327538.1	Other	Other	Other	Other	Other	Other	Other	Other	Other	Other	Other	Other	Other	Other	Other	Other	Other	Other	Other	Other	Other	Other	Other	Other	Other	Other	Other	Other	Other	Other	Other	Other	Other	Other	Other	Other	Other	Other	Other	Other	Other	Other	Other	Other	Other	Other
KT852571.1_114_1289_1	2100	991	0.654677171	TRUE	5.845562698	131	5.518224113	42.48648649	Rus_timorensis_associated	ncbi	Cervine	Cervine	Rus_timorensis_associated	Rus_timorensis_associated	KT852571.1	Other	Other	Other	Other	Other	Other	Other	Other	Other	Other	Other	Other	Other	Other	Other	Other	Other	Other	Other	Other	Other	Other	Other	Other	Other	Other	Other	Other	Other	Other	Other	Other	Other	Other	Other	Other	Other	Other	Other	Other	Other	Other	Other	Other	Other	Other
GU233853.1_105_1319_1	1458	314	0.098844828	TRUE	6.671841276	1037	6.622418862	336.3243243	Gammapapillomavirus	ncbi	Human	Human	Gammapapillomavirus	Human_associated	GU233853.1	Other	Other	Other	Other	Other	Other	Other	Other	Other	Other	Other	Other	Other	Other	Other	Other	Other	Other	Other	Other	Other	Other	Other	Other	Other	Other	Other	Other	Other	Other	Other	Other	Other	Other	Other	Other	Other	Other	Other	Other	Other	Other	Other	Other	Other	Other
KU350625.1_132_1298_1	2098	978	0.233542873	TRUE	5.85037632	166	5.733604883	53.83783784	Epsilonpapillomavirus	ncbi	Cattle	Bovine	Bos_taurus	Bos_taurus_associated	KU350625.1	Other	Other	Other	Other	Other	Other	Other	Other	Other	Other	Other	Other	Other	Other	Other	Other	Other	Other	Other	Other	Other	Other	Other	Other	Other	Other	Other	Other	Other	Other	Other	Other	Other	Other	Other	Other	Other	Other	Other	Other	Other	Other	Other	Other	Other	Other
JF304764.1_126_1292_1	1211	75	0.091714368	TRUE	5.750281134	516	5.70442395	167.3513514	Alphapapillomavirus	ncbi	Human	Human	Alphapapillomavirus	Human_associated	JF304764.1	Other	Other	Other	Other	Other	Other	Other	Other	Other	Other	Other	Other	Other	Other	Other	Other	Other	Other	Other	Other	Other	Other	Other	Other	Other	Other	Other	Other	Other	Other	Other	Other	Other	Other	Other	Other	Other	Other	Other	Other	Other	Other	Other	Other	Other	Other
GU384895.1_120_1286_1	2068	947	0.188549997	TRUE	5.51752432	123	5.423249321	39.89189189	Alphapapillomavirus	ncbi	Human	Human	Alphapapillomavirus	Human_associated	GU384895.1	Other	Other	Other	Other	Other	Other	Other	Other	Other	Other	Other	Other	Other	Other	Other	Other	Other	Other	Other	Other	Other	Other	Other	Other	Other	Other	Other	Other	Other	Other	Other	Other	Other	Other	Other	Other	Other	Other	Other	Other	Other	Other	Other	Other	Other	Other
EU240894.1_84_1298_1	1720	593	0.145963679	TRUE	6.272687154	597	6.199705314	193.6216216	Upsilonpapillomavirus	ncbi	Cetacean	Cetacean	Tursiops_truncatus	Tursiops_truncatus_associated	EU240894.1	Other	Other	Other	Other	Other	Other	Other	Other	Other	Other	Other	Other	Other	Other	Other	Other	Other	Other	Other	Other	Other	Other	Other	Other	Other	Other	Other	Other	Other	Other	Other	Other	Other	Other	Other	Other	Other	Other	Other	Other	Other	Other	Other	Other	Other	Other
JN211193.1_105_1328_1	1444	303	0.16051752	TRUE	6.549283357	1015	6.469024597	329.1891892	Gammapapillomavirus	ncbi	Human	Human	Gammapapillomavirus	Human_associated	JN211193.1	Other	Other	Other	Other	Other	Other	Other	Other	Other	Other	Other	Other	Other	Other	Other	Other	Other	Other	Other	Other	Other	Other	Other	Other	Other	Other	Other	Other	Other	Other	Other	Other	Other	Other	Other	Other	Other	Other	Other	Other	Other	Other	Other	Other	Other	Other
MH777211.2_69_1286_1	1356	219	0.123697865	TRUE	6.465996502	944	6.404147569	306.1621622	Human_associated	ncbi	Human	Human	Human_associated	Human_associated	MH777211.2	Other	Other	Other	Other	Other	Other	Other	Other	Other	Other	Other	Other	Other	Other	Other	Other	Other	Other	Other	Other	Other	Other	Other	Other	Other	Other	Other	Other	Other	Other	Other	Other	Other	Other	Other	Other	Other	Other	Other	Other	Other	Other	Other	Other	Other	Other
KF482069.1_123_1346_1	1427	282	0.176058166	TRUE	6.905231655	1105	6.817202572	358.3783784	Human_associated	ncbi	Human	Human	Human_associated	Human_associated	KF482069.1	Other	Other	Other	Other	Other	Other	Other	Other	Other	Other	Other	Other	Other	Other	Other	Other	Other	Other	Other	Other	Other	Other	Other	Other	Other	Other	Other	Other	Other	Other	Other	Other	Other	Other	Other	Other	Other	Other	Other	Other	Other	Other	Other	Other	Other	Other
HQ912791.1_90_1262_1	2084	964	0.265353138	TRUE	5.687144974	143	5.554468404	46.37837838	Deltapapillomavirus	ncbi	Camelids	Other	Camelus_dromedarius	Camelus_dromedarius_associated	HQ912791.1	Other	Other	Other	Other	Other	Other	Other	Other	Other	Other	Other	Other	Other	Other	Other	Other	Other	Other	Other	Other	Other	Other	Other	Other	Other	Other	Other	Other	Other	Other	Other	Other	Other	Other	Other	Other	Other	Other	Other	Other	Other	Other	Other	Other	Other	Other
HQ262536.1_114_1286_1	2041	918	0.140246868	TRUE	5.189330993	211	5.119207559	68.43243243	Chipapillomavirus	ncbi	Canine	Canine	Canis_familiaris	Canis_familiaris_associated	HQ262536.1	Other	Other	Other	Other	Other	Other	Other	Other	Other	Other	Other	Other	Other	Other	Other	Other	Other	Other	Other	Other	Other	Other	Other	Other	Other	Other	Other	Other	Other	Other	Other	Other	Other	Other	Other	Other	Other	Other	Other	Other	Other	Other	Other	Other	Other	Other
JF966374.1_105_1328_1	1443	302	0.133380086	TRUE	6.42102679	1014	6.354336748	328.8648649	Human_associated	ncbi	Human	Human	Human_associated	Human_associated	JF966374.1	Other	Other	Other	Other	Other	Other	Other	Other	Other	Other	Other	Other	Other	Other	Other	Other	Other	Other	Other	Other	Other	Other	Other	Other	Other	Other	Other	Other	Other	Other	Other	Other	Other	Other	Other	Other	Other	Other	Other	Other	Other	Other	Other	Other	Other	Other
NC_001691.1_60_1286_1	NA	NA	NA	NA	NA	NA	NA	NA	NA	NA	NA	NA	NA	NA	NA	NA	NA	NA	NA	NA	NA	NA	NA	NA	NA	NA	NA	NA	NA	NA	NA	NA	NA	NA	NA	NA	NA	NA	NA	NA	NA	NA	NA	NA	NA	NA	NA	NA	NA	NA	NA	NA	NA	NA	NA	NA	NA	NA	NA	NA	NA
NC_001605.1_192_1367_1	2004	884	0.262158761	TRUE	5.357438712	234	5.226359332	75.89189189	Iotapapillomavirus	ncbi	Rodent	Rodent	Mastomys_natalensis	Mastomys_natalensis_associated	NC	Other	Other	Other	Other	Other	Other	Other	Other	Other	Other	Other	Other	Other	Other	Other	Other	Other	Other	Other	Other	Other	Other	Other	Other	Other	Other	Other	Other	Other	Other	Other	Other	Other	Other	Other	Other	Other	Other	Other	Other	Other	Other	Other	Other	Other	Other
OR952778.1_51_1226_1	1975	846	0.213604189	TRUE	6.126483555	361	6.019681461	117.0810811	Scotophilus_kuhlii_associated	ncbi	Bat	Bat	Scotophilus_kuhlii_associated	Scotophilus_kuhlii_associated	OR952778.1	Other	Other	Other	Other	Other	Other	Other	Other	Other	Other	Other	Other	Other	Other	Other	Other	Other	Other	Other	Other	Other	Other	Other	Other	Other	Other	Other	Other	Other	Other	Other	Other	Other	Other	Other	Other	Other	Other	Other	Other	Other	Other	Other	Other	Other	Other
AB211993.1_387_1553_1	1151	17	0.082283363	TRUE	5.984954411	545	5.94381273	176.7567568	Alphapapillomavirus	ncbi	Human	Human	Alphapapillomavirus	Human_associated	AB211993.1	Other	Other	Other	Other	Other	Other	Other	Other	Other	Other	Other	Other	Other	Other	Other	Other	Other	Other	Other	Other	Other	Other	Other	Other	Other	Other	Other	Other	Other	Other	Other	Other	Other	Other	Other	Other	Other	Other	Other	Other	Other	Other	Other	Other	Other	Other
AB646346.1_105_1328_1	1449	310	0.137221669	TRUE	6.46304578	1022	6.394434946	331.4594595	Gammapapillomavirus	ncbi	Human	Human	Gammapapillomavirus	Human_associated	AB646346.1	Other	Other	Other	Other	Other	Other	Other	Other	Other	Other	Other	Other	Other	Other	Other	Other	Other	Other	Other	Other	Other	Other	Other	Other	Other	Other	Other	Other	Other	Other	Other	Other	Other	Other	Other	Other	Other	Other	Other	Other	Other	Other	Other	Other	Other	Other
MF588756.1_108_1322_1	1411	270	0.111458948	TRUE	6.72440989	1088	6.668680416	352.8648649	Gammapapillomavirus	ncbi	Human	Human	Gammapapillomavirus	Human_associated	MF588756.1	Other	Other	Other	Other	Other	Other	Other	Other	Other	Other	Other	Other	Other	Other	Other	Other	Other	Other	Other	Other	Other	Other	Other	Other	Other	Other	Other	Other	Other	Other	Other	Other	Other	Other	Other	Other	Other	Other	Other	Other	Other	Other	Other	Other	Other	Other
MG869605.1_99_1313_1	1494	353	0.162553713	TRUE	6.628840229	990	6.547563372	321.0810811	Human_associated	ncbi	Human	Human	Human_associated	Human_associated	MG869605.1	Other	Other	Other	Other	Other	Other	Other	Other	Other	Other	Other	Other	Other	Other	Other	Other	Other	Other	Other	Other	Other	Other	Other	Other	Other	Other	Other	Other	Other	Other	Other	Other	Other	Other	Other	Other	Other	Other	Other	Other	Other	Other	Other	Other	Other	Other
MF588748.1_141_1355_1	1543	410	0.115206701	TRUE	6.01546713	873	5.957863779	283.1351351	Gammapapillomavirus	ncbi	Human	Human	Gammapapillomavirus	Human_associated	MF588748.1	Other	Other	Other	Other	Other	Other	Other	Other	Other	Other	Other	Other	Other	Other	Other	Other	Other	Other	Other	Other	Other	Other	Other	Other	Other	Other	Other	Other	Other	Other	Other	Other	Other	Other	Other	Other	Other	Other	Other	Other	Other	Other	Other	Other	Other	Other
MF588725.1_93_1307_1	1504	367	0.086195739	TRUE	6.40635607	987	6.3632582	320.1081081	Gammapapillomavirus	ncbi	Human	Human	Gammapapillomavirus	Human_associated	MF588725.1	Other	Other	Other	Other	Other	Other	Other	Other	Other	Other	Other	Other	Other	Other	Other	Other	Other	Other	Other	Other	Other	Other	Other	Other	Other	Other	Other	Other	Other	Other	Other	Other	Other	Other	Other	Other	Other	Other	Other	Other	Other	Other	Other	Other	Other	Other
MF588739.1_147_1361_1	1422	279	0.092387205	TRUE	6.813483253	1096	6.76728965	355.4594595	Gammapapillomavirus	ncbi	Human	Human	Gammapapillomavirus	Human_associated	MF588739.1	Other	Other	Other	Other	Other	Other	Other	Other	Other	Other	Other	Other	Other	Other	Other	Other	Other	Other	Other	Other	Other	Other	Other	Other	Other	Other	Other	Other	Other	Other	Other	Other	Other	Other	Other	Other	Other	Other	Other	Other	Other	Other	Other	Other	Other	Other
MH745749.1_99_1313_1	1374	241	0.181726218	TRUE	6.203645437	915	6.112782328	296.7567568	Gammapapillomavirus	ncbi	Human	Human	Gammapapillomavirus	Human_associated	MH745749.1	Other	Other	Other	Other	Other	Other	Other	Other	Other	Other	Other	Other	Other	Other	Other	Other	Other	Other	Other	Other	Other	Other	Other	Other	Other	Other	Other	Other	Other	Other	Other	Other	Other	Other	Other	Other	Other	Other	Other	Other	Other	Other	Other	Other	Other	Other
JF755418.1_96_1271_1	1999	878	0.144082207	TRUE	5.105852726	228	5.033811623	73.94594595	Iotapapillomavirus	ncbi	Rodent	Rodent	Peromyscus_maniculatus	Peromyscus_maniculatus_associated	JF755418.1	Other	Other	Other	Other	Other	Other	Other	Other	Other	Other	Other	Other	Other	Other	Other	Other	Other	Other	Other	Other	Other	Other	Other	Other	Other	Other	Other	Other	Other	Other	Other	Other	Other	Other	Other	Other	Other	Other	Other	Other	Other	Other	Other	Other	Other	Other
OR952835.1_51_1217_1	1985	856	0.094903188	TRUE	5.850005736	356	5.802554143	115.4594595	Scotophilus_kuhlii_associated	ncbi	Bat	Bat	Scotophilus_kuhlii_associated	Scotophilus_kuhlii_associated	OR952835.1	Other	Other	Other	Other	Other	Other	Other	Other	Other	Other	Other	Other	Other	Other	Other	Other	Other	Other	Other	Other	Other	Other	Other	Other	Other	Other	Other	Other	Other	Other	Other	Other	Other	Other	Other	Other	Other	Other	Other	Other	Other	Other	Other	Other	Other	Other
MH777192.2_99_1313_1	1429	287	0.088916937	TRUE	6.793630012	1108	6.749171543	359.3513514	Human_associated	ncbi	Human	Human	Human_associated	Human_associated	MH777192.2	Other	Other	Other	Other	Other	Other	Other	Other	Other	Other	Other	Other	Other	Other	Other	Other	Other	Other	Other	Other	Other	Other	Other	Other	Other	Other	Other	Other	Other	Other	Other	Other	Other	Other	Other	Other	Other	Other	Other	Other	Other	Other	Other	Other	Other	Other
JQ965698.1_99_1274_1	2068	948	0.253327572	TRUE	5.582301895	124	5.455638109	40.21621622	Dyorhopapillomavirus	ncbi	Equine	Equine	Equus_caballus	Equus_caballus_associated	JQ965698.1	Other	Other	Other	Other	Other	Other	Other	Other	Other	Other	Other	Other	Other	Other	Other	Other	Other	Other	Other	Other	Other	Other	Other	Other	Other	Other	Other	Other	Other	Other	Other	Other	Other	Other	Other	Other	Other	Other	Other	Other	Other	Other	Other	Other	Other	Other
JQ701802.1_84_1259_1	2042	919	0.23675631	TRUE	5.375882221	212	5.257504066	68.75675676	Chipapillomavirus	ncbi	Canine	Canine	Canis_familiaris	Canis_familiaris_associated	JQ701802.1	Other	Other	Other	Other	Other	Other	Other	Other	Other	Other	Other	Other	Other	Other	Other	Other	Other	Other	Other	Other	Other	Other	Other	Other	Other	Other	Other	Other	Other	Other	Other	Other	Other	Other	Other	Other	Other	Other	Other	Other	Other	Other	Other	Other	Other	Other
MF509821.1_105_1319_1	1458	315	0.112758026	TRUE	6.685754474	1038	6.629375461	336.6486486	Human_associated	ncbi	Human	Human	Human_associated	Human_associated	MF509821.1	Other	Other	Other	Other	Other	Other	Other	Other	Other	Other	Other	Other	Other	Other	Other	Other	Other	Other	Other	Other	Other	Other	Other	Other	Other	Other	Other	Other	Other	Other	Other	Other	Other	Other	Other	Other	Other	Other	Other	Other	Other	Other	Other	Other	Other	Other
MF588701.1_135_1349_1	NA	NA	NA	NA	NA	NA	NA	NA	NA	NA	NA	NA	NA	NA	NA	NA	NA	NA	NA	NA	NA	NA	NA	NA	NA	NA	NA	NA	NA	NA	NA	NA	NA	NA	NA	NA	NA	NA	NA	NA	NA	NA	NA	NA	NA	NA	NA	NA	NA	NA	NA	NA	NA	NA	NA	NA	NA	NA	NA	NA	NA
KX781281.1_141_1355_1	1590	454	0.065595091	TRUE	5.903935496	837	5.871137951	271.4594595	Human_associated	ncbi	Human	Human	Human_associated	Human_associated	KX781281.1	Other	Other	Other	Other	Other	Other	Other	Other	Other	Other	Other	Other	Other	Other	Other	Other	Other	Other	Other	Other	Other	Other	Other	Other	Other	Other	Other	Other	Other	Other	Other	Other	Other	Other	Other	Other	Other	Other	Other	Other	Other	Other	Other	Other	Other	Other
KP757765.1_123_1298_1	1722	598	0.028934974	TRUE	5.409137705	603	5.394670218	195.5675676	Treisthetapapillomavirus	ncbi	Cervine	Cervine	Rusa_timorensis	Rusa_timorensis_associated	KP757765.1	Other	Other	Other	Other	Other	Other	Other	Other	Other	Other	Other	Other	Other	Other	Other	Other	Other	Other	Other	Other	Other	Other	Other	Other	Other	Other	Other	Other	Other	Other	Other	Other	Other	Other	Other	Other	Other	Other	Other	Other	Other	Other	Other	Other	Other	Other
KC876045.1_81_1256_1	2054	932	0.336937706	TRUE	6.059001843	181	5.89053299	58.7027027	Dyokappapapillomavirus	ncbi	Caprine	Other	Rupicapra_rupicapra	Rupicapra_rupicapra_associated	KC876045.1	Other	Other	Other	Other	Other	Other	Other	Other	Other	Other	Other	Other	Other	Other	Other	Other	Other	Other	Other	Other	Other	Other	Other	Other	Other	Other	Other	Other	Other	Other	Other	Other	Other	Other	Other	Other	Other	Other	Other	Other	Other	Other	Other	Other	Other	Other
HM999996.1_87_1313_1	1538	403	0.14750991	TRUE	5.961023364	868	5.887268409	281.5135135	Gammapapillomavirus	ncbi	Human	Human	Gammapapillomavirus	Human_associated	HM999996.1	Other	Other	Other	Other	Other	Other	Other	Other	Other	Other	Other	Other	Other	Other	Other	Other	Other	Other	Other	Other	Other	Other	Other	Other	Other	Other	Other	Other	Other	Other	Other	Other	Other	Other	Other	Other	Other	Other	Other	Other	Other	Other	Other	Other	Other	Other
MF588711.1_114_1328_1	1470	330	0.096276031	TRUE	6.542919195	1044	6.49478118	338.5945946	Gammapapillomavirus	ncbi	Human	Human	Gammapapillomavirus	Human_associated	MF588711.1	Other	Other	Other	Other	Other	Other	Other	Other	Other	Other	Other	Other	Other	Other	Other	Other	Other	Other	Other	Other	Other	Other	Other	Other	Other	Other	Other	Other	Other	Other	Other	Other	Other	Other	Other	Other	Other	Other	Other	Other	Other	Other	Other	Other	Other	Other
PP296663.1_63_1292_1	1653	522	0.088513531	TRUE	5.791471182	687	5.747214417	222.8108108	Betapapillomavirus	ncbi	Human	Human	Betapapillomavirus	Human_associated	PP296663.1	Other	Other	Other	Other	Other	Other	Other	Other	Other	Other	Other	Other	Other	Other	Other	Other	Other	Other	Other	Other	Other	Other	Other	Other	Other	Other	Other	Other	Other	Other	Other	Other	Other	Other	Other	Other	Other	Other	Other	Other	Other	Other	Other	Other	Other	Other
MF588709.1_105_1319_1	1454	323	0.192761779	TRUE	6.548521057	1033	6.452140167	335.027027	Gammapapillomavirus	ncbi	Human	Human	Gammapapillomavirus	Human_associated	MF588709.1	Other	Other	Other	Other	Other	Other	Other	Other	Other	Other	Other	Other	Other	Other	Other	Other	Other	Other	Other	Other	Other	Other	Other	Other	Other	Other	Other	Other	Other	Other	Other	Other	Other	Other	Other	Other	Other	Other	Other	Other	Other	Other	Other	Other	Other	Other
KY853656.1_60_1226_1	1300	171	0.4602219	TRUE	5.87405531	755	5.64394436	244.8648649	Felis_catus_associated	ncbi	Feline	Feline	Felis_catus_associated	Felis_catus_associated	KY853656.1	Other	Other	Other	Other	Other	Other	Other	Other	Other	Other	Other	Other	Other	Other	Other	Other	Other	Other	Other	Other	Other	Other	Other	Other	Other	Other	Other	Other	Other	Other	Other	Other	Other	Other	Other	Other	Other	Other	Other	Other	Other	Other	Other	Other	Other	Other
MF588708.1_165_1379_1	1528	391	0.092191192	TRUE	6.052170031	891	6.006074435	288.972973	Gammapapillomavirus	ncbi	Human	Human	Gammapapillomavirus	Human_associated	MF588708.1	Other	Other	Other	Other	Other	Other	Other	Other	Other	Other	Other	Other	Other	Other	Other	Other	Other	Other	Other	Other	Other	Other	Other	Other	Other	Other	Other	Other	Other	Other	Other	Other	Other	Other	Other	Other	Other	Other	Other	Other	Other	Other	Other	Other	Other	Other
KY969593.1_63_1286_1	NA	NA	NA	NA	NA	NA	NA	NA	NA	NA	NA	NA	NA	NA	NA	NA	NA	NA	NA	NA	NA	NA	NA	NA	NA	NA	NA	NA	NA	NA	NA	NA	NA	NA	NA	NA	NA	NA	NA	NA	NA	NA	NA	NA	NA	NA	NA	NA	NA	NA	NA	NA	NA	NA	NA	NA	NA	NA	NA	NA	NA
OP934207.1_114_1286_1	NA	NA	NA	NA	NA	NA	NA	NA	NA	NA	NA	NA	NA	NA	NA	NA	NA	NA	NA	NA	NA	NA	NA	NA	NA	NA	NA	NA	NA	NA	NA	NA	NA	NA	NA	NA	NA	NA	NA	NA	NA	NA	NA	NA	NA	NA	NA	NA	NA	NA	NA	NA	NA	NA	NA	NA	NA	NA	NA	NA	NA
BK066346.1_99_1316_1	1597	469	0.138943256	TRUE	5.73945934	826	5.669987712	267.8918919	Human_associated	ncbi	Human	Human	Human_associated	Human_associated	BK066346.1	Other	Other	Other	Other	Other	Other	Other	Other	Other	Other	Other	Other	Other	Other	Other	Other	Other	Other	Other	Other	Other	Other	Other	Other	Other	Other	Other	Other	Other	Other	Other	Other	Other	Other	Other	Other	Other	Other	Other	Other	Other	Other	Other	Other	Other	Other
EF584537.1_162_1331_1	2038	917	0.145786478	TRUE	5.285100259	215	5.21220702	69.72972973	Chipapillomavirus	ncbi	Canine	Canine	Canis_familiaris	Canis_familiaris_associated	EF584537.1	Other	Other	Other	Other	Other	Other	Other	Other	Other	Other	Other	Other	Other	Other	Other	Other	Other	Other	Other	Other	Other	Other	Other	Other	Other	Other	Other	Other	Other	Other	Other	Other	Other	Other	Other	Other	Other	Other	Other	Other	Other	Other	Other	Other	Other	Other
HM999988.1_105_1325_1	1445	305	0.115886278	TRUE	6.397091358	1012	6.339148219	328.2162162	Gammapapillomavirus	ncbi	Human	Human	Gammapapillomavirus	Human_associated	HM999988.1	Other	Other	Other	Other	Other	Other	Other	Other	Other	Other	Other	Other	Other	Other	Other	Other	Other	Other	Other	Other	Other	Other	Other	Other	Other	Other	Other	Other	Other	Other	Other	Other	Other	Other	Other	Other	Other	Other	Other	Other	Other	Other	Other	Other	Other	Other
OR952775.1_51_1223_1	1994	867	0.083415076	TRUE	6.010383268	348	5.96867573	112.8648649	Scotophilus_kuhlii_associated	ncbi	Bat	Bat	Scotophilus_kuhlii_associated	Scotophilus_kuhlii_associated	OR952775.1	Other	Other	Other	Other	Other	Other	Other	Other	Other	Other	Other	Other	Other	Other	Other	Other	Other	Other	Other	Other	Other	Other	Other	Other	Other	Other	Other	Other	Other	Other	Other	Other	Other	Other	Other	Other	Other	Other	Other	Other	Other	Other	Other	Other	Other	Other
NC_001789.1_57_1229_1	2079	957	0.185308513	TRUE	5.761264317	151	5.66861006	48.97297297	Deltapapillomavirus	ncbi	Ovine	Other	Ovine	Ovine_associated	NC	Other	Other	Other	Other	Other	Other	Other	Other	Other	Other	Other	Other	Other	Other	Other	Other	Other	Other	Other	Other	Other	Other	Other	Other	Other	Other	Other	Other	Other	Other	Other	Other	Other	Other	Other	Other	Other	Other	Other	Other	Other	Other	Other	Other	Other	Other
KU963288.1_102_1274_1	2044	925	0.742939853	TRUE	5.352051399	202	4.980581472	65.51351351	Treiskappapapillomavirus	ncbi	Equine	Equine	Equus_caballus	Equus_caballus_associated	KU963288.1	Other	Other	Other	Other	Other	Other	Other	Other	Other	Other	Other	Other	Other	Other	Other	Other	Other	Other	Other	Other	Other	Other	Other	Other	Other	Other	Other	Other	Other	Other	Other	Other	Other	Other	Other	Other	Other	Other	Other	Other	Other	Other	Other	Other	Other	Other
KP276343.1_138_1310_1	2077	956	0.180360909	TRUE	5.661153341	153	5.570972886	49.62162162	Deltapapillomavirus	ncbi	Cattle	Bovine	Bos_taurus	Bos_taurus_associated	KP276343.1	Other	Other	Other	Other	Other	Other	Other	Other	Other	Other	Other	Other	Other	Other	Other	Other	Other	Other	Other	Other	Other	Other	Other	Other	Other	Other	Other	Other	Other	Other	Other	Other	Other	Other	Other	Other	Other	Other	Other	Other	Other	Other	Other	Other	Other	Other
GU117621.1_141_1358_1	1779	656	0.131517545	TRUE	5.77003626	619	5.704277488	200.7567568	Omikronpapillomavirus	ncbi	Cetacean	Cetacean	Phocoena_phocoena	Phocoena_phocoena_associated	GU117621.1	Other	Other	Other	Other	Other	Other	Other	Other	Other	Other	Other	Other	Other	Other	Other	Other	Other	Other	Other	Other	Other	Other	Other	Other	Other	Other	Other	Other	Other	Other	Other	Other	Other	Other	Other	Other	Other	Other	Other	Other	Other	Other	Other	Other	Other	Other
MG837557.1_60_1229_1	1186	53	0.15552955	TRUE	5.739185734	504	5.661420959	163.4594595	Macaca_mulatta_associated	ncbi	Non-human Primate	Non-human Primate	Macaca_mulatta_associated	Macaca_mulatta_associated	MG837557.1	Other	Other	Other	Other	Other	Other	Other	Other	Other	Other	Other	Other	Other	Other	Other	Other	Other	Other	Other	Other	Other	Other	Other	Other	Other	Other	Other	Other	Other	Other	Other	Other	Other	Other	Other	Other	Other	Other	Other	Other	Other	Other	Other	Other	Other	Other
MK620843.1_75_1298_1	NA	NA	NA	NA	NA	NA	NA	NA	NA	NA	NA	NA	NA	NA	NA	NA	NA	NA	NA	NA	NA	NA	NA	NA	NA	NA	NA	NA	NA	NA	NA	NA	NA	NA	NA	NA	NA	NA	NA	NA	NA	NA	NA	NA	NA	NA	NA	NA	NA	NA	NA	NA	NA	NA	NA	NA	NA	NA	NA	NA	NA
MG063749.1_87_1307_1	1425	285	0.123857634	TRUE	6.769310956	1103	6.707382139	357.7297297	Human_associated	ncbi	Human	Human	Human_associated	Human_associated	MG063749.1	Other	Other	Other	Other	Other	Other	Other	Other	Other	Other	Other	Other	Other	Other	Other	Other	Other	Other	Other	Other	Other	Other	Other	Other	Other	Other	Other	Other	Other	Other	Other	Other	Other	Other	Other	Other	Other	Other	Other	Other	Other	Other	Other	Other	Other	Other
MF588677.1_99_1319_1	NA	NA	NA	NA	NA	NA	NA	NA	NA	NA	NA	NA	NA	NA	NA	NA	NA	NA	NA	NA	NA	NA	NA	NA	NA	NA	NA	NA	NA	NA	NA	NA	NA	NA	NA	NA	NA	NA	NA	NA	NA	NA	NA	NA	NA	NA	NA	NA	NA	NA	NA	NA	NA	NA	NA	NA	NA	NA	NA	NA	NA
MF588751.1_144_1364_1	NA	NA	NA	NA	NA	NA	NA	NA	NA	NA	NA	NA	NA	NA	NA	NA	NA	NA	NA	NA	NA	NA	NA	NA	NA	NA	NA	NA	NA	NA	NA	NA	NA	NA	NA	NA	NA	NA	NA	NA	NA	NA	NA	NA	NA	NA	NA	NA	NA	NA	NA	NA	NA	NA	NA	NA	NA	NA	NA	NA	NA
MF588746.1_153_1373_1	NA	NA	NA	NA	NA	NA	NA	NA	NA	NA	NA	NA	NA	NA	NA	NA	NA	NA	NA	NA	NA	NA	NA	NA	NA	NA	NA	NA	NA	NA	NA	NA	NA	NA	NA	NA	NA	NA	NA	NA	NA	NA	NA	NA	NA	NA	NA	NA	NA	NA	NA	NA	NA	NA	NA	NA	NA	NA	NA	NA	NA
MF588747.1_156_1376_1	1550	415	0.185127469	TRUE	6.102826308	881	6.010262573	285.7297297	Gammapapillomavirus	ncbi	Human	Human	Gammapapillomavirus	Human_associated	MF588747.1	Other	Other	Other	Other	Other	Other	Other	Other	Other	Other	Other	Other	Other	Other	Other	Other	Other	Other	Other	Other	Other	Other	Other	Other	Other	Other	Other	Other	Other	Other	Other	Other	Other	Other	Other	Other	Other	Other	Other	Other	Other	Other	Other	Other	Other	Other
MH777206.2_105_1325_1	1450	313	0.085782595	TRUE	6.313894775	1018	6.271003477	330.1621622	Human_associated	ncbi	Human	Human	Human_associated	Human_associated	MH777206.2	Other	Other	Other	Other	Other	Other	Other	Other	Other	Other	Other	Other	Other	Other	Other	Other	Other	Other	Other	Other	Other	Other	Other	Other	Other	Other	Other	Other	Other	Other	Other	Other	Other	Other	Other	Other	Other	Other	Other	Other	Other	Other	Other	Other	Other	Other
OR952817.1_96_1268_1	1981	853	0.078655944	TRUE	5.877498637	368	5.838170665	119.3513514	Tylonycteris_pachypus_associated	ncbi	Bat	Bat	Tylonycteris_pachypus_associated	Tylonycteris_pachypus_associated	OR952817.1	Other	Other	Other	Other	Other	Other	Other	Other	Other	Other	Other	Other	Other	Other	Other	Other	Other	Other	Other	Other	Other	Other	Other	Other	Other	Other	Other	Other	Other	Other	Other	Other	Other	Other	Other	Other	Other	Other	Other	Other	Other	Other	Other	Other	Other	Other
OR952812.1_270_1442_1	1981	852	0.142914751	TRUE	5.941757445	367	5.870300069	119.027027	Tylonycteris_pachypus_associated	ncbi	Bat	Bat	Tylonycteris_pachypus_associated	Tylonycteris_pachypus_associated	OR952812.1	Other	Other	Other	Other	Other	Other	Other	Other	Other	Other	Other	Other	Other	Other	Other	Other	Other	Other	Other	Other	Other	Other	Other	Other	Other	Other	Other	Other	Other	Other	Other	Other	Other	Other	Other	Other	Other	Other	Other	Other	Other	Other	Other	Other	Other	Other
OR952825.1_51_1223_1	1988	861	0.135575977	TRUE	5.829968449	353	5.762180461	114.4864865	Scotophilus_kuhlii_associated	ncbi	Bat	Bat	Scotophilus_kuhlii_associated	Scotophilus_kuhlii_associated	OR952825.1	Other	Other	Other	Other	Other	Other	Other	Other	Other	Other	Other	Other	Other	Other	Other	Other	Other	Other	Other	Other	Other	Other	Other	Other	Other	Other	Other	Other	Other	Other	Other	Other	Other	Other	Other	Other	Other	Other	Other	Other	Other	Other	Other	Other	Other	Other
OR952834.1_51_1223_1	1989	862	0.096666077	TRUE	5.898337894	354	5.850004856	114.8108108	Scotophilus_kuhlii_associated	ncbi	Bat	Bat	Scotophilus_kuhlii_associated	Scotophilus_kuhlii_associated	OR952834.1	Other	Other	Other	Other	Other	Other	Other	Other	Other	Other	Other	Other	Other	Other	Other	Other	Other	Other	Other	Other	Other	Other	Other	Other	Other	Other	Other	Other	Other	Other	Other	Other	Other	Other	Other	Other	Other	Other	Other	Other	Other	Other	Other	Other	Other	Other
HW350053.1_141_1361_1	1645	518	0.063425549	TRUE	5.439493821	670	5.407781046	217.2972973	Betapapillomavirus	ncbi	Human	Human	Betapapillomavirus	Human_associated	HW350053.1	Other	Other	Other	Other	Other	Other	Other	Other	Other	Other	Other	Other	Other	Other	Other	Other	Other	Other	Other	Other	Other	Other	Other	Other	Other	Other	Other	Other	Other	Other	Other	Other	Other	Other	Other	Other	Other	Other	Other	Other	Other	Other	Other	Other	Other	Other
MF588738.1_114_1331_1	1421	278	0.149640964	TRUE	6.913748569	1100	6.838928087	356.7567568	Gammapapillomavirus	ncbi	Human	Human	Gammapapillomavirus	Human_associated	MF588738.1	Other	Other	Other	Other	Other	Other	Other	Other	Other	Other	Other	Other	Other	Other	Other	Other	Other	Other	Other	Other	Other	Other	Other	Other	Other	Other	Other	Other	Other	Other	Other	Other	Other	Other	Other	Other	Other	Other	Other	Other	Other	Other	Other	Other	Other	Other
MF588742.1_72_1289_1	1427	283	0.157822728	TRUE	6.886996217	1106	6.808084853	358.7027027	Gammapapillomavirus	ncbi	Human	Human	Gammapapillomavirus	Human_associated	MF588742.1	Other	Other	Other	Other	Other	Other	Other	Other	Other	Other	Other	Other	Other	Other	Other	Other	Other	Other	Other	Other	Other	Other	Other	Other	Other	Other	Other	Other	Other	Other	Other	Other	Other	Other	Other	Other	Other	Other	Other	Other	Other	Other	Other	Other	Other	Other
OP748392.1_81_1250_1	1230	102	0.498396221	TRUE	5.501568381	484	5.25237027	156.972973	Dyodeltapapillomavirus	ncbi	Cetacean	Cetacean	Delphinapterus_leucas	Delphinapterus_leucas_associated	OP748392.1	Other	Other	Other	Other	Other	Other	Other	Other	Other	Other	Other	Other	Other	Other	Other	Other	Other	Other	Other	Other	Other	Other	Other	Other	Other	Other	Other	Other	Other	Other	Other	Other	Other	Other	Other	Other	Other	Other	Other	Other	Other	Other	Other	Other	Other	Other
MF588737.1_114_1331_1	1421	277	0.133372075	TRUE	6.897479679	1099	6.830793642	356.4324324	Gammapapillomavirus	ncbi	Human	Human	Gammapapillomavirus	Human_associated	MF588737.1	Other	Other	Other	Other	Other	Other	Other	Other	Other	Other	Other	Other	Other	Other	Other	Other	Other	Other	Other	Other	Other	Other	Other	Other	Other	Other	Other	Other	Other	Other	Other	Other	Other	Other	Other	Other	Other	Other	Other	Other	Other	Other	Other	Other	Other	Other
MW401531.1_156_1325_1	2107	988	0.132095716	TRUE	5.954560676	135	5.888512818	43.78378378	Bos_taurus_associated	ncbi	Cattle	Bovine	Bos_taurus_associated	Bos_taurus_associated	MW401531.1	Other	Other	Other	Other	Other	Other	Other	Other	Other	Other	Other	Other	Other	Other	Other	Other	Other	Other	Other	Other	Other	Other	Other	Other	Other	Other	Other	Other	Other	Other	Other	Other	Other	Other	Other	Other	Other	Other	Other	Other	Other	Other	Other	Other	Other	Other
MF588743.1_72_1289_1	NA	NA	NA	NA	NA	NA	NA	NA	NA	NA	NA	NA	NA	NA	NA	NA	NA	NA	NA	NA	NA	NA	NA	NA	NA	NA	NA	NA	NA	NA	NA	NA	NA	NA	NA	NA	NA	NA	NA	NA	NA	NA	NA	NA	NA	NA	NA	NA	NA	NA	NA	NA	NA	NA	NA	NA	NA	NA	NA	NA	NA
MF588741.1_129_1352_1	NA	NA	NA	NA	NA	NA	NA	NA	NA	NA	NA	NA	NA	NA	NA	NA	NA	NA	NA	NA	NA	NA	NA	NA	NA	NA	NA	NA	NA	NA	NA	NA	NA	NA	NA	NA	NA	NA	NA	NA	NA	NA	NA	NA	NA	NA	NA	NA	NA	NA	NA	NA	NA	NA	NA	NA	NA	NA	NA	NA	NA
MF588715.1_105_1328_1	NA	NA	NA	NA	NA	NA	NA	NA	NA	NA	NA	NA	NA	NA	NA	NA	NA	NA	NA	NA	NA	NA	NA	NA	NA	NA	NA	NA	NA	NA	NA	NA	NA	NA	NA	NA	NA	NA	NA	NA	NA	NA	NA	NA	NA	NA	NA	NA	NA	NA	NA	NA	NA	NA	NA	NA	NA	NA	NA	NA	NA
MG571089.1_129_1346_1	1569	437	0.587567817	TRUE	6.212099806	844	5.918315898	273.7297297	Leptonychotes_weddellii_associated	ncbi	Pinnipeds	Other	Leptonychotes_weddellii_associated	Leptonychotes_weddellii_associated	MG571089.1	Other	Other	Other	Other	Other	Other	Other	Other	Other	Other	Other	Other	Other	Other	Other	Other	Other	Other	Other	Other	Other	Other	Other	Other	Other	Other	Other	Other	Other	Other	Other	Other	Other	Other	Other	Other	Other	Other	Other	Other	Other	Other	Other	Other	Other	Other
MF588750.1_135_1352_1	NA	NA	NA	NA	NA	NA	NA	NA	NA	NA	NA	NA	NA	NA	NA	NA	NA	NA	NA	NA	NA	NA	NA	NA	NA	NA	NA	NA	NA	NA	NA	NA	NA	NA	NA	NA	NA	NA	NA	NA	NA	NA	NA	NA	NA	NA	NA	NA	NA	NA	NA	NA	NA	NA	NA	NA	NA	NA	NA	NA	NA
MF588753.1_69_1286_1	1384	292	0.293597349	TRUE	6.414417278	1062	6.267618603	344.4324324	Gammapapillomavirus	ncbi	Human	Human	Gammapapillomavirus	Human_associated	MF588753.1	Other	Other	Other	Other	Other	Other	Other	Other	Other	Other	Other	Other	Other	Other	Other	Other	Other	Other	Other	Other	Other	Other	Other	Other	Other	Other	Other	Other	Other	Other	Other	Other	Other	Other	Other	Other	Other	Other	Other	Other	Other	Other	Other	Other	Other	Other
KJ130020.1_96_1313_1	1552	419	0.118902174	TRUE	5.955072983	877	5.895621896	284.4324324	Gammapapillomavirus	ncbi	Human	Human	Gammapapillomavirus	Human_associated	KJ130020.1	Other	Other	Other	Other	Other	Other	Other	Other	Other	Other	Other	Other	Other	Other	Other	Other	Other	Other	Other	Other	Other	Other	Other	Other	Other	Other	Other	Other	Other	Other	Other	Other	Other	Other	Other	Other	Other	Other	Other	Other	Other	Other	Other	Other	Other	Other
KJ506870.1_129_1346_1	1551	417	0.095894303	TRUE	5.967591646	879	5.919644494	285.0810811	Human_associated	ncbi	Human	Human	Human_associated	Human_associated	KJ506870.1	Other	Other	Other	Other	Other	Other	Other	Other	Other	Other	Other	Other	Other	Other	Other	Other	Other	Other	Other	Other	Other	Other	Other	Other	Other	Other	Other	Other	Other	Other	Other	Other	Other	Other	Other	Other	Other	Other	Other	Other	Other	Other	Other	Other	Other	Other
KC862318.1_96_1313_1	1507	371	0.087478969	TRUE	6.228109478	981	6.184369994	318.1621622	Gammapapillomavirus	ncbi	Human	Human	Gammapapillomavirus	Human_associated	KC862318.1	Other	Other	Other	Other	Other	Other	Other	Other	Other	Other	Other	Other	Other	Other	Other	Other	Other	Other	Other	Other	Other	Other	Other	Other	Other	Other	Other	Other	Other	Other	Other	Other	Other	Other	Other	Other	Other	Other	Other	Other	Other	Other	Other	Other	Other	Other
GU117631.1_69_1286_1	1348	210	0.22263413	TRUE	6.5439367	940	6.432619635	304.8648649	Gammapapillomavirus	ncbi	Human	Human	Gammapapillomavirus	Human_associated	GU117631.1	Other	Other	Other	Other	Other	Other	Other	Other	Other	Other	Other	Other	Other	Other	Other	Other	Other	Other	Other	Other	Other	Other	Other	Other	Other	Other	Other	Other	Other	Other	Other	Other	Other	Other	Other	Other	Other	Other	Other	Other	Other	Other	Other	Other	Other	Other
MH745748.1_432_1601_1	1186	54	0.166286307	TRUE	5.749942491	505	5.666799338	163.7837838	Alphapapillomavirus	ncbi	Human	Human	Alphapapillomavirus	Human_associated	MH745748.1	Other	Other	Other	Other	Other	Other	Other	Other	Other	Other	Other	Other	Other	Other	Other	Other	Other	Other	Other	Other	Other	Other	Other	Other	Other	Other	Other	Other	Other	Other	Other	Other	Other	Other	Other	Other	Other	Other	Other	Other	Other	Other	Other	Other	Other	Other
KR816173.1_135_1352_1	1599	467	0.087814447	TRUE	5.795291376	829	5.751384152	268.8648649	Gammapapillomavirus	ncbi	Human	Human	Gammapapillomavirus	Human_associated	KR816173.1	Other	Other	Other	Other	Other	Other	Other	Other	Other	Other	Other	Other	Other	Other	Other	Other	Other	Other	Other	Other	Other	Other	Other	Other	Other	Other	Other	Other	Other	Other	Other	Other	Other	Other	Other	Other	Other	Other	Other	Other	Other	Other	Other	Other	Other	Other
MF588698.1_57_1274_1	1592	457	0.119007784	TRUE	5.98925321	841	5.929749318	272.7567568	Gammapapillomavirus	ncbi	Human	Human	Gammapapillomavirus	Human_associated	MF588698.1	Other	Other	Other	Other	Other	Other	Other	Other	Other	Other	Other	Other	Other	Other	Other	Other	Other	Other	Other	Other	Other	Other	Other	Other	Other	Other	Other	Other	Other	Other	Other	Other	Other	Other	Other	Other	Other	Other	Other	Other	Other	Other	Other	Other	Other	Other
MF588734.1_90_1307_1	1429	286	0.085721841	TRUE	6.790434915	1107	6.747573995	359.027027	Gammapapillomavirus	ncbi	Human	Human	Gammapapillomavirus	Human_associated	MF588734.1	Other	Other	Other	Other	Other	Other	Other	Other	Other	Other	Other	Other	Other	Other	Other	Other	Other	Other	Other	Other	Other	Other	Other	Other	Other	Other	Other	Other	Other	Other	Other	Other	Other	Other	Other	Other	Other	Other	Other	Other	Other	Other	Other	Other	Other	Other
JQ692938.1_123_1295_1	1881	762	0.361645324	TRUE	5.89562913	418	5.714806468	135.5675676	Rhinolophus_associated	ncbi	Bat	Bat	Rhinolophus_associated	Rhinolophus_associated	JQ692938.1	Other	Other	Other	Other	Other	Other	Other	Other	Other	Other	Other	Other	Other	Other	Other	Other	Other	Other	Other	Other	Other	Other	Other	Other	Other	Other	Other	Other	Other	Other	Other	Other	Other	Other	Other	Other	Other	Other	Other	Other	Other	Other	Other	Other	Other	Other
KX781280.1_135_1352_1	1544	408	0.020496423	TRUE	5.990665275	874	5.980417064	283.4594595	Human_associated	ncbi	Human	Human	Human_associated	Human_associated	KX781280.1	Other	Other	Other	Other	Other	Other	Other	Other	Other	Other	Other	Other	Other	Other	Other	Other	Other	Other	Other	Other	Other	Other	Other	Other	Other	Other	Other	Other	Other	Other	Other	Other	Other	Other	Other	Other	Other	Other	Other	Other	Other	Other	Other	Other	Other	Other
KC858263.1_51_1223_1	1990	866	0.149869651	TRUE	5.635667702	351	5.560732877	113.8378378	Eptesicus_serotinus _associated	ncbi	Bat	Bat	Eptesicus_serotinus _associated	Eptesicus_serotinus _associated	KC858263.1	Other	Other	Other	Other	Other	Other	Other	Other	Other	Other	Other	Other	Other	Other	Other	Other	Other	Other	Other	Other	Other	Other	Other	Other	Other	Other	Other	Other	Other	Other	Other	Other	Other	Other	Other	Other	Other	Other	Other	Other	Other	Other	Other	Other	Other	Other
AY382778.1_57_1286_1	1660	525	0.087410278	TRUE	6.157254125	693	6.113548986	224.7567568	Betapapillomavirus	ncbi	Human	Human	Betapapillomavirus	Human_associated	AY382778.1	Other	Other	Other	Other	Other	Other	Other	Other	Other	Other	Other	Other	Other	Other	Other	Other	Other	Other	Other	Other	Other	Other	Other	Other	Other	Other	Other	Other	Other	Other	Other	Other	Other	Other	Other	Other	Other	Other	Other	Other	Other	Other	Other	Other	Other	Other
KJ452243.1_54_1178_1	2125	1011	0.423438951	TRUE	5.576361272	100	5.364641797	32.43243243	Fulmarus_glacialis_associated	ncbi	Avian	Avian	Fulmarus_glacialis_associated	Fulmarus_glacialis_associated	KJ452243.1	Other	Other	Other	Other	Other	Other	Other	Other	Other	Other	Other	Other	Other	Other	Other	Other	Other	Other	Other	Other	Other	Other	Other	Other	Other	Other	Other	Other	Other	Other	Other	Other	Other	Other	Other	Other	Other	Other	Other	Other	Other	Other	Other	Other	Other	Other
JQ814847.1_57_1235_1	1257	131	0.323332948	TRUE	5.257039136	460	5.095372662	149.1891892	Treisiotapapillomavirus	ncbi	Bat	Bat	Myotis_ricketti	Myotis_ricketti_associated	JQ814847.1	Other	Other	Other	Other	Other	Other	Other	Other	Other	Other	Other	Other	Other	Other	Other	Other	Other	Other	Other	Other	Other	Other	Other	Other	Other	Other	Other	Other	Other	Other	Other	Other	Other	Other	Other	Other	Other	Other	Other	Other	Other	Other	Other	Other	Other	Other
KF922510.1_48_1256_1	1696	566	0.14717511	TRUE	5.578884449	716	5.505296894	232.2162162	Betapapillomavirus	ncbi	Human	Human	Betapapillomavirus	Human_associated	KF922510.1	Other	Other	Other	Other	Other	Other	Other	Other	Other	Other	Other	Other	Other	Other	Other	Other	Other	Other	Other	Other	Other	Other	Other	Other	Other	Other	Other	Other	Other	Other	Other	Other	Other	Other	Other	Other	Other	Other	Other	Other	Other	Other	Other	Other	Other	Other
JX141478.1_123_1301_1	1285	152	0.188876199	TRUE	6.183880692	786	6.089442592	254.9189189	Taupapillomavirus	ncbi	Canine	Canine	Canis_familiaris	Canis_familiaris_associated	JX141478.1	Other	Other	Other	Other	Other	Other	Other	Other	Other	Other	Other	Other	Other	Other	Other	Other	Other	Other	Other	Other	Other	Other	Other	Other	Other	Other	Other	Other	Other	Other	Other	Other	Other	Other	Other	Other	Other	Other	Other	Other	Other	Other	Other	Other	Other	Other
JX413107.1_90_1298_1	1555	422	0.066768606	TRUE	5.757975469	860	5.724591166	278.9189189	Gammapapillomavirus	ncbi	Human	Human	Gammapapillomavirus	Human_associated	JX413107.1	Other	Other	Other	Other	Other	Other	Other	Other	Other	Other	Other	Other	Other	Other	Other	Other	Other	Other	Other	Other	Other	Other	Other	Other	Other	Other	Other	Other	Other	Other	Other	Other	Other	Other	Other	Other	Other	Other	Other	Other	Other	Other	Other	Other	Other	Other
KF006399.1_87_1295_1	1430	288	0.127274738	TRUE	6.806939452	1109	6.743302083	359.6756757	Gammapapillomavirus	ncbi	Human	Human	Gammapapillomavirus	Human_associated	KF006399.1	Other	Other	Other	Other	Other	Other	Other	Other	Other	Other	Other	Other	Other	Other	Other	Other	Other	Other	Other	Other	Other	Other	Other	Other	Other	Other	Other	Other	Other	Other	Other	Other	Other	Other	Other	Other	Other	Other	Other	Other	Other	Other	Other	Other	Other	Other
NC_001576.1_129_1307_1	NA	NA	NA	NA	NA	NA	NA	NA	NA	NA	NA	NA	NA	NA	NA	NA	NA	NA	NA	NA	NA	NA	NA	NA	NA	NA	NA	NA	NA	NA	NA	NA	NA	NA	NA	NA	NA	NA	NA	NA	NA	NA	NA	NA	NA	NA	NA	NA	NA	NA	NA	NA	NA	NA	NA	NA	NA	NA	NA	NA	NA
MF588686.1_90_1298_1	NA	NA	NA	NA	NA	NA	NA	NA	NA	NA	NA	NA	NA	NA	NA	NA	NA	NA	NA	NA	NA	NA	NA	NA	NA	NA	NA	NA	NA	NA	NA	NA	NA	NA	NA	NA	NA	NA	NA	NA	NA	NA	NA	NA	NA	NA	NA	NA	NA	NA	NA	NA	NA	NA	NA	NA	NA	NA	NA	NA	NA
OR952873.1_51_1229_1	1979	851	0.215559913	TRUE	5.908425486	366	5.80064553	118.7027027	Tylonycteris_robustula_associated	ncbi	Bat	Bat	Tylonycteris_robustula_associated	Tylonycteris_robustula_associated	OR952873.1	Other	Other	Other	Other	Other	Other	Other	Other	Other	Other	Other	Other	Other	Other	Other	Other	Other	Other	Other	Other	Other	Other	Other	Other	Other	Other	Other	Other	Other	Other	Other	Other	Other	Other	Other	Other	Other	Other	Other	Other	Other	Other	Other	Other	Other	Other
MF588687.1_123_1331_1	NA	NA	NA	NA	NA	NA	NA	NA	NA	NA	NA	NA	NA	NA	NA	NA	NA	NA	NA	NA	NA	NA	NA	NA	NA	NA	NA	NA	NA	NA	NA	NA	NA	NA	NA	NA	NA	NA	NA	NA	NA	NA	NA	NA	NA	NA	NA	NA	NA	NA	NA	NA	NA	NA	NA	NA	NA	NA	NA	NA	NA
OR952808.1_51_1229_1	1977	848	0.18031868	TRUE	5.88114095	363	5.790981611	117.7297297	Tylonycteris_pachypus_associated	ncbi	Bat	Bat	Tylonycteris_pachypus_associated	Tylonycteris_pachypus_associated	OR952808.1	Other	Other	Other	Other	Other	Other	Other	Other	Other	Other	Other	Other	Other	Other	Other	Other	Other	Other	Other	Other	Other	Other	Other	Other	Other	Other	Other	Other	Other	Other	Other	Other	Other	Other	Other	Other	Other	Other	Other	Other	Other	Other	Other	Other	Other	Other
BK066851.1_75_1304_1	2170	1053	0.230312108	TRUE	5.210407919	47	5.095251865	15.24324324	Gadus_morhua_associated	ncbi	Ray-finned Fish	Ray-finned Fish	Gadus_morhua_associated	Gadus_morhua_associated	BK066851.1	Other	Other	Other	Other	Other	Other	Other	Other	Other	Other	Other	Other	Other	Other	Other	Other	Other	Other	Other	Other	Other	Other	Other	Other	Other	Other	Other	Other	Other	Other	Other	Other	Other	Other	Other	Other	Other	Other	Other	Other	Other	Other	Other	Other	Other	Other
KX781282.1_99_1307_1	1601	472	0.096503702	TRUE	5.828174509	825	5.779922658	267.5675676	Human_associated	ncbi	Human	Human	Human_associated	Human_associated	KX781282.1	Other	Other	Other	Other	Other	Other	Other	Other	Other	Other	Other	Other	Other	Other	Other	Other	Other	Other	Other	Other	Other	Other	Other	Other	Other	Other	Other	Other	Other	Other	Other	Other	Other	Other	Other	Other	Other	Other	Other	Other	Other	Other	Other	Other	Other	Other
EU541442.1_87_1316_1	1519	377	0.108819164	TRUE	6.443182362	911	6.38877278	295.4594595	Gammapapillomavirus	ncbi	Human	Human	Gammapapillomavirus	Human_associated	EU541442.1	Other	Other	Other	Other	Other	Other	Other	Other	Other	Other	Other	Other	Other	Other	Other	Other	Other	Other	Other	Other	Other	Other	Other	Other	Other	Other	Other	Other	Other	Other	Other	Other	Other	Other	Other	Other	Other	Other	Other	Other	Other	Other	Other	Other	Other	Other
HG530535.1_69_1277_1	1436	297	0.104420842	TRUE	6.319640406	1054	6.267429986	341.8378378	Gammapapillomavirus	ncbi	Human	Human	Gammapapillomavirus	Human_associated	HG530535.1	Other	Other	Other	Other	Other	Other	Other	Other	Other	Other	Other	Other	Other	Other	Other	Other	Other	Other	Other	Other	Other	Other	Other	Other	Other	Other	Other	Other	Other	Other	Other	Other	Other	Other	Other	Other	Other	Other	Other	Other	Other	Other	Other	Other	Other	Other
HM999992.1_102_1334_1	1441	307	0.283570084	TRUE	6.296724628	1011	6.154939586	327.8918919	Gammapapillomavirus	ncbi	Human	Human	Gammapapillomavirus	Human_associated	HM999992.1	Other	Other	Other	Other	Other	Other	Other	Other	Other	Other	Other	Other	Other	Other	Other	Other	Other	Other	Other	Other	Other	Other	Other	Other	Other	Other	Other	Other	Other	Other	Other	Other	Other	Other	Other	Other	Other	Other	Other	Other	Other	Other	Other	Other	Other	Other
KM085343.1_135_1367_1	1549	412	0.115869166	TRUE	6.125565657	884	6.067631074	286.7027027	Gammapapillomavirus	ncbi	Human	Human	Gammapapillomavirus	Human_associated	KM085343.1	Other	Other	Other	Other	Other	Other	Other	Other	Other	Other	Other	Other	Other	Other	Other	Other	Other	Other	Other	Other	Other	Other	Other	Other	Other	Other	Other	Other	Other	Other	Other	Other	Other	Other	Other	Other	Other	Other	Other	Other	Other	Other	Other	Other	Other	Other
KY705374.1_117_1295_1	2052	929	0.346533033	TRUE	5.972534163	185	5.799267647	60	Bovine_associated	ncbi	Bovine	Bovine	Bovine_associated	Bovine_associated	KY705374.1	Other	Other	Other	Other	Other	Other	Other	Other	Other	Other	Other	Other	Other	Other	Other	Other	Other	Other	Other	Other	Other	Other	Other	Other	Other	Other	Other	Other	Other	Other	Other	Other	Other	Other	Other	Other	Other	Other	Other	Other	Other	Other	Other	Other	Other	Other
GU117634.1_99_1307_1	1601	471	0.081002552	TRUE	5.812673359	824	5.772172083	267.2432432	Gammapapillomavirus	ncbi	Human	Human	Gammapapillomavirus	Human_associated	GU117634.1	Other	Other	Other	Other	Other	Other	Other	Other	Other	Other	Other	Other	Other	Other	Other	Other	Other	Other	Other	Other	Other	Other	Other	Other	Other	Other	Other	Other	Other	Other	Other	Other	Other	Other	Other	Other	Other	Other	Other	Other	Other	Other	Other	Other	Other	Other
GQ845444.1_159_1367_1	NA	NA	NA	NA	NA	NA	NA	NA	NA	NA	NA	NA	NA	NA	NA	NA	NA	NA	NA	NA	NA	NA	NA	NA	NA	NA	NA	NA	NA	NA	NA	NA	NA	NA	NA	NA	NA	NA	NA	NA	NA	NA	NA	NA	NA	NA	NA	NA	NA	NA	NA	NA	NA	NA	NA	NA	NA	NA	NA	NA	NA
KT932713.1_54_1232_1	2057	938	0.373460058	TRUE	5.093813049	175	4.90708302	56.75675676	Dyokappapapillomavirus	ncbi	Cervine	Cervine	Pudu_puda	Pudu_puda_associated	KT932713.1	Other	Other	Other	Other	Other	Other	Other	Other	Other	Other	Other	Other	Other	Other	Other	Other	Other	Other	Other	Other	Other	Other	Other	Other	Other	Other	Other	Other	Other	Other	Other	Other	Other	Other	Other	Other	Other	Other	Other	Other	Other	Other	Other	Other	Other	Other
AY382779.2_117_1325_1	1705	580	0.10925403	TRUE	5.387417071	701	5.332790056	227.3513514	Betapapillomavirus	ncbi	Human	Human	Betapapillomavirus	Human_associated	AY382779.2	Other	Other	Other	Other	Other	Other	Other	Other	Other	Other	Other	Other	Other	Other	Other	Other	Other	Other	Other	Other	Other	Other	Other	Other	Other	Other	Other	Other	Other	Other	Other	Other	Other	Other	Other	Other	Other	Other	Other	Other	Other	Other	Other	Other	Other	Other
NC_001354.1_225_1487_1	1930	804	0.337487731	TRUE	6.001575635	375	5.832831769	121.6216216	Nupapillomavirus	ncbi	Human	Human	Nupapillomavirus	Human_associated	NC	Other	Other	Other	Other	Other	Other	Other	Other	Other	Other	Other	Other	Other	Other	Other	Other	Other	Other	Other	Other	Other	Other	Other	Other	Other	Other	Other	Other	Other	Other	Other	Other	Other	Other	Other	Other	Other	Other	Other	Other	Other	Other	Other	Other	Other	Other
MF588757.1_54_1325_1	1839	712	0.119456619	TRUE	5.414004301	242	5.354275991	78.48648649	Human_associated	ncbi	Human	Human	Human_associated	Human_associated	MF588757.1	Other	Other	Other	Other	Other	Other	Other	Other	Other	Other	Other	Other	Other	Other	Other	Other	Other	Other	Other	Other	Other	Other	Other	Other	Other	Other	Other	Other	Other	Other	Other	Other	Other	Other	Other	Other	Other	Other	Other	Other	Other	Other	Other	Other	Other	Other
KJ173785.1_117_1295_1	2140	1023	0.447985236	TRUE	5.12622645	90	4.902233832	29.18918919	Pygoscelis_adeliae_asspcoated	ncbi	Avian	Avian	Pygoscelis_adeliae_asspcoated	Pygoscelis_adeliae_asspcoated	KJ173785.1	Other	Other	Other	Other	Other	Other	Other	Other	Other	Other	Other	Other	Other	Other	Other	Other	Other	Other	Other	Other	Other	Other	Other	Other	Other	Other	Other	Other	Other	Other	Other	Other	Other	Other	Other	Other	Other	Other	Other	Other	Other	Other	Other	Other	Other	Other
MF588704.1_78_1310_1	NA	NA	NA	NA	NA	NA	NA	NA	NA	NA	NA	NA	NA	NA	NA	NA	NA	NA	NA	NA	NA	NA	NA	NA	NA	NA	NA	NA	NA	NA	NA	NA	NA	NA	NA	NA	NA	NA	NA	NA	NA	NA	NA	NA	NA	NA	NA	NA	NA	NA	NA	NA	NA	NA	NA	NA	NA	NA	NA	NA	NA
MF327536.1_222_1400_1	NA	NA	NA	NA	NA	NA	NA	NA	NA	NA	NA	NA	NA	NA	NA	NA	NA	NA	NA	NA	NA	NA	NA	NA	NA	NA	NA	NA	NA	NA	NA	NA	NA	NA	NA	NA	NA	NA	NA	NA	NA	NA	NA	NA	NA	NA	NA	NA	NA	NA	NA	NA	NA	NA	NA	NA	NA	NA	NA	NA	NA
KP861980.1_204_1382_1	1225	96	0.13174694	TRUE	5.293347227	493	5.227473757	159.8918919	Dyoomikronpapillomavirus	ncbi	Non-human Primate	Non-human Primate	Alouatta_guariba	Alouatta_guariba_associated	KP861980.1	Other	Other	Other	Other	Other	Other	Other	Other	Other	Other	Other	Other	Other	Other	Other	Other	Other	Other	Other	Other	Other	Other	Other	Other	Other	Other	Other	Other	Other	Other	Other	Other	Other	Other	Other	Other	Other	Other	Other	Other	Other	Other	Other	Other	Other	Other
MG571090.1_123_1361_1	1795	663	0.676430895	TRUE	6.179716064	249	5.841500617	80.75675676	Leptonychotes_weddellii_associated	ncbi	Pinnipeds	Other	Leptonychotes_weddellii_associated	Leptonychotes_weddellii_associated	MG571090.1	Other	Other	Other	Other	Other	Other	Other	Other	Other	Other	Other	Other	Other	Other	Other	Other	Other	Other	Other	Other	Other	Other	Other	Other	Other	Other	Other	Other	Other	Other	Other	Other	Other	Other	Other	Other	Other	Other	Other	Other	Other	Other	Other	Other	Other	Other
MF588712.1_48_1256_1	1465	329	0.139972917	TRUE	6.578710969	1047	6.50872451	339.5675676	Gammapapillomavirus	ncbi	Human	Human	Gammapapillomavirus	Human_associated	MF588712.1	Other	Other	Other	Other	Other	Other	Other	Other	Other	Other	Other	Other	Other	Other	Other	Other	Other	Other	Other	Other	Other	Other	Other	Other	Other	Other	Other	Other	Other	Other	Other	Other	Other	Other	Other	Other	Other	Other	Other	Other	Other	Other	Other	Other	Other	Other
KT698168.1_78_1289_1	1560	426	0.098658156	TRUE	5.903053029	865	5.853723951	280.5405405	Gammapapillomavirus	ncbi	Human	Human	Gammapapillomavirus	Human_associated	KT698168.1	Other	Other	Other	Other	Other	Other	Other	Other	Other	Other	Other	Other	Other	Other	Other	Other	Other	Other	Other	Other	Other	Other	Other	Other	Other	Other	Other	Other	Other	Other	Other	Other	Other	Other	Other	Other	Other	Other	Other	Other	Other	Other	Other	Other	Other	Other
KX812447.1_174_1385_1	1849	723	0.113972883	TRUE	5.913912637	301	5.856926196	97.62162162	Molossus_molossus_associated	ncbi	Bat	Bat	Molossus_molossus_associated	Molossus_molossus_associated	KX812447.1	Other	Other	Other	Other	Other	Other	Other	Other	Other	Other	Other	Other	Other	Other	Other	Other	Other	Other	Other	Other	Other	Other	Other	Other	Other	Other	Other	Other	Other	Other	Other	Other	Other	Other	Other	Other	Other	Other	Other	Other	Other	Other	Other	Other	Other	Other
KR816171.1_90_1301_1	1555	421	0.115270939	TRUE	5.806477802	859	5.748842332	278.5945946	Gammapapillomavirus	ncbi	Human	Human	Gammapapillomavirus	Human_associated	KR816171.1	Other	Other	Other	Other	Other	Other	Other	Other	Other	Other	Other	Other	Other	Other	Other	Other	Other	Other	Other	Other	Other	Other	Other	Other	Other	Other	Other	Other	Other	Other	Other	Other	Other	Other	Other	Other	Other	Other	Other	Other	Other	Other	Other	Other	Other	Other
KR816179.1_93_1304_1	1494	354	0.1955266	TRUE	6.661813116	991	6.564049816	321.4054054	Gammapapillomavirus	ncbi	Human	Human	Gammapapillomavirus	Human_associated	KR816179.1	Other	Other	Other	Other	Other	Other	Other	Other	Other	Other	Other	Other	Other	Other	Other	Other	Other	Other	Other	Other	Other	Other	Other	Other	Other	Other	Other	Other	Other	Other	Other	Other	Other	Other	Other	Other	Other	Other	Other	Other	Other	Other	Other	Other	Other	Other
MF588720.1_150_1358_1	1336	195	0.060447917	TRUE	6.307828436	966	6.277604477	313.2972973	Gammapapillomavirus	ncbi	Human	Human	Gammapapillomavirus	Human_associated	MF588720.1	Other	Other	Other	Other	Other	Other	Other	Other	Other	Other	Other	Other	Other	Other	Other	Other	Other	Other	Other	Other	Other	Other	Other	Other	Other	Other	Other	Other	Other	Other	Other	Other	Other	Other	Other	Other	Other	Other	Other	Other	Other	Other	Other	Other	Other	Other
MF509820.1_105_1316_1	1459	316	0.236087473	TRUE	6.75004018	1039	6.631996444	336.972973	Human_associated	ncbi	Human	Human	Human_associated	Human_associated	MF509820.1	Other	Other	Other	Other	Other	Other	Other	Other	Other	Other	Other	Other	Other	Other	Other	Other	Other	Other	Other	Other	Other	Other	Other	Other	Other	Other	Other	Other	Other	Other	Other	Other	Other	Other	Other	Other	Other	Other	Other	Other	Other	Other	Other	Other	Other	Other
EF558839.2_87_1250_1	1211	76	0.068723298	TRUE	5.727290064	517	5.692928415	167.6756757	Alphapapillomavirus	ncbi	Human	Human	Alphapapillomavirus	Human_associated	EF558839.2	Other	Other	Other	Other	Other	Other	Other	Other	Other	Other	Other	Other	Other	Other	Other	Other	Other	Other	Other	Other	Other	Other	Other	Other	Other	Other	Other	Other	Other	Other	Other	Other	Other	Other	Other	Other	Other	Other	Other	Other	Other	Other	Other	Other	Other	Other
MF356498.1_93_1304_1	NA	NA	NA	NA	NA	NA	NA	NA	NA	NA	NA	NA	NA	NA	NA	NA	NA	NA	NA	NA	NA	NA	NA	NA	NA	NA	NA	NA	NA	NA	NA	NA	NA	NA	NA	NA	NA	NA	NA	NA	NA	NA	NA	NA	NA	NA	NA	NA	NA	NA	NA	NA	NA	NA	NA	NA	NA	NA	NA	NA	NA
KP692175.1_78_1289_1	1533	398	0.123295144	TRUE	6.126202653	890	6.064555081	288.6486486	Human_associated	ncbi	Human	Human	Human_associated	Human_associated	KP692175.1	Other	Other	Other	Other	Other	Other	Other	Other	Other	Other	Other	Other	Other	Other	Other	Other	Other	Other	Other	Other	Other	Other	Other	Other	Other	Other	Other	Other	Other	Other	Other	Other	Other	Other	Other	Other	Other	Other	Other	Other	Other	Other	Other	Other	Other	Other
MF588740.1_72_1280_1	1430	289	0.162110492	TRUE	6.841775206	1110	6.76071996	360	Gammapapillomavirus	ncbi	Human	Human	Gammapapillomavirus	Human_associated	MF588740.1	Other	Other	Other	Other	Other	Other	Other	Other	Other	Other	Other	Other	Other	Other	Other	Other	Other	Other	Other	Other	Other	Other	Other	Other	Other	Other	Other	Other	Other	Other	Other	Other	Other	Other	Other	Other	Other	Other	Other	Other	Other	Other	Other	Other	Other	Other
MF588724.1_153_1361_1	1499	358	0.072314804	TRUE	6.545909453	1000	6.509752051	324.3243243	Gammapapillomavirus	ncbi	Human	Human	Gammapapillomavirus	Human_associated	MF588724.1	Other	Other	Other	Other	Other	Other	Other	Other	Other	Other	Other	Other	Other	Other	Other	Other	Other	Other	Other	Other	Other	Other	Other	Other	Other	Other	Other	Other	Other	Other	Other	Other	Other	Other	Other	Other	Other	Other	Other	Other	Other	Other	Other	Other	Other	Other
MG571093.1_45_1253_1	2027	905	0.451127774	TRUE	5.304507941	204	5.078944054	66.16216216	Leptonychotes_weddellii_associated	ncbi	Pinnipeds	Other	Leptonychotes_weddellii_associated	Leptonychotes_weddellii_associated	MG571093.1	Other	Other	Other	Other	Other	Other	Other	Other	Other	Other	Other	Other	Other	Other	Other	Other	Other	Other	Other	Other	Other	Other	Other	Other	Other	Other	Other	Other	Other	Other	Other	Other	Other	Other	Other	Other	Other	Other	Other	Other	Other	Other	Other	Other	Other	Other
JF304765.1_117_1295_1	1227	97	0.066460541	TRUE	5.376436596	495	5.343206326	160.5405405	Dyoomikronpapillomavirus	ncbi	Non-human Primate	Non-human Primate	Saimiri_sciureus	Saimiri_sciureus_associated	JF304765.1	Other	Other	Other	Other	Other	Other	Other	Other	Other	Other	Other	Other	Other	Other	Other	Other	Other	Other	Other	Other	Other	Other	Other	Other	Other	Other	Other	Other	Other	Other	Other	Other	Other	Other	Other	Other	Other	Other	Other	Other	Other	Other	Other	Other	Other	Other
EU541441.1_141_1352_1	1587	461	0.177539323	TRUE	5.751701047	834	5.662931386	270.4864865	Gammapapillomavirus	ncbi	Human	Human	Gammapapillomavirus	Human_associated	EU541441.1	Other	Other	Other	Other	Other	Other	Other	Other	Other	Other	Other	Other	Other	Other	Other	Other	Other	Other	Other	Other	Other	Other	Other	Other	Other	Other	Other	Other	Other	Other	Other	Other	Other	Other	Other	Other	Other	Other	Other	Other	Other	Other	Other	Other	Other	Other
FJ804072.1_48_1259_1	1467	325	0.188523734	TRUE	6.82007421	1049	6.725812343	340.2162162	Gammapapillomavirus	ncbi	Human	Human	Gammapapillomavirus	Human_associated	FJ804072.1	Other	Other	Other	Other	Other	Other	Other	Other	Other	Other	Other	Other	Other	Other	Other	Other	Other	Other	Other	Other	Other	Other	Other	Other	Other	Other	Other	Other	Other	Other	Other	Other	Other	Other	Other	Other	Other	Other	Other	Other	Other	Other	Other	Other	Other	Other
MF588786.1_135_1364_1	1549	411	0.078908742	TRUE	6.088605233	883	6.049150862	286.3783784	Gammapapillomavirus	ncbi	Human	Human	Gammapapillomavirus	Human_associated	MF588786.1	Other	Other	Other	Other	Other	Other	Other	Other	Other	Other	Other	Other	Other	Other	Other	Other	Other	Other	Other	Other	Other	Other	Other	Other	Other	Other	Other	Other	Other	Other	Other	Other	Other	Other	Other	Other	Other	Other	Other	Other	Other	Other	Other	Other	Other	Other
KR816167.1_93_1322_1	1526	390	0.175281218	TRUE	6.207527953	898	6.119887344	291.2432432	Gammapapillomavirus	ncbi	Human	Human	Gammapapillomavirus	Human_associated	KR816167.1	Other	Other	Other	Other	Other	Other	Other	Other	Other	Other	Other	Other	Other	Other	Other	Other	Other	Other	Other	Other	Other	Other	Other	Other	Other	Other	Other	Other	Other	Other	Other	Other	Other	Other	Other	Other	Other	Other	Other	Other	Other	Other	Other	Other	Other	Other
MF588727.1_135_1346_1	1492	357	0.094868431	TRUE	6.467789356	989	6.42035514	320.7567568	Gammapapillomavirus	ncbi	Human	Human	Gammapapillomavirus	Human_associated	MF588727.1	Other	Other	Other	Other	Other	Other	Other	Other	Other	Other	Other	Other	Other	Other	Other	Other	Other	Other	Other	Other	Other	Other	Other	Other	Other	Other	Other	Other	Other	Other	Other	Other	Other	Other	Other	Other	Other	Other	Other	Other	Other	Other	Other	Other	Other	Other
MG837559.1_99_1310_1	1562	436	0.424297008	TRUE	5.727624245	851	5.515475741	276	Macaca_mulatta_associated	ncbi	Non-human Primate	Non-human Primate	Macaca_mulatta_associated	Macaca_mulatta_associated	MG837559.1	Other	Other	Other	Other	Other	Other	Other	Other	Other	Other	Other	Other	Other	Other	Other	Other	Other	Other	Other	Other	Other	Other	Other	Other	Other	Other	Other	Other	Other	Other	Other	Other	Other	Other	Other	Other	Other	Other	Other	Other	Other	Other	Other	Other	Other	Other
MF588695.1_78_1289_1	1560	427	0.118365428	TRUE	5.922760301	866	5.863577587	280.8648649	Gammapapillomavirus	ncbi	Human	Human	Gammapapillomavirus	Human_associated	MF588695.1	Other	Other	Other	Other	Other	Other	Other	Other	Other	Other	Other	Other	Other	Other	Other	Other	Other	Other	Other	Other	Other	Other	Other	Other	Other	Other	Other	Other	Other	Other	Other	Other	Other	Other	Other	Other	Other	Other	Other	Other	Other	Other	Other	Other	Other	Other
MF588710.1_126_1337_1	1471	331	0.072041778	TRUE	6.735030075	1045	6.699009186	338.9189189	Gammapapillomavirus	ncbi	Human	Human	Gammapapillomavirus	Human_associated	MF588710.1	Other	Other	Other	Other	Other	Other	Other	Other	Other	Other	Other	Other	Other	Other	Other	Other	Other	Other	Other	Other	Other	Other	Other	Other	Other	Other	Other	Other	Other	Other	Other	Other	Other	Other	Other	Other	Other	Other	Other	Other	Other	Other	Other	Other	Other	Other
MF588694.1_48_1259_1	1469	326	0.186883701	TRUE	6.772592651	1051	6.6791508	340.8648649	Gammapapillomavirus	ncbi	Human	Human	Gammapapillomavirus	Human_associated	MF588694.1	Other	Other	Other	Other	Other	Other	Other	Other	Other	Other	Other	Other	Other	Other	Other	Other	Other	Other	Other	Other	Other	Other	Other	Other	Other	Other	Other	Other	Other	Other	Other	Other	Other	Other	Other	Other	Other	Other	Other	Other	Other	Other	Other	Other	Other	Other
JQ031033.1_126_1289_1	2113	997	0.342606589	TRUE	5.04360264	114	4.872299346	36.97297297	Dyoiotapapillomavirus	ncbi	Equine	Equine	Equus_caballus	Equus_caballus_associated	JQ031033.1	Other	Other	Other	Other	Other	Other	Other	Other	Other	Other	Other	Other	Other	Other	Other	Other	Other	Other	Other	Other	Other	Other	Other	Other	Other	Other	Other	Other	Other	Other	Other	Other	Other	Other	Other	Other	Other	Other	Other	Other	Other	Other	Other	Other	Other	Other
MF588685.1_90_1301_1	NA	NA	NA	NA	NA	NA	NA	NA	NA	NA	NA	NA	NA	NA	NA	NA	NA	NA	NA	NA	NA	NA	NA	NA	NA	NA	NA	NA	NA	NA	NA	NA	NA	NA	NA	NA	NA	NA	NA	NA	NA	NA	NA	NA	NA	NA	NA	NA	NA	NA	NA	NA	NA	NA	NA	NA	NA	NA	NA	NA	NA
MW428430.1_57_1088_1	2096	972	1.03e-06	TRUE	5.909542674	170	5.909542161	55.13513514	Bos_taurus_associated	ncbi	Cattle	Bovine	Bos_taurus_associated	Bos_taurus_associated	MW428430.1	Other	Other	Other	Other	Other	Other	Other	Other	Other	Other	Other	Other	Other	Other	Other	Other	Other	Other	Other	Other	Other	Other	Other	Other	Other	Other	Other	Other	Other	Other	Other	Other	Other	Other	Other	Other	Other	Other	Other	Other	Other	Other	Other	Other	Other	Other
MW582900.1_141_1166_1	2199	1110	2.039053846	TRUE	3.126239842	10	2.106712919	3.243243243	Rhinella_marina_associated	ncbi	Amphibian	Amphibian	Rhinella_marina_associated	Rhinella_marina_associated	MW582900.1	Other	Other	Other	Other	Other	Other	Other	Other	Other	Other	Other	Other	Other	Other	Other	Other	Other	Other	Other	Other	Other	Other	Other	Other	Other	Other	Other	Other	Other	Other	Other	Other	Other	Other	Other	Other	Other	Other	Other	Other	Other	Other	Other	Other	Other	Other
OR952900.1_78_1250_1	1961	835	0.122355286	TRUE	5.574988903	314	5.51381126	101.8378378	Rhinolophus_ferrumequinum_associated	ncbi	Bat	Bat	Rhinolophus_ferrumequinum_associated	Rhinolophus_ferrumequinum_associated	OR952900.1	Other	Other	Other	Other	Other	Other	Other	Other	Other	Other	Other	Other	Other	Other	Other	Other	Other	Other	Other	Other	Other	Other	Other	Other	Other	Other	Other	Other	Other	Other	Other	Other	Other	Other	Other	Other	Other	Other	Other	Other	Other	Other	Other	Other	Other	Other
OP432240.1_63_1232_1	2038	916	0.131058506	TRUE	5.270372286	214	5.204843033	69.40540541	Chipapillomavirus	ncbi	Canine	Canine	Canis_familiaris	Canis_familiaris_associated	OP432240.1	Other	Other	Other	Other	Other	Other	Other	Other	Other	Other	Other	Other	Other	Other	Other	Other	Other	Other	Other	Other	Other	Other	Other	Other	Other	Other	Other	Other	Other	Other	Other	Other	Other	Other	Other	Other	Other	Other	Other	Other	Other	Other	Other	Other	Other	Other
JF800658.1_1602_2786_1	2037	910	0.25538086	TRUE	5.687363344	222	5.559672914	72	Chipapillomavirus	ncbi	Canine	Canine	Canis_familiaris	Canis_familiaris_associated	JF800658.1	Other	Other	Other	Other	Other	Other	Other	Other	Other	Other	Other	Other	Other	Other	Other	Other	Other	Other	Other	Other	Other	Other	Other	Other	Other	Other	Other	Other	Other	Other	Other	Other	Other	Other	Other	Other	Other	Other	Other	Other	Other	Other	Other	Other	Other	Other
U83595.1_57_1229_1	2079	958	0.082901742	TRUE	5.658857546	152	5.617406675	49.2972973	Deltapapillomavirus	ncbi	Ovine	Other	Ovine	Ovine_associated	U83595.1	Other	Other	Other	Other	Other	Other	Other	Other	Other	Other	Other	Other	Other	Other	Other	Other	Other	Other	Other	Other	Other	Other	Other	Other	Other	Other	Other	Other	Other	Other	Other	Other	Other	Other	Other	Other	Other	Other	Other	Other	Other	Other	Other	Other	Other	Other
BK066841.1_57_1214_1	2204	1094	0.670091387	TRUE	3.559471141	21	3.224425447	6.810810811	Rana_jiemuxiensis_associated	ncbi	Amphibian	Amphibian	Rana_jiemuxiensis_associated	Rana_jiemuxiensis_associated	BK066841.1	Other	Other	Other	Other	Other	Other	Other	Other	Other	Other	Other	Other	Other	Other	Other	Other	Other	Other	Other	Other	Other	Other	Other	Other	Other	Other	Other	Other	Other	Other	Other	Other	Other	Other	Other	Other	Other	Other	Other	Other	Other	Other	Other	Other	Other	Other
KX098515.1_75_1262_1	1756	626	0.130725287	TRUE	5.776567976	645	5.711205333	209.1891892	Xipapillomavirus	ncbi	Cattle	Bovine	Bos_taurus	Bos_taurus_associated	KX098515.1	Other	Other	Other	Other	Other	Other	Other	Other	Other	Other	Other	Other	Other	Other	Other	Other	Other	Other	Other	Other	Other	Other	Other	Other	Other	Other	Other	Other	Other	Other	Other	Other	Other	Other	Other	Other	Other	Other	Other	Other	Other	Other	Other	Other	Other	Other
BK066313.1_45_1187_1	2211	1099	0.378884215	TRUE	4.315183129	25	4.125741021	8.108108108	Rana_jiemuxiensis_associated	ncbi	Amphibian	Amphibian	Rana_jiemuxiensis_associated	Rana_jiemuxiensis_associated	BK066313.1	Other	Other	Other	Other	Other	Other	Other	Other	Other	Other	Other	Other	Other	Other	Other	Other	Other	Other	Other	Other	Other	Other	Other	Other	Other	Other	Other	Other	Other	Other	Other	Other	Other	Other	Other	Other	Other	Other	Other	Other	Other	Other	Other	Other	Other	Other
KT944080.1_147_1316_1	1214	81	0.119355995	TRUE	5.734583798	521	5.6749058	168.972973	Alphapapillomavirus	ncbi	Human	Human	Alphapapillomavirus	Human_associated	KT944080.1	Other	Other	Other	Other	Other	Other	Other	Other	Other	Other	Other	Other	Other	Other	Other	Other	Other	Other	Other	Other	Other	Other	Other	Other	Other	Other	Other	Other	Other	Other	Other	Other	Other	Other	Other	Other	Other	Other	Other	Other	Other	Other	Other	Other	Other	Other
OR952862.1_51_1187_1	2190	1079	0.22777305	TRUE	5.895681703	35	5.781795178	11.35135135	Myotis_ricketti_associated	ncbi	Bat	Bat	Myotis_ricketti_associated	Myotis_ricketti_associated	OR952862.1	Other	Other	Other	Other	Other	Other	Other	Other	Other	Other	Other	Other	Other	Other	Other	Other	Other	Other	Other	Other	Other	Other	Other	Other	Other	Other	Other	Other	Other	Other	Other	Other	Other	Other	Other	Other	Other	Other	Other	Other	Other	Other	Other	Other	Other	Other
BK066795.1_45_1154_1	2218	1109	1.308241113	TRUE	3.538176935	12	2.884056378	3.891891892	Leptobrachium_leishanense_associated	ncbi	Amphibian	Amphibian	Leptobrachium_leishanense_associated	Leptobrachium_leishanense_associated	BK066795.1	Other	Other	Other	Other	Other	Other	Other	Other	Other	Other	Other	Other	Other	Other	Other	Other	Other	Other	Other	Other	Other	Other	Other	Other	Other	Other	Other	Other	Other	Other	Other	Other	Other	Other	Other	Other	Other	Other	Other	Other	Other	Other	Other	Other	Other	Other
OR952878.1_93_1265_1	NA	NA	NA	NA	NA	NA	NA	NA	NA	NA	NA	NA	NA	NA	NA	NA	NA	NA	NA	NA	NA	NA	NA	NA	NA	NA	NA	NA	NA	NA	NA	NA	NA	NA	NA	NA	NA	NA	NA	NA	NA	NA	NA	NA	NA	NA	NA	NA	NA	NA	NA	NA	NA	NA	NA	NA	NA	NA	NA	NA	NA
PP711991.1_84_1079_1	1962	874	0.722955996	TRUE	5.694512044	335	5.333034046	108.6486486	Eidolon_associated	ncbi	Bat	Bat	Eidolon_associated	Eidolon_associated	PP711991.1	Other	Other	Other	Other	Other	Other	Other	Other	Other	Other	Other	Other	Other	Other	Other	Other	Other	Other	Other	Other	Other	Other	Other	Other	Other	Other	Other	Other	Other	Other	Other	Other	Other	Other	Other	Other	Other	Other	Other	Other	Other	Other	Other	Other	Other	Other
KX954121.1_150_1319_1	NA	NA	NA	NA	NA	NA	NA	NA	NA	NA	NA	NA	NA	NA	NA	NA	NA	NA	NA	NA	NA	NA	NA	NA	NA	NA	NA	NA	NA	NA	NA	NA	NA	NA	NA	NA	NA	NA	NA	NA	NA	NA	NA	NA	NA	NA	NA	NA	NA	NA	NA	NA	NA	NA	NA	NA	NA	NA	NA	NA	NA
OR952861.1_69_1205_1	2189	1077	0.473421703	TRUE	5.926578046	33	5.689867194	10.7027027	Myotis_ricketti_associated	ncbi	Bat	Bat	Myotis_ricketti_associated	Myotis_ricketti_associated	OR952861.1	Other	Other	Other	Other	Other	Other	Other	Other	Other	Other	Other	Other	Other	Other	Other	Other	Other	Other	Other	Other	Other	Other	Other	Other	Other	Other	Other	Other	Other	Other	Other	Other	Other	Other	Other	Other	Other	Other	Other	Other	Other	Other	Other	Other	Other	Other
JX885598.1_0_1139_1	1935	810	0.276067188	TRUE	5.640683348	306	5.502649754	99.24324324	Eidolon_helvum_associated	ncbi	Bat	Bat	Eidolon_helvum_associated	Eidolon_helvum_associated	JX885598.1	Other	Other	Other	Other	Other	Other	Other	Other	Other	Other	Other	Other	Other	Other	Other	Other	Other	Other	Other	Other	Other	Other	Other	Other	Other	Other	Other	Other	Other	Other	Other	Other	Other	Other	Other	Other	Other	Other	Other	Other	Other	Other	Other	Other	Other	Other
EF558843.1_147_1316_1	1213	79	0.063922251	TRUE	5.685286154	519	5.653325029	168.3243243	Alphapapillomavirus	ncbi	Human	Human	Alphapapillomavirus	Human_associated	EF558843.1	Other	Other	Other	Other	Other	Other	Other	Other	Other	Other	Other	Other	Other	Other	Other	Other	Other	Other	Other	Other	Other	Other	Other	Other	Other	Other	Other	Other	Other	Other	Other	Other	Other	Other	Other	Other	Other	Other	Other	Other	Other	Other	Other	Other	Other	Other
BK066884.1_180_1280_1	2198	1088	0.289104399	TRUE	2.724635455	2	2.580083256	0.648648649	Ambystoma_mexicanum_associated	ncbi	Salamander	Other	Ambystoma_mexicanum_associated	Ambystoma_mexicanum_associated	BK066884.1	Other	Other	Other	Other	Other	Other	Other	Other	Other	Other	Other	Other	Other	Other	Other	Other	Other	Other	Other	Other	Other	Other	Other	Other	Other	Other	Other	Other	Other	Other	Other	Other	Other	Other	Other	Other	Other	Other	Other	Other	Other	Other	Other	Other	Other	Other
MT130100.1_90_1259_1	2083	965	0.255826614	TRUE	5.58553247	141	5.457619163	45.72972973	Deltapapillomavirus	ncbi	Camelids	Other	Camelus_dromedarius	Camelus_dromedarius_associated	MT130100.1	Other	Other	Other	Other	Other	Other	Other	Other	Other	Other	Other	Other	Other	Other	Other	Other	Other	Other	Other	Other	Other	Other	Other	Other	Other	Other	Other	Other	Other	Other	Other	Other	Other	Other	Other	Other	Other	Other	Other	Other	Other	Other	Other	Other	Other	Other
BK066762.1_57_1157_1	2218	1108	0.804421179	TRUE	3.034357001	11	2.632146411	3.567567568	Leptobrachium_leishanense_associated	ncbi	Amphibian	Amphibian	Leptobrachium_leishanense_associated	Leptobrachium_leishanense_associated	BK066762.1	Other	Other	Other	Other	Other	Other	Other	Other	Other	Other	Other	Other	Other	Other	Other	Other	Other	Other	Other	Other	Other	Other	Other	Other	Other	Other	Other	Other	Other	Other	Other	Other	Other	Other	Other	Other	Other	Other	Other	Other	Other	Other	Other	Other	Other	Other
MW888448.1_51_1190_1	2125	1010	0.454910625	TRUE	5.607832947	99	5.380377634	32.10810811	Anas_platyrhynchos_associated	ncbi	Avian	Avian	Anas_platyrhynchos_associated	Anas_platyrhynchos_associated	MW888448.1	Other	Other	Other	Other	Other	Other	Other	Other	Other	Other	Other	Other	Other	Other	Other	Other	Other	Other	Other	Other	Other	Other	Other	Other	Other	Other	Other	Other	Other	Other	Other	Other	Other	Other	Other	Other	Other	Other	Other	Other	Other	Other	Other	Other	Other	Other
OP870083.1_225_1385_1	2111	994	0.568541784	TRUE	5.030696022	116	4.74642513	37.62162162	Equus_caballus_associated	ncbi	Equine	Equine	Equus_caballus_associated	Equus_caballus_associated	OP870083.1	Other	Other	Other	Other	Other	Other	Other	Other	Other	Other	Other	Other	Other	Other	Other	Other	Other	Other	Other	Other	Other	Other	Other	Other	Other	Other	Other	Other	Other	Other	Other	Other	Other	Other	Other	Other	Other	Other	Other	Other	Other	Other	Other	Other	Other	Other
GQ227670.1_228_1394_1	NA	NA	NA	NA	NA	NA	NA	NA	NA	NA	NA	NA	NA	NA	NA	NA	NA	NA	NA	NA	NA	NA	NA	NA	NA	NA	NA	NA	NA	NA	NA	NA	NA	NA	NA	NA	NA	NA	NA	NA	NA	NA	NA	NA	NA	NA	NA	NA	NA	NA	NA	NA	NA	NA	NA	NA	NA	NA	NA	NA	NA
EF558842.1_198_1364_1	1215	83	0.135192759	TRUE	5.783822647	513	5.716226268	166.3783784	Alphapapillomavirus	ncbi	Human	Human	Alphapapillomavirus	Human_associated	EF558842.1	Other	Other	Other	Other	Other	Other	Other	Other	Other	Other	Other	Other	Other	Other	Other	Other	Other	Other	Other	Other	Other	Other	Other	Other	Other	Other	Other	Other	Other	Other	Other	Other	Other	Other	Other	Other	Other	Other	Other	Other	Other	Other	Other	Other	Other	Other
OR952847.1_51_1238_1	1966	845	0.224987514	TRUE	5.588067251	338	5.475573494	109.6216216	Scotophilus_kuhlii_associated	ncbi	Bat	Bat	Scotophilus_kuhlii_associated	Scotophilus_kuhlii_associated	OR952847.1	Other	Other	Other	Other	Other	Other	Other	Other	Other	Other	Other	Other	Other	Other	Other	Other	Other	Other	Other	Other	Other	Other	Other	Other	Other	Other	Other	Other	Other	Other	Other	Other	Other	Other	Other	Other	Other	Other	Other	Other	Other	Other	Other	Other	Other	Other
OR952884.1_63_1250_1	1851	726	0.614629944	TRUE	6.115924489	294	5.808609517	95.35135135	Taphozous_melanopogon_associated	ncbi	Bat	Bat	Taphozous_melanopogon_associated	Taphozous_melanopogon_associated	OR952884.1	Other	Other	Other	Other	Other	Other	Other	Other	Other	Other	Other	Other	Other	Other	Other	Other	Other	Other	Other	Other	Other	Other	Other	Other	Other	Other	Other	Other	Other	Other	Other	Other	Other	Other	Other	Other	Other	Other	Other	Other	Other	Other	Other	Other	Other	Other
OR952864.1_9_1196_1	1903	774	0.505225332	TRUE	6.32650158	405	6.073888914	131.3513514	Miniopterus_pusillus_associated	ncbi	Bat	Bat	Miniopterus_pusillus_associated	Miniopterus_pusillus_associated	OR952864.1	Other	Other	Other	Other	Other	Other	Other	Other	Other	Other	Other	Other	Other	Other	Other	Other	Other	Other	Other	Other	Other	Other	Other	Other	Other	Other	Other	Other	Other	Other	Other	Other	Other	Other	Other	Other	Other	Other	Other	Other	Other	Other	Other	Other	Other	Other
KJ719447.1_42_1205_1	2088	967	0.118493417	TRUE	5.826199718	158	5.766953009	51.24324324	Deltapapillomavirus	ncbi	Cervine	Cervine	Rangifer_tarandus	Rangifer_tarandus_associated	KJ719447.1	Other	Other	Other	Other	Other	Other	Other	Other	Other	Other	Other	Other	Other	Other	Other	Other	Other	Other	Other	Other	Other	Other	Other	Other	Other	Other	Other	Other	Other	Other	Other	Other	Other	Other	Other	Other	Other	Other	Other	Other	Other	Other	Other	Other	Other	Other
EF558838.1_240_1406_1	1215	82	0.11005402	TRUE	5.758683909	512	5.703656898	166.0540541	Alphapapillomavirus	ncbi	Human	Human	Alphapapillomavirus	Human_associated	EF558838.1	Other	Other	Other	Other	Other	Other	Other	Other	Other	Other	Other	Other	Other	Other	Other	Other	Other	Other	Other	Other	Other	Other	Other	Other	Other	Other	Other	Other	Other	Other	Other	Other	Other	Other	Other	Other	Other	Other	Other	Other	Other	Other	Other	Other	Other	Other
OR952786.1_75_1262_1	1867	732	0.10675709	TRUE	6.047360647	437	5.993982102	141.7297297	Rhinolophus_pusillus_associated	ncbi	Bat	Bat	Rhinolophus_pusillus_associated	Rhinolophus_pusillus_associated	OR952786.1	Other	Other	Other	Other	Other	Other	Other	Other	Other	Other	Other	Other	Other	Other	Other	Other	Other	Other	Other	Other	Other	Other	Other	Other	Other	Other	Other	Other	Other	Other	Other	Other	Other	Other	Other	Other	Other	Other	Other	Other	Other	Other	Other	Other	Other	Other
OR952787.1_195_1382_1	1878	745	0.203599545	TRUE	6.246010597	444	6.144210824	144	Rhinolophus_pusillus_associated	ncbi	Bat	Bat	Rhinolophus_pusillus_associated	Rhinolophus_pusillus_associated	OR952787.1	Other	Other	Other	Other	Other	Other	Other	Other	Other	Other	Other	Other	Other	Other	Other	Other	Other	Other	Other	Other	Other	Other	Other	Other	Other	Other	Other	Other	Other	Other	Other	Other	Other	Other	Other	Other	Other	Other	Other	Other	Other	Other	Other	Other	Other	Other
AF443292.1_81_1265_1	2082	960	0.10244335	TRUE	5.679310494	149	5.628088819	48.32432432	Deltapapillomavirus	ncbi	Cervine	Cervine	Rangifer_tarandus	Rangifer_tarandus_associated	AF443292.1	Other	Other	Other	Other	Other	Other	Other	Other	Other	Other	Other	Other	Other	Other	Other	Other	Other	Other	Other	Other	Other	Other	Other	Other	Other	Other	Other	Other	Other	Other	Other	Other	Other	Other	Other	Other	Other	Other	Other	Other	Other	Other	Other	Other	Other	Other
OR952794.1_99_1286_1	1954	827	0.212261428	TRUE	5.734674662	328	5.628543948	106.3783784	Rhinolophus_sinicus_associated	ncbi	Bat	Bat	Rhinolophus_sinicus_associated	Rhinolophus_sinicus_associated	OR952794.1	Other	Other	Other	Other	Other	Other	Other	Other	Other	Other	Other	Other	Other	Other	Other	Other	Other	Other	Other	Other	Other	Other	Other	Other	Other	Other	Other	Other	Other	Other	Other	Other	Other	Other	Other	Other	Other	Other	Other	Other	Other	Other	Other	Other	Other	Other
MW401530.1_81_1247_1	2097	979	0.449302606	TRUE	5.976633127	164	5.751981824	53.18918919	Bos_taurus_associated	ncbi	Cattle	Bovine	Bos_taurus_associated	Bos_taurus_associated	MW401530.1	Other	Other	Other	Other	Other	Other	Other	Other	Other	Other	Other	Other	Other	Other	Other	Other	Other	Other	Other	Other	Other	Other	Other	Other	Other	Other	Other	Other	Other	Other	Other	Other	Other	Other	Other	Other	Other	Other	Other	Other	Other	Other	Other	Other	Other	Other
MN515404.1_72_1238_1	2165	1050	0.485069366	TRUE	5.924341768	40	5.681807085	12.97297297	Silurus_glanis_associated	ncbi	Ray-finned Fish	Ray-finned Fish	Silurus_glanis_associated	Silurus_glanis_associated	MN515404.1	Other	Other	Other	Other	Other	Other	Other	Other	Other	Other	Other	Other	Other	Other	Other	Other	Other	Other	Other	Other	Other	Other	Other	Other	Other	Other	Other	Other	Other	Other	Other	Other	Other	Other	Other	Other	Other	Other	Other	Other	Other	Other	Other	Other	Other	Other
MW543422.1_45_1211_1	2096	973	1.03e-06	TRUE	5.909542674	171	5.909542161	55.45945946	Bos_taurus_associated	ncbi	Cattle	Bovine	Bos_taurus_associated	Bos_taurus_associated	MW543422.1	Other	Other	Other	Other	Other	Other	Other	Other	Other	Other	Other	Other	Other	Other	Other	Other	Other	Other	Other	Other	Other	Other	Other	Other	Other	Other	Other	Other	Other	Other	Other	Other	Other	Other	Other	Other	Other	Other	Other	Other	Other	Other	Other	Other	Other	Other
BK066718.1_69_1232_1	2120	1003	0.562252593	TRUE	5.787676195	110	5.506549898	35.67567568	Podarcis_guadarramae_associated	ncbi	Reptile	Reptile	Podarcis_guadarramae_associated	Podarcis_guadarramae_associated	BK066718.1	Other	Other	Other	Other	Other	Other	Other	Other	Other	Other	Other	Other	Other	Other	Other	Other	Other	Other	Other	Other	Other	Other	Other	Other	Other	Other	Other	Other	Other	Other	Other	Other	Other	Other	Other	Other	Other	Other	Other	Other	Other	Other	Other	Other	Other	Other
OR952922.1_84_1271_1	1901	772	0.158576906	TRUE	6.03278217	403	5.953493717	130.7027027	Hipposideros_armiger_associated	ncbi	Bat	Bat	Hipposideros_armiger_associated	Hipposideros_armiger_associated	OR952922.1	Other	Other	Other	Other	Other	Other	Other	Other	Other	Other	Other	Other	Other	Other	Other	Other	Other	Other	Other	Other	Other	Other	Other	Other	Other	Other	Other	Other	Other	Other	Other	Other	Other	Other	Other	Other	Other	Other	Other	Other	Other	Other	Other	Other	Other	Other
OR952921.1_75_1262_1	1877	743	0.141660072	TRUE	6.286281237	448	6.215451201	145.2972973	Rhinolophus_macrotis_associated	ncbi	Bat	Bat	Rhinolophus_macrotis_associated	Rhinolophus_macrotis_associated	OR952921.1	Other	Other	Other	Other	Other	Other	Other	Other	Other	Other	Other	Other	Other	Other	Other	Other	Other	Other	Other	Other	Other	Other	Other	Other	Other	Other	Other	Other	Other	Other	Other	Other	Other	Other	Other	Other	Other	Other	Other	Other	Other	Other	Other	Other	Other	Other
EU490515.1_291_1454_1	NA	NA	NA	NA	NA	NA	NA	NA	NA	NA	NA	NA	NA	NA	NA	NA	NA	NA	NA	NA	NA	NA	NA	NA	NA	NA	NA	NA	NA	NA	NA	NA	NA	NA	NA	NA	NA	NA	NA	NA	NA	NA	NA	NA	NA	NA	NA	NA	NA	NA	NA	NA	NA	NA	NA	NA	NA	NA	NA	NA	NA
OR952905.1_78_1265_1	1946	818	0.059871782	TRUE	5.636222669	324	5.606286778	105.0810811	Rhinolophus_ferrumequinum_associated	ncbi	Bat	Bat	Rhinolophus_ferrumequinum_associated	Rhinolophus_ferrumequinum_associated	OR952905.1	Other	Other	Other	Other	Other	Other	Other	Other	Other	Other	Other	Other	Other	Other	Other	Other	Other	Other	Other	Other	Other	Other	Other	Other	Other	Other	Other	Other	Other	Other	Other	Other	Other	Other	Other	Other	Other	Other	Other	Other	Other	Other	Other	Other	Other	Other
EF558840.1_138_1301_1	1209	77	0.120832523	TRUE	5.699364549	514	5.638948288	166.7027027	Alphapapillomavirus	ncbi	Human	Human	Alphapapillomavirus	Human_associated	EF558840.1	Other	Other	Other	Other	Other	Other	Other	Other	Other	Other	Other	Other	Other	Other	Other	Other	Other	Other	Other	Other	Other	Other	Other	Other	Other	Other	Other	Other	Other	Other	Other	Other	Other	Other	Other	Other	Other	Other	Other	Other	Other	Other	Other	Other	Other	Other
MH510267.2_282_1448_1	2163	1052	0.813601203	TRUE	4.923238728	37	4.516438127	12	Oncorhynchus_mykiss_associated	ncbi	Ray-finned Fish	Ray-finned Fish	Oncorhynchus_mykiss_associated	Oncorhynchus_mykiss_associated	MH510267.2	Other	Other	Other	Other	Other	Other	Other	Other	Other	Other	Other	Other	Other	Other	Other	Other	Other	Other	Other	Other	Other	Other	Other	Other	Other	Other	Other	Other	Other	Other	Other	Other	Other	Other	Other	Other	Other	Other	Other	Other	Other	Other	Other	Other	Other	Other
MG252779.1_57_1223_1	NA	NA	NA	NA	NA	NA	NA	NA	NA	NA	NA	NA	NA	NA	NA	NA	NA	NA	NA	NA	NA	NA	NA	NA	NA	NA	NA	NA	NA	NA	NA	NA	NA	NA	NA	NA	NA	NA	NA	NA	NA	NA	NA	NA	NA	NA	NA	NA	NA	NA	NA	NA	NA	NA	NA	NA	NA	NA	NA	NA	NA
MN857145.1_78_1238_1	1303	174	0.11964495	TRUE	6.231972376	760	6.172149902	246.4864865	Felis_catus_associated	ncbi	Feline	Feline	Felis_catus_associated	Felis_catus_associated	MN857145.1	Other	Other	Other	Other	Other	Other	Other	Other	Other	Other	Other	Other	Other	Other	Other	Other	Other	Other	Other	Other	Other	Other	Other	Other	Other	Other	Other	Other	Other	Other	Other	Other	Other	Other	Other	Other	Other	Other	Other	Other	Other	Other	Other	Other	Other	Other
OR952839.1_51_1220_1	1993	869	0.083148323	TRUE	5.902997759	347	5.861423597	112.5405405	Scotophilus_kuhlii_associated	ncbi	Bat	Bat	Scotophilus_kuhlii_associated	Scotophilus_kuhlii_associated	OR952839.1	Other	Other	Other	Other	Other	Other	Other	Other	Other	Other	Other	Other	Other	Other	Other	Other	Other	Other	Other	Other	Other	Other	Other	Other	Other	Other	Other	Other	Other	Other	Other	Other	Other	Other	Other	Other	Other	Other	Other	Other	Other	Other	Other	Other	Other	Other
BK066382.1_57_1217_1	2164	1051	1.602987006	TRUE	6.259410879	38	5.457917376	12.32432432	Carassius_auratus_associated	ncbi	Ray-finned Fish	Ray-finned Fish	Carassius_auratus_associated	Carassius_auratus_associated	BK066382.1	Other	Other	Other	Other	Other	Other	Other	Other	Other	Other	Other	Other	Other	Other	Other	Other	Other	Other	Other	Other	Other	Other	Other	Other	Other	Other	Other	Other	Other	Other	Other	Other	Other	Other	Other	Other	Other	Other	Other	Other	Other	Other	Other	Other	Other	Other
OP933686.1_87_1274_1	2173	1060	0.411377904	TRUE	4.950294634	43	4.744605682	13.94594595	Fish_associated	ncbi	Ray-finned Fish	Ray-finned Fish	Fish_associated	Fish_associated	OP933686.1	Other	Other	Other	Other	Other	Other	Other	Other	Other	Other	Other	Other	Other	Other	Other	Other	Other	Other	Other	Other	Other	Other	Other	Other	Other	Other	Other	Other	Other	Other	Other	Other	Other	Other	Other	Other	Other	Other	Other	Other	Other	Other	Other	Other	Other	Other
MZ357114.1_72_1259_1	1794	665	0.522120547	TRUE	5.892960084	248	5.631899811	80.43243243	Ailuropoda_melanoleuca_associated	ncbi	Ursine	Other	Ailuropoda_melanoleuca_associated	Ailuropoda_melanoleuca_associated	MZ357114.1	Other	Other	Other	Other	Other	Other	Other	Other	Other	Other	Other	Other	Other	Other	Other	Other	Other	Other	Other	Other	Other	Other	Other	Other	Other	Other	Other	Other	Other	Other	Other	Other	Other	Other	Other	Other	Other	Other	Other	Other	Other	Other	Other	Other	Other	Other
MH777346.2_120_1307_1	NA	NA	NA	NA	NA	NA	NA	NA	NA	NA	NA	NA	NA	NA	NA	NA	NA	NA	NA	NA	NA	NA	NA	NA	NA	NA	NA	NA	NA	NA	NA	NA	NA	NA	NA	NA	NA	NA	NA	NA	NA	NA	NA	NA	NA	NA	NA	NA	NA	NA	NA	NA	NA	NA	NA	NA	NA	NA	NA	NA	NA
MH729203.1_48_1235_1	1754	621	0.124995311	TRUE	5.842205695	646	5.779708039	209.5135135	Bovine_associated	ncbi	Bovine	Bovine	Bovine_associated	Bovine_associated	MH729203.1	Other	Other	Other	Other	Other	Other	Other	Other	Other	Other	Other	Other	Other	Other	Other	Other	Other	Other	Other	Other	Other	Other	Other	Other	Other	Other	Other	Other	Other	Other	Other	Other	Other	Other	Other	Other	Other	Other	Other	Other	Other	Other	Other	Other	Other	Other
GU014532.1_402_1586_1	1136	5	0.226731763	TRUE	5.772836921	540	5.659471039	175.1351351	Alphapapillomavirus	ncbi	Human	Human	Alphapapillomavirus	Human_associated	GU014532.1	Other	Other	Other	Other	Other	Other	Other	Other	Other	Other	Other	Other	Other	Other	Other	Other	Other	Other	Other	Other	Other	Other	Other	Other	Other	Other	Other	Other	Other	Other	Other	Other	Other	Other	Other	Other	Other	Other	Other	Other	Other	Other	Other	Other	Other	Other
OQ836188.1_108_1277_1	1303	173	0.20846316	TRUE	6.320790587	759	6.216559007	246.1621622	Felis_catus_associated	ncbi	Feline	Feline	Felis_catus_associated	Felis_catus_associated	OQ836188.1	Other	Other	Other	Other	Other	Other	Other	Other	Other	Other	Other	Other	Other	Other	Other	Other	Other	Other	Other	Other	Other	Other	Other	Other	Other	Other	Other	Other	Other	Other	Other	Other	Other	Other	Other	Other	Other	Other	Other	Other	Other	Other	Other	Other	Other	Other
FJ492743.1_66_1250_1	2036	911	0.181270999	TRUE	5.532936552	220	5.442301053	71.35135135	Chipapillomavirus	ncbi	Canine	Canine	Canis_familiaris	Canis_familiaris_associated	FJ492743.1	Other	Other	Other	Other	Other	Other	Other	Other	Other	Other	Other	Other	Other	Other	Other	Other	Other	Other	Other	Other	Other	Other	Other	Other	Other	Other	Other	Other	Other	Other	Other	Other	Other	Other	Other	Other	Other	Other	Other	Other	Other	Other	Other	Other	Other	Other
GQ246950.1_129_1313_1	1178	42	0.12691304	TRUE	5.893529531	563	5.830073011	182.5945946	Alphapapillomavirus	ncbi	Human	Human	Alphapapillomavirus	Human_associated	GQ246950.1	Other	Other	Other	Other	Other	Other	Other	Other	Other	Other	Other	Other	Other	Other	Other	Other	Other	Other	Other	Other	Other	Other	Other	Other	Other	Other	Other	Other	Other	Other	Other	Other	Other	Other	Other	Other	Other	Other	Other	Other	Other	Other	Other	Other	Other	Other
BK066347.1_93_1277_1	1270	142	0.449824781	TRUE	5.731367028	763	5.506454637	247.4594595	Taupapillomavirus	ncbi	Mustelid	Other	Gulo	Gulo_associated	BK066347.1	Other	Other	Other	Other	Other	Other	Other	Other	Other	Other	Other	Other	Other	Other	Other	Other	Other	Other	Other	Other	Other	Other	Other	Other	Other	Other	Other	Other	Other	Other	Other	Other	Other	Other	Other	Other	Other	Other	Other	Other	Other	Other	Other	Other	Other	Other
BK066366.1_114_1298_1	1279	146	0.173510024	TRUE	6.088815396	790	6.002060384	256.2162162	Taupapillomavirus	ncbi	Canine	Canine	Canis_familiaris	Canis_familiaris_associated	BK066366.1	Other	Other	Other	Other	Other	Other	Other	Other	Other	Other	Other	Other	Other	Other	Other	Other	Other	Other	Other	Other	Other	Other	Other	Other	Other	Other	Other	Other	Other	Other	Other	Other	Other	Other	Other	Other	Other	Other	Other	Other	Other	Other	Other	Other	Other	Other
OR952910.1_132_1301_1	1961	836	0.221825806	TRUE	5.674459422	315	5.56354652	102.1621622	Rhinolophus_ferrumequinum_associated	ncbi	Bat	Bat	Rhinolophus_ferrumequinum_associated	Rhinolophus_ferrumequinum_associated	OR952910.1	Other	Other	Other	Other	Other	Other	Other	Other	Other	Other	Other	Other	Other	Other	Other	Other	Other	Other	Other	Other	Other	Other	Other	Other	Other	Other	Other	Other	Other	Other	Other	Other	Other	Other	Other	Other	Other	Other	Other	Other	Other	Other	Other	Other	Other	Other
BK066472.1_117_1283_1	1302	175	0.173617075	TRUE	5.778763515	758	5.691954977	245.8378378	Panthera_pardus_associcated	ncbi	Feline	Feline	Panthera_pardus_associcated	Panthera_pardus_associcated	BK066472.1	Other	Other	Other	Other	Other	Other	Other	Other	Other	Other	Other	Other	Other	Other	Other	Other	Other	Other	Other	Other	Other	Other	Other	Other	Other	Other	Other	Other	Other	Other	Other	Other	Other	Other	Other	Other	Other	Other	Other	Other	Other	Other	Other	Other	Other	Other
OR952783.1_90_1277_1	1861	749	0.30089272	TRUE	5.917971792	431	5.767525432	139.7837838	Rhinolophus_sinicus_associated	ncbi	Bat	Bat	Rhinolophus_sinicus_associated	Rhinolophus_sinicus_associated	OR952783.1	Other	Other	Other	Other	Other	Other	Other	Other	Other	Other	Other	Other	Other	Other	Other	Other	Other	Other	Other	Other	Other	Other	Other	Other	Other	Other	Other	Other	Other	Other	Other	Other	Other	Other	Other	Other	Other	Other	Other	Other	Other	Other	Other	Other	Other	Other
BK066545.1_63_1247_1	1284	150	0.140776456	TRUE	6.075683103	784	6.005294875	254.2702703	Numida_associated	ncbi	Avian	Avian	Numida_associated	Numida_associated	BK066545.1	Other	Other	Other	Other	Other	Other	Other	Other	Other	Other	Other	Other	Other	Other	Other	Other	Other	Other	Other	Other	Other	Other	Other	Other	Other	Other	Other	Other	Other	Other	Other	Other	Other	Other	Other	Other	Other	Other	Other	Other	Other	Other	Other	Other	Other	Other
DQ080082.1_330_1514_1	NA	NA	NA	NA	NA	NA	NA	NA	NA	NA	NA	NA	NA	NA	NA	NA	NA	NA	NA	NA	NA	NA	NA	NA	NA	NA	NA	NA	NA	NA	NA	NA	NA	NA	NA	NA	NA	NA	NA	NA	NA	NA	NA	NA	NA	NA	NA	NA	NA	NA	NA	NA	NA	NA	NA	NA	NA	NA	NA	NA	NA
OR915589.1_51_1238_1	NA	NA	NA	NA	NA	NA	NA	NA	NA	NA	NA	NA	NA	NA	NA	NA	NA	NA	NA	NA	NA	NA	NA	NA	NA	NA	NA	NA	NA	NA	NA	NA	NA	NA	NA	NA	NA	NA	NA	NA	NA	NA	NA	NA	NA	NA	NA	NA	NA	NA	NA	NA	NA	NA	NA	NA	NA	NA	NA	NA	NA
BK066786.1_51_1235_1	1996	873	0.140857488	TRUE	5.639560114	344	5.56913137	111.5675676	Barbastella_barbastellus_associated	ncbi	Bat	Bat	Barbastella_barbastellus_associated	Barbastella_barbastellus_associated	BK066786.1	Other	Other	Other	Other	Other	Other	Other	Other	Other	Other	Other	Other	Other	Other	Other	Other	Other	Other	Other	Other	Other	Other	Other	Other	Other	Other	Other	Other	Other	Other	Other	Other	Other	Other	Other	Other	Other	Other	Other	Other	Other	Other	Other	Other	Other	Other
BK066654.1_117_1301_1	1250	120	0.158498689	TRUE	5.401461484	472	5.32221214	153.0810811	Canis_familiaris_associated	ncbi	Canine	Canine	Canis_familiaris_associated	Canis_familiaris_associated	BK066654.1	Other	Other	Other	Other	Other	Other	Other	Other	Other	Other	Other	Other	Other	Other	Other	Other	Other	Other	Other	Other	Other	Other	Other	Other	Other	Other	Other	Other	Other	Other	Other	Other	Other	Other	Other	Other	Other	Other	Other	Other	Other	Other	Other	Other	Other	Other
BK066757.1_75_1259_1	1609	479	0.129112267	TRUE	5.580320904	796	5.51576477	258.1621622	Rodent_associated	ncbi	Rodent	Rodent	Rodent_associated	Rodent_associated	BK066757.1	Other	Other	Other	Other	Other	Other	Other	Other	Other	Other	Other	Other	Other	Other	Other	Other	Other	Other	Other	Other	Other	Other	Other	Other	Other	Other	Other	Other	Other	Other	Other	Other	Other	Other	Other	Other	Other	Other	Other	Other	Other	Other	Other	Other	Other	Other
OR952871.1_93_1265_1	1982	855	0.143015433	TRUE	5.962801988	370	5.891294271	120	Tylonycteris_robustula_associated	ncbi	Bat	Bat	Tylonycteris_robustula_associated	Tylonycteris_robustula_associated	OR952871.1	Other	Other	Other	Other	Other	Other	Other	Other	Other	Other	Other	Other	Other	Other	Other	Other	Other	Other	Other	Other	Other	Other	Other	Other	Other	Other	Other	Other	Other	Other	Other	Other	Other	Other	Other	Other	Other	Other	Other	Other	Other	Other	Other	Other	Other	Other
OR952831.1_12_1190_1	1994	868	0.158265627	TRUE	6.085233819	349	6.006101006	113.1891892	Scotophilus_kuhlii_associated	ncbi	Bat	Bat	Scotophilus_kuhlii_associated	Scotophilus_kuhlii_associated	OR952831.1	Other	Other	Other	Other	Other	Other	Other	Other	Other	Other	Other	Other	Other	Other	Other	Other	Other	Other	Other	Other	Other	Other	Other	Other	Other	Other	Other	Other	Other	Other	Other	Other	Other	Other	Other	Other	Other	Other	Other	Other	Other	Other	Other	Other	Other	Other
OR952780.1_51_1229_1	1968	841	0.269148009	TRUE	5.790073942	340	5.655499938	110.2702703	Scotophilus_kuhlii_associated	ncbi	Bat	Bat	Scotophilus_kuhlii_associated	Scotophilus_kuhlii_associated	OR952780.1	Other	Other	Other	Other	Other	Other	Other	Other	Other	Other	Other	Other	Other	Other	Other	Other	Other	Other	Other	Other	Other	Other	Other	Other	Other	Other	Other	Other	Other	Other	Other	Other	Other	Other	Other	Other	Other	Other	Other	Other	Other	Other	Other	Other	Other	Other
OR915590.1_87_1265_1	1800	681	0.509555892	TRUE	6.024236946	256	5.769459001	83.02702703	Lambdapapillomavirus	ncbi	Feline	Feline	Caracal_caracal	Caracal_caracal_associated	OR915590.1	Other	Other	Other	Other	Other	Other	Other	Other	Other	Other	Other	Other	Other	Other	Other	Other	Other	Other	Other	Other	Other	Other	Other	Other	Other	Other	Other	Other	Other	Other	Other	Other	Other	Other	Other	Other	Other	Other	Other	Other	Other	Other	Other	Other	Other	Other
OR952925.1_57_1235_1	2015	890	0.190487354	TRUE	5.270413237	194	5.175169561	62.91891892	Ia_io_associated	ncbi	Bat	Bat	Ia_io_associated	Ia_io_associated	OR952925.1	Other	Other	Other	Other	Other	Other	Other	Other	Other	Other	Other	Other	Other	Other	Other	Other	Other	Other	Other	Other	Other	Other	Other	Other	Other	Other	Other	Other	Other	Other	Other	Other	Other	Other	Other	Other	Other	Other	Other	Other	Other	Other	Other	Other	Other	Other
OR952879.1_45_1223_1	1257	132	0.536344415	TRUE	5.470050603	461	5.201878396	149.5135135	Tylonycteris_robustula_associated	ncbi	Bat	Bat	Tylonycteris_robustula_associated	Tylonycteris_robustula_associated	OR952879.1	Other	Other	Other	Other	Other	Other	Other	Other	Other	Other	Other	Other	Other	Other	Other	Other	Other	Other	Other	Other	Other	Other	Other	Other	Other	Other	Other	Other	Other	Other	Other	Other	Other	Other	Other	Other	Other	Other	Other	Other	Other	Other	Other	Other	Other	Other
MK620340.1_225_1406_1	2135	1015	0.23437285	TRUE	5.278996065	93	5.16180964	30.16216216	Rissa_tridactyla_associated	ncbi	Avian	Avian	Rissa_tridactyla_associated	Rissa_tridactyla_associated	MK620340.1	Other	Other	Other	Other	Other	Other	Other	Other	Other	Other	Other	Other	Other	Other	Other	Other	Other	Other	Other	Other	Other	Other	Other	Other	Other	Other	Other	Other	Other	Other	Other	Other	Other	Other	Other	Other	Other	Other	Other	Other	Other	Other	Other	Other	Other	Other
MZ447865.1_60_1238_1	2177	1065	0.492444245	TRUE	5.17311441	57	4.926892288	18.48648649	Trematomus_bernacchii_associated	ncbi	Ray-finned Fish	Ray-finned Fish	Trematomus_bernacchii_associated	Trematomus_bernacchii_associated	MZ447865.1	Other	Other	Other	Other	Other	Other	Other	Other	Other	Other	Other	Other	Other	Other	Other	Other	Other	Other	Other	Other	Other	Other	Other	Other	Other	Other	Other	Other	Other	Other	Other	Other	Other	Other	Other	Other	Other	Other	Other	Other	Other	Other	Other	Other	Other	Other
MW404259.1_144_1322_1	1744	610	0.183447316	TRUE	5.964273225	658	5.872549567	213.4054054	Bos_taurus_associated	ncbi	Cattle	Bovine	Bos_taurus_associated	Bos_taurus_associated	MW404259.1	Other	Other	Other	Other	Other	Other	Other	Other	Other	Other	Other	Other	Other	Other	Other	Other	Other	Other	Other	Other	Other	Other	Other	Other	Other	Other	Other	Other	Other	Other	Other	Other	Other	Other	Other	Other	Other	Other	Other	Other	Other	Other	Other	Other	Other	Other
MW404258.1_90_1268_1	NA	NA	NA	NA	NA	NA	NA	NA	NA	NA	NA	NA	NA	NA	NA	NA	NA	NA	NA	NA	NA	NA	NA	NA	NA	NA	NA	NA	NA	NA	NA	NA	NA	NA	NA	NA	NA	NA	NA	NA	NA	NA	NA	NA	NA	NA	NA	NA	NA	NA	NA	NA	NA	NA	NA	NA	NA	NA	NA	NA	NA
MW841296.1_60_1241_1	2029	907	0.291808394	TRUE	5.099691719	206	4.953787522	66.81081081	Martes_foina_associated	ncbi	Mustelid	Other	Martes_foina_associated	Martes_foina_associated	MW841296.1	Other	Other	Other	Other	Other	Other	Other	Other	Other	Other	Other	Other	Other	Other	Other	Other	Other	Other	Other	Other	Other	Other	Other	Other	Other	Other	Other	Other	Other	Other	Other	Other	Other	Other	Other	Other	Other	Other	Other	Other	Other	Other	Other	Other	Other	Other
MZ244208.1_57_1235_1	1111	1	2.977545336	TRUE	2.977545336	1	1.488772668	0.324324324	Urolophus_aurantiacus_associated	ncbi	Ray-finned Fish	Ray-finned Fish	Urolophus_aurantiacus_associated	Urolophus_aurantiacus_associated	MZ244208.1	Other	Other	Other	Other	Other	Other	Other	Other	Other	Other	Other	Other	Other	Other	Other	Other	Other	Other	Other	Other	Other	Other	Other	Other	Other	Other	Other	Other	Other	Other	Other	Other	Other	Other	Other	Other	Other	Other	Other	Other	Other	Other	Other	Other	Other	Other
MW543427.1_54_1232_1	1764	639	0.215532191	TRUE	5.792542504	629	5.684776408	204	Bos_taurus_associated	ncbi	Cattle	Bovine	Bos_taurus_associated	Bos_taurus_associated	MW543427.1	Other	Other	Other	Other	Other	Other	Other	Other	Other	Other	Other	Other	Other	Other	Other	Other	Other	Other	Other	Other	Other	Other	Other	Other	Other	Other	Other	Other	Other	Other	Other	Other	Other	Other	Other	Other	Other	Other	Other	Other	Other	Other	Other	Other	Other	Other
MW404260.1_90_1268_1	NA	NA	NA	NA	NA	NA	NA	NA	NA	NA	NA	NA	NA	NA	NA	NA	NA	NA	NA	NA	NA	NA	NA	NA	NA	NA	NA	NA	NA	NA	NA	NA	NA	NA	NA	NA	NA	NA	NA	NA	NA	NA	NA	NA	NA	NA	NA	NA	NA	NA	NA	NA	NA	NA	NA	NA	NA	NA	NA	NA	NA
BK066449.1_204_1379_1	2002	880	0.238836876	TRUE	5.259118865	232	5.139700427	75.24324324	Iotapapillomavirus	ncbi	Rodent	Rodent	Meriones	Meriones_associated	BK066449.1	Other	Other	Other	Other	Other	Other	Other	Other	Other	Other	Other	Other	Other	Other	Other	Other	Other	Other	Other	Other	Other	Other	Other	Other	Other	Other	Other	Other	Other	Other	Other	Other	Other	Other	Other	Other	Other	Other	Other	Other	Other	Other	Other	Other	Other	Other
BK066335.1_159_1334_1	NA	NA	NA	NA	NA	NA	NA	NA	NA	NA	NA	NA	NA	NA	NA	NA	NA	NA	NA	NA	NA	NA	NA	NA	NA	NA	NA	NA	NA	NA	NA	NA	NA	NA	NA	NA	NA	NA	NA	NA	NA	NA	NA	NA	NA	NA	NA	NA	NA	NA	NA	NA	NA	NA	NA	NA	NA	NA	NA	NA	NA
BK062778.1_192_1367_1	1234	106	0.05989157	TRUE	5.350618115	490	5.32067233	158.9189189	Manis_pentadactyla_associated	ncbi	Pangolin	Pangolin	Manis_pentadactyla_associated	Manis_pentadactyla_associated	BK062778.1	Other	Other	Other	Other	Other	Other	Other	Other	Other	Other	Other	Other	Other	Other	Other	Other	Other	Other	Other	Other	Other	Other	Other	Other	Other	Other	Other	Other	Other	Other	Other	Other	Other	Other	Other	Other	Other	Other	Other	Other	Other	Other	Other	Other	Other	Other
DQ180494.1_90_1265_1	NA	NA	NA	NA	NA	NA	NA	NA	NA	NA	NA	NA	NA	NA	NA	NA	NA	NA	NA	NA	NA	NA	NA	NA	NA	NA	NA	NA	NA	NA	NA	NA	NA	NA	NA	NA	NA	NA	NA	NA	NA	NA	NA	NA	NA	NA	NA	NA	NA	NA	NA	NA	NA	NA	NA	NA	NA	NA	NA	NA	NA
BK066787.1_51_1226_1	1975	847	0.154927999	TRUE	6.067807365	362	5.990343366	117.4054054	Bat_associated	ncbi	Bat	Bat	Bat_associated	Bat_associated	BK066787.1	Other	Other	Other	Other	Other	Other	Other	Other	Other	Other	Other	Other	Other	Other	Other	Other	Other	Other	Other	Other	Other	Other	Other	Other	Other	Other	Other	Other	Other	Other	Other	Other	Other	Other	Other	Other	Other	Other	Other	Other	Other	Other	Other	Other	Other	Other
BK066744.1_195_1370_1	2000	876	0.061193876	TRUE	5.180784546	229	5.150187608	74.27027027	Iotapapillomavirus	ncbi	Rodent	Rodent	Myodes	Myodes_associated	BK066744.1	Other	Other	Other	Other	Other	Other	Other	Other	Other	Other	Other	Other	Other	Other	Other	Other	Other	Other	Other	Other	Other	Other	Other	Other	Other	Other	Other	Other	Other	Other	Other	Other	Other	Other	Other	Other	Other	Other	Other	Other	Other	Other	Other	Other	Other	Other
AY904723.1_159_1334_1	NA	NA	NA	NA	NA	NA	NA	NA	NA	NA	NA	NA	NA	NA	NA	NA	NA	NA	NA	NA	NA	NA	NA	NA	NA	NA	NA	NA	NA	NA	NA	NA	NA	NA	NA	NA	NA	NA	NA	NA	NA	NA	NA	NA	NA	NA	NA	NA	NA	NA	NA	NA	NA	NA	NA	NA	NA	NA	NA	NA	NA
LY715373.1_45_1226_1	NA	NA	NA	NA	NA	NA	NA	NA	NA	NA	NA	NA	NA	NA	NA	NA	NA	NA	NA	NA	NA	NA	NA	NA	NA	NA	NA	NA	NA	NA	NA	NA	NA	NA	NA	NA	NA	NA	NA	NA	NA	NA	NA	NA	NA	NA	NA	NA	NA	NA	NA	NA	NA	NA	NA	NA	NA	NA	NA	NA	NA
MF327537.1_45_1226_1	2028	906	0.416017738	TRUE	5.124806968	205	4.9167981	66.48648649	Dyonupapillomavirus	ncbi	Ursine	Other	Ailuropoda_melanoleuca	Ailuropoda_melanoleuca_associated	MF327537.1	Other	Other	Other	Other	Other	Other	Other	Other	Other	Other	Other	Other	Other	Other	Other	Other	Other	Other	Other	Other	Other	Other	Other	Other	Other	Other	Other	Other	Other	Other	Other	Other	Other	Other	Other	Other	Other	Other	Other	Other	Other	Other	Other	Other	Other	Other
MG602223.1_144_1325_1	1751	619	0.261203901	TRUE	6.115306991	654	5.984705041	212.1081081	Xipapillomavirus	ncbi	Cattle	Bovine	Bos_taurus	Bos_taurus_associated	MG602223.1	Other	Other	Other	Other	Other	Other	Other	Other	Other	Other	Other	Other	Other	Other	Other	Other	Other	Other	Other	Other	Other	Other	Other	Other	Other	Other	Other	Other	Other	Other	Other	Other	Other	Other	Other	Other	Other	Other	Other	Other	Other	Other	Other	Other	Other	Other
AY904722.1_114_1289_1	NA	NA	NA	NA	NA	NA	NA	NA	NA	NA	NA	NA	NA	NA	NA	NA	NA	NA	NA	NA	NA	NA	NA	NA	NA	NA	NA	NA	NA	NA	NA	NA	NA	NA	NA	NA	NA	NA	NA	NA	NA	NA	NA	NA	NA	NA	NA	NA	NA	NA	NA	NA	NA	NA	NA	NA	NA	NA	NA	NA	NA
JX899359.1_123_1304_1	2040	921	0.363254378	TRUE	5.259932078	210	5.078304889	68.10810811	Chipapillomavirus	ncbi	Canine	Canine	Canis_familiaris	Canis_familiaris_associated	JX899359.1	Other	Other	Other	Other	Other	Other	Other	Other	Other	Other	Other	Other	Other	Other	Other	Other	Other	Other	Other	Other	Other	Other	Other	Other	Other	Other	Other	Other	Other	Other	Other	Other	Other	Other	Other	Other	Other	Other	Other	Other	Other	Other	Other	Other	Other	Other
KR029095.1_33_1214_1	NA	NA	NA	NA	NA	NA	NA	NA	NA	NA	NA	NA	NA	NA	NA	NA	NA	NA	NA	NA	NA	NA	NA	NA	NA	NA	NA	NA	NA	NA	NA	NA	NA	NA	NA	NA	NA	NA	NA	NA	NA	NA	NA	NA	NA	NA	NA	NA	NA	NA	NA	NA	NA	NA	NA	NA	NA	NA	NA	NA	NA
MW404257.1_90_1268_1	NA	NA	NA	NA	NA	NA	NA	NA	NA	NA	NA	NA	NA	NA	NA	NA	NA	NA	NA	NA	NA	NA	NA	NA	NA	NA	NA	NA	NA	NA	NA	NA	NA	NA	NA	NA	NA	NA	NA	NA	NA	NA	NA	NA	NA	NA	NA	NA	NA	NA	NA	NA	NA	NA	NA	NA	NA	NA	NA	NA	NA
Y15175.1_255_1436_1	NA	NA	NA	NA	NA	NA	NA	NA	NA	NA	NA	NA	NA	NA	NA	NA	NA	NA	NA	NA	NA	NA	NA	NA	NA	NA	NA	NA	NA	NA	NA	NA	NA	NA	NA	NA	NA	NA	NA	NA	NA	NA	NA	NA	NA	NA	NA	NA	NA	NA	NA	NA	NA	NA	NA	NA	NA	NA	NA	NA	NA
AB745694.1_129_1307_1	1176	45	0.125971067	TRUE	5.817407233	561	5.7544217	181.9459459	Alphapapillomavirus	ncbi	Human	Human	Alphapapillomavirus	Human_associated	AB745694.1	Other	Other	Other	Other	Other	Other	Other	Other	Other	Other	Other	Other	Other	Other	Other	Other	Other	Other	Other	Other	Other	Other	Other	Other	Other	Other	Other	Other	Other	Other	Other	Other	Other	Other	Other	Other	Other	Other	Other	Other	Other	Other	Other	Other	Other	Other
KM983393.1_90_1268_1	1744	609	0.16218905	TRUE	5.943014959	657	5.861920434	213.0810811	Xipapillomavirus	ncbi	Cattle	Bovine	Bos_taurus	Bos_taurus_associated	KM983393.1	Other	Other	Other	Other	Other	Other	Other	Other	Other	Other	Other	Other	Other	Other	Other	Other	Other	Other	Other	Other	Other	Other	Other	Other	Other	Other	Other	Other	Other	Other	Other	Other	Other	Other	Other	Other	Other	Other	Other	Other	Other	Other	Other	Other	Other	Other
OR952916.1_123_1304_1	1958	831	0.160012903	TRUE	5.754775748	319	5.674769297	103.4594595	Rhinolophus_sinicus_associated	ncbi	Bat	Bat	Rhinolophus_sinicus_associated	Rhinolophus_sinicus_associated	OR952916.1	Other	Other	Other	Other	Other	Other	Other	Other	Other	Other	Other	Other	Other	Other	Other	Other	Other	Other	Other	Other	Other	Other	Other	Other	Other	Other	Other	Other	Other	Other	Other	Other	Other	Other	Other	Other	Other	Other	Other	Other	Other	Other	Other	Other	Other	Other
PQ037580.1_105_1286_1	2052	930	0.172558137	TRUE	5.798559268	186	5.712280199	60.32432432	Panolia_siamensis_associated	ncbi	Cervine	Cervine	Panolia_siamensis_associated	Panolia_siamensis_associated	PQ037580.1	Other	Other	Other	Other	Other	Other	Other	Other	Other	Other	Other	Other	Other	Other	Other	Other	Other	Other	Other	Other	Other	Other	Other	Other	Other	Other	Other	Other	Other	Other	Other	Other	Other	Other	Other	Other	Other	Other	Other	Other	Other	Other	Other	Other	Other	Other
U31784.1_162_1343_1	1175	46	0.16746926	TRUE	5.833063367	560	5.749328736	181.6216216	Alphapapillomavirus	ncbi	Human	Human	Alphapapillomavirus	Human_associated	U31784.1	Other	Other	Other	Other	Other	Other	Other	Other	Other	Other	Other	Other	Other	Other	Other	Other	Other	Other	Other	Other	Other	Other	Other	Other	Other	Other	Other	Other	Other	Other	Other	Other	Other	Other	Other	Other	Other	Other	Other	Other	Other	Other	Other	Other	Other	Other
BK066374.1_111_1289_1	1807	675	0.191688096	TRUE	6.246494661	265	6.150650613	85.94594595	Felis_associated	ncbi	Feline	Feline	Felis_associated	Felis_associated	BK066374.1	Other	Other	Other	Other	Other	Other	Other	Other	Other	Other	Other	Other	Other	Other	Other	Other	Other	Other	Other	Other	Other	Other	Other	Other	Other	Other	Other	Other	Other	Other	Other	Other	Other	Other	Other	Other	Other	Other	Other	Other	Other	Other	Other	Other	Other	Other
JF304766.1_138_1316_1	1226	99	0.109886373	TRUE	5.347399922	494	5.292456736	160.2162162	Dyoomikronpapillomavirus	ncbi	Non-human Primate	Non-human Primate	Saimiri_sciureus	Saimiri_sciureus_associated	JF304766.1	Other	Other	Other	Other	Other	Other	Other	Other	Other	Other	Other	Other	Other	Other	Other	Other	Other	Other	Other	Other	Other	Other	Other	Other	Other	Other	Other	Other	Other	Other	Other	Other	Other	Other	Other	Other	Other	Other	Other	Other	Other	Other	Other	Other	Other	Other
FJ492742.1_66_1244_1	1295	166	0.153884195	TRUE	5.936795749	767	5.859853652	248.7567568	Taupapillomavirus	ncbi	Canine	Canine	Canis_familiaris	Canis_familiaris_associated	FJ492742.1	Other	Other	Other	Other	Other	Other	Other	Other	Other	Other	Other	Other	Other	Other	Other	Other	Other	Other	Other	Other	Other	Other	Other	Other	Other	Other	Other	Other	Other	Other	Other	Other	Other	Other	Other	Other	Other	Other	Other	Other	Other	Other	Other	Other	Other	Other
FN547152.2_129_1307_1	NA	NA	NA	NA	NA	NA	NA	NA	NA	NA	NA	NA	NA	NA	NA	NA	NA	NA	NA	NA	NA	NA	NA	NA	NA	NA	NA	NA	NA	NA	NA	NA	NA	NA	NA	NA	NA	NA	NA	NA	NA	NA	NA	NA	NA	NA	NA	NA	NA	NA	NA	NA	NA	NA	NA	NA	NA	NA	NA	NA	NA
BK066597.1_516_1694_1	1256	129	0.145514882	TRUE	5.227584879	464	5.154827438	150.4864865	Molossus_associated	ncbi	Bat	Bat	Molossus_associated	Molossus_associated	BK066597.1	Other	Other	Other	Other	Other	Other	Other	Other	Other	Other	Other	Other	Other	Other	Other	Other	Other	Other	Other	Other	Other	Other	Other	Other	Other	Other	Other	Other	Other	Other	Other	Other	Other	Other	Other	Other	Other	Other	Other	Other	Other	Other	Other	Other	Other	Other
JF304767.1_189_1367_1	1227	98	0.19924707	TRUE	5.509223125	496	5.40959959	160.8648649	Dyoomikronpapillomavirus	ncbi	Non-human Primate	Non-human Primate	Saimiri_sciureus	Saimiri_sciureus_associated	JF304767.1	Other	Other	Other	Other	Other	Other	Other	Other	Other	Other	Other	Other	Other	Other	Other	Other	Other	Other	Other	Other	Other	Other	Other	Other	Other	Other	Other	Other	Other	Other	Other	Other	Other	Other	Other	Other	Other	Other	Other	Other	Other	Other	Other	Other	Other	Other
BK066791.1_117_1295_1	1251	123	0.225714829	TRUE	5.531868802	473	5.419011388	153.4054054	Canis_familiaris_associated	ncbi	Canine	Canine	Canis_familiaris_associated	Canis_familiaris_associated	BK066791.1	Other	Other	Other	Other	Other	Other	Other	Other	Other	Other	Other	Other	Other	Other	Other	Other	Other	Other	Other	Other	Other	Other	Other	Other	Other	Other	Other	Other	Other	Other	Other	Other	Other	Other	Other	Other	Other	Other	Other	Other	Other	Other	Other	Other	Other	Other
OF201607.1_45_1226_1	NA	NA	NA	NA	NA	NA	NA	NA	NA	NA	NA	NA	NA	NA	NA	NA	NA	NA	NA	NA	NA	NA	NA	NA	NA	NA	NA	NA	NA	NA	NA	NA	NA	NA	NA	NA	NA	NA	NA	NA	NA	NA	NA	NA	NA	NA	NA	NA	NA	NA	NA	NA	NA	NA	NA	NA	NA	NA	NA	NA	NA
MF588676.1_252_1430_1	NA	NA	NA	NA	NA	NA	NA	NA	NA	NA	NA	NA	NA	NA	NA	NA	NA	NA	NA	NA	NA	NA	NA	NA	NA	NA	NA	NA	NA	NA	NA	NA	NA	NA	NA	NA	NA	NA	NA	NA	NA	NA	NA	NA	NA	NA	NA	NA	NA	NA	NA	NA	NA	NA	NA	NA	NA	NA	NA	NA	NA
MF168943.1_72_1250_1	2140	1022	0.437843616	TRUE	5.11608483	89	4.897163022	28.86486486	Pygoscelis_adeliae_asspcoated	ncbi	Avian	Avian	Pygoscelis_adeliae_asspcoated	Pygoscelis_adeliae_asspcoated	MF168943.1	Other	Other	Other	Other	Other	Other	Other	Other	Other	Other	Other	Other	Other	Other	Other	Other	Other	Other	Other	Other	Other	Other	Other	Other	Other	Other	Other	Other	Other	Other	Other	Other	Other	Other	Other	Other	Other	Other	Other	Other	Other	Other	Other	Other	Other	Other
MK443497.1_75_1253_1	2029	908	0.742397357	TRUE	5.550280682	207	5.179082003	67.13513514	Tupaia_belangeri_associated	ncbi	Tree shrew	Other	Tupaia_belangeri_associated	Tupaia_belangeri_associated	MK443497.1	Other	Other	Other	Other	Other	Other	Other	Other	Other	Other	Other	Other	Other	Other	Other	Other	Other	Other	Other	Other	Other	Other	Other	Other	Other	Other	Other	Other	Other	Other	Other	Other	Other	Other	Other	Other	Other	Other	Other	Other	Other	Other	Other	Other	Other	Other
MG744508.1_78_1256_1	1231	101	0.203134726	TRUE	5.492876067	486	5.391308704	157.6216216	Dyopipapillomavirus	ncbi	Cetacean	Cetacean	Tursiops_truncatus	Tursiops_truncatus_associated	MG744508.1	Other	Other	Other	Other	Other	Other	Other	Other	Other	Other	Other	Other	Other	Other	Other	Other	Other	Other	Other	Other	Other	Other	Other	Other	Other	Other	Other	Other	Other	Other	Other	Other	Other	Other	Other	Other	Other	Other	Other	Other	Other	Other	Other	Other	Other	Other
MG516827.1_45_1223_1	NA	NA	NA	NA	NA	NA	NA	NA	NA	NA	NA	NA	NA	NA	NA	NA	NA	NA	NA	NA	NA	NA	NA	NA	NA	NA	NA	NA	NA	NA	NA	NA	NA	NA	NA	NA	NA	NA	NA	NA	NA	NA	NA	NA	NA	NA	NA	NA	NA	NA	NA	NA	NA	NA	NA	NA	NA	NA	NA	NA	NA
OP628184.1_120_1301_1	2152	1039	0.493431352	TRUE	4.491607635	72	4.244891959	23.35135135	Columba_livia_associated	ncbi	Avian	Avian	Columba_livia_associated	Columba_livia_associated	OP628184.1	Other	Other	Other	Other	Other	Other	Other	Other	Other	Other	Other	Other	Other	Other	Other	Other	Other	Other	Other	Other	Other	Other	Other	Other	Other	Other	Other	Other	Other	Other	Other	Other	Other	Other	Other	Other	Other	Other	Other	Other	Other	Other	Other	Other	Other	Other
KR029094.1_33_1211_1	NA	NA	NA	NA	NA	NA	NA	NA	NA	NA	NA	NA	NA	NA	NA	NA	NA	NA	NA	NA	NA	NA	NA	NA	NA	NA	NA	NA	NA	NA	NA	NA	NA	NA	NA	NA	NA	NA	NA	NA	NA	NA	NA	NA	NA	NA	NA	NA	NA	NA	NA	NA	NA	NA	NA	NA	NA	NA	NA	NA	NA
OR952796.1_75_1256_1	1876	741	0.129513642	TRUE	6.245656014	446	6.180899193	144.6486486	Rhinolophus_sinicus_associated	ncbi	Bat	Bat	Rhinolophus_sinicus_associated	Rhinolophus_sinicus_associated	OR952796.1	Other	Other	Other	Other	Other	Other	Other	Other	Other	Other	Other	Other	Other	Other	Other	Other	Other	Other	Other	Other	Other	Other	Other	Other	Other	Other	Other	Other	Other	Other	Other	Other	Other	Other	Other	Other	Other	Other	Other	Other	Other	Other	Other	Other	Other	Other
OR952858.1_75_1256_1	NA	NA	NA	NA	NA	NA	NA	NA	NA	NA	NA	NA	NA	NA	NA	NA	NA	NA	NA	NA	NA	NA	NA	NA	NA	NA	NA	NA	NA	NA	NA	NA	NA	NA	NA	NA	NA	NA	NA	NA	NA	NA	NA	NA	NA	NA	NA	NA	NA	NA	NA	NA	NA	NA	NA	NA	NA	NA	NA	NA	NA
OQ836189.1_57_1238_1	NA	NA	NA	NA	NA	NA	NA	NA	NA	NA	NA	NA	NA	NA	NA	NA	NA	NA	NA	NA	NA	NA	NA	NA	NA	NA	NA	NA	NA	NA	NA	NA	NA	NA	NA	NA	NA	NA	NA	NA	NA	NA	NA	NA	NA	NA	NA	NA	NA	NA	NA	NA	NA	NA	NA	NA	NA	NA	NA	NA	NA
KR816168.1_159_1337_1	1216	86	0.203253824	TRUE	5.738767024	509	5.637140113	165.0810811	Alphapapillomavirus	ncbi	Human	Human	Alphapapillomavirus	Human_associated	KR816168.1	Other	Other	Other	Other	Other	Other	Other	Other	Other	Other	Other	Other	Other	Other	Other	Other	Other	Other	Other	Other	Other	Other	Other	Other	Other	Other	Other	Other	Other	Other	Other	Other	Other	Other	Other	Other	Other	Other	Other	Other	Other	Other	Other	Other	Other	Other
OR952777.1_33_1214_1	NA	NA	NA	NA	NA	NA	NA	NA	NA	NA	NA	NA	NA	NA	NA	NA	NA	NA	NA	NA	NA	NA	NA	NA	NA	NA	NA	NA	NA	NA	NA	NA	NA	NA	NA	NA	NA	NA	NA	NA	NA	NA	NA	NA	NA	NA	NA	NA	NA	NA	NA	NA	NA	NA	NA	NA	NA	NA	NA	NA	NA
MW390885.1_90_1274_1	1755	623	0.27499985	TRUE	6.003020686	648	5.865520761	210.1621622	Bos_taurus_associated	ncbi	Cattle	Bovine	Bos_taurus_associated	Bos_taurus_associated	MW390885.1	Other	Other	Other	Other	Other	Other	Other	Other	Other	Other	Other	Other	Other	Other	Other	Other	Other	Other	Other	Other	Other	Other	Other	Other	Other	Other	Other	Other	Other	Other	Other	Other	Other	Other	Other	Other	Other	Other	Other	Other	Other	Other	Other	Other	Other	Other
MW404256.1_177_1361_1	1746	612	0.119511434	TRUE	5.988264798	660	5.92850908	214.0540541	Bos_taurus_associated	ncbi	Cattle	Bovine	Bos_taurus_associated	Bos_taurus_associated	MW404256.1	Other	Other	Other	Other	Other	Other	Other	Other	Other	Other	Other	Other	Other	Other	Other	Other	Other	Other	Other	Other	Other	Other	Other	Other	Other	Other	Other	Other	Other	Other	Other	Other	Other	Other	Other	Other	Other	Other	Other	Other	Other	Other	Other	Other	Other	Other
OK073977.1_69_1253_1	1259	134	0.318614564	TRUE	5.496079602	459	5.33677232	148.8648649	Trichechus_manatus_associated	ncbi	Manatee	Other	Trichechus_manatus_associated	Trichechus_manatus_associated	OK073977.1	Other	Other	Other	Other	Other	Other	Other	Other	Other	Other	Other	Other	Other	Other	Other	Other	Other	Other	Other	Other	Other	Other	Other	Other	Other	Other	Other	Other	Other	Other	Other	Other	Other	Other	Other	Other	Other	Other	Other	Other	Other	Other	Other	Other	Other	Other
KC858265.1_51_1223_1	1990	865	0.140501737	TRUE	5.626299789	350	5.55604892	113.5135135	Eptesicus_serotinus _associated	ncbi	Bat	Bat	Eptesicus_serotinus _associated	Eptesicus_serotinus _associated	KC858265.1	Other	Other	Other	Other	Other	Other	Other	Other	Other	Other	Other	Other	Other	Other	Other	Other	Other	Other	Other	Other	Other	Other	Other	Other	Other	Other	Other	Other	Other	Other	Other	Other	Other	Other	Other	Other	Other	Other	Other	Other	Other	Other	Other	Other	Other	Other
MK620341.1_33_1217_1	2138	1017	0.51906308	TRUE	5.478948555	95	5.219417015	30.81081081	Rissa_tridactyla_associated	ncbi	Avian	Avian	Rissa_tridactyla_associated	Rissa_tridactyla_associated	MK620341.1	Other	Other	Other	Other	Other	Other	Other	Other	Other	Other	Other	Other	Other	Other	Other	Other	Other	Other	Other	Other	Other	Other	Other	Other	Other	Other	Other	Other	Other	Other	Other	Other	Other	Other	Other	Other	Other	Other	Other	Other	Other	Other	Other	Other	Other	Other
MT766314.1_51_1235_1	1969	842	0.104172581	TRUE	5.675371315	341	5.623285024	110.5945946	Eptesicus_regulus_associated	ncbi	Bat	Bat	Eptesicus_regulus_associated	Eptesicus_regulus_associated	MT766314.1	Other	Other	Other	Other	Other	Other	Other	Other	Other	Other	Other	Other	Other	Other	Other	Other	Other	Other	Other	Other	Other	Other	Other	Other	Other	Other	Other	Other	Other	Other	Other	Other	Other	Other	Other	Other	Other	Other	Other	Other	Other	Other	Other	Other	Other	Other
OL672227.1_75_1259_1	1759	631	0.213572839	TRUE	5.813189303	640	5.706402884	207.5675676	Bos_taurus_associated	ncbi	Cattle	Bovine	Bos_taurus_associated	Bos_taurus_associated	OL672227.1	Other	Other	Other	Other	Other	Other	Other	Other	Other	Other	Other	Other	Other	Other	Other	Other	Other	Other	Other	Other	Other	Other	Other	Other	Other	Other	Other	Other	Other	Other	Other	Other	Other	Other	Other	Other	Other	Other	Other	Other	Other	Other	Other	Other	Other	Other
OR531434.1_282_1466_1	1272	140	0.160205434	TRUE	5.74256998	766	5.662467263	248.4324324	Arctocephalus_forsteri_associated	ncbi	Pinnipeds	Other	Arctocephalus_forsteri_associated	Arctocephalus_forsteri_associated	OR531434.1	Other	Other	Other	Other	Other	Other	Other	Other	Other	Other	Other	Other	Other	Other	Other	Other	Other	Other	Other	Other	Other	Other	Other	Other	Other	Other	Other	Other	Other	Other	Other	Other	Other	Other	Other	Other	Other	Other	Other	Other	Other	Other	Other	Other	Other	Other
OR952802.1_102_1286_1	1941	837	0.339591777	TRUE	5.508074071	313	5.338278182	101.5135135	Rhinolophus_affinis_associated	ncbi	Bat	Bat	Rhinolophus_affinis_associated	Rhinolophus_affinis_associated	OR952802.1	Other	Other	Other	Other	Other	Other	Other	Other	Other	Other	Other	Other	Other	Other	Other	Other	Other	Other	Other	Other	Other	Other	Other	Other	Other	Other	Other	Other	Other	Other	Other	Other	Other	Other	Other	Other	Other	Other	Other	Other	Other	Other	Other	Other	Other	Other
OR952809.1_60_1244_1	2020	894	0.100818735	TRUE	5.422457758	199	5.37204839	64.54054054	Tylonycteris_pachypus_associated	ncbi	Bat	Bat	Tylonycteris_pachypus_associated	Tylonycteris_pachypus_associated	OR952809.1	Other	Other	Other	Other	Other	Other	Other	Other	Other	Other	Other	Other	Other	Other	Other	Other	Other	Other	Other	Other	Other	Other	Other	Other	Other	Other	Other	Other	Other	Other	Other	Other	Other	Other	Other	Other	Other	Other	Other	Other	Other	Other	Other	Other	Other	Other
OP699054.1_120_1304_1	1915	787	0.412874874	TRUE	6.538127502	382	6.331690065	123.8918919	Equus_asinus_associated	ncbi	Equine	Equine	Equus_asinus_associated	Equus_asinus_associated	OP699054.1	Other	Other	Other	Other	Other	Other	Other	Other	Other	Other	Other	Other	Other	Other	Other	Other	Other	Other	Other	Other	Other	Other	Other	Other	Other	Other	Other	Other	Other	Other	Other	Other	Other	Other	Other	Other	Other	Other	Other	Other	Other	Other	Other	Other	Other	Other
OQ274126.1_72_1256_1	NA	NA	NA	NA	NA	NA	NA	NA	NA	NA	NA	NA	NA	NA	NA	NA	NA	NA	NA	NA	NA	NA	NA	NA	NA	NA	NA	NA	NA	NA	NA	NA	NA	NA	NA	NA	NA	NA	NA	NA	NA	NA	NA	NA	NA	NA	NA	NA	NA	NA	NA	NA	NA	NA	NA	NA	NA	NA	NA	NA	NA
OQ746290.1_54_1238_1	1797	666	0.20671848	TRUE	5.606214083	251	5.502854844	81.40540541	Enhydra_lutris_associated	ncbi	Mustelid	Other	Enhydra_lutris_associated	Enhydra_lutris_associated	OQ746290.1	Other	Other	Other	Other	Other	Other	Other	Other	Other	Other	Other	Other	Other	Other	Other	Other	Other	Other	Other	Other	Other	Other	Other	Other	Other	Other	Other	Other	Other	Other	Other	Other	Other	Other	Other	Other	Other	Other	Other	Other	Other	Other	Other	Other	Other	Other
OR952845.1_51_1223_1	NA	NA	NA	NA	NA	NA	NA	NA	NA	NA	NA	NA	NA	NA	NA	NA	NA	NA	NA	NA	NA	NA	NA	NA	NA	NA	NA	NA	NA	NA	NA	NA	NA	NA	NA	NA	NA	NA	NA	NA	NA	NA	NA	NA	NA	NA	NA	NA	NA	NA	NA	NA	NA	NA	NA	NA	NA	NA	NA	NA	NA
KT326919.1_96_1280_1	NA	NA	NA	NA	NA	NA	NA	NA	NA	NA	NA	NA	NA	NA	NA	NA	NA	NA	NA	NA	NA	NA	NA	NA	NA	NA	NA	NA	NA	NA	NA	NA	NA	NA	NA	NA	NA	NA	NA	NA	NA	NA	NA	NA	NA	NA	NA	NA	NA	NA	NA	NA	NA	NA	NA	NA	NA	NA	NA	NA	NA
KT901797.1_84_1268_1	2037	909	0.15744148	TRUE	5.589423964	221	5.510703224	71.67567568	Chipapillomavirus	ncbi	Canine	Canine	Canis_familiaris	Canis_familiaris_associated	KT901797.1	Other	Other	Other	Other	Other	Other	Other	Other	Other	Other	Other	Other	Other	Other	Other	Other	Other	Other	Other	Other	Other	Other	Other	Other	Other	Other	Other	Other	Other	Other	Other	Other	Other	Other	Other	Other	Other	Other	Other	Other	Other	Other	Other	Other	Other	Other
OR952866.1_96_1268_1	1982	854	0.136153723	TRUE	5.955940278	369	5.887863416	119.6756757	Tylonycteris_robustula_associated	ncbi	Bat	Bat	Tylonycteris_robustula_associated	Tylonycteris_robustula_associated	OR952866.1	Other	Other	Other	Other	Other	Other	Other	Other	Other	Other	Other	Other	Other	Other	Other	Other	Other	Other	Other	Other	Other	Other	Other	Other	Other	Other	Other	Other	Other	Other	Other	Other	Other	Other	Other	Other	Other	Other	Other	Other	Other	Other	Other	Other	Other	Other
JQ814848.1_252_1436_1	2022	900	0.232700621	TRUE	5.151838857	191	5.035488546	61.94594595	Miniopterus_schreibersii _associated	ncbi	Bat	Bat	Miniopterus_schreibersii _associated	Miniopterus_schreibersii _associated	JQ814848.1	Other	Other	Other	Other	Other	Other	Other	Other	Other	Other	Other	Other	Other	Other	Other	Other	Other	Other	Other	Other	Other	Other	Other	Other	Other	Other	Other	Other	Other	Other	Other	Other	Other	Other	Other	Other	Other	Other	Other	Other	Other	Other	Other	Other	Other	Other
KJ145795.1_198_1382_1	1144	7	0.163285532	TRUE	6.201476319	556	6.119833553	180.3243243	Alphapapillomavirus	ncbi	Human	Human	Alphapapillomavirus	Human_associated	KJ145795.1	Other	Other	Other	Other	Other	Other	Other	Other	Other	Other	Other	Other	Other	Other	Other	Other	Other	Other	Other	Other	Other	Other	Other	Other	Other	Other	Other	Other	Other	Other	Other	Other	Other	Other	Other	Other	Other	Other	Other	Other	Other	Other	Other	Other	Other	Other
OR952807.1_87_1259_1	1959	830	0.164959233	TRUE	5.834432794	321	5.751953177	104.1081081	Rhinolophus_associated	ncbi	Bat	Bat	Rhinolophus_associated	Rhinolophus_associated	OR952807.1	Other	Other	Other	Other	Other	Other	Other	Other	Other	Other	Other	Other	Other	Other	Other	Other	Other	Other	Other	Other	Other	Other	Other	Other	Other	Other	Other	Other	Other	Other	Other	Other	Other	Other	Other	Other	Other	Other	Other	Other	Other	Other	Other	Other	Other	Other
MH777384.2_87_1271_1	1333	193	0.159545269	TRUE	6.656377864	973	6.576605229	315.5675676	Human_associated	ncbi	Human	Human	Human_associated	Human_associated	MH777384.2	Other	Other	Other	Other	Other	Other	Other	Other	Other	Other	Other	Other	Other	Other	Other	Other	Other	Other	Other	Other	Other	Other	Other	Other	Other	Other	Other	Other	Other	Other	Other	Other	Other	Other	Other	Other	Other	Other	Other	Other	Other	Other	Other	Other	Other	Other
MW582922.1_81_1253_1	2120	1002	0.734872012	TRUE	5.960295613	109	5.592859608	35.35135135	Archaeolacerta_bedriagae_associated	ncbi	Reptile	Reptile	Archaeolacerta_bedriagae_associated	Archaeolacerta_bedriagae_associated	MW582922.1	Other	Other	Other	Other	Other	Other	Other	Other	Other	Other	Other	Other	Other	Other	Other	Other	Other	Other	Other	Other	Other	Other	Other	Other	Other	Other	Other	Other	Other	Other	Other	Other	Other	Other	Other	Other	Other	Other	Other	Other	Other	Other	Other	Other	Other	Other
MH285954.1_225_1397_1	1283	148	0.214949566	TRUE	6.173964612	789	6.066489829	255.8918919	Taupapillomavirus	ncbi	Canine	Canine	Canis_familiaris	Canis_familiaris_associated	MH285954.1	Other	Other	Other	Other	Other	Other	Other	Other	Other	Other	Other	Other	Other	Other	Other	Other	Other	Other	Other	Other	Other	Other	Other	Other	Other	Other	Other	Other	Other	Other	Other	Other	Other	Other	Other	Other	Other	Other	Other	Other	Other	Other	Other	Other	Other	Other
MH049343.1_54_1238_1	2074	951	0.207997239	TRUE	5.748472445	145	5.644473826	47.02702703	Okapia_johnstoni_associated	ncbi	Giraffid	Other	Okapia_johnstoni_associated	Okapia_johnstoni_associated	MH049343.1	Other	Other	Other	Other	Other	Other	Other	Other	Other	Other	Other	Other	Other	Other	Other	Other	Other	Other	Other	Other	Other	Other	Other	Other	Other	Other	Other	Other	Other	Other	Other	Other	Other	Other	Other	Other	Other	Other	Other	Other	Other	Other	Other	Other	Other	Other
MH469677.1_225_1409_1	1173	41	0.185791348	TRUE	5.760982528	559	5.668086854	181.2972973	Macaca_fuscata_associated	ncbi	Non-human Primate	Non-human Primate	Macaca_fuscata_associated	Macaca_fuscata_associated	MH469677.1	Other	Other	Other	Other	Other	Other	Other	Other	Other	Other	Other	Other	Other	Other	Other	Other	Other	Other	Other	Other	Other	Other	Other	Other	Other	Other	Other	Other	Other	Other	Other	Other	Other	Other	Other	Other	Other	Other	Other	Other	Other	Other	Other	Other	Other	Other
MH777281.1_81_1265_1	1333	192	0.141748831	TRUE	6.638581426	972	6.56770701	315.2432432	Human_associated	ncbi	Human	Human	Human_associated	Human_associated	MH777281.1	Other	Other	Other	Other	Other	Other	Other	Other	Other	Other	Other	Other	Other	Other	Other	Other	Other	Other	Other	Other	Other	Other	Other	Other	Other	Other	Other	Other	Other	Other	Other	Other	Other	Other	Other	Other	Other	Other	Other	Other	Other	Other	Other	Other	Other	Other
EU490516.1_147_1319_1	1213	78	0.0591953	TRUE	5.680559203	518	5.650961553	168	Alphapapillomavirus	ncbi	Human	Human	Alphapapillomavirus	Human_associated	EU490516.1	Other	Other	Other	Other	Other	Other	Other	Other	Other	Other	Other	Other	Other	Other	Other	Other	Other	Other	Other	Other	Other	Other	Other	Other	Other	Other	Other	Other	Other	Other	Other	Other	Other	Other	Other	Other	Other	Other	Other	Other	Other	Other	Other	Other	Other	Other
LC704675.1_63_1238_1	1787	717	0.84308123	TRUE	5.426770197	238	5.005229582	77.18918919	Atelerix_albiventris_associated	ncbi	Insectivore	Other	Atelerix_albiventris_associated	Atelerix_albiventris_associated	LC704675.1	Other	Other	Other	Other	Other	Other	Other	Other	Other	Other	Other	Other	Other	Other	Other	Other	Other	Other	Other	Other	Other	Other	Other	Other	Other	Other	Other	Other	Other	Other	Other	Other	Other	Other	Other	Other	Other	Other	Other	Other	Other	Other	Other	Other	Other	Other
KX599536.1_123_1298_1	1296	165	0.239275254	TRUE	6.081229338	769	5.961591711	249.4054054	Taupapillomavirus	ncbi	Canine	Canine	Canis_familiaris	Canis_familiaris_associated	KX599536.1	Other	Other	Other	Other	Other	Other	Other	Other	Other	Other	Other	Other	Other	Other	Other	Other	Other	Other	Other	Other	Other	Other	Other	Other	Other	Other	Other	Other	Other	Other	Other	Other	Other	Other	Other	Other	Other	Other	Other	Other	Other	Other	Other	Other	Other	Other
KT626573.1_90_1265_1	NA	NA	NA	NA	NA	NA	NA	NA	NA	NA	NA	NA	NA	NA	NA	NA	NA	NA	NA	NA	NA	NA	NA	NA	NA	NA	NA	NA	NA	NA	NA	NA	NA	NA	NA	NA	NA	NA	NA	NA	NA	NA	NA	NA	NA	NA	NA	NA	NA	NA	NA	NA	NA	NA	NA	NA	NA	NA	NA	NA	NA
ON932814.1_57_1232_1	NA	NA	NA	NA	NA	NA	NA	NA	NA	NA	NA	NA	NA	NA	NA	NA	NA	NA	NA	NA	NA	NA	NA	NA	NA	NA	NA	NA	NA	NA	NA	NA	NA	NA	NA	NA	NA	NA	NA	NA	NA	NA	NA	NA	NA	NA	NA	NA	NA	NA	NA	NA	NA	NA	NA	NA	NA	NA	NA	NA	NA
OL310516.1_78_1253_1	1783	660	1.03e-06	TRUE	4.957333377	453	4.957332864	146.9189189	Dyothetapapillomavirus	ncbi	Feline	Feline	Felis_domesticus	Felis_domesticus_associated	OL310516.1	Other	Other	Other	Other	Other	Other	Other	Other	Other	Other	Other	Other	Other	Other	Other	Other	Other	Other	Other	Other	Other	Other	Other	Other	Other	Other	Other	Other	Other	Other	Other	Other	Other	Other	Other	Other	Other	Other	Other	Other	Other	Other	Other	Other	Other	Other
MP159677.1_42_1217_1	NA	NA	NA	NA	NA	NA	NA	NA	NA	NA	NA	NA	NA	NA	NA	NA	NA	NA	NA	NA	NA	NA	NA	NA	NA	NA	NA	NA	NA	NA	NA	NA	NA	NA	NA	NA	NA	NA	NA	NA	NA	NA	NA	NA	NA	NA	NA	NA	NA	NA	NA	NA	NA	NA	NA	NA	NA	NA	NA	NA	NA
KR029096.1_30_1205_1	NA	NA	NA	NA	NA	NA	NA	NA	NA	NA	NA	NA	NA	NA	NA	NA	NA	NA	NA	NA	NA	NA	NA	NA	NA	NA	NA	NA	NA	NA	NA	NA	NA	NA	NA	NA	NA	NA	NA	NA	NA	NA	NA	NA	NA	NA	NA	NA	NA	NA	NA	NA	NA	NA	NA	NA	NA	NA	NA	NA	NA
BK066583.1_234_1415_1	2158	1047	0.917228164	TRUE	4.380526026	64	3.921911943	20.75675676	Astyanax_mexicanus_associated	ncbi	Ray-finned Fish	Ray-finned Fish	Astyanax_mexicanus_associated	Astyanax_mexicanus_associated	BK066583.1	Other	Other	Other	Other	Other	Other	Other	Other	Other	Other	Other	Other	Other	Other	Other	Other	Other	Other	Other	Other	Other	Other	Other	Other	Other	Other	Other	Other	Other	Other	Other	Other	Other	Other	Other	Other	Other	Other	Other	Other	Other	Other	Other	Other	Other	Other
BK066790.1_84_1265_1	1293	160	0.039284237	TRUE	6.171916012	778	6.152273893	252.3243243	Taupapillomavirus	ncbi	Canine	Canine	Canis_familiaris	Canis_familiaris_associated	BK066790.1	Other	Other	Other	Other	Other	Other	Other	Other	Other	Other	Other	Other	Other	Other	Other	Other	Other	Other	Other	Other	Other	Other	Other	Other	Other	Other	Other	Other	Other	Other	Other	Other	Other	Other	Other	Other	Other	Other	Other	Other	Other	Other	Other	Other	Other	Other
BK066866.1_63_1244_1	1608	481	0.100043466	TRUE	5.509530452	795	5.459508719	257.8378378	Rodent_associated	ncbi	Rodent	Rodent	Rodent_associated	Rodent_associated	BK066866.1	Other	Other	Other	Other	Other	Other	Other	Other	Other	Other	Other	Other	Other	Other	Other	Other	Other	Other	Other	Other	Other	Other	Other	Other	Other	Other	Other	Other	Other	Other	Other	Other	Other	Other	Other	Other	Other	Other	Other	Other	Other	Other	Other	Other	Other	Other
AF131950.1_162_1343_1	1162	29	0.206471027	TRUE	6.350076594	585	6.24684108	189.7297297	Alphapapillomavirus	ncbi	Human	Human	Alphapapillomavirus	Human_associated	AF131950.1	Other	Other	Other	Other	Other	Other	Other	Other	Other	Other	Other	Other	Other	Other	Other	Other	Other	Other	Other	Other	Other	Other	Other	Other	Other	Other	Other	Other	Other	Other	Other	Other	Other	Other	Other	Other	Other	Other	Other	Other	Other	Other	Other	Other	Other	Other
AY904724.1_57_1238_1	1804	673	0.159732832	TRUE	5.893106718	260	5.813240302	84.32432432	Lambdapapillomavirus	ncbi	Feline	Feline	Panthera_leo	Panthera_leo_associated	AY904724.1	Other	Other	Other	Other	Other	Other	Other	Other	Other	Other	Other	Other	Other	Other	Other	Other	Other	Other	Other	Other	Other	Other	Other	Other	Other	Other	Other	Other	Other	Other	Other	Other	Other	Other	Other	Other	Other	Other	Other	Other	Other	Other	Other	Other	Other	Other
BK066390.1_87_1268_1	1291	161	0.107573019	TRUE	5.970450589	775	5.91666408	251.3513514	Taupapillomavirus	ncbi	Canine	Canine	Canis_familiaris	Canis_familiaris_associated	BK066390.1	Other	Other	Other	Other	Other	Other	Other	Other	Other	Other	Other	Other	Other	Other	Other	Other	Other	Other	Other	Other	Other	Other	Other	Other	Other	Other	Other	Other	Other	Other	Other	Other	Other	Other	Other	Other	Other	Other	Other	Other	Other	Other	Other	Other	Other	Other
OR952853.1_321_1505_1	1904	776	0.275629203	TRUE	6.070783022	407	5.932968421	132	Hipposideros_larvatus_associated	ncbi	Bat	Bat	Hipposideros_larvatus_associated	Hipposideros_larvatus_associated	OR952853.1	Other	Other	Other	Other	Other	Other	Other	Other	Other	Other	Other	Other	Other	Other	Other	Other	Other	Other	Other	Other	Other	Other	Other	Other	Other	Other	Other	Other	Other	Other	Other	Other	Other	Other	Other	Other	Other	Other	Other	Other	Other	Other	Other	Other	Other	Other
EF558841.1_147_1319_1	1214	80	0.131424177	TRUE	5.74665198	520	5.680939891	168.6486486	Alphapapillomavirus	ncbi	Human	Human	Alphapapillomavirus	Human_associated	EF558841.1	Other	Other	Other	Other	Other	Other	Other	Other	Other	Other	Other	Other	Other	Other	Other	Other	Other	Other	Other	Other	Other	Other	Other	Other	Other	Other	Other	Other	Other	Other	Other	Other	Other	Other	Other	Other	Other	Other	Other	Other	Other	Other	Other	Other	Other	Other
U31783.1_129_1304_1	NA	NA	NA	NA	NA	NA	NA	NA	NA	NA	NA	NA	NA	NA	NA	NA	NA	NA	NA	NA	NA	NA	NA	NA	NA	NA	NA	NA	NA	NA	NA	NA	NA	NA	NA	NA	NA	NA	NA	NA	NA	NA	NA	NA	NA	NA	NA	NA	NA	NA	NA	NA	NA	NA	NA	NA	NA	NA	NA	NA	NA
OR952816.1_51_1235_1	NA	NA	NA	NA	NA	NA	NA	NA	NA	NA	NA	NA	NA	NA	NA	NA	NA	NA	NA	NA	NA	NA	NA	NA	NA	NA	NA	NA	NA	NA	NA	NA	NA	NA	NA	NA	NA	NA	NA	NA	NA	NA	NA	NA	NA	NA	NA	NA	NA	NA	NA	NA	NA	NA	NA	NA	NA	NA	NA	NA	NA
OR952824.1_120_1304_1	2021	898	0.156251622	TRUE	5.159544786	193	5.081418975	62.59459459	Scotophilus_kuhlii_associated	ncbi	Bat	Bat	Scotophilus_kuhlii_associated	Scotophilus_kuhlii_associated	OR952824.1	Other	Other	Other	Other	Other	Other	Other	Other	Other	Other	Other	Other	Other	Other	Other	Other	Other	Other	Other	Other	Other	Other	Other	Other	Other	Other	Other	Other	Other	Other	Other	Other	Other	Other	Other	Other	Other	Other	Other	Other	Other	Other	Other	Other	Other	Other
OR952838.1_51_1235_1	1967	844	0.184761711	TRUE	5.623528	339	5.531147144	109.9459459	Scotophilus_kuhlii_associated	ncbi	Bat	Bat	Scotophilus_kuhlii_associated	Scotophilus_kuhlii_associated	OR952838.1	Other	Other	Other	Other	Other	Other	Other	Other	Other	Other	Other	Other	Other	Other	Other	Other	Other	Other	Other	Other	Other	Other	Other	Other	Other	Other	Other	Other	Other	Other	Other	Other	Other	Other	Other	Other	Other	Other	Other	Other	Other	Other	Other	Other	Other	Other
OR952869.1_0_1175_1	1921	797	0.106017201	TRUE	5.673673617	392	5.620665017	127.1351351	Tylonycteris_robustula_associated	ncbi	Bat	Bat	Tylonycteris_robustula_associated	Tylonycteris_robustula_associated	OR952869.1	Other	Other	Other	Other	Other	Other	Other	Other	Other	Other	Other	Other	Other	Other	Other	Other	Other	Other	Other	Other	Other	Other	Other	Other	Other	Other	Other	Other	Other	Other	Other	Other	Other	Other	Other	Other	Other	Other	Other	Other	Other	Other	Other	Other	Other	Other
OR952902.1_72_1256_1	1888	756	0.201621964	TRUE	6.271308982	427	6.170498	138.4864865	Rhinolophus_ferrumequinum_associated	ncbi	Bat	Bat	Rhinolophus_ferrumequinum_associated	Rhinolophus_ferrumequinum_associated	OR952902.1	Other	Other	Other	Other	Other	Other	Other	Other	Other	Other	Other	Other	Other	Other	Other	Other	Other	Other	Other	Other	Other	Other	Other	Other	Other	Other	Other	Other	Other	Other	Other	Other	Other	Other	Other	Other	Other	Other	Other	Other	Other	Other	Other	Other	Other	Other
OR952840.1_51_1226_1	1986	860	0.31000299	TRUE	5.968463412	358	5.813461917	116.1081081	Scotophilus_kuhlii_associated	ncbi	Bat	Bat	Scotophilus_kuhlii_associated	Scotophilus_kuhlii_associated	OR952840.1	Other	Other	Other	Other	Other	Other	Other	Other	Other	Other	Other	Other	Other	Other	Other	Other	Other	Other	Other	Other	Other	Other	Other	Other	Other	Other	Other	Other	Other	Other	Other	Other	Other	Other	Other	Other	Other	Other	Other	Other	Other	Other	Other	Other	Other	Other
OR952781.1_51_1226_1	1987	858	0.247738231	TRUE	5.945666977	359	5.821797862	116.4324324	Scotophilus_kuhlii_associated	ncbi	Bat	Bat	Scotophilus_kuhlii_associated	Scotophilus_kuhlii_associated	OR952781.1	Other	Other	Other	Other	Other	Other	Other	Other	Other	Other	Other	Other	Other	Other	Other	Other	Other	Other	Other	Other	Other	Other	Other	Other	Other	Other	Other	Other	Other	Other	Other	Other	Other	Other	Other	Other	Other	Other	Other	Other	Other	Other	Other	Other	Other	Other
OR952872.1_51_1235_1	NA	NA	NA	NA	NA	NA	NA	NA	NA	NA	NA	NA	NA	NA	NA	NA	NA	NA	NA	NA	NA	NA	NA	NA	NA	NA	NA	NA	NA	NA	NA	NA	NA	NA	NA	NA	NA	NA	NA	NA	NA	NA	NA	NA	NA	NA	NA	NA	NA	NA	NA	NA	NA	NA	NA	NA	NA	NA	NA	NA	NA
OR952888.1_27_1211_1	NA	NA	NA	NA	NA	NA	NA	NA	NA	NA	NA	NA	NA	NA	NA	NA	NA	NA	NA	NA	NA	NA	NA	NA	NA	NA	NA	NA	NA	NA	NA	NA	NA	NA	NA	NA	NA	NA	NA	NA	NA	NA	NA	NA	NA	NA	NA	NA	NA	NA	NA	NA	NA	NA	NA	NA	NA	NA	NA	NA	NA
OR952891.1_147_1331_1	1996	872	0.147667636	TRUE	5.646370262	343	5.572536444	111.2432432	Myotis_siligorensis_associated	ncbi	Bat	Bat	Myotis_siligorensis_associated	Myotis_siligorensis_associated	OR952891.1	Other	Other	Other	Other	Other	Other	Other	Other	Other	Other	Other	Other	Other	Other	Other	Other	Other	Other	Other	Other	Other	Other	Other	Other	Other	Other	Other	Other	Other	Other	Other	Other	Other	Other	Other	Other	Other	Other	Other	Other	Other	Other	Other	Other	Other	Other
MH777220.2_105_1319_1	NA	NA	NA	NA	NA	NA	NA	NA	NA	NA	NA	NA	NA	NA	NA	NA	NA	NA	NA	NA	NA	NA	NA	NA	NA	NA	NA	NA	NA	NA	NA	NA	NA	NA	NA	NA	NA	NA	NA	NA	NA	NA	NA	NA	NA	NA	NA	NA	NA	NA	NA	NA	NA	NA	NA	NA	NA	NA	NA	NA	NA
MH777209.1_81_1295_1	1461	318	0.18138283	TRUE	6.884133654	1042	6.793442239	337.9459459	Human_associated	ncbi	Human	Human	Human_associated	Human_associated	MH777209.1	Other	Other	Other	Other	Other	Other	Other	Other	Other	Other	Other	Other	Other	Other	Other	Other	Other	Other	Other	Other	Other	Other	Other	Other	Other	Other	Other	Other	Other	Other	Other	Other	Other	Other	Other	Other	Other	Other	Other	Other	Other	Other	Other	Other	Other	Other
MH777226.2_135_1349_1	1532	395	0.11881833	TRUE	6.238752584	892	6.179343419	289.2972973	Human_associated	ncbi	Human	Human	Human_associated	Human_associated	MH777226.2	Other	Other	Other	Other	Other	Other	Other	Other	Other	Other	Other	Other	Other	Other	Other	Other	Other	Other	Other	Other	Other	Other	Other	Other	Other	Other	Other	Other	Other	Other	Other	Other	Other	Other	Other	Other	Other	Other	Other	Other	Other	Other	Other	Other	Other	Other
MH777257.2_141_1355_1	NA	NA	NA	NA	NA	NA	NA	NA	NA	NA	NA	NA	NA	NA	NA	NA	NA	NA	NA	NA	NA	NA	NA	NA	NA	NA	NA	NA	NA	NA	NA	NA	NA	NA	NA	NA	NA	NA	NA	NA	NA	NA	NA	NA	NA	NA	NA	NA	NA	NA	NA	NA	NA	NA	NA	NA	NA	NA	NA	NA	NA
MH777230.1_105_1319_1	1461	317	0.092383333	TRUE	6.795134157	1041	6.748942491	337.6216216	Human_associated	ncbi	Human	Human	Human_associated	Human_associated	MH777230.1	Other	Other	Other	Other	Other	Other	Other	Other	Other	Other	Other	Other	Other	Other	Other	Other	Other	Other	Other	Other	Other	Other	Other	Other	Other	Other	Other	Other	Other	Other	Other	Other	Other	Other	Other	Other	Other	Other	Other	Other	Other	Other	Other	Other	Other	Other
MH777182.2_147_1361_1	NA	NA	NA	NA	NA	NA	NA	NA	NA	NA	NA	NA	NA	NA	NA	NA	NA	NA	NA	NA	NA	NA	NA	NA	NA	NA	NA	NA	NA	NA	NA	NA	NA	NA	NA	NA	NA	NA	NA	NA	NA	NA	NA	NA	NA	NA	NA	NA	NA	NA	NA	NA	NA	NA	NA	NA	NA	NA	NA	NA	NA
MF509816.1_93_1307_1	1531	392	0.057822314	TRUE	6.217161959	895	6.188250802	290.2702703	Human_associated	ncbi	Human	Human	Human_associated	Human_associated	MF509816.1	Other	Other	Other	Other	Other	Other	Other	Other	Other	Other	Other	Other	Other	Other	Other	Other	Other	Other	Other	Other	Other	Other	Other	Other	Other	Other	Other	Other	Other	Other	Other	Other	Other	Other	Other	Other	Other	Other	Other	Other	Other	Other	Other	Other	Other	Other
KC311731.2_87_1301_1	1431	291	0.189867319	TRUE	6.778543877	1102	6.683610217	357.4054054	Human_associated	ncbi	Human	Human	Human_associated	Human_associated	KC311731.2	Other	Other	Other	Other	Other	Other	Other	Other	Other	Other	Other	Other	Other	Other	Other	Other	Other	Other	Other	Other	Other	Other	Other	Other	Other	Other	Other	Other	Other	Other	Other	Other	Other	Other	Other	Other	Other	Other	Other	Other	Other	Other	Other	Other	Other	Other
MH230930.1_114_1328_1	1929	803	0.368609711	TRUE	5.995954374	374	5.811649518	121.2972973	Tadarida_brasiliensis_associated	ncbi	Bat	Bat	Tadarida_brasiliensis_associated	Tadarida_brasiliensis_associated	MH230930.1	Other	Other	Other	Other	Other	Other	Other	Other	Other	Other	Other	Other	Other	Other	Other	Other	Other	Other	Other	Other	Other	Other	Other	Other	Other	Other	Other	Other	Other	Other	Other	Other	Other	Other	Other	Other	Other	Other	Other	Other	Other	Other	Other	Other	Other	Other
MH777178.2_90_1304_1	1426	284	0.135193408	TRUE	6.802697634	1104	6.73510093	358.0540541	Human_associated	ncbi	Human	Human	Human_associated	Human_associated	MH777178.2	Other	Other	Other	Other	Other	Other	Other	Other	Other	Other	Other	Other	Other	Other	Other	Other	Other	Other	Other	Other	Other	Other	Other	Other	Other	Other	Other	Other	Other	Other	Other	Other	Other	Other	Other	Other	Other	Other	Other	Other	Other	Other	Other	Other	Other	Other
MH777160.2_96_1310_1	NA	NA	NA	NA	NA	NA	NA	NA	NA	NA	NA	NA	NA	NA	NA	NA	NA	NA	NA	NA	NA	NA	NA	NA	NA	NA	NA	NA	NA	NA	NA	NA	NA	NA	NA	NA	NA	NA	NA	NA	NA	NA	NA	NA	NA	NA	NA	NA	NA	NA	NA	NA	NA	NA	NA	NA	NA	NA	NA	NA	NA
BK066896.1_69_1280_1	1506	374	0.251054242	TRUE	6.298053313	980	6.172526192	317.8378378	Human_associated	ncbi	Human	Human	Human_associated	Human_associated	BK066896.1	Other	Other	Other	Other	Other	Other	Other	Other	Other	Other	Other	Other	Other	Other	Other	Other	Other	Other	Other	Other	Other	Other	Other	Other	Other	Other	Other	Other	Other	Other	Other	Other	Other	Other	Other	Other	Other	Other	Other	Other	Other	Other	Other	Other	Other	Other
BK066846.1_93_1304_1	1629	507	0.437815532	TRUE	5.245725823	741	5.026818057	240.3243243	Sorex_associated	ncbi	Insectivore	Other	Sorex_associated	Sorex_associated	BK066846.1	Other	Other	Other	Other	Other	Other	Other	Other	Other	Other	Other	Other	Other	Other	Other	Other	Other	Other	Other	Other	Other	Other	Other	Other	Other	Other	Other	Other	Other	Other	Other	Other	Other	Other	Other	Other	Other	Other	Other	Other	Other	Other	Other	Other	Other	Other
GU117633.1_117_1328_1	1565	432	0.14530982	TRUE	5.856762921	856	5.784108011	277.6216216	Gammapapillomavirus	ncbi	Human	Human	Gammapapillomavirus	Human_associated	GU117633.1	Other	Other	Other	Other	Other	Other	Other	Other	Other	Other	Other	Other	Other	Other	Other	Other	Other	Other	Other	Other	Other	Other	Other	Other	Other	Other	Other	Other	Other	Other	Other	Other	Other	Other	Other	Other	Other	Other	Other	Other	Other	Other	Other	Other	Other	Other
KC108722.1_90_1301_1	NA	NA	NA	NA	NA	NA	NA	NA	NA	NA	NA	NA	NA	NA	NA	NA	NA	NA	NA	NA	NA	NA	NA	NA	NA	NA	NA	NA	NA	NA	NA	NA	NA	NA	NA	NA	NA	NA	NA	NA	NA	NA	NA	NA	NA	NA	NA	NA	NA	NA	NA	NA	NA	NA	NA	NA	NA	NA	NA	NA	NA
HM999994.1_90_1301_1	1566	434	0.046773734	TRUE	5.729333547	852	5.70594668	276.3243243	Gammapapillomavirus	ncbi	Human	Human	Gammapapillomavirus	Human_associated	HM999994.1	Other	Other	Other	Other	Other	Other	Other	Other	Other	Other	Other	Other	Other	Other	Other	Other	Other	Other	Other	Other	Other	Other	Other	Other	Other	Other	Other	Other	Other	Other	Other	Other	Other	Other	Other	Other	Other	Other	Other	Other	Other	Other	Other	Other	Other	Other
BK066831.1_93_1304_1	1931	806	0.218075943	TRUE	6.099211631	377	5.990173659	122.2702703	Molossus_associated	ncbi	Bat	Bat	Molossus_associated	Molossus_associated	BK066831.1	Other	Other	Other	Other	Other	Other	Other	Other	Other	Other	Other	Other	Other	Other	Other	Other	Other	Other	Other	Other	Other	Other	Other	Other	Other	Other	Other	Other	Other	Other	Other	Other	Other	Other	Other	Other	Other	Other	Other	Other	Other	Other	Other	Other	Other	Other
MK645900.1_99_1313_1	NA	NA	NA	NA	NA	NA	NA	NA	NA	NA	NA	NA	NA	NA	NA	NA	NA	NA	NA	NA	NA	NA	NA	NA	NA	NA	NA	NA	NA	NA	NA	NA	NA	NA	NA	NA	NA	NA	NA	NA	NA	NA	NA	NA	NA	NA	NA	NA	NA	NA	NA	NA	NA	NA	NA	NA	NA	NA	NA	NA	NA
MH972563.2_96_1310_1	1412	268	0.031541524	TRUE	6.703393465	1089	6.687622703	353.1891892	Human_associated	ncbi	Human	Human	Human_associated	Human_associated	MH972563.2	Other	Other	Other	Other	Other	Other	Other	Other	Other	Other	Other	Other	Other	Other	Other	Other	Other	Other	Other	Other	Other	Other	Other	Other	Other	Other	Other	Other	Other	Other	Other	Other	Other	Other	Other	Other	Other	Other	Other	Other	Other	Other	Other	Other	Other	Other
OQ274130.1_84_1298_1	1720	592	0.108838417	TRUE	6.235561891	596	6.181142683	193.2972973	Neophocaena_asiaeorientalis_associated	ncbi	Bat	Bat	Neophocaena_asiaeorientalis_associated	Neophocaena_asiaeorientalis_associated	OQ274130.1	Other	Other	Other	Other	Other	Other	Other	Other	Other	Other	Other	Other	Other	Other	Other	Other	Other	Other	Other	Other	Other	Other	Other	Other	Other	Other	Other	Other	Other	Other	Other	Other	Other	Other	Other	Other	Other	Other	Other	Other	Other	Other	Other	Other	Other	Other
BK066363.1_69_1280_1	NA	NA	NA	NA	NA	NA	NA	NA	NA	NA	NA	NA	NA	NA	NA	NA	NA	NA	NA	NA	NA	NA	NA	NA	NA	NA	NA	NA	NA	NA	NA	NA	NA	NA	NA	NA	NA	NA	NA	NA	NA	NA	NA	NA	NA	NA	NA	NA	NA	NA	NA	NA	NA	NA	NA	NA	NA	NA	NA	NA	NA
OR952793.1_51_1265_1	1879	750	0.337808175	TRUE	5.909431068	428	5.740526981	138.8108108	Rhinolophus_sinicus_associated	ncbi	Bat	Bat	Rhinolophus_sinicus_associated	Rhinolophus_sinicus_associated	OR952793.1	Other	Other	Other	Other	Other	Other	Other	Other	Other	Other	Other	Other	Other	Other	Other	Other	Other	Other	Other	Other	Other	Other	Other	Other	Other	Other	Other	Other	Other	Other	Other	Other	Other	Other	Other	Other	Other	Other	Other	Other	Other	Other	Other	Other	Other	Other
JN171845.1_81_1295_1	1487	351	0.33514532	TRUE	6.568126693	1004	6.400554034	325.6216216	Gammapapillomavirus	ncbi	Human	Human	Gammapapillomavirus	Human_associated	JN171845.1	Other	Other	Other	Other	Other	Other	Other	Other	Other	Other	Other	Other	Other	Other	Other	Other	Other	Other	Other	Other	Other	Other	Other	Other	Other	Other	Other	Other	Other	Other	Other	Other	Other	Other	Other	Other	Other	Other	Other	Other	Other	Other	Other	Other	Other	Other
MH777352.2_156_1373_1	NA	NA	NA	NA	NA	NA	NA	NA	NA	NA	NA	NA	NA	NA	NA	NA	NA	NA	NA	NA	NA	NA	NA	NA	NA	NA	NA	NA	NA	NA	NA	NA	NA	NA	NA	NA	NA	NA	NA	NA	NA	NA	NA	NA	NA	NA	NA	NA	NA	NA	NA	NA	NA	NA	NA	NA	NA	NA	NA	NA	NA
MH777332.2_90_1307_1	NA	NA	NA	NA	NA	NA	NA	NA	NA	NA	NA	NA	NA	NA	NA	NA	NA	NA	NA	NA	NA	NA	NA	NA	NA	NA	NA	NA	NA	NA	NA	NA	NA	NA	NA	NA	NA	NA	NA	NA	NA	NA	NA	NA	NA	NA	NA	NA	NA	NA	NA	NA	NA	NA	NA	NA	NA	NA	NA	NA	NA
MH777366.1_93_1310_1	NA	NA	NA	NA	NA	NA	NA	NA	NA	NA	NA	NA	NA	NA	NA	NA	NA	NA	NA	NA	NA	NA	NA	NA	NA	NA	NA	NA	NA	NA	NA	NA	NA	NA	NA	NA	NA	NA	NA	NA	NA	NA	NA	NA	NA	NA	NA	NA	NA	NA	NA	NA	NA	NA	NA	NA	NA	NA	NA	NA	NA
MH777380.2_87_1304_1	1414	281	0.215906214	TRUE	6.724287123	1091	6.616334016	353.8378378	Human_associated	ncbi	Human	Human	Human_associated	Human_associated	MH777380.2	Other	Other	Other	Other	Other	Other	Other	Other	Other	Other	Other	Other	Other	Other	Other	Other	Other	Other	Other	Other	Other	Other	Other	Other	Other	Other	Other	Other	Other	Other	Other	Other	Other	Other	Other	Other	Other	Other	Other	Other	Other	Other	Other	Other	Other	Other
MH777377.2_69_1286_1	NA	NA	NA	NA	NA	NA	NA	NA	NA	NA	NA	NA	NA	NA	NA	NA	NA	NA	NA	NA	NA	NA	NA	NA	NA	NA	NA	NA	NA	NA	NA	NA	NA	NA	NA	NA	NA	NA	NA	NA	NA	NA	NA	NA	NA	NA	NA	NA	NA	NA	NA	NA	NA	NA	NA	NA	NA	NA	NA	NA	NA
MH777331.2_129_1346_1	NA	NA	NA	NA	NA	NA	NA	NA	NA	NA	NA	NA	NA	NA	NA	NA	NA	NA	NA	NA	NA	NA	NA	NA	NA	NA	NA	NA	NA	NA	NA	NA	NA	NA	NA	NA	NA	NA	NA	NA	NA	NA	NA	NA	NA	NA	NA	NA	NA	NA	NA	NA	NA	NA	NA	NA	NA	NA	NA	NA	NA
MH777294.2_72_1289_1	1410	271	0.157850131	TRUE	6.678486776	1087	6.599561711	352.5405405	Human_associated	ncbi	Human	Human	Human_associated	Human_associated	MH777294.2	Other	Other	Other	Other	Other	Other	Other	Other	Other	Other	Other	Other	Other	Other	Other	Other	Other	Other	Other	Other	Other	Other	Other	Other	Other	Other	Other	Other	Other	Other	Other	Other	Other	Other	Other	Other	Other	Other	Other	Other	Other	Other	Other	Other	Other	Other
MH777265.2_60_1277_1	1347	208	0.137942881	TRUE	6.636456152	938	6.567484711	304.2162162	Human_associated	ncbi	Human	Human	Human_associated	Human_associated	MH777265.2	Other	Other	Other	Other	Other	Other	Other	Other	Other	Other	Other	Other	Other	Other	Other	Other	Other	Other	Other	Other	Other	Other	Other	Other	Other	Other	Other	Other	Other	Other	Other	Other	Other	Other	Other	Other	Other	Other	Other	Other	Other	Other	Other	Other	Other	Other
MH777307.2_69_1286_1	NA	NA	NA	NA	NA	NA	NA	NA	NA	NA	NA	NA	NA	NA	NA	NA	NA	NA	NA	NA	NA	NA	NA	NA	NA	NA	NA	NA	NA	NA	NA	NA	NA	NA	NA	NA	NA	NA	NA	NA	NA	NA	NA	NA	NA	NA	NA	NA	NA	NA	NA	NA	NA	NA	NA	NA	NA	NA	NA	NA	NA
MH777313.2_84_1301_1	1409	267	0.215738058	TRUE	6.666575775	1086	6.558706745	352.2162162	Human_associated	ncbi	Human	Human	Human_associated	Human_associated	MH777313.2	Other	Other	Other	Other	Other	Other	Other	Other	Other	Other	Other	Other	Other	Other	Other	Other	Other	Other	Other	Other	Other	Other	Other	Other	Other	Other	Other	Other	Other	Other	Other	Other	Other	Other	Other	Other	Other	Other	Other	Other	Other	Other	Other	Other	Other	Other
MH777311.2_93_1310_1	NA	NA	NA	NA	NA	NA	NA	NA	NA	NA	NA	NA	NA	NA	NA	NA	NA	NA	NA	NA	NA	NA	NA	NA	NA	NA	NA	NA	NA	NA	NA	NA	NA	NA	NA	NA	NA	NA	NA	NA	NA	NA	NA	NA	NA	NA	NA	NA	NA	NA	NA	NA	NA	NA	NA	NA	NA	NA	NA	NA	NA
BK066659.1_105_1319_1	1455	322	0.173105735	TRUE	6.587151458	1034	6.500598591	335.3513514	Human_associated	ncbi	Human	Human	Human_associated	Human_associated	BK066659.1	Other	Other	Other	Other	Other	Other	Other	Other	Other	Other	Other	Other	Other	Other	Other	Other	Other	Other	Other	Other	Other	Other	Other	Other	Other	Other	Other	Other	Other	Other	Other	Other	Other	Other	Other	Other	Other	Other	Other	Other	Other	Other	Other	Other	Other	Other
OQ274128.1_132_1349_1	1779	655	0.124514675	TRUE	5.76303339	618	5.700776053	200.4324324	Neophocaena_asiaeorientalis_associated	ncbi	Bat	Bat	Neophocaena_asiaeorientalis_associated	Neophocaena_asiaeorientalis_associated	OQ274128.1	Other	Other	Other	Other	Other	Other	Other	Other	Other	Other	Other	Other	Other	Other	Other	Other	Other	Other	Other	Other	Other	Other	Other	Other	Other	Other	Other	Other	Other	Other	Other	Other	Other	Other	Other	Other	Other	Other	Other	Other	Other	Other	Other	Other	Other	Other
GU117620.1_84_1298_1	1714	587	0.140403092	TRUE	6.142061355	594	6.071859809	192.6486486	Upsilonpapillomavirus	ncbi	Cetacean	Cetacean	Delphinus_delphis	Delphinus_delphis_associated	GU117620.1	Other	Other	Other	Other	Other	Other	Other	Other	Other	Other	Other	Other	Other	Other	Other	Other	Other	Other	Other	Other	Other	Other	Other	Other	Other	Other	Other	Other	Other	Other	Other	Other	Other	Other	Other	Other	Other	Other	Other	Other	Other	Other	Other	Other	Other	Other
JF966376.1_78_1292_1	1472	334	0.192231444	TRUE	6.66950942	1030	6.573393698	334.0540541	Human_associated	ncbi	Human	Human	Human_associated	Human_associated	JF966376.1	Other	Other	Other	Other	Other	Other	Other	Other	Other	Other	Other	Other	Other	Other	Other	Other	Other	Other	Other	Other	Other	Other	Other	Other	Other	Other	Other	Other	Other	Other	Other	Other	Other	Other	Other	Other	Other	Other	Other	Other	Other	Other	Other	Other	Other	Other
GU129016.1_72_1286_1	1338	197	0.133942472	TRUE	6.370515791	967	6.303544555	313.6216216	Gammapapillomavirus	ncbi	Human	Human	Gammapapillomavirus	Human_associated	GU129016.1	Other	Other	Other	Other	Other	Other	Other	Other	Other	Other	Other	Other	Other	Other	Other	Other	Other	Other	Other	Other	Other	Other	Other	Other	Other	Other	Other	Other	Other	Other	Other	Other	Other	Other	Other	Other	Other	Other	Other	Other	Other	Other	Other	Other	Other	Other
OQ274127.1_138_1355_1	1776	649	0.104772703	TRUE	5.949598857	625	5.897212506	202.7027027	Neophocaena_asiaeorientalis_associated	ncbi	Bat	Bat	Neophocaena_asiaeorientalis_associated	Neophocaena_asiaeorientalis_associated	OQ274127.1	Other	Other	Other	Other	Other	Other	Other	Other	Other	Other	Other	Other	Other	Other	Other	Other	Other	Other	Other	Other	Other	Other	Other	Other	Other	Other	Other	Other	Other	Other	Other	Other	Other	Other	Other	Other	Other	Other	Other	Other	Other	Other	Other	Other	Other	Other
MH777385.2_69_1286_1	1383	293	0.44687938	TRUE	6.403471333	1061	6.180031643	344.1081081	Human_associated	ncbi	Human	Human	Human_associated	Human_associated	MH777385.2	Other	Other	Other	Other	Other	Other	Other	Other	Other	Other	Other	Other	Other	Other	Other	Other	Other	Other	Other	Other	Other	Other	Other	Other	Other	Other	Other	Other	Other	Other	Other	Other	Other	Other	Other	Other	Other	Other	Other	Other	Other	Other	Other	Other	Other	Other
MH777383.2_90_1307_1	1534	401	0.117729126	TRUE	5.974349587	886	5.915485024	287.3513514	Human_associated	ncbi	Human	Human	Human_associated	Human_associated	MH777383.2	Other	Other	Other	Other	Other	Other	Other	Other	Other	Other	Other	Other	Other	Other	Other	Other	Other	Other	Other	Other	Other	Other	Other	Other	Other	Other	Other	Other	Other	Other	Other	Other	Other	Other	Other	Other	Other	Other	Other	Other	Other	Other	Other	Other	Other	Other
MH777388.2_69_1286_1	NA	NA	NA	NA	NA	NA	NA	NA	NA	NA	NA	NA	NA	NA	NA	NA	NA	NA	NA	NA	NA	NA	NA	NA	NA	NA	NA	NA	NA	NA	NA	NA	NA	NA	NA	NA	NA	NA	NA	NA	NA	NA	NA	NA	NA	NA	NA	NA	NA	NA	NA	NA	NA	NA	NA	NA	NA	NA	NA	NA	NA
MZ570864.1_93_1310_1	2185	1076	1.476444353	TRUE	5.72041809	50	4.982195914	16.21621622	Centropristis_striata_associated	ncbi	Ray-finned Fish	Ray-finned Fish	Centropristis_striata_associated	Centropristis_striata_associated	MZ570864.1	Other	Other	Other	Other	Other	Other	Other	Other	Other	Other	Other	Other	Other	Other	Other	Other	Other	Other	Other	Other	Other	Other	Other	Other	Other	Other	Other	Other	Other	Other	Other	Other	Other	Other	Other	Other	Other	Other	Other	Other	Other	Other	Other	Other	Other	Other
MW311489.1_135_1352_1	1535	400	0.051718983	TRUE	6.018868872	888	5.99300938	288	Human_associated	ncbi	Human	Human	Human_associated	Human_associated	MW311489.1	Other	Other	Other	Other	Other	Other	Other	Other	Other	Other	Other	Other	Other	Other	Other	Other	Other	Other	Other	Other	Other	Other	Other	Other	Other	Other	Other	Other	Other	Other	Other	Other	Other	Other	Other	Other	Other	Other	Other	Other	Other	Other	Other	Other	Other	Other
HM999991.1_69_1277_1	1594	462	0.103383805	TRUE	5.730182762	830	5.67849086	269.1891892	Gammapapillomavirus	ncbi	Human	Human	Gammapapillomavirus	Human_associated	HM999991.1	Other	Other	Other	Other	Other	Other	Other	Other	Other	Other	Other	Other	Other	Other	Other	Other	Other	Other	Other	Other	Other	Other	Other	Other	Other	Other	Other	Other	Other	Other	Other	Other	Other	Other	Other	Other	Other	Other	Other	Other	Other	Other	Other	Other	Other	Other
HE963025.1_69_1277_1	1695	563	0.11590144	TRUE	5.629326648	729	5.571375928	236.4324324	Betapapillomavirus	ncbi	Human	Human	Betapapillomavirus	Human_associated	HE963025.1	Other	Other	Other	Other	Other	Other	Other	Other	Other	Other	Other	Other	Other	Other	Other	Other	Other	Other	Other	Other	Other	Other	Other	Other	Other	Other	Other	Other	Other	Other	Other	Other	Other	Other	Other	Other	Other	Other	Other	Other	Other	Other	Other	Other	Other	Other
JF906559.1_141_1349_1	1593	459	0.105290112	TRUE	5.812913006	835	5.76026795	270.8108108	Gammapapillomavirus	ncbi	Human	Human	Gammapapillomavirus	Human_associated	JF906559.1	Other	Other	Other	Other	Other	Other	Other	Other	Other	Other	Other	Other	Other	Other	Other	Other	Other	Other	Other	Other	Other	Other	Other	Other	Other	Other	Other	Other	Other	Other	Other	Other	Other	Other	Other	Other	Other	Other	Other	Other	Other	Other	Other	Other	Other	Other
JN709469.1_87_1295_1	1718	590	0.064140533	TRUE	6.278834153	601	6.246763886	194.9189189	Upsilonpapillomavirus	ncbi	Cetacean	Cetacean	Tursiops_truncatus	Tursiops_truncatus_associated	JN709469.1	Other	Other	Other	Other	Other	Other	Other	Other	Other	Other	Other	Other	Other	Other	Other	Other	Other	Other	Other	Other	Other	Other	Other	Other	Other	Other	Other	Other	Other	Other	Other	Other	Other	Other	Other	Other	Other	Other	Other	Other	Other	Other	Other	Other	Other	Other
JF966378.1_81_1289_1	1339	199	0.059998015	TRUE	6.290244667	969	6.260245659	314.2702703	Human_associated	ncbi	Human	Human	Human_associated	Human_associated	JF966378.1	Other	Other	Other	Other	Other	Other	Other	Other	Other	Other	Other	Other	Other	Other	Other	Other	Other	Other	Other	Other	Other	Other	Other	Other	Other	Other	Other	Other	Other	Other	Other	Other	Other	Other	Other	Other	Other	Other	Other	Other	Other	Other	Other	Other	Other	Other
FN677755.1_123_1331_1	NA	NA	NA	NA	NA	NA	NA	NA	NA	NA	NA	NA	NA	NA	NA	NA	NA	NA	NA	NA	NA	NA	NA	NA	NA	NA	NA	NA	NA	NA	NA	NA	NA	NA	NA	NA	NA	NA	NA	NA	NA	NA	NA	NA	NA	NA	NA	NA	NA	NA	NA	NA	NA	NA	NA	NA	NA	NA	NA	NA	NA
OR952881.1_54_1265_1	1853	728	0.262148511	TRUE	6.182352202	297	6.051277946	96.32432432	Taphozous_melanopogon_associated	ncbi	Bat	Bat	Taphozous_melanopogon_associated	Taphozous_melanopogon_associated	OR952881.1	Other	Other	Other	Other	Other	Other	Other	Other	Other	Other	Other	Other	Other	Other	Other	Other	Other	Other	Other	Other	Other	Other	Other	Other	Other	Other	Other	Other	Other	Other	Other	Other	Other	Other	Other	Other	Other	Other	Other	Other	Other	Other	Other	Other	Other	Other
OQ274131.1_87_1298_1	1719	594	0.070972717	TRUE	6.149487703	595	6.114001344	192.972973	Neophocaena_asiaeorientalis_associated	ncbi	Bat	Bat	Neophocaena_asiaeorientalis_associated	Neophocaena_asiaeorientalis_associated	OQ274131.1	Other	Other	Other	Other	Other	Other	Other	Other	Other	Other	Other	Other	Other	Other	Other	Other	Other	Other	Other	Other	Other	Other	Other	Other	Other	Other	Other	Other	Other	Other	Other	Other	Other	Other	Other	Other	Other	Other	Other	Other	Other	Other	Other	Other	Other	Other
AJ620210.1_108_1316_1	1558	424	0.12045292	TRUE	5.85203632	862	5.79180986	279.5675676	Gammapapillomavirus	ncbi	Human	Human	Gammapapillomavirus	Human_associated	AJ620210.1	Other	Other	Other	Other	Other	Other	Other	Other	Other	Other	Other	Other	Other	Other	Other	Other	Other	Other	Other	Other	Other	Other	Other	Other	Other	Other	Other	Other	Other	Other	Other	Other	Other	Other	Other	Other	Other	Other	Other	Other	Other	Other	Other	Other	Other	Other
FM955842.1_114_1322_1	1695	562	0.096674838	TRUE	5.610100045	728	5.561762626	236.1081081	Betapapillomavirus	ncbi	Human	Human	Betapapillomavirus	Human_associated	FM955842.1	Other	Other	Other	Other	Other	Other	Other	Other	Other	Other	Other	Other	Other	Other	Other	Other	Other	Other	Other	Other	Other	Other	Other	Other	Other	Other	Other	Other	Other	Other	Other	Other	Other	Other	Other	Other	Other	Other	Other	Other	Other	Other	Other	Other	Other	Other
BK066590.1_81_1289_1	1816	687	0.258836325	TRUE	5.739088923	276	5.609670761	89.51351351	Rhinolophus_associated	ncbi	Bat	Bat	Rhinolophus_associated	Rhinolophus_associated	BK066590.1	Other	Other	Other	Other	Other	Other	Other	Other	Other	Other	Other	Other	Other	Other	Other	Other	Other	Other	Other	Other	Other	Other	Other	Other	Other	Other	Other	Other	Other	Other	Other	Other	Other	Other	Other	Other	Other	Other	Other	Other	Other	Other	Other	Other	Other	Other
MH675888.2_129_1337_1	NA	NA	NA	NA	NA	NA	NA	NA	NA	NA	NA	NA	NA	NA	NA	NA	NA	NA	NA	NA	NA	NA	NA	NA	NA	NA	NA	NA	NA	NA	NA	NA	NA	NA	NA	NA	NA	NA	NA	NA	NA	NA	NA	NA	NA	NA	NA	NA	NA	NA	NA	NA	NA	NA	NA	NA	NA	NA	NA	NA	NA
MH617579.2_63_1271_1	2178	1064	0.341846221	TRUE	5.378855468	59	5.207932357	19.13513514	Lutjanus_campechanus_associated	ncbi	Ray-finned Fish	Ray-finned Fish	Lutjanus_campechanus_associated	Lutjanus_campechanus_associated	MH617579.2	Other	Other	Other	Other	Other	Other	Other	Other	Other	Other	Other	Other	Other	Other	Other	Other	Other	Other	Other	Other	Other	Other	Other	Other	Other	Other	Other	Other	Other	Other	Other	Other	Other	Other	Other	Other	Other	Other	Other	Other	Other	Other	Other	Other	Other	Other
MH777175.1_69_1277_1	NA	NA	NA	NA	NA	NA	NA	NA	NA	NA	NA	NA	NA	NA	NA	NA	NA	NA	NA	NA	NA	NA	NA	NA	NA	NA	NA	NA	NA	NA	NA	NA	NA	NA	NA	NA	NA	NA	NA	NA	NA	NA	NA	NA	NA	NA	NA	NA	NA	NA	NA	NA	NA	NA	NA	NA	NA	NA	NA	NA	NA
MH777217.2_72_1280_1	1338	198	0.084988504	TRUE	6.321561823	968	6.279067571	313.9459459	Human_associated	ncbi	Human	Human	Human_associated	Human_associated	MH777217.2	Other	Other	Other	Other	Other	Other	Other	Other	Other	Other	Other	Other	Other	Other	Other	Other	Other	Other	Other	Other	Other	Other	Other	Other	Other	Other	Other	Other	Other	Other	Other	Other	Other	Other	Other	Other	Other	Other	Other	Other	Other	Other	Other	Other	Other	Other
MH777196.2_129_1337_1	NA	NA	NA	NA	NA	NA	NA	NA	NA	NA	NA	NA	NA	NA	NA	NA	NA	NA	NA	NA	NA	NA	NA	NA	NA	NA	NA	NA	NA	NA	NA	NA	NA	NA	NA	NA	NA	NA	NA	NA	NA	NA	NA	NA	NA	NA	NA	NA	NA	NA	NA	NA	NA	NA	NA	NA	NA	NA	NA	NA	NA
MF588793.1_75_1283_1	NA	NA	NA	NA	NA	NA	NA	NA	NA	NA	NA	NA	NA	NA	NA	NA	NA	NA	NA	NA	NA	NA	NA	NA	NA	NA	NA	NA	NA	NA	NA	NA	NA	NA	NA	NA	NA	NA	NA	NA	NA	NA	NA	NA	NA	NA	NA	NA	NA	NA	NA	NA	NA	NA	NA	NA	NA	NA	NA	NA	NA
JN709471.1_72_1280_1	1775	651	0.136808366	TRUE	5.902781684	624	5.834377501	202.3783784	Omikronpapillomavirus	ncbi	Cetacean	Cetacean	Tursiops_truncatus	Tursiops_truncatus_associated	JN709471.1	Other	Other	Other	Other	Other	Other	Other	Other	Other	Other	Other	Other	Other	Other	Other	Other	Other	Other	Other	Other	Other	Other	Other	Other	Other	Other	Other	Other	Other	Other	Other	Other	Other	Other	Other	Other	Other	Other	Other	Other	Other	Other	Other	Other	Other	Other
JN709470.1_93_1301_1	1774	648	0.187931724	TRUE	5.927127536	623	5.833161674	202.0540541	Omikronpapillomavirus	ncbi	Cetacean	Cetacean	Tursiops_truncatus	Tursiops_truncatus_associated	JN709470.1	Other	Other	Other	Other	Other	Other	Other	Other	Other	Other	Other	Other	Other	Other	Other	Other	Other	Other	Other	Other	Other	Other	Other	Other	Other	Other	Other	Other	Other	Other	Other	Other	Other	Other	Other	Other	Other	Other	Other	Other	Other	Other	Other	Other	Other	Other
KR816172.1_123_1331_1	NA	NA	NA	NA	NA	NA	NA	NA	NA	NA	NA	NA	NA	NA	NA	NA	NA	NA	NA	NA	NA	NA	NA	NA	NA	NA	NA	NA	NA	NA	NA	NA	NA	NA	NA	NA	NA	NA	NA	NA	NA	NA	NA	NA	NA	NA	NA	NA	NA	NA	NA	NA	NA	NA	NA	NA	NA	NA	NA	NA	NA
KT698166.1_72_1280_1	NA	NA	NA	NA	NA	NA	NA	NA	NA	NA	NA	NA	NA	NA	NA	NA	NA	NA	NA	NA	NA	NA	NA	NA	NA	NA	NA	NA	NA	NA	NA	NA	NA	NA	NA	NA	NA	NA	NA	NA	NA	NA	NA	NA	NA	NA	NA	NA	NA	NA	NA	NA	NA	NA	NA	NA	NA	NA	NA	NA	NA
KR816181.1_114_1322_1	NA	NA	NA	NA	NA	NA	NA	NA	NA	NA	NA	NA	NA	NA	NA	NA	NA	NA	NA	NA	NA	NA	NA	NA	NA	NA	NA	NA	NA	NA	NA	NA	NA	NA	NA	NA	NA	NA	NA	NA	NA	NA	NA	NA	NA	NA	NA	NA	NA	NA	NA	NA	NA	NA	NA	NA	NA	NA	NA	NA	NA
OP577477.1_117_1328_1	NA	NA	NA	NA	NA	NA	NA	NA	NA	NA	NA	NA	NA	NA	NA	NA	NA	NA	NA	NA	NA	NA	NA	NA	NA	NA	NA	NA	NA	NA	NA	NA	NA	NA	NA	NA	NA	NA	NA	NA	NA	NA	NA	NA	NA	NA	NA	NA	NA	NA	NA	NA	NA	NA	NA	NA	NA	NA	NA	NA	NA
MH777176.2_147_1358_1	1417	272	0.149076696	TRUE	6.888395892	1092	6.813857544	354.1621622	Human_associated	ncbi	Human	Human	Human_associated	Human_associated	MH777176.2	Other	Other	Other	Other	Other	Other	Other	Other	Other	Other	Other	Other	Other	Other	Other	Other	Other	Other	Other	Other	Other	Other	Other	Other	Other	Other	Other	Other	Other	Other	Other	Other	Other	Other	Other	Other	Other	Other	Other	Other	Other	Other	Other	Other	Other	Other
MH777161.1_90_1301_1	NA	NA	NA	NA	NA	NA	NA	NA	NA	NA	NA	NA	NA	NA	NA	NA	NA	NA	NA	NA	NA	NA	NA	NA	NA	NA	NA	NA	NA	NA	NA	NA	NA	NA	NA	NA	NA	NA	NA	NA	NA	NA	NA	NA	NA	NA	NA	NA	NA	NA	NA	NA	NA	NA	NA	NA	NA	NA	NA	NA	NA
MH777207.2_93_1304_1	1495	356	0.084667768	TRUE	6.584433951	993	6.542100068	322.0540541	Human_associated	ncbi	Human	Human	Human_associated	Human_associated	MH777207.2	Other	Other	Other	Other	Other	Other	Other	Other	Other	Other	Other	Other	Other	Other	Other	Other	Other	Other	Other	Other	Other	Other	Other	Other	Other	Other	Other	Other	Other	Other	Other	Other	Other	Other	Other	Other	Other	Other	Other	Other	Other	Other	Other	Other	Other	Other
MH777234.1_48_1259_1	1469	327	0.139520878	TRUE	6.725229828	1052	6.655469389	341.1891892	Human_associated	ncbi	Human	Human	Human_associated	Human_associated	MH777234.1	Other	Other	Other	Other	Other	Other	Other	Other	Other	Other	Other	Other	Other	Other	Other	Other	Other	Other	Other	Other	Other	Other	Other	Other	Other	Other	Other	Other	Other	Other	Other	Other	Other	Other	Other	Other	Other	Other	Other	Other	Other	Other	Other	Other	Other	Other
MH777229.2_66_1277_1	1462	320	0.090598533	TRUE	6.702514898	1035	6.657215631	335.6756757	Human_associated	ncbi	Human	Human	Human_associated	Human_associated	MH777229.2	Other	Other	Other	Other	Other	Other	Other	Other	Other	Other	Other	Other	Other	Other	Other	Other	Other	Other	Other	Other	Other	Other	Other	Other	Other	Other	Other	Other	Other	Other	Other	Other	Other	Other	Other	Other	Other	Other	Other	Other	Other	Other	Other	Other	Other	Other
MH777159.2_48_1259_1	1468	328	0.187164233	TRUE	6.735288758	1050	6.641706641	340.5405405	Human_associated	ncbi	Human	Human	Human_associated	Human_associated	MH777159.2	Other	Other	Other	Other	Other	Other	Other	Other	Other	Other	Other	Other	Other	Other	Other	Other	Other	Other	Other	Other	Other	Other	Other	Other	Other	Other	Other	Other	Other	Other	Other	Other	Other	Other	Other	Other	Other	Other	Other	Other	Other	Other	Other	Other	Other	Other
KT698167.1_93_1304_1	NA	NA	NA	NA	NA	NA	NA	NA	NA	NA	NA	NA	NA	NA	NA	NA	NA	NA	NA	NA	NA	NA	NA	NA	NA	NA	NA	NA	NA	NA	NA	NA	NA	NA	NA	NA	NA	NA	NA	NA	NA	NA	NA	NA	NA	NA	NA	NA	NA	NA	NA	NA	NA	NA	NA	NA	NA	NA	NA	NA	NA
KF006400.1_93_1304_1	1557	423	0.354529606	TRUE	5.962334218	861	5.785069415	279.2432432	Gammapapillomavirus	ncbi	Human	Human	Gammapapillomavirus	Human_associated	KF006400.1	Other	Other	Other	Other	Other	Other	Other	Other	Other	Other	Other	Other	Other	Other	Other	Other	Other	Other	Other	Other	Other	Other	Other	Other	Other	Other	Other	Other	Other	Other	Other	Other	Other	Other	Other	Other	Other	Other	Other	Other	Other	Other	Other	Other	Other	Other
MG921179.1_48_1259_1	1677	545	0.116123593	TRUE	5.643728469	719	5.585666672	233.1891892	Human_associated	ncbi	Human	Human	Human_associated	Human_associated	MG921179.1	Other	Other	Other	Other	Other	Other	Other	Other	Other	Other	Other	Other	Other	Other	Other	Other	Other	Other	Other	Other	Other	Other	Other	Other	Other	Other	Other	Other	Other	Other	Other	Other	Other	Other	Other	Other	Other	Other	Other	Other	Other	Other	Other	Other	Other	Other
MH777153.2_48_1259_1	NA	NA	NA	NA	NA	NA	NA	NA	NA	NA	NA	NA	NA	NA	NA	NA	NA	NA	NA	NA	NA	NA	NA	NA	NA	NA	NA	NA	NA	NA	NA	NA	NA	NA	NA	NA	NA	NA	NA	NA	NA	NA	NA	NA	NA	NA	NA	NA	NA	NA	NA	NA	NA	NA	NA	NA	NA	NA	NA	NA	NA
MH172378.1_90_1301_1	NA	NA	NA	NA	NA	NA	NA	NA	NA	NA	NA	NA	NA	NA	NA	NA	NA	NA	NA	NA	NA	NA	NA	NA	NA	NA	NA	NA	NA	NA	NA	NA	NA	NA	NA	NA	NA	NA	NA	NA	NA	NA	NA	NA	NA	NA	NA	NA	NA	NA	NA	NA	NA	NA	NA	NA	NA	NA	NA	NA	NA
MH777351.2_144_1355_1	1508	373	0.128876704	TRUE	6.32735685	983	6.262918498	318.8108108	Human_associated	ncbi	Human	Human	Human_associated	Human_associated	MH777351.2	Other	Other	Other	Other	Other	Other	Other	Other	Other	Other	Other	Other	Other	Other	Other	Other	Other	Other	Other	Other	Other	Other	Other	Other	Other	Other	Other	Other	Other	Other	Other	Other	Other	Other	Other	Other	Other	Other	Other	Other	Other	Other	Other	Other	Other	Other
MH777297.1_84_1295_1	NA	NA	NA	NA	NA	NA	NA	NA	NA	NA	NA	NA	NA	NA	NA	NA	NA	NA	NA	NA	NA	NA	NA	NA	NA	NA	NA	NA	NA	NA	NA	NA	NA	NA	NA	NA	NA	NA	NA	NA	NA	NA	NA	NA	NA	NA	NA	NA	NA	NA	NA	NA	NA	NA	NA	NA	NA	NA	NA	NA	NA
MH777368.1_129_1340_1	1504	368	0.12789619	TRUE	6.448056521	988	6.384108426	320.4324324	Human_associated	ncbi	Human	Human	Human_associated	Human_associated	MH777368.1	Other	Other	Other	Other	Other	Other	Other	Other	Other	Other	Other	Other	Other	Other	Other	Other	Other	Other	Other	Other	Other	Other	Other	Other	Other	Other	Other	Other	Other	Other	Other	Other	Other	Other	Other	Other	Other	Other	Other	Other	Other	Other	Other	Other	Other	Other
MZ570860.1_66_1277_1	2183	1072	0.453273997	TRUE	6.291412417	54	6.064775419	17.51351351	Melanogrammus_aeglefinus_associated	ncbi	Ray-finned Fish	Ray-finned Fish	Melanogrammus_aeglefinus_associated	Melanogrammus_aeglefinus_associated	MZ570860.1	Other	Other	Other	Other	Other	Other	Other	Other	Other	Other	Other	Other	Other	Other	Other	Other	Other	Other	Other	Other	Other	Other	Other	Other	Other	Other	Other	Other	Other	Other	Other	Other	Other	Other	Other	Other	Other	Other	Other	Other	Other	Other	Other	Other	Other	Other
MH777389.2_90_1301_1	1539	420	0.62779121	TRUE	6.101791225	870	5.78789562	282.1621622	Human_associated	ncbi	Human	Human	Human_associated	Human_associated	MH777389.2	Other	Other	Other	Other	Other	Other	Other	Other	Other	Other	Other	Other	Other	Other	Other	Other	Other	Other	Other	Other	Other	Other	Other	Other	Other	Other	Other	Other	Other	Other	Other	Other	Other	Other	Other	Other	Other	Other	Other	Other	Other	Other	Other	Other	Other	Other
MH777292.2_48_1259_1	NA	NA	NA	NA	NA	NA	NA	NA	NA	NA	NA	NA	NA	NA	NA	NA	NA	NA	NA	NA	NA	NA	NA	NA	NA	NA	NA	NA	NA	NA	NA	NA	NA	NA	NA	NA	NA	NA	NA	NA	NA	NA	NA	NA	NA	NA	NA	NA	NA	NA	NA	NA	NA	NA	NA	NA	NA	NA	NA	NA	NA
MH777243.2_117_1328_1	1460	319	0.165854807	TRUE	6.799507998	1040	6.716580594	337.2972973	Human_associated	ncbi	Human	Human	Human_associated	Human_associated	MH777243.2	Other	Other	Other	Other	Other	Other	Other	Other	Other	Other	Other	Other	Other	Other	Other	Other	Other	Other	Other	Other	Other	Other	Other	Other	Other	Other	Other	Other	Other	Other	Other	Other	Other	Other	Other	Other	Other	Other	Other	Other	Other	Other	Other	Other	Other	Other
MH777241.1_171_1382_1	1422	280	0.109998253	TRUE	6.8310943	1097	6.776095174	355.7837838	Human_associated	ncbi	Human	Human	Human_associated	Human_associated	MH777241.1	Other	Other	Other	Other	Other	Other	Other	Other	Other	Other	Other	Other	Other	Other	Other	Other	Other	Other	Other	Other	Other	Other	Other	Other	Other	Other	Other	Other	Other	Other	Other	Other	Other	Other	Other	Other	Other	Other	Other	Other	Other	Other	Other	Other	Other	Other
MH777262.2_138_1349_1	1336	194	0.114143319	TRUE	6.361523838	965	6.304452179	312.972973	Human_associated	ncbi	Human	Human	Human_associated	Human_associated	MH777262.2	Other	Other	Other	Other	Other	Other	Other	Other	Other	Other	Other	Other	Other	Other	Other	Other	Other	Other	Other	Other	Other	Other	Other	Other	Other	Other	Other	Other	Other	Other	Other	Other	Other	Other	Other	Other	Other	Other	Other	Other	Other	Other	Other	Other	Other	Other
MH777270.1_96_1307_1	1508	372	0.076593829	TRUE	6.275073975	982	6.23677706	318.4864865	Human_associated	ncbi	Human	Human	Human_associated	Human_associated	MH777270.1	Other	Other	Other	Other	Other	Other	Other	Other	Other	Other	Other	Other	Other	Other	Other	Other	Other	Other	Other	Other	Other	Other	Other	Other	Other	Other	Other	Other	Other	Other	Other	Other	Other	Other	Other	Other	Other	Other	Other	Other	Other	Other	Other	Other	Other	Other
MH777263.1_105_1316_1	1473	335	0.106481564	TRUE	6.677471966	1031	6.624231184	334.3783784	Human_associated	ncbi	Human	Human	Human_associated	Human_associated	MH777263.1	Other	Other	Other	Other	Other	Other	Other	Other	Other	Other	Other	Other	Other	Other	Other	Other	Other	Other	Other	Other	Other	Other	Other	Other	Other	Other	Other	Other	Other	Other	Other	Other	Other	Other	Other	Other	Other	Other	Other	Other	Other	Other	Other	Other	Other	Other
MH777261.2_93_1310_1	1551	416	0.19798813	TRUE	6.069685473	878	5.970691408	284.7567568	Human_associated	ncbi	Human	Human	Human_associated	Human_associated	MH777261.2	Other	Other	Other	Other	Other	Other	Other	Other	Other	Other	Other	Other	Other	Other	Other	Other	Other	Other	Other	Other	Other	Other	Other	Other	Other	Other	Other	Other	Other	Other	Other	Other	Other	Other	Other	Other	Other	Other	Other	Other	Other	Other	Other	Other	Other	Other
X74467.1_63_1292_1	1654	534	0.039333365	TRUE	5.799915585	688	5.780248903	223.1351351	Betapapillomavirus	ncbi	Human	Human	Betapapillomavirus	Human_associated	X74467.1	Other	Other	Other	Other	Other	Other	Other	Other	Other	Other	Other	Other	Other	Other	Other	Other	Other	Other	Other	Other	Other	Other	Other	Other	Other	Other	Other	Other	Other	Other	Other	Other	Other	Other	Other	Other	Other	Other	Other	Other	Other	Other	Other	Other	Other	Other
U31782.1_57_1286_1	NA	NA	NA	NA	NA	NA	NA	NA	NA	NA	NA	NA	NA	NA	NA	NA	NA	NA	NA	NA	NA	NA	NA	NA	NA	NA	NA	NA	NA	NA	NA	NA	NA	NA	NA	NA	NA	NA	NA	NA	NA	NA	NA	NA	NA	NA	NA	NA	NA	NA	NA	NA	NA	NA	NA	NA	NA	NA	NA	NA	NA
BK066894.1_9_1235_1	2208	1097	0.448318988	TRUE	4.173739911	28	3.949580417	9.081081081	Rana_jiemuxiensis_associated	ncbi	Amphibian	Amphibian	Rana_jiemuxiensis_associated	Rana_jiemuxiensis_associated	BK066894.1	Other	Other	Other	Other	Other	Other	Other	Other	Other	Other	Other	Other	Other	Other	Other	Other	Other	Other	Other	Other	Other	Other	Other	Other	Other	Other	Other	Other	Other	Other	Other	Other	Other	Other	Other	Other	Other	Other	Other	Other	Other	Other	Other	Other	Other	Other
MF509817.1_78_1304_1	NA	NA	NA	NA	NA	NA	NA	NA	NA	NA	NA	NA	NA	NA	NA	NA	NA	NA	NA	NA	NA	NA	NA	NA	NA	NA	NA	NA	NA	NA	NA	NA	NA	NA	NA	NA	NA	NA	NA	NA	NA	NA	NA	NA	NA	NA	NA	NA	NA	NA	NA	NA	NA	NA	NA	NA	NA	NA	NA	NA	NA
HM999999.1_168_1394_1	1524	388	0.105991238	TRUE	6.273773988	902	6.220778369	292.5405405	Gammapapillomavirus	ncbi	Human	Human	Gammapapillomavirus	Human_associated	HM999999.1	Other	Other	Other	Other	Other	Other	Other	Other	Other	Other	Other	Other	Other	Other	Other	Other	Other	Other	Other	Other	Other	Other	Other	Other	Other	Other	Other	Other	Other	Other	Other	Other	Other	Other	Other	Other	Other	Other	Other	Other	Other	Other	Other	Other	Other	Other
MH777334.1_126_1355_1	NA	NA	NA	NA	NA	NA	NA	NA	NA	NA	NA	NA	NA	NA	NA	NA	NA	NA	NA	NA	NA	NA	NA	NA	NA	NA	NA	NA	NA	NA	NA	NA	NA	NA	NA	NA	NA	NA	NA	NA	NA	NA	NA	NA	NA	NA	NA	NA	NA	NA	NA	NA	NA	NA	NA	NA	NA	NA	NA	NA	NA
MH777195.2_78_1307_1	1517	376	0.05055546	TRUE	6.320923522	909	6.295645792	294.8108108	Human_associated	ncbi	Human	Human	Human_associated	Human_associated	MH777195.2	Other	Other	Other	Other	Other	Other	Other	Other	Other	Other	Other	Other	Other	Other	Other	Other	Other	Other	Other	Other	Other	Other	Other	Other	Other	Other	Other	Other	Other	Other	Other	Other	Other	Other	Other	Other	Other	Other	Other	Other	Other	Other	Other	Other	Other	Other
MH777190.2_57_1286_1	1660	526	0.11979947	TRUE	6.189643317	694	6.129743582	225.0810811	Human_associated	ncbi	Human	Human	Human_associated	Human_associated	MH777190.2	Other	Other	Other	Other	Other	Other	Other	Other	Other	Other	Other	Other	Other	Other	Other	Other	Other	Other	Other	Other	Other	Other	Other	Other	Other	Other	Other	Other	Other	Other	Other	Other	Other	Other	Other	Other	Other	Other	Other	Other	Other	Other	Other	Other	Other	Other
MH777202.2_168_1397_1	1522	385	0.085072612	TRUE	6.212815144	899	6.170278838	291.5675676	Human_associated	ncbi	Human	Human	Human_associated	Human_associated	MH777202.2	Other	Other	Other	Other	Other	Other	Other	Other	Other	Other	Other	Other	Other	Other	Other	Other	Other	Other	Other	Other	Other	Other	Other	Other	Other	Other	Other	Other	Other	Other	Other	Other	Other	Other	Other	Other	Other	Other	Other	Other	Other	Other	Other	Other	Other	Other
MH777289.1_135_1364_1	1525	386	0.036587179	TRUE	6.312120058	903	6.293826468	292.8648649	Human_associated	ncbi	Human	Human	Human_associated	Human_associated	MH777289.1	Other	Other	Other	Other	Other	Other	Other	Other	Other	Other	Other	Other	Other	Other	Other	Other	Other	Other	Other	Other	Other	Other	Other	Other	Other	Other	Other	Other	Other	Other	Other	Other	Other	Other	Other	Other	Other	Other	Other	Other	Other	Other	Other	Other	Other	Other
MH777237.2_126_1355_1	NA	NA	NA	NA	NA	NA	NA	NA	NA	NA	NA	NA	NA	NA	NA	NA	NA	NA	NA	NA	NA	NA	NA	NA	NA	NA	NA	NA	NA	NA	NA	NA	NA	NA	NA	NA	NA	NA	NA	NA	NA	NA	NA	NA	NA	NA	NA	NA	NA	NA	NA	NA	NA	NA	NA	NA	NA	NA	NA	NA	NA
FM955841.1_78_1301_1	1646	517	0.041836342	TRUE	5.471461057	671	5.450542886	217.6216216	Betapapillomavirus	ncbi	Human	Human	Betapapillomavirus	Human_associated	FM955841.1	Other	Other	Other	Other	Other	Other	Other	Other	Other	Other	Other	Other	Other	Other	Other	Other	Other	Other	Other	Other	Other	Other	Other	Other	Other	Other	Other	Other	Other	Other	Other	Other	Other	Other	Other	Other	Other	Other	Other	Other	Other	Other	Other	Other	Other	Other
FM955838.1_174_1397_1	1640	509	0.142270795	TRUE	5.515609095	675	5.444473698	218.9189189	Betapapillomavirus	ncbi	Human	Human	Betapapillomavirus	Human_associated	FM955838.1	Other	Other	Other	Other	Other	Other	Other	Other	Other	Other	Other	Other	Other	Other	Other	Other	Other	Other	Other	Other	Other	Other	Other	Other	Other	Other	Other	Other	Other	Other	Other	Other	Other	Other	Other	Other	Other	Other	Other	Other	Other	Other	Other	Other	Other	Other
HM999995.1_141_1364_1	NA	NA	NA	NA	NA	NA	NA	NA	NA	NA	NA	NA	NA	NA	NA	NA	NA	NA	NA	NA	NA	NA	NA	NA	NA	NA	NA	NA	NA	NA	NA	NA	NA	NA	NA	NA	NA	NA	NA	NA	NA	NA	NA	NA	NA	NA	NA	NA	NA	NA	NA	NA	NA	NA	NA	NA	NA	NA	NA	NA	NA
MH777168.2_105_1328_1	NA	NA	NA	NA	NA	NA	NA	NA	NA	NA	NA	NA	NA	NA	NA	NA	NA	NA	NA	NA	NA	NA	NA	NA	NA	NA	NA	NA	NA	NA	NA	NA	NA	NA	NA	NA	NA	NA	NA	NA	NA	NA	NA	NA	NA	NA	NA	NA	NA	NA	NA	NA	NA	NA	NA	NA	NA	NA	NA	NA	NA
KR816169.1_93_1316_1	1447	311	0.169743486	TRUE	6.34858993	1019	6.263718187	330.4864865	Gammapapillomavirus	ncbi	Human	Human	Gammapapillomavirus	Human_associated	KR816169.1	Other	Other	Other	Other	Other	Other	Other	Other	Other	Other	Other	Other	Other	Other	Other	Other	Other	Other	Other	Other	Other	Other	Other	Other	Other	Other	Other	Other	Other	Other	Other	Other	Other	Other	Other	Other	Other	Other	Other	Other	Other	Other	Other	Other	Other	Other
X74471.1_63_1289_1	NA	NA	NA	NA	NA	NA	NA	NA	NA	NA	NA	NA	NA	NA	NA	NA	NA	NA	NA	NA	NA	NA	NA	NA	NA	NA	NA	NA	NA	NA	NA	NA	NA	NA	NA	NA	NA	NA	NA	NA	NA	NA	NA	NA	NA	NA	NA	NA	NA	NA	NA	NA	NA	NA	NA	NA	NA	NA	NA	NA	NA
MH617143.2_90_1316_1	2172	1058	0.534315613	TRUE	5.054691293	45	4.787533487	14.59459459	Melanogrammus_aeglefinus_associated	ncbi	Ray-finned Fish	Ray-finned Fish	Melanogrammus_aeglefinus_associated	Melanogrammus_aeglefinus_associated	MH617143.2	Other	Other	Other	Other	Other	Other	Other	Other	Other	Other	Other	Other	Other	Other	Other	Other	Other	Other	Other	Other	Other	Other	Other	Other	Other	Other	Other	Other	Other	Other	Other	Other	Other	Other	Other	Other	Other	Other	Other	Other	Other	Other	Other	Other	Other	Other
MF588714.1_78_1304_1	1448	308	0.207989856	TRUE	6.444573983	1020	6.340579055	330.8108108	Gammapapillomavirus	ncbi	Human	Human	Gammapapillomavirus	Human_associated	MF588714.1	Other	Other	Other	Other	Other	Other	Other	Other	Other	Other	Other	Other	Other	Other	Other	Other	Other	Other	Other	Other	Other	Other	Other	Other	Other	Other	Other	Other	Other	Other	Other	Other	Other	Other	Other	Other	Other	Other	Other	Other	Other	Other	Other	Other	Other	Other
MN329804.1_99_1325_1	1913	786	0.187980939	TRUE	5.780282591	380	5.686292121	123.2432432	Tadarida_brasiliensis_associated	ncbi	Bat	Bat	Tadarida_brasiliensis_associated	Tadarida_brasiliensis_associated	MN329804.1	Other	Other	Other	Other	Other	Other	Other	Other	Other	Other	Other	Other	Other	Other	Other	Other	Other	Other	Other	Other	Other	Other	Other	Other	Other	Other	Other	Other	Other	Other	Other	Other	Other	Other	Other	Other	Other	Other	Other	Other	Other	Other	Other	Other	Other	Other
X74470.1_177_1403_1	1650	521	2.38e-06	TRUE	5.561630093	683	5.561628901	221.5135135	Betapapillomavirus	ncbi	Human	Human	Betapapillomavirus	Human_associated	X74470.1	Other	Other	Other	Other	Other	Other	Other	Other	Other	Other	Other	Other	Other	Other	Other	Other	Other	Other	Other	Other	Other	Other	Other	Other	Other	Other	Other	Other	Other	Other	Other	Other	Other	Other	Other	Other	Other	Other	Other	Other	Other	Other	Other	Other	Other	Other
PP711989.1_225_1451_1	1844	718	0.630496611	TRUE	6.307859455	298	5.992611149	96.64864865	Mops_associated	ncbi	Bat	Bat	Mops_associated	Mops_associated	PP711989.1	Other	Other	Other	Other	Other	Other	Other	Other	Other	Other	Other	Other	Other	Other	Other	Other	Other	Other	Other	Other	Other	Other	Other	Other	Other	Other	Other	Other	Other	Other	Other	Other	Other	Other	Other	Other	Other	Other	Other	Other	Other	Other	Other	Other	Other	Other
MH777186.2_78_1307_1	1516	375	0.116744887	TRUE	6.33621704	908	6.277844596	294.4864865	Human_associated	ncbi	Human	Human	Human_associated	Human_associated	MH777186.2	Other	Other	Other	Other	Other	Other	Other	Other	Other	Other	Other	Other	Other	Other	Other	Other	Other	Other	Other	Other	Other	Other	Other	Other	Other	Other	Other	Other	Other	Other	Other	Other	Other	Other	Other	Other	Other	Other	Other	Other	Other	Other	Other	Other	Other	Other
MZ602149.1_66_1355_1	2161	1062	1.561986052	TRUE	5.300607704	36	4.519614678	11.67567568	Larus_occidentalis_associated	ncbi	Avian	Avian	Larus_occidentalis_associated	Larus_occidentalis_associated	MZ602149.1	Other	Other	Other	Other	Other	Other	Other	Other	Other	Other	Other	Other	Other	Other	Other	Other	Other	Other	Other	Other	Other	Other	Other	Other	Other	Other	Other	Other	Other	Other	Other	Other	Other	Other	Other	Other	Other	Other	Other	Other	Other	Other	Other	Other	Other	Other
MZ570861.1_111_1406_1	2156	1044	0.148244862	TRUE	4.290112597	68	4.215990166	22.05405405	Melanogrammus_aeglefinus_associated	ncbi	Ray-finned Fish	Ray-finned Fish	Melanogrammus_aeglefinus_associated	Melanogrammus_aeglefinus_associated	MZ570861.1	Other	Other	Other	Other	Other	Other	Other	Other	Other	Other	Other	Other	Other	Other	Other	Other	Other	Other	Other	Other	Other	Other	Other	Other	Other	Other	Other	Other	Other	Other	Other	Other	Other	Other	Other	Other	Other	Other	Other	Other	Other	Other	Other	Other	Other	Other
BK066408.1_63_1328_1	2182	1073	1.390546613	TRUE	5.676522088	53	4.981248782	17.18918919	Coryphaenoides_rupestris_associated	ncbi	Ray-finned Fish	Ray-finned Fish	Coryphaenoides_rupestris_associated	Coryphaenoides_rupestris_associated	BK066408.1	Other	Other	Other	Other	Other	Other	Other	Other	Other	Other	Other	Other	Other	Other	Other	Other	Other	Other	Other	Other	Other	Other	Other	Other	Other	Other	Other	Other	Other	Other	Other	Other	Other	Other	Other	Other	Other	Other	Other	Other	Other	Other	Other	Other	Other	Other
MZ570862.1_78_1322_1	2172	1057	0.390883432	TRUE	4.911259112	44	4.715817396	14.27027027	Melanogrammus_aeglefinus_associated	ncbi	Ray-finned Fish	Ray-finned Fish	Melanogrammus_aeglefinus_associated	Melanogrammus_aeglefinus_associated	MZ570862.1	Other	Other	Other	Other	Other	Other	Other	Other	Other	Other	Other	Other	Other	Other	Other	Other	Other	Other	Other	Other	Other	Other	Other	Other	Other	Other	Other	Other	Other	Other	Other	Other	Other	Other	Other	Other	Other	Other	Other	Other	Other	Other	Other	Other	Other	Other
BK066436.1_54_1310_1	2169	1056	0.807422415	TRUE	5.364551621	46	4.960840413	14.91891892	Cynoglossus_semilaevis_associated	ncbi	Ray-finned Fish	Ray-finned Fish	Cynoglossus_semilaevis_associated	Cynoglossus_semilaevis_associated	BK066436.1	Other	Other	Other	Other	Other	Other	Other	Other	Other	Other	Other	Other	Other	Other	Other	Other	Other	Other	Other	Other	Other	Other	Other	Other	Other	Other	Other	Other	Other	Other	Other	Other	Other	Other	Other	Other	Other	Other	Other	Other	Other	Other	Other	Other	Other	Other
BK066681.1_213_1511_1	2157	1043	0.138723107	TRUE	4.356760618	70	4.287399064	22.7027027	Gadus_morhua_associated	ncbi	Ray-finned Fish	Ray-finned Fish	Gadus_morhua_associated	Gadus_morhua_associated	BK066681.1	Other	Other	Other	Other	Other	Other	Other	Other	Other	Other	Other	Other	Other	Other	Other	Other	Other	Other	Other	Other	Other	Other	Other	Other	Other	Other	Other	Other	Other	Other	Other	Other	Other	Other	Other	Other	Other	Other	Other	Other	Other	Other	Other	Other	Other	Other
MZ570865.1_99_1427_1	2155	1045	0.520627126	TRUE	4.251599173	67	3.99128561	21.72972973	Centropristis_striata_associated	ncbi	Ray-finned Fish	Ray-finned Fish	Centropristis_striata_associated	Centropristis_striata_associated	MZ570865.1	Other	Other	Other	Other	Other	Other	Other	Other	Other	Other	Other	Other	Other	Other	Other	Other	Other	Other	Other	Other	Other	Other	Other	Other	Other	Other	Other	Other	Other	Other	Other	Other	Other	Other	Other	Other	Other	Other	Other	Other	Other	Other	Other	Other	Other	Other
KX643372.1_36_1484_1	2180	1066	0.542703717	TRUE	5.193996162	61	4.922644303	19.78378378	Alefpapillomavirus	ncbi	Ray-finned Fish	Ray-finned Fish	Sparus_aurata	Sparus_aurata_associated	KX643372.1	Other	Other	Other	Other	Other	Other	Other	Other	Other	Other	Other	Other	Other	Other	Other	Other	Other	Other	Other	Other	Other	Other	Other	Other	Other	Other	Other	Other	Other	Other	Other	Other	Other	Other	Other	Other	Other	Other	Other	Other	Other	Other	Other	Other	Other	Other
BK066814.1_78_1403_1	NA	NA	NA	NA	NA	NA	NA	NA	NA	NA	NA	NA	NA	NA	NA	NA	NA	NA	NA	NA	NA	NA	NA	NA	NA	NA	NA	NA	NA	NA	NA	NA	NA	NA	NA	NA	NA	NA	NA	NA	NA	NA	NA	NA	NA	NA	NA	NA	NA	NA	NA	NA	NA	NA	NA	NA	NA	NA	NA	NA	NA
MZ570859.1_168_1469_1	2157	1042	0.073455075	TRUE	4.291492586	69	4.254765048	22.37837838	Melanogrammus_aeglefinus_associated	ncbi	Ray-finned Fish	Ray-finned Fish	Melanogrammus_aeglefinus_associated	Melanogrammus_aeglefinus_associated	MZ570859.1	Other	Other	Other	Other	Other	Other	Other	Other	Other	Other	Other	Other	Other	Other	Other	Other	Other	Other	Other	Other	Other	Other	Other	Other	Other	Other	Other	Other	Other	Other	Other	Other	Other	Other	Other	Other	Other	Other	Other	Other	Other	Other	Other	Other	Other	Other
MZ570863.1_99_1406_1	2181	1068	0.883977228	TRUE	5.707855148	63	5.265866534	20.43243243	Centropristis_striata_associated	ncbi	Ray-finned Fish	Ray-finned Fish	Centropristis_striata_associated	Centropristis_striata_associated	MZ570863.1	Other	Other	Other	Other	Other	Other	Other	Other	Other	Other	Other	Other	Other	Other	Other	Other	Other	Other	Other	Other	Other	Other	Other	Other	Other	Other	Other	Other	Other	Other	Other	Other	Other	Other	Other	Other	Other	Other	Other	Other	Other	Other	Other	Other	Other	Other
FM955837.2_57_1286_1	NA	NA	NA	NA	NA	NA	NA	NA	NA	NA	NA	NA	NA	NA	NA	NA	NA	NA	NA	NA	NA	NA	NA	NA	NA	NA	NA	NA	NA	NA	NA	NA	NA	NA	NA	NA	NA	NA	NA	NA	NA	NA	NA	NA	NA	NA	NA	NA	NA	NA	NA	NA	NA	NA	NA	NA	NA	NA	NA	NA	NA
BK066485.1_87_1316_1	1523	384	0.091255217	TRUE	6.264854161	901	6.219226553	292.2162162	Human_associated	ncbi	Human	Human	Human_associated	Human_associated	BK066485.1	Other	Other	Other	Other	Other	Other	Other	Other	Other	Other	Other	Other	Other	Other	Other	Other	Other	Other	Other	Other	Other	Other	Other	Other	Other	Other	Other	Other	Other	Other	Other	Other	Other	Other	Other	Other	Other	Other	Other	Other	Other	Other	Other	Other	Other	Other
JX413105.1_105_1334_1	1449	309	0.275404906	TRUE	6.601229018	1021	6.463526565	331.1351351	Gammapapillomavirus	ncbi	Human	Human	Gammapapillomavirus	Human_associated	JX413105.1	Other	Other	Other	Other	Other	Other	Other	Other	Other	Other	Other	Other	Other	Other	Other	Other	Other	Other	Other	Other	Other	Other	Other	Other	Other	Other	Other	Other	Other	Other	Other	Other	Other	Other	Other	Other	Other	Other	Other	Other	Other	Other	Other	Other	Other	Other
KF006398.1_105_1334_1	NA	NA	NA	NA	NA	NA	NA	NA	NA	NA	NA	NA	NA	NA	NA	NA	NA	NA	NA	NA	NA	NA	NA	NA	NA	NA	NA	NA	NA	NA	NA	NA	NA	NA	NA	NA	NA	NA	NA	NA	NA	NA	NA	NA	NA	NA	NA	NA	NA	NA	NA	NA	NA	NA	NA	NA	NA	NA	NA	NA	NA
JX413106.1_132_1361_1	1518	379	0.141353815	TRUE	6.433951362	910	6.363274455	295.1351351	Gammapapillomavirus	ncbi	Human	Human	Gammapapillomavirus	Human_associated	JX413106.1	Other	Other	Other	Other	Other	Other	Other	Other	Other	Other	Other	Other	Other	Other	Other	Other	Other	Other	Other	Other	Other	Other	Other	Other	Other	Other	Other	Other	Other	Other	Other	Other	Other	Other	Other	Other	Other	Other	Other	Other	Other	Other	Other	Other	Other	Other
MK124621.1_78_1310_1	1627	500	0.140681531	TRUE	6.173864477	754	6.103523712	244.5405405	Dyoxipapillomavirus	ncbi	Cattle	Bovine	Bos_taurus	Bos_taurus_associated	MK124621.1	Other	Other	Other	Other	Other	Other	Other	Other	Other	Other	Other	Other	Other	Other	Other	Other	Other	Other	Other	Other	Other	Other	Other	Other	Other	Other	Other	Other	Other	Other	Other	Other	Other	Other	Other	Other	Other	Other	Other	Other	Other	Other	Other	Other	Other	Other
GQ845441.1_60_1292_1	1520	382	0.032286915	TRUE	6.281451133	906	6.265307676	293.8378378	Gammapapillomavirus	ncbi	Human	Human	Gammapapillomavirus	Human_associated	GQ845441.1	Other	Other	Other	Other	Other	Other	Other	Other	Other	Other	Other	Other	Other	Other	Other	Other	Other	Other	Other	Other	Other	Other	Other	Other	Other	Other	Other	Other	Other	Other	Other	Other	Other	Other	Other	Other	Other	Other	Other	Other	Other	Other	Other	Other	Other	Other
BK066797.1_69_1304_1	1778	654	0.473807605	TRUE	6.259078288	622	6.022174486	201.7297297	Omikronpapillomavirus	ncbi	Cetacean	Cetacean	Sousa_chinensis	Sousa_chinensis_associated	BK066797.1	Other	Other	Other	Other	Other	Other	Other	Other	Other	Other	Other	Other	Other	Other	Other	Other	Other	Other	Other	Other	Other	Other	Other	Other	Other	Other	Other	Other	Other	Other	Other	Other	Other	Other	Other	Other	Other	Other	Other	Other	Other	Other	Other	Other	Other	Other
KC862317.1_87_1319_1	1515	380	0.118189602	TRUE	6.30502786	907	6.245933059	294.1621622	Gammapapillomavirus	ncbi	Human	Human	Gammapapillomavirus	Human_associated	KC862317.1	Other	Other	Other	Other	Other	Other	Other	Other	Other	Other	Other	Other	Other	Other	Other	Other	Other	Other	Other	Other	Other	Other	Other	Other	Other	Other	Other	Other	Other	Other	Other	Other	Other	Other	Other	Other	Other	Other	Other	Other	Other	Other	Other	Other	Other	Other
MG905161.1_171_1403_1	1778	653	0.216479408	TRUE	6.001750092	621	5.893510388	201.4054054	Omikronpapillomavirus	ncbi	Cetacean	Cetacean	Tursiops_truncatus	Tursiops_truncatus_associated	MG905161.1	Other	Other	Other	Other	Other	Other	Other	Other	Other	Other	Other	Other	Other	Other	Other	Other	Other	Other	Other	Other	Other	Other	Other	Other	Other	Other	Other	Other	Other	Other	Other	Other	Other	Other	Other	Other	Other	Other	Other	Other	Other	Other	Other	Other	Other	Other
KP692116.1_102_1334_1	NA	NA	NA	NA	NA	NA	NA	NA	NA	NA	NA	NA	NA	NA	NA	NA	NA	NA	NA	NA	NA	NA	NA	NA	NA	NA	NA	NA	NA	NA	NA	NA	NA	NA	NA	NA	NA	NA	NA	NA	NA	NA	NA	NA	NA	NA	NA	NA	NA	NA	NA	NA	NA	NA	NA	NA	NA	NA	NA	NA	NA
BK066876.1_99_1316_1	1771	657	1.289061597	TRUE	6.307593183	617	5.663062385	200.1081081	Sousa_chinensis_associated	ncbi	Cetacean	Cetacean	Sousa_chinensis_associated	Sousa_chinensis_associated	BK066876.1	Other	Other	Other	Other	Other	Other	Other	Other	Other	Other	Other	Other	Other	Other	Other	Other	Other	Other	Other	Other	Other	Other	Other	Other	Other	Other	Other	Other	Other	Other	Other	Other	Other	Other	Other	Other	Other	Other	Other	Other	Other	Other	Other	Other	Other	Other
BK066746.1_54_1271_1	2166	1061	0.87667338	TRUE	4.943728723	41	4.505392033	13.2972973	Xiphophorus_birchmanni_associated	ncbi	Ray-finned Fish	Ray-finned Fish	Xiphophorus_birchmanni_associated	Xiphophorus_birchmanni_associated	BK066746.1	Other	Other	Other	Other	Other	Other	Other	Other	Other	Other	Other	Other	Other	Other	Other	Other	Other	Other	Other	Other	Other	Other	Other	Other	Other	Other	Other	Other	Other	Other	Other	Other	Other	Other	Other	Other	Other	Other	Other	Other	Other	Other	Other	Other	Other	Other
GQ845445.1_66_1283_1	1599	466	0.178187176	TRUE	5.885664105	828	5.796570517	268.5405405	Gammapapillomavirus	ncbi	Human	Human	Gammapapillomavirus	Human_associated	GQ845445.1	Other	Other	Other	Other	Other	Other	Other	Other	Other	Other	Other	Other	Other	Other	Other	Other	Other	Other	Other	Other	Other	Other	Other	Other	Other	Other	Other	Other	Other	Other	Other	Other	Other	Other	Other	Other	Other	Other	Other	Other	Other	Other	Other	Other	Other	Other
GU117630.1_90_1307_1	1565	431	0.130690726	TRUE	5.842143827	855	5.776798464	277.2972973	Gammapapillomavirus	ncbi	Human	Human	Gammapapillomavirus	Human_associated	GU117630.1	Other	Other	Other	Other	Other	Other	Other	Other	Other	Other	Other	Other	Other	Other	Other	Other	Other	Other	Other	Other	Other	Other	Other	Other	Other	Other	Other	Other	Other	Other	Other	Other	Other	Other	Other	Other	Other	Other	Other	Other	Other	Other	Other	Other	Other	Other
GU117629.1_75_1292_1	1592	456	0.120224062	TRUE	5.990469488	840	5.930357457	272.4324324	Gammapapillomavirus	ncbi	Human	Human	Gammapapillomavirus	Human_associated	GU117629.1	Other	Other	Other	Other	Other	Other	Other	Other	Other	Other	Other	Other	Other	Other	Other	Other	Other	Other	Other	Other	Other	Other	Other	Other	Other	Other	Other	Other	Other	Other	Other	Other	Other	Other	Other	Other	Other	Other	Other	Other	Other	Other	Other	Other	Other	Other
BK066462.1_78_1295_1	1702	577	0.065330822	TRUE	5.358090949	704	5.325425538	228.3243243	Taupapillomavirus	ncbi	Feline	Feline	Panthera	Panthera_associated	BK066462.1	Other	Other	Other	Other	Other	Other	Other	Other	Other	Other	Other	Other	Other	Other	Other	Other	Other	Other	Other	Other	Other	Other	Other	Other	Other	Other	Other	Other	Other	Other	Other	Other	Other	Other	Other	Other	Other	Other	Other	Other	Other	Other	Other	Other	Other	Other
MH777359.2_144_1364_1	1663	530	0.107353025	TRUE	6.313423443	697	6.25974693	226.0540541	Human_associated	ncbi	Human	Human	Human_associated	Human_associated	MH777359.2	Other	Other	Other	Other	Other	Other	Other	Other	Other	Other	Other	Other	Other	Other	Other	Other	Other	Other	Other	Other	Other	Other	Other	Other	Other	Other	Other	Other	Other	Other	Other	Other	Other	Other	Other	Other	Other	Other	Other	Other	Other	Other	Other	Other	Other	Other
MH777358.2_75_1295_1	1640	508	0.114852708	TRUE	5.488191009	674	5.430764655	218.5945946	Human_associated	ncbi	Human	Human	Human_associated	Human_associated	MH777358.2	Other	Other	Other	Other	Other	Other	Other	Other	Other	Other	Other	Other	Other	Other	Other	Other	Other	Other	Other	Other	Other	Other	Other	Other	Other	Other	Other	Other	Other	Other	Other	Other	Other	Other	Other	Other	Other	Other	Other	Other	Other	Other	Other	Other	Other	Other
MH972558.1_96_1316_1	NA	NA	NA	NA	NA	NA	NA	NA	NA	NA	NA	NA	NA	NA	NA	NA	NA	NA	NA	NA	NA	NA	NA	NA	NA	NA	NA	NA	NA	NA	NA	NA	NA	NA	NA	NA	NA	NA	NA	NA	NA	NA	NA	NA	NA	NA	NA	NA	NA	NA	NA	NA	NA	NA	NA	NA	NA	NA	NA	NA	NA
OR952882.1_54_1274_1	1853	727	0.380292012	TRUE	6.300495703	296	6.110349697	96	Taphozous_melanopogon_associated	ncbi	Bat	Bat	Taphozous_melanopogon_associated	Taphozous_melanopogon_associated	OR952882.1	Other	Other	Other	Other	Other	Other	Other	Other	Other	Other	Other	Other	Other	Other	Other	Other	Other	Other	Other	Other	Other	Other	Other	Other	Other	Other	Other	Other	Other	Other	Other	Other	Other	Other	Other	Other	Other	Other	Other	Other	Other	Other	Other	Other	Other	Other
OQ274129.1_177_1397_1	1777	652	0.204834092	TRUE	5.945952332	620	5.843535286	201.0810811	Neophocaena_asiaeorientalis_associated	ncbi	Bat	Bat	Neophocaena_asiaeorientalis_associated	Neophocaena_asiaeorientalis_associated	OQ274129.1	Other	Other	Other	Other	Other	Other	Other	Other	Other	Other	Other	Other	Other	Other	Other	Other	Other	Other	Other	Other	Other	Other	Other	Other	Other	Other	Other	Other	Other	Other	Other	Other	Other	Other	Other	Other	Other	Other	Other	Other	Other	Other	Other	Other	Other	Other
MH777167.2_90_1307_1	NA	NA	NA	NA	NA	NA	NA	NA	NA	NA	NA	NA	NA	NA	NA	NA	NA	NA	NA	NA	NA	NA	NA	NA	NA	NA	NA	NA	NA	NA	NA	NA	NA	NA	NA	NA	NA	NA	NA	NA	NA	NA	NA	NA	NA	NA	NA	NA	NA	NA	NA	NA	NA	NA	NA	NA	NA	NA	NA	NA	NA
MH777163.2_93_1310_1	1503	366	0.166702028	TRUE	6.398830606	986	6.315479592	319.7837838	Human_associated	ncbi	Human	Human	Human_associated	Human_associated	MH777163.2	Other	Other	Other	Other	Other	Other	Other	Other	Other	Other	Other	Other	Other	Other	Other	Other	Other	Other	Other	Other	Other	Other	Other	Other	Other	Other	Other	Other	Other	Other	Other	Other	Other	Other	Other	Other	Other	Other	Other	Other	Other	Other	Other	Other	Other	Other
MH777187.2_69_1286_1	1352	218	0.120327234	TRUE	6.450841837	946	6.39067822	306.8108108	Human_associated	ncbi	Human	Human	Human_associated	Human_associated	MH777187.2	Other	Other	Other	Other	Other	Other	Other	Other	Other	Other	Other	Other	Other	Other	Other	Other	Other	Other	Other	Other	Other	Other	Other	Other	Other	Other	Other	Other	Other	Other	Other	Other	Other	Other	Other	Other	Other	Other	Other	Other	Other	Other	Other	Other	Other	Other
MH777251.2_69_1286_1	NA	NA	NA	NA	NA	NA	NA	NA	NA	NA	NA	NA	NA	NA	NA	NA	NA	NA	NA	NA	NA	NA	NA	NA	NA	NA	NA	NA	NA	NA	NA	NA	NA	NA	NA	NA	NA	NA	NA	NA	NA	NA	NA	NA	NA	NA	NA	NA	NA	NA	NA	NA	NA	NA	NA	NA	NA	NA	NA	NA	NA
MH777212.2_90_1307_1	NA	NA	NA	NA	NA	NA	NA	NA	NA	NA	NA	NA	NA	NA	NA	NA	NA	NA	NA	NA	NA	NA	NA	NA	NA	NA	NA	NA	NA	NA	NA	NA	NA	NA	NA	NA	NA	NA	NA	NA	NA	NA	NA	NA	NA	NA	NA	NA	NA	NA	NA	NA	NA	NA	NA	NA	NA	NA	NA	NA	NA
MH777158.2_90_1307_1	NA	NA	NA	NA	NA	NA	NA	NA	NA	NA	NA	NA	NA	NA	NA	NA	NA	NA	NA	NA	NA	NA	NA	NA	NA	NA	NA	NA	NA	NA	NA	NA	NA	NA	NA	NA	NA	NA	NA	NA	NA	NA	NA	NA	NA	NA	NA	NA	NA	NA	NA	NA	NA	NA	NA	NA	NA	NA	NA	NA	NA
KX781284.1_135_1352_1	1548	413	0.135453534	TRUE	6.059028849	882	5.991302082	286.0540541	Human_associated	ncbi	Human	Human	Human_associated	Human_associated	KX781284.1	Other	Other	Other	Other	Other	Other	Other	Other	Other	Other	Other	Other	Other	Other	Other	Other	Other	Other	Other	Other	Other	Other	Other	Other	Other	Other	Other	Other	Other	Other	Other	Other	Other	Other	Other	Other	Other	Other	Other	Other	Other	Other	Other	Other	Other	Other
JX413110.1_144_1361_1	NA	NA	NA	NA	NA	NA	NA	NA	NA	NA	NA	NA	NA	NA	NA	NA	NA	NA	NA	NA	NA	NA	NA	NA	NA	NA	NA	NA	NA	NA	NA	NA	NA	NA	NA	NA	NA	NA	NA	NA	NA	NA	NA	NA	NA	NA	NA	NA	NA	NA	NA	NA	NA	NA	NA	NA	NA	NA	NA	NA	NA
M32305.1_60_1277_1	1641	514	0.059975758	TRUE	5.469047758	676	5.439059879	219.2432432	Betapapillomavirus	ncbi	Human	Human	Betapapillomavirus	Human_associated	M32305.1	Other	Other	Other	Other	Other	Other	Other	Other	Other	Other	Other	Other	Other	Other	Other	Other	Other	Other	Other	Other	Other	Other	Other	Other	Other	Other	Other	Other	Other	Other	Other	Other	Other	Other	Other	Other	Other	Other	Other	Other	Other	Other	Other	Other	Other	Other
MH172377.1_60_1277_1	1537	405	0.218851754	TRUE	5.891058321	867	5.781632444	281.1891892	Human_associated	ncbi	Human	Human	Human_associated	Human_associated	MH172377.1	Other	Other	Other	Other	Other	Other	Other	Other	Other	Other	Other	Other	Other	Other	Other	Other	Other	Other	Other	Other	Other	Other	Other	Other	Other	Other	Other	Other	Other	Other	Other	Other	Other	Other	Other	Other	Other	Other	Other	Other	Other	Other	Other	Other	Other	Other
MF588736.1_147_1364_1	1417	273	0.086096601	TRUE	6.825415797	1093	6.782367496	354.4864865	Gammapapillomavirus	ncbi	Human	Human	Gammapapillomavirus	Human_associated	MF588736.1	Other	Other	Other	Other	Other	Other	Other	Other	Other	Other	Other	Other	Other	Other	Other	Other	Other	Other	Other	Other	Other	Other	Other	Other	Other	Other	Other	Other	Other	Other	Other	Other	Other	Other	Other	Other	Other	Other	Other	Other	Other	Other	Other	Other	Other	Other
MH777260.2_69_1289_1	1349	212	0.042526867	TRUE	6.432129183	942	6.410865749	305.5135135	Human_associated	ncbi	Human	Human	Human_associated	Human_associated	MH777260.2	Other	Other	Other	Other	Other	Other	Other	Other	Other	Other	Other	Other	Other	Other	Other	Other	Other	Other	Other	Other	Other	Other	Other	Other	Other	Other	Other	Other	Other	Other	Other	Other	Other	Other	Other	Other	Other	Other	Other	Other	Other	Other	Other	Other	Other	Other
MW922427.1_63_1286_1	1914	789	0.578390962	TRUE	6.078961845	381	5.789766364	123.5675676	Tadarida_brasiliensis_associated	ncbi	Bat	Bat	Tadarida_brasiliensis_associated	Tadarida_brasiliensis_associated	MW922427.1	Other	Other	Other	Other	Other	Other	Other	Other	Other	Other	Other	Other	Other	Other	Other	Other	Other	Other	Other	Other	Other	Other	Other	Other	Other	Other	Other	Other	Other	Other	Other	Other	Other	Other	Other	Other	Other	Other	Other	Other	Other	Other	Other	Other	Other	Other
MH777379.2_69_1292_1	NA	NA	NA	NA	NA	NA	NA	NA	NA	NA	NA	NA	NA	NA	NA	NA	NA	NA	NA	NA	NA	NA	NA	NA	NA	NA	NA	NA	NA	NA	NA	NA	NA	NA	NA	NA	NA	NA	NA	NA	NA	NA	NA	NA	NA	NA	NA	NA	NA	NA	NA	NA	NA	NA	NA	NA	NA	NA	NA	NA	NA
MW922428.1_90_1313_1	1913	785	0.142377598	TRUE	5.73467925	379	5.663490451	122.9189189	Tadarida_brasiliensis_associated	ncbi	Bat	Bat	Tadarida_brasiliensis_associated	Tadarida_brasiliensis_associated	MW922428.1	Other	Other	Other	Other	Other	Other	Other	Other	Other	Other	Other	Other	Other	Other	Other	Other	Other	Other	Other	Other	Other	Other	Other	Other	Other	Other	Other	Other	Other	Other	Other	Other	Other	Other	Other	Other	Other	Other	Other	Other	Other	Other	Other	Other	Other	Other
EF028290.1_57_1277_1	1658	532	0.222221576	TRUE	6.209417299	692	6.09830651	224.4324324	Betapapillomavirus	ncbi	Human	Human	Betapapillomavirus	Human_associated	EF028290.1	Other	Other	Other	Other	Other	Other	Other	Other	Other	Other	Other	Other	Other	Other	Other	Other	Other	Other	Other	Other	Other	Other	Other	Other	Other	Other	Other	Other	Other	Other	Other	Other	Other	Other	Other	Other	Other	Other	Other	Other	Other	Other	Other	Other	Other	Other
OR952896.1_138_1361_1	1911	790	0.450611735	TRUE	5.612894146	378	5.387588279	122.5945946	Chaerephon_plicatus_associated	ncbi	Bat	Bat	Chaerephon_plicatus_associated	Chaerephon_plicatus_associated	OR952896.1	Other	Other	Other	Other	Other	Other	Other	Other	Other	Other	Other	Other	Other	Other	Other	Other	Other	Other	Other	Other	Other	Other	Other	Other	Other	Other	Other	Other	Other	Other	Other	Other	Other	Other	Other	Other	Other	Other	Other	Other	Other	Other	Other	Other	Other	Other
MH777310.1_69_1292_1	1350	213	0.207264343	TRUE	6.444361798	943	6.340729626	305.8378378	Human_associated	ncbi	Human	Human	Human_associated	Human_associated	MH777310.1	Other	Other	Other	Other	Other	Other	Other	Other	Other	Other	Other	Other	Other	Other	Other	Other	Other	Other	Other	Other	Other	Other	Other	Other	Other	Other	Other	Other	Other	Other	Other	Other	Other	Other	Other	Other	Other	Other	Other	Other	Other	Other	Other	Other	Other	Other
MH777208.2_81_1304_1	1444	304	0.060239826	TRUE	6.449005663	1016	6.41888575	329.5135135	Human_associated	ncbi	Human	Human	Human_associated	Human_associated	MH777208.2	Other	Other	Other	Other	Other	Other	Other	Other	Other	Other	Other	Other	Other	Other	Other	Other	Other	Other	Other	Other	Other	Other	Other	Other	Other	Other	Other	Other	Other	Other	Other	Other	Other	Other	Other	Other	Other	Other	Other	Other	Other	Other	Other	Other	Other	Other
MH777201.2_141_1364_1	1538	404	0.205760557	TRUE	6.019274011	869	5.916393732	281.8378378	Human_associated	ncbi	Human	Human	Human_associated	Human_associated	MH777201.2	Other	Other	Other	Other	Other	Other	Other	Other	Other	Other	Other	Other	Other	Other	Other	Other	Other	Other	Other	Other	Other	Other	Other	Other	Other	Other	Other	Other	Other	Other	Other	Other	Other	Other	Other	Other	Other	Other	Other	Other	Other	Other	Other	Other	Other	Other
MH777238.1_81_1304_1	NA	NA	NA	NA	NA	NA	NA	NA	NA	NA	NA	NA	NA	NA	NA	NA	NA	NA	NA	NA	NA	NA	NA	NA	NA	NA	NA	NA	NA	NA	NA	NA	NA	NA	NA	NA	NA	NA	NA	NA	NA	NA	NA	NA	NA	NA	NA	NA	NA	NA	NA	NA	NA	NA	NA	NA	NA	NA	NA	NA	NA
MH777309.2_66_1289_1	1450	312	0.088275292	TRUE	6.316387472	1017	6.272249826	329.8378378	Human_associated	ncbi	Human	Human	Human_associated	Human_associated	MH777309.2	Other	Other	Other	Other	Other	Other	Other	Other	Other	Other	Other	Other	Other	Other	Other	Other	Other	Other	Other	Other	Other	Other	Other	Other	Other	Other	Other	Other	Other	Other	Other	Other	Other	Other	Other	Other	Other	Other	Other	Other	Other	Other	Other	Other	Other	Other
MH777302.1_105_1328_1	NA	NA	NA	NA	NA	NA	NA	NA	NA	NA	NA	NA	NA	NA	NA	NA	NA	NA	NA	NA	NA	NA	NA	NA	NA	NA	NA	NA	NA	NA	NA	NA	NA	NA	NA	NA	NA	NA	NA	NA	NA	NA	NA	NA	NA	NA	NA	NA	NA	NA	NA	NA	NA	NA	NA	NA	NA	NA	NA	NA	NA
MH777162.2_81_1301_1	1409	266	0.154930893	TRUE	6.60576861	1085	6.528303163	351.8918919	Human_associated	ncbi	Human	Human	Human_associated	Human_associated	MH777162.2	Other	Other	Other	Other	Other	Other	Other	Other	Other	Other	Other	Other	Other	Other	Other	Other	Other	Other	Other	Other	Other	Other	Other	Other	Other	Other	Other	Other	Other	Other	Other	Other	Other	Other	Other	Other	Other	Other	Other	Other	Other	Other	Other	Other	Other	Other
MF588723.1_75_1295_1	1345	207	0.162445861	TRUE	6.567925091	937	6.48670216	303.8918919	Gammapapillomavirus	ncbi	Human	Human	Gammapapillomavirus	Human_associated	MF588723.1	Other	Other	Other	Other	Other	Other	Other	Other	Other	Other	Other	Other	Other	Other	Other	Other	Other	Other	Other	Other	Other	Other	Other	Other	Other	Other	Other	Other	Other	Other	Other	Other	Other	Other	Other	Other	Other	Other	Other	Other	Other	Other	Other	Other	Other	Other
MH777224.2_60_1280_1	1533	397	0.153329698	TRUE	6.156237207	889	6.079572358	288.3243243	Human_associated	ncbi	Human	Human	Human_associated	Human_associated	MH777224.2	Other	Other	Other	Other	Other	Other	Other	Other	Other	Other	Other	Other	Other	Other	Other	Other	Other	Other	Other	Other	Other	Other	Other	Other	Other	Other	Other	Other	Other	Other	Other	Other	Other	Other	Other	Other	Other	Other	Other	Other	Other	Other	Other	Other	Other	Other
MH777258.2_69_1289_1	NA	NA	NA	NA	NA	NA	NA	NA	NA	NA	NA	NA	NA	NA	NA	NA	NA	NA	NA	NA	NA	NA	NA	NA	NA	NA	NA	NA	NA	NA	NA	NA	NA	NA	NA	NA	NA	NA	NA	NA	NA	NA	NA	NA	NA	NA	NA	NA	NA	NA	NA	NA	NA	NA	NA	NA	NA	NA	NA	NA	NA
MH777245.2_69_1289_1	1349	211	0.138383957	TRUE	6.527986273	941	6.458794295	305.1891892	Human_associated	ncbi	Human	Human	Human_associated	Human_associated	MH777245.2	Other	Other	Other	Other	Other	Other	Other	Other	Other	Other	Other	Other	Other	Other	Other	Other	Other	Other	Other	Other	Other	Other	Other	Other	Other	Other	Other	Other	Other	Other	Other	Other	Other	Other	Other	Other	Other	Other	Other	Other	Other	Other	Other	Other	Other	Other
KP692114.1_69_1289_1	1355	214	0.02137538	TRUE	6.54055142	949	6.52986373	307.7837838	Gammapapillomavirus	ncbi	Human	Human	Gammapapillomavirus	Human_associated	KP692114.1	Other	Other	Other	Other	Other	Other	Other	Other	Other	Other	Other	Other	Other	Other	Other	Other	Other	Other	Other	Other	Other	Other	Other	Other	Other	Other	Other	Other	Other	Other	Other	Other	Other	Other	Other	Other	Other	Other	Other	Other	Other	Other	Other	Other	Other	Other
GQ845446.1_96_1316_1	1664	528	0.070026009	TRUE	6.346655908	698	6.311642903	226.3783784	Betapapillomavirus	ncbi	Human	Human	Betapapillomavirus	Human_associated	GQ845446.1	Other	Other	Other	Other	Other	Other	Other	Other	Other	Other	Other	Other	Other	Other	Other	Other	Other	Other	Other	Other	Other	Other	Other	Other	Other	Other	Other	Other	Other	Other	Other	Other	Other	Other	Other	Other	Other	Other	Other	Other	Other	Other	Other	Other	Other	Other
GQ246951.1_60_1280_1	1662	527	0.168197937	TRUE	6.354191669	696	6.270092701	225.7297297	Betapapillomavirus	ncbi	Human	Human	Betapapillomavirus	Human_associated	GQ246951.1	Other	Other	Other	Other	Other	Other	Other	Other	Other	Other	Other	Other	Other	Other	Other	Other	Other	Other	Other	Other	Other	Other	Other	Other	Other	Other	Other	Other	Other	Other	Other	Other	Other	Other	Other	Other	Other	Other	Other	Other	Other	Other	Other	Other	Other	Other
HM999993.1_84_1304_1	1445	306	0.148549127	TRUE	6.429754206	1013	6.355479643	328.5405405	Gammapapillomavirus	ncbi	Human	Human	Gammapapillomavirus	Human_associated	HM999993.1	Other	Other	Other	Other	Other	Other	Other	Other	Other	Other	Other	Other	Other	Other	Other	Other	Other	Other	Other	Other	Other	Other	Other	Other	Other	Other	Other	Other	Other	Other	Other	Other	Other	Other	Other	Other	Other	Other	Other	Other	Other	Other	Other	Other	Other	Other
JF966375.1_153_1373_1	NA	NA	NA	NA	NA	NA	NA	NA	NA	NA	NA	NA	NA	NA	NA	NA	NA	NA	NA	NA	NA	NA	NA	NA	NA	NA	NA	NA	NA	NA	NA	NA	NA	NA	NA	NA	NA	NA	NA	NA	NA	NA	NA	NA	NA	NA	NA	NA	NA	NA	NA	NA	NA	NA	NA	NA	NA	NA	NA	NA	NA
JF304768.1_96_1316_1	NA	NA	NA	NA	NA	NA	NA	NA	NA	NA	NA	NA	NA	NA	NA	NA	NA	NA	NA	NA	NA	NA	NA	NA	NA	NA	NA	NA	NA	NA	NA	NA	NA	NA	NA	NA	NA	NA	NA	NA	NA	NA	NA	NA	NA	NA	NA	NA	NA	NA	NA	NA	NA	NA	NA	NA	NA	NA	NA	NA	NA
MH777165.2_93_1286_1	1365	226	0.18154245	TRUE	6.661785714	934	6.571014489	302.9189189	Human_associated	ncbi	Human	Human	Human_associated	Human_associated	MH777165.2	Other	Other	Other	Other	Other	Other	Other	Other	Other	Other	Other	Other	Other	Other	Other	Other	Other	Other	Other	Other	Other	Other	Other	Other	Other	Other	Other	Other	Other	Other	Other	Other	Other	Other	Other	Other	Other	Other	Other	Other	Other	Other	Other	Other	Other	Other
MF588773.1_72_1265_1	1339	200	0.137340928	TRUE	6.367587579	970	6.298917115	314.5945946	Gammapapillomavirus	ncbi	Human	Human	Gammapapillomavirus	Human_associated	MF588773.1	Other	Other	Other	Other	Other	Other	Other	Other	Other	Other	Other	Other	Other	Other	Other	Other	Other	Other	Other	Other	Other	Other	Other	Other	Other	Other	Other	Other	Other	Other	Other	Other	Other	Other	Other	Other	Other	Other	Other	Other	Other	Other	Other	Other	Other	Other
MH777171.1_120_1313_1	1406	264	0.064303165	TRUE	6.642423554	1069	6.610271971	346.7027027	Human_associated	ncbi	Human	Human	Human_associated	Human_associated	MH777171.1	Other	Other	Other	Other	Other	Other	Other	Other	Other	Other	Other	Other	Other	Other	Other	Other	Other	Other	Other	Other	Other	Other	Other	Other	Other	Other	Other	Other	Other	Other	Other	Other	Other	Other	Other	Other	Other	Other	Other	Other	Other	Other	Other	Other	Other	Other
MH777284.2_141_1334_1	1484	344	0.147496919	TRUE	6.590479868	1006	6.516731408	326.2702703	Human_associated	ncbi	Human	Human	Human_associated	Human_associated	MH777284.2	Other	Other	Other	Other	Other	Other	Other	Other	Other	Other	Other	Other	Other	Other	Other	Other	Other	Other	Other	Other	Other	Other	Other	Other	Other	Other	Other	Other	Other	Other	Other	Other	Other	Other	Other	Other	Other	Other	Other	Other	Other	Other	Other	Other	Other	Other
MH777199.2_93_1286_1	NA	NA	NA	NA	NA	NA	NA	NA	NA	NA	NA	NA	NA	NA	NA	NA	NA	NA	NA	NA	NA	NA	NA	NA	NA	NA	NA	NA	NA	NA	NA	NA	NA	NA	NA	NA	NA	NA	NA	NA	NA	NA	NA	NA	NA	NA	NA	NA	NA	NA	NA	NA	NA	NA	NA	NA	NA	NA	NA	NA	NA
JX413108.1_90_1283_1	NA	NA	NA	NA	NA	NA	NA	NA	NA	NA	NA	NA	NA	NA	NA	NA	NA	NA	NA	NA	NA	NA	NA	NA	NA	NA	NA	NA	NA	NA	NA	NA	NA	NA	NA	NA	NA	NA	NA	NA	NA	NA	NA	NA	NA	NA	NA	NA	NA	NA	NA	NA	NA	NA	NA	NA	NA	NA	NA	NA	NA
OR952913.1_141_1337_1	NA	NA	NA	NA	NA	NA	NA	NA	NA	NA	NA	NA	NA	NA	NA	NA	NA	NA	NA	NA	NA	NA	NA	NA	NA	NA	NA	NA	NA	NA	NA	NA	NA	NA	NA	NA	NA	NA	NA	NA	NA	NA	NA	NA	NA	NA	NA	NA	NA	NA	NA	NA	NA	NA	NA	NA	NA	NA	NA	NA	NA
OR952911.1_114_1310_1	1832	708	0.532740056	TRUE	5.74092698	268	5.474556952	86.91891892	Rhinolophus_ferrumequinum_associated	ncbi	Bat	Bat	Rhinolophus_ferrumequinum_associated	Rhinolophus_ferrumequinum_associated	OR952911.1	Other	Other	Other	Other	Other	Other	Other	Other	Other	Other	Other	Other	Other	Other	Other	Other	Other	Other	Other	Other	Other	Other	Other	Other	Other	Other	Other	Other	Other	Other	Other	Other	Other	Other	Other	Other	Other	Other	Other	Other	Other	Other	Other	Other	Other	Other
PP718716.1_69_1265_1	NA	NA	NA	NA	NA	NA	NA	NA	NA	NA	NA	NA	NA	NA	NA	NA	NA	NA	NA	NA	NA	NA	NA	NA	NA	NA	NA	NA	NA	NA	NA	NA	NA	NA	NA	NA	NA	NA	NA	NA	NA	NA	NA	NA	NA	NA	NA	NA	NA	NA	NA	NA	NA	NA	NA	NA	NA	NA	NA	NA	NA
BK066893.1_138_1331_1	1803	671	0.128254709	TRUE	6.201513731	258	6.137386376	83.67567568	Panthera_pardus_associcated	ncbi	Feline	Feline	Panthera_pardus_associcated	Panthera_pardus_associcated	BK066893.1	Other	Other	Other	Other	Other	Other	Other	Other	Other	Other	Other	Other	Other	Other	Other	Other	Other	Other	Other	Other	Other	Other	Other	Other	Other	Other	Other	Other	Other	Other	Other	Other	Other	Other	Other	Other	Other	Other	Other	Other	Other	Other	Other	Other	Other	Other
BK066482.1_51_1244_1	1889	760	0.191212266	TRUE	5.975764762	421	5.880158629	136.5405405	Rhinolophus_associated	ncbi	Bat	Bat	Rhinolophus_associated	Rhinolophus_associated	BK066482.1	Other	Other	Other	Other	Other	Other	Other	Other	Other	Other	Other	Other	Other	Other	Other	Other	Other	Other	Other	Other	Other	Other	Other	Other	Other	Other	Other	Other	Other	Other	Other	Other	Other	Other	Other	Other	Other	Other	Other	Other	Other	Other	Other	Other	Other	Other
OR427310.1_132_1325_1	1814	684	0.397155112	TRUE	5.518621658	273	5.320044102	88.54054054	Rhinolophus_affinis_associated	ncbi	Bat	Bat	Rhinolophus_affinis_associated	Rhinolophus_affinis_associated	OR427310.1	Other	Other	Other	Other	Other	Other	Other	Other	Other	Other	Other	Other	Other	Other	Other	Other	Other	Other	Other	Other	Other	Other	Other	Other	Other	Other	Other	Other	Other	Other	Other	Other	Other	Other	Other	Other	Other	Other	Other	Other	Other	Other	Other	Other	Other	Other
OP376964.1_60_1253_1	1605	478	0.491763108	TRUE	5.69506234	813	5.449180786	263.6756757	Varecia_variegata_asociated	ncbi	Non-human Primate	Non-human Primate	Varecia_variegata_asociated	Varecia_variegata_asociated	OP376964.1	Other	Other	Other	Other	Other	Other	Other	Other	Other	Other	Other	Other	Other	Other	Other	Other	Other	Other	Other	Other	Other	Other	Other	Other	Other	Other	Other	Other	Other	Other	Other	Other	Other	Other	Other	Other	Other	Other	Other	Other	Other	Other	Other	Other	Other	Other
OR951005.1_12_1205_1	1850	730	0.447079028	TRUE	5.76023647	293	5.536696956	95.02702703	Taphozous_melanopogon_associated	ncbi	Bat	Bat	Taphozous_melanopogon_associated	Taphozous_melanopogon_associated	OR951005.1	Other	Other	Other	Other	Other	Other	Other	Other	Other	Other	Other	Other	Other	Other	Other	Other	Other	Other	Other	Other	Other	Other	Other	Other	Other	Other	Other	Other	Other	Other	Other	Other	Other	Other	Other	Other	Other	Other	Other	Other	Other	Other	Other	Other	Other	Other
OR952804.1_75_1268_1	1867	731	0.245653132	TRUE	6.186256689	436	6.063430123	141.4054054	Rhinolophus_affinis_associated	ncbi	Bat	Bat	Rhinolophus_affinis_associated	Rhinolophus_affinis_associated	OR952804.1	Other	Other	Other	Other	Other	Other	Other	Other	Other	Other	Other	Other	Other	Other	Other	Other	Other	Other	Other	Other	Other	Other	Other	Other	Other	Other	Other	Other	Other	Other	Other	Other	Other	Other	Other	Other	Other	Other	Other	Other	Other	Other	Other	Other	Other	Other
OR952801.1_54_1247_1	1889	759	0.226910879	TRUE	6.011463376	420	5.898007936	136.2162162	Rhinolophus_affinis_associated	ncbi	Bat	Bat	Rhinolophus_affinis_associated	Rhinolophus_affinis_associated	OR952801.1	Other	Other	Other	Other	Other	Other	Other	Other	Other	Other	Other	Other	Other	Other	Other	Other	Other	Other	Other	Other	Other	Other	Other	Other	Other	Other	Other	Other	Other	Other	Other	Other	Other	Other	Other	Other	Other	Other	Other	Other	Other	Other	Other	Other	Other	Other
MW428429.1_90_1283_1	1743	608	0.264836516	TRUE	5.977738197	656	5.845319939	212.7567568	Bos_taurus_associated	ncbi	Cattle	Bovine	Bos_taurus_associated	Bos_taurus_associated	MW428429.1	Other	Other	Other	Other	Other	Other	Other	Other	Other	Other	Other	Other	Other	Other	Other	Other	Other	Other	Other	Other	Other	Other	Other	Other	Other	Other	Other	Other	Other	Other	Other	Other	Other	Other	Other	Other	Other	Other	Other	Other	Other	Other	Other	Other	Other	Other
MH777322.2_69_1262_1	1365	227	0.089768113	TRUE	6.570011377	935	6.525127321	303.2432432	Human_associated	ncbi	Human	Human	Human_associated	Human_associated	MH777322.2	Other	Other	Other	Other	Other	Other	Other	Other	Other	Other	Other	Other	Other	Other	Other	Other	Other	Other	Other	Other	Other	Other	Other	Other	Other	Other	Other	Other	Other	Other	Other	Other	Other	Other	Other	Other	Other	Other	Other	Other	Other	Other	Other	Other	Other	Other
MH777312.2_93_1286_1	NA	NA	NA	NA	NA	NA	NA	NA	NA	NA	NA	NA	NA	NA	NA	NA	NA	NA	NA	NA	NA	NA	NA	NA	NA	NA	NA	NA	NA	NA	NA	NA	NA	NA	NA	NA	NA	NA	NA	NA	NA	NA	NA	NA	NA	NA	NA	NA	NA	NA	NA	NA	NA	NA	NA	NA	NA	NA	NA	NA	NA
MK443496.1_129_1322_1	1831	704	0.381087375	TRUE	5.655844039	280	5.465300352	90.81081081	Tupaia_belangeri_associated	ncbi	Tree shrew	Other	Tupaia_belangeri_associated	Tupaia_belangeri_associated	MK443496.1	Other	Other	Other	Other	Other	Other	Other	Other	Other	Other	Other	Other	Other	Other	Other	Other	Other	Other	Other	Other	Other	Other	Other	Other	Other	Other	Other	Other	Other	Other	Other	Other	Other	Other	Other	Other	Other	Other	Other	Other	Other	Other	Other	Other	Other	Other
MN535764.1_96_1289_1	1574	444	0.209923841	TRUE	5.947385772	842	5.842423852	273.0810811	Callithrix_penicillata_associated	ncbi	Non-human Primate	Non-human Primate	Callithrix_penicillata_associated	Callithrix_penicillata_associated	MN535764.1	Other	Other	Other	Other	Other	Other	Other	Other	Other	Other	Other	Other	Other	Other	Other	Other	Other	Other	Other	Other	Other	Other	Other	Other	Other	Other	Other	Other	Other	Other	Other	Other	Other	Other	Other	Other	Other	Other	Other	Other	Other	Other	Other	Other	Other	Other
MK620331.1_66_1259_1	2138	1018	0.264763092	TRUE	5.224648567	96	5.092267021	31.13513514	Larus_smithsonianus_associated	ncbi	Avian	Avian	Larus_smithsonianus_associated	Larus_smithsonianus_associated	MK620331.1	Other	Other	Other	Other	Other	Other	Other	Other	Other	Other	Other	Other	Other	Other	Other	Other	Other	Other	Other	Other	Other	Other	Other	Other	Other	Other	Other	Other	Other	Other	Other	Other	Other	Other	Other	Other	Other	Other	Other	Other	Other	Other	Other	Other	Other	Other
OR952908.1_126_1322_1	1952	824	0.193357375	TRUE	5.815563432	329	5.718884745	106.7027027	Rhinolophus_ferrumequinum_associated	ncbi	Bat	Bat	Rhinolophus_ferrumequinum_associated	Rhinolophus_ferrumequinum_associated	OR952908.1	Other	Other	Other	Other	Other	Other	Other	Other	Other	Other	Other	Other	Other	Other	Other	Other	Other	Other	Other	Other	Other	Other	Other	Other	Other	Other	Other	Other	Other	Other	Other	Other	Other	Other	Other	Other	Other	Other	Other	Other	Other	Other	Other	Other	Other	Other
MF588681.1_126_1322_1	NA	NA	NA	NA	NA	NA	NA	NA	NA	NA	NA	NA	NA	NA	NA	NA	NA	NA	NA	NA	NA	NA	NA	NA	NA	NA	NA	NA	NA	NA	NA	NA	NA	NA	NA	NA	NA	NA	NA	NA	NA	NA	NA	NA	NA	NA	NA	NA	NA	NA	NA	NA	NA	NA	NA	NA	NA	NA	NA	NA	NA
KX434763.1_90_1286_1	1937	812	0.443258943	TRUE	5.690337246	308	5.468707774	99.89189189	Bat_associated	ncbi	Bat	Bat	Bat_associated	Bat_associated	KX434763.1	Other	Other	Other	Other	Other	Other	Other	Other	Other	Other	Other	Other	Other	Other	Other	Other	Other	Other	Other	Other	Other	Other	Other	Other	Other	Other	Other	Other	Other	Other	Other	Other	Other	Other	Other	Other	Other	Other	Other	Other	Other	Other	Other	Other	Other	Other
MG571092.1_222_1418_1	1242	111	0.072994664	TRUE	5.622411947	470	5.585914615	152.4324324	Leptonychotes_weddellii_associated	ncbi	Pinnipeds	Other	Leptonychotes_weddellii_associated	Leptonychotes_weddellii_associated	MG571092.1	Other	Other	Other	Other	Other	Other	Other	Other	Other	Other	Other	Other	Other	Other	Other	Other	Other	Other	Other	Other	Other	Other	Other	Other	Other	Other	Other	Other	Other	Other	Other	Other	Other	Other	Other	Other	Other	Other	Other	Other	Other	Other	Other	Other	Other	Other
MH777264.2_123_1319_1	1478	337	0.138603676	TRUE	6.890088499	1027	6.820786662	333.0810811	Human_associated	ncbi	Human	Human	Human_associated	Human_associated	MH777264.2	Other	Other	Other	Other	Other	Other	Other	Other	Other	Other	Other	Other	Other	Other	Other	Other	Other	Other	Other	Other	Other	Other	Other	Other	Other	Other	Other	Other	Other	Other	Other	Other	Other	Other	Other	Other	Other	Other	Other	Other	Other	Other	Other	Other	Other	Other
MH625918.1_63_1259_1	NA	NA	NA	NA	NA	NA	NA	NA	NA	NA	NA	NA	NA	NA	NA	NA	NA	NA	NA	NA	NA	NA	NA	NA	NA	NA	NA	NA	NA	NA	NA	NA	NA	NA	NA	NA	NA	NA	NA	NA	NA	NA	NA	NA	NA	NA	NA	NA	NA	NA	NA	NA	NA	NA	NA	NA	NA	NA	NA	NA	NA
GQ244463.1_123_1319_1	1149	12	0.079766357	TRUE	6.315348934	550	6.275465755	178.3783784	Alphapapillomavirus	ncbi	Human	Human	Alphapapillomavirus	Human_associated	GQ244463.1	Other	Other	Other	Other	Other	Other	Other	Other	Other	Other	Other	Other	Other	Other	Other	Other	Other	Other	Other	Other	Other	Other	Other	Other	Other	Other	Other	Other	Other	Other	Other	Other	Other	Other	Other	Other	Other	Other	Other	Other	Other	Other	Other	Other	Other	Other
BK066644.1_102_1298_1	1573	442	0.588987853	TRUE	6.276786277	850	5.98229235	275.6756757	Canis_familiaris_associated	ncbi	Canine	Canine	Canis_familiaris_associated	Canis_familiaris_associated	BK066644.1	Other	Other	Other	Other	Other	Other	Other	Other	Other	Other	Other	Other	Other	Other	Other	Other	Other	Other	Other	Other	Other	Other	Other	Other	Other	Other	Other	Other	Other	Other	Other	Other	Other	Other	Other	Other	Other	Other	Other	Other	Other	Other	Other	Other	Other	Other
PP711990.1_141_1340_1	2065	941	0.184776233	TRUE	5.638833649	129	5.546445532	41.83783784	Rousettus_associated	ncbi	Bat	Bat	Rousettus_associated	Rousettus_associated	PP711990.1	Other	Other	Other	Other	Other	Other	Other	Other	Other	Other	Other	Other	Other	Other	Other	Other	Other	Other	Other	Other	Other	Other	Other	Other	Other	Other	Other	Other	Other	Other	Other	Other	Other	Other	Other	Other	Other	Other	Other	Other	Other	Other	Other	Other	Other	Other
BK066885.1_96_1292_1	2186	1075	0.937924733	TRUE	5.44946587	52	4.980503504	16.86486486	Sparus_aurata_associated	ncbi	Ray-finned Fish	Ray-finned Fish	Sparus_aurata_associated	Sparus_aurata_associated	BK066885.1	Other	Other	Other	Other	Other	Other	Other	Other	Other	Other	Other	Other	Other	Other	Other	Other	Other	Other	Other	Other	Other	Other	Other	Other	Other	Other	Other	Other	Other	Other	Other	Other	Other	Other	Other	Other	Other	Other	Other	Other	Other	Other	Other	Other	Other	Other
FN677756.1_141_1337_1	1686	558	0.143355041	TRUE	5.856721387	733	5.785043866	237.7297297	Betapapillomavirus	ncbi	Human	Human	Betapapillomavirus	Human_associated	FN677756.1	Other	Other	Other	Other	Other	Other	Other	Other	Other	Other	Other	Other	Other	Other	Other	Other	Other	Other	Other	Other	Other	Other	Other	Other	Other	Other	Other	Other	Other	Other	Other	Other	Other	Other	Other	Other	Other	Other	Other	Other	Other	Other	Other	Other	Other	Other
FM955839.1_171_1367_1	1688	556	0.11001662	TRUE	5.893829259	735	5.838820949	238.3783784	Betapapillomavirus	ncbi	Human	Human	Betapapillomavirus	Human_associated	FM955839.1	Other	Other	Other	Other	Other	Other	Other	Other	Other	Other	Other	Other	Other	Other	Other	Other	Other	Other	Other	Other	Other	Other	Other	Other	Other	Other	Other	Other	Other	Other	Other	Other	Other	Other	Other	Other	Other	Other	Other	Other	Other	Other	Other	Other	Other	Other
OR952850.1_132_1328_1	1903	775	0.366173303	TRUE	6.187449552	406	6.0043629	131.6756757	Hipposideros_larvatus_associated	ncbi	Bat	Bat	Hipposideros_larvatus_associated	Hipposideros_larvatus_associated	OR952850.1	Other	Other	Other	Other	Other	Other	Other	Other	Other	Other	Other	Other	Other	Other	Other	Other	Other	Other	Other	Other	Other	Other	Other	Other	Other	Other	Other	Other	Other	Other	Other	Other	Other	Other	Other	Other	Other	Other	Other	Other	Other	Other	Other	Other	Other	Other
OR952803.1_114_1310_1	1873	738	0.064101306	TRUE	6.220299196	442	6.188248542	143.3513514	Rhinolophus_affinis_associated	ncbi	Bat	Bat	Rhinolophus_affinis_associated	Rhinolophus_affinis_associated	OR952803.1	Other	Other	Other	Other	Other	Other	Other	Other	Other	Other	Other	Other	Other	Other	Other	Other	Other	Other	Other	Other	Other	Other	Other	Other	Other	Other	Other	Other	Other	Other	Other	Other	Other	Other	Other	Other	Other	Other	Other	Other	Other	Other	Other	Other	Other	Other
OR952851.1_84_1280_1	1896	767	0.103633666	TRUE	6.047172268	414	5.995355435	134.2702703	Hipposideros_larvatus_associated	ncbi	Bat	Bat	Hipposideros_larvatus_associated	Hipposideros_larvatus_associated	OR952851.1	Other	Other	Other	Other	Other	Other	Other	Other	Other	Other	Other	Other	Other	Other	Other	Other	Other	Other	Other	Other	Other	Other	Other	Other	Other	Other	Other	Other	Other	Other	Other	Other	Other	Other	Other	Other	Other	Other	Other	Other	Other	Other	Other	Other	Other	Other
OR952906.1_108_1304_1	1952	825	0.154241399	TRUE	5.776447456	330	5.699326757	107.027027	Rhinolophus_ferrumequinum_associated	ncbi	Bat	Bat	Rhinolophus_ferrumequinum_associated	Rhinolophus_ferrumequinum_associated	OR952906.1	Other	Other	Other	Other	Other	Other	Other	Other	Other	Other	Other	Other	Other	Other	Other	Other	Other	Other	Other	Other	Other	Other	Other	Other	Other	Other	Other	Other	Other	Other	Other	Other	Other	Other	Other	Other	Other	Other	Other	Other	Other	Other	Other	Other	Other	Other
OR952880.1_0_1196_1	1923	795	0.108685758	TRUE	5.737786326	395	5.683443447	128.1081081	Tylonycteris_robustula_associated	ncbi	Bat	Bat	Tylonycteris_robustula_associated	Tylonycteris_robustula_associated	OR952880.1	Other	Other	Other	Other	Other	Other	Other	Other	Other	Other	Other	Other	Other	Other	Other	Other	Other	Other	Other	Other	Other	Other	Other	Other	Other	Other	Other	Other	Other	Other	Other	Other	Other	Other	Other	Other	Other	Other	Other	Other	Other	Other	Other	Other	Other	Other
OR952799.1_57_1253_1	1885	753	0.161237915	TRUE	6.291385626	422	6.210766669	136.8648649	Rhinolophus_affinis_associated	ncbi	Bat	Bat	Rhinolophus_affinis_associated	Rhinolophus_affinis_associated	OR952799.1	Other	Other	Other	Other	Other	Other	Other	Other	Other	Other	Other	Other	Other	Other	Other	Other	Other	Other	Other	Other	Other	Other	Other	Other	Other	Other	Other	Other	Other	Other	Other	Other	Other	Other	Other	Other	Other	Other	Other	Other	Other	Other	Other	Other	Other	Other
MK620305.1_75_1271_1	2139	1019	0.061918966	TRUE	5.161580739	97	5.130621256	31.45945946	Rissa_tridactyla_associated	ncbi	Avian	Avian	Rissa_tridactyla_associated	Rissa_tridactyla_associated	MK620305.1	Other	Other	Other	Other	Other	Other	Other	Other	Other	Other	Other	Other	Other	Other	Other	Other	Other	Other	Other	Other	Other	Other	Other	Other	Other	Other	Other	Other	Other	Other	Other	Other	Other	Other	Other	Other	Other	Other	Other	Other	Other	Other	Other	Other	Other	Other
MH972562.2_63_1259_1	1323	205	0.380166977	TRUE	6.241346152	959	6.051262663	311.027027	Human_associated	ncbi	Human	Human	Human_associated	Human_associated	MH972562.2	Other	Other	Other	Other	Other	Other	Other	Other	Other	Other	Other	Other	Other	Other	Other	Other	Other	Other	Other	Other	Other	Other	Other	Other	Other	Other	Other	Other	Other	Other	Other	Other	Other	Other	Other	Other	Other	Other	Other	Other	Other	Other	Other	Other	Other	Other
MN194600.1_54_1250_1	2123	1008	0.067758989	TRUE	5.585180538	105	5.551301044	34.05405405	Hemidactylus_frenatus_associated	ncbi	Reptile	Reptile	Hemidactylus_frenatus_associated	Hemidactylus_frenatus_associated	MN194600.1	Other	Other	Other	Other	Other	Other	Other	Other	Other	Other	Other	Other	Other	Other	Other	Other	Other	Other	Other	Other	Other	Other	Other	Other	Other	Other	Other	Other	Other	Other	Other	Other	Other	Other	Other	Other	Other	Other	Other	Other	Other	Other	Other	Other	Other	Other
OR952779.1_153_1349_1	1926	801	0.127506067	TRUE	5.674613585	387	5.610860552	125.5135135	Scotophilus_kuhlii_associated	ncbi	Bat	Bat	Scotophilus_kuhlii_associated	Scotophilus_kuhlii_associated	OR952779.1	Other	Other	Other	Other	Other	Other	Other	Other	Other	Other	Other	Other	Other	Other	Other	Other	Other	Other	Other	Other	Other	Other	Other	Other	Other	Other	Other	Other	Other	Other	Other	Other	Other	Other	Other	Other	Other	Other	Other	Other	Other	Other	Other	Other	Other	Other
MN535763.1_57_1253_1	1574	445	0.1521475	TRUE	5.889609431	843	5.813535681	273.4054054	Callithrix_penicillata_associated	ncbi	Non-human Primate	Non-human Primate	Callithrix_penicillata_associated	Callithrix_penicillata_associated	MN535763.1	Other	Other	Other	Other	Other	Other	Other	Other	Other	Other	Other	Other	Other	Other	Other	Other	Other	Other	Other	Other	Other	Other	Other	Other	Other	Other	Other	Other	Other	Other	Other	Other	Other	Other	Other	Other	Other	Other	Other	Other	Other	Other	Other	Other	Other	Other
OR952795.1_135_1325_1	1871	736	0.130148503	TRUE	6.207402609	440	6.142328357	142.7027027	Rhinolophus_sinicus_associated	ncbi	Bat	Bat	Rhinolophus_sinicus_associated	Rhinolophus_sinicus_associated	OR952795.1	Other	Other	Other	Other	Other	Other	Other	Other	Other	Other	Other	Other	Other	Other	Other	Other	Other	Other	Other	Other	Other	Other	Other	Other	Other	Other	Other	Other	Other	Other	Other	Other	Other	Other	Other	Other	Other	Other	Other	Other	Other	Other	Other	Other	Other	Other
OR952790.1_96_1286_1	1960	834	0.121278793	TRUE	5.671838085	317	5.611198688	102.8108108	Rhinolophus_pusillus_associated	ncbi	Bat	Bat	Rhinolophus_pusillus_associated	Rhinolophus_pusillus_associated	OR952790.1	Other	Other	Other	Other	Other	Other	Other	Other	Other	Other	Other	Other	Other	Other	Other	Other	Other	Other	Other	Other	Other	Other	Other	Other	Other	Other	Other	Other	Other	Other	Other	Other	Other	Other	Other	Other	Other	Other	Other	Other	Other	Other	Other	Other	Other	Other
OR952798.1_123_1313_1	1887	757	0.235120467	TRUE	6.209958365	425	6.092398131	137.8378378	Rhinolophus_sinicus_associated	ncbi	Bat	Bat	Rhinolophus_sinicus_associated	Rhinolophus_sinicus_associated	OR952798.1	Other	Other	Other	Other	Other	Other	Other	Other	Other	Other	Other	Other	Other	Other	Other	Other	Other	Other	Other	Other	Other	Other	Other	Other	Other	Other	Other	Other	Other	Other	Other	Other	Other	Other	Other	Other	Other	Other	Other	Other	Other	Other	Other	Other	Other	Other
OR952863.1_51_1241_1	1886	758	0.212068841	TRUE	6.046326174	424	5.940291753	137.5135135	Hipposideros_armiger_associated	ncbi	Bat	Bat	Hipposideros_armiger_associated	Hipposideros_armiger_associated	OR952863.1	Other	Other	Other	Other	Other	Other	Other	Other	Other	Other	Other	Other	Other	Other	Other	Other	Other	Other	Other	Other	Other	Other	Other	Other	Other	Other	Other	Other	Other	Other	Other	Other	Other	Other	Other	Other	Other	Other	Other	Other	Other	Other	Other	Other	Other	Other
OR952843.1_51_1241_1	1965	839	0.341807711	TRUE	5.753502734	336	5.582598879	108.972973	Scotophilus_kuhlii_associated	ncbi	Bat	Bat	Scotophilus_kuhlii_associated	Scotophilus_kuhlii_associated	OR952843.1	Other	Other	Other	Other	Other	Other	Other	Other	Other	Other	Other	Other	Other	Other	Other	Other	Other	Other	Other	Other	Other	Other	Other	Other	Other	Other	Other	Other	Other	Other	Other	Other	Other	Other	Other	Other	Other	Other	Other	Other	Other	Other	Other	Other	Other	Other
OR952784.1_81_1271_1	1905	778	0.258713556	TRUE	5.920433971	401	5.791077193	130.0540541	Aselliscus_stoliczkanus_associated	ncbi	Bat	Bat	Aselliscus_stoliczkanus_associated	Aselliscus_stoliczkanus_associated	OR952784.1	Other	Other	Other	Other	Other	Other	Other	Other	Other	Other	Other	Other	Other	Other	Other	Other	Other	Other	Other	Other	Other	Other	Other	Other	Other	Other	Other	Other	Other	Other	Other	Other	Other	Other	Other	Other	Other	Other	Other	Other	Other	Other	Other	Other	Other	Other
ON932811.1_42_1232_1	NA	NA	NA	NA	NA	NA	NA	NA	NA	NA	NA	NA	NA	NA	NA	NA	NA	NA	NA	NA	NA	NA	NA	NA	NA	NA	NA	NA	NA	NA	NA	NA	NA	NA	NA	NA	NA	NA	NA	NA	NA	NA	NA	NA	NA	NA	NA	NA	NA	NA	NA	NA	NA	NA	NA	NA	NA	NA	NA	NA	NA
OF201689.1_45_1235_1	NA	NA	NA	NA	NA	NA	NA	NA	NA	NA	NA	NA	NA	NA	NA	NA	NA	NA	NA	NA	NA	NA	NA	NA	NA	NA	NA	NA	NA	NA	NA	NA	NA	NA	NA	NA	NA	NA	NA	NA	NA	NA	NA	NA	NA	NA	NA	NA	NA	NA	NA	NA	NA	NA	NA	NA	NA	NA	NA	NA	NA
ON932813.1_57_1247_1	1613	482	0.109759116	TRUE	5.451972855	800	5.397093297	259.4594595	Rodent_associated	ncbi	Rodent	Rodent	Rodent_associated	Rodent_associated	ON932813.1	Other	Other	Other	Other	Other	Other	Other	Other	Other	Other	Other	Other	Other	Other	Other	Other	Other	Other	Other	Other	Other	Other	Other	Other	Other	Other	Other	Other	Other	Other	Other	Other	Other	Other	Other	Other	Other	Other	Other	Other	Other	Other	Other	Other	Other	Other
OR952773.1_114_1304_1	1866	733	0.145749065	TRUE	6.052499582	435	5.979625049	141.0810811	Rhinolophus_associated	ncbi	Bat	Bat	Rhinolophus_associated	Rhinolophus_associated	OR952773.1	Other	Other	Other	Other	Other	Other	Other	Other	Other	Other	Other	Other	Other	Other	Other	Other	Other	Other	Other	Other	Other	Other	Other	Other	Other	Other	Other	Other	Other	Other	Other	Other	Other	Other	Other	Other	Other	Other	Other	Other	Other	Other	Other	Other	Other	Other
OR952772.1_84_1274_1	1870	737	0.128386105	TRUE	6.159089439	438	6.094896387	142.0540541	Rhinolophus_associated	ncbi	Bat	Bat	Rhinolophus_associated	Rhinolophus_associated	OR952772.1	Other	Other	Other	Other	Other	Other	Other	Other	Other	Other	Other	Other	Other	Other	Other	Other	Other	Other	Other	Other	Other	Other	Other	Other	Other	Other	Other	Other	Other	Other	Other	Other	Other	Other	Other	Other	Other	Other	Other	Other	Other	Other	Other	Other	Other	Other
OR952924.1_117_1307_1	1862	748	0.194320098	TRUE	5.925909925	432	5.828749876	140.1081081	Rhinolophus_ferrumequinum_associated	ncbi	Bat	Bat	Rhinolophus_ferrumequinum_associated	Rhinolophus_ferrumequinum_associated	OR952924.1	Other	Other	Other	Other	Other	Other	Other	Other	Other	Other	Other	Other	Other	Other	Other	Other	Other	Other	Other	Other	Other	Other	Other	Other	Other	Other	Other	Other	Other	Other	Other	Other	Other	Other	Other	Other	Other	Other	Other	Other	Other	Other	Other	Other	Other	Other
OR952895.1_120_1310_1	2018	892	0.237191138	TRUE	5.432217389	197	5.31362182	63.89189189	Ia_io_associated	ncbi	Bat	Bat	Ia_io_associated	Ia_io_associated	OR952895.1	Other	Other	Other	Other	Other	Other	Other	Other	Other	Other	Other	Other	Other	Other	Other	Other	Other	Other	Other	Other	Other	Other	Other	Other	Other	Other	Other	Other	Other	Other	Other	Other	Other	Other	Other	Other	Other	Other	Other	Other	Other	Other	Other	Other	Other	Other
BK066393.1_90_1277_1	1617	488	0.142315306	TRUE	5.530548345	806	5.459390692	261.4054054	Apodemus_sylvaticus_associated	ncbi	Rodent	Rodent	Apodemus_sylvaticus_associated	Apodemus_sylvaticus_associated	BK066393.1	Other	Other	Other	Other	Other	Other	Other	Other	Other	Other	Other	Other	Other	Other	Other	Other	Other	Other	Other	Other	Other	Other	Other	Other	Other	Other	Other	Other	Other	Other	Other	Other	Other	Other	Other	Other	Other	Other	Other	Other	Other	Other	Other	Other	Other	Other
BK066775.1_66_1253_1	NA	NA	NA	NA	NA	NA	NA	NA	NA	NA	NA	NA	NA	NA	NA	NA	NA	NA	NA	NA	NA	NA	NA	NA	NA	NA	NA	NA	NA	NA	NA	NA	NA	NA	NA	NA	NA	NA	NA	NA	NA	NA	NA	NA	NA	NA	NA	NA	NA	NA	NA	NA	NA	NA	NA	NA	NA	NA	NA	NA	NA
BK066742.1_150_1337_1	1241	110	0.563376965	TRUE	5.720730629	469	5.439042147	152.1081081	Canis_familiaris_associated	ncbi	Canine	Canine	Canis_familiaris_associated	Canis_familiaris_associated	BK066742.1	Other	Other	Other	Other	Other	Other	Other	Other	Other	Other	Other	Other	Other	Other	Other	Other	Other	Other	Other	Other	Other	Other	Other	Other	Other	Other	Other	Other	Other	Other	Other	Other	Other	Other	Other	Other	Other	Other	Other	Other	Other	Other	Other	Other	Other	Other
OR952894.1_171_1361_1	2017	893	0.178423293	TRUE	5.341786553	195	5.252574906	63.24324324	Ia_io_associated	ncbi	Bat	Bat	Ia_io_associated	Ia_io_associated	OR952894.1	Other	Other	Other	Other	Other	Other	Other	Other	Other	Other	Other	Other	Other	Other	Other	Other	Other	Other	Other	Other	Other	Other	Other	Other	Other	Other	Other	Other	Other	Other	Other	Other	Other	Other	Other	Other	Other	Other	Other	Other	Other	Other	Other	Other	Other	Other
OR952885.1_45_1235_1	1898	769	0.04815124	TRUE	6.129544027	417	6.105468407	135.2432432	Hipposideros_pomona_associated	ncbi	Bat	Bat	Hipposideros_pomona_associated	Hipposideros_pomona_associated	OR952885.1	Other	Other	Other	Other	Other	Other	Other	Other	Other	Other	Other	Other	Other	Other	Other	Other	Other	Other	Other	Other	Other	Other	Other	Other	Other	Other	Other	Other	Other	Other	Other	Other	Other	Other	Other	Other	Other	Other	Other	Other	Other	Other	Other	Other	Other	Other
OR952874.1_45_1235_1	2022	899	0.216826173	TRUE	5.135964408	190	5.027551322	61.62162162	Tylonycteris_robustula_associated	ncbi	Bat	Bat	Tylonycteris_robustula_associated	Tylonycteris_robustula_associated	OR952874.1	Other	Other	Other	Other	Other	Other	Other	Other	Other	Other	Other	Other	Other	Other	Other	Other	Other	Other	Other	Other	Other	Other	Other	Other	Other	Other	Other	Other	Other	Other	Other	Other	Other	Other	Other	Other	Other	Other	Other	Other	Other	Other	Other	Other	Other	Other
OR952886.1_63_1253_1	1897	770	0.194922709	TRUE	6.214566077	415	6.117104723	134.5945946	Hipposideros_pomona_associated	ncbi	Bat	Bat	Hipposideros_pomona_associated	Hipposideros_pomona_associated	OR952886.1	Other	Other	Other	Other	Other	Other	Other	Other	Other	Other	Other	Other	Other	Other	Other	Other	Other	Other	Other	Other	Other	Other	Other	Other	Other	Other	Other	Other	Other	Other	Other	Other	Other	Other	Other	Other	Other	Other	Other	Other	Other	Other	Other	Other	Other	Other
OR952892.1_81_1271_1	NA	NA	NA	NA	NA	NA	NA	NA	NA	NA	NA	NA	NA	NA	NA	NA	NA	NA	NA	NA	NA	NA	NA	NA	NA	NA	NA	NA	NA	NA	NA	NA	NA	NA	NA	NA	NA	NA	NA	NA	NA	NA	NA	NA	NA	NA	NA	NA	NA	NA	NA	NA	NA	NA	NA	NA	NA	NA	NA	NA	NA
OR952890.1_30_1220_1	1905	779	0.309147547	TRUE	5.970867963	402	5.816294189	130.3783784	Hipposideros_pomona_associated	ncbi	Bat	Bat	Hipposideros_pomona_associated	Hipposideros_pomona_associated	OR952890.1	Other	Other	Other	Other	Other	Other	Other	Other	Other	Other	Other	Other	Other	Other	Other	Other	Other	Other	Other	Other	Other	Other	Other	Other	Other	Other	Other	Other	Other	Other	Other	Other	Other	Other	Other	Other	Other	Other	Other	Other	Other	Other	Other	Other	Other	Other
MW543423.1_48_1238_1	1747	613	0.026685736	TRUE	5.930282448	661	5.91693958	214.3783784	Bos_taurus_associated	ncbi	Cattle	Bovine	Bos_taurus_associated	Bos_taurus_associated	MW543423.1	Other	Other	Other	Other	Other	Other	Other	Other	Other	Other	Other	Other	Other	Other	Other	Other	Other	Other	Other	Other	Other	Other	Other	Other	Other	Other	Other	Other	Other	Other	Other	Other	Other	Other	Other	Other	Other	Other	Other	Other	Other	Other	Other	Other	Other	Other
OR952931.1_57_1250_1	1888	755	0.22793216	TRUE	6.297619178	426	6.183653098	138.1621622	Rhinolophus_sinicus_associated	ncbi	Bat	Bat	Rhinolophus_sinicus_associated	Rhinolophus_sinicus_associated	OR952931.1	Other	Other	Other	Other	Other	Other	Other	Other	Other	Other	Other	Other	Other	Other	Other	Other	Other	Other	Other	Other	Other	Other	Other	Other	Other	Other	Other	Other	Other	Other	Other	Other	Other	Other	Other	Other	Other	Other	Other	Other	Other	Other	Other	Other	Other	Other
OR952919.1_99_1292_1	1959	829	0.213236906	TRUE	5.882710467	320	5.776092014	103.7837838	Rhinolophus_affinis_associated	ncbi	Bat	Bat	Rhinolophus_affinis_associated	Rhinolophus_affinis_associated	OR952919.1	Other	Other	Other	Other	Other	Other	Other	Other	Other	Other	Other	Other	Other	Other	Other	Other	Other	Other	Other	Other	Other	Other	Other	Other	Other	Other	Other	Other	Other	Other	Other	Other	Other	Other	Other	Other	Other	Other	Other	Other	Other	Other	Other	Other	Other	Other
BK066415.1_63_1253_1	1332	191	0.150947328	TRUE	6.618602363	971	6.543128699	314.9189189	Human_associated	ncbi	Human	Human	Human_associated	Human_associated	BK066415.1	Other	Other	Other	Other	Other	Other	Other	Other	Other	Other	Other	Other	Other	Other	Other	Other	Other	Other	Other	Other	Other	Other	Other	Other	Other	Other	Other	Other	Other	Other	Other	Other	Other	Other	Other	Other	Other	Other	Other	Other	Other	Other	Other	Other	Other	Other
BK066488.1_150_1340_1	1252	121	0.10261557	TRUE	5.609014547	474	5.557706762	153.7297297	Canis_familiaris_associated	ncbi	Canine	Canine	Canis_familiaris_associated	Canis_familiaris_associated	BK066488.1	Other	Other	Other	Other	Other	Other	Other	Other	Other	Other	Other	Other	Other	Other	Other	Other	Other	Other	Other	Other	Other	Other	Other	Other	Other	Other	Other	Other	Other	Other	Other	Other	Other	Other	Other	Other	Other	Other	Other	Other	Other	Other	Other	Other	Other	Other
BK066421.1_84_1274_1	1630	504	0.577947706	TRUE	5.46627025	742	5.177296397	240.6486486	Sorex_associated	ncbi	Insectivore	Other	Sorex_associated	Sorex_associated	BK066421.1	Other	Other	Other	Other	Other	Other	Other	Other	Other	Other	Other	Other	Other	Other	Other	Other	Other	Other	Other	Other	Other	Other	Other	Other	Other	Other	Other	Other	Other	Other	Other	Other	Other	Other	Other	Other	Other	Other	Other	Other	Other	Other	Other	Other	Other	Other
OR952907.1_102_1295_1	1953	828	0.311363214	TRUE	5.805307831	326	5.649626224	105.7297297	Rhinolophus_ferrumequinum_associated	ncbi	Bat	Bat	Rhinolophus_ferrumequinum_associated	Rhinolophus_ferrumequinum_associated	OR952907.1	Other	Other	Other	Other	Other	Other	Other	Other	Other	Other	Other	Other	Other	Other	Other	Other	Other	Other	Other	Other	Other	Other	Other	Other	Other	Other	Other	Other	Other	Other	Other	Other	Other	Other	Other	Other	Other	Other	Other	Other	Other	Other	Other	Other	Other	Other
OR952827.1_54_1247_1	1924	802	0.144068297	TRUE	5.564440211	384	5.492406062	124.5405405	Scotophilus_kuhlii_associated	ncbi	Bat	Bat	Scotophilus_kuhlii_associated	Scotophilus_kuhlii_associated	OR952827.1	Other	Other	Other	Other	Other	Other	Other	Other	Other	Other	Other	Other	Other	Other	Other	Other	Other	Other	Other	Other	Other	Other	Other	Other	Other	Other	Other	Other	Other	Other	Other	Other	Other	Other	Other	Other	Other	Other	Other	Other	Other	Other	Other	Other	Other	Other
OR952815.1_51_1244_1	1969	843	0.186712578	TRUE	5.757911312	342	5.664555023	110.9189189	Tylonycteris_pachypus_associated	ncbi	Bat	Bat	Tylonycteris_pachypus_associated	Tylonycteris_pachypus_associated	OR952815.1	Other	Other	Other	Other	Other	Other	Other	Other	Other	Other	Other	Other	Other	Other	Other	Other	Other	Other	Other	Other	Other	Other	Other	Other	Other	Other	Other	Other	Other	Other	Other	Other	Other	Other	Other	Other	Other	Other	Other	Other	Other	Other	Other	Other	Other	Other
OR952856.1_204_1397_1	1893	763	0.24555869	TRUE	6.133218497	410	6.010439152	132.972973	Hipposideros_larvatus_associated	ncbi	Bat	Bat	Hipposideros_larvatus_associated	Hipposideros_larvatus_associated	OR952856.1	Other	Other	Other	Other	Other	Other	Other	Other	Other	Other	Other	Other	Other	Other	Other	Other	Other	Other	Other	Other	Other	Other	Other	Other	Other	Other	Other	Other	Other	Other	Other	Other	Other	Other	Other	Other	Other	Other	Other	Other	Other	Other	Other	Other	Other	Other
OR952904.1_24_1217_1	1954	826	0.24145465	TRUE	5.763867884	327	5.643140559	106.0540541	Rhinolophus_ferrumequinum_associated	ncbi	Bat	Bat	Rhinolophus_ferrumequinum_associated	Rhinolophus_ferrumequinum_associated	OR952904.1	Other	Other	Other	Other	Other	Other	Other	Other	Other	Other	Other	Other	Other	Other	Other	Other	Other	Other	Other	Other	Other	Other	Other	Other	Other	Other	Other	Other	Other	Other	Other	Other	Other	Other	Other	Other	Other	Other	Other	Other	Other	Other	Other	Other	Other	Other
OR952875.1_51_1244_1	NA	NA	NA	NA	NA	NA	NA	NA	NA	NA	NA	NA	NA	NA	NA	NA	NA	NA	NA	NA	NA	NA	NA	NA	NA	NA	NA	NA	NA	NA	NA	NA	NA	NA	NA	NA	NA	NA	NA	NA	NA	NA	NA	NA	NA	NA	NA	NA	NA	NA	NA	NA	NA	NA	NA	NA	NA	NA	NA	NA	NA
MH777203.2_141_1331_1	1404	261	0.173866449	TRUE	6.748792003	1071	6.661858778	347.3513514	Human_associated	ncbi	Human	Human	Human_associated	Human_associated	MH777203.2	Other	Other	Other	Other	Other	Other	Other	Other	Other	Other	Other	Other	Other	Other	Other	Other	Other	Other	Other	Other	Other	Other	Other	Other	Other	Other	Other	Other	Other	Other	Other	Other	Other	Other	Other	Other	Other	Other	Other	Other	Other	Other	Other	Other	Other	Other
MH777200.2_72_1262_1	1321	182	0.154510866	TRUE	6.398477127	956	6.321221694	310.0540541	Human_associated	ncbi	Human	Human	Human_associated	Human_associated	MH777200.2	Other	Other	Other	Other	Other	Other	Other	Other	Other	Other	Other	Other	Other	Other	Other	Other	Other	Other	Other	Other	Other	Other	Other	Other	Other	Other	Other	Other	Other	Other	Other	Other	Other	Other	Other	Other	Other	Other	Other	Other	Other	Other	Other	Other	Other	Other
MH777239.1_132_1322_1	1366	230	0.177113898	TRUE	6.382320061	926	6.293763112	300.3243243	Human_associated	ncbi	Human	Human	Human_associated	Human_associated	MH777239.1	Other	Other	Other	Other	Other	Other	Other	Other	Other	Other	Other	Other	Other	Other	Other	Other	Other	Other	Other	Other	Other	Other	Other	Other	Other	Other	Other	Other	Other	Other	Other	Other	Other	Other	Other	Other	Other	Other	Other	Other	Other	Other	Other	Other	Other	Other
MW428428.1_75_1265_1	1759	630	0.202985789	TRUE	5.802602253	639	5.701109358	207.2432432	Bos_taurus_associated	ncbi	Cattle	Bovine	Bos_taurus_associated	Bos_taurus_associated	MW428428.1	Other	Other	Other	Other	Other	Other	Other	Other	Other	Other	Other	Other	Other	Other	Other	Other	Other	Other	Other	Other	Other	Other	Other	Other	Other	Other	Other	Other	Other	Other	Other	Other	Other	Other	Other	Other	Other	Other	Other	Other	Other	Other	Other	Other	Other	Other
MK620334.1_75_1265_1	2139	1020	0.162470356	TRUE	5.262132129	98	5.180896951	31.78378378	Rissa_tridactyla_associated	ncbi	Avian	Avian	Rissa_tridactyla_associated	Rissa_tridactyla_associated	MK620334.1	Other	Other	Other	Other	Other	Other	Other	Other	Other	Other	Other	Other	Other	Other	Other	Other	Other	Other	Other	Other	Other	Other	Other	Other	Other	Other	Other	Other	Other	Other	Other	Other	Other	Other	Other	Other	Other	Other	Other	Other	Other	Other	Other	Other	Other	Other
MH777185.2_90_1280_1	1484	345	0.171932315	TRUE	6.614915264	1007	6.528949107	326.5945946	Human_associated	ncbi	Human	Human	Human_associated	Human_associated	MH777185.2	Other	Other	Other	Other	Other	Other	Other	Other	Other	Other	Other	Other	Other	Other	Other	Other	Other	Other	Other	Other	Other	Other	Other	Other	Other	Other	Other	Other	Other	Other	Other	Other	Other	Other	Other	Other	Other	Other	Other	Other	Other	Other	Other	Other	Other	Other
JX444072.1_63_1253_1	NA	NA	NA	NA	NA	NA	NA	NA	NA	NA	NA	NA	NA	NA	NA	NA	NA	NA	NA	NA	NA	NA	NA	NA	NA	NA	NA	NA	NA	NA	NA	NA	NA	NA	NA	NA	NA	NA	NA	NA	NA	NA	NA	NA	NA	NA	NA	NA	NA	NA	NA	NA	NA	NA	NA	NA	NA	NA	NA	NA	NA
BK066727.1_186_1376_1	2150	1037	0.284517126	TRUE	4.60612455	75	4.463865987	24.32432432	Etapapillomavirus	ncbi	Avian	Avian	Luscinia	Luscinia_associated	BK066727.1	Other	Other	Other	Other	Other	Other	Other	Other	Other	Other	Other	Other	Other	Other	Other	Other	Other	Other	Other	Other	Other	Other	Other	Other	Other	Other	Other	Other	Other	Other	Other	Other	Other	Other	Other	Other	Other	Other	Other	Other	Other	Other	Other	Other	Other	Other
KX276954.1_45_1235_1	1935	811	0.310186321	TRUE	5.674802482	307	5.519709321	99.56756757	Eidolon_helvum_associated	ncbi	Bat	Bat	Eidolon_helvum_associated	Eidolon_helvum_associated	KX276954.1	Other	Other	Other	Other	Other	Other	Other	Other	Other	Other	Other	Other	Other	Other	Other	Other	Other	Other	Other	Other	Other	Other	Other	Other	Other	Other	Other	Other	Other	Other	Other	Other	Other	Other	Other	Other	Other	Other	Other	Other	Other	Other	Other	Other	Other	Other
MH777173.2_81_1271_1	1839	713	0.11072666	TRUE	5.405274341	243	5.349911011	78.81081081	Human_associated	ncbi	Human	Human	Human_associated	Human_associated	MH777173.2	Other	Other	Other	Other	Other	Other	Other	Other	Other	Other	Other	Other	Other	Other	Other	Other	Other	Other	Other	Other	Other	Other	Other	Other	Other	Other	Other	Other	Other	Other	Other	Other	Other	Other	Other	Other	Other	Other	Other	Other	Other	Other	Other	Other	Other	Other
KY370096.1_87_1277_1	1618	487	0.088720961	TRUE	5.547389522	808	5.503029042	262.0540541	Rodent_associated	ncbi	Rodent	Rodent	Rodent_associated	Rodent_associated	KY370096.1	Other	Other	Other	Other	Other	Other	Other	Other	Other	Other	Other	Other	Other	Other	Other	Other	Other	Other	Other	Other	Other	Other	Other	Other	Other	Other	Other	Other	Other	Other	Other	Other	Other	Other	Other	Other	Other	Other	Other	Other	Other	Other	Other	Other	Other	Other
OR952918.1_126_1325_1	1950	820	0.251477118	TRUE	5.838974997	332	5.713236438	107.6756757	Rhinolophus_affinis_associated	ncbi	Bat	Bat	Rhinolophus_affinis_associated	Rhinolophus_affinis_associated	OR952918.1	Other	Other	Other	Other	Other	Other	Other	Other	Other	Other	Other	Other	Other	Other	Other	Other	Other	Other	Other	Other	Other	Other	Other	Other	Other	Other	Other	Other	Other	Other	Other	Other	Other	Other	Other	Other	Other	Other	Other	Other	Other	Other	Other	Other	Other	Other
MH777232.2_75_1280_1	NA	NA	NA	NA	NA	NA	NA	NA	NA	NA	NA	NA	NA	NA	NA	NA	NA	NA	NA	NA	NA	NA	NA	NA	NA	NA	NA	NA	NA	NA	NA	NA	NA	NA	NA	NA	NA	NA	NA	NA	NA	NA	NA	NA	NA	NA	NA	NA	NA	NA	NA	NA	NA	NA	NA	NA	NA	NA	NA	NA	NA
MH777223.2_57_1262_1	NA	NA	NA	NA	NA	NA	NA	NA	NA	NA	NA	NA	NA	NA	NA	NA	NA	NA	NA	NA	NA	NA	NA	NA	NA	NA	NA	NA	NA	NA	NA	NA	NA	NA	NA	NA	NA	NA	NA	NA	NA	NA	NA	NA	NA	NA	NA	NA	NA	NA	NA	NA	NA	NA	NA	NA	NA	NA	NA	NA	NA
MH777236.2_75_1280_1	NA	NA	NA	NA	NA	NA	NA	NA	NA	NA	NA	NA	NA	NA	NA	NA	NA	NA	NA	NA	NA	NA	NA	NA	NA	NA	NA	NA	NA	NA	NA	NA	NA	NA	NA	NA	NA	NA	NA	NA	NA	NA	NA	NA	NA	NA	NA	NA	NA	NA	NA	NA	NA	NA	NA	NA	NA	NA	NA	NA	NA
MH777327.2_96_1301_1	1387	249	0.169866646	TRUE	6.584184478	1063	6.499251155	344.7567568	Human_associated	ncbi	Human	Human	Human_associated	Human_associated	MH777327.2	Other	Other	Other	Other	Other	Other	Other	Other	Other	Other	Other	Other	Other	Other	Other	Other	Other	Other	Other	Other	Other	Other	Other	Other	Other	Other	Other	Other	Other	Other	Other	Other	Other	Other	Other	Other	Other	Other	Other	Other	Other	Other	Other	Other	Other	Other
MH777273.2_138_1343_1	1581	451	0.066856784	TRUE	5.589236163	814	5.555807771	264	Human_associated	ncbi	Human	Human	Human_associated	Human_associated	MH777273.2	Other	Other	Other	Other	Other	Other	Other	Other	Other	Other	Other	Other	Other	Other	Other	Other	Other	Other	Other	Other	Other	Other	Other	Other	Other	Other	Other	Other	Other	Other	Other	Other	Other	Other	Other	Other	Other	Other	Other	Other	Other	Other	Other	Other	Other	Other
KY242583.1_96_1301_1	NA	NA	NA	NA	NA	NA	NA	NA	NA	NA	NA	NA	NA	NA	NA	NA	NA	NA	NA	NA	NA	NA	NA	NA	NA	NA	NA	NA	NA	NA	NA	NA	NA	NA	NA	NA	NA	NA	NA	NA	NA	NA	NA	NA	NA	NA	NA	NA	NA	NA	NA	NA	NA	NA	NA	NA	NA	NA	NA	NA	NA
EU410348.1_120_1325_1	1676	542	0.022898359	TRUE	5.522912884	718	5.511463705	232.8648649	Betapapillomavirus	ncbi	Human	Human	Betapapillomavirus	Human_associated	EU410348.1	Other	Other	Other	Other	Other	Other	Other	Other	Other	Other	Other	Other	Other	Other	Other	Other	Other	Other	Other	Other	Other	Other	Other	Other	Other	Other	Other	Other	Other	Other	Other	Other	Other	Other	Other	Other	Other	Other	Other	Other	Other	Other	Other	Other	Other	Other
EF422221.1_114_1319_1	1700	571	0.01601099	TRUE	5.640977004	711	5.632971509	230.5945946	Betapapillomavirus	ncbi	Human	Human	Betapapillomavirus	Human_associated	EF422221.1	Other	Other	Other	Other	Other	Other	Other	Other	Other	Other	Other	Other	Other	Other	Other	Other	Other	Other	Other	Other	Other	Other	Other	Other	Other	Other	Other	Other	Other	Other	Other	Other	Other	Other	Other	Other	Other	Other	Other	Other	Other	Other	Other	Other	Other	Other
HF930491.1_84_1289_1	1697	567	0.147550465	TRUE	5.5548777	712	5.481102467	230.9189189	Betapapillomavirus	ncbi	Human	Human	Betapapillomavirus	Human_associated	HF930491.1	Other	Other	Other	Other	Other	Other	Other	Other	Other	Other	Other	Other	Other	Other	Other	Other	Other	Other	Other	Other	Other	Other	Other	Other	Other	Other	Other	Other	Other	Other	Other	Other	Other	Other	Other	Other	Other	Other	Other	Other	Other	Other	Other	Other	Other	Other
KJ637940.1_21_1226_1	1717	591	0.207494974	TRUE	6.352242582	599	6.248495095	194.2702703	Upsilonpapillomavirus	ncbi	Cetacean	Cetacean	Tursiops_aduncus	Tursiops_aduncus_associated	KJ637940.1	Other	Other	Other	Other	Other	Other	Other	Other	Other	Other	Other	Other	Other	Other	Other	Other	Other	Other	Other	Other	Other	Other	Other	Other	Other	Other	Other	Other	Other	Other	Other	Other	Other	Other	Other	Other	Other	Other	Other	Other	Other	Other	Other	Other	Other	Other
HM999990.1_138_1343_1	1596	464	0.126150423	TRUE	5.816727308	833	5.753652096	270.1621622	Gammapapillomavirus	ncbi	Human	Human	Gammapapillomavirus	Human_associated	HM999990.1	Other	Other	Other	Other	Other	Other	Other	Other	Other	Other	Other	Other	Other	Other	Other	Other	Other	Other	Other	Other	Other	Other	Other	Other	Other	Other	Other	Other	Other	Other	Other	Other	Other	Other	Other	Other	Other	Other	Other	Other	Other	Other	Other	Other	Other	Other
Y15174.1_63_1268_1	NA	NA	NA	NA	NA	NA	NA	NA	NA	NA	NA	NA	NA	NA	NA	NA	NA	NA	NA	NA	NA	NA	NA	NA	NA	NA	NA	NA	NA	NA	NA	NA	NA	NA	NA	NA	NA	NA	NA	NA	NA	NA	NA	NA	NA	NA	NA	NA	NA	NA	NA	NA	NA	NA	NA	NA	NA	NA	NA	NA	NA
Y15173.1_63_1268_1	NA	NA	NA	NA	NA	NA	NA	NA	NA	NA	NA	NA	NA	NA	NA	NA	NA	NA	NA	NA	NA	NA	NA	NA	NA	NA	NA	NA	NA	NA	NA	NA	NA	NA	NA	NA	NA	NA	NA	NA	NA	NA	NA	NA	NA	NA	NA	NA	NA	NA	NA	NA	NA	NA	NA	NA	NA	NA	NA	NA	NA
BK066321.1_72_1274_1	2184	1071	0.325249886	TRUE	6.477960582	56	6.315335639	18.16216216	Gadus_morhua_associated	ncbi	Ray-finned Fish	Ray-finned Fish	Gadus_morhua_associated	Gadus_morhua_associated	BK066321.1	Other	Other	Other	Other	Other	Other	Other	Other	Other	Other	Other	Other	Other	Other	Other	Other	Other	Other	Other	Other	Other	Other	Other	Other	Other	Other	Other	Other	Other	Other	Other	Other	Other	Other	Other	Other	Other	Other	Other	Other	Other	Other	Other	Other	Other	Other
BK066697.1_72_1274_1	1330	186	0.138400382	TRUE	6.820236519	978	6.751036329	317.1891892	Human_associated	ncbi	Human	Human	Human_associated	Human_associated	BK066697.1	Other	Other	Other	Other	Other	Other	Other	Other	Other	Other	Other	Other	Other	Other	Other	Other	Other	Other	Other	Other	Other	Other	Other	Other	Other	Other	Other	Other	Other	Other	Other	Other	Other	Other	Other	Other	Other	Other	Other	Other	Other	Other	Other	Other	Other	Other
BK066395.1_93_1295_1	1502	365	0.149346965	TRUE	6.498942189	996	6.424268707	323.027027	Human_associated	ncbi	Human	Human	Human_associated	Human_associated	BK066395.1	Other	Other	Other	Other	Other	Other	Other	Other	Other	Other	Other	Other	Other	Other	Other	Other	Other	Other	Other	Other	Other	Other	Other	Other	Other	Other	Other	Other	Other	Other	Other	Other	Other	Other	Other	Other	Other	Other	Other	Other	Other	Other	Other	Other	Other	Other
OR952928.1_57_1262_1	1863	747	0.257491521	TRUE	6.062975942	433	5.934230181	140.4324324	Rhinolophus_ferrumequinum_associated	ncbi	Bat	Bat	Rhinolophus_ferrumequinum_associated	Rhinolophus_ferrumequinum_associated	OR952928.1	Other	Other	Other	Other	Other	Other	Other	Other	Other	Other	Other	Other	Other	Other	Other	Other	Other	Other	Other	Other	Other	Other	Other	Other	Other	Other	Other	Other	Other	Other	Other	Other	Other	Other	Other	Other	Other	Other	Other	Other	Other	Other	Other	Other	Other	Other
MW401529.1_48_1253_1	1623	496	0.523234194	TRUE	5.860324444	748	5.598707347	242.5945946	Xipapillomavirus	ncbi	Cattle	Bovine	Bos_taurus	Bos_taurus_associated	MW401529.1	Other	Other	Other	Other	Other	Other	Other	Other	Other	Other	Other	Other	Other	Other	Other	Other	Other	Other	Other	Other	Other	Other	Other	Other	Other	Other	Other	Other	Other	Other	Other	Other	Other	Other	Other	Other	Other	Other	Other	Other	Other	Other	Other	Other	Other	Other
MK207055.1_54_1259_1	2123	1007	0.095060407	TRUE	5.612481955	104	5.564951752	33.72972973	Hemidactylus_frenatus_associated	ncbi	Reptile	Reptile	Hemidactylus_frenatus_associated	Hemidactylus_frenatus_associated	MK207055.1	Other	Other	Other	Other	Other	Other	Other	Other	Other	Other	Other	Other	Other	Other	Other	Other	Other	Other	Other	Other	Other	Other	Other	Other	Other	Other	Other	Other	Other	Other	Other	Other	Other	Other	Other	Other	Other	Other	Other	Other	Other	Other	Other	Other	Other	Other
OL704824.1_93_1298_1	1932	807	0.132688212	TRUE	5.79652504	372	5.730180934	120.6486486	Eumops_bonariensis_associated	ncbi	Bat	Bat	Eumops_bonariensis_associated	Eumops_bonariensis_associated	OL704824.1	Other	Other	Other	Other	Other	Other	Other	Other	Other	Other	Other	Other	Other	Other	Other	Other	Other	Other	Other	Other	Other	Other	Other	Other	Other	Other	Other	Other	Other	Other	Other	Other	Other	Other	Other	Other	Other	Other	Other	Other	Other	Other	Other	Other	Other	Other
OR952909.1_9_1214_1	1882	761	0.406016704	TRUE	6.018957952	419	5.8159496	135.8918919	Rhinolophus_ferrumequinum_associated	ncbi	Bat	Bat	Rhinolophus_ferrumequinum_associated	Rhinolophus_ferrumequinum_associated	OR952909.1	Other	Other	Other	Other	Other	Other	Other	Other	Other	Other	Other	Other	Other	Other	Other	Other	Other	Other	Other	Other	Other	Other	Other	Other	Other	Other	Other	Other	Other	Other	Other	Other	Other	Other	Other	Other	Other	Other	Other	Other	Other	Other	Other	Other	Other	Other
ON482334.1_57_1262_1	1561	429	0.074512862	TRUE	5.821797987	857	5.784541556	277.9459459	Human_associated	ncbi	Human	Human	Human_associated	Human_associated	ON482334.1	Other	Other	Other	Other	Other	Other	Other	Other	Other	Other	Other	Other	Other	Other	Other	Other	Other	Other	Other	Other	Other	Other	Other	Other	Other	Other	Other	Other	Other	Other	Other	Other	Other	Other	Other	Other	Other	Other	Other	Other	Other	Other	Other	Other	Other	Other
BK066692.1_51_1256_1	1932	808	0.22078236	TRUE	5.884619188	373	5.774228008	120.972973	Molossus_associated	ncbi	Bat	Bat	Molossus_associated	Molossus_associated	BK066692.1	Other	Other	Other	Other	Other	Other	Other	Other	Other	Other	Other	Other	Other	Other	Other	Other	Other	Other	Other	Other	Other	Other	Other	Other	Other	Other	Other	Other	Other	Other	Other	Other	Other	Other	Other	Other	Other	Other	Other	Other	Other	Other	Other	Other	Other	Other
MH777333.1_48_1256_1	1463	333	0.182584504	TRUE	6.541141353	1043	6.449849101	338.2702703	Human_associated	ncbi	Human	Human	Human_associated	Human_associated	MH777333.1	Other	Other	Other	Other	Other	Other	Other	Other	Other	Other	Other	Other	Other	Other	Other	Other	Other	Other	Other	Other	Other	Other	Other	Other	Other	Other	Other	Other	Other	Other	Other	Other	Other	Other	Other	Other	Other	Other	Other	Other	Other	Other	Other	Other	Other	Other
MH777318.1_48_1256_1	NA	NA	NA	NA	NA	NA	NA	NA	NA	NA	NA	NA	NA	NA	NA	NA	NA	NA	NA	NA	NA	NA	NA	NA	NA	NA	NA	NA	NA	NA	NA	NA	NA	NA	NA	NA	NA	NA	NA	NA	NA	NA	NA	NA	NA	NA	NA	NA	NA	NA	NA	NA	NA	NA	NA	NA	NA	NA	NA	NA	NA
MH777350.2_117_1325_1	NA	NA	NA	NA	NA	NA	NA	NA	NA	NA	NA	NA	NA	NA	NA	NA	NA	NA	NA	NA	NA	NA	NA	NA	NA	NA	NA	NA	NA	NA	NA	NA	NA	NA	NA	NA	NA	NA	NA	NA	NA	NA	NA	NA	NA	NA	NA	NA	NA	NA	NA	NA	NA	NA	NA	NA	NA	NA	NA	NA	NA
MH777381.2_99_1307_1	1367	229	0.119512085	TRUE	6.435251401	928	6.375495358	300.972973	Human_associated	ncbi	Human	Human	Human_associated	Human_associated	MH777381.2	Other	Other	Other	Other	Other	Other	Other	Other	Other	Other	Other	Other	Other	Other	Other	Other	Other	Other	Other	Other	Other	Other	Other	Other	Other	Other	Other	Other	Other	Other	Other	Other	Other	Other	Other	Other	Other	Other	Other	Other	Other	Other	Other	Other	Other	Other
MH777355.2_69_1277_1	1596	463	0.104857269	TRUE	5.795434154	832	5.743005519	269.8378378	Human_associated	ncbi	Human	Human	Human_associated	Human_associated	MH777355.2	Other	Other	Other	Other	Other	Other	Other	Other	Other	Other	Other	Other	Other	Other	Other	Other	Other	Other	Other	Other	Other	Other	Other	Other	Other	Other	Other	Other	Other	Other	Other	Other	Other	Other	Other	Other	Other	Other	Other	Other	Other	Other	Other	Other	Other	Other
MH777306.1_81_1289_1	NA	NA	NA	NA	NA	NA	NA	NA	NA	NA	NA	NA	NA	NA	NA	NA	NA	NA	NA	NA	NA	NA	NA	NA	NA	NA	NA	NA	NA	NA	NA	NA	NA	NA	NA	NA	NA	NA	NA	NA	NA	NA	NA	NA	NA	NA	NA	NA	NA	NA	NA	NA	NA	NA	NA	NA	NA	NA	NA	NA	NA
MH777253.2_171_1379_1	1696	565	0.053489432	TRUE	5.485198771	715	5.458454055	231.8918919	Human_associated	ncbi	Human	Human	Human_associated	Human_associated	MH777253.2	Other	Other	Other	Other	Other	Other	Other	Other	Other	Other	Other	Other	Other	Other	Other	Other	Other	Other	Other	Other	Other	Other	Other	Other	Other	Other	Other	Other	Other	Other	Other	Other	Other	Other	Other	Other	Other	Other	Other	Other	Other	Other	Other	Other	Other	Other
MH777233.2_90_1298_1	NA	NA	NA	NA	NA	NA	NA	NA	NA	NA	NA	NA	NA	NA	NA	NA	NA	NA	NA	NA	NA	NA	NA	NA	NA	NA	NA	NA	NA	NA	NA	NA	NA	NA	NA	NA	NA	NA	NA	NA	NA	NA	NA	NA	NA	NA	NA	NA	NA	NA	NA	NA	NA	NA	NA	NA	NA	NA	NA	NA	NA
MH777280.2_72_1280_1	1335	196	0.344779071	TRUE	6.467736516	964	6.29534698	312.6486486	Human_associated	ncbi	Human	Human	Human_associated	Human_associated	MH777280.2	Other	Other	Other	Other	Other	Other	Other	Other	Other	Other	Other	Other	Other	Other	Other	Other	Other	Other	Other	Other	Other	Other	Other	Other	Other	Other	Other	Other	Other	Other	Other	Other	Other	Other	Other	Other	Other	Other	Other	Other	Other	Other	Other	Other	Other	Other
MH777304.1_120_1328_1	NA	NA	NA	NA	NA	NA	NA	NA	NA	NA	NA	NA	NA	NA	NA	NA	NA	NA	NA	NA	NA	NA	NA	NA	NA	NA	NA	NA	NA	NA	NA	NA	NA	NA	NA	NA	NA	NA	NA	NA	NA	NA	NA	NA	NA	NA	NA	NA	NA	NA	NA	NA	NA	NA	NA	NA	NA	NA	NA	NA	NA
MH777288.2_48_1256_1	1467	324	0.181220692	TRUE	6.812771168	1048	6.722160822	339.8918919	Human_associated	ncbi	Human	Human	Human_associated	Human_associated	MH777288.2	Other	Other	Other	Other	Other	Other	Other	Other	Other	Other	Other	Other	Other	Other	Other	Other	Other	Other	Other	Other	Other	Other	Other	Other	Other	Other	Other	Other	Other	Other	Other	Other	Other	Other	Other	Other	Other	Other	Other	Other	Other	Other	Other	Other	Other	Other
OR952883.1_183_1391_1	1852	729	0.301653217	TRUE	6.025252632	295	5.874426024	95.67567568	Taphozous_melanopogon_associated	ncbi	Bat	Bat	Taphozous_melanopogon_associated	Taphozous_melanopogon_associated	OR952883.1	Other	Other	Other	Other	Other	Other	Other	Other	Other	Other	Other	Other	Other	Other	Other	Other	Other	Other	Other	Other	Other	Other	Other	Other	Other	Other	Other	Other	Other	Other	Other	Other	Other	Other	Other	Other	Other	Other	Other	Other	Other	Other	Other	Other	Other	Other
OR952823.1_87_1295_1	1907	784	0.184882762	TRUE	5.706002899	397	5.613561518	128.7567568	Pipistrellus_abramus_associated	ncbi	Bat	Bat	Pipistrellus_abramus_associated	Pipistrellus_abramus_associated	OR952823.1	Other	Other	Other	Other	Other	Other	Other	Other	Other	Other	Other	Other	Other	Other	Other	Other	Other	Other	Other	Other	Other	Other	Other	Other	Other	Other	Other	Other	Other	Other	Other	Other	Other	Other	Other	Other	Other	Other	Other	Other	Other	Other	Other	Other	Other	Other
U31786.1_60_1268_1	NA	NA	NA	NA	NA	NA	NA	NA	NA	NA	NA	NA	NA	NA	NA	NA	NA	NA	NA	NA	NA	NA	NA	NA	NA	NA	NA	NA	NA	NA	NA	NA	NA	NA	NA	NA	NA	NA	NA	NA	NA	NA	NA	NA	NA	NA	NA	NA	NA	NA	NA	NA	NA	NA	NA	NA	NA	NA	NA	NA	NA
X74468.1_81_1289_1	NA	NA	NA	NA	NA	NA	NA	NA	NA	NA	NA	NA	NA	NA	NA	NA	NA	NA	NA	NA	NA	NA	NA	NA	NA	NA	NA	NA	NA	NA	NA	NA	NA	NA	NA	NA	NA	NA	NA	NA	NA	NA	NA	NA	NA	NA	NA	NA	NA	NA	NA	NA	NA	NA	NA	NA	NA	NA	NA	NA	NA
X70829.1_102_1310_1	NA	NA	NA	NA	NA	NA	NA	NA	NA	NA	NA	NA	NA	NA	NA	NA	NA	NA	NA	NA	NA	NA	NA	NA	NA	NA	NA	NA	NA	NA	NA	NA	NA	NA	NA	NA	NA	NA	NA	NA	NA	NA	NA	NA	NA	NA	NA	NA	NA	NA	NA	NA	NA	NA	NA	NA	NA	NA	NA	NA	NA
OR952806.1_84_1292_1	1865	734	0.354259645	TRUE	6.227123421	434	6.049993599	140.7567568	Rhinolophus_affinis_associated	ncbi	Bat	Bat	Rhinolophus_affinis_associated	Rhinolophus_affinis_associated	OR952806.1	Other	Other	Other	Other	Other	Other	Other	Other	Other	Other	Other	Other	Other	Other	Other	Other	Other	Other	Other	Other	Other	Other	Other	Other	Other	Other	Other	Other	Other	Other	Other	Other	Other	Other	Other	Other	Other	Other	Other	Other	Other	Other	Other	Other	Other	Other
MW535770.1_99_1307_1	NA	NA	NA	NA	NA	NA	NA	NA	NA	NA	NA	NA	NA	NA	NA	NA	NA	NA	NA	NA	NA	NA	NA	NA	NA	NA	NA	NA	NA	NA	NA	NA	NA	NA	NA	NA	NA	NA	NA	NA	NA	NA	NA	NA	NA	NA	NA	NA	NA	NA	NA	NA	NA	NA	NA	NA	NA	NA	NA	NA	NA
MK080568.2_96_1304_1	NA	NA	NA	NA	NA	NA	NA	NA	NA	NA	NA	NA	NA	NA	NA	NA	NA	NA	NA	NA	NA	NA	NA	NA	NA	NA	NA	NA	NA	NA	NA	NA	NA	NA	NA	NA	NA	NA	NA	NA	NA	NA	NA	NA	NA	NA	NA	NA	NA	NA	NA	NA	NA	NA	NA	NA	NA	NA	NA	NA	NA
OL704823.1_174_1382_1	1849	724	0.176635836	TRUE	5.976575591	302	5.888257673	97.94594595	Molossus_molossus_associated	ncbi	Bat	Bat	Molossus_molossus_associated	Molossus_molossus_associated	OL704823.1	Other	Other	Other	Other	Other	Other	Other	Other	Other	Other	Other	Other	Other	Other	Other	Other	Other	Other	Other	Other	Other	Other	Other	Other	Other	Other	Other	Other	Other	Other	Other	Other	Other	Other	Other	Other	Other	Other	Other	Other	Other	Other	Other	Other	Other	Other
OR915593.1_132_1340_1	1570	443	0.441799881	TRUE	5.680401015	846	5.459501074	274.3783784	Treisetapapillomavirus	ncbi	Feline	Feline	Caracal_caracal	Caracal_caracal_associated	OR915593.1	Other	Other	Other	Other	Other	Other	Other	Other	Other	Other	Other	Other	Other	Other	Other	Other	Other	Other	Other	Other	Other	Other	Other	Other	Other	Other	Other	Other	Other	Other	Other	Other	Other	Other	Other	Other	Other	Other	Other	Other	Other	Other	Other	Other	Other	Other
OQ930234.1_117_1325_1	NA	NA	NA	NA	NA	NA	NA	NA	NA	NA	NA	NA	NA	NA	NA	NA	NA	NA	NA	NA	NA	NA	NA	NA	NA	NA	NA	NA	NA	NA	NA	NA	NA	NA	NA	NA	NA	NA	NA	NA	NA	NA	NA	NA	NA	NA	NA	NA	NA	NA	NA	NA	NA	NA	NA	NA	NA	NA	NA	NA	NA
MH777249.1_201_1400_1	1402	256	0.025848585	TRUE	6.817284995	1077	6.804360702	349.2972973	Human_associated	ncbi	Human	Human	Human_associated	Human_associated	MH777249.1	Other	Other	Other	Other	Other	Other	Other	Other	Other	Other	Other	Other	Other	Other	Other	Other	Other	Other	Other	Other	Other	Other	Other	Other	Other	Other	Other	Other	Other	Other	Other	Other	Other	Other	Other	Other	Other	Other	Other	Other	Other	Other	Other	Other	Other	Other
MH777228.1_111_1310_1	1475	342	0.277327006	TRUE	6.647311008	1024	6.508647505	332.1081081	Human_associated	ncbi	Human	Human	Human_associated	Human_associated	MH777228.1	Other	Other	Other	Other	Other	Other	Other	Other	Other	Other	Other	Other	Other	Other	Other	Other	Other	Other	Other	Other	Other	Other	Other	Other	Other	Other	Other	Other	Other	Other	Other	Other	Other	Other	Other	Other	Other	Other	Other	Other	Other	Other	Other	Other	Other	Other
MH777259.2_132_1331_1	NA	NA	NA	NA	NA	NA	NA	NA	NA	NA	NA	NA	NA	NA	NA	NA	NA	NA	NA	NA	NA	NA	NA	NA	NA	NA	NA	NA	NA	NA	NA	NA	NA	NA	NA	NA	NA	NA	NA	NA	NA	NA	NA	NA	NA	NA	NA	NA	NA	NA	NA	NA	NA	NA	NA	NA	NA	NA	NA	NA	NA
MH777315.2_72_1271_1	NA	NA	NA	NA	NA	NA	NA	NA	NA	NA	NA	NA	NA	NA	NA	NA	NA	NA	NA	NA	NA	NA	NA	NA	NA	NA	NA	NA	NA	NA	NA	NA	NA	NA	NA	NA	NA	NA	NA	NA	NA	NA	NA	NA	NA	NA	NA	NA	NA	NA	NA	NA	NA	NA	NA	NA	NA	NA	NA	NA	NA
MH777314.2_69_1268_1	1405	262	0.080209084	TRUE	6.693422377	1072	6.653317835	347.6756757	Human_associated	ncbi	Human	Human	Human_associated	Human_associated	MH777314.2	Other	Other	Other	Other	Other	Other	Other	Other	Other	Other	Other	Other	Other	Other	Other	Other	Other	Other	Other	Other	Other	Other	Other	Other	Other	Other	Other	Other	Other	Other	Other	Other	Other	Other	Other	Other	Other	Other	Other	Other	Other	Other	Other	Other	Other	Other
MH777222.1_96_1295_1	NA	NA	NA	NA	NA	NA	NA	NA	NA	NA	NA	NA	NA	NA	NA	NA	NA	NA	NA	NA	NA	NA	NA	NA	NA	NA	NA	NA	NA	NA	NA	NA	NA	NA	NA	NA	NA	NA	NA	NA	NA	NA	NA	NA	NA	NA	NA	NA	NA	NA	NA	NA	NA	NA	NA	NA	NA	NA	NA	NA	NA
BK062772.1_87_1286_1	1828	698	0.233834005	TRUE	5.532860061	282	5.415943059	91.45945946	Manis_javanica_associated	ncbi	Pangolin	Pangolin	Manis_javanica_associated	Manis_javanica_associated	BK062772.1	Other	Other	Other	Other	Other	Other	Other	Other	Other	Other	Other	Other	Other	Other	Other	Other	Other	Other	Other	Other	Other	Other	Other	Other	Other	Other	Other	Other	Other	Other	Other	Other	Other	Other	Other	Other	Other	Other	Other	Other	Other	Other	Other	Other	Other	Other
OQ633419.1_78_1277_1	2179	1069	0.793465094	TRUE	5.301678292	60	4.904945745	19.45945946	Betta_splendens_associated	ncbi	Ray-finned Fish	Ray-finned Fish	Betta_splendens_associated	Betta_splendens_associated	OQ633419.1	Other	Other	Other	Other	Other	Other	Other	Other	Other	Other	Other	Other	Other	Other	Other	Other	Other	Other	Other	Other	Other	Other	Other	Other	Other	Other	Other	Other	Other	Other	Other	Other	Other	Other	Other	Other	Other	Other	Other	Other	Other	Other	Other	Other	Other	Other
MH460956.1_99_1298_1	NA	NA	NA	NA	NA	NA	NA	NA	NA	NA	NA	NA	NA	NA	NA	NA	NA	NA	NA	NA	NA	NA	NA	NA	NA	NA	NA	NA	NA	NA	NA	NA	NA	NA	NA	NA	NA	NA	NA	NA	NA	NA	NA	NA	NA	NA	NA	NA	NA	NA	NA	NA	NA	NA	NA	NA	NA	NA	NA	NA	NA
MH777194.1_99_1298_1	NA	NA	NA	NA	NA	NA	NA	NA	NA	NA	NA	NA	NA	NA	NA	NA	NA	NA	NA	NA	NA	NA	NA	NA	NA	NA	NA	NA	NA	NA	NA	NA	NA	NA	NA	NA	NA	NA	NA	NA	NA	NA	NA	NA	NA	NA	NA	NA	NA	NA	NA	NA	NA	NA	NA	NA	NA	NA	NA	NA	NA
MH777170.2_99_1298_1	1398	254	0.109450012	TRUE	6.923283223	1082	6.868558217	350.9189189	Human_associated	ncbi	Human	Human	Human_associated	Human_associated	MH777170.2	Other	Other	Other	Other	Other	Other	Other	Other	Other	Other	Other	Other	Other	Other	Other	Other	Other	Other	Other	Other	Other	Other	Other	Other	Other	Other	Other	Other	Other	Other	Other	Other	Other	Other	Other	Other	Other	Other	Other	Other	Other	Other	Other	Other	Other	Other
OR952800.1_87_1286_1	1834	707	0.187022915	TRUE	5.856990107	271	5.76347865	87.89189189	Rhinolophus_affinis_associated	ncbi	Bat	Bat	Rhinolophus_affinis_associated	Rhinolophus_affinis_associated	OR952800.1	Other	Other	Other	Other	Other	Other	Other	Other	Other	Other	Other	Other	Other	Other	Other	Other	Other	Other	Other	Other	Other	Other	Other	Other	Other	Other	Other	Other	Other	Other	Other	Other	Other	Other	Other	Other	Other	Other	Other	Other	Other	Other	Other	Other	Other	Other
OR952797.1_15_1214_1	1834	706	0.094821431	TRUE	5.764788624	270	5.717377908	87.56756757	Rhinolophus_sinicus_associated	ncbi	Bat	Bat	Rhinolophus_sinicus_associated	Rhinolophus_sinicus_associated	OR952797.1	Other	Other	Other	Other	Other	Other	Other	Other	Other	Other	Other	Other	Other	Other	Other	Other	Other	Other	Other	Other	Other	Other	Other	Other	Other	Other	Other	Other	Other	Other	Other	Other	Other	Other	Other	Other	Other	Other	Other	Other	Other	Other	Other	Other	Other	Other
OR952805.1_87_1286_1	1960	833	0.221425796	TRUE	5.771985087	316	5.66127219	102.4864865	Rhinolophus_affinis_associated	ncbi	Bat	Bat	Rhinolophus_affinis_associated	Rhinolophus_affinis_associated	OR952805.1	Other	Other	Other	Other	Other	Other	Other	Other	Other	Other	Other	Other	Other	Other	Other	Other	Other	Other	Other	Other	Other	Other	Other	Other	Other	Other	Other	Other	Other	Other	Other	Other	Other	Other	Other	Other	Other	Other	Other	Other	Other	Other	Other	Other	Other	Other
OR952917.1_84_1283_1	1833	705	0.200978583	TRUE	5.54952373	269	5.449034438	87.24324324	Rhinolophus_sinicus_associated	ncbi	Bat	Bat	Rhinolophus_sinicus_associated	Rhinolophus_sinicus_associated	OR952917.1	Other	Other	Other	Other	Other	Other	Other	Other	Other	Other	Other	Other	Other	Other	Other	Other	Other	Other	Other	Other	Other	Other	Other	Other	Other	Other	Other	Other	Other	Other	Other	Other	Other	Other	Other	Other	Other	Other	Other	Other	Other	Other	Other	Other	Other	Other
OR952837.1_54_1253_1	1925	799	0.105617201	TRUE	5.576060301	385	5.5232517	124.8648649	Scotophilus_kuhlii_associated	ncbi	Bat	Bat	Scotophilus_kuhlii_associated	Scotophilus_kuhlii_associated	OR952837.1	Other	Other	Other	Other	Other	Other	Other	Other	Other	Other	Other	Other	Other	Other	Other	Other	Other	Other	Other	Other	Other	Other	Other	Other	Other	Other	Other	Other	Other	Other	Other	Other	Other	Other	Other	Other	Other	Other	Other	Other	Other	Other	Other	Other	Other	Other
OP748391.1_462_1661_1	1712	595	0.471731698	TRUE	6.037800582	592	5.801934733	192	Delphinapterus_leucas_associated	ncbi	Cetacean	Cetacean	Delphinapterus_leucas_associated	Delphinapterus_leucas_associated	OP748391.1	Other	Other	Other	Other	Other	Other	Other	Other	Other	Other	Other	Other	Other	Other	Other	Other	Other	Other	Other	Other	Other	Other	Other	Other	Other	Other	Other	Other	Other	Other	Other	Other	Other	Other	Other	Other	Other	Other	Other	Other	Other	Other	Other	Other	Other	Other
MH777328.2_123_1322_1	1476	341	0.154378996	TRUE	6.699770543	1025	6.622581045	332.4324324	Human_associated	ncbi	Human	Human	Human_associated	Human_associated	MH777328.2	Other	Other	Other	Other	Other	Other	Other	Other	Other	Other	Other	Other	Other	Other	Other	Other	Other	Other	Other	Other	Other	Other	Other	Other	Other	Other	Other	Other	Other	Other	Other	Other	Other	Other	Other	Other	Other	Other	Other	Other	Other	Other	Other	Other	Other	Other
MH777325.2_132_1331_1	1399	253	0.132496463	TRUE	6.980438481	1084	6.91419025	351.5675676	Human_associated	ncbi	Human	Human	Human_associated	Human_associated	MH777325.2	Other	Other	Other	Other	Other	Other	Other	Other	Other	Other	Other	Other	Other	Other	Other	Other	Other	Other	Other	Other	Other	Other	Other	Other	Other	Other	Other	Other	Other	Other	Other	Other	Other	Other	Other	Other	Other	Other	Other	Other	Other	Other	Other	Other	Other	Other
MH777356.2_96_1295_1	NA	NA	NA	NA	NA	NA	NA	NA	NA	NA	NA	NA	NA	NA	NA	NA	NA	NA	NA	NA	NA	NA	NA	NA	NA	NA	NA	NA	NA	NA	NA	NA	NA	NA	NA	NA	NA	NA	NA	NA	NA	NA	NA	NA	NA	NA	NA	NA	NA	NA	NA	NA	NA	NA	NA	NA	NA	NA	NA	NA	NA
MN148899.1_138_1337_1	1738	627	0.3269178	TRUE	5.758627746	643	5.595168846	208.5405405	Capra_hircus_associated	ncbi	Caprine	Other	Capra_hircus_associated	Capra_hircus_associated	MN148899.1	Other	Other	Other	Other	Other	Other	Other	Other	Other	Other	Other	Other	Other	Other	Other	Other	Other	Other	Other	Other	Other	Other	Other	Other	Other	Other	Other	Other	Other	Other	Other	Other	Other	Other	Other	Other	Other	Other	Other	Other	Other	Other	Other	Other	Other	Other
MH910493.1_117_1316_1	1807	674	0.21254618	TRUE	6.267352744	264	6.161079655	85.62162162	Leopardus_wiedii_associated	ncbi	Feline	Feline	Leopardus_wiedii_associated	Leopardus_wiedii_associated	MH910493.1	Other	Other	Other	Other	Other	Other	Other	Other	Other	Other	Other	Other	Other	Other	Other	Other	Other	Other	Other	Other	Other	Other	Other	Other	Other	Other	Other	Other	Other	Other	Other	Other	Other	Other	Other	Other	Other	Other	Other	Other	Other	Other	Other	Other	Other	Other
PP711994.1_153_1355_1	2063	944	0.541323426	TRUE	5.654393142	127	5.383731429	41.18918919	Eidolon_associated	ncbi	Bat	Bat	Eidolon_associated	Eidolon_associated	PP711994.1	Other	Other	Other	Other	Other	Other	Other	Other	Other	Other	Other	Other	Other	Other	Other	Other	Other	Other	Other	Other	Other	Other	Other	Other	Other	Other	Other	Other	Other	Other	Other	Other	Other	Other	Other	Other	Other	Other	Other	Other	Other	Other	Other	Other	Other	Other
MH777177.1_123_1325_1	1479	338	0.100293121	TRUE	6.932071399	1028	6.881924839	333.4054054	Human_associated	ncbi	Human	Human	Human_associated	Human_associated	MH777177.1	Other	Other	Other	Other	Other	Other	Other	Other	Other	Other	Other	Other	Other	Other	Other	Other	Other	Other	Other	Other	Other	Other	Other	Other	Other	Other	Other	Other	Other	Other	Other	Other	Other	Other	Other	Other	Other	Other	Other	Other	Other	Other	Other	Other	Other	Other
MH172376.1_198_1400_1	NA	NA	NA	NA	NA	NA	NA	NA	NA	NA	NA	NA	NA	NA	NA	NA	NA	NA	NA	NA	NA	NA	NA	NA	NA	NA	NA	NA	NA	NA	NA	NA	NA	NA	NA	NA	NA	NA	NA	NA	NA	NA	NA	NA	NA	NA	NA	NA	NA	NA	NA	NA	NA	NA	NA	NA	NA	NA	NA	NA	NA
MH777188.2_72_1274_1	NA	NA	NA	NA	NA	NA	NA	NA	NA	NA	NA	NA	NA	NA	NA	NA	NA	NA	NA	NA	NA	NA	NA	NA	NA	NA	NA	NA	NA	NA	NA	NA	NA	NA	NA	NA	NA	NA	NA	NA	NA	NA	NA	NA	NA	NA	NA	NA	NA	NA	NA	NA	NA	NA	NA	NA	NA	NA	NA	NA	NA
MH777268.2_72_1274_1	1331	189	0.159820621	TRUE	6.677895576	975	6.597985266	316.2162162	Human_associated	ncbi	Human	Human	Human_associated	Human_associated	MH777268.2	Other	Other	Other	Other	Other	Other	Other	Other	Other	Other	Other	Other	Other	Other	Other	Other	Other	Other	Other	Other	Other	Other	Other	Other	Other	Other	Other	Other	Other	Other	Other	Other	Other	Other	Other	Other	Other	Other	Other	Other	Other	Other	Other	Other	Other	Other
MH777219.2_87_1289_1	1486	347	0.142453621	TRUE	6.671137287	1009	6.599910476	327.2432432	Human_associated	ncbi	Human	Human	Human_associated	Human_associated	MH777219.2	Other	Other	Other	Other	Other	Other	Other	Other	Other	Other	Other	Other	Other	Other	Other	Other	Other	Other	Other	Other	Other	Other	Other	Other	Other	Other	Other	Other	Other	Other	Other	Other	Other	Other	Other	Other	Other	Other	Other	Other	Other	Other	Other	Other	Other	Other
MF588732.1_78_1280_1	1372	235	0.133275777	TRUE	6.445800722	920	6.379162834	298.3783784	Gammapapillomavirus	ncbi	Human	Human	Gammapapillomavirus	Human_associated	MF588732.1	Other	Other	Other	Other	Other	Other	Other	Other	Other	Other	Other	Other	Other	Other	Other	Other	Other	Other	Other	Other	Other	Other	Other	Other	Other	Other	Other	Other	Other	Other	Other	Other	Other	Other	Other	Other	Other	Other	Other	Other	Other	Other	Other	Other	Other	Other
EU410349.1_81_1283_1	NA	NA	NA	NA	NA	NA	NA	NA	NA	NA	NA	NA	NA	NA	NA	NA	NA	NA	NA	NA	NA	NA	NA	NA	NA	NA	NA	NA	NA	NA	NA	NA	NA	NA	NA	NA	NA	NA	NA	NA	NA	NA	NA	NA	NA	NA	NA	NA	NA	NA	NA	NA	NA	NA	NA	NA	NA	NA	NA	NA	NA
BK066751.1_81_1283_1	1830	702	0.24850988	TRUE	5.460488398	278	5.336233458	90.16216216	Sorex_associated	ncbi	Insectivore	Other	Sorex_associated	Sorex_associated	BK066751.1	Other	Other	Other	Other	Other	Other	Other	Other	Other	Other	Other	Other	Other	Other	Other	Other	Other	Other	Other	Other	Other	Other	Other	Other	Other	Other	Other	Other	Other	Other	Other	Other	Other	Other	Other	Other	Other	Other	Other	Other	Other	Other	Other	Other	Other	Other
JF966379.1_72_1274_1	1330	187	0.093471941	TRUE	6.775308079	979	6.728572108	317.5135135	Human_associated	ncbi	Human	Human	Human_associated	Human_associated	JF966379.1	Other	Other	Other	Other	Other	Other	Other	Other	Other	Other	Other	Other	Other	Other	Other	Other	Other	Other	Other	Other	Other	Other	Other	Other	Other	Other	Other	Other	Other	Other	Other	Other	Other	Other	Other	Other	Other	Other	Other	Other	Other	Other	Other	Other	Other	Other
MF588703.1_141_1343_1	1595	465	0.092778192	TRUE	5.753360499	831	5.706971403	269.5135135	Gammapapillomavirus	ncbi	Human	Human	Gammapapillomavirus	Human_associated	MF588703.1	Other	Other	Other	Other	Other	Other	Other	Other	Other	Other	Other	Other	Other	Other	Other	Other	Other	Other	Other	Other	Other	Other	Other	Other	Other	Other	Other	Other	Other	Other	Other	Other	Other	Other	Other	Other	Other	Other	Other	Other	Other	Other	Other	Other	Other	Other
JX885601.1_78_1280_1	1813	688	0.752006404	TRUE	5.751852507	272	5.375849305	88.21621622	Eidolon_helvum_associated	ncbi	Bat	Bat	Eidolon_helvum_associated	Eidolon_helvum_associated	JX885601.1	Other	Other	Other	Other	Other	Other	Other	Other	Other	Other	Other	Other	Other	Other	Other	Other	Other	Other	Other	Other	Other	Other	Other	Other	Other	Other	Other	Other	Other	Other	Other	Other	Other	Other	Other	Other	Other	Other	Other	Other	Other	Other	Other	Other	Other	Other
OR952860.1_132_1334_1	1908	782	0.094524771	TRUE	5.761877805	398	5.71461542	129.0810811	Myotis_ricketti_associated	ncbi	Bat	Bat	Myotis_ricketti_associated	Myotis_ricketti_associated	OR952860.1	Other	Other	Other	Other	Other	Other	Other	Other	Other	Other	Other	Other	Other	Other	Other	Other	Other	Other	Other	Other	Other	Other	Other	Other	Other	Other	Other	Other	Other	Other	Other	Other	Other	Other	Other	Other	Other	Other	Other	Other	Other	Other	Other	Other	Other	Other
OR952791.1_84_1286_1	1880	751	0.08868279	TRUE	5.864164574	429	5.819823179	139.1351351	Rhinolophus_pusillus_associated	ncbi	Bat	Bat	Rhinolophus_pusillus_associated	Rhinolophus_pusillus_associated	OR952791.1	Other	Other	Other	Other	Other	Other	Other	Other	Other	Other	Other	Other	Other	Other	Other	Other	Other	Other	Other	Other	Other	Other	Other	Other	Other	Other	Other	Other	Other	Other	Other	Other	Other	Other	Other	Other	Other	Other	Other	Other	Other	Other	Other	Other	Other	Other
OR952893.1_126_1328_1	1908	783	0.124084123	TRUE	5.791437157	399	5.729395095	129.4054054	Myotis_adversus_associated	ncbi	Bat	Bat	Myotis_adversus_associated	Myotis_adversus_associated	OR952893.1	Other	Other	Other	Other	Other	Other	Other	Other	Other	Other	Other	Other	Other	Other	Other	Other	Other	Other	Other	Other	Other	Other	Other	Other	Other	Other	Other	Other	Other	Other	Other	Other	Other	Other	Other	Other	Other	Other	Other	Other	Other	Other	Other	Other	Other	Other
OR952920.1_123_1325_1	1951	821	0.062018541	TRUE	5.6951475	333	5.664138229	108	Rhinolophus_associated	ncbi	Bat	Bat	Rhinolophus_associated	Rhinolophus_associated	OR952920.1	Other	Other	Other	Other	Other	Other	Other	Other	Other	Other	Other	Other	Other	Other	Other	Other	Other	Other	Other	Other	Other	Other	Other	Other	Other	Other	Other	Other	Other	Other	Other	Other	Other	Other	Other	Other	Other	Other	Other	Other	Other	Other	Other	Other	Other	Other
OR952915.1_123_1325_1	1951	822	0.150561872	TRUE	5.783690831	334	5.708409895	108.3243243	Rhinolophus_sinicus_associated	ncbi	Bat	Bat	Rhinolophus_sinicus_associated	Rhinolophus_sinicus_associated	OR952915.1	Other	Other	Other	Other	Other	Other	Other	Other	Other	Other	Other	Other	Other	Other	Other	Other	Other	Other	Other	Other	Other	Other	Other	Other	Other	Other	Other	Other	Other	Other	Other	Other	Other	Other	Other	Other	Other	Other	Other	Other	Other	Other	Other	Other	Other	Other
OP721228.1_162_1364_1	NA	NA	NA	NA	NA	NA	NA	NA	NA	NA	NA	NA	NA	NA	NA	NA	NA	NA	NA	NA	NA	NA	NA	NA	NA	NA	NA	NA	NA	NA	NA	NA	NA	NA	NA	NA	NA	NA	NA	NA	NA	NA	NA	NA	NA	NA	NA	NA	NA	NA	NA	NA	NA	NA	NA	NA	NA	NA	NA	NA	NA
MH777343.2_72_1274_1	1342	204	0.203070417	TRUE	6.36618053	963	6.264645322	312.3243243	Human_associated	ncbi	Human	Human	Human_associated	Human_associated	MH777343.2	Other	Other	Other	Other	Other	Other	Other	Other	Other	Other	Other	Other	Other	Other	Other	Other	Other	Other	Other	Other	Other	Other	Other	Other	Other	Other	Other	Other	Other	Other	Other	Other	Other	Other	Other	Other	Other	Other	Other	Other	Other	Other	Other	Other	Other	Other
MH777298.2_138_1340_1	1432	294	0.087763536	TRUE	6.358589832	1058	6.314708064	343.1351351	Human_associated	ncbi	Human	Human	Human_associated	Human_associated	MH777298.2	Other	Other	Other	Other	Other	Other	Other	Other	Other	Other	Other	Other	Other	Other	Other	Other	Other	Other	Other	Other	Other	Other	Other	Other	Other	Other	Other	Other	Other	Other	Other	Other	Other	Other	Other	Other	Other	Other	Other	Other	Other	Other	Other	Other	Other	Other
MH777357.2_72_1274_1	1331	190	0.151490865	TRUE	6.66956582	976	6.593820388	316.5405405	Human_associated	ncbi	Human	Human	Human_associated	Human_associated	MH777357.2	Other	Other	Other	Other	Other	Other	Other	Other	Other	Other	Other	Other	Other	Other	Other	Other	Other	Other	Other	Other	Other	Other	Other	Other	Other	Other	Other	Other	Other	Other	Other	Other	Other	Other	Other	Other	Other	Other	Other	Other	Other	Other	Other	Other	Other	Other
OL704825.1_126_1328_1	1847	722	0.381063352	TRUE	6.158659275	303	5.968127599	98.27027027	Eumops_bonariensis_associated	ncbi	Bat	Bat	Eumops_bonariensis_associated	Eumops_bonariensis_associated	OL704825.1	Other	Other	Other	Other	Other	Other	Other	Other	Other	Other	Other	Other	Other	Other	Other	Other	Other	Other	Other	Other	Other	Other	Other	Other	Other	Other	Other	Other	Other	Other	Other	Other	Other	Other	Other	Other	Other	Other	Other	Other	Other	Other	Other	Other	Other	Other
MH777378.1_99_1301_1	1367	228	0.17130624	TRUE	6.487045555	927	6.401392435	300.6486486	Human_associated	ncbi	Human	Human	Human_associated	Human_associated	MH777378.1	Other	Other	Other	Other	Other	Other	Other	Other	Other	Other	Other	Other	Other	Other	Other	Other	Other	Other	Other	Other	Other	Other	Other	Other	Other	Other	Other	Other	Other	Other	Other	Other	Other	Other	Other	Other	Other	Other	Other	Other	Other	Other	Other	Other	Other	Other
SRR22230827Score_659.072_	NA	NA	NA	NA	NA	NA	NA	NA	NA	NA	NA	NA	NA	NA	NA	NA	NA	NA	NA	NA	NA	NA	NA	NA	NA	NA	NA	NA	NA	NA	NA	NA	NA	NA	NA	NA	NA	NA	NA	NA	NA	NA	NA	NA	NA	NA	NA	NA	NA	NA	NA	NA	NA	NA	NA	NA	NA	NA	NA	NA	NA
ERR3974441Score_660.022_	NA	NA	NA	NA	NA	NA	NA	NA	NA	NA	NA	NA	NA	NA	NA	NA	NA	NA	NA	NA	NA	NA	NA	NA	NA	NA	NA	NA	NA	NA	NA	NA	NA	NA	NA	NA	NA	NA	NA	NA	NA	NA	NA	NA	NA	NA	NA	NA	NA	NA	NA	NA	NA	NA	NA	NA	NA	NA	NA	NA	NA
SRR13789499Score_657.447_	NA	NA	NA	NA	NA	NA	NA	NA	NA	NA	NA	NA	NA	NA	NA	NA	NA	NA	NA	NA	NA	NA	NA	NA	NA	NA	NA	NA	NA	NA	NA	NA	NA	NA	NA	NA	NA	NA	NA	NA	NA	NA	NA	NA	NA	NA	NA	NA	NA	NA	NA	NA	NA	NA	NA	NA	NA	NA	NA	NA	NA
SRR22234136Score_658.452_	NA	NA	NA	NA	NA	NA	NA	NA	NA	NA	NA	NA	NA	NA	NA	NA	NA	NA	NA	NA	NA	NA	NA	NA	NA	NA	NA	NA	NA	NA	NA	NA	NA	NA	NA	NA	NA	NA	NA	NA	NA	NA	NA	NA	NA	NA	NA	NA	NA	NA	NA	NA	NA	NA	NA	NA	NA	NA	NA	NA	NA
SRR6442991Score_657.274_	NA	NA	NA	NA	NA	NA	NA	NA	NA	NA	NA	NA	NA	NA	NA	NA	NA	NA	NA	NA	NA	NA	NA	NA	NA	NA	NA	NA	NA	NA	NA	NA	NA	NA	NA	NA	NA	NA	NA	NA	NA	NA	NA	NA	NA	NA	NA	NA	NA	NA	NA	NA	NA	NA	NA	NA	NA	NA	NA	NA	NA
SRR22230827Score_658.046_	NA	NA	NA	NA	NA	NA	NA	NA	NA	NA	NA	NA	NA	NA	NA	NA	NA	NA	NA	NA	NA	NA	NA	NA	NA	NA	NA	NA	NA	NA	NA	NA	NA	NA	NA	NA	NA	NA	NA	NA	NA	NA	NA	NA	NA	NA	NA	NA	NA	NA	NA	NA	NA	NA	NA	NA	NA	NA	NA	NA	NA
SRR13789591_29518_	NA	NA	NA	NA	NA	NA	NA	NA	NA	NA	NA	NA	NA	NA	NA	NA	NA	NA	NA	NA	NA	NA	NA	NA	NA	NA	NA	NA	NA	NA	NA	NA	NA	NA	NA	NA	NA	NA	NA	NA	NA	NA	NA	NA	NA	NA	NA	NA	NA	NA	NA	NA	NA	NA	NA	NA	NA	NA	NA	NA	NA
SRR14825200_3637_	NA	NA	NA	NA	NA	NA	NA	NA	NA	NA	NA	NA	NA	NA	NA	NA	NA	NA	NA	NA	NA	NA	NA	NA	NA	NA	NA	NA	NA	NA	NA	NA	NA	NA	NA	NA	NA	NA	NA	NA	NA	NA	NA	NA	NA	NA	NA	NA	NA	NA	NA	NA	NA	NA	NA	NA	NA	NA	NA	NA	NA
SRR13789197_116637_	1544	409	0.083947297	TRUE	6.054116149	875	6.012142501	283.7837838	Human_associated	novel	Human	Human	Human_associated	Human_associated	SRR13789197	2022-01-26 03:39:30	2021-02-26 09:00:38	7146293	2113164967	7146293	295	664		https://sra-downloadb.be-md.ncbi.nlm.nih.gov/sos1/sra-pub-zq-38/SRR013/13789/SRR13789197/SRR13789197.lite.1	SRX10174282	GER_CD_S24_V3_torso	WGS	RANDOM	METAGENOMIC	PAIRED	0	0	ILLUMINA	Illumina NovaSeq 6000	SRP306763	PRJNA699281		699281	SRS8323326	SAMN17617636	simple	256318	metagenome	GER_CD_S24_V3_torso							no					JACKSON LABORATORY FOR GENOMIC MEDICINE	SRA1196859		public	FBC2E1FFF0F00308DB754F0AAED77383	CFC8A4FD76DD0E1C6D035B0C40A9E0A4
SRR20730068_913814_	NA	NA	NA	NA	NA	NA	NA	NA	NA	NA	NA	NA	NA	NA	NA	NA	NA	NA	NA	NA	NA	NA	NA	NA	NA	NA	NA	NA	NA	NA	NA	NA	NA	NA	NA	NA	NA	NA	NA	NA	NA	NA	NA	NA	NA	NA	NA	NA	NA	NA	NA	NA	NA	NA	NA	NA	NA	NA	NA	NA	NA
SRR13726053_14966_	NA	NA	NA	NA	NA	NA	NA	NA	NA	NA	NA	NA	NA	NA	NA	NA	NA	NA	NA	NA	NA	NA	NA	NA	NA	NA	NA	NA	NA	NA	NA	NA	NA	NA	NA	NA	NA	NA	NA	NA	NA	NA	NA	NA	NA	NA	NA	NA	NA	NA	NA	NA	NA	NA	NA	NA	NA	NA	NA	NA	NA
ERR11836052Score_649.062_	NA	NA	NA	NA	NA	NA	NA	NA	NA	NA	NA	NA	NA	NA	NA	NA	NA	NA	NA	NA	NA	NA	NA	NA	NA	NA	NA	NA	NA	NA	NA	NA	NA	NA	NA	NA	NA	NA	NA	NA	NA	NA	NA	NA	NA	NA	NA	NA	NA	NA	NA	NA	NA	NA	NA	NA	NA	NA	NA	NA	NA
SRR7687902Score_667.427_	NA	NA	NA	NA	NA	NA	NA	NA	NA	NA	NA	NA	NA	NA	NA	NA	NA	NA	NA	NA	NA	NA	NA	NA	NA	NA	NA	NA	NA	NA	NA	NA	NA	NA	NA	NA	NA	NA	NA	NA	NA	NA	NA	NA	NA	NA	NA	NA	NA	NA	NA	NA	NA	NA	NA	NA	NA	NA	NA	NA	NA
SRR7992320Score_654.458_	NA	NA	NA	NA	NA	NA	NA	NA	NA	NA	NA	NA	NA	NA	NA	NA	NA	NA	NA	NA	NA	NA	NA	NA	NA	NA	NA	NA	NA	NA	NA	NA	NA	NA	NA	NA	NA	NA	NA	NA	NA	NA	NA	NA	NA	NA	NA	NA	NA	NA	NA	NA	NA	NA	NA	NA	NA	NA	NA	NA	NA
SRR7687746Score_662.419_	NA	NA	NA	NA	NA	NA	NA	NA	NA	NA	NA	NA	NA	NA	NA	NA	NA	NA	NA	NA	NA	NA	NA	NA	NA	NA	NA	NA	NA	NA	NA	NA	NA	NA	NA	NA	NA	NA	NA	NA	NA	NA	NA	NA	NA	NA	NA	NA	NA	NA	NA	NA	NA	NA	NA	NA	NA	NA	NA	NA	NA
SRR13726052_3951_	1389	245	2.9e-06	TRUE	6.569579963	1065	6.56957851	345.4054054	Human_associated	novel	Human	Human	Human_associated	Human_associated	SRR13726052	2022-01-26 03:39:16	2021-02-16 20:47:34	2088272	598631913	2088272	286	215		https://sra-downloadb.be-md.ncbi.nlm.nih.gov/sos9/sra-pub-zq-924/SRR013/13726/SRR13726052/SRR13726052.lite.1	SRX10113839	GER_SNF_F120_V3_back	WGS	RANDOM	METAGENOMIC	PAIRED	0	0	ILLUMINA	Illumina NovaSeq 6000	SRP306763	PRJNA699281		699281	SRS8269291	SAMN17618107	simple	256318	metagenome	GER_SNF_F120_V3_back							no					JACKSON LABORATORY FOR GENOMIC MEDICINE	SRA1196965		public	B6B82A54CE7CF16325885786F9F6B605	DCCBAFBF75085A80527CEB1C5269C874
DRR452111_551228_	2053	933	0.327184343	TRUE	5.896135498	179	5.732543327	58.05405405	Bovine_associated	novel	Bovine	Bovine	Bovine_associated	Bovine_associated	DRR452111	2023-03-24 13:08:59	2023-03-24 13:11:12	35014278	10574311956	35014278	302	4875		https://sra-downloadb.be-md.ncbi.nlm.nih.gov/sos4/sra-pub-zq-3/DRR000/452/DRR452111/DRR452111.lite.1	DRX437201		WGS	RANDOM PCR	METAGENOMIC	PAIRED	300	0	ILLUMINA	HiSeq X Ten	DRP009758	PRJDB15371		948569	DRS286233	SAMD00585416	simple	506599	bovine gut metagenome	SAMD00585416							no					UTSUNOMIYA	DRA015871		public	F77FE99560091428174F79623870D77C	4A35014519930D972F7E6F5105D6D0D1
SRR2565557_2007_	NA	NA	NA	NA	NA	NA	NA	NA	NA	NA	NA	NA	NA	NA	NA	NA	NA	NA	NA	NA	NA	NA	NA	NA	NA	NA	NA	NA	NA	NA	NA	NA	NA	NA	NA	NA	NA	NA	NA	NA	NA	NA	NA	NA	NA	NA	NA	NA	NA	NA	NA	NA	NA	NA	NA	NA	NA	NA	NA	NA	NA
SRR7802421_567_	NA	NA	NA	NA	NA	NA	NA	NA	NA	NA	NA	NA	NA	NA	NA	NA	NA	NA	NA	NA	NA	NA	NA	NA	NA	NA	NA	NA	NA	NA	NA	NA	NA	NA	NA	NA	NA	NA	NA	NA	NA	NA	NA	NA	NA	NA	NA	NA	NA	NA	NA	NA	NA	NA	NA	NA	NA	NA	NA	NA	NA
DRR472266Score_638.763_	NA	NA	NA	NA	NA	NA	NA	NA	NA	NA	NA	NA	NA	NA	NA	NA	NA	NA	NA	NA	NA	NA	NA	NA	NA	NA	NA	NA	NA	NA	NA	NA	NA	NA	NA	NA	NA	NA	NA	NA	NA	NA	NA	NA	NA	NA	NA	NA	NA	NA	NA	NA	NA	NA	NA	NA	NA	NA	NA	NA	NA
SRR13726053Score_662.082_	NA	NA	NA	NA	NA	NA	NA	NA	NA	NA	NA	NA	NA	NA	NA	NA	NA	NA	NA	NA	NA	NA	NA	NA	NA	NA	NA	NA	NA	NA	NA	NA	NA	NA	NA	NA	NA	NA	NA	NA	NA	NA	NA	NA	NA	NA	NA	NA	NA	NA	NA	NA	NA	NA	NA	NA	NA	NA	NA	NA	NA
ERR11213956_1223340_	1280	145	0.202903877	TRUE	6.213891224	791	6.112439285	256.5405405	Canis_familiaris_associated	novel	Canine	Canine	Canis_familiaris_associated	Canis_familiaris_associated	ERR11213956	2023-04-15 04:22:20	2023-07-26 10:36:36	415899176	123910385883	415899176	297	52546		https://sra-downloadb.be-md.ncbi.nlm.nih.gov/sos5/sra-pub-zq-14/ERR011/11213/ERR11213956/ERR11213956.lite.1	ERX10641004		WGS	RANDOM	GENOMIC	PAIRED	0	0	ILLUMINA	Illumina HiSeq X	ERP119159	PRJEB36029		724105	ERS4950221	SAMEA7189988	simple	9615	Canis lupus familiaris	LR_25242							no					THE KENNEL CLUB GENETICS CENTRE	ERA21801400		public	13A0DD58ECCFF287C9C2EFF0BE9D7B29	E70EEBA4A34B1B2ED0C66BC14202387C
SRR25648973_196396_	2142	1025	1.03e-06	TRUE	5.040083131	87	5.040082618	28.21621622	Falco_sparverius_associated	novel	Avian	Avian	Falco_sparverius_associated	Falco_sparverius_associated	SRR25648973	2023-08-15 18:32:39	2023-08-15 18:28:58	55145805	16543741500	55145805	300	5480		https://sra-downloadb.be-md.ncbi.nlm.nih.gov/sos5/sra-pub-zq-11/SRR025/25648/SRR25648973/SRR25648973.lite.1	SRX21375102	falco_sparverius_000	WGS	RANDOM	GENOMIC	PAIRED	0	0	ILLUMINA	HiSeq X Ten	SRP455241	PRJNA959111	3	959111	SRS18618194	SAMN36994626	simple	56350	Falco sparverius	Falco sparverius					missing		no					IRIDIAN GENOMES	SRA1693330		public	EAE588F81E03AA9767778AEBF9186C5F	BC78BF8C899E6183EB1C15A51525550B
SRR25663069_401327_	NA	NA	NA	NA	NA	NA	NA	NA	NA	NA	NA	NA	NA	NA	NA	NA	NA	NA	NA	NA	NA	NA	NA	NA	NA	NA	NA	NA	NA	NA	NA	NA	NA	NA	NA	NA	NA	NA	NA	NA	NA	NA	NA	NA	NA	NA	NA	NA	NA	NA	NA	NA	NA	NA	NA	NA	NA	NA	NA	NA	NA
SRR22230815Score_657.41_	NA	NA	NA	NA	NA	NA	NA	NA	NA	NA	NA	NA	NA	NA	NA	NA	NA	NA	NA	NA	NA	NA	NA	NA	NA	NA	NA	NA	NA	NA	NA	NA	NA	NA	NA	NA	NA	NA	NA	NA	NA	NA	NA	NA	NA	NA	NA	NA	NA	NA	NA	NA	NA	NA	NA	NA	NA	NA	NA	NA	NA
ERR10942642_120924_	1437	299	1.03e-06	TRUE	6.235403554	1056	6.235403041	342.4864865	Perodicticus_potto_associated	novel	Non-human Primate	Non-human Primate	Perodicticus_potto_associated	Perodicticus_potto_associated	ERR10942642	2023-09-16 16:08:54	2023-09-22 13:52:14	13417372	4052046344	13417372	302	1267		https://sra-downloadb.be-md.ncbi.nlm.nih.gov/sos8/sra-pub-zq-820/ERR010/10942/ERR10942642/ERR10942642.lite.1	ERX10381951	9682AB	WGS	RANDOM	GENOMIC	PAIRED	0	0	ILLUMINA	Illumina NovaSeq 6000	ERP144627	PRJEB59576		979529	ERS14600274	SAMEA112482923	simple	261737	Perodicticus potto ibeanus	SAMEA112482923							no					IBE(CSIC-UNIVERSITAT POMPEU FABRA)	ERA20725256		public	8E8D4C30319DD93793851483321E3917	61F57825AEEC4409B9B11767B2FE1723
SRR18483580_11128_	NA	NA	NA	NA	NA	NA	NA	NA	NA	NA	NA	NA	NA	NA	NA	NA	NA	NA	NA	NA	NA	NA	NA	NA	NA	NA	NA	NA	NA	NA	NA	NA	NA	NA	NA	NA	NA	NA	NA	NA	NA	NA	NA	NA	NA	NA	NA	NA	NA	NA	NA	NA	NA	NA	NA	NA	NA	NA	NA	NA	NA
ERR3209880Score_650.84_	NA	NA	NA	NA	NA	NA	NA	NA	NA	NA	NA	NA	NA	NA	NA	NA	NA	NA	NA	NA	NA	NA	NA	NA	NA	NA	NA	NA	NA	NA	NA	NA	NA	NA	NA	NA	NA	NA	NA	NA	NA	NA	NA	NA	NA	NA	NA	NA	NA	NA	NA	NA	NA	NA	NA	NA	NA	NA	NA	NA	NA
SRR13789172Score_645.947_	NA	NA	NA	NA	NA	NA	NA	NA	NA	NA	NA	NA	NA	NA	NA	NA	NA	NA	NA	NA	NA	NA	NA	NA	NA	NA	NA	NA	NA	NA	NA	NA	NA	NA	NA	NA	NA	NA	NA	NA	NA	NA	NA	NA	NA	NA	NA	NA	NA	NA	NA	NA	NA	NA	NA	NA	NA	NA	NA	NA	NA
SRR7875388Score_564.13_	NA	NA	NA	NA	NA	NA	NA	NA	NA	NA	NA	NA	NA	NA	NA	NA	NA	NA	NA	NA	NA	NA	NA	NA	NA	NA	NA	NA	NA	NA	NA	NA	NA	NA	NA	NA	NA	NA	NA	NA	NA	NA	NA	NA	NA	NA	NA	NA	NA	NA	NA	NA	NA	NA	NA	NA	NA	NA	NA	NA	NA
SRR13789903Score_656.822_	NA	NA	NA	NA	NA	NA	NA	NA	NA	NA	NA	NA	NA	NA	NA	NA	NA	NA	NA	NA	NA	NA	NA	NA	NA	NA	NA	NA	NA	NA	NA	NA	NA	NA	NA	NA	NA	NA	NA	NA	NA	NA	NA	NA	NA	NA	NA	NA	NA	NA	NA	NA	NA	NA	NA	NA	NA	NA	NA	NA	NA
SRR22071707_5453_	NA	NA	NA	NA	NA	NA	NA	NA	NA	NA	NA	NA	NA	NA	NA	NA	NA	NA	NA	NA	NA	NA	NA	NA	NA	NA	NA	NA	NA	NA	NA	NA	NA	NA	NA	NA	NA	NA	NA	NA	NA	NA	NA	NA	NA	NA	NA	NA	NA	NA	NA	NA	NA	NA	NA	NA	NA	NA	NA	NA	NA
SRR14864773_5097_	NA	NA	NA	NA	NA	NA	NA	NA	NA	NA	NA	NA	NA	NA	NA	NA	NA	NA	NA	NA	NA	NA	NA	NA	NA	NA	NA	NA	NA	NA	NA	NA	NA	NA	NA	NA	NA	NA	NA	NA	NA	NA	NA	NA	NA	NA	NA	NA	NA	NA	NA	NA	NA	NA	NA	NA	NA	NA	NA	NA	NA
SRR13789637_7649_	NA	NA	NA	NA	NA	NA	NA	NA	NA	NA	NA	NA	NA	NA	NA	NA	NA	NA	NA	NA	NA	NA	NA	NA	NA	NA	NA	NA	NA	NA	NA	NA	NA	NA	NA	NA	NA	NA	NA	NA	NA	NA	NA	NA	NA	NA	NA	NA	NA	NA	NA	NA	NA	NA	NA	NA	NA	NA	NA	NA	NA
ERR10824108Score_395.909_	2171	1055	0.012551802	TRUE	5.238115932	49	5.231840031	15.89189189	Gadus_morhua_associated	novel	Ray-finned Fish	Ray-finned Fish	Gadus_morhua_associated	Gadus_morhua_associated	ERR10824108	2023-02-10 02:12:54	2023-02-16 05:32:26	4902995	2461303490	4902995	502	1358		https://sra-downloadb.be-md.ncbi.nlm.nih.gov/sos4/sra-pub-zq-3/ERR010/10824/ERR10824108/ERR10824108.lite.1	ERX10269145	Smart ThruPlex library preparation for low-input samples	WGS	RANDOM	METAGENOMIC	PAIRED	0	0	ILLUMINA	Illumina MiSeq	ERP144281	PRJEB59225		933072	ERS14555454	SAMEA112445163	simple	8049	Gadus morhua	SAMEA112445163							no					"UNIVERSITY OF TROMSO	 NORWAY"	ERA20415599		public	5A5E410475033EDAF345A0A4032A22C9
ERR3974441Score_659.81_	NA	NA	NA	NA	NA	NA	NA	NA	NA	NA	NA	NA	NA	NA	NA	NA	NA	NA	NA	NA	NA	NA	NA	NA	NA	NA	NA	NA	NA	NA	NA	NA	NA	NA	NA	NA	NA	NA	NA	NA	NA	NA	NA	NA	NA	NA	NA	NA	NA	NA	NA	NA	NA	NA	NA	NA	NA	NA	NA	NA	NA
SRR14864804Score_434.172_	NA	NA	NA	NA	NA	NA	NA	NA	NA	NA	NA	NA	NA	NA	NA	NA	NA	NA	NA	NA	NA	NA	NA	NA	NA	NA	NA	NA	NA	NA	NA	NA	NA	NA	NA	NA	NA	NA	NA	NA	NA	NA	NA	NA	NA	NA	NA	NA	NA	NA	NA	NA	NA	NA	NA	NA	NA	NA	NA	NA	NA
SRR8379619Score_261.058_	NA	NA	NA	NA	NA	NA	NA	NA	NA	NA	NA	NA	NA	NA	NA	NA	NA	NA	NA	NA	NA	NA	NA	NA	NA	NA	NA	NA	NA	NA	NA	NA	NA	NA	NA	NA	NA	NA	NA	NA	NA	NA	NA	NA	NA	NA	NA	NA	NA	NA	NA	NA	NA	NA	NA	NA	NA	NA	NA	NA	NA
SRR15442811Score_609.173_	NA	NA	NA	NA	NA	NA	NA	NA	NA	NA	NA	NA	NA	NA	NA	NA	NA	NA	NA	NA	NA	NA	NA	NA	NA	NA	NA	NA	NA	NA	NA	NA	NA	NA	NA	NA	NA	NA	NA	NA	NA	NA	NA	NA	NA	NA	NA	NA	NA	NA	NA	NA	NA	NA	NA	NA	NA	NA	NA	NA	NA
SRR18483908_17643_	NA	NA	NA	NA	NA	NA	NA	NA	NA	NA	NA	NA	NA	NA	NA	NA	NA	NA	NA	NA	NA	NA	NA	NA	NA	NA	NA	NA	NA	NA	NA	NA	NA	NA	NA	NA	NA	NA	NA	NA	NA	NA	NA	NA	NA	NA	NA	NA	NA	NA	NA	NA	NA	NA	NA	NA	NA	NA	NA	NA	NA
SRR7688474Score_663.432_	NA	NA	NA	NA	NA	NA	NA	NA	NA	NA	NA	NA	NA	NA	NA	NA	NA	NA	NA	NA	NA	NA	NA	NA	NA	NA	NA	NA	NA	NA	NA	NA	NA	NA	NA	NA	NA	NA	NA	NA	NA	NA	NA	NA	NA	NA	NA	NA	NA	NA	NA	NA	NA	NA	NA	NA	NA	NA	NA	NA	NA
SRR22102846_7609_	NA	NA	NA	NA	NA	NA	NA	NA	NA	NA	NA	NA	NA	NA	NA	NA	NA	NA	NA	NA	NA	NA	NA	NA	NA	NA	NA	NA	NA	NA	NA	NA	NA	NA	NA	NA	NA	NA	NA	NA	NA	NA	NA	NA	NA	NA	NA	NA	NA	NA	NA	NA	NA	NA	NA	NA	NA	NA	NA	NA	NA
SRR24963196_44112_	NA	NA	NA	NA	NA	NA	NA	NA	NA	NA	NA	NA	NA	NA	NA	NA	NA	NA	NA	NA	NA	NA	NA	NA	NA	NA	NA	NA	NA	NA	NA	NA	NA	NA	NA	NA	NA	NA	NA	NA	NA	NA	NA	NA	NA	NA	NA	NA	NA	NA	NA	NA	NA	NA	NA	NA	NA	NA	NA	NA	NA
SRR14731653Score_259.03_	NA	NA	NA	NA	NA	NA	NA	NA	NA	NA	NA	NA	NA	NA	NA	NA	NA	NA	NA	NA	NA	NA	NA	NA	NA	NA	NA	NA	NA	NA	NA	NA	NA	NA	NA	NA	NA	NA	NA	NA	NA	NA	NA	NA	NA	NA	NA	NA	NA	NA	NA	NA	NA	NA	NA	NA	NA	NA	NA	NA	NA
DRR472588Score_654.766_	1205	71	0.129097546	TRUE	5.90799695	525	5.843448177	170.2702703	Human_associated	novel	Human	Human	Human_associated	Human_associated	DRR472588	2023-08-22 17:51:06	2023-09-17 01:50:55	43035760	19131333943	41265249	444	12166		https://sra-downloadb.be-md.ncbi.nlm.nih.gov/sos9/sra-pub-zq-922/DRR000/472/DRR472588/DRR472588.lite.1	DRX456817	lib694	Targeted-Capture	other	METAGENOMIC	PAIRED	200	0	ILLUMINA	Illumina HiSeq 2500	DRP010426	PRJDB15907	3	1008443	DRS320704	SAMD00613817	simple	256318	metagenome	SAMD00613817							no					NAGASAKI	DRA016362		public	6C3A873F670545B70431AD49ED380E28	8346139BCEF9C7632D9C2B57B0D0CD5A
SRR24955686_769205_	NA	NA	NA	NA	NA	NA	NA	NA	NA	NA	NA	NA	NA	NA	NA	NA	NA	NA	NA	NA	NA	NA	NA	NA	NA	NA	NA	NA	NA	NA	NA	NA	NA	NA	NA	NA	NA	NA	NA	NA	NA	NA	NA	NA	NA	NA	NA	NA	NA	NA	NA	NA	NA	NA	NA	NA	NA	NA	NA	NA	NA
ERR4982086_1856_	NA	NA	NA	NA	NA	NA	NA	NA	NA	NA	NA	NA	NA	NA	NA	NA	NA	NA	NA	NA	NA	NA	NA	NA	NA	NA	NA	NA	NA	NA	NA	NA	NA	NA	NA	NA	NA	NA	NA	NA	NA	NA	NA	NA	NA	NA	NA	NA	NA	NA	NA	NA	NA	NA	NA	NA	NA	NA	NA	NA	NA
ERR10188014Score_575.246_	2099	980	2.94e-06	TRUE	5.735956852	160	5.735955384	51.89189189	Bovine_associated	novel	Bovine	Bovine	Bovine_associated	Bovine_associated	ERR10188014	2022-11-01 00:31:17	2022-11-19 03:24:49	4024484	1002359963	4024484	249	334		https://sra-downloadb.be-md.ncbi.nlm.nih.gov/sos8/sra-pub-zq-818/ERR010/10188/ERR10188014/ERR10188014.lite.1	ERX9723603	dptc_132	OTHER	RANDOM	METAGENOMIC	PAIRED	0	0	ILLUMINA	NextSeq 2000	ERP140858	PRJEB55911		896071	ERS13450618	SAMEA111353082	simple	1616037	milk metagenome	SAMEA111353082							no					TEAGASC FOOD RESEARCH CENTRE	ERA17907509		public	C0E85962ED6D305EBBBC098679FEAA5A	B34EAA17FE7041D2B103F2BC6DD0E26F
SRR15442792_2125_	1783	661	1.03e-06	TRUE	4.957333377	454	4.957332864	147.2432432	Human_associated	novel	Human	Human	Human_associated	Human_associated	SRR15442792	2021-08-13 15:37:42	2021-08-13 14:31:06	21912869	6573860700	21912869	300	2562		https://sra-downloadb.be-md.ncbi.nlm.nih.gov/sos9/sra-pub-zq-924/SRR015/15442/SRR15442792/SRR15442792.lite.1	SRX11742248	20-SC-4	OTHER	MDA	METAGENOMIC	PAIRED	0	0	ILLUMINA	Illumina HiSeq 2500	SRP332442	PRJNA754140		754140	SRS9770617	SAMN20743857	simple	1070528	viral metagenome	HV_014_19							no					UNIVERSITY OF NEBRASKA LINCOLN	SRA1277252		public	FCBB51178D5E7424E75BB2597C16EEAB	790D7F1546A7E3E516FAEC0C14EEF58B
SRR15442811Score_613.127_	NA	NA	NA	NA	NA	NA	NA	NA	NA	NA	NA	NA	NA	NA	NA	NA	NA	NA	NA	NA	NA	NA	NA	NA	NA	NA	NA	NA	NA	NA	NA	NA	NA	NA	NA	NA	NA	NA	NA	NA	NA	NA	NA	NA	NA	NA	NA	NA	NA	NA	NA	NA	NA	NA	NA	NA	NA	NA	NA	NA	NA
SRR16611435_9052_	2109	992	0.455585501	TRUE	5.352433884	119	5.124641134	38.59459459	Peromyscus_maniculatus_associated	novel	Rodent	Rodent	Peromyscus_maniculatus_associated	Peromyscus_maniculatus_associated	SRR16611435	2022-01-01 03:02:50	2021-10-28 19:55:55	6733947	1683486750	6733947	250	545		https://sra-downloadb.be-md.ncbi.nlm.nih.gov/sos9/sra-pub-zq-924/SRR016/16611/SRR16611435/SRR16611435.lite.1	SRX12812543	SL269477	WXS	Hybrid Selection	GENOMIC	PAIRED	0	0	ILLUMINA	Illumina HiSeq 2500	SRP343619	PRJNA775971		775971	SRS10757927	SAMN22645120	simple	10042	Peromyscus maniculatus	SBI935					male		no					FORDHAM UNIVERSITY	SRA1319055		public	98E44D1AAB92FDDAA03DF86E6AC96C67	DFC24FE7E9B11C67DD752C7896115C0F
SRR25256564_207500_	NA	NA	NA	NA	NA	NA	NA	NA	NA	NA	NA	NA	NA	NA	NA	NA	NA	NA	NA	NA	NA	NA	NA	NA	NA	NA	NA	NA	NA	NA	NA	NA	NA	NA	NA	NA	NA	NA	NA	NA	NA	NA	NA	NA	NA	NA	NA	NA	NA	NA	NA	NA	NA	NA	NA	NA	NA	NA	NA	NA	NA
SRR6442963Score_662.329_	NA	NA	NA	NA	NA	NA	NA	NA	NA	NA	NA	NA	NA	NA	NA	NA	NA	NA	NA	NA	NA	NA	NA	NA	NA	NA	NA	NA	NA	NA	NA	NA	NA	NA	NA	NA	NA	NA	NA	NA	NA	NA	NA	NA	NA	NA	NA	NA	NA	NA	NA	NA	NA	NA	NA	NA	NA	NA	NA	NA	NA
SRR13789207_6091_	1371	233	0.060424382	TRUE	6.378248598	924	6.348036407	299.6756757	Human_associated	novel	Human	Human	Human_associated	Human_associated	SRR13789207	2022-01-26 03:39:29	2021-02-26 09:01:36	6615230	1950150340	6615230	294	593		https://sra-downloadb.be-md.ncbi.nlm.nih.gov/sos1/sra-pub-zq-38/SRR013/13789/SRR13789207/SRR13789207.lite.1	SRX10174272	GER_CD_S24_V3_back	WGS	RANDOM	METAGENOMIC	PAIRED	0	0	ILLUMINA	Illumina NovaSeq 6000	SRP306763	PRJNA699281		699281	SRS8323316	SAMN17617627	simple	256318	metagenome	GER_CD_S24_V3_back							no					JACKSON LABORATORY FOR GENOMIC MEDICINE	SRA1196859		public	03873BB8AB41EC129E169C5ED51A6299	5AB8FA8480F017241A55E0330C96A1FF
SRR7687707_10380_	1692	554	2.84e-06	TRUE	6.039252132	740	6.039250711	240	Human_associated	novel	Human	Human	Human_associated	Human_associated	SRR7687707	2018-10-12 00:16:21	2018-08-13 10:15:47	2131928	537245856	2131928	252	232		https://sra-downloadb.be-md.ncbi.nlm.nih.gov/sos5/sra-pub-zq-16/SRR007/687/SRR7687707.sralite.1	SRX4548171	AJD1168_1_L7965320	WGS	RANDOM	METAGENOMIC	PAIRED	500	50	ILLUMINA	Illumina HiSeq 2500	SRP157584	PRJNA471898	3	471898	SRS3665439	SAMN09715268	simple	539655	human skin metagenome	MET1080							no					NISC	SRA757488		public	FC3502BEF6ACAF2A32EAFE55F238067B	51E01340DA312B9C1BD8D5015FB1A32D
SRR7688748Score_666.857_	NA	NA	NA	NA	NA	NA	NA	NA	NA	NA	NA	NA	NA	NA	NA	NA	NA	NA	NA	NA	NA	NA	NA	NA	NA	NA	NA	NA	NA	NA	NA	NA	NA	NA	NA	NA	NA	NA	NA	NA	NA	NA	NA	NA	NA	NA	NA	NA	NA	NA	NA	NA	NA	NA	NA	NA	NA	NA	NA	NA	NA
SRR7688381Score_654.09_	NA	NA	NA	NA	NA	NA	NA	NA	NA	NA	NA	NA	NA	NA	NA	NA	NA	NA	NA	NA	NA	NA	NA	NA	NA	NA	NA	NA	NA	NA	NA	NA	NA	NA	NA	NA	NA	NA	NA	NA	NA	NA	NA	NA	NA	NA	NA	NA	NA	NA	NA	NA	NA	NA	NA	NA	NA	NA	NA	NA	NA
SRR7688385Score_668.711_	NA	NA	NA	NA	NA	NA	NA	NA	NA	NA	NA	NA	NA	NA	NA	NA	NA	NA	NA	NA	NA	NA	NA	NA	NA	NA	NA	NA	NA	NA	NA	NA	NA	NA	NA	NA	NA	NA	NA	NA	NA	NA	NA	NA	NA	NA	NA	NA	NA	NA	NA	NA	NA	NA	NA	NA	NA	NA	NA	NA	NA
ERR10447066_222141_	2033	914	0.228998672	TRUE	5.245321019	217	5.130821683	70.37837838	Canis_familiaris_associated	novel	Canine	Canine	Canis_familiaris_associated	Canis_familiaris_associated	ERR10447066	2023-02-01 04:16:38	2023-02-04 18:32:27	55278241	16606191249	55278241	300	7159		https://sra-downloadb.be-md.ncbi.nlm.nih.gov/sos4/sra-pub-zq-3/ERR010/10447/ERR10447066/ERR10447066.lite.1	ERX9971543		WGS	unspecified	GENOMIC	PAIRED	0	0	ILLUMINA	Illumina HiSeq 4000	ERP140708	PRJEB55788		929804	ERS13631277	SAMEA111521292	simple	494514	Vulpes lagopus	SAMEA111521292							no					STOCKHOLM UNIVERSITY	ERA18564721		public	0BAE8EDECA2E6CE7482BA268A8DC8EC2	4317556DB04319A2133DA6A2A53541C6
SRR23881954_91973_	NA	NA	NA	NA	NA	NA	NA	NA	NA	NA	NA	NA	NA	NA	NA	NA	NA	NA	NA	NA	NA	NA	NA	NA	NA	NA	NA	NA	NA	NA	NA	NA	NA	NA	NA	NA	NA	NA	NA	NA	NA	NA	NA	NA	NA	NA	NA	NA	NA	NA	NA	NA	NA	NA	NA	NA	NA	NA	NA	NA	NA
ERR10972965_850882_	1829	701	0.424597226	TRUE	5.503127304	277	5.290828691	89.83783784	Tarsius_dentatus_associated	novel	Non-human Primate	Non-human Primate	Tarsius_dentatus_associated	Tarsius_dentatus_associated	ERR10972965	2023-09-16 16:33:11	2023-09-23 18:22:31	770552077	232706727254	770552077	302	70057		https://sra-downloadb.be-md.ncbi.nlm.nih.gov/sos5/sra-pub-zq-16/ERR010/10972/ERR10972965/ERR10972965.lite.1	ERX10410088	2552AE	WGS	RANDOM	GENOMIC	PAIRED	0	0	ILLUMINA	Illumina NovaSeq 6000	ERP144627	PRJEB59576		979529	ERS14600391	SAMEA112483040	simple	449501	Tarsius dentatus	SAMEA112483040							no					IBE(CSIC-UNIVERSITAT POMPEU FABRA)	ERA20756252		public	3664057E233F1CD2F7D7A055C2AA3989	EFB59ADCA1C642F660878478F626BA52
SRR4332828Score_261.287_	NA	NA	NA	NA	NA	NA	NA	NA	NA	NA	NA	NA	NA	NA	NA	NA	NA	NA	NA	NA	NA	NA	NA	NA	NA	NA	NA	NA	NA	NA	NA	NA	NA	NA	NA	NA	NA	NA	NA	NA	NA	NA	NA	NA	NA	NA	NA	NA	NA	NA	NA	NA	NA	NA	NA	NA	NA	NA	NA	NA	NA
SRR7688429Score_644.752_	NA	NA	NA	NA	NA	NA	NA	NA	NA	NA	NA	NA	NA	NA	NA	NA	NA	NA	NA	NA	NA	NA	NA	NA	NA	NA	NA	NA	NA	NA	NA	NA	NA	NA	NA	NA	NA	NA	NA	NA	NA	NA	NA	NA	NA	NA	NA	NA	NA	NA	NA	NA	NA	NA	NA	NA	NA	NA	NA	NA	NA
SRR22682020_36006_	NA	NA	NA	NA	NA	NA	NA	NA	NA	NA	NA	NA	NA	NA	NA	NA	NA	NA	NA	NA	NA	NA	NA	NA	NA	NA	NA	NA	NA	NA	NA	NA	NA	NA	NA	NA	NA	NA	NA	NA	NA	NA	NA	NA	NA	NA	NA	NA	NA	NA	NA	NA	NA	NA	NA	NA	NA	NA	NA	NA	NA
SRR13789197_34606_	1500	362	0.024726926	TRUE	6.534590088	998	6.522226625	323.6756757	Human_associated	novel	Human	Human	Human_associated	Human_associated	SRR13789197	2022-01-26 03:39:30	2021-02-26 09:00:38	7146293	2113164967	7146293	295	664		https://sra-downloadb.be-md.ncbi.nlm.nih.gov/sos1/sra-pub-zq-38/SRR013/13789/SRR13789197/SRR13789197.lite.1	SRX10174282	GER_CD_S24_V3_torso	WGS	RANDOM	METAGENOMIC	PAIRED	0	0	ILLUMINA	Illumina NovaSeq 6000	SRP306763	PRJNA699281		699281	SRS8323326	SAMN17617636	simple	256318	metagenome	GER_CD_S24_V3_torso							no					JACKSON LABORATORY FOR GENOMIC MEDICINE	SRA1196859		public	FBC2E1FFF0F00308DB754F0AAED77383	CFC8A4FD76DD0E1C6D035B0C40A9E0A4
SRR13726042_335_	1566	435	0.09060622	TRUE	5.773166033	853	5.727862923	276.6486486	Human_associated	novel	Human	Human	Human_associated	Human_associated	SRR13726042	2022-01-26 03:39:16	2021-02-16 20:46:13	446460	121866561	446460	272	51		https://sra-downloadb.be-md.ncbi.nlm.nih.gov/sos9/sra-pub-zq-924/SRR013/13726/SRR13726042/SRR13726042.lite.1	SRX10113849	GER_SNF_F270_V3_back	WGS	RANDOM	METAGENOMIC	PAIRED	0	0	ILLUMINA	Illumina NovaSeq 6000	SRP306763	PRJNA699281		699281	SRS8269301	SAMN17618116	simple	256318	metagenome	GER_SNF_F270_V3_back							no					JACKSON LABORATORY FOR GENOMIC MEDICINE	SRA1196965		public	9CE26E6DC74D31E67ED477AD71D7FB58	EBED5EDD6B3B759A7D0F0A026531342E
ERR3209766_3734_	1391	246	0.007082537	TRUE	6.621270407	1067	6.617729138	346.0540541	Gammapapillomavirus	novel	Human	Human	Gammapapillomavirus	Human_associated	ERR3209766	2019-05-23 08:21:25	2019-05-23 09:19:59	8296848	1656941719	8296848	199	738		https://sra-downloadb.be-md.ncbi.nlm.nih.gov/sos9/sra-pub-zq-922/ERR003/209/ERR3209766.sralite.1	ERX3237377	unspecified	WGS	RANDOM	METAGENOMIC	PAIRED	400	0	ILLUMINA	Illumina HiSeq 2000	ERP114207	PRJEB31632		544455	ERS3215333	SAMEA5410025	simple	256318	metagenome	SAMEA5410025							no					GENOME INSTITRUTE OF SINGAPORE	ERA1759667		public	2B5BB7EBD233F37A1A7C9F483730963A	D3EEB06EBA84D183B8D907749D52032A
SRR13790114_171463_	NA	NA	NA	NA	NA	NA	NA	NA	NA	NA	NA	NA	NA	NA	NA	NA	NA	NA	NA	NA	NA	NA	NA	NA	NA	NA	NA	NA	NA	NA	NA	NA	NA	NA	NA	NA	NA	NA	NA	NA	NA	NA	NA	NA	NA	NA	NA	NA	NA	NA	NA	NA	NA	NA	NA	NA	NA	NA	NA	NA	NA
SRR24184641_16550_	NA	NA	NA	NA	NA	NA	NA	NA	NA	NA	NA	NA	NA	NA	NA	NA	NA	NA	NA	NA	NA	NA	NA	NA	NA	NA	NA	NA	NA	NA	NA	NA	NA	NA	NA	NA	NA	NA	NA	NA	NA	NA	NA	NA	NA	NA	NA	NA	NA	NA	NA	NA	NA	NA	NA	NA	NA	NA	NA	NA	NA
ERR1301474_1788_	1614	483	0.074326124	TRUE	5.481715962	801	5.4445529	259.7837838	Rat_associated	novel	Rodent	Rodent	Rat_associated	Rat_associated	ERR1301474	2016-03-11 23:01:48	2016-03-14 20:26:09	1750291	875145500	1750291	500	515		https://sra-downloadb.be-md.ncbi.nlm.nih.gov/sos5/sra-pub-zq-14/ERR001/301/ERR1301474.sralite.1	ERX1373133	14238598	WGS	RANDOM	GENOMIC	PAIRED	350	0	ILLUMINA	Illumina HiSeq 2500	ERP006046	PRJEB6505		261306	ERS1074859	SAMEA3887725	simple	1070528	viral metagenome	SAMEA3887725							no					THE WELLCOME TRUST SANGER INSTITUTE	ERA570243		public	6DE815D42AFE6F4065AFE8C8E7D368AB	6FC4576821D58AC6263C576B624C3814
DRR472369Score_629.744_	NA	NA	NA	NA	NA	NA	NA	NA	NA	NA	NA	NA	NA	NA	NA	NA	NA	NA	NA	NA	NA	NA	NA	NA	NA	NA	NA	NA	NA	NA	NA	NA	NA	NA	NA	NA	NA	NA	NA	NA	NA	NA	NA	NA	NA	NA	NA	NA	NA	NA	NA	NA	NA	NA	NA	NA	NA	NA	NA	NA	NA
SRR21604199Score_639.301_	NA	NA	NA	NA	NA	NA	NA	NA	NA	NA	NA	NA	NA	NA	NA	NA	NA	NA	NA	NA	NA	NA	NA	NA	NA	NA	NA	NA	NA	NA	NA	NA	NA	NA	NA	NA	NA	NA	NA	NA	NA	NA	NA	NA	NA	NA	NA	NA	NA	NA	NA	NA	NA	NA	NA	NA	NA	NA	NA	NA	NA
ERR11028317Score_609.68_	1345	206	0.123271091	TRUE	6.528750321	936	6.467114776	303.5675676	Gorilla_gorilla_associated	novel	Non-human Primate	Non-human Primate	Gorilla_gorilla_associated	Gorilla_gorilla_associated	ERR11028317	2023-03-21 05:49:00	2023-07-18 13:11:23	151246835	24426042015	0	161	7913		https://sra-downloadb.be-md.ncbi.nlm.nih.gov/sos8/sra-pub-zq-820/ERR011/11028/ERR11028317/ERR11028317.lite.1	ERX10464326	L1448A1	WGS	RANDOM	GENOMIC	SINGLE	0	0	ILLUMINA	Illumina NovaSeq 6000	ERP145526	PRJEB60463		947037	ERS14773384	SAMEA112772585	simple	9595	Gorilla gorilla gorilla	SAMEA112772585							no					IBE-UPF	ERA20851312		public	D4B15C93057D366AE43133D01E7AA32F	ECB3747E6204C2972281E6D9A3F261EE
SRR21973340_110897_	NA	NA	NA	NA	NA	NA	NA	NA	NA	NA	NA	NA	NA	NA	NA	NA	NA	NA	NA	NA	NA	NA	NA	NA	NA	NA	NA	NA	NA	NA	NA	NA	NA	NA	NA	NA	NA	NA	NA	NA	NA	NA	NA	NA	NA	NA	NA	NA	NA	NA	NA	NA	NA	NA	NA	NA	NA	NA	NA	NA	NA
SRR26848472Score_648.956_	NA	NA	NA	NA	NA	NA	NA	NA	NA	NA	NA	NA	NA	NA	NA	NA	NA	NA	NA	NA	NA	NA	NA	NA	NA	NA	NA	NA	NA	NA	NA	NA	NA	NA	NA	NA	NA	NA	NA	NA	NA	NA	NA	NA	NA	NA	NA	NA	NA	NA	NA	NA	NA	NA	NA	NA	NA	NA	NA	NA	NA
SRR7688519Score_626.948_	1401	258	0.119175983	TRUE	6.828964592	1076	6.7693766	348.972973	Human_associated	novel	Human	Human	Human_associated	Human_associated	SRR7688519	2018-10-12 00:16:25	2018-08-13 12:23:35	61836	15582672	61836	252	6		https://sra-downloadb.be-md.ncbi.nlm.nih.gov/sos5/sra-pub-zq-14/SRR007/688/SRR7688519.sralite.1	SRX4548764	APP0147_1_L13270544	WGS	RANDOM	METAGENOMIC	PAIRED	500	50	ILLUMINA	Illumina HiSeq 2500	SRP157584	PRJNA471898	3	471898	SRS3666027	SAMN09715333	simple	539655	human skin metagenome	MET1838							no					NISC	SRA757708		public	4DF9ED311A30E745E41C3FF9481EAA47	8E651AFA49F6EA2CB19AC829323DAD7E
SRR14731645_254385_	2216	1103	0.315327395	TRUE	2.916029722	17	2.758366024	5.513513514	Ptychadena_neumanni_associated	novel	Amphibian	Amphibian	Ptychadena_neumanni_associated	Ptychadena_neumanni_associated	SRR14731645	2022-08-01 00:01:48	2021-06-05 08:52:18	189205481	38033041760	189205481	201	19157		https://sra-downloadb.be-md.ncbi.nlm.nih.gov/sos9/sra-pub-zq-924/SRR014/14731/SRR14731645/SRR14731645.lite.1	SRX11068665	15-173	WGS	RANDOM	GENOMIC	PAIRED	0	0	ILLUMINA	Illumina HiSeq 2500	SRP322729	PRJNA731309		731309	SRS9135109	SAMN19473532	simple	1342835	Ptychadena neumanni	15-173					male		no					NEW YORK UNIVERSITY ABU DHABI	SRA1240685		public	54DEB65711A2B75BDE5932E79DA728A5	F1B36451F97F2A4A24B5CA50E65DDDD8
SRR24905859_18489_	NA	NA	NA	NA	NA	NA	NA	NA	NA	NA	NA	NA	NA	NA	NA	NA	NA	NA	NA	NA	NA	NA	NA	NA	NA	NA	NA	NA	NA	NA	NA	NA	NA	NA	NA	NA	NA	NA	NA	NA	NA	NA	NA	NA	NA	NA	NA	NA	NA	NA	NA	NA	NA	NA	NA	NA	NA	NA	NA	NA	NA
ERR3209762Score_643.914_	NA	NA	NA	NA	NA	NA	NA	NA	NA	NA	NA	NA	NA	NA	NA	NA	NA	NA	NA	NA	NA	NA	NA	NA	NA	NA	NA	NA	NA	NA	NA	NA	NA	NA	NA	NA	NA	NA	NA	NA	NA	NA	NA	NA	NA	NA	NA	NA	NA	NA	NA	NA	NA	NA	NA	NA	NA	NA	NA	NA	NA
SRR24955661_163566_	2108	989	0.485766366	TRUE	5.914825783	132	5.6719426	42.81081081	Bovine_associated	novel	Bovine	Bovine	Bovine_associated	Bovine_associated	SRR24955661	2023-07-10 00:11:06	2023-06-18 01:52:43	40190261	12137458822	40190261	302	3803		https://sra-downloadb.be-md.ncbi.nlm.nih.gov/sos5/sra-pub-zq-11/SRR024/24955/SRR24955661/SRR24955661.lite.1	SRX20713844	USDA883	WGS	RANDOM	METAGENOMIC	PAIRED	0	0	ILLUMINA	Illumina NovaSeq 6000	SRP444541	PRJNA984925		984925	SRS18006000	SAMN35784112	simple	1218275	bovine metagenome	USDA883							no					UNIVERSITY OF MINNESOTA	SRA1657788		public	328DA233EA6657A4229C3A1CB30FE311	F58139E302A88576B94A79D8193D69AC
SRR25790691_65511_	NA	NA	NA	NA	NA	NA	NA	NA	NA	NA	NA	NA	NA	NA	NA	NA	NA	NA	NA	NA	NA	NA	NA	NA	NA	NA	NA	NA	NA	NA	NA	NA	NA	NA	NA	NA	NA	NA	NA	NA	NA	NA	NA	NA	NA	NA	NA	NA	NA	NA	NA	NA	NA	NA	NA	NA	NA	NA	NA	NA	NA
SRR26349144_512_	2178	1063	0.179987733	TRUE	5.216996979	58	5.127003113	18.81081081	Cyclopterus_lumpus_associated	novel	Ray-finned Fish	Ray-finned Fish	Cyclopterus_lumpus_associated	Cyclopterus_lumpus_associated	SRR26349144	2023-10-12 00:15:28	2023-10-11 23:57:08	170839307	34509540014	170839307	202	10290		https://sra-downloadb.be-md.ncbi.nlm.nih.gov/sos1/sra-pub-zq-38/SRR026/26349/SRR26349144/SRR26349144.lite.1	SRX22056800	Infected-Head kidney-1	RNA-Seq	PCR	TRANSCRIPTOMIC	PAIRED	0	0	ILLUMINA	Illumina NovaSeq 6000	SRP465648	PRJNA1023856		1023856	SRS19126908	SAMN37674716	simple	8103	Cyclopterus lumpus	Infected_head kidney_1					not applicable		no					MEMORIAL UNIVERSITY	SRA1728342		public	88EC7A3BEAF155B06242A5BBDA9FF4B6	084AA2AD75FE88C3F487B9C9266B52F2
SRR7993544Score_630.562_	1680	546	0.127139759	TRUE	5.671400761	724	5.607830882	234.8108108	Human_associated	novel	Human	Human	Human_associated	Human_associated	SRR7993544	2018-10-12 00:16:38	2018-10-10 12:29:35	390579	98425908	390579	252	46		https://sra-downloadb.be-md.ncbi.nlm.nih.gov/sos5/sra-pub-zq-16/SRR007/993/SRR7993544.sralite.1	SRX4824489	ASF3495_1_L15343853	WGS	RANDOM	METAGENOMIC	PAIRED	500	50	ILLUMINA	Illumina HiSeq 2500	SRP157584	PRJNA471898	3	471898	SRS3898186	SAMN10173433	simple	539655	human skin metagenome	VRNA_272							no					NISC	SRA791781		public	E0F2FBB0E4CC7FF1DC321306CAD7B51D	FD3D2734C920BE7C5856EC1E368D4D85
ERR10188083_7788_	2106	985	0.178906992	TRUE	6.106209882	140	6.016756386	45.40540541	Bovine_associated	novel	Bovine	Bovine	Bovine_associated	Bovine_associated	ERR10188083	2022-11-01 00:31:18	2022-11-19 03:24:35	2789716	773230303	2789716	277	256		https://sra-downloadb.be-md.ncbi.nlm.nih.gov/sos8/sra-pub-zq-818/ERR010/10188/ERR10188083/ERR10188083.lite.1	ERX9723672	dptc_201	OTHER	RANDOM	METAGENOMIC	PAIRED	0	0	ILLUMINA	NextSeq 2000	ERP140858	PRJEB55911		896071	ERS13450695	SAMEA111353159	simple	1616037	milk metagenome	SAMEA111353159							no					TEAGASC FOOD RESEARCH CENTRE	ERA17907509		public	9EB1694721692C32ACBE5660DAB65F59	6A3419494433159EA343329F12612D71
SRR13789163_78297_	NA	NA	NA	NA	NA	NA	NA	NA	NA	NA	NA	NA	NA	NA	NA	NA	NA	NA	NA	NA	NA	NA	NA	NA	NA	NA	NA	NA	NA	NA	NA	NA	NA	NA	NA	NA	NA	NA	NA	NA	NA	NA	NA	NA	NA	NA	NA	NA	NA	NA	NA	NA	NA	NA	NA	NA	NA	NA	NA	NA	NA
SRR14731645_238372_	2215	1102	0.592396931	TRUE	3.123783866	16	2.827585401	5.189189189	Ptychadena_neumanni_associated	novel	Amphibian	Amphibian	Ptychadena_neumanni_associated	Ptychadena_neumanni_associated	SRR14731645	2022-08-01 00:01:48	2021-06-05 08:52:18	189205481	38033041760	189205481	201	19157		https://sra-downloadb.be-md.ncbi.nlm.nih.gov/sos9/sra-pub-zq-924/SRR014/14731/SRR14731645/SRR14731645.lite.1	SRX11068665	15-173	WGS	RANDOM	GENOMIC	PAIRED	0	0	ILLUMINA	Illumina HiSeq 2500	SRP322729	PRJNA731309		731309	SRS9135109	SAMN19473532	simple	1342835	Ptychadena neumanni	15-173					male		no					NEW YORK UNIVERSITY ABU DHABI	SRA1240685		public	54DEB65711A2B75BDE5932E79DA728A5	F1B36451F97F2A4A24B5CA50E65DDDD8
SRR27078480_4094_	NA	NA	NA	NA	NA	NA	NA	NA	NA	NA	NA	NA	NA	NA	NA	NA	NA	NA	NA	NA	NA	NA	NA	NA	NA	NA	NA	NA	NA	NA	NA	NA	NA	NA	NA	NA	NA	NA	NA	NA	NA	NA	NA	NA	NA	NA	NA	NA	NA	NA	NA	NA	NA	NA	NA	NA	NA	NA	NA	NA	NA
SRR20730070_355699_	NA	NA	NA	NA	NA	NA	NA	NA	NA	NA	NA	NA	NA	NA	NA	NA	NA	NA	NA	NA	NA	NA	NA	NA	NA	NA	NA	NA	NA	NA	NA	NA	NA	NA	NA	NA	NA	NA	NA	NA	NA	NA	NA	NA	NA	NA	NA	NA	NA	NA	NA	NA	NA	NA	NA	NA	NA	NA	NA	NA	NA
SRR17035106_3316_	2086	969	0.459679329	TRUE	5.770052174	156	5.540212509	50.59459459	Cervus_nippon_associated	novel	Cervine	Cervine	Cervus_nippon_associated	Cervus_nippon_associated	SRR17035106	2022-12-01 00:01:39	2021-11-24 21:49:42	26711192	8013357600	26711192	300	2618		https://sra-downloadb.be-md.ncbi.nlm.nih.gov/sos9/sra-pub-zq-922/SRR017/17035/SRR17035106/SRR17035106.lite.1	SRX13225033	JIE1	WGS	RANDOM	METAGENOMIC	PAIRED	0	0	ILLUMINA	Illumina NovaSeq 6000	SRP347777	PRJNA779578		779578	SRS11150442	SAMN22814842	simple	749906	gut metagenome	JIE1							no					JILIN AGRICULTURAL UNIVERSITY	SRA1328984		public	0B8DF5AA441A5670793F111C844D79E3	7202B7D213F063AD375AC669E7BD132B
SRR17035102_23469_	1727	602	0.176743834	TRUE	5.581862402	607	5.493490485	196.8648649	Cervus_nippon_associated	novel	Cervine	Cervine	Cervus_nippon_associated	Cervus_nippon_associated	SRR17035102	2022-12-01 00:01:39	2021-11-24 21:51:12	24063405	7219021500	24063405	300	2492		https://sra-downloadb.be-md.ncbi.nlm.nih.gov/sos9/sra-pub-zq-922/SRR017/17035/SRR17035102/SRR17035102.lite.1	SRX13225037	JIE5	WGS	RANDOM	METAGENOMIC	PAIRED	0	0	ILLUMINA	Illumina NovaSeq 6000	SRP347777	PRJNA779578		779578	SRS11150446	SAMN22814846	simple	749906	gut metagenome	JIE5							no					JILIN AGRICULTURAL UNIVERSITY	SRA1328984		public	F8C2F75734A4FAF95810FBCAD4437AB5	120644795CF5872FB3470605F8061A0D
SRR7802420_28_	NA	NA	NA	NA	NA	NA	NA	NA	NA	NA	NA	NA	NA	NA	NA	NA	NA	NA	NA	NA	NA	NA	NA	NA	NA	NA	NA	NA	NA	NA	NA	NA	NA	NA	NA	NA	NA	NA	NA	NA	NA	NA	NA	NA	NA	NA	NA	NA	NA	NA	NA	NA	NA	NA	NA	NA	NA	NA	NA	NA	NA
DRR336006_14876_	1198	64	1.03e-06	TRUE	5.618215663	534	5.61821515	173.1891892	Alphapapillomavirus	novel	Human	Human	Alphapapillomavirus	Human_associated	DRR336006	2021-12-24 21:17:00	2021-12-24 21:23:52	29872901	4510808051	0	151	2069		https://sra-downloadb.be-md.ncbi.nlm.nih.gov/sos9/sra-pub-zq-924/DRR000/336/DRR336006/DRR336006.lite.1	DRX325002	BmoMH_5_g317	RNA-Seq	Oligo-dT	TRANSCRIPTOMIC	SINGLE	0	0	ILLUMINA	HiSeq X Ten	DRP008006	PRJDB12787		792352	DRS217609	SAMD00434254	simple	7091	Bombyx mori	SAMD00434254							no					KYUSHU	DRA013251		public	B0886852E697E82F5DCC53206B16C4C4	0BD358EAC9E0E3B2F93A855694E9893E
SRR7688803Score_653.516_	NA	NA	NA	NA	NA	NA	NA	NA	NA	NA	NA	NA	NA	NA	NA	NA	NA	NA	NA	NA	NA	NA	NA	NA	NA	NA	NA	NA	NA	NA	NA	NA	NA	NA	NA	NA	NA	NA	NA	NA	NA	NA	NA	NA	NA	NA	NA	NA	NA	NA	NA	NA	NA	NA	NA	NA	NA	NA	NA	NA	NA
SRR24963196_123050_	1730	605	0.301493304	TRUE	5.763119145	611	5.612372493	198.1621622	Bovine_associated	novel	Bovine	Bovine	Bovine_associated	Bovine_associated	SRR24963196	2023-07-10 00:11:20	2023-06-19 22:32:45	25101290	7580589580	25101290	302	2377		https://sra-downloadb.be-md.ncbi.nlm.nih.gov/sos5/sra-pub-zq-11/SRR024/24963/SRR24963196/SRR24963196.lite.1	SRX20721293	USDA869	WGS	RANDOM	METAGENOMIC	PAIRED	0	0	ILLUMINA	Illumina NovaSeq 6000	SRP444541	PRJNA984925		984925	SRS18012652	SAMN35783477	simple	1218275	bovine metagenome	USDA869							no					UNIVERSITY OF MINNESOTA	SRA1658220		public	14BE1EDFAFD25101E9602051B69399DD	9B99BAC7EBF8C1EE993FC8862BAB22F7
DRR472567Score_621.43_	1170	34	0.258683189	TRUE	6.307752017	576	6.178410423	186.8108108	Human_associated	novel	Human	Human	Human_associated	Human_associated	DRR472567	2023-08-22 17:51:06	2023-09-17 01:07:26	78730	35633286	74036	452	21		https://sra-downloadb.be-md.ncbi.nlm.nih.gov/sos9/sra-pub-zq-922/DRR000/472/DRR472567/DRR472567.lite.1	DRX456796	lib656	Targeted-Capture	other	METAGENOMIC	PAIRED	200	0	ILLUMINA	Illumina HiSeq 2500	DRP010426	PRJDB15907	3	1008443	DRS320683	SAMD00613796	simple	256318	metagenome	SAMD00613796							no					NAGASAKI	DRA016362		public	E864E8D163FFBF66749A8F4C751AC131	2A7EF0583162F87D2DE112E726AA33FC
SRR7802421Score_642.46_	NA	NA	NA	NA	NA	NA	NA	NA	NA	NA	NA	NA	NA	NA	NA	NA	NA	NA	NA	NA	NA	NA	NA	NA	NA	NA	NA	NA	NA	NA	NA	NA	NA	NA	NA	NA	NA	NA	NA	NA	NA	NA	NA	NA	NA	NA	NA	NA	NA	NA	NA	NA	NA	NA	NA	NA	NA	NA	NA	NA	NA
SRR13790117_6058_	1412	269	0.052696294	TRUE	6.724548235	1090	6.698200088	353.5135135	Human_associated	novel	Human	Human	Human_associated	Human_associated	SRR13790117	2022-01-26 03:39:45	2021-02-26 10:07:23	8385774	2505618288	8385774	298	844		https://sra-downloadb.be-md.ncbi.nlm.nih.gov/sos4/sra-pub-zq-1/SRR013/13790/SRR13790117/SRR13790117.lite.1	SRX10174953	GER_CD_S76_V1_Af	WGS	RANDOM	METAGENOMIC	PAIRED	0	0	ILLUMINA	Illumina NovaSeq 6000	SRP306763	PRJNA699281		699281	SRS8323940	SAMN17617214	simple	256318	metagenome	GER_CD_S76_V1_Af							no					JACKSON LABORATORY FOR GENOMIC MEDICINE	SRA1196859		public	67261FD1A073C3AC48F573D72E825B91	0365E1BF1482BE2E75D2359CEC6FB86D
SRR13726009_1337_	NA	NA	NA	NA	NA	NA	NA	NA	NA	NA	NA	NA	NA	NA	NA	NA	NA	NA	NA	NA	NA	NA	NA	NA	NA	NA	NA	NA	NA	NA	NA	NA	NA	NA	NA	NA	NA	NA	NA	NA	NA	NA	NA	NA	NA	NA	NA	NA	NA	NA	NA	NA	NA	NA	NA	NA	NA	NA	NA	NA	NA
SRR13790050_29320_	NA	NA	NA	NA	NA	NA	NA	NA	NA	NA	NA	NA	NA	NA	NA	NA	NA	NA	NA	NA	NA	NA	NA	NA	NA	NA	NA	NA	NA	NA	NA	NA	NA	NA	NA	NA	NA	NA	NA	NA	NA	NA	NA	NA	NA	NA	NA	NA	NA	NA	NA	NA	NA	NA	NA	NA	NA	NA	NA	NA	NA
ERR1301851_4027_	1985	857	0.093172974	TRUE	5.848275523	357	5.801689036	115.7837838	Bat_associated	novel	Bat	Bat	Bat_associated	Bat_associated	ERR1301851	2016-03-11 23:02:36	2016-03-14 20:17:22	1331322	665661000	1331322	500	349		https://sra-downloadb.be-md.ncbi.nlm.nih.gov/sos5/sra-pub-zq-14/ERR001/301/ERR1301851.sralite.1	ERX1373510	14323203	WGS	RANDOM	GENOMIC	PAIRED	350	0	ILLUMINA	Illumina HiSeq 2500	ERP006046	PRJEB6505		261306	ERS1074939	SAMEA3887805	simple	1070528	viral metagenome	SAMEA3887805							no					THE WELLCOME TRUST SANGER INSTITUTE	ERA570243		public	AD002FEFBBC430EFD7B21154BEE0756B	8CD21A1A574C326ADEB018D89B000C69
SRR19430196_31104_	2217	1106	0.045706676	TRUE	2.700887081	15	2.678033743	4.864864865	Ptychadena_beka_associated	novel	Amphibian	Amphibian	Ptychadena_beka_associated	Ptychadena_beka_associated	SRR19430196	2023-06-14 14:45:51	2022-05-27 11:27:18	15330021	4629666342	15330021	302	1421		https://sra-downloadb.be-md.ncbi.nlm.nih.gov/sos1/sra-pub-zq-38/SRR019/19430/SRR19430196/SRR19430196.lite.1	SRX15483646	WGS_SB617_low	WGS	unspecified	GENOMIC	PAIRED	0	0	ILLUMINA	Illumina NovaSeq 6000	SRP377408	PRJNA841472	3	841472	SRS13199418	SAMN28596802	simple	2842115	Ptychadena beka	SB617							no					NEW YORK UNIVERSITY ABU DHABI	SRA1427913		public	29FA97B3C7956830371D17DC03E7304C	5211E837439965BCA003446B67C0720B
SRR22230817Score_647.428_	NA	NA	NA	NA	NA	NA	NA	NA	NA	NA	NA	NA	NA	NA	NA	NA	NA	NA	NA	NA	NA	NA	NA	NA	NA	NA	NA	NA	NA	NA	NA	NA	NA	NA	NA	NA	NA	NA	NA	NA	NA	NA	NA	NA	NA	NA	NA	NA	NA	NA	NA	NA	NA	NA	NA	NA	NA	NA	NA	NA	NA
SRR5384553_885_	1998	875	0.255002939	TRUE	5.119972817	227	4.992471347	73.62162162	Orientallactaga_sibirica_associated	novel	Rodent	Rodent	Orientallactaga_sibirica_associated	Orientallactaga_sibirica_associated	SRR5384553	2017-03-29 09:26:06	2017-03-29 09:23:42	12448410	1257289410	0	101	684		https://sra-downloadb.be-md.ncbi.nlm.nih.gov/sos5/sra-pub-zq-14/SRR005/384/SRR5384553.sralite.1	SRX2679579	20140714LANE4	OTHER	RANDOM PCR	VIRAL RNA	SINGLE	0	0	ILLUMINA	Illumina HiSeq 2500	SRP101310	PRJNA375958		375958	SRS2077120	SAMN06477823	simple	1521111	rodent metagenome	20140714LANE4							no					"INSTITUTE OF PATHOGEN BIOLOGY	 CHINESE ACADEMY OF MEDICAL SCIENCES & PEKING UNION MEDICAL COLLEGE"	SRA550027		public	DA0439CDFA6874915DA2E59318B9888F
SRR25288751_111423_	NA	NA	NA	NA	NA	NA	NA	NA	NA	NA	NA	NA	NA	NA	NA	NA	NA	NA	NA	NA	NA	NA	NA	NA	NA	NA	NA	NA	NA	NA	NA	NA	NA	NA	NA	NA	NA	NA	NA	NA	NA	NA	NA	NA	NA	NA	NA	NA	NA	NA	NA	NA	NA	NA	NA	NA	NA	NA	NA	NA	NA
SRR25288680_306181_	1898	768	0.084302093	TRUE	6.16569488	416	6.123543833	134.9189189	Hipposideros_pomona_associated	novel	Bat	Bat	Hipposideros_pomona_associated	Hipposideros_pomona_associated	SRR25288680	2023-08-13 22:34:43	2023-07-15 00:05:12	17295281	5188584300	0	300	2197		https://sra-downloadb.be-md.ncbi.nlm.nih.gov/sos5/sra-pub-zq-11/SRR025/25288/SRR25288680/SRR25288680.lite.1	SRX21032317	library_247	OTHER	RANDOM PCR	VIRAL RNA	SINGLE	0	0	ILLUMINA	HiSeq X Ten	SRP449640	PRJNA994658	3	994658	SRS18304747	SAMN36440427	simple	1213622	bat metagenome	Sample_Pool-247							no					INSTITUTE OF PATHOGEN BIOLOGY CHINESE ACADEMY OF MEDICAL SCIENCES & PEKING UNION MEDICAL COLLEGE	SRA1673370		public	46CE0C2728580F0D8B1A70421BF673F5	FBB408F57FF926832180B430172B3840
ERR3395907Score_636.626_	NA	NA	NA	NA	NA	NA	NA	NA	NA	NA	NA	NA	NA	NA	NA	NA	NA	NA	NA	NA	NA	NA	NA	NA	NA	NA	NA	NA	NA	NA	NA	NA	NA	NA	NA	NA	NA	NA	NA	NA	NA	NA	NA	NA	NA	NA	NA	NA	NA	NA	NA	NA	NA	NA	NA	NA	NA	NA	NA	NA	NA
SRR9040412_12389_	NA	NA	NA	NA	NA	NA	NA	NA	NA	NA	NA	NA	NA	NA	NA	NA	NA	NA	NA	NA	NA	NA	NA	NA	NA	NA	NA	NA	NA	NA	NA	NA	NA	NA	NA	NA	NA	NA	NA	NA	NA	NA	NA	NA	NA	NA	NA	NA	NA	NA	NA	NA	NA	NA	NA	NA	NA	NA	NA	NA	NA
SRR17548765_1555673_	1542	407	0.010405715	TRUE	5.980237325	872	5.975034468	282.8108108	Human_associated	novel	Human	Human	Human_associated	Human_associated	SRR17548765	2022-01-12 03:15:36	2022-01-11 10:04:24	26559645	8021012790	26559645	302	2537		https://sra-downloadb.be-md.ncbi.nlm.nih.gov/sos8/sra-pub-zq-820/SRR017/17548/SRR17548765/SRR17548765.lite.1	SRX13718215	ASF2913_1_L15208047	WGS	RANDOM	METAGENOMIC	PAIRED	500	50	ILLUMINA	Illumina NovaSeq 6000	SRP352341	PRJNA604820	3	604820	SRS11585803	SAMN21207485	simple	539655	human skin metagenome	Subject4_Ac_D0							no					NISC	SRA1354992		public	6E8E936796C8CD5A81791C692765D8D5	D5A4D231F4628922512CD5855FE42D23
SRR7687987Score_657.25_	NA	NA	NA	NA	NA	NA	NA	NA	NA	NA	NA	NA	NA	NA	NA	NA	NA	NA	NA	NA	NA	NA	NA	NA	NA	NA	NA	NA	NA	NA	NA	NA	NA	NA	NA	NA	NA	NA	NA	NA	NA	NA	NA	NA	NA	NA	NA	NA	NA	NA	NA	NA	NA	NA	NA	NA	NA	NA	NA	NA	NA
SRR6442966_1574_	NA	NA	NA	NA	NA	NA	NA	NA	NA	NA	NA	NA	NA	NA	NA	NA	NA	NA	NA	NA	NA	NA	NA	NA	NA	NA	NA	NA	NA	NA	NA	NA	NA	NA	NA	NA	NA	NA	NA	NA	NA	NA	NA	NA	NA	NA	NA	NA	NA	NA	NA	NA	NA	NA	NA	NA	NA	NA	NA	NA	NA
SRR6216855_1616_	1354	216	0.073663378	TRUE	6.511731489	948	6.4748998	307.4594595	Human_associated	novel	Human	Human	Human_associated	Human_associated	SRR6216855	2018-12-31 00:23:57	2017-10-25 17:37:17	2458218	654170127	2458218	266	302		https://sra-downloadb.be-md.ncbi.nlm.nih.gov/sos5/sra-pub-zq-14/SRR006/216/SRR6216855.sralite.1	SRX3325405	M1B-008	WGS	RANDOM	METAGENOMIC	PAIRED	0	0	ILLUMINA	NextSeq 500	SRP121403	PRJNA415710		415710	SRS2628954	SAMN07832860	simple	539655	human skin metagenome	1B-008							no					"INDIAN INSTITUTE OF SCIENCE EDUCATION AND RESEARCH	 BHOPAL"	SRA624509		public	57738BE27E653E41AEEADF99E117F04C
SRR22213301_62214_	2186	1074	0.689749585	TRUE	5.201290722	51	4.85641593	16.54054054	Chionodraco_hamatus_associated	novel	Ray-finned Fish	Ray-finned Fish	Chionodraco_hamatus_associated	Chionodraco_hamatus_associated	SRR22213301	2022-11-09 01:07:15	2022-11-08 22:55:50	50276419	15082925700	50276419	300	4684		https://sra-downloadb.be-md.ncbi.nlm.nih.gov/sos9/sra-pub-zq-922/SRR022/22213/SRR22213301/SRR22213301.lite.1	SRX18191280	Reseq_of_weizhi3	WGS	RANDOM	GENOMIC	PAIRED	0	0	ILLUMINA	HiSeq X Ten	SRP333982	PRJNA664334		664334	SRS15689496	SAMN21028014	simple	36188	Chionodraco hamatus	weizhi3					missing		no					SHANGHAI OCEAN UNIVERSITY	SRA1285133		public	30908A92DFC10DEF718E06CD51B2E082	A3C9F674227AF25DD6A30821266B56A7
SRR20730059_206606_	NA	NA	NA	NA	NA	NA	NA	NA	NA	NA	NA	NA	NA	NA	NA	NA	NA	NA	NA	NA	NA	NA	NA	NA	NA	NA	NA	NA	NA	NA	NA	NA	NA	NA	NA	NA	NA	NA	NA	NA	NA	NA	NA	NA	NA	NA	NA	NA	NA	NA	NA	NA	NA	NA	NA	NA	NA	NA	NA	NA	NA
SRR27078533_9335_	NA	NA	NA	NA	NA	NA	NA	NA	NA	NA	NA	NA	NA	NA	NA	NA	NA	NA	NA	NA	NA	NA	NA	NA	NA	NA	NA	NA	NA	NA	NA	NA	NA	NA	NA	NA	NA	NA	NA	NA	NA	NA	NA	NA	NA	NA	NA	NA	NA	NA	NA	NA	NA	NA	NA	NA	NA	NA	NA	NA	NA
SRR24956127_83390_	1627	499	0.057346855	TRUE	6.090529801	753	6.061856374	244.2162162	Bovine_associated	novel	Bovine	Bovine	Bovine_associated	Bovine_associated	SRR24956127	2023-07-10 00:11:08	2023-06-18 14:09:02	24995544	7548654288	24995544	302	2415		https://sra-downloadb.be-md.ncbi.nlm.nih.gov/sos5/sra-pub-zq-11/SRR024/24956/SRR24956127/SRR24956127.lite.1	SRX20714100	USDA1472	WGS	RANDOM	METAGENOMIC	PAIRED	0	0	ILLUMINA	Illumina NovaSeq 6000	SRP444541	PRJNA984925		984925	SRS18018865	SAMN35783853	simple	1218275	bovine metagenome	USDA1472							no					UNIVERSITY OF MINNESOTA	SRA1657809		public	C658EF3CC169D4FCA9386B653621D118	640D21A7393CFAF5D41C79FDC529DD52
SRR22765734_247174_	NA	NA	NA	NA	NA	NA	NA	NA	NA	NA	NA	NA	NA	NA	NA	NA	NA	NA	NA	NA	NA	NA	NA	NA	NA	NA	NA	NA	NA	NA	NA	NA	NA	NA	NA	NA	NA	NA	NA	NA	NA	NA	NA	NA	NA	NA	NA	NA	NA	NA	NA	NA	NA	NA	NA	NA	NA	NA	NA	NA	NA
SRR17035106_10706_	2087	966	0.303953316	TRUE	5.715566023	157	5.563589365	50.91891892	Cervus_nippon_associated	novel	Cervine	Cervine	Cervus_nippon_associated	Cervus_nippon_associated	SRR17035106	2022-12-01 00:01:39	2021-11-24 21:49:42	26711192	8013357600	26711192	300	2618		https://sra-downloadb.be-md.ncbi.nlm.nih.gov/sos9/sra-pub-zq-922/SRR017/17035/SRR17035106/SRR17035106.lite.1	SRX13225033	JIE1	WGS	RANDOM	METAGENOMIC	PAIRED	0	0	ILLUMINA	Illumina NovaSeq 6000	SRP347777	PRJNA779578		779578	SRS11150442	SAMN22814842	simple	749906	gut metagenome	JIE1							no					JILIN AGRICULTURAL UNIVERSITY	SRA1328984		public	0B8DF5AA441A5670793F111C844D79E3	7202B7D213F063AD375AC669E7BD132B
SRR15400772_1059_	NA	NA	NA	NA	NA	NA	NA	NA	NA	NA	NA	NA	NA	NA	NA	NA	NA	NA	NA	NA	NA	NA	NA	NA	NA	NA	NA	NA	NA	NA	NA	NA	NA	NA	NA	NA	NA	NA	NA	NA	NA	NA	NA	NA	NA	NA	NA	NA	NA	NA	NA	NA	NA	NA	NA	NA	NA	NA	NA	NA	NA
SRR25288751_220243_	NA	NA	NA	NA	NA	NA	NA	NA	NA	NA	NA	NA	NA	NA	NA	NA	NA	NA	NA	NA	NA	NA	NA	NA	NA	NA	NA	NA	NA	NA	NA	NA	NA	NA	NA	NA	NA	NA	NA	NA	NA	NA	NA	NA	NA	NA	NA	NA	NA	NA	NA	NA	NA	NA	NA	NA	NA	NA	NA	NA	NA
ERR3974446Score_658.813_	NA	NA	NA	NA	NA	NA	NA	NA	NA	NA	NA	NA	NA	NA	NA	NA	NA	NA	NA	NA	NA	NA	NA	NA	NA	NA	NA	NA	NA	NA	NA	NA	NA	NA	NA	NA	NA	NA	NA	NA	NA	NA	NA	NA	NA	NA	NA	NA	NA	NA	NA	NA	NA	NA	NA	NA	NA	NA	NA	NA	NA
SRR13318616_110537_	2001	879	0.317968609	TRUE	5.171588064	231	5.012603759	74.91891892	Peromyscus_maniculatus_associated	novel	Rodent	Rodent	Peromyscus_maniculatus_associated	Peromyscus_maniculatus_associated	SRR13318616	2020-12-31 11:28:13	2020-12-31 11:01:53	272158861	54431772200	272158861	200	16870		https://sra-downloadb.be-md.ncbi.nlm.nih.gov/sos9/sra-pub-zq-924/SRR013/13318/SRR13318616/SRR13318616.lite.1	SRX9746215	ERH_12	WGS	size fractionation	GENOMIC	PAIRED	0	0	ILLUMINA	Illumina NovaSeq 6000	SRP299534	PRJNA688305		688305	SRS7933838	SAMN17172458	simple	10042	Peromyscus maniculatus	ERH_12					female		no					HARVARD UNIVERSITY	SRA1178445		public	E1CF96C3361F421E88E2A2E07D4C6602	439011A0068D79BDDFCAA82367ABF31A
SRR25288757Score_618.372_	NA	NA	NA	NA	NA	NA	NA	NA	NA	NA	NA	NA	NA	NA	NA	NA	NA	NA	NA	NA	NA	NA	NA	NA	NA	NA	NA	NA	NA	NA	NA	NA	NA	NA	NA	NA	NA	NA	NA	NA	NA	NA	NA	NA	NA	NA	NA	NA	NA	NA	NA	NA	NA	NA	NA	NA	NA	NA	NA	NA	NA
ERR2985417_92987_	2051	927	0.741233919	TRUE	6.285226653	183	5.914609693	59.35135135	Bos_taurus_associated	novel	Cattle	Bovine	Bos_taurus_associated	Bos_taurus_associated	ERR2985417	2019-01-02 08:16:22	2020-04-23 08:47:27	207490610	62351445951	207490610	300	10992	GCA_000003205.4	https://sra-downloadb.be-md.ncbi.nlm.nih.gov/sos9/sra-pub-zq-922/ERR002/985/ERR2985417.sralite.1	ERX2987989	unspecified	WGS	RANDOM	GENOMIC	PAIRED	300	0	ILLUMINA	Illumina NovaSeq 6000	ERP020037	PRJEB18113		356238	ERS2967559	SAMEA5159831	simple	9913	Bos taurus	SAMEA5159831							no					"INSTITUTE OF GENETICS	 UNIVERSITY OF BERN	 SWITZER"	ERA1684702		public
SRR13235192_177217_	1296	164	0.09317577	TRUE	5.935129854	768	5.888541969	249.0810811	Canis_familiaris_associated	novel	Canine	Canine	Canis_familiaris_associated	Canis_familiaris_associated	SRR13235192	2022-02-01 04:01:32	2020-12-10 02:14:32	45990886	13889247572	45990886	302	5881		https://sra-downloadb.be-md.ncbi.nlm.nih.gov/sos4/sra-pub-zq-1/SRR013/13235/SRR13235192/SRR13235192.lite.1	SRX9666977	DarwinsArk_009881_BroadLC_4.0x	WGS	other	GENOMIC	PAIRED	0	0	ILLUMINA	NextSeq 500	SRP297431	PRJNA675863		675863	SRS7865937	SAMN16778367	simple	9615	Canis lupus familiaris	DarwinsArk_009881_BroadLC_4.0x					male		no					BROAD INSTITUTE	SRA1169584		public	DB1EFF5235F3CB9722D26121771E3756	2A0F628E512B9EE896ADFD6C2BF124AC
SRR14611555_2230_	1114	1041	0.592356638	TRUE	2.861312606	71	2.565134287	23.02702703	Atlantic_associated	novel	Metagenome	Other	Atlantic_associated	Atlantic_associated	SRR14611555	2022-02-16 11:47:31	2021-05-21 10:16:13	32511316	9611356878	32511316	295	3730		https://sra-downloadb.be-md.ncbi.nlm.nih.gov/sos9/sra-pub-zq-922/SRR014/14611/SRR14611555/SRR14611555.lite.1	SRX10954262	S2	WGS	RANDOM	METAGENOMIC	PAIRED	0	0	ILLUMINA	NextSeq 500	SRP320792	PRJNA731626		731626	SRS9032600	SAMN19291750	simple	870726	food metagenome	PA2							no					UPF	SRA1235041		public	311707989D4F4418CFEEB4A3DC224AC3	68E8FD75534388D96DB232E9F9592471
SRR25288745Score_628.557_	NA	NA	NA	NA	NA	NA	NA	NA	NA	NA	NA	NA	NA	NA	NA	NA	NA	NA	NA	NA	NA	NA	NA	NA	NA	NA	NA	NA	NA	NA	NA	NA	NA	NA	NA	NA	NA	NA	NA	NA	NA	NA	NA	NA	NA	NA	NA	NA	NA	NA	NA	NA	NA	NA	NA	NA	NA	NA	NA	NA	NA
SRR7687982Score_663.518_	NA	NA	NA	NA	NA	NA	NA	NA	NA	NA	NA	NA	NA	NA	NA	NA	NA	NA	NA	NA	NA	NA	NA	NA	NA	NA	NA	NA	NA	NA	NA	NA	NA	NA	NA	NA	NA	NA	NA	NA	NA	NA	NA	NA	NA	NA	NA	NA	NA	NA	NA	NA	NA	NA	NA	NA	NA	NA	NA	NA	NA
SRR3184246Score_654.122_	NA	NA	NA	NA	NA	NA	NA	NA	NA	NA	NA	NA	NA	NA	NA	NA	NA	NA	NA	NA	NA	NA	NA	NA	NA	NA	NA	NA	NA	NA	NA	NA	NA	NA	NA	NA	NA	NA	NA	NA	NA	NA	NA	NA	NA	NA	NA	NA	NA	NA	NA	NA	NA	NA	NA	NA	NA	NA	NA	NA	NA
ERR3209880Score_649.198_	NA	NA	NA	NA	NA	NA	NA	NA	NA	NA	NA	NA	NA	NA	NA	NA	NA	NA	NA	NA	NA	NA	NA	NA	NA	NA	NA	NA	NA	NA	NA	NA	NA	NA	NA	NA	NA	NA	NA	NA	NA	NA	NA	NA	NA	NA	NA	NA	NA	NA	NA	NA	NA	NA	NA	NA	NA	NA	NA	NA	NA
SRR7687884Score_646.061_	1644	512	0.145929132	TRUE	5.743696658	680	5.670732092	220.5405405	Human_associated	novel	Human	Human	Human_associated	Human_associated	SRR7687884	2018-10-12 00:16:22	2018-08-13 10:21:05	1211788	305370576	1211788	252	136		https://sra-downloadb.be-md.ncbi.nlm.nih.gov/sos5/sra-pub-zq-16/SRR007/687/SRR7687884.sralite.1	SRX4548302	AND1686_1_L12015347	WGS	RANDOM	METAGENOMIC	PAIRED	500	50	ILLUMINA	Illumina HiSeq 2500	SRP157584	PRJNA471898	3	471898	SRS3665565	SAMN09715272	simple	539655	human skin metagenome	MET1731							no					NISC	SRA757529		public	B8879CD66FB090ADFE08B6546E5669C4	2EA773885BE62B2517F7C3311DAEA2F9
SRR6442956Score_660.793_	NA	NA	NA	NA	NA	NA	NA	NA	NA	NA	NA	NA	NA	NA	NA	NA	NA	NA	NA	NA	NA	NA	NA	NA	NA	NA	NA	NA	NA	NA	NA	NA	NA	NA	NA	NA	NA	NA	NA	NA	NA	NA	NA	NA	NA	NA	NA	NA	NA	NA	NA	NA	NA	NA	NA	NA	NA	NA	NA	NA	NA
SRR18484172_11522_	NA	NA	NA	NA	NA	NA	NA	NA	NA	NA	NA	NA	NA	NA	NA	NA	NA	NA	NA	NA	NA	NA	NA	NA	NA	NA	NA	NA	NA	NA	NA	NA	NA	NA	NA	NA	NA	NA	NA	NA	NA	NA	NA	NA	NA	NA	NA	NA	NA	NA	NA	NA	NA	NA	NA	NA	NA	NA	NA	NA	NA
SRR24963268_167972_	2051	928	0.619577471	TRUE	6.163570205	184	5.853781469	59.67567568	Bovine_associated	novel	Bovine	Bovine	Bovine_associated	Bovine_associated	SRR24963268	2023-07-10 00:11:18	2023-06-19 22:32:49	34477504	10412206208	34477504	302	3253		https://sra-downloadb.be-md.ncbi.nlm.nih.gov/sos5/sra-pub-zq-11/SRR024/24963/SRR24963268/SRR24963268.lite.1	SRX20721223	USDA1001	WGS	RANDOM	METAGENOMIC	PAIRED	0	0	ILLUMINA	Illumina NovaSeq 6000	SRP444541	PRJNA984925		984925	SRS18012581	SAMN35783492	simple	1218275	bovine metagenome	USDA1001							no					UNIVERSITY OF MINNESOTA	SRA1658220		public	2801540142D6AA9DFEDEA92F5CD30C7A	CFBBFAC7F4FDA59291D4444A1A76FB1E
SRR25256542_15341_	1824	694	0.213601721	TRUE	5.490354497	284	5.383553637	92.10810811	Manidae_associated	novel	Pangolin	Pangolin	Manidae_associated	Manidae_associated	SRR25256542	2023-09-06 12:39:33	2023-07-13 10:07:46	391544740	117463422000	391544740	300	36439		https://sra-downloadb.be-md.ncbi.nlm.nih.gov/sos9/sra-pub-zq-922/SRR025/25256/SRR25256542/SRR25256542.lite.1	SRX21002640	PTE13	WGS	PCR	GENOMIC	PAIRED	0	0	ILLUMINA	Illumina NovaSeq 6000	SRP449284	PRJNA962256		962256	SRS18275794	SAMN34388426	simple	3043966	Manidae sp.	sample							no					YUNNAN UNIVERSITY	SRA1672067		public	39E27322F4C26C0F5E1603525239F393	7B1E833D15C53A93F5129475FF996A1B
SRR13235318_32975_	NA	NA	NA	NA	NA	NA	NA	NA	NA	NA	NA	NA	NA	NA	NA	NA	NA	NA	NA	NA	NA	NA	NA	NA	NA	NA	NA	NA	NA	NA	NA	NA	NA	NA	NA	NA	NA	NA	NA	NA	NA	NA	NA	NA	NA	NA	NA	NA	NA	NA	NA	NA	NA	NA	NA	NA	NA	NA	NA	NA	NA
SRR13789891Score_652.069_	NA	NA	NA	NA	NA	NA	NA	NA	NA	NA	NA	NA	NA	NA	NA	NA	NA	NA	NA	NA	NA	NA	NA	NA	NA	NA	NA	NA	NA	NA	NA	NA	NA	NA	NA	NA	NA	NA	NA	NA	NA	NA	NA	NA	NA	NA	NA	NA	NA	NA	NA	NA	NA	NA	NA	NA	NA	NA	NA	NA	NA
ERR11284570_1952759_	NA	NA	NA	NA	NA	NA	NA	NA	NA	NA	NA	NA	NA	NA	NA	NA	NA	NA	NA	NA	NA	NA	NA	NA	NA	NA	NA	NA	NA	NA	NA	NA	NA	NA	NA	NA	NA	NA	NA	NA	NA	NA	NA	NA	NA	NA	NA	NA	NA	NA	NA	NA	NA	NA	NA	NA	NA	NA	NA	NA	NA
SRR13233423_322985_	1298	168	0.186345372	TRUE	6.057934402	772	5.964761716	250.3783784	Canis_familiaris_associated	novel	Canine	Canine	Canis_familiaris_associated	Canis_familiaris_associated	SRR13233423	2022-02-01 04:01:21	2020-12-27 10:47:53	12953447	3882937800	12932805	299	1305		https://sra-downloadb.be-md.ncbi.nlm.nih.gov/sos9/sra-pub-zq-922/SRR013/13233/SRR13233423/SRR13233423.lite.1	SRX9665362	DarwinsArk_005153_31001602031254	WGS	other	GENOMIC	PAIRED	0	0	ILLUMINA	Illumina NovaSeq 6000	SRP297431	PRJNA675863		675863	SRS7864280	SAMN16778858	simple	9615	Canis lupus familiaris	DarwinsArk_005153_31001602031254					female		no					BROAD INSTITUTE	SRA1169563		public	D3C3C516B76F2D1F238F0C23E4DE84DD	3030326F86841F38565AFC6816E6DDFE
SRR26848413_8685_	NA	NA	NA	NA	NA	NA	NA	NA	NA	NA	NA	NA	NA	NA	NA	NA	NA	NA	NA	NA	NA	NA	NA	NA	NA	NA	NA	NA	NA	NA	NA	NA	NA	NA	NA	NA	NA	NA	NA	NA	NA	NA	NA	NA	NA	NA	NA	NA	NA	NA	NA	NA	NA	NA	NA	NA	NA	NA	NA	NA	NA
ERR3974504Score_596.548_	NA	NA	NA	NA	NA	NA	NA	NA	NA	NA	NA	NA	NA	NA	NA	NA	NA	NA	NA	NA	NA	NA	NA	NA	NA	NA	NA	NA	NA	NA	NA	NA	NA	NA	NA	NA	NA	NA	NA	NA	NA	NA	NA	NA	NA	NA	NA	NA	NA	NA	NA	NA	NA	NA	NA	NA	NA	NA	NA	NA	NA
SRR25288749_19367_	1878	746	0.188144754	TRUE	6.230555805	445	6.136483428	144.3243243	Rhinolophus_associated	novel	Bat	Bat	Rhinolophus_associated	Rhinolophus_associated	SRR25288749	2023-08-13 22:34:43	2023-07-15 00:03:44	16949832	5084949600	0	300	2013		https://sra-downloadb.be-md.ncbi.nlm.nih.gov/sos5/sra-pub-zq-11/SRR025/25288/SRR25288749/SRR25288749.lite.1	SRX21032249	library_66	OTHER	RANDOM PCR	VIRAL RNA	SINGLE	0	0	ILLUMINA	HiSeq X Ten	SRP449640	PRJNA994658	3	994658	SRS18304679	SAMN36440246	simple	1213622	bat metagenome	Sample_Pool-066							no					INSTITUTE OF PATHOGEN BIOLOGY CHINESE ACADEMY OF MEDICAL SCIENCES & PEKING UNION MEDICAL COLLEGE	SRA1673370		public	9A7F93F73A968CEFB99AC14CE2838C79	9B79EB0FFC2C7D17EFD510E1B44DB0E8
SRR15719352Score_644.901_	NA	NA	NA	NA	NA	NA	NA	NA	NA	NA	NA	NA	NA	NA	NA	NA	NA	NA	NA	NA	NA	NA	NA	NA	NA	NA	NA	NA	NA	NA	NA	NA	NA	NA	NA	NA	NA	NA	NA	NA	NA	NA	NA	NA	NA	NA	NA	NA	NA	NA	NA	NA	NA	NA	NA	NA	NA	NA	NA	NA	NA
SRR14825287Score_647.913_	NA	NA	NA	NA	NA	NA	NA	NA	NA	NA	NA	NA	NA	NA	NA	NA	NA	NA	NA	NA	NA	NA	NA	NA	NA	NA	NA	NA	NA	NA	NA	NA	NA	NA	NA	NA	NA	NA	NA	NA	NA	NA	NA	NA	NA	NA	NA	NA	NA	NA	NA	NA	NA	NA	NA	NA	NA	NA	NA	NA	NA
SRR26848456Score_646.634_	NA	NA	NA	NA	NA	NA	NA	NA	NA	NA	NA	NA	NA	NA	NA	NA	NA	NA	NA	NA	NA	NA	NA	NA	NA	NA	NA	NA	NA	NA	NA	NA	NA	NA	NA	NA	NA	NA	NA	NA	NA	NA	NA	NA	NA	NA	NA	NA	NA	NA	NA	NA	NA	NA	NA	NA	NA	NA	NA	NA	NA
SRR24719200_30273_	2217	1105	0.156520259	TRUE	2.811700665	14	2.733440535	4.540540541	Ptychadena_cooperi_associated	novel	Amphibian	Amphibian	Ptychadena_cooperi_associated	Ptychadena_cooperi_associated	SRR24719200	2023-05-24 12:04:18	2023-05-24 10:56:42	26505850	7463298918	26505850	281	2450		https://sra-downloadb.be-md.ncbi.nlm.nih.gov/sos4/sra-pub-zq-7/SRR024/24719/SRR24719200/SRR24719200.lite.1	SRX20497156	200719MF6_Ptychadena_cooperi	WGS	size fractionation	GENOMIC	PAIRED	0	0	ILLUMINA	Illumina NovaSeq 6000	SRP439293	PRJNA975347		975347	SRS17806853	SAMN35324687	simple	356243	Ptychadena cooperi	200719MF6_Ptychadena_cooperi					missing		no					NEW YORK UNIVERSITY ABU DHABI	SRA1642409		public	DEECCA8E0FF689F09638FE4B007F08C6	26DB42423ED19BB503312107014C7717
SRR16268598_38627_	2190	1078	0.506741354	TRUE	6.174650007	34	5.92127933	11.02702703	Hypophthalmichthys_nobilis_associated	novel	Ray-finned Fish	Ray-finned Fish	Hypophthalmichthys_nobilis_associated	Hypophthalmichthys_nobilis_associated	SRR16268598	2021-10-18 08:38:29	2021-10-09 11:28:40	26472271	7941681300	26472271	300	2351		https://sra-downloadb.be-md.ncbi.nlm.nih.gov/sos9/sra-pub-zq-924/SRR016/16268/SRR16268598/SRR16268598.lite.1	SRX12547886	Dph30A	RNA-Seq	PCR	TRANSCRIPTOMIC	PAIRED	0	0	ILLUMINA	HiSeq X Ten	SRP340637	PRJNA731038		731038	SRS10505659	SAMN22072272	simple	7965	Hypophthalmichthys nobilis	Dph30A					not collected		no					"INSTITUTE OF HYDROBIOLOGY	 THE INNOVATION ACADEMY OF SEED DESIGN	 THE CHINESE ACADEMY OF SCIENCES	 W"	SRA1308387	
SRR24465286_394658_	1810	679	0.157059225	TRUE	6.009986013	263	5.931456401	85.2972973	Urocyon_cinereoargenteus_associated	novel	Vulpine	Other	Urocyon_cinereoargenteus_associated	Urocyon_cinereoargenteus_associated	SRR24465286	2023-07-01 00:15:03	2023-05-08 13:19:50	48370846	14607995492	48370846	302	4804		https://sra-downloadb.be-md.ncbi.nlm.nih.gov/sos5/sra-pub-zq-14/SRR024/24465/SRR24465286/SRR24465286.lite.1	SRX20252107	WGSLib-S19-4628	WGS	RANDOM	GENOMIC	PAIRED	0	0	ILLUMINA	Illumina NovaSeq 6000	SRP436451	PRJNA966176		966176	SRS16896002	SAMN33450813	simple	55040	Urocyon cinereoargenteus	S19-4628					not determined		no					UNIVERSITY OF CALIFORNIA DAVIS	SRA1634119		public	E26EF3D2D76239E19FDD34A7DCC8BCE2	3D4B9D93FA0DAEB857707D17021A6E0E
SRR18442637_22623_	1247	114	0.064711911	TRUE	5.817808152	479	5.785452197	155.3513514	Canis_familiaris_associated	novel	Canine	Canine	Canis_familiaris_associated	Canis_familiaris_associated	SRR18442637	2023-01-01 00:05:01	2022-03-23 12:26:27	7069780	2071055600	7069780	292	689		https://sra-downloadb.be-md.ncbi.nlm.nih.gov/sos1/sra-pub-zq-38/SRR018/18442/SRR18442637/SRR18442637.lite.1	SRX14575667	def3225d-1a7a-475f-8cd9-6f89865de7cc	WGS	other	GENOMIC	PAIRED	0	0	ILLUMINA	Illumina NovaSeq 6000	SRP365116	PRJNA800779		800779	SRS12351607	SAMN25332669	simple	9615	Canis lupus familiaris	31020061511386					female		no					DAP	SRA1390328		public	4CC0DA284387D29B2FDD6C4075511BAB	DA88D5DD7BCC646275E58D8C66FD69D7
SRR19174523_80317_	1769	646	0.3921424	TRUE	5.738113672	614	5.542042472	199.1351351	Phacochoerus_africanus_associated	novel	Porcine	Porcine	Phacochoerus_africanus_associated	Phacochoerus_africanus_associated	SRR19174523	2022-05-18 03:57:49	2022-05-12 04:36:49	52676165	15802849500	52676165	300	5050		https://sra-downloadb.be-md.ncbi.nlm.nih.gov/sos1/sra-pub-zq-38/SRR019/19174/SRR19174523/SRR19174523.lite.1	SRX15239871	8628	WGS	unspecified	GENOMIC	PAIRED	0	0	ILLUMINA	Illumina NovaSeq 6000	SRP374852	PRJNA837362		837362	SRS12972809	SAMN28197072	simple	41426	Phacochoerus africanus	8628					missing		no					UNIVERSITY OF COPENHAGEN	SRA1419060		public	9F8004783C004BBBE93315D7BBEB1C1C	38F40FBD1113E50E3AAECCC8532F0A00
SRR22679053_21748_	2104	986	0.103243169	TRUE	5.955644064	137	5.90402248	44.43243243	Bubalus_bubalis_associated	novel	Bovine	Bovine	Bubalus_bubalis_associated	Bubalus_bubalis_associated	SRR22679053	2022-12-11 22:21:08	2022-12-11 22:12:56	58324432	17437401929	58324432	298	6435		https://sra-downloadb.be-md.ncbi.nlm.nih.gov/sos8/sra-pub-zq-818/SRR022/22679/SRR22679053/SRR22679053.lite.1	SRX18641153	female25	WGS	RANDOM	OTHER	PAIRED	0	0	ILLUMINA	Illumina HiSeq 2000	SRP411286	PRJNA907420		907420	SRS16086293	SAMN32155265	simple	89462	Bubalus bubalis	Resequencing					not applicable		no					CHINESE ACADEMY OF AGRICULTURAL SCIENCES	SRA1557256		public	D6DCFA8DEF4455D06FBC24828B9BBF65	F16D18BA6839D2BC8B5F7AF6AED640C7
SRR19174516_188544_	1770	644	0.339994651	TRUE	5.809049315	615	5.639051989	199.4594595	Phacochoerus_africanus_associated	novel	Porcine	Porcine	Phacochoerus_africanus_associated	Phacochoerus_africanus_associated	SRR19174516	2022-05-18 03:57:49	2022-05-12 04:32:52	59834603	17950380900	59834603	300	5672		https://sra-downloadb.be-md.ncbi.nlm.nih.gov/sos8/sra-pub-zq-820/SRR019/19174/SRR19174516/SRR19174516.lite.1	SRX15239878	1262	WGS	unspecified	GENOMIC	PAIRED	0	0	ILLUMINA	Illumina NovaSeq 6000	SRP374852	PRJNA837362		837362	SRS12972816	SAMN28197078	simple	41426	Phacochoerus africanus	1262					missing		no					UNIVERSITY OF COPENHAGEN	SRA1419060		public	21936872EB6D2BF82236E6AFC19B3841	18D5B6A575D2DCB5835C13FDFDA322CD
SRR19117908_684125_	2055	936	0.371136891	TRUE	5.606814102	176	5.421245656	57.08108108	Budorcas_taxicolor_associated	novel	Caprine	Other	Budorcas_taxicolor_associated	Budorcas_taxicolor_associated	SRR19117908	2022-09-15 01:52:32	2022-05-06 13:28:21	167262930	50178879000	167262930	300	15200		https://sra-downloadb.be-md.ncbi.nlm.nih.gov/sos1/sra-pub-zq-38/SRR019/19117/SRR19117908/SRR19117908.lite.1	SRX15185574	QIN13	WGS	RANDOM	GENOMIC	PAIRED	0	0	ILLUMINA	Illumina NovaSeq 6000	SRP324379	PRJNA738624		738624	SRS9225686	SAMN19735988	simple	37181	Budorcas taxicolor	takin_genome_sequencing					male		no					INSTITUTE OF ZOOLOGY CHINESE ACADEMY OF SCIENCES	SRA1415055		public	1B1E8A4D37BDCFACB13EB242F27242BD	F1EC31F7D36F507C19298AA220969B24
SRR22691042_22193_	2202	1091	0.349911769	TRUE	3.254401635	20	3.079445751	6.486486486	Oophaga_sylvatica_associated	novel	Amphibian	Amphibian	Oophaga_sylvatica_associated	Oophaga_sylvatica_associated	SRR22691042	2023-09-08 13:24:23	2022-12-12 17:35:11	71678216	19857214497	71678216	277	6169		https://sra-downloadb.be-md.ncbi.nlm.nih.gov/sos8/sra-pub-zq-818/SRR022/22691/SRR22691042/SRR22691042.lite.1	SRX18653219	liver_24	RNA-Seq	PolyA	TRANSCRIPTOMIC	PAIRED	0	0	ILLUMINA	Illumina NovaSeq 6000	SRP412588	PRJNA909817		909817	SRS16097734	SAMN32120120	simple	152496	Oophaga sylvatica	liver_24					female		no					STANFORD UNIVERSITY	SRA1557674		public	04A6A33C0B36B49BB8F584BED2A021D9	767F367F8475977051758C9526145833
SRR12232778_17800_	1906	781	0.251802606	TRUE	5.641550491	396	5.515649188	128.4324324	Chalinolobus_gouldii_associated	novel	Bat	Bat	Chalinolobus_gouldii_associated	Chalinolobus_gouldii_associated	SRR12232778	2020-07-15 20:09:40	2020-07-15 20:05:40	15828532	3731093031	15828532	235	1287		https://sra-downloadb.be-md.ncbi.nlm.nih.gov/sos9/sra-pub-zq-922/SRR012/12232/SRR12232778/SRR12232778.lite.1	SRX8741244	batpool24	WGS	RANDOM	METAGENOMIC	PAIRED	0	0	ILLUMINA	NextSeq 500	SRP272142	PRJNA646531		646531	SRS7013683	SAMN15546577	simple	1213622	bat metagenome	Micro bat sample pool 24							no					MURDOCH UNIVERSITY	SRA1099586		public	81204A75EF4A6703BC41BA4D7C860616	0E3A8D56423439E6806307725210E1F6
SRR13234696_75487_	1281	143	0.055578909	TRUE	6.185831286	792	6.158041831	256.8648649	Canis_familiaris_associated	novel	Canine	Canine	Canis_familiaris_associated	Canis_familiaris_associated	SRR13234696	2022-02-01 04:01:32	2020-12-10 00:14:44	13264451	3979335300	13264451	300	1717		https://sra-downloadb.be-md.ncbi.nlm.nih.gov/sos4/sra-pub-zq-1/SRR013/13234/SRR13234696/SRR13234696.lite.1	SRX9666963	DarwinsArk_017608_31001806034292	WGS	other	GENOMIC	PAIRED	0	0	ILLUMINA	Illumina NovaSeq 6000	SRP297431	PRJNA675863		675863	SRS7865922	SAMN16778053	simple	9615	Canis lupus familiaris	DarwinsArk_017608_31001806034292					female		no					BROAD INSTITUTE	SRA1169584		public	80AC42618DCBFA605535BBE77759CD6D	C5AA639E0B90953A3295BD3013867AA6
ERR4982086_19316_	NA	NA	NA	NA	NA	NA	NA	NA	NA	NA	NA	NA	NA	NA	NA	NA	NA	NA	NA	NA	NA	NA	NA	NA	NA	NA	NA	NA	NA	NA	NA	NA	NA	NA	NA	NA	NA	NA	NA	NA	NA	NA	NA	NA	NA	NA	NA	NA	NA	NA	NA	NA	NA	NA	NA	NA	NA	NA	NA	NA	NA
SRR25256569_9341_	1825	697	0.147781218	TRUE	5.525252504	285	5.451361895	92.43243243	Manidae_associated	novel	Pangolin	Pangolin	Manidae_associated	Manidae_associated	SRR25256569	2023-09-06 12:39:32	2023-07-13 10:30:14	424520946	127356283800	424520946	300	38093		https://sra-downloadb.be-md.ncbi.nlm.nih.gov/sos9/sra-pub-zq-922/SRR025/25256/SRR25256569/SRR25256569.lite.1	SRX21002613	PTR20	WGS	PCR	GENOMIC	PAIRED	0	0	ILLUMINA	Illumina NovaSeq 6000	SRP449284	PRJNA962256		962256	SRS18275794	SAMN34388426	simple	3043966	Manidae sp.	sample							no					YUNNAN UNIVERSITY	SRA1672067		public	8620FDEFAFF445E28E42D6BC3E73C83D	4460A1BF4F95B4943A58BF2B6070053E
SRR15899409_3611_	NA	NA	NA	NA	NA	NA	NA	NA	NA	NA	NA	NA	NA	NA	NA	NA	NA	NA	NA	NA	NA	NA	NA	NA	NA	NA	NA	NA	NA	NA	NA	NA	NA	NA	NA	NA	NA	NA	NA	NA	NA	NA	NA	NA	NA	NA	NA	NA	NA	NA	NA	NA	NA	NA	NA	NA	NA	NA	NA	NA	NA
SRR7688471Score_650.562_	1698	569	0.180380902	TRUE	5.688880308	714	5.598689857	231.5675676	Human_associated	novel	Human	Human	Human_associated	Human_associated	SRR7688471	2018-10-12 00:16:25	2018-08-13 12:23:16	368453	92850156	368453	252	38		https://sra-downloadb.be-md.ncbi.nlm.nih.gov/sos5/sra-pub-zq-14/SRR007/688/SRR7688471.sralite.1	SRX4548747	APP0089_1_L13270600	WGS	RANDOM	METAGENOMIC	PAIRED	500	50	ILLUMINA	Illumina HiSeq 2500	SRP157584	PRJNA471898	3	471898	SRS3666010	SAMN09715316	simple	539655	human skin metagenome	MET1821							no					NISC	SRA757707		public	CFFFC89038B87DD73DC4C6F396A68847	A1916E1D5516D5F224F096D58BA5092C
SRR18767723_150562_	2145	1028	0.088750881	TRUE	4.705995803	81	4.661620363	26.27027027	Accipiter_nisus_associated	novel	Avian	Avian	Accipiter_nisus_associated	Accipiter_nisus_associated	SRR18767723	2022-04-15 08:35:41	2022-04-15 08:12:52	79893000	23967900000	79893000	300	7652		https://sra-downloadb.be-md.ncbi.nlm.nih.gov/sos1/sra-pub-zq-38/SRR018/18767/SRR18767723/SRR18767723.lite.1	SRX14867151	accipiter_nisus_000	WGS	RANDOM	GENOMIC	PAIRED	0	0	ILLUMINA	HiSeq X Ten	SRP370441	PRJNA771898	3	771898	SRS12621195	SAMN22348910	simple	211598	Accipiter nisus	Accipiter nisus					not determined		no					IRIDIAN GENOMES	SRA1404882		public	A0E7414149770070D07A9480CD5C572E	CDAB713F2BEFE4A4217C60CF39D10C7D
SRR7122329_534_	1619	490	2e-06	TRUE	5.509089928	805	5.509088926	261.0810811	Bos_taurus_associated	novel	Cattle	Bovine	Bos_taurus_associated	Bos_taurus_associated	SRR7122329	2018-05-04 20:42:18	2018-05-09 08:08:40	835544	423316816	835544	506	280		https://sra-downloadb.be-md.ncbi.nlm.nih.gov/sos5/sra-pub-zq-14/SRR007/122/SRR7122329.sralite.1	SRX4043917	cow_liver1	WGA	RANDOM	GENOMIC	PAIRED	0	0	ILLUMINA	Illumina MiSeq	SRP112556	PRJNA393166	3	393166	SRS3261357	SAMN09074543	simple	1070528	viral metagenome	cow_liver1							no					NATIONAL CANCER INSTITUTE	SRA699716		public	EF838C13BCB477AC0F82F3D7DFDF0A05	3D50006337D03C1D53A60F8EF7DD28B2
SRR17481190_13325_	1631	505	0.038565462	TRUE	5.308402744	743	5.289120013	240.972973	Erinaceus_amurensis_associated	novel	Insectivore	Other	Erinaceus_amurensis_associated	Erinaceus_amurensis_associated	SRR17481190	2022-01-07 10:06:59	2022-01-07 10:04:15	20626671	5871460755	18779106	284	1978		https://sra-downloadb.be-md.ncbi.nlm.nih.gov/sos9/sra-pub-zq-924/SRR017/17481/SRR17481190/SRR17481190.lite.1	SRX13651755	EA-HeN-T-1	RNA-Seq	RANDOM	TRANSCRIPTOMIC	PAIRED	0	0	ILLUMINA	Illumina NovaSeq 6000	SRP353925	PRJNA793740		793740	SRS11537939	SAMN24587287	simple	2173186	whole organism metagenome	EA-HeN-T-1							no					NANJING AGRICULTURE UNIVERSITY	SRA1353334		public	222177AC3A470D43B8077DE1CBF002CD	406C4A366B45313D7AAF7B6A42107A1A
ERR2850639_484271_	NA	NA	NA	NA	NA	NA	NA	NA	NA	NA	NA	NA	NA	NA	NA	NA	NA	NA	NA	NA	NA	NA	NA	NA	NA	NA	NA	NA	NA	NA	NA	NA	NA	NA	NA	NA	NA	NA	NA	NA	NA	NA	NA	NA	NA	NA	NA	NA	NA	NA	NA	NA	NA	NA	NA	NA	NA	NA	NA	NA	NA
SRR8434718_67265_	1182	49	2.62e-06	TRUE	6.100229317	570	6.100228006	184.8648649	Cyamopsis_tetragonoloba_associated	novel	Plant	Other	Cyamopsis_tetragonoloba_associated	Cyamopsis_tetragonoloba_associated	SRR8434718	2019-01-11 11:05:34	2022-04-19 11:47:30	12098143	3629442900	12098143	300	1444		https://sra-downloadb.be-md.ncbi.nlm.nih.gov/sos9/sra-pub-zq-924/SRR008/8434/SRR8434718/SRR8434718.lite.2	SRX5242388	TCT1	RNA-Seq	PCR	TRANSCRIPTOMIC	PAIRED	0	0	ILLUMINA	Illumina HiSeq 2500	SRP178485	PRJNA514706		514706	SRS4245112	SAMN10727240	simple	3832	Cyamopsis tetragonoloba	TCT1							no					CSIR-NATIONAL BOTANICAL RESEARCH INSTITUTE	SRA833411		public	C7389B7B1FA51433E367970B40437BDC	588323DE7B5B5C0CDBF869CFD1821F5D
SRR24963419_788594_	1730	606	0.323878455	TRUE	5.785504296	612	5.623565068	198.4864865	Bovine_associated	novel	Bovine	Bovine	Bovine_associated	Bovine_associated	SRR24963419	2023-07-10 00:11:23	2023-06-19 22:40:57	24135824	7289018848	24135824	302	2296		https://sra-downloadb.be-md.ncbi.nlm.nih.gov/sos5/sra-pub-zq-11/SRR024/24963/SRR24963419/SRR24963419.lite.1	SRX20721410	USDA4387	WGS	RANDOM	METAGENOMIC	PAIRED	0	0	ILLUMINA	Illumina NovaSeq 6000	SRP444541	PRJNA984925		984925	SRS18012767	SAMN35783697	simple	1218275	bovine metagenome	USDA4387							no					UNIVERSITY OF MINNESOTA	SRA1658220		public	405C3872D779B7C81E996D4B12DD1122	51BE97E9E41AA6A2D61F8E9FB7D77502
SRR25288688_374483_	1922	796	0.078308868	TRUE	5.678004015	393	5.638849581	127.4594595	Tylonycteris_robustula_associated	novel	Bat	Bat	Tylonycteris_robustula_associated	Tylonycteris_robustula_associated	SRR25288688	2023-08-13 22:34:43	2023-07-15 00:03:28	16519067	4955720100	0	300	1802		https://sra-downloadb.be-md.ncbi.nlm.nih.gov/sos5/sra-pub-zq-11/SRR025/25288/SRR25288688/SRR25288688.lite.1	SRX21032309	library_240	OTHER	RANDOM PCR	VIRAL RNA	SINGLE	0	0	ILLUMINA	HiSeq X Ten	SRP449640	PRJNA994658	3	994658	SRS18304739	SAMN36440420	simple	1213622	bat metagenome	Sample_Pool-240							no					INSTITUTE OF PATHOGEN BIOLOGY CHINESE ACADEMY OF MEDICAL SCIENCES & PEKING UNION MEDICAL COLLEGE	SRA1673370		public	206DE749893312BB96A2B04BB8FD6036	F83807D502B557BB4494002DB298024A
SRR19431669_13553_	2147	1031	0.083516169	TRUE	4.637895618	85	4.596137533	27.56756757	Dendrortyx_leucophrys_associated	novel	Avian	Avian	Dendrortyx_leucophrys_associated	Dendrortyx_leucophrys_associated	SRR19431669	2022-07-11 14:09:16	2022-05-27 14:25:55	5856638	1768704676	5856638	302	770		https://sra-downloadb.be-md.ncbi.nlm.nih.gov/sos8/sra-pub-zq-820/SRR019/19431/SRR19431669/SRR19431669.lite.1	SRX15484929	dendrortyx_leucophrys_hypospodius_WFVZ_53075	WGS	Hybrid Selection	GENOMIC	PAIRED	0	0	ILLUMINA	Illumina HiSeq 3000	SRP377441	PRJNA777908		777908	SRS13200582	SAMN22937492	simple	2894026	Dendrortyx leucophrys hypospodius	dendrortyx_leucophrys_hypospodius_WFVZ_53075					not collected		no					LOUISIANA STATE UNIVERSITY	SRA1428032		public	B889A8B33145EC8F7EF8B5D1B31B9D81	6DA01831FF60B38D29A6AE1A46ABDFB7
SRR25288821_144875_	NA	NA	NA	NA	NA	NA	NA	NA	NA	NA	NA	NA	NA	NA	NA	NA	NA	NA	NA	NA	NA	NA	NA	NA	NA	NA	NA	NA	NA	NA	NA	NA	NA	NA	NA	NA	NA	NA	NA	NA	NA	NA	NA	NA	NA	NA	NA	NA	NA	NA	NA	NA	NA	NA	NA	NA	NA	NA	NA	NA	NA
SRR25288772_849_	1816	686	0.175107397	TRUE	5.655359996	275	5.567806297	89.18918919	Rhinolophus_ferrumequinum_associated	novel	Bat	Bat	Rhinolophus_ferrumequinum_associated	Rhinolophus_ferrumequinum_associated	SRR25288772	2023-08-13 22:34:42	2023-07-15 00:04:26	15807258	4742177400	0	300	1840		https://sra-downloadb.be-md.ncbi.nlm.nih.gov/sos5/sra-pub-zq-11/SRR025/25288/SRR25288772/SRR25288772.lite.1	SRX21032227	library_300	OTHER	RANDOM PCR	VIRAL RNA	SINGLE	0	0	ILLUMINA	HiSeq X Ten	SRP449640	PRJNA994658	3	994658	SRS18304657	SAMN36440480	simple	1213622	bat metagenome	Sample_Pool-300							no					INSTITUTE OF PATHOGEN BIOLOGY CHINESE ACADEMY OF MEDICAL SCIENCES & PEKING UNION MEDICAL COLLEGE	SRA1673370		public	5ECCEFA8C415884E975257795BCCC22D	32D9317E3C5F309604F23A7B3163940C
SRR25256604_400055_	1235	105	0.001729203	TRUE	5.350457812	492	5.34959321	159.5675676	Manidae_associated	novel	Pangolin	Pangolin	Manidae_associated	Manidae_associated	SRR25256604	2023-09-06 12:39:31	2023-07-13 10:03:25	405967896	121790368800	405967896	300	38613		https://sra-downloadb.be-md.ncbi.nlm.nih.gov/sos9/sra-pub-zq-922/SRR025/25256/SRR25256604/SRR25256604.lite.1	SRX21002578	MCR08	WGS	PCR	GENOMIC	PAIRED	0	0	ILLUMINA	Illumina NovaSeq 6000	SRP449284	PRJNA962256		962256	SRS18275794	SAMN34388426	simple	3043966	Manidae sp.	sample							no					YUNNAN UNIVERSITY	SRA1672067		public	CA44D554114DB9BF95D6EEB8AAD900DF	46B2640A36E6362241291C330446E7E4
SRR25288600_363618_	2065	942	0.168083589	TRUE	5.622141005	130	5.53809921	42.16216216	Rousettus_leschenaultii_associated	novel	Bat	Bat	Rousettus_leschenaultii_associated	Rousettus_leschenaultii_associated	SRR25288600	2023-08-13 22:34:44	2023-07-15 00:02:32	17205064	5161519200	0	300	2172		https://sra-downloadb.be-md.ncbi.nlm.nih.gov/sos5/sra-pub-zq-11/SRR025/25288/SRR25288600/SRR25288600.lite.1	SRX21032397	library_268	OTHER	RANDOM PCR	VIRAL RNA	SINGLE	0	0	ILLUMINA	HiSeq X Ten	SRP449640	PRJNA994658	3	994658	SRS18304826	SAMN36440448	simple	1213622	bat metagenome	Sample_Pool-268							no					INSTITUTE OF PATHOGEN BIOLOGY CHINESE ACADEMY OF MEDICAL SCIENCES & PEKING UNION MEDICAL COLLEGE	SRA1673370		public	047D66E7899E88E2770939B8084E9984	F29FEE13D31A0600510E49057125B061
SRR7287334_9179_	NA	NA	NA	NA	NA	NA	NA	NA	NA	NA	NA	NA	NA	NA	NA	NA	NA	NA	NA	NA	NA	NA	NA	NA	NA	NA	NA	NA	NA	NA	NA	NA	NA	NA	NA	NA	NA	NA	NA	NA	NA	NA	NA	NA	NA	NA	NA	NA	NA	NA	NA	NA	NA	NA	NA	NA	NA	NA	NA	NA	NA
SRR24963500_872656_	1765	640	0.246924441	TRUE	5.938145777	630	5.814683557	204.3243243	Bovine_associated	novel	Bovine	Bovine	Bovine_associated	Bovine_associated	SRR24963500	2023-07-10 00:11:20	2023-06-19 22:26:09	24847709	7504008118	24847709	302	2401		https://sra-downloadb.be-md.ncbi.nlm.nih.gov/sos5/sra-pub-zq-11/SRR024/24963/SRR24963500/SRR24963500.lite.1	SRX20721331	USDA2736	WGS	RANDOM	METAGENOMIC	PAIRED	0	0	ILLUMINA	Illumina NovaSeq 6000	SRP444541	PRJNA984925		984925	SRS18012689	SAMN35783620	simple	1218275	bovine metagenome	USDA2736							no					UNIVERSITY OF MINNESOTA	SRA1658220		public	DCEC8B76A80E7BA2B62E54D23CED229E	A3643CF8C36B098889C0869D7865D53F
SRR25031639_299269_	NA	NA	NA	NA	NA	NA	NA	NA	NA	NA	NA	NA	NA	NA	NA	NA	NA	NA	NA	NA	NA	NA	NA	NA	NA	NA	NA	NA	NA	NA	NA	NA	NA	NA	NA	NA	NA	NA	NA	NA	NA	NA	NA	NA	NA	NA	NA	NA	NA	NA	NA	NA	NA	NA	NA	NA	NA	NA	NA	NA	NA
SRR25318379_54138_	1271	141	0.311523594	TRUE	5.714737261	764	5.558975464	247.7837838	Ixodes_ovatus_associated	novel	Tick	Other	Ixodes_ovatus_associated	Ixodes_ovatus_associated	SRR25318379	2023-07-20 05:41:41	2023-07-20 05:28:44	29499741	8849922300	29499741	300	2751		https://sra-downloadb.be-md.ncbi.nlm.nih.gov/sos4/sra-pub-zq-5/SRR025/25318/SRR25318379/SRR25318379.lite.1	SRX21060553	A64	WGS	RANDOM	METAGENOMIC	PAIRED	0	0	ILLUMINA	Illumina HiSeq 4000	SRP450044	PRJNA816261		816261	SRS18331182	SAMN26665686	simple	59652	Ixodes ovatus	A64							no					SUN YAT-SEN UNIVERSITY	SRA1387030		public	F51D9F1775404F0EC991E9AF2C6F3148	706A7AD1780D6041CE8AD35071016C54
SRR25288767_525095_	1815	685	0.280357048	TRUE	5.594196775	274	5.454018251	88.86486486	Rhinolophus_ferrumequinum_associated	novel	Bat	Bat	Rhinolophus_ferrumequinum_associated	Rhinolophus_ferrumequinum_associated	SRR25288767	2023-08-13 22:34:43	2023-07-15 00:04:52	20123745	6037123500	0	300	2261		https://sra-downloadb.be-md.ncbi.nlm.nih.gov/sos5/sra-pub-zq-11/SRR025/25288/SRR25288767/SRR25288767.lite.1	SRX21032232	library_303	OTHER	RANDOM PCR	VIRAL RNA	SINGLE	0	0	ILLUMINA	HiSeq X Ten	SRP449640	PRJNA994658	3	994658	SRS18304661	SAMN36440483	simple	1213622	bat metagenome	Sample_Pool-303							no					INSTITUTE OF PATHOGEN BIOLOGY CHINESE ACADEMY OF MEDICAL SCIENCES & PEKING UNION MEDICAL COLLEGE	SRA1673370		public	E59E4BBCFA43021D4E8BA39F72AE7536	C2A355419F4B2BC3C2D68EF94A2A86F8
SRR13789912_29274_	1329	188	0.135649312	TRUE	6.672784922	977	6.604960266	316.8648649	Human_associated	novel	Human	Human	Human_associated	Human_associated	SRR13789912	2022-01-26 03:39:48	2021-02-26 09:42:12	4128828	1233822876	4128828	298	420		https://sra-downloadb.be-md.ncbi.nlm.nih.gov/sos4/sra-pub-zq-1/SRR013/13789/SRR13789912/SRR13789912.lite.1	SRX10175158	GER_SNF_F138_V1_face	WGS	RANDOM	METAGENOMIC	PAIRED	0	0	ILLUMINA	Illumina NovaSeq 6000	SRP306763	PRJNA699281		699281	SRS8324128	SAMN17617880	simple	256318	metagenome	GER_SNF_F138_V1_face							no					JACKSON LABORATORY FOR GENOMIC MEDICINE	SRA1196859		public	D3548F707F52A99C9886FD2E3349113A	ECC161DA302EE76C51D727C7D3E2B2AB
SRR7530174_17519_	2141	1024	0.420586632	TRUE	5.075591628	86	4.865298312	27.89189189	Nipponia_nippon_associated	novel	Avian	Avian	Nipponia_nippon_associated	Nipponia_nippon_associated	SRR7530174	2018-12-29 00:16:12	2018-07-17 12:15:58	195415128	19150682544	195415128	98	12029		https://sra-downloadb.be-md.ncbi.nlm.nih.gov/sos5/sra-pub-zq-16/SRR007/530/SRR7530174.sralite.1	SRX4398176	CHKSEI14060198	WGS	RANDOM	GENOMIC	PAIRED	0	0	ILLUMINA	Illumina HiSeq 2000	SRP154135	PRJNA481495		481495	SRS3553195	SAMN09670290	simple	128390	Nipponia nippon	CHKSEI14060198					female		no					BGI	SRA741081		public	F9C4486A78DF26ECB986E8F8E7A7640D	E5BF6C2E73B5EC7E2FC141946374B19C
SRR7408270_4561_	1569	438	0.472079617	TRUE	6.096611606	845	5.860571797	274.0540541	Ursus_arctos_associated	novel	Ursine	Other	Ursus_arctos_associated	Ursus_arctos_associated	SRR7408270	2018-06-21 19:43:22	2018-06-21 19:38:24	37369294	1905833994	0	51	619		https://sra-downloadb.be-md.ncbi.nlm.nih.gov/sos5/sra-pub-zq-16/SRR007/408/SRR7408270.sralite.1	SRX4279802	JK328_B	WGS	RANDOM	GENOMIC	SINGLE	0	0	ILLUMINA	Illumina HiSeq 4000	SRP151062	PRJNA319270		319270	SRS3444838	SAMN04884486	simple	9644	Ursus arctos	Ursus_arctos_Kunashir2					not determined		no					"UNIVERSITY OF CALIFORNIA	 SANTA CRUZ"	SRA726265		public	6393D0FCE4BC77C539A6FD91097391FE
SRR7802447_0_	1355	215	0.084887472	TRUE	6.604063513	950	6.561619777	308.1081081	Human_associated	novel	Human	Human	Human_associated	Human_associated	SRR7802447	2019-10-07 00:36:49	2018-09-07 08:19:09	494059	97978304	494059	198	43		https://sra-downloadb.be-md.ncbi.nlm.nih.gov/sos9/sra-pub-zq-922/SRR007/802/SRR7802447.sralite.1	SRX4654136	MBS031	WGS	other	METAGENOMIC	PAIRED	0	0	ILLUMINA	Illumina HiSeq 2500	SRP160100	PRJNA489681		489681	SRS3751594	SAMN09988243	simple	1338477	skin metagenome	MBS031							no					GENOME INSTITUTE OF SINGAPORE	SRA769521		public	DD9D6D7DD9364D47CE5F3DF92E5924B1	FEDB73BDB4D751C3C112B34021D10919
SRR7802309_1_	1402	257	0.013217346	TRUE	6.804653756	1078	6.798045083	349.6216216	Human_associated	novel	Human	Human	Human_associated	Human_associated	SRR7802309	2019-10-07 00:36:52	2018-09-07 08:17:37	404272	79048321	404272	195	37		https://sra-downloadb.be-md.ncbi.nlm.nih.gov/sos9/sra-pub-zq-922/SRR007/802/SRR7802309.sralite.1	SRX4654274	MBS275	WGS	other	METAGENOMIC	PAIRED	0	0	ILLUMINA	Illumina HiSeq 2500	SRP160100	PRJNA489681		489681	SRS3751732	SAMN09988340	simple	1338477	skin metagenome	MBS275							no					GENOME INSTITUTE OF SINGAPORE	SRA769521		public	6E8A1442F27E2F01D1389852A0D3972B	0F7E09BCA1DBFEB726A8BE92E0AFA027
SRR22071730_45049_	1610	492	0.223881757	TRUE	5.467703918	798	5.355763039	258.8108108	Rattus_tanezumi_associated	novel	Rodent	Rodent	Rattus_tanezumi_associated	Rattus_tanezumi_associated	SRR22071730	2022-10-28 02:58:48	2022-10-28 02:12:08	22476872	6743061600	22476872	300	4334		https://sra-downloadb.be-md.ncbi.nlm.nih.gov/sos8/sra-pub-zq-818/SRR022/22071/SRR22071730/SRR22071730.lite.1	SRX18052105	"=VLOOKUP(A3	[1]totalReads!$B:$C	2	FALSE)"	RNA-Seq	cDNA	METATRANSCRIPTOMIC	PAIRED	0	0	ILLUMINA	Illumina HiSeq 2500	SRP404985	PRJNA892773		892773	SRS15558398	SAMN31495630	simple	1070528	viral metagenome	Longtang_Rattus_tanezumi_101							no					HAINAN MEDICAL UNIVERSITY	SRA1529254	
SRR13789712Score_660.249_	NA	NA	NA	NA	NA	NA	NA	NA	NA	NA	NA	NA	NA	NA	NA	NA	NA	NA	NA	NA	NA	NA	NA	NA	NA	NA	NA	NA	NA	NA	NA	NA	NA	NA	NA	NA	NA	NA	NA	NA	NA	NA	NA	NA	NA	NA	NA	NA	NA	NA	NA	NA	NA	NA	NA	NA	NA	NA	NA	NA	NA
ERR11785766_79526_	2107	987	0.249958044	TRUE	6.072423004	134	5.947443982	43.45945946	Syncerus_caffer_associated	novel	Bovine	Bovine	Syncerus_caffer_associated	Syncerus_caffer_associated	ERR11785766	2023-12-01 08:01:07	2023-12-05 04:03:28	212411534	63443909750	212411534	298	26683		https://sra-downloadb.be-md.ncbi.nlm.nih.gov/sos1/sra-pub-zq-38/ERR011/11785/ERR11785766/ERR11785766.lite.1	ERX11184283		OTHER	unspecified	GENOMIC	PAIRED	0	0	ILLUMINA	Illumina HiSeq 4000	ERP144275	PRJEB59220		1046812	ERS14551793	SAMEA112441495	simple	9970	Syncerus caffer	AB42156826							no					THE ROSLIN INSTITUTE	ERA26253215		public	E50E378F92C978170517160D82F2F7DD	F3172CF79A65B946999EF1667F64B083
SRR8379619_65067_	2194	1083	0.445188496	TRUE	3.038344228	5	2.81574998	1.621621622	Triturus_ivanbureschi_associated	novel	Salamander	Other	Triturus_ivanbureschi_associated	Triturus_ivanbureschi_associated	SRR8379619	2019-01-22 17:19:12	2018-12-29 04:54:23	41916734	12658853668	41916734	302	7717		https://sra-downloadb.be-md.ncbi.nlm.nih.gov/sos5/sra-pub-zq-11/SRR008/379/SRR8379619/SRR8379619.sralite.1	SRX5189611	6724	RNA-Seq	Hybrid Selection	GENOMIC	PAIRED	0	0	ILLUMINA	Illumina HiSeq 2500	SRP174865	PRJNA498336	3	498336	SRS4195904	SAMN10659542	simple	1611729	Triturus ivanbureschi	6724					male		no					UCLA	SRA827747		public	99C476440552B56699CB79930A7A03BA	7D5FA5457DC9665AD0BA45A940E243D8
SRR4201715_3155_	1931	805	0.341694014	TRUE	6.222829701	376	6.051982695	121.9459459	Molossus_molossus_associated	novel	Bat	Bat	Molossus_molossus_associated	Molossus_molossus_associated	SRR4201715	2017-12-15 00:03:52	2016-09-08 17:48:23	7800358	4364742668	7800358	559	2448		https://sra-downloadb.be-md.ncbi.nlm.nih.gov/sos5/sra-pub-zq-14/SRR004/201/SRR4201715.sralite.1	SRX2148130	MU_F	WGA	RANDOM PCR	METAGENOMIC	PAIRED	0	0	ILLUMINA	Illumina MiSeq	SRP087619	PRJNA341472	2	341472	SRS1679309	SAMN05725475	simple	1070528	viral metagenome	MU_F							no					INSTITUT PASTEUR DE LA GUYANE	SRA464957		public	1D470C15402B462EA0D681536FC17C39	9A682926C6B4589E32FADD4466658E87
SRR25288807_3102_	1895	765	0.066440178	TRUE	5.978692534	412	5.945472445	133.6216216	Hipposideros_larvatus_associated	novel	Bat	Bat	Hipposideros_larvatus_associated	Hipposideros_larvatus_associated	SRR25288807	2023-08-13 22:34:42	2023-07-15 00:04:24	14186507	4255952100	0	300	1835		https://sra-downloadb.be-md.ncbi.nlm.nih.gov/sos5/sra-pub-zq-11/SRR025/25288/SRR25288807/SRR25288807.lite.1	SRX21032191	library_190	OTHER	RANDOM PCR	VIRAL RNA	SINGLE	0	0	ILLUMINA	HiSeq X Ten	SRP449640	PRJNA994658	3	994658	SRS18304621	SAMN36440370	simple	1213622	bat metagenome	Sample_Pool-190							no					INSTITUTE OF PATHOGEN BIOLOGY CHINESE ACADEMY OF MEDICAL SCIENCES & PEKING UNION MEDICAL COLLEGE	SRA1673370		public	E3C9C4026D099A67FB171485B85BFAB5	4AEBC71FA64BEBC1DDC663CFA7BF4672
SRR4201715_11_	1845	725	0.169293663	TRUE	5.794974831	300	5.710327999	97.2972973	Molossus_molossus_associated	novel	Bat	Bat	Molossus_molossus_associated	Molossus_molossus_associated	SRR4201715	2017-12-15 00:03:52	2016-09-08 17:48:23	7800358	4364742668	7800358	559	2448		https://sra-downloadb.be-md.ncbi.nlm.nih.gov/sos5/sra-pub-zq-14/SRR004/201/SRR4201715.sralite.1	SRX2148130	MU_F	WGA	RANDOM PCR	METAGENOMIC	PAIRED	0	0	ILLUMINA	Illumina MiSeq	SRP087619	PRJNA341472	2	341472	SRS1679309	SAMN05725475	simple	1070528	viral metagenome	MU_F							no					INSTITUT PASTEUR DE LA GUYANE	SRA464957		public	1D470C15402B462EA0D681536FC17C39	9A682926C6B4589E32FADD4466658E87
SRR9897644_673202_	2187	1081	1.292231416	TRUE	5.171468462	31	4.525352754	10.05405405	Astyanax_mexicanus_associated	novel	Ray-finned Fish	Ray-finned Fish	Astyanax_mexicanus_associated	Astyanax_mexicanus_associated	SRR9897644	2022-10-31 00:13:38	2019-08-03 10:44:34	108966550	32907898100	108966550	302	10373		https://sra-downloadb.be-md.ncbi.nlm.nih.gov/sos9/sra-pub-zq-924/SRR009/9897/SRR9897644/SRR9897644.lite.1	SRX6649497	29	WGS	unspecified	GENOMIC	PAIRED	0	0	ILLUMINA	Illumina NovaSeq 6000	SRP217278	PRJNA558458	3	558458	SRS5211175	SAMN12478773	simple	7994	Astyanax mexicanus	Mante_T6154					not collected		no					UNIVERSITY OF MINNESOTA	SRA932013		public	E87DC0B0ABFBD740C48B6D7AD54B7607	46BE139F5961DD74BC17A44DFBCA6FA4
SRR12694846_1322770_	1473	336	0.125725213	TRUE	6.696715615	1032	6.633853009	334.7027027	Human_associated	novel	Human	Human	Human_associated	Human_associated	SRR12694846	2022-10-01 00:12:39	2020-09-23 00:55:11	507449041	152234712300	507449041	300	57851		https://sra-downloadb.be-md.ncbi.nlm.nih.gov/sos1/sra-pub-zq-38/SRR012/12694/SRR12694846/SRR12694846.lite.1	SRX9174620	P5671-sc7	WGA	RANDOM	GENOMIC	PAIRED	0	0	ILLUMINA	HiSeq X Ten	SRP256138	PRJNA604476		604476	SRS6471951	SAMN14592340	simple	9606	Homo sapiens	P5671-sc7					male		no					BAYLOR COLLEGE OF MEDICINE	SRA1130198		public	1EA879BCE467E62ADB08F43ABE488BFB	084B354D309D187744B59928FC196AB2
ERR3209929_15310_	1703	576	0.014737666	TRUE	5.38768143	706	5.380312597	228.972973	Betapapillomavirus	novel	Human	Human	Betapapillomavirus	Human_associated	ERR3209929	2019-05-23 08:21:27	2022-07-24 08:20:01	6826999	1371555810	6826999	200	636		https://sra-downloadb.be-md.ncbi.nlm.nih.gov/sos1/sra-pub-zq-38/ERR003/3209/ERR3209929/ERR3209929.lite.2	ERX3237540	unspecified	WGS	RANDOM	METAGENOMIC	PAIRED	400	0	ILLUMINA	Illumina HiSeq 2000	ERP114207	PRJEB31632		544455	ERS3215496	SAMEA5410189	simple	256318	metagenome	SAMEA5410189							no					GENOME INSTITRUTE OF SINGAPORE	ERA1759667		public	403B283DCB3AEED8305CF7469B7FFF23	1E1F21CD79C9F183059AC0170CF51236
DRR472482Score_615.611_	1196	59	0.232940639	TRUE	6.117938326	531	6.001468007	172.2162162	Human_associated	novel	Human	Human	Human_associated	Human_associated	DRR472482	2023-08-22 17:51:05	2023-09-17 00:59:58	51732	23109913	51036	446	12		https://sra-downloadb.be-md.ncbi.nlm.nih.gov/sos9/sra-pub-zq-922/DRR000/472/DRR472482/DRR472482.lite.1	DRX456711	lib508	Targeted-Capture	other	METAGENOMIC	PAIRED	200	0	ILLUMINA	Illumina HiSeq 2500	DRP010426	PRJDB15907	3	1008443	DRS320598	SAMD00613711	simple	256318	metagenome	SAMD00613711							no					NAGASAKI	DRA016362		public	FA4A5CD47A533F01D203453D05B54740	5504EF9F784D61E45D7CF698CA2F5DDA
SRR13790026Score_656.256_	NA	NA	NA	NA	NA	NA	NA	NA	NA	NA	NA	NA	NA	NA	NA	NA	NA	NA	NA	NA	NA	NA	NA	NA	NA	NA	NA	NA	NA	NA	NA	NA	NA	NA	NA	NA	NA	NA	NA	NA	NA	NA	NA	NA	NA	NA	NA	NA	NA	NA	NA	NA	NA	NA	NA	NA	NA	NA	NA	NA	NA
SRR6442949Score_638.911_	NA	NA	NA	NA	NA	NA	NA	NA	NA	NA	NA	NA	NA	NA	NA	NA	NA	NA	NA	NA	NA	NA	NA	NA	NA	NA	NA	NA	NA	NA	NA	NA	NA	NA	NA	NA	NA	NA	NA	NA	NA	NA	NA	NA	NA	NA	NA	NA	NA	NA	NA	NA	NA	NA	NA	NA	NA	NA	NA	NA	NA
ERR164661Score_625.452_	1163	28	0.035944034	TRUE	6.269087234	586	6.251115217	190.0540541	Human_associated	novel	Human	Human	Human_associated	Human_associated	ERR164661	2012-08-28 23:21:10	2014-10-18 03:27:09	2666269	533253800	2666269	200	315	BioProject28585	https://sra-downloadb.be-md.ncbi.nlm.nih.gov/sos5/sra-pub-zq-11/ERR000/164/ERR164661/ERR164661.sralite.1	ERX140538	5341359	WGS	RANDOM	GENOMIC	PAIRED	237	68	ILLUMINA	Illumina HiSeq 2000	ERP000089	PRJEB2035		203744	ERS133248	SAMEA1483369	simple	813	Chlamydia trachomatis	SAMEA1483369							no					SC	ERA156316		public	CDF6F532EEC5B2143D5B0EEE9E8CD09B	91D013DEB6E6581A68F030A38F622CF6
SRR13789891Score_658.143_	NA	NA	NA	NA	NA	NA	NA	NA	NA	NA	NA	NA	NA	NA	NA	NA	NA	NA	NA	NA	NA	NA	NA	NA	NA	NA	NA	NA	NA	NA	NA	NA	NA	NA	NA	NA	NA	NA	NA	NA	NA	NA	NA	NA	NA	NA	NA	NA	NA	NA	NA	NA	NA	NA	NA	NA	NA	NA	NA	NA	NA
ERR10188009_10374_	1626	498	0.508361206	TRUE	6.496831103	752	6.242650499	243.8918919	Bovine_associated	novel	Bovine	Bovine	Bovine_associated	Bovine_associated	ERR10188009	2022-11-01 00:31:17	2022-11-19 03:24:35	3069130	835124647	3069130	272	275		https://sra-downloadb.be-md.ncbi.nlm.nih.gov/sos8/sra-pub-zq-818/ERR010/10188/ERR10188009/ERR10188009.lite.1	ERX9723598	dptc_127	OTHER	RANDOM	METAGENOMIC	PAIRED	0	0	ILLUMINA	NextSeq 2000	ERP140858	PRJEB55911		896071	ERS13450612	SAMEA111353076	simple	1616037	milk metagenome	SAMEA111353076							no					TEAGASC FOOD RESEARCH CENTRE	ERA17907509		public	D2B19B891C751F9E6FBC6316AB108968	CE586E5FCAB30631B0EE5D6E9753F6EF
SRR26848399Score_657.048_	NA	NA	NA	NA	NA	NA	NA	NA	NA	NA	NA	NA	NA	NA	NA	NA	NA	NA	NA	NA	NA	NA	NA	NA	NA	NA	NA	NA	NA	NA	NA	NA	NA	NA	NA	NA	NA	NA	NA	NA	NA	NA	NA	NA	NA	NA	NA	NA	NA	NA	NA	NA	NA	NA	NA	NA	NA	NA	NA	NA	NA
SRR24184635SRR24184635Score_265.377_	NA	NA	NA	NA	NA	NA	NA	NA	NA	NA	NA	NA	NA	NA	NA	NA	NA	NA	NA	NA	NA	NA	NA	NA	NA	NA	NA	NA	NA	NA	NA	NA	NA	NA	NA	NA	NA	NA	NA	NA	NA	NA	NA	NA	NA	NA	NA	NA	NA	NA	NA	NA	NA	NA	NA	NA	NA	NA	NA	NA	NA
ERR11403158_1683236_	2043	923	0.21142052	TRUE	5.20307359	209	5.09736333	67.78378378	Canis_familiaris_associated	novel	Canine	Canine	Canis_familiaris_associated	Canis_familiaris_associated	ERR11403158	2023-09-06 03:45:06	2023-09-09 06:02:08	334981632	100494489600	334981632	300	47843		https://sra-downloadb.be-md.ncbi.nlm.nih.gov/sos1/sra-pub-zq-38/ERR011/11403/ERR11403158/ERR11403158.lite.1	ERX10810949		WGS	RANDOM	GENOMIC	PAIRED	0	0	ILLUMINA	Illumina HiSeq 4000	ERP119159	PRJEB36029		724105	ERS4950210	SAMEA7189977	simple	9615	Canis lupus familiaris	SAMEA7189977							no					THE KENNEL CLUB GENETICS CENTRE	ERA23268916		public	A73B590C1B8F17DD596AC3C3CEE22513	B8F1FD43686295DE1A2E149C5CB2843F
DRR319698Score_299.228_	2188	1080	0.388576456	TRUE	5.565493796	32	5.371205568	10.37837838	Misgurnus_anguillicaudatus_associated	novel	Ray-finned Fish	Ray-finned Fish	Misgurnus_anguillicaudatus_associated	Misgurnus_anguillicaudatus_associated	DRR319698	2021-10-03 12:55:57	2021-10-02 12:04:35	21140078	6342023400	21140078	300	2652		https://sra-downloadb.be-md.ncbi.nlm.nih.gov/sos4/sra-pub-zq-1/DRR000/319/DRR319698/DRR319698.lite.1	DRX309046	MOS2	RNA-Seq	RANDOM	TRANSCRIPTOMIC	PAIRED	0	0	ILLUMINA	Illumina HiSeq 2500	DRP007725	PRJDB12350		768718	DRS205158	SAMD00406526	simple	75329	Misgurnus anguillicaudatus	SAMD00406526							no					UT-AQUA	DRA012772		public	CE2C5A9309FA6B9402C0228B5C8F64E5	EAD8A6C256F47FB9D38C0C8BF5230870
SRR25737668_153243_	2119	1000	0.147193962	TRUE	5.683099672	113	5.609502691	36.64864865	Podarcis_muralis_associated	novel	Reptile	Reptile	Podarcis_muralis_associated	Podarcis_muralis_associated	SRR25737668	2023-09-08 00:01:18	2023-08-23 04:49:15	81454481	24436344300	81454481	300	7360		https://sra-downloadb.be-md.ncbi.nlm.nih.gov/sos8/sra-pub-zq-820/SRR025/25737/SRR25737668/SRR25737668.lite.1	SRX21461148	SX41	WGS	RANDOM	GENOMIC	PAIRED	0	0	ILLUMINA	HiSeq X Ten	SRP456582	PRJNA1008404		1008404	SRS18696729	SAMN37118857	simple	64176	Podarcis muralis	SX41					male		no					LUND UNIVERSITY	SRA1697861		public	498812B71F19AF1D7D4E681986240B2B	20CC402BB58DF113D028D32465318299
SRR7802420Score_649.451_	NA	NA	NA	NA	NA	NA	NA	NA	NA	NA	NA	NA	NA	NA	NA	NA	NA	NA	NA	NA	NA	NA	NA	NA	NA	NA	NA	NA	NA	NA	NA	NA	NA	NA	NA	NA	NA	NA	NA	NA	NA	NA	NA	NA	NA	NA	NA	NA	NA	NA	NA	NA	NA	NA	NA	NA	NA	NA	NA	NA	NA
SRR4075526_1936_	1622	503	1.344286647	TRUE	6.240717411	747	5.568574088	242.2702703	Horse_associated	novel	Equine	Equine	Horse_associated	Horse_associated	SRR4075526	2017-02-07 10:30:04	2016-08-28 00:19:54	24375673	7312701900	24375673	300	2656		https://sra-downloadb.be-md.ncbi.nlm.nih.gov/sos5/sra-pub-zq-11/SRR004/075/SRR4075526/SRR4075526.sralite.1	SRX2059079	NM21-3	WGS	DNase	METAGENOMIC	PAIRED	0	0	ILLUMINA	Illumina HiSeq 2500	SRP083102	PRJNA340315		340315	SRS1651040	SAMN05712401	simple	1154581	food fermentation metagenome	NM21-3							no					IMAU	SRA456257		public	A23C488A7D06795C98E841686F0D7D8F	5B0223C54ACD42F59170E0C2BDD8B924
SRR4201715_304_	1848	721	0.175328667	TRUE	6.030617875	305	5.942953542	98.91891892	Molossus_molossus_associated	novel	Bat	Bat	Molossus_molossus_associated	Molossus_molossus_associated	SRR4201715	2017-12-15 00:03:52	2016-09-08 17:48:23	7800358	4364742668	7800358	559	2448		https://sra-downloadb.be-md.ncbi.nlm.nih.gov/sos5/sra-pub-zq-14/SRR004/201/SRR4201715.sralite.1	SRX2148130	MU_F	WGA	RANDOM PCR	METAGENOMIC	PAIRED	0	0	ILLUMINA	Illumina MiSeq	SRP087619	PRJNA341472	2	341472	SRS1679309	SAMN05725475	simple	1070528	viral metagenome	MU_F							no					INSTITUT PASTEUR DE LA GUYANE	SRA464957		public	1D470C15402B462EA0D681536FC17C39	9A682926C6B4589E32FADD4466658E87
SRR18400216_50961_	1283	147	0.142099091	TRUE	6.101114136	788	6.030064591	255.5675676	Canis_familiaris_associated	novel	Canine	Canine	Canis_familiaris_associated	Canis_familiaris_associated	SRR18400216	2023-01-01 00:04:45	2022-03-21 18:51:47	9121603	2638132558	9121603	289	872		https://sra-downloadb.be-md.ncbi.nlm.nih.gov/sos1/sra-pub-zq-38/SRR018/18400/SRR18400216/SRR18400216.lite.1	SRX14533887	321e5efc-b3d3-430e-bf7f-deb11aa262dd	WGS	other	GENOMIC	PAIRED	0	0	ILLUMINA	Illumina NovaSeq 6000	SRP365116	PRJNA800779		800779	SRS12330997	SAMN25331356	simple	9615	Canis lupus familiaris	31020061515487					female		no					DAP	SRA1389116		public	22CA3AD3A0812D7EF5F21F5272791069	AE4B53513DB27EA1DBEE806643E3F694
SRR18400698_20537_	1293	159	0.10548865	TRUE	6.238120425	777	6.185376099	252	Canis_familiaris_associated	novel	Canine	Canine	Canis_familiaris_associated	Canis_familiaris_associated	SRR18400698	2023-01-01 00:04:52	2022-03-21 20:31:29	10565076	3190652952	10565076	302	1196		https://sra-downloadb.be-md.ncbi.nlm.nih.gov/sos1/sra-pub-zq-38/SRR018/18400/SRR18400698/SRR18400698.lite.1	SRX14534405	bae78b9b-bf50-4170-be0f-919e780bccc0	WGS	other	GENOMIC	PAIRED	0	0	ILLUMINA	Illumina NovaSeq 6000	SRP365116	PRJNA800779		800779	SRS12331515	SAMN25330930	simple	9615	Canis lupus familiaris	31001712013449					female		no					DAP	SRA1389116		public	4541BC3D089CBD23BBD9014D1CC50AC7	E567BD975108210EDCC374A1CD42D118
SRR24963462_472035_	1766	643	0.37716808	TRUE	5.752937027	628	5.564352987	203.6756757	Bovine_associated	novel	Bovine	Bovine	Bovine_associated	Bovine_associated	SRR24963462	2023-07-10 00:11:21	2023-06-19 22:32:59	32104754	9695635708	32104754	302	3040		https://sra-downloadb.be-md.ncbi.nlm.nih.gov/sos5/sra-pub-zq-11/SRR024/24963/SRR24963462/SRR24963462.lite.1	SRX20721368	USDA1920	WGS	RANDOM	METAGENOMIC	PAIRED	0	0	ILLUMINA	Illumina NovaSeq 6000	SRP444541	PRJNA984925		984925	SRS18012727	SAMN35783580	simple	1218275	bovine metagenome	USDA1920							no					UNIVERSITY OF MINNESOTA	SRA1658220		public	E2AEBD8A868AAA8E9944CE0EEF3A1B9E	C90D7E78357024CCA8E4E9C39658258D
SRR24956270_4526557_	2058	939	0.54589461	TRUE	5.225031831	172	4.952084525	55.78378378	Bovine_associated	novel	Bovine	Bovine	Bovine_associated	Bovine_associated	SRR24956270	2023-07-10 00:11:15	2023-06-18 14:10:04	37830322	11424757244	37830322	302	3555		https://sra-downloadb.be-md.ncbi.nlm.nih.gov/sos5/sra-pub-zq-11/SRR024/24956/SRR24956270/SRR24956270.lite.1	SRX20714298	USDA460	WGS	RANDOM	METAGENOMIC	PAIRED	0	0	ILLUMINA	Illumina NovaSeq 6000	SRP444541	PRJNA984925		984925	SRS18019070	SAMN35783775	simple	1218275	bovine metagenome	USDA460							no					UNIVERSITY OF MINNESOTA	SRA1657809		public	CEA43174E90E0BDC9FE2C241489D11C1	5432E5874DB1271AF021A8D998A4ECB6
SRR11743604_76211_	2158	1048	0.999619823	TRUE	4.462917684	65	3.963107773	21.08108108	Malapterurus_electricus_associated	novel	Ray-finned Fish	Ray-finned Fish	Malapterurus_electricus_associated	Malapterurus_electricus_associated	SRR11743604	2021-06-30 00:32:55	2020-05-09 04:45:04	24019721	7205916300	24019721	300	2160		https://sra-downloadb.be-md.ncbi.nlm.nih.gov/sos8/sra-pub-zq-818/SRR011/11743/SRR11743604/SRR11743604.lite.1	SRX8297022	repeat1_Malapterurus_electricus_gill	RNA-Seq	RANDOM	TRANSCRIPTOMIC	PAIRED	0	0	ILLUMINA	Illumina NovaSeq 6000	SRP260531	PRJNA592730		592730	SRS6617813	SAMN13530295	simple	337630	Malapterurus electricus	The gill of Malapterurus electricus					not collected		no					CENTER FOR ECOLOGICAL AND ENVIRONMENTAL SCIENCES	SRA1073650		public	36BAA4C49BCE026605D380A4A78C5BAE	7006A7629E7F131C1A32B1C8A96A3EA9
SRR20028133_10902_	1487	350	0.236152602	TRUE	6.469133976	1003	6.351057675	325.2972973	Human_associated	novel	Human	Human	Human_associated	Human_associated	SRR20028133	2022-11-10 17:06:38	2022-07-07 18:14:04	12563805	3129684911	12563805	249	1200		https://sra-downloadb.be-md.ncbi.nlm.nih.gov/sos1/sra-pub-zq-38/SRR020/20028/SRR20028133/SRR20028133.lite.1	SRX16066567	011_T3_Acne	WGS	RANDOM	METAGENOMIC	PAIRED	0	0	ILLUMINA	NextSeq 500	SRP385369	PRJNA856701	3	856701	SRS13744033	SAMN29584259	simple	256318	metagenome	011_T3_Acne							no					PENN STATE COLLEGE OF MEDICINE	SRA1450972		public	A04F0702B3480826E8CFAC9E967072B7	035677C9C48D21AFF786AAAF7F57B532
SRR21770678_48369_	1252	122	0.107370819	TRUE	5.613769795	475	5.560084386	154.0540541	Canis_familiaris_associated	novel	Canine	Canine	Canis_familiaris_associated	Canis_familiaris_associated	SRR21770678	2023-01-01 00:09:19	2022-10-02 06:19:52	8994622	2716375844	8994622	302	1031		https://sra-downloadb.be-md.ncbi.nlm.nih.gov/sos1/sra-pub-zq-38/SRR021/21770/SRR21770678/SRR21770678.lite.1	SRX17765683	05c62960-8870-4784-8b69-fc0497fd7dd6	WGS	other	GENOMIC	PAIRED	0	0	ILLUMINA	Illumina NovaSeq 6000	SRP365116	PRJNA800779		800779	SRS15292981	SAMN25333901	simple	9615	Canis lupus familiaris	31001712013889					female		no					DAP	SRA1395775		public	169FB6473986C6B47BAED44D76891973	184FF000DD7982884EA087493E7E478A
SRR15899493_12438_	1519	378	0.0792087	TRUE	6.413571898	912	6.373967548	295.7837838	Human_associated	novel	Human	Human	Human_associated	Human_associated	SRR15899493	2021-09-15 06:48:26	2021-09-14 22:48:39	14766401	4038908930	14766401	273	1339		https://sra-downloadb.be-md.ncbi.nlm.nih.gov/sos9/sra-pub-zq-922/SRR015/15899/SRR15899493/SRR15899493.lite.1	SRX12190070	LKMN002-3-01_S204	WGS	RANDOM	METAGENOMIC	PAIRED	0	0	ILLUMINA	Illumina NovaSeq 6000	SRP337076	PRJNA763232		763232	SRS10167908	SAMN21436447	simple	539655	human skin metagenome	LKMN002-3-01_S204							no					UNIVERSITY OF WISCONSIN - MADISON	SRA1294629		public	04FC3198DFF83AE3D24F29699810A8ED	5A3830CE9741C667BE7DDDDFA3DF0213
SRR19145070_36999_	1471	332	0.016906789	TRUE	6.679895086	1046	6.671441691	339.2432432	Human_associated	novel	Human	Human	Human_associated	Human_associated	SRR19145070	2023-05-18 09:49:07	2022-05-09 11:58:14	2383457	703871557	2383457	295	295		https://sra-downloadb.be-md.ncbi.nlm.nih.gov/sos8/sra-pub-zq-818/SRR019/19145/SRR19145070/SRR19145070.lite.1	SRX15211853	314	WGS	RANDOM	METAGENOMIC	PAIRED	0	0	ILLUMINA	Illumina HiSeq 4000	SRP374337	PRJNA836336	3	836336	SRS12949455	SAMN28157674	simple	408170	human gut metagenome	V170254.03212017							no					UNIVERSITY OF CALIFORNIA LOS ANGELES	SRA1417233		public	4C5CDD3D6BFDE1629A75444A4591F8A4	15D20AEAC4A9A1581A5E7B38472C8082
ERR4982086_9616_	NA	NA	NA	NA	NA	NA	NA	NA	NA	NA	NA	NA	NA	NA	NA	NA	NA	NA	NA	NA	NA	NA	NA	NA	NA	NA	NA	NA	NA	NA	NA	NA	NA	NA	NA	NA	NA	NA	NA	NA	NA	NA	NA	NA	NA	NA	NA	NA	NA	NA	NA	NA	NA	NA	NA	NA	NA	NA	NA	NA	NA
SRR27078515Score_646.195_	NA	NA	NA	NA	NA	NA	NA	NA	NA	NA	NA	NA	NA	NA	NA	NA	NA	NA	NA	NA	NA	NA	NA	NA	NA	NA	NA	NA	NA	NA	NA	NA	NA	NA	NA	NA	NA	NA	NA	NA	NA	NA	NA	NA	NA	NA	NA	NA	NA	NA	NA	NA	NA	NA	NA	NA	NA	NA	NA	NA	NA
SRR7688386Score_652.92_	1525	387	0.230446086	TRUE	6.505978965	904	6.390755922	293.1891892	Human_associated	novel	Human	Human	Human_associated	Human_associated	SRR7688386	2018-10-12 00:16:24	2018-08-13 12:25:49	8650873	2180019996	8650873	252	892		https://sra-downloadb.be-md.ncbi.nlm.nih.gov/sos9/sra-pub-zq-922/SRR007/688/SRR7688386.sralite.1	SRX4548709	APP0176_1_L13270568	WGS	RANDOM	METAGENOMIC	PAIRED	500	50	ILLUMINA	Illumina HiSeq 2500	SRP157584	PRJNA471898	3	471898	SRS3665972	SAMN09715251	simple	539655	human skin metagenome	MET1795							no					NISC	SRA757694		public	65EA8DFD4AF0C4D1A5E911A86853C589	A90E5B76E32A34CF7354E43A4E6999D6
SRR7688514Score_616.964_	1396	250	0.109141378	TRUE	6.857998142	1079	6.803427453	349.9459459	Human_associated	novel	Human	Human	Human_associated	Human_associated	SRR7688514	2018-10-12 00:16:25	2018-08-13 12:23:36	96425	24299100	96425	252	10		https://sra-downloadb.be-md.ncbi.nlm.nih.gov/sos9/sra-pub-zq-922/SRR007/688/SRR7688514.sralite.1	SRX4548762	APP0143_1_L13270506	WGS	RANDOM	METAGENOMIC	PAIRED	500	50	ILLUMINA	Illumina HiSeq 2500	SRP157584	PRJNA471898	3	471898	SRS3666025	SAMN09715331	simple	539655	human skin metagenome	MET1836							no					NISC	SRA757708		public	1D6B650320A170BDFBA79DFCAEC4976D	674B59E02FE67F8683A6D01AAAC95BCE
SRR7688400Score_649.582_	1664	529	0.190996334	TRUE	6.467626233	699	6.372128066	226.7027027	Human_associated	novel	Human	Human	Human_associated	Human_associated	SRR7688400	2018-10-12 00:16:24	2018-08-13 12:23:24	1986532	500606064	1986532	252	202		https://sra-downloadb.be-md.ncbi.nlm.nih.gov/sos5/sra-pub-zq-14/SRR007/688/SRR7688400.sralite.1	SRX4548713	APP0157_1_L13270560	WGS	RANDOM	METAGENOMIC	PAIRED	500	50	ILLUMINA	Illumina HiSeq 2500	SRP157584	PRJNA471898	3	471898	SRS3665976	SAMN09715255	simple	539655	human skin metagenome	MET1799							no					NISC	SRA757694		public	300B7E51504EB702CFEE9A95ACD8AB3E	6AA694F5AB1120BF63EC77D861ACF463
SRR14825055Score_662.182_	NA	NA	NA	NA	NA	NA	NA	NA	NA	NA	NA	NA	NA	NA	NA	NA	NA	NA	NA	NA	NA	NA	NA	NA	NA	NA	NA	NA	NA	NA	NA	NA	NA	NA	NA	NA	NA	NA	NA	NA	NA	NA	NA	NA	NA	NA	NA	NA	NA	NA	NA	NA	NA	NA	NA	NA	NA	NA	NA	NA	NA
ERR11284570_621919_	1287	153	0.206478994	TRUE	6.102199058	779	5.998959561	252.6486486	Canis_familiaris_associated	novel	Canine	Canine	Canis_familiaris_associated	Canis_familiaris_associated	ERR11284570	2023-09-05 19:50:41	2023-10-02 07:58:58	509772251	152143969121	509772251	298	60584		https://sra-downloadb.be-md.ncbi.nlm.nih.gov/sos1/sra-pub-zq-38/ERR011/11284/ERR11284570/ERR11284570.lite.1	ERX10692179		WGS	RANDOM	GENOMIC	PAIRED	0	0	ILLUMINA	Illumina HiSeq X	ERP119159	PRJEB36029		724105	ERS4950442	SAMEA7190209	simple	9615	Canis lupus familiaris	SAMEA7190209							no					THE KENNEL CLUB GENETICS CENTRE	ERA23247218		public	4AE9AF712A259DD9777B36102BEECDC0	316612DD11C7674A1F4B4BBC326B6022
ERR3281568_196968_	2108	990	0.204638343	TRUE	5.63369776	133	5.531378588	43.13513514	Capra_hircus_associated	novel	Caprine	Other	Capra_hircus_associated	Capra_hircus_associated	ERR3281568	2019-04-17 08:18:47	2019-04-22 03:56:04	254211611	75947430697	254211611	298	31801		https://sra-downloadb.be-md.ncbi.nlm.nih.gov/sos5/sra-pub-zq-16/ERR003/3281/ERR3281568/ERR3281568.lite.1	ERX3294557	TZCH-SNJ-0009	WGS	RANDOM	GENOMIC	PAIRED	150	20	ILLUMINA	HiSeq X Ten	ERP114470	PRJEB31857		533273	ERS3357905	SAMEA5555865	simple	9925	Capra hircus	SAMEA5555865					female		no					THE ROSLIN INSTITUTE	ERA1837284		public	8A3BCD91D63E8ADA65ED90EFD4DE9E1C	6798BF539B3B0799437567E3CD7EF05A
SRR13789583_423381_	NA	NA	NA	NA	NA	NA	NA	NA	NA	NA	NA	NA	NA	NA	NA	NA	NA	NA	NA	NA	NA	NA	NA	NA	NA	NA	NA	NA	NA	NA	NA	NA	NA	NA	NA	NA	NA	NA	NA	NA	NA	NA	NA	NA	NA	NA	NA	NA	NA	NA	NA	NA	NA	NA	NA	NA	NA	NA	NA	NA	NA
SRR13235485_155797_	1288	157	0.149628205	TRUE	6.049905478	781	5.975091376	253.2972973	Canis_familiaris_associated	novel	Canine	Canine	Canis_familiaris_associated	Canis_familiaris_associated	SRR13235485	2022-02-01 04:01:36	2020-12-10 01:01:53	10914943	3274482900	10914943	300	1394		https://sra-downloadb.be-md.ncbi.nlm.nih.gov/sos4/sra-pub-zq-1/SRR013/13235/SRR13235485/SRR13235485.lite.1	SRX9667352	DarwinsArk_020059_31001806034252	WGS	other	GENOMIC	PAIRED	0	0	ILLUMINA	Illumina NovaSeq 6000	SRP297431	PRJNA675863		675863	SRS7866312	SAMN16778109	simple	9615	Canis lupus familiaris	DarwinsArk_020059_31001806034252					female		no					BROAD INSTITUTE	SRA1169584		public	123EA6E00C7F334A375BFAC93BC82A88	A9FE22D621B54B70F71D9D27954A09CE
ERR11223860_348186_	NA	NA	NA	NA	NA	NA	NA	NA	NA	NA	NA	NA	NA	NA	NA	NA	NA	NA	NA	NA	NA	NA	NA	NA	NA	NA	NA	NA	NA	NA	NA	NA	NA	NA	NA	NA	NA	NA	NA	NA	NA	NA	NA	NA	NA	NA	NA	NA	NA	NA	NA	NA	NA	NA	NA	NA	NA	NA	NA	NA	NA
ERR11271768_87624_	1281	144	0.157264161	TRUE	6.287516538	793	6.208884457	257.1891892	Canis_familiaris_associated	novel	Canine	Canine	Canis_familiaris_associated	Canis_familiaris_associated	ERR11271768	2023-04-29 02:29:56	2023-07-30 20:13:31	491988581	146597307885	491988581	297	64835		https://sra-downloadb.be-md.ncbi.nlm.nih.gov/sos5/sra-pub-zq-16/ERR011/11271/ERR11271768/ERR11271768.lite.1	ERX10679338		WGS	RANDOM	GENOMIC	PAIRED	0	0	ILLUMINA	Illumina HiSeq X	ERP119159	PRJEB36029		724105	ERS4950390	SAMEA7190157	simple	9615	Canis lupus familiaris	BH_32591							no					THE KENNEL CLUB GENETICS CENTRE	ERA22616742		public	B2CF99FC7BDF7F587E8AFEEE07BC0563	3A6C121AF15AE9BF3CB0BE02495A9E1A
SRR7687906Score_664.528_	NA	NA	NA	NA	NA	NA	NA	NA	NA	NA	NA	NA	NA	NA	NA	NA	NA	NA	NA	NA	NA	NA	NA	NA	NA	NA	NA	NA	NA	NA	NA	NA	NA	NA	NA	NA	NA	NA	NA	NA	NA	NA	NA	NA	NA	NA	NA	NA	NA	NA	NA	NA	NA	NA	NA	NA	NA	NA	NA	NA	NA
ERR11028317Score_615.623_	NA	NA	NA	NA	NA	NA	NA	NA	NA	NA	NA	NA	NA	NA	NA	NA	NA	NA	NA	NA	NA	NA	NA	NA	NA	NA	NA	NA	NA	NA	NA	NA	NA	NA	NA	NA	NA	NA	NA	NA	NA	NA	NA	NA	NA	NA	NA	NA	NA	NA	NA	NA	NA	NA	NA	NA	NA	NA	NA	NA	NA
SRR9703484_10495_	1938	815	0.753808961	TRUE	5.979881242	311	5.602976761	100.8648649	Monophyllus_redmani_associated	novel	Bat	Bat	Monophyllus_redmani_associated	Monophyllus_redmani_associated	SRR9703484	2020-04-27 13:12:57	2019-07-18 11:31:36	32169236	4856754607	32169236	150	1851		https://sra-downloadb.be-md.ncbi.nlm.nih.gov/sos9/sra-pub-zq-922/SRR009/703/SRR9703484.sralite.1	SRX6461481	DR013_E	RNA-Seq	unspecified	TRANSCRIPTOMIC	PAIRED	0	0	ILLUMINA	NextSeq 500	SRP215219	PRJNA555243	3	555243	SRS5112459	SAMN12306094	simple	148052	Monophyllus redmani	DR013					male		no					QUEEN MARY UNIVERSITY OF LONDON	SRA922713		public	5931F1E6CE5303C53493DB6662EA4F3A	D5E49A3DC044A89A216F696DE2D95242
ERR10188114_7499_	2103	982	0.31504628	TRUE	6.055064361	136	5.897541221	44.10810811	Bovine_associated	novel	Bovine	Bovine	Bovine_associated	Bovine_associated	ERR10188114	2022-11-01 00:31:18	2022-11-19 03:25:30	3850007	1095854786	3850007	284	361		https://sra-downloadb.be-md.ncbi.nlm.nih.gov/sos8/sra-pub-zq-818/ERR010/10188/ERR10188114/ERR10188114.lite.1	ERX9723703	dptc_232	OTHER	RANDOM	METAGENOMIC	PAIRED	0	0	ILLUMINA	NextSeq 2000	ERP140858	PRJEB55911		896071	ERS13450729	SAMEA111353193	simple	1616037	milk metagenome	SAMEA111353193							no					TEAGASC FOOD RESEARCH CENTRE	ERA17907509		public	1486661946250858CE873F064D6DB529	0AF3514244524A32BFA8AAE4A7134E8C
SRR26070879_529058_	2000	877	0.052583838	TRUE	5.172174508	230	5.145882589	74.59459459	Myodes_glareolus_associated	novel	Rodent	Rodent	Myodes_glareolus_associated	Myodes_glareolus_associated	SRR26070879	2023-10-16 13:20:45	2023-09-15 12:59:48	37244561	11247857422	37244561	302	3421		https://sra-downloadb.be-md.ncbi.nlm.nih.gov/sos1/sra-pub-zq-38/SRR026/26070/SRR26070879/SRR26070879.lite.1	SRX21786731	798_S107_R1	WGS	RANDOM	GENOMIC	PAIRED	0	0	ILLUMINA	Illumina NovaSeq 6000	SRP460762	PRJNA1017835		1017835	SRS18889175	SAMN37410790	simple	447135	Myodes glareolus	798					not determined		no					INSTITUTE OF ANIMAL PHYSIOLOGY AND GENETICS CAS	SRA1712867		public	65682FF0DF4B07954B09E8DF37D8209D	FB124D0A83ACE8C880268CFFEAA30E53
SRR24725051_117114_	2197	1085	0.164741368	TRUE	3.141437291	9	3.059066607	2.918918919	Desmognathus_mavrokoilius_associated	novel	Salamander	Other	Desmognathus_mavrokoilius_associated	Desmognathus_mavrokoilius_associated	SRR24725051	2023-05-24 14:23:34	2023-05-24 14:16:41	73684616	22105384800	73684616	300	7260		https://sra-downloadb.be-md.ncbi.nlm.nih.gov/sos4/sra-pub-zq-7/SRR024/24725/SRR24725051/SRR24725051.lite.1	SRX20503049	desmognathus_mavrokoilius_000	WGS	RANDOM	GENOMIC	PAIRED	0	0	ILLUMINA	HiSeq X Ten	SRP439360	PRJNA917171	3	917171	SRS17808303	SAMN34288321	simple	3018293	Desmognathus mavrokoilius	Desmognathus mavrokoilius					not determined		no					IRIDIAN GENOMES	SRA1643501		public	1D7D9F7D5F42097E622E1E196814926E	5656FE8F2C057526D44ADC4B1204F06E
SRR25288841_297484_	1872	740	0.148999207	TRUE	6.156795496	441	6.082295892	143.027027	Rhinolophus_affinis_associated	novel	Bat	Bat	Rhinolophus_affinis_associated	Rhinolophus_affinis_associated	SRR25288841	2023-08-13 22:34:42	2023-07-15 00:05:45	17686817	5306045100	0	300	2178		https://sra-downloadb.be-md.ncbi.nlm.nih.gov/sos5/sra-pub-zq-11/SRR025/25288/SRR25288841/SRR25288841.lite.1	SRX21032156	library_107	OTHER	RANDOM PCR	VIRAL RNA	SINGLE	0	0	ILLUMINA	HiSeq X Ten	SRP449640	PRJNA994658	3	994658	SRS18304585	SAMN36440287	simple	1213622	bat metagenome	Sample_Pool-107							no					INSTITUTE OF PATHOGEN BIOLOGY CHINESE ACADEMY OF MEDICAL SCIENCES & PEKING UNION MEDICAL COLLEGE	SRA1673370		public	38C1C77D29B5C67AB1495D31989388FF	62F6C72C3FB255A4982585579A2D91D8
SRR16937311_42765_	1628	502	0.68200498	TRUE	6.383372922	750	6.042370432	243.2432432	Bos_taurus_associated	novel	Cattle	Bovine	Bos_taurus_associated	Bos_taurus_associated	SRR16937311	2021-11-16 17:22:30	2021-11-13 04:56:58	593138261	176832806740	593138261	298	56881		https://sra-downloadb.be-md.ncbi.nlm.nih.gov/sos4/sra-pub-zq-1/SRR016/16937/SRR16937311/SRR16937311.lite.1	SRX13129281	HOCANF12689796	WGS	unspecified	GENOMIC	PAIRED	0	0	ILLUMINA	Illumina NovaSeq 6000	SRP345894	PRJNA780021		780021	SRS11063228	SAMN23100785	simple	9913	Bos taurus	HOCANF12689796					female		no					UNIVERSITY OF ALBERTA	SRA1328553		public	965EA0CD6F8A7D77C116028B0A6F93F5	88D3EBA1F39015502DF7E08D3C2DA58C
SRR25288616_24264_	1926	800	0.253491928	TRUE	5.800599446	386	5.673853482	125.1891892	Scotophilus_kuhlii_associated	novel	Bat	Bat	Scotophilus_kuhlii_associated	Scotophilus_kuhlii_associated	SRR25288616	2023-08-13 22:34:44	2023-07-15 00:03:26	17109986	5132995800	0	300	1854		https://sra-downloadb.be-md.ncbi.nlm.nih.gov/sos5/sra-pub-zq-11/SRR025/25288/SRR25288616/SRR25288616.lite.1	SRX21032381	library_176	OTHER	RANDOM PCR	VIRAL RNA	SINGLE	0	0	ILLUMINA	HiSeq X Ten	SRP449640	PRJNA994658	3	994658	SRS18304815	SAMN36440356	simple	1213622	bat metagenome	Sample_Pool-176							no					INSTITUTE OF PATHOGEN BIOLOGY CHINESE ACADEMY OF MEDICAL SCIENCES & PEKING UNION MEDICAL COLLEGE	SRA1673370		public	1AB52C3B71AD3F6E6C1741E9DAD07D5F	059FA64386AC24ADD3367EEBEF33E028
SRR24719138_20345_	2216	1104	0.248136488	TRUE	2.848838815	18	2.724770571	5.837837838	Ptychadena_erlangeri_associated	novel	Amphibian	Amphibian	Ptychadena_erlangeri_associated	Ptychadena_erlangeri_associated	SRR24719138	2023-05-24 12:04:19	2023-05-24 10:51:27	17690732	5068536961	17690732	286	1681		https://sra-downloadb.be-md.ncbi.nlm.nih.gov/sos4/sra-pub-zq-7/SRR024/24719/SRR24719138/SRR24719138.lite.1	SRX20497218	SB962_Ptychadena_erlangeri	WGS	size fractionation	GENOMIC	PAIRED	0	0	ILLUMINA	Illumina NovaSeq 6000	SRP439293	PRJNA975347		975347	SRS17806914	SAMN35324844	simple	1342833	Ptychadena erlangeri	SB962_Ptychadena_erlangeri					missing		no					NEW YORK UNIVERSITY ABU DHABI	SRA1642409		public	C8E127EFD1FD4571AFB3212284CC9A15	C920F72652B61F25C8AC4212FAF45BBD
SRR14825066_194_	1637	519	0.129620451	TRUE	5.412718505	669	5.347908279	216.972973	Human_associated	novel	Human	Human	Human_associated	Human_associated	SRR14825066	2022-04-28 09:06:31	2021-06-16 08:07:10	155915	46921238	155915	300	14		https://sra-downloadb.be-md.ncbi.nlm.nih.gov/sos9/sra-pub-zq-924/SRR014/14825/SRR14825066/SRR14825066.lite.1	SRX11154944	SCC.DE.C012.HS2_lib	WGS	size fractionation	METAGENOMIC	PAIRED	0	0	ILLUMINA	Illumina HiSeq 2500	SRP324179	PRJNA736108		736108	SRS9216535	SAMN19709325	simple	539655	human skin metagenome	SCC.DE.C012.HS2							no					THE JACKSON LABORATORY FOR GENOMIC MEDICINE	SRA1245141		public	5092BAC084E59D54DF71C59F2B5C5AE2	A08F2D953683A2B1F95CCDE4B22EEC11
SRR24725051_232888_	2195	1087	0.07533903	TRUE	2.829716879	6	2.792047364	1.945945946	Desmognathus_mavrokoilius_associated	novel	Salamander	Other	Desmognathus_mavrokoilius_associated	Desmognathus_mavrokoilius_associated	SRR24725051	2023-05-24 14:23:34	2023-05-24 14:16:41	73684616	22105384800	73684616	300	7260		https://sra-downloadb.be-md.ncbi.nlm.nih.gov/sos4/sra-pub-zq-7/SRR024/24725/SRR24725051/SRR24725051.lite.1	SRX20503049	desmognathus_mavrokoilius_000	WGS	RANDOM	GENOMIC	PAIRED	0	0	ILLUMINA	HiSeq X Ten	SRP439360	PRJNA917171	3	917171	SRS17808303	SAMN34288321	simple	3018293	Desmognathus mavrokoilius	Desmognathus mavrokoilius					not determined		no					IRIDIAN GENOMES	SRA1643501		public	1D7D9F7D5F42097E622E1E196814926E	5656FE8F2C057526D44ADC4B1204F06E
SRR19545148_51759_	1726	601	0.337385458	TRUE	5.672831642	606	5.504138913	196.5405405	Rangifer_tarandus_association	novel	Cervine	Cervine	Rangifer_tarandus_association	Rangifer_tarandus_association	SRR19545148	2022-06-06 17:00:13	2022-06-06 15:00:27	40167458	11638323307	40167405	289	3520		https://sra-downloadb.be-md.ncbi.nlm.nih.gov/sos8/sra-pub-zq-820/SRR019/19545/SRR19545148/SRR19545148.lite.1	SRX15597245	GAP-064	WGS	RANDOM	GENOMIC	PAIRED	0	0	ILLUMINA	HiSeq X Ten	SRP378572	PRJNA846266		846266	SRS13298359	SAMN28871525	simple	86327	Rangifer tarandus caribou	GAP-064					missing		no					LAVAL UNIVERISTY	SRA1431798		public	E8CB51791452BFA51CDF1B2449DA327E	454680F7B18587D7A29412527A569471
SRR20078264_4021_	2154	1046	0.558614283	TRUE	4.041293633	66	3.761986492	21.40540541	Oncorhynchus_mykiss_associated	novel	Ray-finned Fish	Ray-finned Fish	Oncorhynchus_mykiss_associated	Oncorhynchus_mykiss_associated	SRR20078264	2023-08-13 00:00:41	2022-07-11 11:43:59	9055812	2734855224	9055812	302	1184		https://sra-downloadb.be-md.ncbi.nlm.nih.gov/sos8/sra-pub-zq-818/SRR020/20078/SRR20078264/SRR20078264.lite.1	SRX16116123	OmyRRHW14C-0052	WGS	RANDOM	GENOMIC	PAIRED	0	0	ILLUMINA	NextSeq 550	SRP384541	PRJNA854899		854899	SRS13778720	SAMN29631227	simple	8022	Oncorhynchus mykiss	OmyRRHW14C-0052							no					COLUMBIA RIVER INTER-TRIBAL FISH COMMISSION	SRA1452300		public	36C5BB19F4506EAC9A508868B759AAF3	E929AFBCD500D2171EE54A75829AB5D2
SRR18363241_159223_	2202	1090	0.314003193	TRUE	3.218493059	19	3.061491463	6.162162162	Phyllomedusa_bahiana_associated	novel	Reptile	Reptile	Phyllomedusa_bahiana_associated	Phyllomedusa_bahiana_associated	SRR18363241	2022-09-26 10:33:30	2022-03-25 04:45:21	371331310	111399393000	371331310	300	39232		https://sra-downloadb.be-md.ncbi.nlm.nih.gov/sos1/sra-pub-zq-38/SRR018/18363/SRR18363241/SRR18363241.lite.1	SRX14497786	phyllomedusa_bahiana.illumina_poolseq	WGS	RANDOM	GENOMIC	PAIRED	0	0	ILLUMINA	Illumina NovaSeq 6000	SRP364785	PRJNA771272		771272	SRS12296102	SAMN26434129	simple	860369	Phyllomedusa bahiana	phyllomedusa_bahiana.illumina_poolseq					not collected		no					CIBIO - CENTRO DE INVESTIGACAO EM BIODIVERSIDADE E RECURSOS GENETICOS	SRA1387865		public	64DC1452B11353AD3662D09E57888C80	A28162427DA325282ED2AC43D3B34921
SRR19505656_591_	1766	642	0.769773075	TRUE	6.145542023	627	5.760655485	203.3513514	Tick_associated	novel	Tick	Other	Tick_associated	Tick_associated	SRR19505656	2022-06-01 14:02:45	2022-06-01 13:59:44	21585689	6475706700	21585689	300	2028		https://sra-downloadb.be-md.ncbi.nlm.nih.gov/sos8/sra-pub-zq-820/SRR019/19505/SRR19505656/SRR19505656.lite.1	SRX15558335	HLYD01-MA_FDSW210394639-1r	WGS	MDA	METAGENOMIC	PAIRED	0	0	ILLUMINA	Illumina NovaSeq 6000	SRP378011	PRJNA843368		843368	SRS13268013	SAMN28729328	simple	1595979	tick metagenome	HLYD01-MA_FDSW210394639-1r							no					CHANGCHUN VETERINARY INSTITUTE	SRA1429783		public	537948595287E6386EAF9BE69D7906B4	A340676BDEDA706FFAA13AE2A090C959
SRR10902309_46767_	2066	950	1.550165303	TRUE	6.199635945	121	5.424553293	39.24324324	Ceratotherium_simum_associated	novel	Rhino	Other	Ceratotherium_simum_associated	Ceratotherium_simum_associated	SRR10902309	2020-01-16 06:56:21	2020-01-16 06:26:09	8991206	2697361800	8991206	300	972		https://sra-downloadb.be-md.ncbi.nlm.nih.gov/sos9/sra-pub-zq-922/SRR010/902/SRR10902309.sralite.1	SRX7570522	211	Targeted-Capture	Hybrid Selection	GENOMIC	PAIRED	0	0	ILLUMINA	Illumina HiSeq 4000	SRP242170	PRJNA601631		601631	SRS6006220	SAMN13871368	simple	73337	Ceratotherium simum simum	211					Other		no					UNIVERSITY OF GLASGOW	SRA1027114		public	E530F0FA21B2021246D457AF533A3083	45A812133862C650B7AD965DF432F130
SRR12330129_394673_	NA	NA	NA	NA	NA	NA	NA	NA	NA	NA	NA	NA	NA	NA	NA	NA	NA	NA	NA	NA	NA	NA	NA	NA	NA	NA	NA	NA	NA	NA	NA	NA	NA	NA	NA	NA	NA	NA	NA	NA	NA	NA	NA	NA	NA	NA	NA	NA	NA	NA	NA	NA	NA	NA	NA	NA	NA	NA	NA	NA	NA
SRR24184640_192549_	2205	1093	0.094812365	TRUE	3.864166007	23	3.816759825	7.459459459	Zhangixalus_hui_associated	novel	Amphibian	Amphibian	Zhangixalus_hui_associated	Zhangixalus_hui_associated	SRR24184640	2023-04-16 13:34:45	2023-04-16 13:26:18	256403513	76921053900	256403513	300	24331		https://sra-downloadb.be-md.ncbi.nlm.nih.gov/sos4/sra-pub-zq-3/SRR024/24184/SRR24184640/SRR24184640.lite.1	SRX19982159	ZH006	WGS	RANDOM	GENOMIC	PAIRED	0	0	ILLUMINA	Illumina NovaSeq 6000	SRP432845	PRJNA949197		949197	SRS17327765	SAMN33936142	simple	493776	Zhangixalus hui	ZH006					male		no					CHINESE ACADEMY OF SCIENCES	SRA1618678		public	5CE54DA2578F4F2EDDE9FCE14B8C472D	7EAEC75DB57648F5C608CA5AF91E1FE0
ERR2756792_1679_	2012	901	0.498051656	TRUE	5.000144292	189	4.751118464	61.2972973	Desmodus_rotundus_associated	novel	Bat	Bat	Desmodus_rotundus_associated	Desmodus_rotundus_associated	ERR2756792	2019-01-24 10:40:58	2019-01-25 13:21:45	11830542	3555673508	11830542	300	1525		https://sra-downloadb.be-md.ncbi.nlm.nih.gov/sos5/sra-pub-zq-16/ERR002/756/ERR2756792.sralite.1	ERX2769785	unspecified	RNA-Seq	other	METAGENOMIC	PAIRED	250	0	ILLUMINA	NextSeq 500	ERP110310	PRJEB28138		514625	ERS2678734	SAMEA4858895	simple	9430	Desmodus rotundus	SAMEA4858895							no					IBAHCM	ERA1577748		public	972F901F0356CE2A5A2FF563E2BD496D	8E38D2C34EFDF2BD68FB4B92EB582B8C
ERR5084170_1659_	1682	549	0.045341457	TRUE	5.58209839	722	5.559427661	234.1621622	Betapapillomavirus	novel	Human	Human	Betapapillomavirus	Human_associated	ERR5084170	2021-03-15 13:54:52	2021-03-20 19:03:07	5769581	581559054	0	100	197		https://sra-downloadb.be-md.ncbi.nlm.nih.gov/sos8/sra-pub-zq-820/ERR005/5084/ERR5084170/ERR5084170.lite.1	ERX4890310	MBT499	WGS	PCR	METAGENOMIC	PAIRED	200	0	ILLUMINA	Illumina HiSeq 4000	ERP126250	PRJEB42399		702377	ERS5524040	SAMEA7776802	simple	256318	metagenome	SAMEA7776802							no					GENOME INSTITRUTE OF SINGAPORE	ERA3270612		public	F907506FCED737779551551ABD28D269	FF608A641D8E3397F4A345D9BB154305
SRR13726053Score_654.042_	NA	NA	NA	NA	NA	NA	NA	NA	NA	NA	NA	NA	NA	NA	NA	NA	NA	NA	NA	NA	NA	NA	NA	NA	NA	NA	NA	NA	NA	NA	NA	NA	NA	NA	NA	NA	NA	NA	NA	NA	NA	NA	NA	NA	NA	NA	NA	NA	NA	NA	NA	NA	NA	NA	NA	NA	NA	NA	NA	NA	NA
SRR26848472Score_648.183_	NA	NA	NA	NA	NA	NA	NA	NA	NA	NA	NA	NA	NA	NA	NA	NA	NA	NA	NA	NA	NA	NA	NA	NA	NA	NA	NA	NA	NA	NA	NA	NA	NA	NA	NA	NA	NA	NA	NA	NA	NA	NA	NA	NA	NA	NA	NA	NA	NA	NA	NA	NA	NA	NA	NA	NA	NA	NA	NA	NA	NA
SRR12566196_734_	2149	1038	0.425042789	TRUE	4.677217582	74	4.464696188	24	Thamnophilus_doliatus_associated	novel	Avian	Avian	Thamnophilus_doliatus_associated	Thamnophilus_doliatus_associated	SRR12566196	2020-12-10 00:09:04	2020-09-01 17:41:05	1976872	395374400	1976872	200	154		https://sra-downloadb.be-md.ncbi.nlm.nih.gov/sos9/sra-pub-zq-922/SRR012/12566/SRR12566196/SRR12566196.lite.1	SRX9054362	Thamphil_dolia_ANSP168260	WGS	Hybrid Selection	GENOMIC	PAIRED	0	0	ILLUMINA	Illumina HiSeq 2500	SRP279468	PRJNA655842		655842	SRS7304256	SAMN15863335	simple	81889	Thamnophilus doliatus	Thamphil_dolia_ANSP168260					missing		no					LOUISIANA STATE UNIVERSITY	SRA1119721		public	2CB308E92DFA524463CBCB4E0FFD1778	787844D9AD9A08956B42D96A6AD22C08
SRR27078656Score_607.919_	NA	NA	NA	NA	NA	NA	NA	NA	NA	NA	NA	NA	NA	NA	NA	NA	NA	NA	NA	NA	NA	NA	NA	NA	NA	NA	NA	NA	NA	NA	NA	NA	NA	NA	NA	NA	NA	NA	NA	NA	NA	NA	NA	NA	NA	NA	NA	NA	NA	NA	NA	NA	NA	NA	NA	NA	NA	NA	NA	NA	NA
SRR2063933_4622_	NA	NA	NA	NA	NA	NA	NA	NA	NA	NA	NA	NA	NA	NA	NA	NA	NA	NA	NA	NA	NA	NA	NA	NA	NA	NA	NA	NA	NA	NA	NA	NA	NA	NA	NA	NA	NA	NA	NA	NA	NA	NA	NA	NA	NA	NA	NA	NA	NA	NA	NA	NA	NA	NA	NA	NA	NA	NA	NA	NA	NA
SRR25737668_148436_	2119	999	0.24793196	TRUE	5.78383767	112	5.65987169	36.32432432	Podarcis_muralis_associated	novel	Reptile	Reptile	Podarcis_muralis_associated	Podarcis_muralis_associated	SRR25737668	2023-09-08 00:01:18	2023-08-23 04:49:15	81454481	24436344300	81454481	300	7360		https://sra-downloadb.be-md.ncbi.nlm.nih.gov/sos8/sra-pub-zq-820/SRR025/25737/SRR25737668/SRR25737668.lite.1	SRX21461148	SX41	WGS	RANDOM	GENOMIC	PAIRED	0	0	ILLUMINA	HiSeq X Ten	SRP456582	PRJNA1008404		1008404	SRS18696729	SAMN37118857	simple	64176	Podarcis muralis	SX41					male		no					LUND UNIVERSITY	SRA1697861		public	498812B71F19AF1D7D4E681986240B2B	20CC402BB58DF113D028D32465318299
SRR5447145_588_	2003	885	0.220522714	TRUE	5.291036372	233	5.180775016	75.56756757	Rattus_norvegicus_associated	novel	Rodent	Rodent	Rattus_norvegicus_associated	Rattus_norvegicus_associated	SRR5447145	2017-04-14 10:03:18	2017-04-14 09:57:45	3736208	370772103	0	99	183		https://sra-downloadb.be-md.ncbi.nlm.nih.gov/sos5/sra-pub-zq-14/SRR005/447/SRR5447145.sralite.1	SRX2736110	20160907LANE1	OTHER	RANDOM PCR	VIRAL RNA	SINGLE	0	0	ILLUMINA	Illumina HiSeq 2500	SRP101310	PRJNA375958		375958	SRS2123495	SAMN06477904	simple	1521111	rodent metagenome	20160907LANE1							no					"INSTITUTE OF PATHOGEN BIOLOGY	 CHINESE ACADEMY OF MEDICAL SCIENCES & PEKING UNION MEDICAL COLLEGE"	SRA554098		public	5C8E3ECA1B5A88C4F1E89A73F12F5003
SRR7802337_11018_	1370	232	0.055377504	TRUE	6.412949638	923	6.385260886	299.3513514	Human_associated	novel	Human	Human	Human_associated	Human_associated	SRR7802337	2019-10-07 00:36:51	2018-09-07 08:19:14	4211139	834446497	4211139	198	375		https://sra-downloadb.be-md.ncbi.nlm.nih.gov/sos9/sra-pub-zq-922/SRR007/802/SRR7802337.sralite.1	SRX4654246	MBS266	WGS	other	METAGENOMIC	PAIRED	0	0	ILLUMINA	Illumina HiSeq 2500	SRP160100	PRJNA489681		489681	SRS3751704	SAMN09988323	simple	1338477	skin metagenome	MBS266							no					GENOME INSTITUTE OF SINGAPORE	SRA769521		public	B080468CC592A5C730412FD5CEEF0238	1EF9C71224BFC0D63884C5D3464D5FCD
SRR25288764_21803_	1844	719	0.513019583	TRUE	6.190382426	299	5.933872635	96.97297297	Mops_plicatus_associated	novel	Bat	Bat	Mops_plicatus_associated	Mops_plicatus_associated	SRR25288764	2023-08-13 22:34:44	2023-07-15 00:02:39	17580056	5274016800	0	300	2078		https://sra-downloadb.be-md.ncbi.nlm.nih.gov/sos5/sra-pub-zq-11/SRR025/25288/SRR25288764/SRR25288764.lite.1	SRX21032441	library_53	OTHER	RANDOM PCR	VIRAL RNA	SINGLE	0	0	ILLUMINA	HiSeq X Ten	SRP449640	PRJNA994658	3	994658	SRS18304872	SAMN36440233	simple	1213622	bat metagenome	Sample_Pool-053							no					INSTITUTE OF PATHOGEN BIOLOGY CHINESE ACADEMY OF MEDICAL SCIENCES & PEKING UNION MEDICAL COLLEGE	SRA1673370		public	880991DAA2912DA3BDA75B3428471835	8CD287C4A25247D5B1B3C63E5CB4167C
SRR25288642_5514_	NA	NA	NA	NA	NA	NA	NA	NA	NA	NA	NA	NA	NA	NA	NA	NA	NA	NA	NA	NA	NA	NA	NA	NA	NA	NA	NA	NA	NA	NA	NA	NA	NA	NA	NA	NA	NA	NA	NA	NA	NA	NA	NA	NA	NA	NA	NA	NA	NA	NA	NA	NA	NA	NA	NA	NA	NA	NA	NA	NA	NA
SRR20701368_3697_	2213	1107	0.74960322	TRUE	3.068835534	13	2.694033924	4.216216216	Lithobates_catesbeianus_associated	novel	Amphibian	Amphibian	Lithobates_catesbeianus_associated	Lithobates_catesbeianus_associated	SRR20701368	2023-01-20 12:59:33	2022-07-28 23:35:53	27698542	8309562600	27698542	300	2564		https://sra-downloadb.be-md.ncbi.nlm.nih.gov/sos1/sra-pub-zq-38/SRR020/20701/SRR20701368/SRR20701368.lite.1	SRX16723018	YX20200924901-adult2	RNA-Seq	cDNA	TRANSCRIPTOMIC	PAIRED	0	0	ILLUMINA	Illumina HiSeq 2500	SRP388664	PRJNA863339		863339	SRS14352193	SAMN30032394	simple	8400	Lithobates catesbeianus	adult_2					missing		no					WUHAN UNIVERSITY	SRA1464709		public	EDA93EE12A2F81E74D218BB96E917084	EA3F98E0018AAE192617BC980932D22E
SRR20985014_1849650_	1269	138	0.734145686	TRUE	5.964683924	762	5.59761108	247.1351351	Ursus_americanus_associated	novel	Ursine	Other	Ursus_americanus_associated	Ursus_americanus_associated	SRR20985014	2023-08-01 00:07:03	2022-08-10 15:55:24	403126579	119187075724	403126579	295	49554		https://sra-downloadb.be-md.ncbi.nlm.nih.gov/sos8/sra-pub-zq-818/SRR020/20985/SRR20985014/SRR20985014.lite.1	SRX17002489	HA8	WGS	RANDOM	GENOMIC	PAIRED	0	0	ILLUMINA	Illumina NovaSeq 6000	SRP390682	PRJNA867575	4	867575	SRS14587879	SAMN30214223	simple	9643	Ursus americanus	HA8					female		no					UNIVERSITY OF MEMPHIS	SRA1471688		public	280FC4C5CB2BE9E6DBCB0CAECB2FB1F9	29E011B5C87E17BBA2FE180818B6D508
SRR5042766_2243_	2198	1089	0.419821742	TRUE	2.855352798	3	2.645441927	0.972972973	Ambystoma_mexicanum_associated	novel	Salamander	Other	Ambystoma_mexicanum_associated	Ambystoma_mexicanum_associated	SRR5042766	2016-12-04 15:39:17	2016-11-29 15:35:42	13549457	2736990314	13549457	202	1733		https://sra-downloadb.be-md.ncbi.nlm.nih.gov/sos5/sra-pub-zq-14/SRR005/042/SRR5042766.sralite.1	SRX2365852	lh1aj1ss05	RNA-Seq	RANDOM	TRANSCRIPTOMIC	PAIRED	0	0	ILLUMINA	Illumina HiSeq 2000	SRP093628	PRJNA354434		354434	SRS1812142	SAMN06045849	simple	8296	Ambystoma mexicanum	lh1aj1ss05					female		no					LANGEBIO-CINVESTAV	SRA497068		public	5AB42E73D6A9D42FF7A73499DF349AA6	C156D01B76AD04656DA618EFC66F2CE0
SRR7687706_223_	1698	568	0.076319114	TRUE	5.58481852	713	5.546658963	231.2432432	Human_associated	novel	Human	Human	Human_associated	Human_associated	SRR7687706	2018-10-12 00:16:21	2018-08-13 10:16:45	465671	117349092	465671	252	48		https://sra-downloadb.be-md.ncbi.nlm.nih.gov/sos5/sra-pub-zq-14/SRR007/687/SRR7687706.sralite.1	SRX4548170	AJD1239_1_L7968358	WGS	RANDOM	METAGENOMIC	PAIRED	500	50	ILLUMINA	Illumina HiSeq 2500	SRP157584	PRJNA471898	3	471898	SRS3665438	SAMN09715267	simple	539655	human skin metagenome	MET1079							no					NISC	SRA757488		public	EB280E88C7B43B0E39D5B2FD76BD2B0D	F4C87C187E83C24CC5D81EF219433947
SRR24724941_48294_	2196	1086	0.107133353	TRUE	2.917625701	7	2.864059024	2.27027027	Desmognathus_kanawha_associated	novel	Salamander	Other	Desmognathus_kanawha_associated	Desmognathus_kanawha_associated	SRR24724941	2023-05-24 14:12:58	2023-05-24 14:04:44	62970696	18891208800	62970696	300	6212		https://sra-downloadb.be-md.ncbi.nlm.nih.gov/sos4/sra-pub-zq-7/SRR024/24724/SRR24724941/SRR24724941.lite.1	SRX20502939	desmognathus_kanawha_000	WGS	RANDOM	GENOMIC	PAIRED	0	0	ILLUMINA	HiSeq X Ten	SRP439350	PRJNA917169	3	917169	SRS17808228	SAMN34288320	simple	3018292	Desmognathus kanawha	Desmognathus kanawha					not determined		no					IRIDIAN GENOMES	SRA1643493		public	FE59805C80012BFB4DD764694478EACD	BD6BB5A890E3139837B9E969B5A8E211
SRR13789583_31555_	NA	NA	NA	NA	NA	NA	NA	NA	NA	NA	NA	NA	NA	NA	NA	NA	NA	NA	NA	NA	NA	NA	NA	NA	NA	NA	NA	NA	NA	NA	NA	NA	NA	NA	NA	NA	NA	NA	NA	NA	NA	NA	NA	NA	NA	NA	NA	NA	NA	NA	NA	NA	NA	NA	NA	NA	NA	NA	NA	NA	NA
SRR15046105_1835_	1193	57	0.008862938	TRUE	5.870052259	528	5.86562079	171.2432432	Danio_rerio_associated	novel	Ray-finned Fish	Ray-finned Fish	Danio_rerio_associated	Danio_rerio_associated	SRR15046105	2021-08-26 17:14:14	2021-07-05 23:20:04	28352505	4279009397	28352505	150	1674		https://sra-downloadb.be-md.ncbi.nlm.nih.gov/sos8/sra-pub-zq-820/SRR015/15046/SRR15046105/SRR15046105.lite.1	SRX11356735	Satb2_ChIPseq_Sox10_pos_Rep2	ChIP-Seq	RANDOM	GENOMIC	PAIRED	0	0	ILLUMINA	NextSeq 550	SRP278034	PRJNA657343		657343	SRS9403584	SAMN20064284	simple	7955	Danio rerio	Sox10_Positive_Satb2_Rep2					not applicable		no					IISER-PUNE	SRA1254741		public	66E8740404CD1974768B1C3A0502A61C	8A411FA05E9777D8018B66DF1D9853EF
SRR25288726_79248_	1923	794	0.087676762	TRUE	5.71677733	394	5.672938949	127.7837838	Tylonycteris_pachypus_associated	novel	Bat	Bat	Tylonycteris_pachypus_associated	Tylonycteris_pachypus_associated	SRR25288726	2023-08-13 22:34:43	2023-07-15 00:01:45	15828468	4748540400	0	300	1775		https://sra-downloadb.be-md.ncbi.nlm.nih.gov/sos5/sra-pub-zq-11/SRR025/25288/SRR25288726/SRR25288726.lite.1	SRX21032272	library_130	OTHER	RANDOM PCR	VIRAL RNA	SINGLE	0	0	ILLUMINA	HiSeq X Ten	SRP449640	PRJNA994658	3	994658	SRS18304705	SAMN36440310	simple	1213622	bat metagenome	Sample_Pool-130							no					INSTITUTE OF PATHOGEN BIOLOGY CHINESE ACADEMY OF MEDICAL SCIENCES & PEKING UNION MEDICAL COLLEGE	SRA1673370		public	77C75344B57D7C6EBDEF1DC58F0460B2	EEB94731714E175EDA732AC7F96ADF7D
SRR22462927_6462_	1531	393	0.065043366	TRUE	6.22438301	896	6.191861328	290.5945946	Human_associated	novel	Human	Human	Human_associated	Human_associated	SRR22462927	2023-03-29 10:23:55	2022-11-30 11:31:19	44804042	13530820684	44804042	302	4070		https://sra-downloadb.be-md.ncbi.nlm.nih.gov/sos8/sra-pub-zq-820/SRR022/22462/SRR22462927/SRR22462927.lite.1	SRX18429177	S2_T0-50	WGS	RANDOM	METAGENOMIC	PAIRED	0	0	ILLUMINA	Illumina NovaSeq 6000	SRP409258	PRJNA902366		902366	SRS15911025	SAMN31837143	simple	256318	metagenome	S2_T0-50_COL1845							no					RTL GENOMICS	SRA1549712		public	1D73CBB620BFA10C003C61112B3FB55C	F24BC9ED81E3895F3B3C6FF8203CFCA2
SRR25288481_627694_	1877	744	0.170821328	TRUE	6.315442493	449	6.230031828	145.6216216	Rhinolophus_affinis_associated	novel	Bat	Bat	Rhinolophus_affinis_associated	Rhinolophus_affinis_associated	SRR25288481	2023-08-13 22:34:42	2023-07-15 00:02:01	15499041	4649712300	0	300	1891		https://sra-downloadb.be-md.ncbi.nlm.nih.gov/sos5/sra-pub-zq-11/SRR025/25288/SRR25288481/SRR25288481.lite.1	SRX21032144	library_98	OTHER	RANDOM PCR	VIRAL RNA	SINGLE	0	0	ILLUMINA	HiSeq X Ten	SRP449640	PRJNA994658	3	994658	SRS18304574	SAMN36440278	simple	1213622	bat metagenome	Sample_Pool-098							no					INSTITUTE OF PATHOGEN BIOLOGY CHINESE ACADEMY OF MEDICAL SCIENCES & PEKING UNION MEDICAL COLLEGE	SRA1673370		public	29FE45D07992ACE94BB1CDF612AE7AAA	D8C2114BAF9EE899D985CFB66C139869
SRR25288506_3447_	1946	819	0.027839501	TRUE	5.604190388	325	5.590270638	105.4054054	Rhinolophus_ferrumequinum_associated	novel	Bat	Bat	Rhinolophus_ferrumequinum_associated	Rhinolophus_ferrumequinum_associated	SRR25288506	2023-08-13 22:34:42	2023-07-15 00:03:08	12693873	3808161900	0	300	1549		https://sra-downloadb.be-md.ncbi.nlm.nih.gov/sos5/sra-pub-zq-11/SRR025/25288/SRR25288506/SRR25288506.lite.1	SRX21032120	library_327	OTHER	RANDOM PCR	VIRAL RNA	SINGLE	0	0	ILLUMINA	HiSeq X Ten	SRP449640	PRJNA994658	3	994658	SRS18304549	SAMN36440507	simple	1213622	bat metagenome	Sample_Pool-327							no					INSTITUTE OF PATHOGEN BIOLOGY CHINESE ACADEMY OF MEDICAL SCIENCES & PEKING UNION MEDICAL COLLEGE	SRA1673370		public	993F812ABF5E7719B1D07F289619352A	54A0C054A24FB7C084D8BA508EACE09C
SRR22028468_199653_	2114	1009	1.493105859	TRUE	5.518343761	103	4.771790831	33.40540541	Dibamus_deharvengi_associated	novel	Reptile	Reptile	Dibamus_deharvengi_associated	Dibamus_deharvengi_associated	SRR22028468	2022-11-21 11:38:29	2022-10-26 03:33:00	298070873	89421261900	298070873	300	27228		https://sra-downloadb.be-md.ncbi.nlm.nih.gov/sos8/sra-pub-zq-818/SRR022/22028/SRR22028468/SRR22028468.lite.1	SRX18009767	BC_F7_DNA_seq	WGS	RANDOM	GENOMIC	PAIRED	0	0	ILLUMINA	Illumina HiSeq 2500	SRP404299	PRJNA893868		893868	SRS15518524	SAMN31434493	simple	1126051	Dibamus deharvengi	BC_F7					female		no					"FACULTY OF SCIENCE	 CHARLES UNIVERSITY"	SRA1526569		public	79667BA6CFE1852D4E17603663A059EA
SRR25288772_123409_	1945	817	0.038434899	TRUE	5.653240554	323	5.634023105	104.7567568	Rhinolophus_ferrumequinum_associated	novel	Bat	Bat	Rhinolophus_ferrumequinum_associated	Rhinolophus_ferrumequinum_associated	SRR25288772	2023-08-13 22:34:42	2023-07-15 00:04:26	15807258	4742177400	0	300	1840		https://sra-downloadb.be-md.ncbi.nlm.nih.gov/sos5/sra-pub-zq-11/SRR025/25288/SRR25288772/SRR25288772.lite.1	SRX21032227	library_300	OTHER	RANDOM PCR	VIRAL RNA	SINGLE	0	0	ILLUMINA	HiSeq X Ten	SRP449640	PRJNA994658	3	994658	SRS18304657	SAMN36440480	simple	1213622	bat metagenome	Sample_Pool-300							no					INSTITUTE OF PATHOGEN BIOLOGY CHINESE ACADEMY OF MEDICAL SCIENCES & PEKING UNION MEDICAL COLLEGE	SRA1673370		public	5ECCEFA8C415884E975257795BCCC22D	32D9317E3C5F309604F23A7B3163940C
SRR25288825_178043_	1957	832	0.102633932	TRUE	5.637960866	318	5.5866439	103.1351351	Rhinolophus_associated	novel	Bat	Bat	Rhinolophus_associated	Rhinolophus_associated	SRR25288825	2023-08-13 22:34:42	2023-07-15 00:05:16	15971878	4791563400	0	300	1920		https://sra-downloadb.be-md.ncbi.nlm.nih.gov/sos5/sra-pub-zq-11/SRR025/25288/SRR25288825/SRR25288825.lite.1	SRX21032172	library_121	OTHER	RANDOM PCR	VIRAL RNA	SINGLE	0	0	ILLUMINA	HiSeq X Ten	SRP449640	PRJNA994658	3	994658	SRS18304602	SAMN36440301	simple	1213622	bat metagenome	Sample_Pool-121							no					INSTITUTE OF PATHOGEN BIOLOGY CHINESE ACADEMY OF MEDICAL SCIENCES & PEKING UNION MEDICAL COLLEGE	SRA1673370		public	549CBBCAE1655E8E21364E91CF7C9D40	AB46CE225469B852B4884D7C5F557C1A
SRR13783792_45920_	1572	440	0.261326051	TRUE	5.694339236	848	5.56367621	275.027027	Mustela_nivalis_associated	novel	Mustelid	Other	Mustela_nivalis_associated	Mustela_nivalis_associated	SRR13783792	2021-06-23 07:23:16	2021-02-25 14:14:06	20151886	6045565800	20151886	300	2494		https://sra-downloadb.be-md.ncbi.nlm.nih.gov/sos8/sra-pub-zq-818/SRR013/13783/SRR13783792/SRR13783792.lite.1	SRX10169068	MRI161184_lib1	WGS	RANDOM	GENOMIC	PAIRED	0	0	ILLUMINA	HiSeq X Ten	SRP308204	PRJNA704911		704911	SRS8319202	SAMN18057461	simple	36239	Mustela nivalis	MRI161184					not determined		no					CIBIO-INBIO	SRA1200100		public	4039B7D27500AEC39EC2073456C7778E	77FD086478356AA76315C53353BA1087
SRR20726282Score_645.152_	NA	NA	NA	NA	NA	NA	NA	NA	NA	NA	NA	NA	NA	NA	NA	NA	NA	NA	NA	NA	NA	NA	NA	NA	NA	NA	NA	NA	NA	NA	NA	NA	NA	NA	NA	NA	NA	NA	NA	NA	NA	NA	NA	NA	NA	NA	NA	NA	NA	NA	NA	NA	NA	NA	NA	NA	NA	NA	NA	NA	NA
SRR4003710Score_628.011_	NA	NA	NA	NA	NA	NA	NA	NA	NA	NA	NA	NA	NA	NA	NA	NA	NA	NA	NA	NA	NA	NA	NA	NA	NA	NA	NA	NA	NA	NA	NA	NA	NA	NA	NA	NA	NA	NA	NA	NA	NA	NA	NA	NA	NA	NA	NA	NA	NA	NA	NA	NA	NA	NA	NA	NA	NA	NA	NA	NA	NA
SRR6442928Score_626.517_	NA	NA	NA	NA	NA	NA	NA	NA	NA	NA	NA	NA	NA	NA	NA	NA	NA	NA	NA	NA	NA	NA	NA	NA	NA	NA	NA	NA	NA	NA	NA	NA	NA	NA	NA	NA	NA	NA	NA	NA	NA	NA	NA	NA	NA	NA	NA	NA	NA	NA	NA	NA	NA	NA	NA	NA	NA	NA	NA	NA	NA
SRR22765714Score_651.086_	NA	NA	NA	NA	NA	NA	NA	NA	NA	NA	NA	NA	NA	NA	NA	NA	NA	NA	NA	NA	NA	NA	NA	NA	NA	NA	NA	NA	NA	NA	NA	NA	NA	NA	NA	NA	NA	NA	NA	NA	NA	NA	NA	NA	NA	NA	NA	NA	NA	NA	NA	NA	NA	NA	NA	NA	NA	NA	NA	NA	NA
ERR10188212_289_	1747	614	0.060603565	TRUE	5.964200277	662	5.933898494	214.7027027	Bovine_associated	novel	Bovine	Bovine	Bovine_associated	Bovine_associated	ERR10188212	2022-11-01 00:31:19	2022-11-19 03:30:44	4282097	1293193294	4282097	302	586		https://sra-downloadb.be-md.ncbi.nlm.nih.gov/sos8/sra-pub-zq-818/ERR010/10188/ERR10188212/ERR10188212.lite.1	ERX9723801	dptc_88	OTHER	RANDOM	METAGENOMIC	PAIRED	0	0	ILLUMINA	NextSeq 550	ERP140858	PRJEB55911		896071	ERS13450811	SAMEA111353275	simple	1616037	milk metagenome	SAMEA111353275							no					TEAGASC FOOD RESEARCH CENTRE	ERA17907509		public	D0CB7D650DAE21F59B88711C6C58876A	BE847A2D2262BCD972BFFAE9002F7F25
SRR11842090_13702_	2105	983	0.093796773	TRUE	5.982302966	138	5.935404579	44.75675676	Bubalus_bubalis_associated	novel	Bovine	Bovine	Bubalus_bubalis_associated	Bubalus_bubalis_associated	SRR11842090	2021-06-01 00:20:58	2020-05-25 12:53:43	22266613	6630658838	22266613	297	2519		https://sra-downloadb.be-md.ncbi.nlm.nih.gov/sos4/sra-pub-zq-1/SRR011/11842/SRR11842090/SRR11842090.lite.1	SRX8392434	W2	RNA-Seq	RANDOM	TRANSCRIPTOMIC	PAIRED	0	0	ILLUMINA	HiSeq X Ten	SRP263117	PRJNA633919		633919	SRS6705541	SAMN15010195	simple	89462	Bubalus bubalis	W2					missing		no					CHINA AGRICULTURE UNIVERSITY	SRA1079452		public	4B70176C64E610A32C6BA5FCEBE32758	CD66CC068399BBD8D3CDBC173F5DAFE9
SRR7774477_220186_	NA	NA	NA	NA	NA	NA	NA	NA	NA	NA	NA	NA	NA	NA	NA	NA	NA	NA	NA	NA	NA	NA	NA	NA	NA	NA	NA	NA	NA	NA	NA	NA	NA	NA	NA	NA	NA	NA	NA	NA	NA	NA	NA	NA	NA	NA	NA	NA	NA	NA	NA	NA	NA	NA	NA	NA	NA	NA	NA	NA	NA
ERR10188171_3724_	NA	NA	NA	NA	NA	NA	NA	NA	NA	NA	NA	NA	NA	NA	NA	NA	NA	NA	NA	NA	NA	NA	NA	NA	NA	NA	NA	NA	NA	NA	NA	NA	NA	NA	NA	NA	NA	NA	NA	NA	NA	NA	NA	NA	NA	NA	NA	NA	NA	NA	NA	NA	NA	NA	NA	NA	NA	NA	NA	NA	NA
ERR11785783_542324_	2091	970	0.172378279	TRUE	6.263551905	162	6.177362766	52.54054054	Syncerus_caffer_associated	novel	Bovine	Bovine	Syncerus_caffer_associated	Syncerus_caffer_associated	ERR11785783	2023-11-30 22:46:07	2023-12-04 06:47:59	207612350	61956579831	207612350	298	26525		https://sra-downloadb.be-md.ncbi.nlm.nih.gov/sos9/sra-pub-zq-922/ERR011/11785/ERR11785783/ERR11785783.lite.1	ERX11184300		OTHER	unspecified	GENOMIC	PAIRED	0	0	ILLUMINA	Illumina HiSeq 4000	ERP144275	PRJEB59220		1046812	ERS14551776	SAMEA112441478	simple	9970	Syncerus caffer	3AFS_7							no					THE ROSLIN INSTITUTE	ERA26253215		public	B35DE4ACF4424AD91EC1F7C32E9820B7	6ECA3E86395F5E0AD6286044A4D1621B
SRR25288812_64671_	1989	863	0.08737545	TRUE	5.889047268	355	5.845359543	115.1351351	Scotophilus_kuhlii_associated	novel	Bat	Bat	Scotophilus_kuhlii_associated	Scotophilus_kuhlii_associated	SRR25288812	2023-08-13 22:34:42	2023-07-15 00:04:53	15414125	4624237500	0	300	1946		https://sra-downloadb.be-md.ncbi.nlm.nih.gov/sos5/sra-pub-zq-11/SRR025/25288/SRR25288812/SRR25288812.lite.1	SRX21032186	library_185	OTHER	RANDOM PCR	VIRAL RNA	SINGLE	0	0	ILLUMINA	HiSeq X Ten	SRP449640	PRJNA994658	3	994658	SRS18304616	SAMN36440365	simple	1213622	bat metagenome	Sample_Pool-185							no					INSTITUTE OF PATHOGEN BIOLOGY CHINESE ACADEMY OF MEDICAL SCIENCES & PEKING UNION MEDICAL COLLEGE	SRA1673370		public	3D8703C6B4069D1A6401A01748883C17	B225BC3465C0F999359BE9A82513EF56
SRR26848396_1981_	1406	265	0.062564903	TRUE	6.640685291	1070	6.60940284	347.027027	Human_associated	novel	Human	Human	Human_associated	Human_associated	SRR26848396	2023-11-16 10:02:32	2023-11-16 09:29:56	2668153	745160923	2668153	279	258		https://sra-downloadb.be-md.ncbi.nlm.nih.gov/sos1/sra-pub-zq-38/SRR026/26848/SRR26848396/SRR26848396.lite.1	SRX22543977	LB90	WGS	RANDOM	METAGENOMIC	PAIRED	0	0	ILLUMINA	Illumina NovaSeq 6000	SRP472320	PRJNA1040852	3	1040852	SRS19553449	SAMN38266958	simple	256318	metagenome	V53D							no					THE JACKSON LABORATORY	SRA1752074		public	467365C33D30909E3717CF9F767E571C	94AED65AC1B2B6BE74BD527188369CE7
SRR25288621_465638_	NA	NA	NA	NA	NA	NA	NA	NA	NA	NA	NA	NA	NA	NA	NA	NA	NA	NA	NA	NA	NA	NA	NA	NA	NA	NA	NA	NA	NA	NA	NA	NA	NA	NA	NA	NA	NA	NA	NA	NA	NA	NA	NA	NA	NA	NA	NA	NA	NA	NA	NA	NA	NA	NA	NA	NA	NA	NA	NA	NA	NA
SRR25288684_1262_	NA	NA	NA	NA	NA	NA	NA	NA	NA	NA	NA	NA	NA	NA	NA	NA	NA	NA	NA	NA	NA	NA	NA	NA	NA	NA	NA	NA	NA	NA	NA	NA	NA	NA	NA	NA	NA	NA	NA	NA	NA	NA	NA	NA	NA	NA	NA	NA	NA	NA	NA	NA	NA	NA	NA	NA	NA	NA	NA	NA	NA
SRR5450932_30728_	2165	1049	0.380181123	TRUE	5.819453525	39	5.629362964	12.64864865	Tachysurus_fulvidraco_associated	novel	Ray-finned Fish	Ray-finned Fish	Tachysurus_fulvidraco_associated	Tachysurus_fulvidraco_associated	SRR5450932	2017-04-16 22:08:11	2017-04-16 22:03:19	28389669	8440795730	28389669	297	3263		https://sra-downloadb.be-md.ncbi.nlm.nih.gov/sos5/sra-pub-zq-14/SRR005/450/SRR5450932.sralite.1	SRX2739641	fish1	RNA-Seq	PCR	TRANSCRIPTOMIC	PAIRED	0	0	ILLUMINA	Illumina HiSeq 4000	SRP104000	PRJNA383027		383027	SRS2126690	SAMN06758710	simple	1610892	Tachysurus fulvidraco x Tachysurus vachelli	bony_fish_1					not determined		no					HUAZHONG AGRICULTURAL UNIVERSITY	SRA554451		public	8706850A524A5E530E5B3DE143764E54	E23B477958A96FE7B4EA39ABBC0985CD
DRR472276Score_633.621_	1218	89	0.211240434	TRUE	5.783826446	506	5.678206229	164.1081081	Human_associated	novel	Human	Human	Human_associated	Human_associated	DRR472276	2023-08-22 17:51:03	2023-09-17 01:53:54	35809	15212161	34149	424	9		https://sra-downloadb.be-md.ncbi.nlm.nih.gov/sos9/sra-pub-zq-922/DRR000/472/DRR472276/DRR472276.lite.1	DRX456505	lib025	Targeted-Capture	other	METAGENOMIC	PAIRED	200	0	ILLUMINA	Illumina HiSeq 2500	DRP010426	PRJDB15907	3	1008443	DRS320392	SAMD00613505	simple	256318	metagenome	SAMD00613505							no					NAGASAKI	DRA016362		public	3A04497C0C19028906B6342915A3DA1C	3EB6D03CD562436D1EDFB5E0A2E75377
SRR22071722_15320_	2005	883	0.115725786	TRUE	5.317239126	235	5.259376233	76.21621622	Leopoldamys_edwardsi_associated	novel	Rodent	Rodent	Leopoldamys_edwardsi_associated	Leopoldamys_edwardsi_associated	SRR22071722	2022-10-28 02:58:48	2022-10-28 02:10:24	16742527	5022758100	16742527	300	3281		https://sra-downloadb.be-md.ncbi.nlm.nih.gov/sos8/sra-pub-zq-818/SRR022/22071/SRR22071722/SRR22071722.lite.1	SRX18052117	"=VLOOKUP(A22	[1]totalReads!$B:$C	2	FALSE)"	RNA-Seq	cDNA	METATRANSCRIPTOMIC	PAIRED	0	0	ILLUMINA	Illumina HiSeq 2500	SRP404985	PRJNA892773		892773	SRS15558411	SAMN31495649	simple	1070528	viral metagenome	Baisha_Leopoldamys_edwardsi_95							no					HAINAN MEDICAL UNIVERSITY	SRA1529254	
SRR25288812_51618_	1920	793	0.152145264	TRUE	5.82702069	391	5.750948058	126.8108108	Scotophilus_kuhlii_associated	novel	Bat	Bat	Scotophilus_kuhlii_associated	Scotophilus_kuhlii_associated	SRR25288812	2023-08-13 22:34:42	2023-07-15 00:04:53	15414125	4624237500	0	300	1946		https://sra-downloadb.be-md.ncbi.nlm.nih.gov/sos5/sra-pub-zq-11/SRR025/25288/SRR25288812/SRR25288812.lite.1	SRX21032186	library_185	OTHER	RANDOM PCR	VIRAL RNA	SINGLE	0	0	ILLUMINA	HiSeq X Ten	SRP449640	PRJNA994658	3	994658	SRS18304616	SAMN36440365	simple	1213622	bat metagenome	Sample_Pool-185							no					INSTITUTE OF PATHOGEN BIOLOGY CHINESE ACADEMY OF MEDICAL SCIENCES & PEKING UNION MEDICAL COLLEGE	SRA1673370		public	3D8703C6B4069D1A6401A01748883C17	B225BC3465C0F999359BE9A82513EF56
SRR26208200_830113_	1356	220	0.069501473	TRUE	6.41180011	945	6.377049373	306.4864865	Human_associated	novel	Human	Human	Human_associated	Human_associated	SRR26208200	2023-10-04 00:00:25	2023-09-28 16:27:19	14607368	4411425136	14607368	302	1503		https://sra-downloadb.be-md.ncbi.nlm.nih.gov/sos9/sra-pub-zq-922/SRR026/26208/SRR26208200/SRR26208200.lite.1	SRX21919209	BEN1533_1_L19347091	WGS	RANDOM	METAGENOMIC	PAIRED	500	50	ILLUMINA	Illumina NovaSeq 6000	SRP463000	PRJNA971252		971252	SRS19003927	SAMN35319562	simple	1338477	skin metagenome	Met6204							no					NISC	SRA1722322		public	302527500FE6A511093D75DD1CACD84E	EDE9D7F93AB510A1BAAB52FB4ED64B17
SRR25288489_79383_	1876	742	0.122954743	TRUE	6.239097116	447	6.177619744	144.972973	Rhinolophus_sinicus_associated	novel	Bat	Bat	Rhinolophus_sinicus_associated	Rhinolophus_sinicus_associated	SRR25288489	2023-08-13 22:34:42	2023-07-15 00:02:18	15347990	4604397000	0	300	1917		https://sra-downloadb.be-md.ncbi.nlm.nih.gov/sos5/sra-pub-zq-11/SRR025/25288/SRR25288489/SRR25288489.lite.1	SRX21032137	library_91	OTHER	RANDOM PCR	VIRAL RNA	SINGLE	0	0	ILLUMINA	HiSeq X Ten	SRP449640	PRJNA994658	3	994658	SRS18304567	SAMN36440271	simple	1213622	bat metagenome	Sample_Pool-091							no					INSTITUTE OF PATHOGEN BIOLOGY CHINESE ACADEMY OF MEDICAL SCIENCES & PEKING UNION MEDICAL COLLEGE	SRA1673370		public	091286CFBEA4E4925C3815A3E2214DF6	1685B3DDD213325F77B9C91CB8F13EF3
SRR14825199_4094_	1377	238	0.045366043	TRUE	6.539414679	919	6.516731657	298.0540541	Human_associated	novel	Human	Human	Human_associated	Human_associated	SRR14825199	2022-04-28 09:06:28	2021-06-16 08:10:36	2608971	785933809	2608971	301	250		https://sra-downloadb.be-md.ncbi.nlm.nih.gov/sos9/sra-pub-zq-922/SRR014/14825/SRR14825199/SRR14825199.lite.1	SRX11154811	SCC.DE.048.HS2_lib	WGS	size fractionation	METAGENOMIC	PAIRED	0	0	ILLUMINA	Illumina NovaSeq 6000	SRP324179	PRJNA736108		736108	SRS9216402	SAMN19709205	simple	539655	human skin metagenome	SCC.DE.048.HS2							no					THE JACKSON LABORATORY FOR GENOMIC MEDICINE	SRA1245141		public	AB2A9A69EBCA8658FC1830821A6CC915	0929A430D2BECF0F597F05637CA4847F
SRR22231266Score_625.959_	NA	NA	NA	NA	NA	NA	NA	NA	NA	NA	NA	NA	NA	NA	NA	NA	NA	NA	NA	NA	NA	NA	NA	NA	NA	NA	NA	NA	NA	NA	NA	NA	NA	NA	NA	NA	NA	NA	NA	NA	NA	NA	NA	NA	NA	NA	NA	NA	NA	NA	NA	NA	NA	NA	NA	NA	NA	NA	NA	NA	NA
SRR13789933_12475_	NA	NA	NA	NA	NA	NA	NA	NA	NA	NA	NA	NA	NA	NA	NA	NA	NA	NA	NA	NA	NA	NA	NA	NA	NA	NA	NA	NA	NA	NA	NA	NA	NA	NA	NA	NA	NA	NA	NA	NA	NA	NA	NA	NA	NA	NA	NA	NA	NA	NA	NA	NA	NA	NA	NA	NA	NA	NA	NA	NA	NA
SRR25288757Score_624.394_	NA	NA	NA	NA	NA	NA	NA	NA	NA	NA	NA	NA	NA	NA	NA	NA	NA	NA	NA	NA	NA	NA	NA	NA	NA	NA	NA	NA	NA	NA	NA	NA	NA	NA	NA	NA	NA	NA	NA	NA	NA	NA	NA	NA	NA	NA	NA	NA	NA	NA	NA	NA	NA	NA	NA	NA	NA	NA	NA	NA	NA
SRR7688743Score_653.553_	NA	NA	NA	NA	NA	NA	NA	NA	NA	NA	NA	NA	NA	NA	NA	NA	NA	NA	NA	NA	NA	NA	NA	NA	NA	NA	NA	NA	NA	NA	NA	NA	NA	NA	NA	NA	NA	NA	NA	NA	NA	NA	NA	NA	NA	NA	NA	NA	NA	NA	NA	NA	NA	NA	NA	NA	NA	NA	NA	NA	NA
SRR7688641Score_640.933_	NA	NA	NA	NA	NA	NA	NA	NA	NA	NA	NA	NA	NA	NA	NA	NA	NA	NA	NA	NA	NA	NA	NA	NA	NA	NA	NA	NA	NA	NA	NA	NA	NA	NA	NA	NA	NA	NA	NA	NA	NA	NA	NA	NA	NA	NA	NA	NA	NA	NA	NA	NA	NA	NA	NA	NA	NA	NA	NA	NA	NA
SRR11059661_1679_	1319	180	0.09821922	TRUE	6.299642604	954	6.250532994	309.4054054	Drosophila_melanogaster_associated	novel	Insect	Other	Drosophila_melanogaster_associated	Drosophila_melanogaster_associated	SRR11059661	2020-04-30 00:01:29	2020-02-10 21:22:41	5295078	1059015600	5295078	200	662		https://sra-downloadb.be-md.ncbi.nlm.nih.gov/sos9/sra-pub-zq-922/SRR011/059/SRR11059661.sralite.1	SRX7705606	NCSU-GSL-0176-06	WGS	MDA	GENOMIC	PAIRED	0	0	ILLUMINA	Illumina HiSeq 2000	SRP248064	PRJNA605869		605869	SRS6129476	SAMN14081187	simple	7227	Drosophila melanogaster	10A_C1_9.2					not applicable		no					UNIVERSITY OF OREGON	SRA1041028		public	2B8B8293DC1AF263E74C2ABBE2EC30A9	3DD8B86EE14E2F4200E6377A768BAC8C
ERR10188115_7453_	2091	971	0.194289234	TRUE	6.285462861	163	6.188318244	52.86486486	Bovine_associated	novel	Bovine	Bovine	Bovine_associated	Bovine_associated	ERR10188115	2022-11-01 00:31:18	2022-11-19 03:25:31	3653600	1001074450	3653600	273	329		https://sra-downloadb.be-md.ncbi.nlm.nih.gov/sos8/sra-pub-zq-818/ERR010/10188/ERR10188115/ERR10188115.lite.1	ERX9723704	dptc_233	OTHER	RANDOM	METAGENOMIC	PAIRED	0	0	ILLUMINA	NextSeq 2000	ERP140858	PRJEB55911		896071	ERS13450730	SAMEA111353194	simple	1616037	milk metagenome	SAMEA111353194							no					TEAGASC FOOD RESEARCH CENTRE	ERA17907509		public	7DFAD2A9D29F20DA1EC997771DCCEA95	B4F3C1C9B1265C5AA002C10B08E4C0B3
SRR8437782_17784_	1723	599	0.419560065	TRUE	5.388470232	604	5.178690199	195.8918919	Capra_ibex_associated	novel	Caprine	Other	Capra_ibex_associated	Capra_ibex_associated	SRR8437782	2020-02-05 01:37:42	2019-01-13 12:16:10	207114636	55624586622	207114636	268	23816		https://sra-downloadb.be-md.ncbi.nlm.nih.gov/sos5/sra-pub-zq-14/SRR008/437/SRR8437782.sralite.1	SRX5245278	lib9	WGS	RANDOM	GENOMIC	PAIRED	0	0	ILLUMINA	Illumina HiSeq 4000	SRP178825	PRJNA514886		514886	SRS4247630	SAMN10736128	simple	72542	Capra ibex	ib.BE0407_bo					male		no					UNIVERSITY OF ZURICH	SRA834189		public	F9CBA510C7727963E6685B08ADB74460	59787E05245B3152163B96DFB0A116F1
SRR7734125_63559_	1857	780	0.541439709	TRUE	5.707026114	400	5.436306259	129.7297297	Taphozous_perforatus_associated	novel	Bat	Bat	Taphozous_perforatus_associated	Taphozous_perforatus_associated	SRR7734125	2019-01-01 00:20:02	2018-08-21 21:32:01	4752763	475276300	0	100	262		https://sra-downloadb.be-md.ncbi.nlm.nih.gov/sos5/sra-pub-zq-14/SRR007/734/SRR7734125.sralite.1	SRX4590464	KSA_0428_AGCAAG	AMPLICON	RANDOM	METAGENOMIC	SINGLE	0	0	ILLUMINA	Illumina HiSeq 2500	SRP158542	PRJNA487099	3	487099	SRS3698754	SAMN09873747	simple	256318	metagenome	KSA_0428							no					COLUMBIA UNIVERSITY	SRA761624		public	9538AFF4185CEBBD9EC3143FA6D188B3	EDF12DEF2F1AA43201DA51C0E3702909
SRR8104729_654_	2207	1098	0.620422862	TRUE	4.083761915	27	3.773550485	8.756756757	Limnonectes_kadarsani_associated	novel	Amphibian	Amphibian	Limnonectes_kadarsani_associated	Limnonectes_kadarsani_associated	SRR8104729	2019-01-01 00:20:22	2018-10-24 14:06:10	2328900	465780000	2328900	200	289		https://sra-downloadb.be-md.ncbi.nlm.nih.gov/sos9/sra-pub-zq-922/SRR008/104/SRR8104729.sralite.1	SRX4931518	P7 Index																																			
SRR3672741_4018_	2007	889	0.833590779	TRUE	5.390161075	223	4.973365686	72.32432432	Sciurus_vulgaris_associated	novel	Rodent	Rodent	Sciurus_vulgaris_associated	Sciurus_vulgaris_associated	SRR3672741	2016-09-30 00:00:00	2016-06-15 18:17:49	4414129	445827029	0	101	150		https://sra-downloadb.be-md.ncbi.nlm.nih.gov/sos5/sra-pub-zq-11/SRR003/672/SRR3672741/SRR3672741.sralite.1	SRX1849304	IoW-T	WGS	RANDOM	GENOMIC	SINGLE	0	0	ILLUMINA	Illumina HiSeq 2500	SRP076631	PRJNA325727		325727	SRS1507470	SAMN05251188	simple	480418	Mycobacterium lepromatosis	IoW-T							no					ECOLE POLYTECHNIQUE FEDERALE DE LAUSANNE	SRA434237		public	F2904B4C4BEADC8DB616991FC67C7916	4131C32270757A76FBED17C73F4FC94F
SRR7802421Score_639.468_	NA	NA	NA	NA	NA	NA	NA	NA	NA	NA	NA	NA	NA	NA	NA	NA	NA	NA	NA	NA	NA	NA	NA	NA	NA	NA	NA	NA	NA	NA	NA	NA	NA	NA	NA	NA	NA	NA	NA	NA	NA	NA	NA	NA	NA	NA	NA	NA	NA	NA	NA	NA	NA	NA	NA	NA	NA	NA	NA	NA	NA
ERR10857021Score_643.272_	1590	455	0.090708698	TRUE	5.929049104	838	5.883694755	271.7837838	Gammapapillomavirus	novel	Human	Human	Gammapapillomavirus	Human_associated	ERR10857021	2023-09-16 14:56:42	2023-09-21 22:02:15	1627244	483928770	1627244	297	294		https://sra-downloadb.be-md.ncbi.nlm.nih.gov/sos5/sra-pub-zq-11/ERR010/10857/ERR10857021/ERR10857021.lite.1	ERX10301742	None	WGS	RANDOM	METAGENOMIC	PAIRED	0	0	DNBSEQ	DNBSEQ-T7	ERP144436	PRJEB59406		974795	ERS14606339	SAMEA112614013	simple	539655	human skin metagenome	SAMEA112614013							no					01LIFE	ERA20440706		public	0534291F492FBD2E28E0534A7BAA9477	079E8210DC70CF7B62E2A875E665DFC2
SRR13789891Score_648.844_	NA	NA	NA	NA	NA	NA	NA	NA	NA	NA	NA	NA	NA	NA	NA	NA	NA	NA	NA	NA	NA	NA	NA	NA	NA	NA	NA	NA	NA	NA	NA	NA	NA	NA	NA	NA	NA	NA	NA	NA	NA	NA	NA	NA	NA	NA	NA	NA	NA	NA	NA	NA	NA	NA	NA	NA	NA	NA	NA	NA	NA
ERR3594004Score_645.06_	NA	NA	NA	NA	NA	NA	NA	NA	NA	NA	NA	NA	NA	NA	NA	NA	NA	NA	NA	NA	NA	NA	NA	NA	NA	NA	NA	NA	NA	NA	NA	NA	NA	NA	NA	NA	NA	NA	NA	NA	NA	NA	NA	NA	NA	NA	NA	NA	NA	NA	NA	NA	NA	NA	NA	NA	NA	NA	NA	NA	NA
SRR15442458Score_650.744_	NA	NA	NA	NA	NA	NA	NA	NA	NA	NA	NA	NA	NA	NA	NA	NA	NA	NA	NA	NA	NA	NA	NA	NA	NA	NA	NA	NA	NA	NA	NA	NA	NA	NA	NA	NA	NA	NA	NA	NA	NA	NA	NA	NA	NA	NA	NA	NA	NA	NA	NA	NA	NA	NA	NA	NA	NA	NA	NA	NA	NA
SRR21974026_749998_	1499	359	0.062059059	TRUE	6.535653709	1001	6.504624179	324.6486486	Human_associated	novel	Human	Human	Human_associated	Human_associated	SRR21974026	2023-06-29 00:00:52	2022-10-19 15:54:34	34029149	10276802998	34029149	302	3316		https://sra-downloadb.be-md.ncbi.nlm.nih.gov/sos8/sra-pub-zq-820/SRR021/21974/SRR21974026/SRR21974026.lite.1	SRX17957417	AYD3571_1_L18812432	WGS	RANDOM	METAGENOMIC	PAIRED	500	50	ILLUMINA	Illumina NovaSeq 6000	SRP403492	PRJNA872116		872116	SRS15474495	SAMN30890140	simple	539655	human skin metagenome	Met2897							no					NISC	SRA1523691		public	94D3DEDEE0D60135A4A6377FB5D1F29C	9BEBB16C10F600FB94D9300E5AE1BE51
SRR2063938_281_	1253	127	0.074296993	TRUE	5.198860788	466	5.161712292	151.1351351	Rhinolophus_pusillus_associated	novel	Bat	Bat	Rhinolophus_pusillus_associated	Rhinolophus_pusillus_associated	SRR2063938	2015-08-09 07:54:07	2015-08-09 07:49:23	30800385	2464030800	0	80	1368		https://sra-downloadb.be-md.ncbi.nlm.nih.gov/sos5/sra-pub-zq-11/SRR002/063/SRR2063938/SRR2063938.sralite.1	SRX1059487		OTHER	RANDOM PCR	VIRAL RNA	SINGLE	0	0	ILLUMINA	Illumina Genome Analyzer II	SRP011912			0	SRS961763	SAMN03761377	simple	1213622	bat metagenome	130719_lane1							no					"INSTITUTE OF PATHOGEN BIOLOGY	 CHINESE ACADEMY OF MEDICAL SCIENCES & PEKING UNION MEDICAL COLLEGE"	SRA051252		public	95F1C67C19A6B84721C31A5B4462AD51
SRR19115560_2307_	1919	791	0.191797951	TRUE	5.746057879	389	5.650158904	126.1621622	Vespertilio_murinus_associated	novel	Bat	Bat	Vespertilio_murinus_associated	Vespertilio_murinus_associated	SRR19115560	2022-05-06 04:00:18	2022-05-06 03:58:15	12429267	3753638634	12429267	302	1118		https://sra-downloadb.be-md.ncbi.nlm.nih.gov/sos8/sra-pub-zq-818/SRR019/19115/SRR19115560/SRR19115560.lite.1	SRX15183243	AG19	OTHER	RANDOM	METAGENOMIC	PAIRED	0	0	ILLUMINA	Illumina NovaSeq 6000	SRP373899	PRJNA835632		835632	SRS12923758	SAMN28106601	simple	1213622	bat metagenome	AG-MW057-5							no					UNIVERSITY OF ZURICH (UZH)	SRA1415733		public	0BAC86AB7BC8D2B2C2C04C4C70D75074	4E289A4D8FD311A68B39179BA2A29683
SRR25256617_433822_	1821	689	0.127205165	TRUE	5.577052211	289	5.513449629	93.72972973	Manidae_associated	novel	Pangolin	Pangolin	Manidae_associated	Manidae_associated	SRR25256617	2023-09-06 12:39:31	2023-07-13 10:13:55	447197123	134159136900	447197123	300	41296		https://sra-downloadb.be-md.ncbi.nlm.nih.gov/sos9/sra-pub-zq-922/SRR025/25256/SRR25256617/SRR25256617.lite.1	SRX21002565	SGI27	WGS	PCR	GENOMIC	PAIRED	0	0	ILLUMINA	Illumina NovaSeq 6000	SRP449284	PRJNA962256		962256	SRS18275794	SAMN34388426	simple	3043966	Manidae sp.	sample							no					YUNNAN UNIVERSITY	SRA1672067		public	D10AE3E707B80C82D98950AD52C89CA9	3AED2A94B54416574EE45041B2C2970D
SRR26458553_28983_	NA	NA	NA	NA	NA	NA	NA	NA	NA	NA	NA	NA	NA	NA	NA	NA	NA	NA	NA	NA	NA	NA	NA	NA	NA	NA	NA	NA	NA	NA	NA	NA	NA	NA	NA	NA	NA	NA	NA	NA	NA	NA	NA	NA	NA	NA	NA	NA	NA	NA	NA	NA	NA	NA	NA	NA	NA	NA	NA	NA	NA
SRR25288841_314141_	1873	739	0.102142895	TRUE	6.258340785	443	6.207269337	143.6756757	Rhinolophus_affinis_associated	novel	Bat	Bat	Rhinolophus_affinis_associated	Rhinolophus_affinis_associated	SRR25288841	2023-08-13 22:34:42	2023-07-15 00:05:45	17686817	5306045100	0	300	2178		https://sra-downloadb.be-md.ncbi.nlm.nih.gov/sos5/sra-pub-zq-11/SRR025/25288/SRR25288841/SRR25288841.lite.1	SRX21032156	library_107	OTHER	RANDOM PCR	VIRAL RNA	SINGLE	0	0	ILLUMINA	HiSeq X Ten	SRP449640	PRJNA994658	3	994658	SRS18304585	SAMN36440287	simple	1213622	bat metagenome	Sample_Pool-107							no					INSTITUTE OF PATHOGEN BIOLOGY CHINESE ACADEMY OF MEDICAL SCIENCES & PEKING UNION MEDICAL COLLEGE	SRA1673370		public	38C1C77D29B5C67AB1495D31989388FF	62F6C72C3FB255A4982585579A2D91D8
SRR15442217Score_618.718_	NA	NA	NA	NA	NA	NA	NA	NA	NA	NA	NA	NA	NA	NA	NA	NA	NA	NA	NA	NA	NA	NA	NA	NA	NA	NA	NA	NA	NA	NA	NA	NA	NA	NA	NA	NA	NA	NA	NA	NA	NA	NA	NA	NA	NA	NA	NA	NA	NA	NA	NA	NA	NA	NA	NA	NA	NA	NA	NA	NA	NA
SRR11657643_297240_	1762	637	0.371878689	TRUE	5.461858315	632	5.275918971	204.972973	Ovis_aries_associated	novel	Caprine	Other	Ovis_aries_associated	Ovis_aries_associated	SRR11657643	2020-04-30 22:54:48	2020-04-30 22:21:45	258991622	77697486600	258991622	300	30787		https://sra-downloadb.be-md.ncbi.nlm.nih.gov/sos5/sra-pub-zq-14/SRR011/11657/SRR11657643/SRR11657643.lite.1	SRX8218468	CLS228	WGS	RANDOM	GENOMIC	PAIRED	0	0	ILLUMINA	HiSeq X Ten	SRP259382	PRJNA624020		624020	SRS6576518	SAMN14590288	simple	9940	Ovis aries	CLS228					female		no					"INSTITUTE OF ZOOLOGY	 CHINESE ACADEMY OF SCIENCES"	SRA1070657		public	4A5601E27E59AC0D9396D41644DEAEE8
SRR13789819_305835_	1485	349	0.137276241	TRUE	6.550882869	1008	6.482244749	326.9189189	Human_associated	novel	Human	Human	Human_associated	Human_associated	SRR13789819	2022-01-26 03:39:42	2021-02-26 09:39:29	6718292	2000839006	6718292	297	644		https://sra-downloadb.be-md.ncbi.nlm.nih.gov/sos4/sra-pub-zq-1/SRR013/13789/SRR13789819/SRR13789819.lite.1	SRX10174657	GER_CD_S24_V1_torso	WGS	RANDOM	METAGENOMIC	PAIRED	0	0	ILLUMINA	Illumina NovaSeq 6000	SRP306763	PRJNA699281		699281	SRS8323680	SAMN17617453	simple	256318	metagenome	GER_CD_S24_V1_torso							no					JACKSON LABORATORY FOR GENOMIC MEDICINE	SRA1196859		public	3BA19BC2AF66854B11EC2C383A4242E4	83AA033117C157BCFD6726D4A061D135
SRR11569199_2444_	1760	633	0.256081358	TRUE	5.863665497	636	5.735624818	206.2702703	Bovine_associated	novel	Bovine	Bovine	Bovine_associated	Bovine_associated	SRR11569199	2020-04-19 17:40:31	2020-04-19 17:37:00	4716963	1188674676	4716963	252	531		https://sra-downloadb.be-md.ncbi.nlm.nih.gov/sos9/sra-pub-zq-922/SRR011/569/SRR11569199.sralite.1	SRX8138151	8SE_S19	WGS	RANDOM	METAGENOMIC	PAIRED	0	0	ILLUMINA	Illumina HiSeq 2500	SRP257385	PRJNA512046		512046	SRS6501294	SAMN14640647	simple	1338477	skin metagenome	8SE				8			no					UNIVERSITY OF MINNESOTA	SRA1066862		public	C02663EDCBCB0468231E69B283795905	AB690C5AB3999A1C64AEF2459695FB29
SRR25288693_7121_	NA	NA	NA	NA	NA	NA	NA	NA	NA	NA	NA	NA	NA	NA	NA	NA	NA	NA	NA	NA	NA	NA	NA	NA	NA	NA	NA	NA	NA	NA	NA	NA	NA	NA	NA	NA	NA	NA	NA	NA	NA	NA	NA	NA	NA	NA	NA	NA	NA	NA	NA	NA	NA	NA	NA	NA	NA	NA	NA	NA	NA
SRR12851781_28432_	2184	1070	0.421818494	TRUE	6.57452919	55	6.363619943	17.83783784	Gadus_morhua_associated	novel	Ray-finned Fish	Ray-finned Fish	Gadus_morhua_associated	Gadus_morhua_associated	SRR12851781	2021-09-01 00:50:38	2020-10-20 17:20:24	8070004	2030217251	8070004	251	861		https://sra-downloadb.be-md.ncbi.nlm.nih.gov/sos4/sra-pub-zq-1/SRR012/12851/SRR12851781/SRR12851781.lite.1	SRX9318725	Gmo-00189	WGS	RANDOM	GENOMIC	PAIRED	0	0	ILLUMINA	NextSeq 500	SRP287859	PRJNA669394		669394	SRS7543535	SAMN16447743	simple	8049	Gadus morhua	WS2018GOMF004					female		no					GLOUCESTER MARINE GENOMICS INSTITUTE	SRA1144521		public	4980B81887B09EC3E220D9415E109D24	A47807A9D8897D2EE2EC417AEB3FECFF
SRR12604243_44526_	2118	1001	0.49268053	TRUE	5.586466874	111	5.34012661	36	Takydromus_septentrionalis_associated	novel	Reptile	Reptile	Takydromus_septentrionalis_associated	Takydromus_septentrionalis_associated	SRR12604243	2021-10-01 00:16:30	2020-09-07 11:35:50	28981580	8694474000	28981580	300	2601		https://sra-downloadb.be-md.ncbi.nlm.nih.gov/sos4/sra-pub-zq-1/SRR012/12604/SRR12604243/SRR12604243.lite.1	SRX9087958	T303	RNA-Seq	cDNA	TRANSCRIPTOMIC	PAIRED	0	0	ILLUMINA	Illumina HiSeq 1500	SRP280349	PRJNA662075		662075	SRS7333920	SAMN16073332	simple	80462	Takydromus septentrionalis	T303					male		no					NANJING NORMAL UNIVERSITY	SRA1122143		public	8A07C8DFDD0ED6E33CB5B2D3F0F61298	CEC99C0E69AFC883047999B83E476287
SRR18312696_386168_	2073	953	0.409982082	TRUE	5.716167253	144	5.511176212	46.7027027	Giraffa_reticulata_associated	novel	Giraffid	Other	Giraffa_reticulata_associated	Giraffa_reticulata_associated	SRR18312696	2023-09-19 16:20:46	2022-03-25 19:54:25	130497380	39149214000	130497380	300	12445		https://sra-downloadb.be-md.ncbi.nlm.nih.gov/sos8/sra-pub-zq-820/SRR018/18312/SRR18312696/SRR18312696.lite.1	SRX14449892	GF292	WGS	RANDOM	GENOMIC	PAIRED	0	0	ILLUMINA	Illumina NovaSeq 6000	SRP363774	PRJNA815626		815626	SRS12256419	SAMN26630969	simple	409609	Giraffa reticulata	GF292					female		no					SENCKENBERG NATURE RESEARCH SOCIETY	SRA1384231		public	9D89D65F52301AFB1CEA1DDC191314C9	A3D273861898909A881F6B32155CBEF4
ERR11203045_133039_	2042	920	0.258520599	TRUE	5.397646511	213	5.268386211	69.08108108	Canis_familiaris_associated	novel	Canine	Canine	Canis_familiaris_associated	Canis_familiaris_associated	ERR11203045	2023-04-13 18:00:07	2023-07-26 08:45:38	372284811	111685443300	372284811	300	35992		https://sra-downloadb.be-md.ncbi.nlm.nih.gov/sos5/sra-pub-zq-14/ERR011/11203/ERR11203045/ERR11203045.lite.1	ERX10632429		WGS	RANDOM	GENOMIC	PAIRED	0	0	ILLUMINA	Illumina NovaSeq 6000	ERP119159	PRJEB36029		724105	ERS14718686	SAMEA112721120	simple	9615	Canis lupus familiaris	WI_37607					Female		no					THE KENNEL CLUB GENETICS CENTRE	ERA21678716		public	BDAF02761DBC5F32406A754F66EA6D4D	7E92B5AFADDF255D3FF08AD1E1EC1230
ERR7256387_570539_	1239	124	0.26483884	TRUE	5.191661339	468	5.059241919	151.7837838	Mustela_putorious_associated	novel	Mustelid	Other	Mustela_putorious_associated	Mustela_putorious_associated	ERR7256387	2021-11-16 09:34:19	2021-11-19 19:43:00	97549953	24582588156	97549953	252	8352		https://sra-downloadb.be-md.ncbi.nlm.nih.gov/sos8/sra-pub-zq-820/ERR007/7256/ERR7256387/ERR7256387.lite.1	ERX6825793		WGS	RANDOM	GENOMIC	PAIRED	0	0	ILLUMINA	Illumina HiSeq 2500	ERP132727	PRJEB48359		776233	ERS8186801	SAMEA10534721	simple	9668	Mustela putorius	SAMEA10534721							no					THE GENOME ANALYSIS CENTRE	ERA7130685		public	1FC4B4EBB6D0744098530214428AC787	D9415E97C4A7EC15D3B0E2C3C3626507
SRR17035106_825_	2088	968	0.089894726	TRUE	5.797601027	159	5.752653664	51.56756757	Cervus_nippon_associated	novel	Cervine	Cervine	Cervus_nippon_associated	Cervus_nippon_associated	SRR17035106	2022-12-01 00:01:39	2021-11-24 21:49:42	26711192	8013357600	26711192	300	2618		https://sra-downloadb.be-md.ncbi.nlm.nih.gov/sos9/sra-pub-zq-922/SRR017/17035/SRR17035106/SRR17035106.lite.1	SRX13225033	JIE1	WGS	RANDOM	METAGENOMIC	PAIRED	0	0	ILLUMINA	Illumina NovaSeq 6000	SRP347777	PRJNA779578		779578	SRS11150442	SAMN22814842	simple	749906	gut metagenome	JIE1							no					JILIN AGRICULTURAL UNIVERSITY	SRA1328984		public	0B8DF5AA441A5670793F111C844D79E3	7202B7D213F063AD375AC669E7BD132B
ERR10188211_15517_	1751	618	0.097532912	TRUE	5.951636002	653	5.902869546	211.7837838	Bovine_associated	novel	Bovine	Bovine	Bovine_associated	Bovine_associated	ERR10188211	2022-11-01 00:31:19	2022-11-19 03:29:42	4861501	1468173302	4861501	302	665		https://sra-downloadb.be-md.ncbi.nlm.nih.gov/sos8/sra-pub-zq-818/ERR010/10188/ERR10188211/ERR10188211.lite.1	ERX9723800	dptc_87	OTHER	RANDOM	METAGENOMIC	PAIRED	0	0	ILLUMINA	NextSeq 550	ERP140858	PRJEB55911		896071	ERS13450810	SAMEA111353274	simple	1616037	milk metagenome	SAMEA111353274							no					TEAGASC FOOD RESEARCH CENTRE	ERA17907509		public	F814428D33B81DA7F51249BA4C9E5FA3	5C5499DF987CB69B746D1637DA729FBA
ERR10447056_1195580_	1246	115	0.145098405	TRUE	5.794674529	477	5.722125326	154.7027027	Vulpes_lagopus_associated	novel	Vulpine	Other	Vulpes_lagopus_associated	Vulpes_lagopus_associated	ERR10447056	2023-02-01 04:16:38	2023-02-04 18:23:28	41009583	12317171047	41009583	300	5278		https://sra-downloadb.be-md.ncbi.nlm.nih.gov/sos4/sra-pub-zq-3/ERR010/10447/ERR10447056/ERR10447056.lite.1	ERX9971533		WGS	unspecified	GENOMIC	PAIRED	0	0	ILLUMINA	Illumina HiSeq 4000	ERP140708	PRJEB55788		929804	ERS13631274	SAMEA111521289	simple	494514	Vulpes lagopus	SAMEA111521289							no					STOCKHOLM UNIVERSITY	ERA18564721		public	09DDE453D5850F322EDFD9B8C1C8C637	0BA8A56776EF4D03CA41D7B51E8935FE
ERR3298753_352415_	1831	703	0.238414813	TRUE	5.513171477	279	5.39396407	90.48648649		Marmota_marmota_associated	novel	Rodent	Rodent		Marmota_marmota_associated		Marmota_marmota_associated	ERR3298753	2019-04-29 07:40:40	2019-05-04 18:15:31	173310729	34662145800	173310729	200	23629		https://sra-downloadb.be-md.ncbi.nlm.nih.gov/sos5/sra-pub-zq-16/ERR003/3298/ERR3298753/ERR3298753.lite.1	ERX3325031		WGS	RANDOM	GENOMIC	PAIRED	0	0	ILLUMINA	Illumina HiSeq 2500	ERP009330	PRJEB8272		274843	ERS3381932	SAMEA5577698	simple	9994	Marmota marmota marmota	SAMEA5577698					female		no					MRC NATIONAL INSTITUTE FOR MEDICAL RESEARCH	ERA1869978		public	998C6E61B4AA4AC21B6692CB01D65A86	2525175D97B689F4DF3A476187E2D69B
SRR10682323_6652_	NA	NA	NA	NA	NA	NA	NA	NA	NA	NA	NA	NA	NA	NA	NA	NA	NA	NA	NA	NA	NA	NA	NA	NA	NA	NA	NA	NA	NA	NA	NA	NA	NA	NA	NA	NA	NA	NA	NA	NA	NA	NA	NA	NA	NA	NA	NA	NA	NA	NA	NA	NA	NA	NA	NA	NA	NA	NA	NA	NA	NA
SRR11951209_2019_	2209	1095	0.694144881	TRUE	4.567682987	29	4.220610546	9.405405405	Bufo_gargarizans_associated	novel	Bovine	Bovine	Bufo_gargarizans_associated	Bufo_gargarizans_associated	SRR11951209	2021-06-08 00:01:37	2020-06-08 09:35:40	22827805	6848341500	22827805	300	2374		https://sra-downloadb.be-md.ncbi.nlm.nih.gov/sos4/sra-pub-zq-1/SRR011/11951/SRR11951209/SRR11951209.lite.1	SRX8495612	PZ01	RNA-Seq	PCR	TRANSCRIPTOMIC	PAIRED	0	0	ILLUMINA	Illumina NovaSeq 6000	SRP266426	PRJNA638036		638036	SRS6794549	SAMN15165741	simple	30331	Bufo gargarizans	PZ					female		no					SCU	SRA1084474		public	5079335C21F0D96213AF1538713CDFE0	A6441B44ED4743122BE5088F87B169AD
SRR14864829_83990_	2121	1006	0.131469512	TRUE	5.634628075	106	5.568893319	34.37837838	Phrynocephalus_versicolor_associated	novel	Reptile	Reptile	Phrynocephalus_versicolor_associated	Phrynocephalus_versicolor_associated	SRR14864829	2022-07-22 00:01:03	2021-06-19 04:42:31	13810635	4143190500	13810635	300	1549		https://sra-downloadb.be-md.ncbi.nlm.nih.gov/sos8/sra-pub-zq-818/SRR014/14864/SRR14864829/SRR14864829.lite.1	SRX11182376	TD180301659	WGS	RANDOM	GENOMIC	PAIRED	0	0	ILLUMINA	HiSeq X Ten	SRP324682	PRJNA738137	3	738137	SRS9239894	SAMN19774350	simple	171651	Phrynocephalus versicolor	E17					female		no					UNIVERSITY OF CALIFORNIA BERKELEY	SRA1248080		public	E66F83CC9C8BDA69F1E7B4C4D8576A74	AC9C547B79B82F1A42F92E204AA2F0AC
SRR13789839_2669_	1582	453	0.057160479	TRUE	5.646007302	816	5.617427063	264.6486486	Human_associated	novel	Human	Human	Human_associated	Human_associated	SRR13789839	2022-01-26 03:39:42	2021-02-26 09:39:07	2294921	683946484	2294921	298	226		https://sra-downloadb.be-md.ncbi.nlm.nih.gov/sos4/sra-pub-zq-1/SRR013/13789/SRR13789839/SRR13789839.lite.1	SRX10174637	GER_CD_S78_V1_torso	WGS	RANDOM	METAGENOMIC	PAIRED	0	0	ILLUMINA	Illumina NovaSeq 6000	SRP306763	PRJNA699281		699281	SRS8323664	SAMN17617435	simple	256318	metagenome	GER_CD_S78_V1_torso							no					JACKSON LABORATORY FOR GENOMIC MEDICINE	SRA1196859		public	5DB14189982EE6989F1B0ABF9A3EC971	375652801D26007BBBEF333FD58CF3E2
