V1_clean	original_metadata	host_group	host_confidence	biosample_organism	manual_host	needs_review	biosample_host	biosample_isolation_source	biosample_organism_field	biosample_title	host_group_broad
SRR11964133	Acetobacter pasteurianus	Other	low	NA	NA	TRUE	NA	NA	NA	NA	Other
SRR22968103	Aedes geniculatus	Other	low	NA	NA	TRUE	NA	NA	NA	NA	Other
DRR013317	Human papillomavirus	Human	medium	NA	NA	FALSE	NA	NA	NA	NA	Human
DRR013318	Human papillomavirus	Human	medium	NA	NA	FALSE	NA	NA	NA	NA	Human
DRR013319	Human papillomavirus	Human	medium	NA	NA	FALSE	NA	NA	NA	NA	Human
DRR013320	Human papillomavirus	Human	medium	NA	NA	FALSE	NA	NA	NA	NA	Human
DRR013321	Human papillomavirus	Human	medium	NA	NA	FALSE	NA	NA	NA	NA	Human
DRR013323	Human papillomavirus	Human	medium	NA	NA	FALSE	NA	NA	NA	NA	Human
DRR013324	Human papillomavirus	Human	medium	NA	NA	FALSE	NA	NA	NA	NA	Human
DRR013325	Human papillomavirus	Human	medium	NA	NA	FALSE	NA	NA	NA	NA	Human
DRR013326	Human papillomavirus	Human	medium	NA	NA	FALSE	NA	NA	NA	NA	Human
DRR013327	Human papillomavirus	Human	medium	NA	NA	FALSE	NA	NA	NA	NA	Human
DRR013328	Human papillomavirus	Human	medium	NA	NA	FALSE	NA	NA	NA	NA	Human
DRR013329	Human papillomavirus	Human	medium	NA	NA	FALSE	NA	NA	NA	NA	Human
DRR013331	Human papillomavirus	Human	medium	NA	NA	FALSE	NA	NA	NA	NA	Human
DRR022543	Homo sapiens	Human	high	NA	NA	FALSE	NA	NA	NA	NA	Human
DRR022544	Homo sapiens	Human	high	NA	NA	FALSE	NA	NA	NA	NA	Human
DRR022546	Homo sapiens	Human	high	NA	NA	FALSE	NA	NA	NA	NA	Human
DRR022547	Homo sapiens	Human	high	NA	NA	FALSE	NA	NA	NA	NA	Human
DRR022548	Homo sapiens	Human	high	NA	NA	FALSE	NA	NA	NA	NA	Human
DRR022549	Homo sapiens	Human	high	NA	NA	FALSE	NA	NA	NA	NA	Human
DRR022550	Homo sapiens	Human	high	NA	NA	FALSE	NA	NA	NA	NA	Human
DRR022551	Homo sapiens	Human	high	NA	NA	FALSE	NA	NA	NA	NA	Human
DRR022552	Homo sapiens	Human	high	NA	NA	FALSE	NA	NA	NA	NA	Human
DRR022553	Homo sapiens	Human	high	NA	NA	FALSE	NA	NA	NA	NA	Human
DRR022554	Homo sapiens	Human	high	NA	NA	FALSE	NA	NA	NA	NA	Human
DRR022555	Homo sapiens	Human	high	NA	NA	FALSE	NA	NA	NA	NA	Human
DRR027740	Human papillomavirus	Human	medium	NA	NA	FALSE	NA	NA	NA	NA	Human
DRR027741	Human papillomavirus	Human	medium	NA	NA	FALSE	NA	NA	NA	NA	Human
DRR029100	Human papillomavirus	Human	medium	NA	NA	FALSE	NA	NA	NA	NA	Human
DRR048689	Homo sapiens	Human	high	NA	NA	FALSE	NA	NA	NA	NA	Human
DRR125236	Human papillomavirus	Human	medium	NA	NA	FALSE	NA	NA	NA	NA	Human
DRR125237	Human papillomavirus	Human	medium	NA	NA	FALSE	NA	NA	NA	NA	Human
DRR125238	Human papillomavirus	Human	medium	NA	NA	FALSE	NA	NA	NA	NA	Human
DRR125239	Human papillomavirus	Human	medium	NA	NA	FALSE	NA	NA	NA	NA	Human
DRR125240	Human papillomavirus	Human	medium	NA	NA	FALSE	NA	NA	NA	NA	Human
DRR125241	Human papillomavirus	Human	medium	NA	NA	FALSE	NA	NA	NA	NA	Human
DRR125242	Human papillomavirus	Human	medium	NA	NA	FALSE	NA	NA	NA	NA	Human
DRR125243	Human papillomavirus	Human	medium	NA	NA	FALSE	NA	NA	NA	NA	Human
DRR125244	Human papillomavirus	Human	medium	NA	NA	FALSE	NA	NA	NA	NA	Human
DRR125245	Human papillomavirus	Human	medium	NA	NA	FALSE	NA	NA	NA	NA	Human
DRR125246	Human papillomavirus	Human	medium	NA	NA	FALSE	NA	NA	NA	NA	Human
DRR125247	Human papillomavirus	Human	medium	NA	NA	FALSE	NA	NA	NA	NA	Human
DRR125248	Human papillomavirus	Human	medium	NA	NA	FALSE	NA	NA	NA	NA	Human
DRR125249	Human papillomavirus	Human	medium	NA	NA	FALSE	NA	NA	NA	NA	Human
DRR125250	Human papillomavirus	Human	medium	NA	NA	FALSE	NA	NA	NA	NA	Human
DRR125251	Human papillomavirus	Human	medium	NA	NA	FALSE	NA	NA	NA	NA	Human
DRR125252	Human papillomavirus	Human	medium	NA	NA	FALSE	NA	NA	NA	NA	Human
DRR125253	Human papillomavirus	Human	medium	NA	NA	FALSE	NA	NA	NA	NA	Human
DRR125254	Human papillomavirus	Human	medium	NA	NA	FALSE	NA	NA	NA	NA	Human
DRR125255	Human papillomavirus	Human	medium	NA	NA	FALSE	NA	NA	NA	NA	Human
DRR125256	Human papillomavirus	Human	medium	NA	NA	FALSE	NA	NA	NA	NA	Human
DRR125257	Human papillomavirus	Human	medium	NA	NA	FALSE	NA	NA	NA	NA	Human
DRR125258	Human papillomavirus	Human	medium	NA	NA	FALSE	NA	NA	NA	NA	Human
DRR125259	Human papillomavirus	Human	medium	NA	NA	FALSE	NA	NA	NA	NA	Human
DRR125260	Human papillomavirus	Human	medium	NA	NA	FALSE	NA	NA	NA	NA	Human
DRR125261	Human papillomavirus	Human	medium	NA	NA	FALSE	NA	NA	NA	NA	Human
DRR125262	Human papillomavirus	Human	medium	NA	NA	FALSE	NA	NA	NA	NA	Human
DRR125263	Human papillomavirus	Human	medium	NA	NA	FALSE	NA	NA	NA	NA	Human
DRR125264	Human papillomavirus	Human	medium	NA	NA	FALSE	NA	NA	NA	NA	Human
DRR125265	Human papillomavirus	Human	medium	NA	NA	FALSE	NA	NA	NA	NA	Human
DRR125266	Human papillomavirus	Human	medium	NA	NA	FALSE	NA	NA	NA	NA	Human
DRR125267	Human papillomavirus	Human	medium	NA	NA	FALSE	NA	NA	NA	NA	Human
DRR125268	Human papillomavirus	Human	medium	NA	NA	FALSE	NA	NA	NA	NA	Human
DRR125269	Human papillomavirus	Human	medium	NA	NA	FALSE	NA	NA	NA	NA	Human
DRR125270	Human papillomavirus	Human	medium	NA	NA	FALSE	NA	NA	NA	NA	Human
DRR125271	Human papillomavirus	Human	medium	NA	NA	FALSE	NA	NA	NA	NA	Human
DRR125272	Human papillomavirus	Human	medium	NA	NA	FALSE	NA	NA	NA	NA	Human
DRR125273	Human papillomavirus	Human	medium	NA	NA	FALSE	NA	NA	NA	NA	Human
DRR125274	Human papillomavirus	Human	medium	NA	NA	FALSE	NA	NA	NA	NA	Human
DRR125275	Human papillomavirus	Human	medium	NA	NA	FALSE	NA	NA	NA	NA	Human
DRR125276	Human papillomavirus	Human	medium	NA	NA	FALSE	NA	NA	NA	NA	Human
DRR125277	Human papillomavirus	Human	medium	NA	NA	FALSE	NA	NA	NA	NA	Human
DRR125278	Human papillomavirus	Human	medium	NA	NA	FALSE	NA	NA	NA	NA	Human
DRR125279	Human papillomavirus	Human	medium	NA	NA	FALSE	NA	NA	NA	NA	Human
DRR125280	Human papillomavirus	Human	medium	NA	NA	FALSE	NA	NA	NA	NA	Human
DRR125281	Human papillomavirus	Human	medium	NA	NA	FALSE	NA	NA	NA	NA	Human
DRR125282	Human papillomavirus	Human	medium	NA	NA	FALSE	NA	NA	NA	NA	Human
DRR125283	Human papillomavirus	Human	medium	NA	NA	FALSE	NA	NA	NA	NA	Human
DRR125284	Human papillomavirus	Human	medium	NA	NA	FALSE	NA	NA	NA	NA	Human
DRR125285	Human papillomavirus	Human	medium	NA	NA	FALSE	NA	NA	NA	NA	Human
DRR125286	Human papillomavirus	Human	medium	NA	NA	FALSE	NA	NA	NA	NA	Human
DRR125287	Human papillomavirus	Human	medium	NA	NA	FALSE	NA	NA	NA	NA	Human
DRR125288	Human papillomavirus	Human	medium	NA	NA	FALSE	NA	NA	NA	NA	Human
DRR125289	Human papillomavirus	Human	medium	NA	NA	FALSE	NA	NA	NA	NA	Human
DRR125290	Human papillomavirus	Human	medium	NA	NA	FALSE	NA	NA	NA	NA	Human
DRR125291	Human papillomavirus	Human	medium	NA	NA	FALSE	NA	NA	NA	NA	Human
DRR125292	Human papillomavirus	Human	medium	NA	NA	FALSE	NA	NA	NA	NA	Human
DRR125293	Human papillomavirus	Human	medium	NA	NA	FALSE	NA	NA	NA	NA	Human
DRR125294	Human papillomavirus	Human	medium	NA	NA	FALSE	NA	NA	NA	NA	Human
DRR125295	Human papillomavirus	Human	medium	NA	NA	FALSE	NA	NA	NA	NA	Human
DRR125296	Human papillomavirus	Human	medium	NA	NA	FALSE	NA	NA	NA	NA	Human
DRR125297	Human papillomavirus	Human	medium	NA	NA	FALSE	NA	NA	NA	NA	Human
DRR125298	Human papillomavirus	Human	medium	NA	NA	FALSE	NA	NA	NA	NA	Human
DRR125299	Human papillomavirus	Human	medium	NA	NA	FALSE	NA	NA	NA	NA	Human
DRR125300	Human papillomavirus	Human	medium	NA	NA	FALSE	NA	NA	NA	NA	Human
DRR125301	Human papillomavirus	Human	medium	NA	NA	FALSE	NA	NA	NA	NA	Human
DRR125302	Human papillomavirus	Human	medium	NA	NA	FALSE	NA	NA	NA	NA	Human
DRR125303	Human papillomavirus	Human	medium	NA	NA	FALSE	NA	NA	NA	NA	Human
DRR125304	Human papillomavirus	Human	medium	NA	NA	FALSE	NA	NA	NA	NA	Human
DRR125305	Human papillomavirus	Human	medium	NA	NA	FALSE	NA	NA	NA	NA	Human
DRR125306	Human papillomavirus	Human	medium	NA	NA	FALSE	NA	NA	NA	NA	Human
DRR125307	Human papillomavirus	Human	medium	NA	NA	FALSE	NA	NA	NA	NA	Human
DRR125308	Human papillomavirus	Human	medium	NA	NA	FALSE	NA	NA	NA	NA	Human
DRR125309	Human papillomavirus	Human	medium	NA	NA	FALSE	NA	NA	NA	NA	Human
DRR125310	Human papillomavirus	Human	medium	NA	NA	FALSE	NA	NA	NA	NA	Human
DRR125311	Human papillomavirus	Human	medium	NA	NA	FALSE	NA	NA	NA	NA	Human
DRR125312	Human papillomavirus	Human	medium	NA	NA	FALSE	NA	NA	NA	NA	Human
DRR125313	Human papillomavirus	Human	medium	NA	NA	FALSE	NA	NA	NA	NA	Human
DRR125314	Human papillomavirus	Human	medium	NA	NA	FALSE	NA	NA	NA	NA	Human
DRR125315	Human papillomavirus	Human	medium	NA	NA	FALSE	NA	NA	NA	NA	Human
DRR125316	Human papillomavirus	Human	medium	NA	NA	FALSE	NA	NA	NA	NA	Human
DRR125317	Human papillomavirus	Human	medium	NA	NA	FALSE	NA	NA	NA	NA	Human
DRR125318	Human papillomavirus	Human	medium	NA	NA	FALSE	NA	NA	NA	NA	Human
DRR125319	Human papillomavirus	Human	medium	NA	NA	FALSE	NA	NA	NA	NA	Human
DRR125320	Human papillomavirus	Human	medium	NA	NA	FALSE	NA	NA	NA	NA	Human
DRR125321	Human papillomavirus	Human	medium	NA	NA	FALSE	NA	NA	NA	NA	Human
DRR125322	Human papillomavirus	Human	medium	NA	NA	FALSE	NA	NA	NA	NA	Human
DRR125323	Human papillomavirus	Human	medium	NA	NA	FALSE	NA	NA	NA	NA	Human
DRR125324	Human papillomavirus	Human	medium	NA	NA	FALSE	NA	NA	NA	NA	Human
DRR125325	Human papillomavirus	Human	medium	NA	NA	FALSE	NA	NA	NA	NA	Human
DRR125326	Human papillomavirus	Human	medium	NA	NA	FALSE	NA	NA	NA	NA	Human
DRR125327	Human papillomavirus	Human	medium	NA	NA	FALSE	NA	NA	NA	NA	Human
DRR125328	Human papillomavirus	Human	medium	NA	NA	FALSE	NA	NA	NA	NA	Human
DRR125329	Human papillomavirus	Human	medium	NA	NA	FALSE	NA	NA	NA	NA	Human
DRR125330	Human papillomavirus	Human	medium	NA	NA	FALSE	NA	NA	NA	NA	Human
DRR125331	Human papillomavirus	Human	medium	NA	NA	FALSE	NA	NA	NA	NA	Human
DRR125332	Human papillomavirus	Human	medium	NA	NA	FALSE	NA	NA	NA	NA	Human
DRR125333	Human papillomavirus	Human	medium	NA	NA	FALSE	NA	NA	NA	NA	Human
DRR125334	Human papillomavirus	Human	medium	NA	NA	FALSE	NA	NA	NA	NA	Human
DRR125335	Human papillomavirus	Human	medium	NA	NA	FALSE	NA	NA	NA	NA	Human
DRR125336	Human papillomavirus	Human	medium	NA	NA	FALSE	NA	NA	NA	NA	Human
DRR125337	Human papillomavirus	Human	medium	NA	NA	FALSE	NA	NA	NA	NA	Human
DRR125338	Human papillomavirus	Human	medium	NA	NA	FALSE	NA	NA	NA	NA	Human
DRR125339	Human papillomavirus	Human	medium	NA	NA	FALSE	NA	NA	NA	NA	Human
DRR125340	Human papillomavirus	Human	medium	NA	NA	FALSE	NA	NA	NA	NA	Human
DRR125341	Human papillomavirus	Human	medium	NA	NA	FALSE	NA	NA	NA	NA	Human
DRR125342	Human papillomavirus	Human	medium	NA	NA	FALSE	NA	NA	NA	NA	Human
DRR125343	Human papillomavirus	Human	medium	NA	NA	FALSE	NA	NA	NA	NA	Human
DRR125344	Human papillomavirus	Human	medium	NA	NA	FALSE	NA	NA	NA	NA	Human
DRR125345	Human papillomavirus	Human	medium	NA	NA	FALSE	NA	NA	NA	NA	Human
DRR125346	Human papillomavirus	Human	medium	NA	NA	FALSE	NA	NA	NA	NA	Human
DRR125347	Human papillomavirus	Human	medium	NA	NA	FALSE	NA	NA	NA	NA	Human
DRR125348	Human papillomavirus	Human	medium	NA	NA	FALSE	NA	NA	NA	NA	Human
DRR125349	Human papillomavirus	Human	medium	NA	NA	FALSE	NA	NA	NA	NA	Human
DRR125350	Human papillomavirus	Human	medium	NA	NA	FALSE	NA	NA	NA	NA	Human
DRR125351	Human papillomavirus	Human	medium	NA	NA	FALSE	NA	NA	NA	NA	Human
DRR125352	Human papillomavirus	Human	medium	NA	NA	FALSE	NA	NA	NA	NA	Human
DRR125353	Human papillomavirus	Human	medium	NA	NA	FALSE	NA	NA	NA	NA	Human
DRR125354	Human papillomavirus	Human	medium	NA	NA	FALSE	NA	NA	NA	NA	Human
DRR125355	Human papillomavirus	Human	medium	NA	NA	FALSE	NA	NA	NA	NA	Human
DRR125356	Human papillomavirus	Human	medium	NA	NA	FALSE	NA	NA	NA	NA	Human
DRR125357	Human papillomavirus	Human	medium	NA	NA	FALSE	NA	NA	NA	NA	Human
DRR125358	Human papillomavirus	Human	medium	NA	NA	FALSE	NA	NA	NA	NA	Human
DRR125359	Human papillomavirus	Human	medium	NA	NA	FALSE	NA	NA	NA	NA	Human
DRR125360	Human papillomavirus	Human	medium	NA	NA	FALSE	NA	NA	NA	NA	Human
DRR125361	Human papillomavirus	Human	medium	NA	NA	FALSE	NA	NA	NA	NA	Human
DRR125362	Human papillomavirus	Human	medium	NA	NA	FALSE	NA	NA	NA	NA	Human
DRR125363	Human papillomavirus	Human	medium	NA	NA	FALSE	NA	NA	NA	NA	Human
DRR125364	Human papillomavirus	Human	medium	NA	NA	FALSE	NA	NA	NA	NA	Human
DRR125365	Human papillomavirus	Human	medium	NA	NA	FALSE	NA	NA	NA	NA	Human
DRR125366	Human papillomavirus	Human	medium	NA	NA	FALSE	NA	NA	NA	NA	Human
DRR125367	Human papillomavirus	Human	medium	NA	NA	FALSE	NA	NA	NA	NA	Human
DRR125368	Human papillomavirus	Human	medium	NA	NA	FALSE	NA	NA	NA	NA	Human
DRR125370	Human papillomavirus	Human	medium	NA	NA	FALSE	NA	NA	NA	NA	Human
DRR125371	Human papillomavirus	Human	medium	NA	NA	FALSE	NA	NA	NA	NA	Human
DRR125372	Human papillomavirus	Human	medium	NA	NA	FALSE	NA	NA	NA	NA	Human
DRR125373	Human papillomavirus	Human	medium	NA	NA	FALSE	NA	NA	NA	NA	Human
DRR125374	Human papillomavirus	Human	medium	NA	NA	FALSE	NA	NA	NA	NA	Human
DRR125375	Human papillomavirus	Human	medium	NA	NA	FALSE	NA	NA	NA	NA	Human
DRR125376	Human papillomavirus	Human	medium	NA	NA	FALSE	NA	NA	NA	NA	Human
DRR125377	Human papillomavirus	Human	medium	NA	NA	FALSE	NA	NA	NA	NA	Human
DRR125378	Human papillomavirus	Human	medium	NA	NA	FALSE	NA	NA	NA	NA	Human
DRR125379	Human papillomavirus	Human	medium	NA	NA	FALSE	NA	NA	NA	NA	Human
DRR125380	Human papillomavirus	Human	medium	NA	NA	FALSE	NA	NA	NA	NA	Human
DRR125381	Human papillomavirus	Human	medium	NA	NA	FALSE	NA	NA	NA	NA	Human
DRR125382	Human papillomavirus	Human	medium	NA	NA	FALSE	NA	NA	NA	NA	Human
DRR125383	Human papillomavirus	Human	medium	NA	NA	FALSE	NA	NA	NA	NA	Human
DRR125384	Human papillomavirus	Human	medium	NA	NA	FALSE	NA	NA	NA	NA	Human
DRR125385	Human papillomavirus	Human	medium	NA	NA	FALSE	NA	NA	NA	NA	Human
DRR125386	Human papillomavirus	Human	medium	NA	NA	FALSE	NA	NA	NA	NA	Human
DRR165196	Homo sapiens	Human	high	NA	NA	FALSE	NA	NA	NA	NA	Human
DRR165199	Homo sapiens	Human	high	NA	NA	FALSE	NA	NA	NA	NA	Human
SRR25665165	Alipiopsitta xanthops	Avian	low	NA	NA	TRUE	NA	NA	NA	NA	Avian
SRR11095441	Anopheles coluzzii	Other	low	NA	NA	TRUE	NA	NA	NA	NA	Other
DRR197017	human viral metagenome	Human	medium	NA	NA	FALSE	NA	NA	NA	NA	Human
DRR197018	human viral metagenome	Human	medium	NA	NA	FALSE	NA	NA	NA	NA	Human
DRR197027	human viral metagenome	Human	medium	NA	NA	FALSE	NA	NA	NA	NA	Human
DRR197416	Human papillomavirus	Human	medium	NA	NA	FALSE	NA	NA	NA	NA	Human
DRR197417	Human papillomavirus	Human	medium	NA	NA	FALSE	NA	NA	NA	NA	Human
DRR197418	Human papillomavirus	Human	medium	NA	NA	FALSE	NA	NA	NA	NA	Human
DRR197419	Human papillomavirus	Human	medium	NA	NA	FALSE	NA	NA	NA	NA	Human
DRR197420	Human papillomavirus	Human	medium	NA	NA	FALSE	NA	NA	NA	NA	Human
DRR197421	Human papillomavirus	Human	medium	NA	NA	FALSE	NA	NA	NA	NA	Human
DRR197422	Human papillomavirus	Human	medium	NA	NA	FALSE	NA	NA	NA	NA	Human
DRR197423	Human papillomavirus	Human	medium	NA	NA	FALSE	NA	NA	NA	NA	Human
DRR197424	Human papillomavirus	Human	medium	NA	NA	FALSE	NA	NA	NA	NA	Human
DRR197425	Human papillomavirus	Human	medium	NA	NA	FALSE	NA	NA	NA	NA	Human
DRR197426	Human papillomavirus	Human	medium	NA	NA	FALSE	NA	NA	NA	NA	Human
DRR197427	Human papillomavirus	Human	medium	NA	NA	FALSE	NA	NA	NA	NA	Human
DRR197428	Human papillomavirus	Human	medium	NA	NA	FALSE	NA	NA	NA	NA	Human
DRR197429	Human papillomavirus	Human	medium	NA	NA	FALSE	NA	NA	NA	NA	Human
DRR197430	Human papillomavirus	Human	medium	NA	NA	FALSE	NA	NA	NA	NA	Human
DRR197431	Human papillomavirus	Human	medium	NA	NA	FALSE	NA	NA	NA	NA	Human
DRR197432	Human papillomavirus	Human	medium	NA	NA	FALSE	NA	NA	NA	NA	Human
DRR197433	Human papillomavirus	Human	medium	NA	NA	FALSE	NA	NA	NA	NA	Human
DRR197434	Human papillomavirus	Human	medium	NA	NA	FALSE	NA	NA	NA	NA	Human
DRR197435	Human papillomavirus	Human	medium	NA	NA	FALSE	NA	NA	NA	NA	Human
DRR197436	Human papillomavirus	Human	medium	NA	NA	FALSE	NA	NA	NA	NA	Human
DRR197437	Human papillomavirus	Human	medium	NA	NA	FALSE	NA	NA	NA	NA	Human
DRR197438	Human papillomavirus	Human	medium	NA	NA	FALSE	NA	NA	NA	NA	Human
DRR197439	Human papillomavirus	Human	medium	NA	NA	FALSE	NA	NA	NA	NA	Human
DRR197440	Human papillomavirus	Human	medium	NA	NA	FALSE	NA	NA	NA	NA	Human
DRR197442	Human papillomavirus	Human	medium	NA	NA	FALSE	NA	NA	NA	NA	Human
DRR197443	Human papillomavirus	Human	medium	NA	NA	FALSE	NA	NA	NA	NA	Human
DRR197444	Human papillomavirus	Human	medium	NA	NA	FALSE	NA	NA	NA	NA	Human
DRR197445	Human papillomavirus	Human	medium	NA	NA	FALSE	NA	NA	NA	NA	Human
DRR197446	Human papillomavirus	Human	medium	NA	NA	FALSE	NA	NA	NA	NA	Human
DRR197447	Human papillomavirus	Human	medium	NA	NA	FALSE	NA	NA	NA	NA	Human
DRR197448	Human papillomavirus	Human	medium	NA	NA	FALSE	NA	NA	NA	NA	Human
DRR197449	Human papillomavirus	Human	medium	NA	NA	FALSE	NA	NA	NA	NA	Human
DRR197450	Human papillomavirus	Human	medium	NA	NA	FALSE	NA	NA	NA	NA	Human
DRR197451	Human papillomavirus	Human	medium	NA	NA	FALSE	NA	NA	NA	NA	Human
DRR197452	Human papillomavirus	Human	medium	NA	NA	FALSE	NA	NA	NA	NA	Human
DRR197453	Human papillomavirus	Human	medium	NA	NA	FALSE	NA	NA	NA	NA	Human
DRR197454	Human papillomavirus	Human	medium	NA	NA	FALSE	NA	NA	NA	NA	Human
DRR197455	Human papillomavirus	Human	medium	NA	NA	FALSE	NA	NA	NA	NA	Human
DRR197456	Human papillomavirus	Human	medium	NA	NA	FALSE	NA	NA	NA	NA	Human
DRR197457	Human papillomavirus	Human	medium	NA	NA	FALSE	NA	NA	NA	NA	Human
DRR197458	Human papillomavirus	Human	medium	NA	NA	FALSE	NA	NA	NA	NA	Human
DRR197459	Human papillomavirus	Human	medium	NA	NA	FALSE	NA	NA	NA	NA	Human
DRR197460	Human papillomavirus	Human	medium	NA	NA	FALSE	NA	NA	NA	NA	Human
DRR197461	Human papillomavirus	Human	medium	NA	NA	FALSE	NA	NA	NA	NA	Human
DRR197462	Human papillomavirus	Human	medium	NA	NA	FALSE	NA	NA	NA	NA	Human
DRR197463	Human papillomavirus	Human	medium	NA	NA	FALSE	NA	NA	NA	NA	Human
DRR197464	Human papillomavirus	Human	medium	NA	NA	FALSE	NA	NA	NA	NA	Human
DRR197465	Human papillomavirus	Human	medium	NA	NA	FALSE	NA	NA	NA	NA	Human
DRR197466	Human papillomavirus	Human	medium	NA	NA	FALSE	NA	NA	NA	NA	Human
DRR197467	Human papillomavirus	Human	medium	NA	NA	FALSE	NA	NA	NA	NA	Human
DRR197468	Human papillomavirus	Human	medium	NA	NA	FALSE	NA	NA	NA	NA	Human
DRR197469	Human papillomavirus	Human	medium	NA	NA	FALSE	NA	NA	NA	NA	Human
SRR2300214	Anopheles coluzzii	Other	low	NA	NA	TRUE	NA	NA	NA	NA	Other
ERR11041653	Anopheles gambiae	Other	low	NA	NA	TRUE	NA	NA	NA	NA	Other
ERR2532623	Anopheles gambiae	Other	low	NA	NA	TRUE	NA	NA	NA	NA	Other
ERR2532659	Anopheles gambiae	Other	low	NA	NA	TRUE	NA	NA	NA	NA	Other
ERR2643802	Anopheles gambiae	Other	low	NA	NA	TRUE	NA	NA	NA	NA	Other
DRR235135	Mus musculus	Rodent	high	NA	NA	FALSE	NA	NA	NA	NA	Rodent
DRR316882	human viral metagenome	Human	medium	NA	NA	FALSE	NA	NA	NA	NA	Human
DRR319698	Misgurnus anguillicaudatus	Ray-finned Fish	high	NA	NA	FALSE	NA	NA	NA	NA	Ray-finned Fish
DRR322178	Homo sapiens	Human	high	NA	NA	FALSE	NA	NA	NA	NA	Human
DRR322188	Homo sapiens	Human	high	NA	NA	FALSE	NA	NA	NA	NA	Human
ERR2643821	Anopheles gambiae	Other	low	NA	NA	TRUE	NA	NA	NA	NA	Other
ERR2643840	Anopheles gambiae	Other	low	NA	NA	TRUE	NA	NA	NA	NA	Other
ERR2654729	Anopheles gambiae	Other	low	NA	NA	TRUE	NA	NA	NA	NA	Other
ERR2654731	Anopheles gambiae	Other	low	NA	NA	TRUE	NA	NA	NA	NA	Other
DRR438756	human skin metagenome	Human	medium	NA	NA	FALSE	NA	NA	NA	NA	Human
DRR452111	bovine gut metagenome	Bovine	medium	NA	NA	FALSE	NA	NA	NA	NA	Bovine
DRR472266	metagenome	Human	medium	Homo sapiens	NA	FALSE	NA	NA	NA	NA	Human
DRR472267	metagenome	Human	medium	Homo sapiens	NA	FALSE	NA	NA	NA	NA	Human
DRR472268	metagenome	Human	medium	Homo sapiens	NA	FALSE	NA	NA	NA	NA	Human
DRR472269	metagenome	Human	medium	Homo sapiens	NA	FALSE	NA	NA	NA	NA	Human
DRR472270	metagenome	Human	medium	Homo sapiens	NA	FALSE	NA	NA	NA	NA	Human
DRR472271	metagenome	Human	medium	Homo sapiens	NA	FALSE	NA	NA	NA	NA	Human
DRR472272	metagenome	Human	medium	Homo sapiens	NA	FALSE	NA	NA	NA	NA	Human
DRR472273	metagenome	Human	medium	Homo sapiens	NA	FALSE	NA	NA	NA	NA	Human
DRR472274	metagenome	Human	medium	Homo sapiens	NA	FALSE	NA	NA	NA	NA	Human
DRR472275	metagenome	Human	medium	Homo sapiens	NA	FALSE	NA	NA	NA	NA	Human
DRR472276	metagenome	Human	medium	Homo sapiens	NA	FALSE	NA	NA	NA	NA	Human
DRR472277	metagenome	Human	medium	Homo sapiens	NA	FALSE	NA	NA	NA	NA	Human
DRR472278	metagenome	Human	medium	Homo sapiens	NA	FALSE	NA	NA	NA	NA	Human
DRR472279	metagenome	Human	medium	Homo sapiens	NA	FALSE	NA	NA	NA	NA	Human
DRR472280	metagenome	Human	medium	Homo sapiens	NA	FALSE	NA	NA	NA	NA	Human
DRR472281	metagenome	Human	medium	Homo sapiens	NA	FALSE	NA	NA	NA	NA	Human
DRR472282	metagenome	Human	medium	Homo sapiens	NA	FALSE	NA	NA	NA	NA	Human
DRR472283	metagenome	Human	medium	Homo sapiens	NA	FALSE	NA	NA	NA	NA	Human
DRR472284	metagenome	Human	medium	Homo sapiens	NA	FALSE	NA	NA	NA	NA	Human
DRR472285	metagenome	Human	medium	Homo sapiens	NA	FALSE	NA	NA	NA	NA	Human
DRR472287	metagenome	Human	medium	Homo sapiens	NA	FALSE	NA	NA	NA	NA	Human
DRR472288	metagenome	Human	medium	Homo sapiens	NA	FALSE	NA	NA	NA	NA	Human
DRR472289	metagenome	Human	medium	Homo sapiens	NA	FALSE	NA	NA	NA	NA	Human
DRR472290	metagenome	Human	medium	Homo sapiens	NA	FALSE	NA	NA	NA	NA	Human
DRR472291	metagenome	Human	medium	Homo sapiens	NA	FALSE	NA	NA	NA	NA	Human
DRR472292	metagenome	Human	medium	Homo sapiens	NA	FALSE	NA	NA	NA	NA	Human
DRR472293	metagenome	Human	medium	Homo sapiens	NA	FALSE	NA	NA	NA	NA	Human
DRR472294	metagenome	Human	medium	Homo sapiens	NA	FALSE	NA	NA	NA	NA	Human
DRR472295	metagenome	Human	medium	Homo sapiens	NA	FALSE	NA	NA	NA	NA	Human
DRR472296	metagenome	Human	medium	Homo sapiens	NA	FALSE	NA	NA	NA	NA	Human
DRR472297	metagenome	Human	medium	Homo sapiens	NA	FALSE	NA	NA	NA	NA	Human
DRR472298	metagenome	Human	medium	Homo sapiens	NA	FALSE	NA	NA	NA	NA	Human
DRR472299	metagenome	Human	medium	Homo sapiens	NA	FALSE	NA	NA	NA	NA	Human
DRR472300	metagenome	Human	medium	Homo sapiens	NA	FALSE	NA	NA	NA	NA	Human
DRR472302	metagenome	Human	medium	Homo sapiens	NA	FALSE	NA	NA	NA	NA	Human
DRR472303	metagenome	Human	medium	Homo sapiens	NA	FALSE	NA	NA	NA	NA	Human
DRR472304	metagenome	Human	medium	Homo sapiens	NA	FALSE	NA	NA	NA	NA	Human
DRR472305	metagenome	Human	medium	Homo sapiens	NA	FALSE	NA	NA	NA	NA	Human
DRR472306	metagenome	Human	medium	Homo sapiens	NA	FALSE	NA	NA	NA	NA	Human
DRR472307	metagenome	Human	medium	Homo sapiens	NA	FALSE	NA	NA	NA	NA	Human
DRR472308	metagenome	Human	medium	Homo sapiens	NA	FALSE	NA	NA	NA	NA	Human
DRR472309	metagenome	Human	medium	Homo sapiens	NA	FALSE	NA	NA	NA	NA	Human
DRR472311	metagenome	Human	medium	Homo sapiens	NA	FALSE	NA	NA	NA	NA	Human
DRR472312	metagenome	Human	medium	Homo sapiens	NA	FALSE	NA	NA	NA	NA	Human
DRR472314	metagenome	Human	medium	Homo sapiens	NA	FALSE	NA	NA	NA	NA	Human
DRR472315	metagenome	Human	medium	Homo sapiens	NA	FALSE	NA	NA	NA	NA	Human
DRR472316	metagenome	Human	medium	Homo sapiens	NA	FALSE	NA	NA	NA	NA	Human
DRR472317	metagenome	Human	medium	Homo sapiens	NA	FALSE	NA	NA	NA	NA	Human
DRR472319	metagenome	Human	medium	Homo sapiens	NA	FALSE	NA	NA	NA	NA	Human
DRR472320	metagenome	Human	medium	Homo sapiens	NA	FALSE	NA	NA	NA	NA	Human
DRR472322	metagenome	Human	medium	Homo sapiens	NA	FALSE	NA	NA	NA	NA	Human
DRR472323	metagenome	Human	medium	Homo sapiens	NA	FALSE	NA	NA	NA	NA	Human
DRR472324	metagenome	Human	medium	Homo sapiens	NA	FALSE	NA	NA	NA	NA	Human
DRR472326	metagenome	Human	medium	Homo sapiens	NA	FALSE	NA	NA	NA	NA	Human
DRR472327	metagenome	Human	medium	Homo sapiens	NA	FALSE	NA	NA	NA	NA	Human
DRR472328	metagenome	Human	medium	Homo sapiens	NA	FALSE	NA	NA	NA	NA	Human
DRR472329	metagenome	Human	medium	Homo sapiens	NA	FALSE	NA	NA	NA	NA	Human
DRR472330	metagenome	Human	medium	Homo sapiens	NA	FALSE	NA	NA	NA	NA	Human
DRR472331	metagenome	Human	medium	Homo sapiens	NA	FALSE	NA	NA	NA	NA	Human
DRR472332	metagenome	Human	medium	Homo sapiens	NA	FALSE	NA	NA	NA	NA	Human
DRR472333	metagenome	Human	medium	Homo sapiens	NA	FALSE	NA	NA	NA	NA	Human
DRR472334	metagenome	Human	medium	Homo sapiens	NA	FALSE	NA	NA	NA	NA	Human
DRR472335	metagenome	Human	medium	Homo sapiens	NA	FALSE	NA	NA	NA	NA	Human
DRR472336	metagenome	Human	medium	Homo sapiens	NA	FALSE	NA	NA	NA	NA	Human
DRR472337	metagenome	Human	medium	Homo sapiens	NA	FALSE	NA	NA	NA	NA	Human
DRR472338	metagenome	Human	medium	Homo sapiens	NA	FALSE	NA	NA	NA	NA	Human
DRR472339	metagenome	Human	medium	Homo sapiens	NA	FALSE	NA	NA	NA	NA	Human
DRR472340	metagenome	Human	medium	Homo sapiens	NA	FALSE	NA	NA	NA	NA	Human
DRR472341	metagenome	Human	medium	Homo sapiens	NA	FALSE	NA	NA	NA	NA	Human
DRR472342	metagenome	Human	medium	Homo sapiens	NA	FALSE	NA	NA	NA	NA	Human
DRR472343	metagenome	Human	medium	Homo sapiens	NA	FALSE	NA	NA	NA	NA	Human
DRR472344	metagenome	Human	medium	Homo sapiens	NA	FALSE	NA	NA	NA	NA	Human
DRR472345	metagenome	Human	medium	Homo sapiens	NA	FALSE	NA	NA	NA	NA	Human
DRR472346	metagenome	Human	medium	Homo sapiens	NA	FALSE	NA	NA	NA	NA	Human
DRR472347	metagenome	Human	medium	Homo sapiens	NA	FALSE	NA	NA	NA	NA	Human
DRR472348	metagenome	Human	medium	Homo sapiens	NA	FALSE	NA	NA	NA	NA	Human
DRR472349	metagenome	Human	medium	Homo sapiens	NA	FALSE	NA	NA	NA	NA	Human
DRR472350	metagenome	Human	medium	Homo sapiens	NA	FALSE	NA	NA	NA	NA	Human
DRR472351	metagenome	Human	medium	Homo sapiens	NA	FALSE	NA	NA	NA	NA	Human
DRR472352	metagenome	Human	medium	Homo sapiens	NA	FALSE	NA	NA	NA	NA	Human
DRR472353	metagenome	Human	medium	Homo sapiens	NA	FALSE	NA	NA	NA	NA	Human
DRR472354	metagenome	Human	medium	Homo sapiens	NA	FALSE	NA	NA	NA	NA	Human
DRR472355	metagenome	Human	medium	Homo sapiens	NA	FALSE	NA	NA	NA	NA	Human
DRR472356	metagenome	Human	medium	Homo sapiens	NA	FALSE	NA	NA	NA	NA	Human
DRR472357	metagenome	Human	medium	Homo sapiens	NA	FALSE	NA	NA	NA	NA	Human
DRR472358	metagenome	Human	medium	Homo sapiens	NA	FALSE	NA	NA	NA	NA	Human
DRR472359	metagenome	Human	medium	Homo sapiens	NA	FALSE	NA	NA	NA	NA	Human
DRR472360	metagenome	Human	medium	Homo sapiens	NA	FALSE	NA	NA	NA	NA	Human
DRR472361	metagenome	Human	medium	Homo sapiens	NA	FALSE	NA	NA	NA	NA	Human
DRR472362	metagenome	Human	medium	Homo sapiens	NA	FALSE	NA	NA	NA	NA	Human
DRR472363	metagenome	Human	medium	Homo sapiens	NA	FALSE	NA	NA	NA	NA	Human
DRR472364	metagenome	Human	medium	Homo sapiens	NA	FALSE	NA	NA	NA	NA	Human
DRR472365	metagenome	Human	medium	Homo sapiens	NA	FALSE	NA	NA	NA	NA	Human
DRR472366	metagenome	Human	medium	Homo sapiens	NA	FALSE	NA	NA	NA	NA	Human
DRR472367	metagenome	Human	medium	Homo sapiens	NA	FALSE	NA	NA	NA	NA	Human
DRR472368	metagenome	Human	medium	Homo sapiens	NA	FALSE	NA	NA	NA	NA	Human
DRR472369	metagenome	Human	medium	Homo sapiens	NA	FALSE	NA	NA	NA	NA	Human
DRR472370	metagenome	Human	medium	Homo sapiens	NA	FALSE	NA	NA	NA	NA	Human
DRR472371	metagenome	Human	medium	Homo sapiens	NA	FALSE	NA	NA	NA	NA	Human
DRR472372	metagenome	Human	medium	Homo sapiens	NA	FALSE	NA	NA	NA	NA	Human
DRR472373	metagenome	Human	medium	Homo sapiens	NA	FALSE	NA	NA	NA	NA	Human
DRR472374	metagenome	Human	medium	Homo sapiens	NA	FALSE	NA	NA	NA	NA	Human
DRR472375	metagenome	Human	medium	Homo sapiens	NA	FALSE	NA	NA	NA	NA	Human
DRR472376	metagenome	Human	medium	Homo sapiens	NA	FALSE	NA	NA	NA	NA	Human
DRR472377	metagenome	Human	medium	Homo sapiens	NA	FALSE	NA	NA	NA	NA	Human
DRR472378	metagenome	Human	medium	Homo sapiens	NA	FALSE	NA	NA	NA	NA	Human
DRR472379	metagenome	Human	medium	Homo sapiens	NA	FALSE	NA	NA	NA	NA	Human
DRR472380	metagenome	Human	medium	Homo sapiens	NA	FALSE	NA	NA	NA	NA	Human
DRR472381	metagenome	Human	medium	Homo sapiens	NA	FALSE	NA	NA	NA	NA	Human
DRR472382	metagenome	Human	medium	Homo sapiens	NA	FALSE	NA	NA	NA	NA	Human
DRR472383	metagenome	Human	medium	Homo sapiens	NA	FALSE	NA	NA	NA	NA	Human
DRR472384	metagenome	Human	medium	Homo sapiens	NA	FALSE	NA	NA	NA	NA	Human
DRR472385	metagenome	Human	medium	Homo sapiens	NA	FALSE	NA	NA	NA	NA	Human
DRR472386	metagenome	Human	medium	Homo sapiens	NA	FALSE	NA	NA	NA	NA	Human
DRR472387	metagenome	Human	medium	Homo sapiens	NA	FALSE	NA	NA	NA	NA	Human
DRR472388	metagenome	Human	medium	Homo sapiens	NA	FALSE	NA	NA	NA	NA	Human
DRR472391	metagenome	Human	medium	Homo sapiens	NA	FALSE	NA	NA	NA	NA	Human
DRR472392	metagenome	Human	medium	Homo sapiens	NA	FALSE	NA	NA	NA	NA	Human
DRR472393	metagenome	Human	medium	Homo sapiens	NA	FALSE	NA	NA	NA	NA	Human
DRR472396	metagenome	Human	medium	Homo sapiens	NA	FALSE	NA	NA	NA	NA	Human
DRR472397	metagenome	Human	medium	Homo sapiens	NA	FALSE	NA	NA	NA	NA	Human
DRR472399	metagenome	Human	medium	Homo sapiens	NA	FALSE	NA	NA	NA	NA	Human
DRR472400	metagenome	Human	medium	Homo sapiens	NA	FALSE	NA	NA	NA	NA	Human
DRR472401	metagenome	Human	medium	Homo sapiens	NA	FALSE	NA	NA	NA	NA	Human
DRR472403	metagenome	Human	medium	Homo sapiens	NA	FALSE	NA	NA	NA	NA	Human
DRR472404	metagenome	Human	medium	Homo sapiens	NA	FALSE	NA	NA	NA	NA	Human
DRR472405	metagenome	Human	medium	Homo sapiens	NA	FALSE	NA	NA	NA	NA	Human
DRR472406	metagenome	Human	medium	Homo sapiens	NA	FALSE	NA	NA	NA	NA	Human
DRR472407	metagenome	Human	medium	Homo sapiens	NA	FALSE	NA	NA	NA	NA	Human
DRR472408	metagenome	Human	medium	Homo sapiens	NA	FALSE	NA	NA	NA	NA	Human
DRR472409	metagenome	Human	medium	Homo sapiens	NA	FALSE	NA	NA	NA	NA	Human
DRR472410	metagenome	Human	medium	Homo sapiens	NA	FALSE	NA	NA	NA	NA	Human
DRR472411	metagenome	Human	medium	Homo sapiens	NA	FALSE	NA	NA	NA	NA	Human
DRR472412	metagenome	Human	medium	Homo sapiens	NA	FALSE	NA	NA	NA	NA	Human
DRR472413	metagenome	Human	medium	Homo sapiens	NA	FALSE	NA	NA	NA	NA	Human
DRR472414	metagenome	Human	medium	Homo sapiens	NA	FALSE	NA	NA	NA	NA	Human
DRR472415	metagenome	Human	medium	Homo sapiens	NA	FALSE	NA	NA	NA	NA	Human
DRR472416	metagenome	Human	medium	Homo sapiens	NA	FALSE	NA	NA	NA	NA	Human
DRR472417	metagenome	Human	medium	Homo sapiens	NA	FALSE	NA	NA	NA	NA	Human
DRR472418	metagenome	Human	medium	Homo sapiens	NA	FALSE	NA	NA	NA	NA	Human
DRR472419	metagenome	Human	medium	Homo sapiens	NA	FALSE	NA	NA	NA	NA	Human
DRR472420	metagenome	Human	medium	Homo sapiens	NA	FALSE	NA	NA	NA	NA	Human
DRR472421	metagenome	Human	medium	Homo sapiens	NA	FALSE	NA	NA	NA	NA	Human
DRR472422	metagenome	Human	medium	Homo sapiens	NA	FALSE	NA	NA	NA	NA	Human
DRR472423	metagenome	Human	medium	Homo sapiens	NA	FALSE	NA	NA	NA	NA	Human
DRR472424	metagenome	Human	medium	Homo sapiens	NA	FALSE	NA	NA	NA	NA	Human
DRR472425	metagenome	Human	medium	Homo sapiens	NA	FALSE	NA	NA	NA	NA	Human
DRR472426	metagenome	Human	medium	Homo sapiens	NA	FALSE	NA	NA	NA	NA	Human
DRR472427	metagenome	Human	medium	Homo sapiens	NA	FALSE	NA	NA	NA	NA	Human
DRR472428	metagenome	Human	medium	Homo sapiens	NA	FALSE	NA	NA	NA	NA	Human
DRR472429	metagenome	Human	medium	Homo sapiens	NA	FALSE	NA	NA	NA	NA	Human
DRR472430	metagenome	Human	medium	Homo sapiens	NA	FALSE	NA	NA	NA	NA	Human
DRR472431	metagenome	Human	medium	Homo sapiens	NA	FALSE	NA	NA	NA	NA	Human
DRR472432	metagenome	Human	medium	Homo sapiens	NA	FALSE	NA	NA	NA	NA	Human
DRR472433	metagenome	Human	medium	Homo sapiens	NA	FALSE	NA	NA	NA	NA	Human
DRR472434	metagenome	Human	medium	Homo sapiens	NA	FALSE	NA	NA	NA	NA	Human
DRR472435	metagenome	Human	medium	Homo sapiens	NA	FALSE	NA	NA	NA	NA	Human
DRR472436	metagenome	Human	medium	Homo sapiens	NA	FALSE	NA	NA	NA	NA	Human
DRR472437	metagenome	Human	medium	Homo sapiens	NA	FALSE	NA	NA	NA	NA	Human
DRR472438	metagenome	Human	medium	Homo sapiens	NA	FALSE	NA	NA	NA	NA	Human
DRR472439	metagenome	Human	medium	Homo sapiens	NA	FALSE	NA	NA	NA	NA	Human
DRR472440	metagenome	Human	medium	Homo sapiens	NA	FALSE	NA	NA	NA	NA	Human
DRR472442	metagenome	Human	medium	Homo sapiens	NA	FALSE	NA	NA	NA	NA	Human
DRR472444	metagenome	Human	medium	Homo sapiens	NA	FALSE	NA	NA	NA	NA	Human
DRR472445	metagenome	Human	medium	Homo sapiens	NA	FALSE	NA	NA	NA	NA	Human
DRR472446	metagenome	Human	medium	Homo sapiens	NA	FALSE	NA	NA	NA	NA	Human
DRR472447	metagenome	Human	medium	Homo sapiens	NA	FALSE	NA	NA	NA	NA	Human
DRR472448	metagenome	Human	medium	Homo sapiens	NA	FALSE	NA	NA	NA	NA	Human
DRR472450	metagenome	Human	medium	Homo sapiens	NA	FALSE	NA	NA	NA	NA	Human
DRR472451	metagenome	Human	medium	Homo sapiens	NA	FALSE	NA	NA	NA	NA	Human
DRR472452	metagenome	Human	medium	Homo sapiens	NA	FALSE	NA	NA	NA	NA	Human
DRR472453	metagenome	Human	medium	Homo sapiens	NA	FALSE	NA	NA	NA	NA	Human
DRR472454	metagenome	Human	medium	Homo sapiens	NA	FALSE	NA	NA	NA	NA	Human
DRR472455	metagenome	Human	medium	Homo sapiens	NA	FALSE	NA	NA	NA	NA	Human
DRR472456	metagenome	Human	medium	Homo sapiens	NA	FALSE	NA	NA	NA	NA	Human
DRR472457	metagenome	Human	medium	Homo sapiens	NA	FALSE	NA	NA	NA	NA	Human
DRR472459	metagenome	Human	medium	Homo sapiens	NA	FALSE	NA	NA	NA	NA	Human
DRR472460	metagenome	Human	medium	Homo sapiens	NA	FALSE	NA	NA	NA	NA	Human
DRR472462	metagenome	Human	medium	Homo sapiens	NA	FALSE	NA	NA	NA	NA	Human
DRR472463	metagenome	Human	medium	Homo sapiens	NA	FALSE	NA	NA	NA	NA	Human
DRR472464	metagenome	Human	medium	Homo sapiens	NA	FALSE	NA	NA	NA	NA	Human
DRR472465	metagenome	Human	medium	Homo sapiens	NA	FALSE	NA	NA	NA	NA	Human
DRR472466	metagenome	Human	medium	Homo sapiens	NA	FALSE	NA	NA	NA	NA	Human
DRR472467	metagenome	Human	medium	Homo sapiens	NA	FALSE	NA	NA	NA	NA	Human
DRR472471	metagenome	Human	medium	Homo sapiens	NA	FALSE	NA	NA	NA	NA	Human
DRR472472	metagenome	Human	medium	Homo sapiens	NA	FALSE	NA	NA	NA	NA	Human
DRR472473	metagenome	Human	medium	Homo sapiens	NA	FALSE	NA	NA	NA	NA	Human
DRR472474	metagenome	Human	medium	Homo sapiens	NA	FALSE	NA	NA	NA	NA	Human
DRR472475	metagenome	Human	medium	Homo sapiens	NA	FALSE	NA	NA	NA	NA	Human
DRR472476	metagenome	Human	medium	Homo sapiens	NA	FALSE	NA	NA	NA	NA	Human
DRR472477	metagenome	Human	medium	Homo sapiens	NA	FALSE	NA	NA	NA	NA	Human
DRR472478	metagenome	Human	medium	Homo sapiens	NA	FALSE	NA	NA	NA	NA	Human
DRR472479	metagenome	Human	medium	Homo sapiens	NA	FALSE	NA	NA	NA	NA	Human
DRR472480	metagenome	Human	medium	Homo sapiens	NA	FALSE	NA	NA	NA	NA	Human
DRR472481	metagenome	Human	medium	Homo sapiens	NA	FALSE	NA	NA	NA	NA	Human
DRR472482	metagenome	Human	medium	Homo sapiens	NA	FALSE	NA	NA	NA	NA	Human
DRR472483	metagenome	Human	medium	Homo sapiens	NA	FALSE	NA	NA	NA	NA	Human
DRR472484	metagenome	Human	medium	Homo sapiens	NA	FALSE	NA	NA	NA	NA	Human
DRR472485	metagenome	Human	medium	Homo sapiens	NA	FALSE	NA	NA	NA	NA	Human
DRR472486	metagenome	Human	medium	Homo sapiens	NA	FALSE	NA	NA	NA	NA	Human
DRR472487	metagenome	Human	medium	Homo sapiens	NA	FALSE	NA	NA	NA	NA	Human
DRR472488	metagenome	Human	medium	Homo sapiens	NA	FALSE	NA	NA	NA	NA	Human
DRR472489	metagenome	Human	medium	Homo sapiens	NA	FALSE	NA	NA	NA	NA	Human
DRR472490	metagenome	Human	medium	Homo sapiens	NA	FALSE	NA	NA	NA	NA	Human
DRR472492	metagenome	Human	medium	Homo sapiens	NA	FALSE	NA	NA	NA	NA	Human
DRR472493	metagenome	Human	medium	Homo sapiens	NA	FALSE	NA	NA	NA	NA	Human
DRR472494	metagenome	Human	medium	Homo sapiens	NA	FALSE	NA	NA	NA	NA	Human
DRR472495	metagenome	Human	medium	Homo sapiens	NA	FALSE	NA	NA	NA	NA	Human
DRR472496	metagenome	Human	medium	Homo sapiens	NA	FALSE	NA	NA	NA	NA	Human
DRR472497	metagenome	Human	medium	Homo sapiens	NA	FALSE	NA	NA	NA	NA	Human
DRR472498	metagenome	Human	medium	Homo sapiens	NA	FALSE	NA	NA	NA	NA	Human
DRR472499	metagenome	Human	medium	Homo sapiens	NA	FALSE	NA	NA	NA	NA	Human
DRR472500	metagenome	Human	medium	Homo sapiens	NA	FALSE	NA	NA	NA	NA	Human
DRR472501	metagenome	Human	medium	Homo sapiens	NA	FALSE	NA	NA	NA	NA	Human
DRR472502	metagenome	Human	medium	Homo sapiens	NA	FALSE	NA	NA	NA	NA	Human
DRR472503	metagenome	Human	medium	Homo sapiens	NA	FALSE	NA	NA	NA	NA	Human
DRR472504	metagenome	Human	medium	Homo sapiens	NA	FALSE	NA	NA	NA	NA	Human
DRR472505	metagenome	Human	medium	Homo sapiens	NA	FALSE	NA	NA	NA	NA	Human
DRR472506	metagenome	Human	medium	Homo sapiens	NA	FALSE	NA	NA	NA	NA	Human
DRR472507	metagenome	Human	medium	Homo sapiens	NA	FALSE	NA	NA	NA	NA	Human
DRR472508	metagenome	Human	medium	Homo sapiens	NA	FALSE	NA	NA	NA	NA	Human
DRR472510	metagenome	Human	medium	Homo sapiens	NA	FALSE	NA	NA	NA	NA	Human
DRR472511	metagenome	Human	medium	Homo sapiens	NA	FALSE	NA	NA	NA	NA	Human
DRR472512	metagenome	Human	medium	Homo sapiens	NA	FALSE	NA	NA	NA	NA	Human
DRR472513	metagenome	Human	medium	Homo sapiens	NA	FALSE	NA	NA	NA	NA	Human
DRR472514	metagenome	Human	medium	Homo sapiens	NA	FALSE	NA	NA	NA	NA	Human
DRR472515	metagenome	Human	medium	Homo sapiens	NA	FALSE	NA	NA	NA	NA	Human
DRR472517	metagenome	Human	medium	Homo sapiens	NA	FALSE	NA	NA	NA	NA	Human
DRR472518	metagenome	Human	medium	Homo sapiens	NA	FALSE	NA	NA	NA	NA	Human
DRR472520	metagenome	Human	medium	Homo sapiens	NA	FALSE	NA	NA	NA	NA	Human
DRR472521	metagenome	Human	medium	Homo sapiens	NA	FALSE	NA	NA	NA	NA	Human
DRR472522	metagenome	Human	medium	Homo sapiens	NA	FALSE	NA	NA	NA	NA	Human
DRR472523	metagenome	Human	medium	Homo sapiens	NA	FALSE	NA	NA	NA	NA	Human
DRR472525	metagenome	Human	medium	Homo sapiens	NA	FALSE	NA	NA	NA	NA	Human
DRR472526	metagenome	Human	medium	Homo sapiens	NA	FALSE	NA	NA	NA	NA	Human
DRR472527	metagenome	Human	medium	Homo sapiens	NA	FALSE	NA	NA	NA	NA	Human
DRR472529	metagenome	Human	medium	Homo sapiens	NA	FALSE	NA	NA	NA	NA	Human
DRR472530	metagenome	Human	medium	Homo sapiens	NA	FALSE	NA	NA	NA	NA	Human
DRR472531	metagenome	Human	medium	Homo sapiens	NA	FALSE	NA	NA	NA	NA	Human
DRR472532	metagenome	Human	medium	Homo sapiens	NA	FALSE	NA	NA	NA	NA	Human
DRR472533	metagenome	Human	medium	Homo sapiens	NA	FALSE	NA	NA	NA	NA	Human
DRR472536	metagenome	Human	medium	Homo sapiens	NA	FALSE	NA	NA	NA	NA	Human
DRR472537	metagenome	Human	medium	Homo sapiens	NA	FALSE	NA	NA	NA	NA	Human
DRR472539	metagenome	Human	medium	Homo sapiens	NA	FALSE	NA	NA	NA	NA	Human
DRR472541	metagenome	Human	medium	Homo sapiens	NA	FALSE	NA	NA	NA	NA	Human
DRR472542	metagenome	Human	medium	Homo sapiens	NA	FALSE	NA	NA	NA	NA	Human
DRR472543	metagenome	Human	medium	Homo sapiens	NA	FALSE	NA	NA	NA	NA	Human
DRR472545	metagenome	Human	medium	Homo sapiens	NA	FALSE	NA	NA	NA	NA	Human
DRR472547	metagenome	Human	medium	Homo sapiens	NA	FALSE	NA	NA	NA	NA	Human
DRR472548	metagenome	Human	medium	Homo sapiens	NA	FALSE	NA	NA	NA	NA	Human
DRR472550	metagenome	Human	medium	Homo sapiens	NA	FALSE	NA	NA	NA	NA	Human
DRR472551	metagenome	Human	medium	Homo sapiens	NA	FALSE	NA	NA	NA	NA	Human
DRR472552	metagenome	Human	medium	Homo sapiens	NA	FALSE	NA	NA	NA	NA	Human
DRR472553	metagenome	Human	medium	Homo sapiens	NA	FALSE	NA	NA	NA	NA	Human
DRR472554	metagenome	Human	medium	Homo sapiens	NA	FALSE	NA	NA	NA	NA	Human
DRR472555	metagenome	Human	medium	Homo sapiens	NA	FALSE	NA	NA	NA	NA	Human
DRR472556	metagenome	Human	medium	Homo sapiens	NA	FALSE	NA	NA	NA	NA	Human
DRR472557	metagenome	Human	medium	Homo sapiens	NA	FALSE	NA	NA	NA	NA	Human
DRR472558	metagenome	Human	medium	Homo sapiens	NA	FALSE	NA	NA	NA	NA	Human
DRR472559	metagenome	Human	medium	Homo sapiens	NA	FALSE	NA	NA	NA	NA	Human
DRR472560	metagenome	Human	medium	Homo sapiens	NA	FALSE	NA	NA	NA	NA	Human
DRR472561	metagenome	Human	medium	Homo sapiens	NA	FALSE	NA	NA	NA	NA	Human
DRR472562	metagenome	Human	medium	Homo sapiens	NA	FALSE	NA	NA	NA	NA	Human
DRR472563	metagenome	Human	medium	Homo sapiens	NA	FALSE	NA	NA	NA	NA	Human
DRR472564	metagenome	Human	medium	Homo sapiens	NA	FALSE	NA	NA	NA	NA	Human
DRR472565	metagenome	Human	medium	Homo sapiens	NA	FALSE	NA	NA	NA	NA	Human
DRR472566	metagenome	Human	medium	Homo sapiens	NA	FALSE	NA	NA	NA	NA	Human
DRR472567	metagenome	Human	medium	Homo sapiens	NA	FALSE	NA	NA	NA	NA	Human
DRR472568	metagenome	Human	medium	Homo sapiens	NA	FALSE	NA	NA	NA	NA	Human
DRR472569	metagenome	Human	medium	Homo sapiens	NA	FALSE	NA	NA	NA	NA	Human
DRR472570	metagenome	Human	medium	Homo sapiens	NA	FALSE	NA	NA	NA	NA	Human
DRR472571	metagenome	Human	medium	Homo sapiens	NA	FALSE	NA	NA	NA	NA	Human
DRR472572	metagenome	Human	medium	Homo sapiens	NA	FALSE	NA	NA	NA	NA	Human
DRR472573	metagenome	Human	medium	Homo sapiens	NA	FALSE	NA	NA	NA	NA	Human
DRR472574	metagenome	Human	medium	Homo sapiens	NA	FALSE	NA	NA	NA	NA	Human
DRR472575	metagenome	Human	medium	Homo sapiens	NA	FALSE	NA	NA	NA	NA	Human
DRR472576	metagenome	Human	medium	Homo sapiens	NA	FALSE	NA	NA	NA	NA	Human
DRR472577	metagenome	Human	medium	Homo sapiens	NA	FALSE	NA	NA	NA	NA	Human
DRR472578	metagenome	Human	medium	Homo sapiens	NA	FALSE	NA	NA	NA	NA	Human
DRR472579	metagenome	Human	medium	Homo sapiens	NA	FALSE	NA	NA	NA	NA	Human
DRR472580	metagenome	Human	medium	Homo sapiens	NA	FALSE	NA	NA	NA	NA	Human
DRR472581	metagenome	Human	medium	Homo sapiens	NA	FALSE	NA	NA	NA	NA	Human
DRR472582	metagenome	Human	medium	Homo sapiens	NA	FALSE	NA	NA	NA	NA	Human
DRR472583	metagenome	Human	medium	Homo sapiens	NA	FALSE	NA	NA	NA	NA	Human
DRR472584	metagenome	Human	medium	Homo sapiens	NA	FALSE	NA	NA	NA	NA	Human
DRR472585	metagenome	Human	medium	Homo sapiens	NA	FALSE	NA	NA	NA	NA	Human
DRR472586	metagenome	Human	medium	Homo sapiens	NA	FALSE	NA	NA	NA	NA	Human
DRR472587	metagenome	Human	medium	Homo sapiens	NA	FALSE	NA	NA	NA	NA	Human
DRR472588	metagenome	Human	medium	Homo sapiens	NA	FALSE	NA	NA	NA	NA	Human
DRR472589	metagenome	Human	medium	Homo sapiens	NA	FALSE	NA	NA	NA	NA	Human
DRR472590	metagenome	Human	medium	Homo sapiens	NA	FALSE	NA	NA	NA	NA	Human
ERR1007383	Gulo gulo	Mustelid	high	NA	NA	FALSE	NA	NA	NA	NA	Mustelid
ERR1007402	Gulo gulo	Mustelid	high	NA	NA	FALSE	NA	NA	NA	NA	Mustelid
ERR1007420	Gulo gulo	Mustelid	high	NA	NA	FALSE	NA	NA	NA	NA	Mustelid
ERR1007421	Gulo gulo	Mustelid	high	NA	NA	FALSE	NA	NA	NA	NA	Mustelid
ERR10158431	human metagenome	Human	medium	NA	NA	FALSE	NA	NA	NA	NA	Human
ERR10158439	human metagenome	Human	medium	NA	NA	FALSE	NA	NA	NA	NA	Human
ERR10158497	human metagenome	Human	medium	NA	NA	FALSE	NA	NA	NA	NA	Human
ERR10158586	human metagenome	Human	medium	NA	NA	FALSE	NA	NA	NA	NA	Human
ERR10158587	human metagenome	Human	medium	NA	NA	FALSE	NA	NA	NA	NA	Human
ERR10158645	human metagenome	Human	medium	NA	NA	FALSE	NA	NA	NA	NA	Human
ERR10187989	milk metagenome	Bovine	medium	NA	NA	FALSE	NA	NA	NA	NA	Bovine
ERR10187991	milk metagenome	Bovine	medium	NA	NA	FALSE	NA	NA	NA	NA	Bovine
ERR10187993	milk metagenome	Bovine	medium	NA	NA	FALSE	NA	NA	NA	NA	Bovine
ERR10187996	milk metagenome	Bovine	medium	NA	NA	FALSE	NA	NA	NA	NA	Bovine
ERR10188000	milk metagenome	Bovine	medium	NA	NA	FALSE	NA	NA	NA	NA	Bovine
ERR10188005	milk metagenome	Bovine	medium	NA	NA	FALSE	NA	NA	NA	NA	Bovine
ERR10188009	milk metagenome	Bovine	medium	NA	NA	FALSE	NA	NA	NA	NA	Bovine
ERR10188014	milk metagenome	Bovine	medium	NA	NA	FALSE	NA	NA	NA	NA	Bovine
ERR10188015	milk metagenome	Bovine	medium	NA	NA	FALSE	NA	NA	NA	NA	Bovine
ERR10188016	milk metagenome	Bovine	medium	NA	NA	FALSE	NA	NA	NA	NA	Bovine
ERR10188028	milk metagenome	Bovine	medium	NA	NA	FALSE	NA	NA	NA	NA	Bovine
ERR10188030	milk metagenome	Bovine	medium	NA	NA	FALSE	NA	NA	NA	NA	Bovine
ERR10188039	milk metagenome	Bovine	medium	NA	NA	FALSE	NA	NA	NA	NA	Bovine
ERR10188058	milk metagenome	Bovine	medium	NA	NA	FALSE	NA	NA	NA	NA	Bovine
ERR10188068	milk metagenome	Bovine	medium	NA	NA	FALSE	NA	NA	NA	NA	Bovine
ERR10188075	milk metagenome	Bovine	medium	NA	NA	FALSE	NA	NA	NA	NA	Bovine
ERR10188083	milk metagenome	Bovine	medium	NA	NA	FALSE	NA	NA	NA	NA	Bovine
ERR10188084	milk metagenome	Bovine	medium	NA	NA	FALSE	NA	NA	NA	NA	Bovine
ERR10188088	milk metagenome	Bovine	medium	NA	NA	FALSE	NA	NA	NA	NA	Bovine
ERR10188092	milk metagenome	Bovine	medium	NA	NA	FALSE	NA	NA	NA	NA	Bovine
ERR10188097	milk metagenome	Bovine	medium	NA	NA	FALSE	NA	NA	NA	NA	Bovine
ERR10188102	milk metagenome	Bovine	medium	NA	NA	FALSE	NA	NA	NA	NA	Bovine
ERR10188105	milk metagenome	Bovine	medium	NA	NA	FALSE	NA	NA	NA	NA	Bovine
ERR10188112	milk metagenome	Bovine	medium	NA	NA	FALSE	NA	NA	NA	NA	Bovine
ERR10188114	milk metagenome	Bovine	medium	NA	NA	FALSE	NA	NA	NA	NA	Bovine
ERR10188115	milk metagenome	Bovine	medium	NA	NA	FALSE	NA	NA	NA	NA	Bovine
ERR10188117	milk metagenome	Bovine	medium	NA	NA	FALSE	NA	NA	NA	NA	Bovine
ERR10188120	milk metagenome	Bovine	medium	NA	NA	FALSE	NA	NA	NA	NA	Bovine
ERR10188123	milk metagenome	Bovine	medium	NA	NA	FALSE	NA	NA	NA	NA	Bovine
ERR10188124	milk metagenome	Bovine	medium	NA	NA	FALSE	NA	NA	NA	NA	Bovine
ERR10188126	milk metagenome	Bovine	medium	NA	NA	FALSE	NA	NA	NA	NA	Bovine
ERR10188130	milk metagenome	Bovine	medium	NA	NA	FALSE	NA	NA	NA	NA	Bovine
ERR10188141	milk metagenome	Bovine	medium	NA	NA	FALSE	NA	NA	NA	NA	Bovine
ERR10188142	milk metagenome	Bovine	medium	NA	NA	FALSE	NA	NA	NA	NA	Bovine
ERR10188143	milk metagenome	Bovine	medium	NA	NA	FALSE	NA	NA	NA	NA	Bovine
ERR10188160	milk metagenome	Bovine	medium	NA	NA	FALSE	NA	NA	NA	NA	Bovine
ERR10188163	milk metagenome	Bovine	medium	NA	NA	FALSE	NA	NA	NA	NA	Bovine
ERR10188168	milk metagenome	Bovine	medium	NA	NA	FALSE	NA	NA	NA	NA	Bovine
ERR10188171	milk metagenome	Bovine	medium	NA	NA	FALSE	NA	NA	NA	NA	Bovine
ERR10188184	milk metagenome	Bovine	medium	NA	NA	FALSE	NA	NA	NA	NA	Bovine
ERR10188188	milk metagenome	Bovine	medium	NA	NA	FALSE	NA	NA	NA	NA	Bovine
ERR10188191	milk metagenome	Bovine	medium	NA	NA	FALSE	NA	NA	NA	NA	Bovine
ERR10188193	milk metagenome	Bovine	medium	NA	NA	FALSE	NA	NA	NA	NA	Bovine
ERR10188194	milk metagenome	Bovine	medium	NA	NA	FALSE	NA	NA	NA	NA	Bovine
ERR10188201	milk metagenome	Bovine	medium	NA	NA	FALSE	NA	NA	NA	NA	Bovine
ERR10188203	milk metagenome	Bovine	medium	NA	NA	FALSE	NA	NA	NA	NA	Bovine
ERR10188204	milk metagenome	Bovine	medium	NA	NA	FALSE	NA	NA	NA	NA	Bovine
ERR10188209	milk metagenome	Bovine	medium	NA	NA	FALSE	NA	NA	NA	NA	Bovine
ERR10188211	milk metagenome	Bovine	medium	NA	NA	FALSE	NA	NA	NA	NA	Bovine
ERR10188212	milk metagenome	Bovine	medium	NA	NA	FALSE	NA	NA	NA	NA	Bovine
ERR10188217	milk metagenome	Bovine	medium	NA	NA	FALSE	NA	NA	NA	NA	Bovine
ERR10188221	milk metagenome	Bovine	medium	NA	NA	FALSE	NA	NA	NA	NA	Bovine
ERR10228868	metagenome	Human	manual	NA	Human	FALSE	NA	NA	NA	NA	Human
ERR10228871	metagenome	Human	manual	NA	Human	FALSE	NA	NA	NA	NA	Human
ERR10228882	metagenome	Human	manual	NA	Human	FALSE	NA	NA	NA	NA	Human
ERR2654732	Anopheles gambiae	Other	low	NA	NA	TRUE	NA	NA	NA	NA	Other
ERR10432978	human gut metagenome	Human	medium	NA	NA	FALSE	NA	NA	NA	NA	Human
ERR10447054	Vulpes lagopus	Canine	high	NA	NA	FALSE	NA	NA	NA	NA	Canine
ERR10447056	Vulpes lagopus	Canine	high	NA	NA	FALSE	NA	NA	NA	NA	Canine
ERR10447057	Vulpes lagopus	Canine	high	NA	NA	FALSE	NA	NA	NA	NA	Canine
ERR10447066	Vulpes lagopus	Canine	high	NA	NA	FALSE	NA	NA	NA	NA	Canine
ERR10447067	Vulpes lagopus	Canine	high	NA	NA	FALSE	NA	NA	NA	NA	Canine
ERR10447068	Vulpes lagopus	Canine	high	NA	NA	FALSE	NA	NA	NA	NA	Canine
ERR10447069	Vulpes lagopus	Canine	high	NA	NA	FALSE	NA	NA	NA	NA	Canine
ERR2654733	Anopheles gambiae	Other	low	NA	NA	TRUE	NA	NA	NA	NA	Other
ERR10683020	human gut metagenome	Human	medium	NA	NA	FALSE	NA	NA	NA	NA	Human
ERR10683074	human gut metagenome	Human	medium	NA	NA	FALSE	NA	NA	NA	NA	Human
ERR10821435	Dicentrarchus labrax	Ray-finned Fish	high	NA	NA	FALSE	NA	NA	NA	NA	Ray-finned Fish
ERR10824108	Gadus morhua	Ray-finned Fish	high	NA	NA	FALSE	NA	NA	NA	NA	Ray-finned Fish
ERR2654734	Anopheles gambiae	Other	low	NA	NA	TRUE	NA	NA	NA	NA	Other
ERR10856925	human skin metagenome	Human	medium	NA	NA	FALSE	NA	NA	NA	NA	Human
ERR10856926	human skin metagenome	Human	medium	NA	NA	FALSE	NA	NA	NA	NA	Human
ERR10856927	human skin metagenome	Human	medium	NA	NA	FALSE	NA	NA	NA	NA	Human
ERR10856933	human skin metagenome	Human	medium	NA	NA	FALSE	NA	NA	NA	NA	Human
ERR10856934	human skin metagenome	Human	medium	NA	NA	FALSE	NA	NA	NA	NA	Human
ERR10856935	human skin metagenome	Human	medium	NA	NA	FALSE	NA	NA	NA	NA	Human
ERR10856938	human skin metagenome	Human	medium	NA	NA	FALSE	NA	NA	NA	NA	Human
ERR10856940	human skin metagenome	Human	medium	NA	NA	FALSE	NA	NA	NA	NA	Human
ERR10856942	human skin metagenome	Human	medium	NA	NA	FALSE	NA	NA	NA	NA	Human
ERR10856944	human skin metagenome	Human	medium	NA	NA	FALSE	NA	NA	NA	NA	Human
ERR10856945	human skin metagenome	Human	medium	NA	NA	FALSE	NA	NA	NA	NA	Human
ERR10856948	human skin metagenome	Human	medium	NA	NA	FALSE	NA	NA	NA	NA	Human
ERR10856951	human skin metagenome	Human	medium	NA	NA	FALSE	NA	NA	NA	NA	Human
ERR10856956	human skin metagenome	Human	medium	NA	NA	FALSE	NA	NA	NA	NA	Human
ERR10856957	human skin metagenome	Human	medium	NA	NA	FALSE	NA	NA	NA	NA	Human
ERR10856959	human skin metagenome	Human	medium	NA	NA	FALSE	NA	NA	NA	NA	Human
ERR10856961	human skin metagenome	Human	medium	NA	NA	FALSE	NA	NA	NA	NA	Human
ERR10856963	human skin metagenome	Human	medium	NA	NA	FALSE	NA	NA	NA	NA	Human
ERR10856965	human skin metagenome	Human	medium	NA	NA	FALSE	NA	NA	NA	NA	Human
ERR10856967	human skin metagenome	Human	medium	NA	NA	FALSE	NA	NA	NA	NA	Human
ERR10856970	human skin metagenome	Human	medium	NA	NA	FALSE	NA	NA	NA	NA	Human
ERR10856971	human skin metagenome	Human	medium	NA	NA	FALSE	NA	NA	NA	NA	Human
ERR10856972	human skin metagenome	Human	medium	NA	NA	FALSE	NA	NA	NA	NA	Human
ERR10856974	human skin metagenome	Human	medium	NA	NA	FALSE	NA	NA	NA	NA	Human
ERR10856976	human skin metagenome	Human	medium	NA	NA	FALSE	NA	NA	NA	NA	Human
ERR10856977	human skin metagenome	Human	medium	NA	NA	FALSE	NA	NA	NA	NA	Human
ERR10856978	human skin metagenome	Human	medium	NA	NA	FALSE	NA	NA	NA	NA	Human
ERR10856980	human skin metagenome	Human	medium	NA	NA	FALSE	NA	NA	NA	NA	Human
ERR10856985	human skin metagenome	Human	medium	NA	NA	FALSE	NA	NA	NA	NA	Human
ERR10856989	human skin metagenome	Human	medium	NA	NA	FALSE	NA	NA	NA	NA	Human
ERR10856991	human skin metagenome	Human	medium	NA	NA	FALSE	NA	NA	NA	NA	Human
ERR10856993	human skin metagenome	Human	medium	NA	NA	FALSE	NA	NA	NA	NA	Human
ERR10856995	human skin metagenome	Human	medium	NA	NA	FALSE	NA	NA	NA	NA	Human
ERR10856998	human skin metagenome	Human	medium	NA	NA	FALSE	NA	NA	NA	NA	Human
ERR10857001	human skin metagenome	Human	medium	NA	NA	FALSE	NA	NA	NA	NA	Human
ERR10857002	human skin metagenome	Human	medium	NA	NA	FALSE	NA	NA	NA	NA	Human
ERR10857003	human skin metagenome	Human	medium	NA	NA	FALSE	NA	NA	NA	NA	Human
ERR10857004	human skin metagenome	Human	medium	NA	NA	FALSE	NA	NA	NA	NA	Human
ERR10857006	human skin metagenome	Human	medium	NA	NA	FALSE	NA	NA	NA	NA	Human
ERR10857008	human skin metagenome	Human	medium	NA	NA	FALSE	NA	NA	NA	NA	Human
ERR10857010	human skin metagenome	Human	medium	NA	NA	FALSE	NA	NA	NA	NA	Human
ERR10857011	human skin metagenome	Human	medium	NA	NA	FALSE	NA	NA	NA	NA	Human
ERR10857015	human skin metagenome	Human	medium	NA	NA	FALSE	NA	NA	NA	NA	Human
ERR10857018	human skin metagenome	Human	medium	NA	NA	FALSE	NA	NA	NA	NA	Human
ERR10857021	human skin metagenome	Human	medium	NA	NA	FALSE	NA	NA	NA	NA	Human
ERR10857024	human skin metagenome	Human	medium	NA	NA	FALSE	NA	NA	NA	NA	Human
ERR10857025	human skin metagenome	Human	medium	NA	NA	FALSE	NA	NA	NA	NA	Human
ERR10857026	human skin metagenome	Human	medium	NA	NA	FALSE	NA	NA	NA	NA	Human
ERR10857028	human skin metagenome	Human	medium	NA	NA	FALSE	NA	NA	NA	NA	Human
ERR10857029	human skin metagenome	Human	medium	NA	NA	FALSE	NA	NA	NA	NA	Human
ERR10857030	human skin metagenome	Human	medium	NA	NA	FALSE	NA	NA	NA	NA	Human
ERR10857031	human skin metagenome	Human	medium	NA	NA	FALSE	NA	NA	NA	NA	Human
ERR10857033	human skin metagenome	Human	medium	NA	NA	FALSE	NA	NA	NA	NA	Human
ERR10857036	human skin metagenome	Human	medium	NA	NA	FALSE	NA	NA	NA	NA	Human
ERR10857037	human skin metagenome	Human	medium	NA	NA	FALSE	NA	NA	NA	NA	Human
ERR10857038	human skin metagenome	Human	medium	NA	NA	FALSE	NA	NA	NA	NA	Human
ERR10857042	human skin metagenome	Human	medium	NA	NA	FALSE	NA	NA	NA	NA	Human
ERR10857044	human skin metagenome	Human	medium	NA	NA	FALSE	NA	NA	NA	NA	Human
ERR10857048	human skin metagenome	Human	medium	NA	NA	FALSE	NA	NA	NA	NA	Human
ERR10857049	human skin metagenome	Human	medium	NA	NA	FALSE	NA	NA	NA	NA	Human
ERR10857059	human skin metagenome	Human	medium	NA	NA	FALSE	NA	NA	NA	NA	Human
ERR10857064	human skin metagenome	Human	medium	NA	NA	FALSE	NA	NA	NA	NA	Human
ERR10857065	human skin metagenome	Human	medium	NA	NA	FALSE	NA	NA	NA	NA	Human
ERR10857066	human skin metagenome	Human	medium	NA	NA	FALSE	NA	NA	NA	NA	Human
ERR2654735	Anopheles gambiae	Other	low	NA	NA	TRUE	NA	NA	NA	NA	Other
ERR2654737	Anopheles gambiae	Other	low	NA	NA	TRUE	NA	NA	NA	NA	Other
ERR10897579	vaginal metagenome	Human	medium	NA	NA	FALSE	NA	NA	NA	NA	Human
ERR10897623	vaginal metagenome	Human	medium	NA	NA	FALSE	NA	NA	NA	NA	Human
ERR10897664	vaginal metagenome	Human	medium	NA	NA	FALSE	NA	NA	NA	NA	Human
ERR10897693	vaginal metagenome	Human	medium	NA	NA	FALSE	NA	NA	NA	NA	Human
ERR10897708	vaginal metagenome	Human	medium	NA	NA	FALSE	NA	NA	NA	NA	Human
ERR10897749	vaginal metagenome	Human	medium	NA	NA	FALSE	NA	NA	NA	NA	Human
ERR10897793	vaginal metagenome	Human	medium	NA	NA	FALSE	NA	NA	NA	NA	Human
ERR10897806	vaginal metagenome	Human	medium	NA	NA	FALSE	NA	NA	NA	NA	Human
ERR10897880	vaginal metagenome	Human	medium	NA	NA	FALSE	NA	NA	NA	NA	Human
ERR10897898	vaginal metagenome	Human	medium	NA	NA	FALSE	NA	NA	NA	NA	Human
ERR10897923	vaginal metagenome	Human	medium	NA	NA	FALSE	NA	NA	NA	NA	Human
ERR10898009	vaginal metagenome	Human	medium	NA	NA	FALSE	NA	NA	NA	NA	Human
ERR10898016	vaginal metagenome	Human	medium	NA	NA	FALSE	NA	NA	NA	NA	Human
ERR10898020	vaginal metagenome	Human	medium	NA	NA	FALSE	NA	NA	NA	NA	Human
ERR10898021	vaginal metagenome	Human	medium	NA	NA	FALSE	NA	NA	NA	NA	Human
ERR10898062	vaginal metagenome	Human	medium	NA	NA	FALSE	NA	NA	NA	NA	Human
ERR10898071	vaginal metagenome	Human	medium	NA	NA	FALSE	NA	NA	NA	NA	Human
ERR10898111	vaginal metagenome	Human	medium	NA	NA	FALSE	NA	NA	NA	NA	Human
ERR10898121	vaginal metagenome	Human	medium	NA	NA	FALSE	NA	NA	NA	NA	Human
ERR10898158	vaginal metagenome	Human	medium	NA	NA	FALSE	NA	NA	NA	NA	Human
ERR10898159	vaginal metagenome	Human	medium	NA	NA	FALSE	NA	NA	NA	NA	Human
ERR10898164	vaginal metagenome	Human	medium	NA	NA	FALSE	NA	NA	NA	NA	Human
ERR10898194	vaginal metagenome	Human	medium	NA	NA	FALSE	NA	NA	NA	NA	Human
ERR10898201	vaginal metagenome	Human	medium	NA	NA	FALSE	NA	NA	NA	NA	Human
ERR10898247	vaginal metagenome	Human	medium	NA	NA	FALSE	NA	NA	NA	NA	Human
ERR10898266	vaginal metagenome	Human	medium	NA	NA	FALSE	NA	NA	NA	NA	Human
ERR10898269	vaginal metagenome	Human	medium	NA	NA	FALSE	NA	NA	NA	NA	Human
ERR10898292	vaginal metagenome	Human	medium	NA	NA	FALSE	NA	NA	NA	NA	Human
ERR10942642	Perodicticus potto ibeanus	Non-human Primate	high	NA	NA	FALSE	NA	NA	NA	NA	Non-human Primate
ERR10942644	Perodicticus potto ibeanus	Non-human Primate	high	NA	NA	FALSE	NA	NA	NA	NA	Non-human Primate
ERR10942645	Perodicticus potto ibeanus	Non-human Primate	high	NA	NA	FALSE	NA	NA	NA	NA	Non-human Primate
ERR10942646	Perodicticus potto ibeanus	Non-human Primate	high	NA	NA	FALSE	NA	NA	NA	NA	Non-human Primate
ERR10942647	Perodicticus potto ibeanus	Non-human Primate	high	NA	NA	FALSE	NA	NA	NA	NA	Non-human Primate
ERR10942648	Perodicticus potto ibeanus	Non-human Primate	high	NA	NA	FALSE	NA	NA	NA	NA	Non-human Primate
ERR10942649	Perodicticus potto ibeanus	Non-human Primate	high	NA	NA	FALSE	NA	NA	NA	NA	Non-human Primate
ERR10969558	human viral metagenome	Human	medium	NA	NA	FALSE	NA	NA	NA	NA	Human
ERR10970062	human viral metagenome	Human	medium	NA	NA	FALSE	NA	NA	NA	NA	Human
ERR10972965	Tarsius dentatus	Non-human Primate	high	NA	NA	FALSE	NA	NA	NA	NA	Non-human Primate
ERR10972966	Tarsius dentatus	Non-human Primate	high	NA	NA	FALSE	NA	NA	NA	NA	Non-human Primate
ERR10972967	Tarsius dentatus	Non-human Primate	high	NA	NA	FALSE	NA	NA	NA	NA	Non-human Primate
ERR10972968	Tarsius dentatus	Non-human Primate	high	NA	NA	FALSE	NA	NA	NA	NA	Non-human Primate
ERR11028279	Gorilla gorilla gorilla	Non-human Primate	high	NA	NA	FALSE	NA	NA	NA	NA	Non-human Primate
ERR11028317	Gorilla gorilla gorilla	Non-human Primate	high	NA	NA	FALSE	NA	NA	NA	NA	Non-human Primate
ERR2654738	Anopheles gambiae	Other	low	NA	NA	TRUE	NA	NA	NA	NA	Other
ERR11203034	Canis lupus familiaris	Canine	high	NA	NA	FALSE	NA	NA	NA	NA	Canine
ERR11203039	Canis lupus familiaris	Canine	high	NA	NA	FALSE	NA	NA	NA	NA	Canine
ERR11203043	Canis lupus familiaris	Canine	high	NA	NA	FALSE	NA	NA	NA	NA	Canine
ERR11203045	Canis lupus familiaris	Canine	high	NA	NA	FALSE	NA	NA	NA	NA	Canine
ERR11203063	Canis lupus familiaris	Canine	high	NA	NA	FALSE	NA	NA	NA	NA	Canine
ERR11203069	Canis lupus familiaris	Canine	high	NA	NA	FALSE	NA	NA	NA	NA	Canine
ERR11213956	Canis lupus familiaris	Canine	high	NA	NA	FALSE	NA	NA	NA	NA	Canine
ERR11213959	Canis lupus familiaris	Canine	high	NA	NA	FALSE	NA	NA	NA	NA	Canine
ERR11223860	Canis lupus familiaris	Canine	high	NA	NA	FALSE	NA	NA	NA	NA	Canine
ERR11256482	Canis lupus familiaris	Canine	high	NA	NA	FALSE	NA	NA	NA	NA	Canine
ERR11271426	Homo sapiens	Human	high	NA	NA	FALSE	NA	NA	NA	NA	Human
ERR11271768	Canis lupus familiaris	Canine	high	NA	NA	FALSE	NA	NA	NA	NA	Canine
ERR11271785	Canis lupus familiaris	Canine	high	NA	NA	FALSE	NA	NA	NA	NA	Canine
ERR11284566	Canis lupus familiaris	Canine	high	NA	NA	FALSE	NA	NA	NA	NA	Canine
ERR11284567	Canis lupus familiaris	Canine	high	NA	NA	FALSE	NA	NA	NA	NA	Canine
ERR11284568	Canis lupus familiaris	Canine	high	NA	NA	FALSE	NA	NA	NA	NA	Canine
ERR11284570	Canis lupus familiaris	Canine	high	NA	NA	FALSE	NA	NA	NA	NA	Canine
ERR11284571	Canis lupus familiaris	Canine	high	NA	NA	FALSE	NA	NA	NA	NA	Canine
ERR11318374	vaginal metagenome	Human	medium	NA	NA	FALSE	NA	NA	NA	NA	Human
ERR11318375	vaginal metagenome	Human	medium	NA	NA	FALSE	NA	NA	NA	NA	Human
ERR11318376	vaginal metagenome	Human	medium	NA	NA	FALSE	NA	NA	NA	NA	Human
ERR11318377	vaginal metagenome	Human	medium	NA	NA	FALSE	NA	NA	NA	NA	Human
ERR11318378	vaginal metagenome	Human	medium	NA	NA	FALSE	NA	NA	NA	NA	Human
ERR11318379	vaginal metagenome	Human	medium	NA	NA	FALSE	NA	NA	NA	NA	Human
ERR11318380	vaginal metagenome	Human	medium	NA	NA	FALSE	NA	NA	NA	NA	Human
ERR11318381	vaginal metagenome	Human	medium	NA	NA	FALSE	NA	NA	NA	NA	Human
ERR11318382	vaginal metagenome	Human	medium	NA	NA	FALSE	NA	NA	NA	NA	Human
ERR11318383	vaginal metagenome	Human	medium	NA	NA	FALSE	NA	NA	NA	NA	Human
ERR11318384	vaginal metagenome	Human	medium	NA	NA	FALSE	NA	NA	NA	NA	Human
ERR11318385	vaginal metagenome	Human	medium	NA	NA	FALSE	NA	NA	NA	NA	Human
ERR11318386	vaginal metagenome	Human	medium	NA	NA	FALSE	NA	NA	NA	NA	Human
ERR11318387	vaginal metagenome	Human	medium	NA	NA	FALSE	NA	NA	NA	NA	Human
ERR11318388	vaginal metagenome	Human	medium	NA	NA	FALSE	NA	NA	NA	NA	Human
ERR11318389	vaginal metagenome	Human	medium	NA	NA	FALSE	NA	NA	NA	NA	Human
ERR11318390	vaginal metagenome	Human	medium	NA	NA	FALSE	NA	NA	NA	NA	Human
ERR11318391	vaginal metagenome	Human	medium	NA	NA	FALSE	NA	NA	NA	NA	Human
ERR11318392	vaginal metagenome	Human	medium	NA	NA	FALSE	NA	NA	NA	NA	Human
ERR11318393	vaginal metagenome	Human	medium	NA	NA	FALSE	NA	NA	NA	NA	Human
ERR11318394	vaginal metagenome	Human	medium	NA	NA	FALSE	NA	NA	NA	NA	Human
ERR11318395	vaginal metagenome	Human	medium	NA	NA	FALSE	NA	NA	NA	NA	Human
ERR11318396	vaginal metagenome	Human	medium	NA	NA	FALSE	NA	NA	NA	NA	Human
ERR11318397	vaginal metagenome	Human	medium	NA	NA	FALSE	NA	NA	NA	NA	Human
ERR11318398	vaginal metagenome	Human	medium	NA	NA	FALSE	NA	NA	NA	NA	Human
ERR11318399	vaginal metagenome	Human	medium	NA	NA	FALSE	NA	NA	NA	NA	Human
ERR11318400	vaginal metagenome	Human	medium	NA	NA	FALSE	NA	NA	NA	NA	Human
ERR11318536	vaginal metagenome	Human	medium	NA	NA	FALSE	NA	NA	NA	NA	Human
ERR11318537	vaginal metagenome	Human	medium	NA	NA	FALSE	NA	NA	NA	NA	Human
ERR11318538	vaginal metagenome	Human	medium	NA	NA	FALSE	NA	NA	NA	NA	Human
ERR11318542	vaginal metagenome	Human	medium	NA	NA	FALSE	NA	NA	NA	NA	Human
ERR11318543	vaginal metagenome	Human	medium	NA	NA	FALSE	NA	NA	NA	NA	Human
ERR11318544	vaginal metagenome	Human	medium	NA	NA	FALSE	NA	NA	NA	NA	Human
ERR11318545	vaginal metagenome	Human	medium	NA	NA	FALSE	NA	NA	NA	NA	Human
ERR11318546	vaginal metagenome	Human	medium	NA	NA	FALSE	NA	NA	NA	NA	Human
ERR11318547	vaginal metagenome	Human	medium	NA	NA	FALSE	NA	NA	NA	NA	Human
ERR11318548	vaginal metagenome	Human	medium	NA	NA	FALSE	NA	NA	NA	NA	Human
ERR11318549	vaginal metagenome	Human	medium	NA	NA	FALSE	NA	NA	NA	NA	Human
ERR11318551	vaginal metagenome	Human	medium	NA	NA	FALSE	NA	NA	NA	NA	Human
ERR11318552	vaginal metagenome	Human	medium	NA	NA	FALSE	NA	NA	NA	NA	Human
ERR11318553	vaginal metagenome	Human	medium	NA	NA	FALSE	NA	NA	NA	NA	Human
ERR11318555	vaginal metagenome	Human	medium	NA	NA	FALSE	NA	NA	NA	NA	Human
ERR11318556	vaginal metagenome	Human	medium	NA	NA	FALSE	NA	NA	NA	NA	Human
ERR11318558	vaginal metagenome	Human	medium	NA	NA	FALSE	NA	NA	NA	NA	Human
ERR11318613	vaginal metagenome	Human	medium	NA	NA	FALSE	NA	NA	NA	NA	Human
ERR11318614	vaginal metagenome	Human	medium	NA	NA	FALSE	NA	NA	NA	NA	Human
ERR11318615	vaginal metagenome	Human	medium	NA	NA	FALSE	NA	NA	NA	NA	Human
ERR11318616	vaginal metagenome	Human	medium	NA	NA	FALSE	NA	NA	NA	NA	Human
ERR11318617	vaginal metagenome	Human	medium	NA	NA	FALSE	NA	NA	NA	NA	Human
ERR11318618	vaginal metagenome	Human	medium	NA	NA	FALSE	NA	NA	NA	NA	Human
ERR11318620	vaginal metagenome	Human	medium	NA	NA	FALSE	NA	NA	NA	NA	Human
ERR11318621	vaginal metagenome	Human	medium	NA	NA	FALSE	NA	NA	NA	NA	Human
ERR11318622	vaginal metagenome	Human	medium	NA	NA	FALSE	NA	NA	NA	NA	Human
ERR11318624	vaginal metagenome	Human	medium	NA	NA	FALSE	NA	NA	NA	NA	Human
ERR11318626	vaginal metagenome	Human	medium	NA	NA	FALSE	NA	NA	NA	NA	Human
ERR11318627	vaginal metagenome	Human	medium	NA	NA	FALSE	NA	NA	NA	NA	Human
ERR11318628	vaginal metagenome	Human	medium	NA	NA	FALSE	NA	NA	NA	NA	Human
ERR11318629	vaginal metagenome	Human	medium	NA	NA	FALSE	NA	NA	NA	NA	Human
ERR11318630	vaginal metagenome	Human	medium	NA	NA	FALSE	NA	NA	NA	NA	Human
ERR11318631	vaginal metagenome	Human	medium	NA	NA	FALSE	NA	NA	NA	NA	Human
ERR11318633	vaginal metagenome	Human	medium	NA	NA	FALSE	NA	NA	NA	NA	Human
ERR11318634	vaginal metagenome	Human	medium	NA	NA	FALSE	NA	NA	NA	NA	Human
ERR11318635	vaginal metagenome	Human	medium	NA	NA	FALSE	NA	NA	NA	NA	Human
ERR11318636	vaginal metagenome	Human	medium	NA	NA	FALSE	NA	NA	NA	NA	Human
ERR11318637	vaginal metagenome	Human	medium	NA	NA	FALSE	NA	NA	NA	NA	Human
ERR11318718	vaginal metagenome	Human	medium	NA	NA	FALSE	NA	NA	NA	NA	Human
ERR11318719	vaginal metagenome	Human	medium	NA	NA	FALSE	NA	NA	NA	NA	Human
ERR11318720	vaginal metagenome	Human	medium	NA	NA	FALSE	NA	NA	NA	NA	Human
ERR11318721	vaginal metagenome	Human	medium	NA	NA	FALSE	NA	NA	NA	NA	Human
ERR11318722	vaginal metagenome	Human	medium	NA	NA	FALSE	NA	NA	NA	NA	Human
ERR11318723	vaginal metagenome	Human	medium	NA	NA	FALSE	NA	NA	NA	NA	Human
ERR11318724	vaginal metagenome	Human	medium	NA	NA	FALSE	NA	NA	NA	NA	Human
ERR11318725	vaginal metagenome	Human	medium	NA	NA	FALSE	NA	NA	NA	NA	Human
ERR11318726	vaginal metagenome	Human	medium	NA	NA	FALSE	NA	NA	NA	NA	Human
ERR11318727	vaginal metagenome	Human	medium	NA	NA	FALSE	NA	NA	NA	NA	Human
ERR11318728	vaginal metagenome	Human	medium	NA	NA	FALSE	NA	NA	NA	NA	Human
ERR11318729	vaginal metagenome	Human	medium	NA	NA	FALSE	NA	NA	NA	NA	Human
ERR11318730	vaginal metagenome	Human	medium	NA	NA	FALSE	NA	NA	NA	NA	Human
ERR11318731	vaginal metagenome	Human	medium	NA	NA	FALSE	NA	NA	NA	NA	Human
ERR11318732	vaginal metagenome	Human	medium	NA	NA	FALSE	NA	NA	NA	NA	Human
ERR11318733	vaginal metagenome	Human	medium	NA	NA	FALSE	NA	NA	NA	NA	Human
ERR11318734	vaginal metagenome	Human	medium	NA	NA	FALSE	NA	NA	NA	NA	Human
ERR11318735	vaginal metagenome	Human	medium	NA	NA	FALSE	NA	NA	NA	NA	Human
ERR11318736	vaginal metagenome	Human	medium	NA	NA	FALSE	NA	NA	NA	NA	Human
ERR11318737	vaginal metagenome	Human	medium	NA	NA	FALSE	NA	NA	NA	NA	Human
ERR11318738	vaginal metagenome	Human	medium	NA	NA	FALSE	NA	NA	NA	NA	Human
ERR11318739	vaginal metagenome	Human	medium	NA	NA	FALSE	NA	NA	NA	NA	Human
ERR11318740	vaginal metagenome	Human	medium	NA	NA	FALSE	NA	NA	NA	NA	Human
ERR11318741	vaginal metagenome	Human	medium	NA	NA	FALSE	NA	NA	NA	NA	Human
ERR11318742	vaginal metagenome	Human	medium	NA	NA	FALSE	NA	NA	NA	NA	Human
ERR11318743	vaginal metagenome	Human	medium	NA	NA	FALSE	NA	NA	NA	NA	Human
ERR11318753	vaginal metagenome	Human	medium	NA	NA	FALSE	NA	NA	NA	NA	Human
ERR11318758	vaginal metagenome	Human	medium	NA	NA	FALSE	NA	NA	NA	NA	Human
ERR11318767	vaginal metagenome	Human	medium	NA	NA	FALSE	NA	NA	NA	NA	Human
ERR11318768	vaginal metagenome	Human	medium	NA	NA	FALSE	NA	NA	NA	NA	Human
ERR11318885	vaginal metagenome	Human	medium	NA	NA	FALSE	NA	NA	NA	NA	Human
ERR11318888	vaginal metagenome	Human	medium	NA	NA	FALSE	NA	NA	NA	NA	Human
ERR11318890	vaginal metagenome	Human	medium	NA	NA	FALSE	NA	NA	NA	NA	Human
ERR11318896	vaginal metagenome	Human	medium	NA	NA	FALSE	NA	NA	NA	NA	Human
ERR11318899	vaginal metagenome	Human	medium	NA	NA	FALSE	NA	NA	NA	NA	Human
ERR11318900	vaginal metagenome	Human	medium	NA	NA	FALSE	NA	NA	NA	NA	Human
ERR11318902	vaginal metagenome	Human	medium	NA	NA	FALSE	NA	NA	NA	NA	Human
ERR11318967	vaginal metagenome	Human	medium	NA	NA	FALSE	NA	NA	NA	NA	Human
ERR11318969	vaginal metagenome	Human	medium	NA	NA	FALSE	NA	NA	NA	NA	Human
ERR11318970	vaginal metagenome	Human	medium	NA	NA	FALSE	NA	NA	NA	NA	Human
ERR11318973	vaginal metagenome	Human	medium	NA	NA	FALSE	NA	NA	NA	NA	Human
ERR11319082	vaginal metagenome	Human	medium	NA	NA	FALSE	NA	NA	NA	NA	Human
ERR11319083	vaginal metagenome	Human	medium	NA	NA	FALSE	NA	NA	NA	NA	Human
ERR11319084	vaginal metagenome	Human	medium	NA	NA	FALSE	NA	NA	NA	NA	Human
ERR11319085	vaginal metagenome	Human	medium	NA	NA	FALSE	NA	NA	NA	NA	Human
ERR11319086	vaginal metagenome	Human	medium	NA	NA	FALSE	NA	NA	NA	NA	Human
ERR11319087	vaginal metagenome	Human	medium	NA	NA	FALSE	NA	NA	NA	NA	Human
ERR11319088	vaginal metagenome	Human	medium	NA	NA	FALSE	NA	NA	NA	NA	Human
ERR11319092	vaginal metagenome	Human	medium	NA	NA	FALSE	NA	NA	NA	NA	Human
ERR11319093	vaginal metagenome	Human	medium	NA	NA	FALSE	NA	NA	NA	NA	Human
ERR11319094	vaginal metagenome	Human	medium	NA	NA	FALSE	NA	NA	NA	NA	Human
ERR11319133	vaginal metagenome	Human	medium	NA	NA	FALSE	NA	NA	NA	NA	Human
ERR11319134	vaginal metagenome	Human	medium	NA	NA	FALSE	NA	NA	NA	NA	Human
ERR11319135	vaginal metagenome	Human	medium	NA	NA	FALSE	NA	NA	NA	NA	Human
ERR11319136	vaginal metagenome	Human	medium	NA	NA	FALSE	NA	NA	NA	NA	Human
ERR11319137	vaginal metagenome	Human	medium	NA	NA	FALSE	NA	NA	NA	NA	Human
ERR11319138	vaginal metagenome	Human	medium	NA	NA	FALSE	NA	NA	NA	NA	Human
ERR11319139	vaginal metagenome	Human	medium	NA	NA	FALSE	NA	NA	NA	NA	Human
ERR11319140	vaginal metagenome	Human	medium	NA	NA	FALSE	NA	NA	NA	NA	Human
ERR11319141	vaginal metagenome	Human	medium	NA	NA	FALSE	NA	NA	NA	NA	Human
ERR11319142	vaginal metagenome	Human	medium	NA	NA	FALSE	NA	NA	NA	NA	Human
ERR11319143	vaginal metagenome	Human	medium	NA	NA	FALSE	NA	NA	NA	NA	Human
ERR11319144	vaginal metagenome	Human	medium	NA	NA	FALSE	NA	NA	NA	NA	Human
ERR11319145	vaginal metagenome	Human	medium	NA	NA	FALSE	NA	NA	NA	NA	Human
ERR11319146	vaginal metagenome	Human	medium	NA	NA	FALSE	NA	NA	NA	NA	Human
ERR11319147	vaginal metagenome	Human	medium	NA	NA	FALSE	NA	NA	NA	NA	Human
ERR11319148	vaginal metagenome	Human	medium	NA	NA	FALSE	NA	NA	NA	NA	Human
ERR11319149	vaginal metagenome	Human	medium	NA	NA	FALSE	NA	NA	NA	NA	Human
ERR11319150	vaginal metagenome	Human	medium	NA	NA	FALSE	NA	NA	NA	NA	Human
ERR11319151	vaginal metagenome	Human	medium	NA	NA	FALSE	NA	NA	NA	NA	Human
ERR11319152	vaginal metagenome	Human	medium	NA	NA	FALSE	NA	NA	NA	NA	Human
ERR11319153	vaginal metagenome	Human	medium	NA	NA	FALSE	NA	NA	NA	NA	Human
ERR11319154	vaginal metagenome	Human	medium	NA	NA	FALSE	NA	NA	NA	NA	Human
ERR11319155	vaginal metagenome	Human	medium	NA	NA	FALSE	NA	NA	NA	NA	Human
ERR11319156	vaginal metagenome	Human	medium	NA	NA	FALSE	NA	NA	NA	NA	Human
ERR11319157	vaginal metagenome	Human	medium	NA	NA	FALSE	NA	NA	NA	NA	Human
ERR11319158	vaginal metagenome	Human	medium	NA	NA	FALSE	NA	NA	NA	NA	Human
ERR11319159	vaginal metagenome	Human	medium	NA	NA	FALSE	NA	NA	NA	NA	Human
ERR11319160	vaginal metagenome	Human	medium	NA	NA	FALSE	NA	NA	NA	NA	Human
ERR11319161	vaginal metagenome	Human	medium	NA	NA	FALSE	NA	NA	NA	NA	Human
ERR11319162	vaginal metagenome	Human	medium	NA	NA	FALSE	NA	NA	NA	NA	Human
ERR11319163	vaginal metagenome	Human	medium	NA	NA	FALSE	NA	NA	NA	NA	Human
ERR11319164	vaginal metagenome	Human	medium	NA	NA	FALSE	NA	NA	NA	NA	Human
ERR11319166	vaginal metagenome	Human	medium	NA	NA	FALSE	NA	NA	NA	NA	Human
ERR11319167	vaginal metagenome	Human	medium	NA	NA	FALSE	NA	NA	NA	NA	Human
ERR11319168	vaginal metagenome	Human	medium	NA	NA	FALSE	NA	NA	NA	NA	Human
ERR11319169	vaginal metagenome	Human	medium	NA	NA	FALSE	NA	NA	NA	NA	Human
ERR11319170	vaginal metagenome	Human	medium	NA	NA	FALSE	NA	NA	NA	NA	Human
ERR11319171	vaginal metagenome	Human	medium	NA	NA	FALSE	NA	NA	NA	NA	Human
ERR11319172	vaginal metagenome	Human	medium	NA	NA	FALSE	NA	NA	NA	NA	Human
ERR11319173	vaginal metagenome	Human	medium	NA	NA	FALSE	NA	NA	NA	NA	Human
ERR11319174	vaginal metagenome	Human	medium	NA	NA	FALSE	NA	NA	NA	NA	Human
ERR11319175	vaginal metagenome	Human	medium	NA	NA	FALSE	NA	NA	NA	NA	Human
ERR11319176	vaginal metagenome	Human	medium	NA	NA	FALSE	NA	NA	NA	NA	Human
ERR11319177	vaginal metagenome	Human	medium	NA	NA	FALSE	NA	NA	NA	NA	Human
ERR11319178	vaginal metagenome	Human	medium	NA	NA	FALSE	NA	NA	NA	NA	Human
ERR11319179	vaginal metagenome	Human	medium	NA	NA	FALSE	NA	NA	NA	NA	Human
ERR11319180	vaginal metagenome	Human	medium	NA	NA	FALSE	NA	NA	NA	NA	Human
ERR11319181	vaginal metagenome	Human	medium	NA	NA	FALSE	NA	NA	NA	NA	Human
ERR11319225	vaginal metagenome	Human	medium	NA	NA	FALSE	NA	NA	NA	NA	Human
ERR11319226	vaginal metagenome	Human	medium	NA	NA	FALSE	NA	NA	NA	NA	Human
ERR11319227	vaginal metagenome	Human	medium	NA	NA	FALSE	NA	NA	NA	NA	Human
ERR11319228	vaginal metagenome	Human	medium	NA	NA	FALSE	NA	NA	NA	NA	Human
ERR11319229	vaginal metagenome	Human	medium	NA	NA	FALSE	NA	NA	NA	NA	Human
ERR11319230	vaginal metagenome	Human	medium	NA	NA	FALSE	NA	NA	NA	NA	Human
ERR11319231	vaginal metagenome	Human	medium	NA	NA	FALSE	NA	NA	NA	NA	Human
ERR11319232	vaginal metagenome	Human	medium	NA	NA	FALSE	NA	NA	NA	NA	Human
ERR11319233	vaginal metagenome	Human	medium	NA	NA	FALSE	NA	NA	NA	NA	Human
ERR11319234	vaginal metagenome	Human	medium	NA	NA	FALSE	NA	NA	NA	NA	Human
ERR11319237	vaginal metagenome	Human	medium	NA	NA	FALSE	NA	NA	NA	NA	Human
ERR11319238	vaginal metagenome	Human	medium	NA	NA	FALSE	NA	NA	NA	NA	Human
ERR11319240	vaginal metagenome	Human	medium	NA	NA	FALSE	NA	NA	NA	NA	Human
ERR11319241	vaginal metagenome	Human	medium	NA	NA	FALSE	NA	NA	NA	NA	Human
ERR11319242	vaginal metagenome	Human	medium	NA	NA	FALSE	NA	NA	NA	NA	Human
ERR11319244	vaginal metagenome	Human	medium	NA	NA	FALSE	NA	NA	NA	NA	Human
ERR11319245	vaginal metagenome	Human	medium	NA	NA	FALSE	NA	NA	NA	NA	Human
ERR11319247	vaginal metagenome	Human	medium	NA	NA	FALSE	NA	NA	NA	NA	Human
ERR11319248	vaginal metagenome	Human	medium	NA	NA	FALSE	NA	NA	NA	NA	Human
ERR11319250	vaginal metagenome	Human	medium	NA	NA	FALSE	NA	NA	NA	NA	Human
ERR11319252	vaginal metagenome	Human	medium	NA	NA	FALSE	NA	NA	NA	NA	Human
ERR11319253	vaginal metagenome	Human	medium	NA	NA	FALSE	NA	NA	NA	NA	Human
ERR11319254	vaginal metagenome	Human	medium	NA	NA	FALSE	NA	NA	NA	NA	Human
ERR11319255	vaginal metagenome	Human	medium	NA	NA	FALSE	NA	NA	NA	NA	Human
ERR11319256	vaginal metagenome	Human	medium	NA	NA	FALSE	NA	NA	NA	NA	Human
ERR11319257	vaginal metagenome	Human	medium	NA	NA	FALSE	NA	NA	NA	NA	Human
ERR11319258	vaginal metagenome	Human	medium	NA	NA	FALSE	NA	NA	NA	NA	Human
ERR11319259	vaginal metagenome	Human	medium	NA	NA	FALSE	NA	NA	NA	NA	Human
ERR11319260	vaginal metagenome	Human	medium	NA	NA	FALSE	NA	NA	NA	NA	Human
ERR11319261	vaginal metagenome	Human	medium	NA	NA	FALSE	NA	NA	NA	NA	Human
ERR11319262	vaginal metagenome	Human	medium	NA	NA	FALSE	NA	NA	NA	NA	Human
ERR11319263	vaginal metagenome	Human	medium	NA	NA	FALSE	NA	NA	NA	NA	Human
ERR11319264	vaginal metagenome	Human	medium	NA	NA	FALSE	NA	NA	NA	NA	Human
ERR11319265	vaginal metagenome	Human	medium	NA	NA	FALSE	NA	NA	NA	NA	Human
ERR11319266	vaginal metagenome	Human	medium	NA	NA	FALSE	NA	NA	NA	NA	Human
ERR11319267	vaginal metagenome	Human	medium	NA	NA	FALSE	NA	NA	NA	NA	Human
ERR11319268	vaginal metagenome	Human	medium	NA	NA	FALSE	NA	NA	NA	NA	Human
ERR11319269	vaginal metagenome	Human	medium	NA	NA	FALSE	NA	NA	NA	NA	Human
ERR11319270	vaginal metagenome	Human	medium	NA	NA	FALSE	NA	NA	NA	NA	Human
ERR11319271	vaginal metagenome	Human	medium	NA	NA	FALSE	NA	NA	NA	NA	Human
ERR11319272	vaginal metagenome	Human	medium	NA	NA	FALSE	NA	NA	NA	NA	Human
ERR11319273	vaginal metagenome	Human	medium	NA	NA	FALSE	NA	NA	NA	NA	Human
ERR11319274	vaginal metagenome	Human	medium	NA	NA	FALSE	NA	NA	NA	NA	Human
ERR11319275	vaginal metagenome	Human	medium	NA	NA	FALSE	NA	NA	NA	NA	Human
ERR11319276	vaginal metagenome	Human	medium	NA	NA	FALSE	NA	NA	NA	NA	Human
ERR11319277	vaginal metagenome	Human	medium	NA	NA	FALSE	NA	NA	NA	NA	Human
ERR11319278	vaginal metagenome	Human	medium	NA	NA	FALSE	NA	NA	NA	NA	Human
ERR11319281	vaginal metagenome	Human	medium	NA	NA	FALSE	NA	NA	NA	NA	Human
ERR11319293	vaginal metagenome	Human	medium	NA	NA	FALSE	NA	NA	NA	NA	Human
ERR11319310	vaginal metagenome	Human	medium	NA	NA	FALSE	NA	NA	NA	NA	Human
ERR11319317	vaginal metagenome	Human	medium	NA	NA	FALSE	NA	NA	NA	NA	Human
ERR11319320	vaginal metagenome	Human	medium	NA	NA	FALSE	NA	NA	NA	NA	Human
ERR11319321	vaginal metagenome	Human	medium	NA	NA	FALSE	NA	NA	NA	NA	Human
ERR11319358	vaginal metagenome	Human	medium	NA	NA	FALSE	NA	NA	NA	NA	Human
ERR11319359	vaginal metagenome	Human	medium	NA	NA	FALSE	NA	NA	NA	NA	Human
ERR11319360	vaginal metagenome	Human	medium	NA	NA	FALSE	NA	NA	NA	NA	Human
ERR11319361	vaginal metagenome	Human	medium	NA	NA	FALSE	NA	NA	NA	NA	Human
ERR11319362	vaginal metagenome	Human	medium	NA	NA	FALSE	NA	NA	NA	NA	Human
ERR11319363	vaginal metagenome	Human	medium	NA	NA	FALSE	NA	NA	NA	NA	Human
ERR11319364	vaginal metagenome	Human	medium	NA	NA	FALSE	NA	NA	NA	NA	Human
ERR11319365	vaginal metagenome	Human	medium	NA	NA	FALSE	NA	NA	NA	NA	Human
ERR11319366	vaginal metagenome	Human	medium	NA	NA	FALSE	NA	NA	NA	NA	Human
ERR11319367	vaginal metagenome	Human	medium	NA	NA	FALSE	NA	NA	NA	NA	Human
ERR11319368	vaginal metagenome	Human	medium	NA	NA	FALSE	NA	NA	NA	NA	Human
ERR11319369	vaginal metagenome	Human	medium	NA	NA	FALSE	NA	NA	NA	NA	Human
ERR11319370	vaginal metagenome	Human	medium	NA	NA	FALSE	NA	NA	NA	NA	Human
ERR11319371	vaginal metagenome	Human	medium	NA	NA	FALSE	NA	NA	NA	NA	Human
ERR11319372	vaginal metagenome	Human	medium	NA	NA	FALSE	NA	NA	NA	NA	Human
ERR11319373	vaginal metagenome	Human	medium	NA	NA	FALSE	NA	NA	NA	NA	Human
ERR11319374	vaginal metagenome	Human	medium	NA	NA	FALSE	NA	NA	NA	NA	Human
ERR11319375	vaginal metagenome	Human	medium	NA	NA	FALSE	NA	NA	NA	NA	Human
ERR11319376	vaginal metagenome	Human	medium	NA	NA	FALSE	NA	NA	NA	NA	Human
ERR11319377	vaginal metagenome	Human	medium	NA	NA	FALSE	NA	NA	NA	NA	Human
ERR11319378	vaginal metagenome	Human	medium	NA	NA	FALSE	NA	NA	NA	NA	Human
ERR11319379	vaginal metagenome	Human	medium	NA	NA	FALSE	NA	NA	NA	NA	Human
ERR11319380	vaginal metagenome	Human	medium	NA	NA	FALSE	NA	NA	NA	NA	Human
ERR11319381	vaginal metagenome	Human	medium	NA	NA	FALSE	NA	NA	NA	NA	Human
ERR11319436	vaginal metagenome	Human	medium	NA	NA	FALSE	NA	NA	NA	NA	Human
ERR11319437	vaginal metagenome	Human	medium	NA	NA	FALSE	NA	NA	NA	NA	Human
ERR11319438	vaginal metagenome	Human	medium	NA	NA	FALSE	NA	NA	NA	NA	Human
ERR11319439	vaginal metagenome	Human	medium	NA	NA	FALSE	NA	NA	NA	NA	Human
ERR11319440	vaginal metagenome	Human	medium	NA	NA	FALSE	NA	NA	NA	NA	Human
ERR11319441	vaginal metagenome	Human	medium	NA	NA	FALSE	NA	NA	NA	NA	Human
ERR11319442	vaginal metagenome	Human	medium	NA	NA	FALSE	NA	NA	NA	NA	Human
ERR11319443	vaginal metagenome	Human	medium	NA	NA	FALSE	NA	NA	NA	NA	Human
ERR11319444	vaginal metagenome	Human	medium	NA	NA	FALSE	NA	NA	NA	NA	Human
ERR11319445	vaginal metagenome	Human	medium	NA	NA	FALSE	NA	NA	NA	NA	Human
ERR11319446	vaginal metagenome	Human	medium	NA	NA	FALSE	NA	NA	NA	NA	Human
ERR11319447	vaginal metagenome	Human	medium	NA	NA	FALSE	NA	NA	NA	NA	Human
ERR11319448	vaginal metagenome	Human	medium	NA	NA	FALSE	NA	NA	NA	NA	Human
ERR11319450	vaginal metagenome	Human	medium	NA	NA	FALSE	NA	NA	NA	NA	Human
ERR11319452	vaginal metagenome	Human	medium	NA	NA	FALSE	NA	NA	NA	NA	Human
ERR11319454	vaginal metagenome	Human	medium	NA	NA	FALSE	NA	NA	NA	NA	Human
ERR11319455	vaginal metagenome	Human	medium	NA	NA	FALSE	NA	NA	NA	NA	Human
ERR11319456	vaginal metagenome	Human	medium	NA	NA	FALSE	NA	NA	NA	NA	Human
ERR11319457	vaginal metagenome	Human	medium	NA	NA	FALSE	NA	NA	NA	NA	Human
ERR11319458	vaginal metagenome	Human	medium	NA	NA	FALSE	NA	NA	NA	NA	Human
ERR11319459	vaginal metagenome	Human	medium	NA	NA	FALSE	NA	NA	NA	NA	Human
ERR11319460	vaginal metagenome	Human	medium	NA	NA	FALSE	NA	NA	NA	NA	Human
ERR11319461	vaginal metagenome	Human	medium	NA	NA	FALSE	NA	NA	NA	NA	Human
ERR11319462	vaginal metagenome	Human	medium	NA	NA	FALSE	NA	NA	NA	NA	Human
ERR11319537	vaginal metagenome	Human	medium	NA	NA	FALSE	NA	NA	NA	NA	Human
ERR11319539	vaginal metagenome	Human	medium	NA	NA	FALSE	NA	NA	NA	NA	Human
ERR11319540	vaginal metagenome	Human	medium	NA	NA	FALSE	NA	NA	NA	NA	Human
ERR11319542	vaginal metagenome	Human	medium	NA	NA	FALSE	NA	NA	NA	NA	Human
ERR11319543	vaginal metagenome	Human	medium	NA	NA	FALSE	NA	NA	NA	NA	Human
ERR11319544	vaginal metagenome	Human	medium	NA	NA	FALSE	NA	NA	NA	NA	Human
ERR11319545	vaginal metagenome	Human	medium	NA	NA	FALSE	NA	NA	NA	NA	Human
ERR11319546	vaginal metagenome	Human	medium	NA	NA	FALSE	NA	NA	NA	NA	Human
ERR11319547	vaginal metagenome	Human	medium	NA	NA	FALSE	NA	NA	NA	NA	Human
ERR11319548	vaginal metagenome	Human	medium	NA	NA	FALSE	NA	NA	NA	NA	Human
ERR11319550	vaginal metagenome	Human	medium	NA	NA	FALSE	NA	NA	NA	NA	Human
ERR11319551	vaginal metagenome	Human	medium	NA	NA	FALSE	NA	NA	NA	NA	Human
ERR11319552	vaginal metagenome	Human	medium	NA	NA	FALSE	NA	NA	NA	NA	Human
ERR11319553	vaginal metagenome	Human	medium	NA	NA	FALSE	NA	NA	NA	NA	Human
ERR11319557	vaginal metagenome	Human	medium	NA	NA	FALSE	NA	NA	NA	NA	Human
ERR11319558	vaginal metagenome	Human	medium	NA	NA	FALSE	NA	NA	NA	NA	Human
ERR11403158	Canis lupus familiaris	Canine	high	NA	NA	FALSE	NA	NA	NA	NA	Canine
ERR11423071	Canis lupus familiaris	Canine	high	NA	NA	FALSE	NA	NA	NA	NA	Canine
ERR11423084	Canis lupus familiaris	Canine	high	NA	NA	FALSE	NA	NA	NA	NA	Canine
ERR11458017	human gut metagenome	Human	medium	NA	NA	FALSE	NA	NA	NA	NA	Human
ERR11513000	metagenome	Human	manual	NA	Human	FALSE	NA	NA	NA	NA	Human
ERR11513016	metagenome	Human	manual	NA	Human	FALSE	NA	NA	NA	NA	Human
ERR11530896	Anser brachyrhynchus	Avian	high	NA	NA	FALSE	NA	NA	NA	NA	Avian
ERR11668155	Homo sapiens	Human	high	NA	NA	FALSE	NA	NA	NA	NA	Human
ERR11668165	Homo sapiens	Human	high	NA	NA	FALSE	NA	NA	NA	NA	Human
ERR11719627	human skin metagenome	Human	medium	NA	NA	FALSE	NA	NA	NA	NA	Human
ERR11785766	Syncerus caffer	Bovine	high	NA	NA	FALSE	NA	NA	NA	NA	Bovine
ERR11785783	Syncerus caffer	Bovine	high	NA	NA	FALSE	NA	NA	NA	NA	Bovine
ERR11835784	eye metagenome	Human	manual	NA	Human	FALSE	NA	NA	NA	NA	Human
ERR11835785	eye metagenome	Human	manual	NA	Human	FALSE	NA	NA	NA	NA	Human
ERR11835786	eye metagenome	Human	manual	NA	Human	FALSE	NA	NA	NA	NA	Human
ERR11835851	eye metagenome	Human	manual	NA	Human	FALSE	NA	NA	NA	NA	Human
ERR11835852	eye metagenome	Human	manual	NA	Human	FALSE	NA	NA	NA	NA	Human
ERR11835853	eye metagenome	Human	manual	NA	Human	FALSE	NA	NA	NA	NA	Human
ERR11835854	eye metagenome	Human	manual	NA	Human	FALSE	NA	NA	NA	NA	Human
ERR11835863	eye metagenome	Human	manual	NA	Human	FALSE	NA	NA	NA	NA	Human
ERR11835864	eye metagenome	Human	manual	NA	Human	FALSE	NA	NA	NA	NA	Human
ERR11835865	eye metagenome	Human	manual	NA	Human	FALSE	NA	NA	NA	NA	Human
ERR11835866	eye metagenome	Human	manual	NA	Human	FALSE	NA	NA	NA	NA	Human
ERR11835887	eye metagenome	Human	manual	NA	Human	FALSE	NA	NA	NA	NA	Human
ERR11835888	eye metagenome	Human	manual	NA	Human	FALSE	NA	NA	NA	NA	Human
ERR11835889	eye metagenome	Human	manual	NA	Human	FALSE	NA	NA	NA	NA	Human
ERR11835890	eye metagenome	Human	manual	NA	Human	FALSE	NA	NA	NA	NA	Human
ERR11835913	eye metagenome	Human	manual	NA	Human	FALSE	NA	NA	NA	NA	Human
ERR11835931	eye metagenome	Human	manual	NA	Human	FALSE	NA	NA	NA	NA	Human
ERR11835932	eye metagenome	Human	manual	NA	Human	FALSE	NA	NA	NA	NA	Human
ERR11835933	eye metagenome	Human	manual	NA	Human	FALSE	NA	NA	NA	NA	Human
ERR11835934	eye metagenome	Human	manual	NA	Human	FALSE	NA	NA	NA	NA	Human
ERR11836006	eye metagenome	Human	manual	NA	Human	FALSE	NA	NA	NA	NA	Human
ERR11836051	eye metagenome	Human	manual	NA	Human	FALSE	NA	NA	NA	NA	Human
ERR11836052	eye metagenome	Human	manual	NA	Human	FALSE	NA	NA	NA	NA	Human
ERR11836053	eye metagenome	Human	manual	NA	Human	FALSE	NA	NA	NA	NA	Human
ERR11836054	eye metagenome	Human	manual	NA	Human	FALSE	NA	NA	NA	NA	Human
ERR11836068	eye metagenome	Human	manual	NA	Human	FALSE	NA	NA	NA	NA	Human
ERR11836069	eye metagenome	Human	manual	NA	Human	FALSE	NA	NA	NA	NA	Human
ERR11836070	eye metagenome	Human	manual	NA	Human	FALSE	NA	NA	NA	NA	Human
ERR11836143	eye metagenome	Human	manual	NA	Human	FALSE	NA	NA	NA	NA	Human
ERR11836145	eye metagenome	Human	manual	NA	Human	FALSE	NA	NA	NA	NA	Human
ERR11836146	eye metagenome	Human	manual	NA	Human	FALSE	NA	NA	NA	NA	Human
ERR1192687	mixed sample	Other	manual	NA	Other	FALSE	NA	NA	NA	NA	Other
ERR1192706	mixed sample	Other	manual	NA	Other	FALSE	NA	NA	NA	NA	Other
ERR1192720	mixed sample	Other	manual	NA	Other	FALSE	NA	NA	NA	NA	Other
ERR1192739	mixed sample	Other	manual	NA	Other	FALSE	NA	NA	NA	NA	Other
ERR1192755	mixed sample	Other	manual	NA	Other	FALSE	NA	NA	NA	NA	Other
ERR12027006	human metagenome	Human	medium	NA	NA	FALSE	NA	NA	NA	NA	Human
ERR12027080	human metagenome	Human	medium	NA	NA	FALSE	NA	NA	NA	NA	Human
ERR12027225	human metagenome	Human	medium	NA	NA	FALSE	NA	NA	NA	NA	Human
ERR12027269	human metagenome	Human	medium	NA	NA	FALSE	NA	NA	NA	NA	Human
ERR12027399	human metagenome	Human	medium	NA	NA	FALSE	NA	NA	NA	NA	Human
ERR12027425	human metagenome	Human	medium	NA	NA	FALSE	NA	NA	NA	NA	Human
ERR12027458	human metagenome	Human	medium	NA	NA	FALSE	NA	NA	NA	NA	Human
ERR12027461	human metagenome	Human	medium	NA	NA	FALSE	NA	NA	NA	NA	Human
ERR12027491	human metagenome	Human	medium	NA	NA	FALSE	NA	NA	NA	NA	Human
ERR12027502	human metagenome	Human	medium	NA	NA	FALSE	NA	NA	NA	NA	Human
ERR12027538	human metagenome	Human	medium	NA	NA	FALSE	NA	NA	NA	NA	Human
ERR12148405	Danio rerio	Ray-finned Fish	high	NA	NA	FALSE	NA	NA	NA	NA	Ray-finned Fish
ERR12160663	human skin metagenome	Human	medium	NA	NA	FALSE	NA	NA	NA	NA	Human
ERR12160692	human skin metagenome	Human	medium	NA	NA	FALSE	NA	NA	NA	NA	Human
ERR12160693	human skin metagenome	Human	medium	NA	NA	FALSE	NA	NA	NA	NA	Human
ERR12160705	human skin metagenome	Human	medium	NA	NA	FALSE	NA	NA	NA	NA	Human
ERR12160727	human skin metagenome	Human	medium	NA	NA	FALSE	NA	NA	NA	NA	Human
ERR12160728	human skin metagenome	Human	medium	NA	NA	FALSE	NA	NA	NA	NA	Human
ERR12160741	human skin metagenome	Human	medium	NA	NA	FALSE	NA	NA	NA	NA	Human
ERR12160742	human skin metagenome	Human	medium	NA	NA	FALSE	NA	NA	NA	NA	Human
ERR12160749	human skin metagenome	Human	medium	NA	NA	FALSE	NA	NA	NA	NA	Human
ERR12160750	human skin metagenome	Human	medium	NA	NA	FALSE	NA	NA	NA	NA	Human
ERR12160764	human skin metagenome	Human	medium	NA	NA	FALSE	NA	NA	NA	NA	Human
ERR12160800	human skin metagenome	Human	medium	NA	NA	FALSE	NA	NA	NA	NA	Human
ERR12160807	human skin metagenome	Human	medium	NA	NA	FALSE	NA	NA	NA	NA	Human
ERR12161546	human saliva metagenome	Human	medium	NA	NA	FALSE	NA	NA	NA	NA	Human
ERR1301447	viral metagenome	Bat	manual	NA	Bat	FALSE	NA	NA	NA	NA	Bat
ERR1301474	viral metagenome	Bat	manual	NA	Bat	FALSE	NA	NA	NA	NA	Bat
ERR1301521	viral metagenome	Bat	manual	NA	Bat	FALSE	NA	NA	NA	NA	Bat
ERR1301530	viral metagenome	Bat	manual	NA	Bat	FALSE	NA	NA	NA	NA	Bat
ERR1301537	viral metagenome	Bat	manual	NA	Bat	FALSE	NA	NA	NA	NA	Bat
ERR1301610	viral metagenome	Bat	manual	NA	Bat	FALSE	NA	NA	NA	NA	Bat
ERR1301619	viral metagenome	Bat	manual	NA	Bat	FALSE	NA	NA	NA	NA	Bat
ERR1301851	viral metagenome	Bat	manual	NA	Bat	FALSE	NA	NA	NA	NA	Bat
ERR1301936	viral metagenome	Bat	manual	NA	Bat	FALSE	NA	NA	NA	NA	Bat
ERR1301973	viral metagenome	Bat	manual	NA	Bat	FALSE	NA	NA	NA	NA	Bat
ERR1302043	viral metagenome	Bat	manual	NA	Bat	FALSE	NA	NA	NA	NA	Bat
ERR1332584	metagenome	Metagenome	manual	NA	Metagenome	FALSE	NA	NA	NA	NA	Metagenome
ERR1332587	metagenome	Metagenome	manual	NA	Metagenome	FALSE	NA	NA	NA	NA	Metagenome
ERR1332589	metagenome	Metagenome	manual	NA	Metagenome	FALSE	NA	NA	NA	NA	Metagenome
ERR1332590	metagenome	Metagenome	manual	NA	Metagenome	FALSE	NA	NA	NA	NA	Metagenome
ERR1332591	metagenome	Metagenome	manual	NA	Metagenome	FALSE	NA	NA	NA	NA	Metagenome
ERR1332593	metagenome	Metagenome	manual	NA	Metagenome	FALSE	NA	NA	NA	NA	Metagenome
ERR1332594	metagenome	Metagenome	manual	NA	Metagenome	FALSE	NA	NA	NA	NA	Metagenome
ERR1332595	metagenome	Metagenome	manual	NA	Metagenome	FALSE	NA	NA	NA	NA	Metagenome
ERR1332596	metagenome	Metagenome	manual	NA	Metagenome	FALSE	NA	NA	NA	NA	Metagenome
ERR1332597	metagenome	Metagenome	manual	NA	Metagenome	FALSE	NA	NA	NA	NA	Metagenome
ERR1332598	metagenome	Metagenome	manual	NA	Metagenome	FALSE	NA	NA	NA	NA	Metagenome
ERR1332599	metagenome	Metagenome	manual	NA	Metagenome	FALSE	NA	NA	NA	NA	Metagenome
ERR1332600	metagenome	Metagenome	manual	NA	Metagenome	FALSE	NA	NA	NA	NA	Metagenome
ERR1332601	metagenome	Metagenome	manual	NA	Metagenome	FALSE	NA	NA	NA	NA	Metagenome
ERR1332602	metagenome	Metagenome	manual	NA	Metagenome	FALSE	NA	NA	NA	NA	Metagenome
ERR1332603	metagenome	Metagenome	manual	NA	Metagenome	FALSE	NA	NA	NA	NA	Metagenome
ERR1332604	metagenome	Metagenome	manual	NA	Metagenome	FALSE	NA	NA	NA	NA	Metagenome
ERR1332605	metagenome	Metagenome	manual	NA	Metagenome	FALSE	NA	NA	NA	NA	Metagenome
ERR1332606	metagenome	Metagenome	manual	NA	Metagenome	FALSE	NA	NA	NA	NA	Metagenome
ERR1332607	metagenome	Metagenome	manual	NA	Metagenome	FALSE	NA	NA	NA	NA	Metagenome
ERR1332609	metagenome	Metagenome	manual	NA	Metagenome	FALSE	NA	NA	NA	NA	Metagenome
ERR1332615	metagenome	Metagenome	manual	NA	Metagenome	FALSE	NA	NA	NA	NA	Metagenome
ERR1332636	metagenome	Metagenome	manual	NA	Metagenome	FALSE	NA	NA	NA	NA	Metagenome
ERR1363905	unidentified	Metagenome	manual	NA	Metagenome	FALSE	NA	NA	NA	NA	Metagenome
ERR1363909	unidentified	Metagenome	manual	NA	Metagenome	FALSE	NA	NA	NA	NA	Metagenome
ERR1363918	unidentified	Metagenome	manual	NA	Metagenome	FALSE	NA	NA	NA	NA	Metagenome
ERR1363919	unidentified	Metagenome	manual	NA	Metagenome	FALSE	NA	NA	NA	NA	Metagenome
ERR1363925	unidentified	Metagenome	manual	NA	Metagenome	FALSE	NA	NA	NA	NA	Metagenome
ERR1363928	unidentified	Metagenome	manual	NA	Metagenome	FALSE	NA	NA	NA	NA	Metagenome
ERR1363931	unidentified	Metagenome	manual	NA	Metagenome	FALSE	NA	NA	NA	NA	Metagenome
ERR1363934	unidentified	Metagenome	manual	NA	Metagenome	FALSE	NA	NA	NA	NA	Metagenome
ERR1363939	unidentified	Metagenome	manual	NA	Metagenome	FALSE	NA	NA	NA	NA	Metagenome
ERR1363941	unidentified	Metagenome	manual	NA	Metagenome	FALSE	NA	NA	NA	NA	Metagenome
ERR1363942	unidentified	Metagenome	manual	NA	Metagenome	FALSE	NA	NA	NA	NA	Metagenome
ERR1363951	unidentified	Metagenome	manual	NA	Metagenome	FALSE	NA	NA	NA	NA	Metagenome
ERR1395588	Homo sapiens	Human	high	NA	NA	FALSE	NA	NA	NA	NA	Human
ERR2654739	Anopheles gambiae	Other	low	NA	NA	TRUE	NA	NA	NA	NA	Other
ERR2654740	Anopheles gambiae	Other	low	NA	NA	TRUE	NA	NA	NA	NA	Other
ERR2654741	Anopheles gambiae	Other	low	NA	NA	TRUE	NA	NA	NA	NA	Other
ERR2654742	Anopheles gambiae	Other	low	NA	NA	TRUE	NA	NA	NA	NA	Other
ERR2654743	Anopheles gambiae	Other	low	NA	NA	TRUE	NA	NA	NA	NA	Other
ERR1473049	Homo sapiens	Human	high	NA	NA	FALSE	NA	NA	NA	NA	Human
ERR2654744	Anopheles gambiae	Other	low	NA	NA	TRUE	NA	NA	NA	NA	Other
ERR1518313	Homo sapiens	Human	high	NA	NA	FALSE	NA	NA	NA	NA	Human
ERR1641158	Mus musculus	Rodent	high	NA	NA	FALSE	NA	NA	NA	NA	Rodent
ERR164556	Homo sapiens	Human	high	NA	NA	FALSE	NA	NA	NA	NA	Human
ERR2654745	Anopheles gambiae	Other	low	NA	NA	TRUE	NA	NA	NA	NA	Other
ERR2655727	Anopheles gambiae	Other	low	NA	NA	TRUE	NA	NA	NA	NA	Other
ERR2655728	Anopheles gambiae	Other	low	NA	NA	TRUE	NA	NA	NA	NA	Other
ERR2655729	Anopheles gambiae	Other	low	NA	NA	TRUE	NA	NA	NA	NA	Other
ERR2655730	Anopheles gambiae	Other	low	NA	NA	TRUE	NA	NA	NA	NA	Other
ERR1659262	Mus musculus	Rodent	high	NA	NA	FALSE	NA	NA	NA	NA	Rodent
ERR1659290	Mus musculus	Rodent	high	NA	NA	FALSE	NA	NA	NA	NA	Rodent
ERR1659318	Mus musculus	Rodent	high	NA	NA	FALSE	NA	NA	NA	NA	Rodent
ERR1659346	Mus musculus	Rodent	high	NA	NA	FALSE	NA	NA	NA	NA	Rodent
ERR1659374	Mus musculus	Rodent	high	NA	NA	FALSE	NA	NA	NA	NA	Rodent
ERR1659402	Mus musculus	Rodent	high	NA	NA	FALSE	NA	NA	NA	NA	Rodent
ERR1659874	Gadus morhua	Ray-finned Fish	high	NA	NA	FALSE	NA	NA	NA	NA	Ray-finned Fish
ERR1659898	Gadus morhua	Ray-finned Fish	high	NA	NA	FALSE	NA	NA	NA	NA	Ray-finned Fish
ERR1659899	Gadus morhua	Ray-finned Fish	high	NA	NA	FALSE	NA	NA	NA	NA	Ray-finned Fish
ERR1713411	wastewater metagenome	Metagenome	manual	NA	Metagenome	FALSE	NA	NA	NA	NA	Metagenome
ERR1715606	Mus musculus	Rodent	high	NA	NA	FALSE	NA	NA	NA	NA	Rodent
ERR1726032	wastewater metagenome	Metagenome	manual	NA	Metagenome	FALSE	NA	NA	NA	NA	Metagenome
ERR1726033	wastewater metagenome	Metagenome	manual	NA	Metagenome	FALSE	NA	NA	NA	NA	Metagenome
ERR1726035	wastewater metagenome	Metagenome	manual	NA	Metagenome	FALSE	NA	NA	NA	NA	Metagenome
ERR2655731	Anopheles gambiae	Other	low	NA	NA	TRUE	NA	NA	NA	NA	Other
ERR2655732	Anopheles gambiae	Other	low	NA	NA	TRUE	NA	NA	NA	NA	Other
ERR2655733	Anopheles gambiae	Other	low	NA	NA	TRUE	NA	NA	NA	NA	Other
ERR2655734	Anopheles gambiae	Other	low	NA	NA	TRUE	NA	NA	NA	NA	Other
ERR2655735	Anopheles gambiae	Other	low	NA	NA	TRUE	NA	NA	NA	NA	Other
ERR2655736	Anopheles gambiae	Other	low	NA	NA	TRUE	NA	NA	NA	NA	Other
ERR2655737	Anopheles gambiae	Other	low	NA	NA	TRUE	NA	NA	NA	NA	Other
ERR2655738	Anopheles gambiae	Other	low	NA	NA	TRUE	NA	NA	NA	NA	Other
ERR1788733	unidentified	Metagenome	manual	NA	Metagenome	FALSE	NA	NA	NA	NA	Metagenome
ERR1791718	human metagenome	Human	medium	NA	NA	FALSE	NA	NA	NA	NA	Human
ERR1791719	human metagenome	Human	medium	NA	NA	FALSE	NA	NA	NA	NA	Human
ERR1791720	human metagenome	Human	medium	NA	NA	FALSE	NA	NA	NA	NA	Human
ERR1791725	human metagenome	Human	medium	NA	NA	FALSE	NA	NA	NA	NA	Human
ERR1791728	human metagenome	Human	medium	NA	NA	FALSE	NA	NA	NA	NA	Human
ERR1822000	human metagenome	Human	medium	NA	NA	FALSE	NA	NA	NA	NA	Human
ERR1822004	human metagenome	Human	medium	NA	NA	FALSE	NA	NA	NA	NA	Human
ERR2655739	Anopheles gambiae	Other	low	NA	NA	TRUE	NA	NA	NA	NA	Other
ERR2655740	Anopheles gambiae	Other	low	NA	NA	TRUE	NA	NA	NA	NA	Other
ERR1924594	rat gut metagenome	Rodent	medium	NA	NA	FALSE	NA	NA	NA	NA	Rodent
ERR1938093	rat gut metagenome	Rodent	medium	NA	NA	FALSE	NA	NA	NA	NA	Rodent
ERR1938094	rat gut metagenome	Rodent	medium	NA	NA	FALSE	NA	NA	NA	NA	Rodent
ERR2655741	Anopheles gambiae	Other	low	NA	NA	TRUE	NA	NA	NA	NA	Other
ERR2655742	Anopheles gambiae	Other	low	NA	NA	TRUE	NA	NA	NA	NA	Other
ERR2655743	Anopheles gambiae	Other	low	NA	NA	TRUE	NA	NA	NA	NA	Other
ERR2655744	Anopheles gambiae	Other	low	NA	NA	TRUE	NA	NA	NA	NA	Other
ERR2656728	Anopheles gambiae	Other	low	NA	NA	TRUE	NA	NA	NA	NA	Other
ERR2656729	Anopheles gambiae	Other	low	NA	NA	TRUE	NA	NA	NA	NA	Other
ERR2656730	Anopheles gambiae	Other	low	NA	NA	TRUE	NA	NA	NA	NA	Other
ERR2656731	Anopheles gambiae	Other	low	NA	NA	TRUE	NA	NA	NA	NA	Other
ERR2656732	Anopheles gambiae	Other	low	NA	NA	TRUE	NA	NA	NA	NA	Other
ERR2656733	Anopheles gambiae	Other	low	NA	NA	TRUE	NA	NA	NA	NA	Other
ERR2656734	Anopheles gambiae	Other	low	NA	NA	TRUE	NA	NA	NA	NA	Other
ERR2656735	Anopheles gambiae	Other	low	NA	NA	TRUE	NA	NA	NA	NA	Other
ERR2656736	Anopheles gambiae	Other	low	NA	NA	TRUE	NA	NA	NA	NA	Other
ERR2656737	Anopheles gambiae	Other	low	NA	NA	TRUE	NA	NA	NA	NA	Other
ERR2656738	Anopheles gambiae	Other	low	NA	NA	TRUE	NA	NA	NA	NA	Other
ERR2656739	Anopheles gambiae	Other	low	NA	NA	TRUE	NA	NA	NA	NA	Other
ERR2656740	Anopheles gambiae	Other	low	NA	NA	TRUE	NA	NA	NA	NA	Other
ERR1942517	rat gut metagenome	Rodent	medium	NA	NA	FALSE	NA	NA	NA	NA	Rodent
ERR1942518	rat gut metagenome	Rodent	medium	NA	NA	FALSE	NA	NA	NA	NA	Rodent
ERR1943579	Gadus morhua	Ray-finned Fish	high	NA	NA	FALSE	NA	NA	NA	NA	Ray-finned Fish
ERR1971044	Homo sapiens	Human	high	NA	NA	FALSE	NA	NA	NA	NA	Human
ERR198829	Eidolon helvum	Bat	high	NA	NA	FALSE	NA	NA	NA	NA	Bat
ERR1992807	synthetic metagenome	Other	manual	NA	Other	FALSE	NA	NA	NA	NA	Other
ERR1992808	synthetic metagenome	Other	manual	NA	Other	FALSE	NA	NA	NA	NA	Other
ERR1992809	synthetic metagenome	Other	manual	NA	Other	FALSE	NA	NA	NA	NA	Other
ERR2014384	metagenome	Human	manual	NA	Human	FALSE	NA	NA	NA	NA	Human
ERR2014385	metagenome	Human	manual	NA	Human	FALSE	NA	NA	NA	NA	Human
ERR2059953	Mus musculus	Rodent	high	NA	NA	FALSE	NA	NA	NA	NA	Rodent
ERR2059962	Mus musculus	Rodent	high	NA	NA	FALSE	NA	NA	NA	NA	Rodent
ERR2094837	Canis lupus familiaris	Canine	high	NA	NA	FALSE	NA	NA	NA	NA	Canine
ERR2656741	Anopheles gambiae	Other	low	NA	NA	TRUE	NA	NA	NA	NA	Other
ERR2162406	Homo sapiens	Human	high	NA	NA	FALSE	NA	NA	NA	NA	Human
ERR2185279	synthetic metagenome	Other	manual	NA	Other	FALSE	NA	NA	NA	NA	Other
ERR2656743	Anopheles gambiae	Other	low	NA	NA	TRUE	NA	NA	NA	NA	Other
ERR2244516	human reproductive system metagenome	Human	medium	NA	NA	FALSE	NA	NA	NA	NA	Human
ERR2244563	human reproductive system metagenome	Human	medium	NA	NA	FALSE	NA	NA	NA	NA	Human
ERR2244564	human reproductive system metagenome	Human	medium	NA	NA	FALSE	NA	NA	NA	NA	Human
ERR2274877	Homo sapiens	Human	high	NA	NA	FALSE	NA	NA	NA	NA	Human
ERR233428	unidentified	Other	manual	NA	Other	FALSE	NA	NA	NA	NA	Other
ERR2656744	Anopheles gambiae	Other	low	NA	NA	TRUE	NA	NA	NA	NA	Other
ERR2402851	Gadus morhua	Ray-finned Fish	high	NA	NA	FALSE	NA	NA	NA	NA	Ray-finned Fish
ERR2402890	Gadus morhua	Ray-finned Fish	high	NA	NA	FALSE	NA	NA	NA	NA	Ray-finned Fish
ERR2402892	Gadus morhua	Ray-finned Fish	high	NA	NA	FALSE	NA	NA	NA	NA	Ray-finned Fish
ERR2486109	metagenome	Other	manual	NA	Other	FALSE	NA	NA	NA	NA	Other
ERR2656745	Anopheles gambiae	Other	low	NA	NA	TRUE	NA	NA	NA	NA	Other
ERR2656746	Anopheles gambiae	Other	low	NA	NA	TRUE	NA	NA	NA	NA	Other
ERR2690525	Anopheles gambiae	Other	low	NA	NA	TRUE	NA	NA	NA	NA	Other
ERR2534944	Homo sapiens	Human	high	NA	NA	FALSE	NA	NA	NA	NA	Human
ERR2534945	Homo sapiens	Human	high	NA	NA	FALSE	NA	NA	NA	NA	Human
ERR2534981	Homo sapiens	Human	high	NA	NA	FALSE	NA	NA	NA	NA	Human
ERR2535009	Homo sapiens	Human	high	NA	NA	FALSE	NA	NA	NA	NA	Human
ERR2535019	Homo sapiens	Human	high	NA	NA	FALSE	NA	NA	NA	NA	Human
ERR2535021	Homo sapiens	Human	high	NA	NA	FALSE	NA	NA	NA	NA	Human
ERR2535035	Homo sapiens	Human	high	NA	NA	FALSE	NA	NA	NA	NA	Human
ERR2535037	Homo sapiens	Human	high	NA	NA	FALSE	NA	NA	NA	NA	Human
ERR2535145	Homo sapiens	Human	high	NA	NA	FALSE	NA	NA	NA	NA	Human
ERR2535153	Homo sapiens	Human	high	NA	NA	FALSE	NA	NA	NA	NA	Human
ERR2535161	Homo sapiens	Human	high	NA	NA	FALSE	NA	NA	NA	NA	Human
ERR2535171	Homo sapiens	Human	high	NA	NA	FALSE	NA	NA	NA	NA	Human
ERR2538355	skin metagenome	Human	manual	NA	Human	FALSE	NA	NA	NA	NA	Human
ERR2538362	skin metagenome	Human	manual	NA	Human	FALSE	NA	NA	NA	NA	Human
ERR2538374	skin metagenome	Human	manual	NA	Human	FALSE	NA	NA	NA	NA	Human
ERR2538390	skin metagenome	Human	manual	NA	Human	FALSE	NA	NA	NA	NA	Human
ERR2538395	skin metagenome	Human	manual	NA	Human	FALSE	NA	NA	NA	NA	Human
ERR2538405	skin metagenome	Human	manual	NA	Human	FALSE	NA	NA	NA	NA	Human
ERR2538418	skin metagenome	Human	manual	NA	Human	FALSE	NA	NA	NA	NA	Human
ERR2538419	skin metagenome	Human	manual	NA	Human	FALSE	NA	NA	NA	NA	Human
ERR2538431	skin metagenome	Human	manual	NA	Human	FALSE	NA	NA	NA	NA	Human
ERR2538448	skin metagenome	Human	manual	NA	Human	FALSE	NA	NA	NA	NA	Human
ERR2538455	skin metagenome	Human	manual	NA	Human	FALSE	NA	NA	NA	NA	Human
ERR2538463	skin metagenome	Human	manual	NA	Human	FALSE	NA	NA	NA	NA	Human
ERR2538465	skin metagenome	Human	manual	NA	Human	FALSE	NA	NA	NA	NA	Human
ERR2538466	skin metagenome	Human	manual	NA	Human	FALSE	NA	NA	NA	NA	Human
ERR2538470	skin metagenome	Human	manual	NA	Human	FALSE	NA	NA	NA	NA	Human
ERR2538474	skin metagenome	Human	manual	NA	Human	FALSE	NA	NA	NA	NA	Human
ERR2538475	skin metagenome	Human	manual	NA	Human	FALSE	NA	NA	NA	NA	Human
ERR2538476	skin metagenome	Human	manual	NA	Human	FALSE	NA	NA	NA	NA	Human
ERR2538478	skin metagenome	Human	manual	NA	Human	FALSE	NA	NA	NA	NA	Human
ERR2538483	skin metagenome	Human	manual	NA	Human	FALSE	NA	NA	NA	NA	Human
ERR2538485	skin metagenome	Human	manual	NA	Human	FALSE	NA	NA	NA	NA	Human
ERR2538488	skin metagenome	Human	manual	NA	Human	FALSE	NA	NA	NA	NA	Human
ERR2538491	skin metagenome	Human	manual	NA	Human	FALSE	NA	NA	NA	NA	Human
ERR2538492	skin metagenome	Human	manual	NA	Human	FALSE	NA	NA	NA	NA	Human
ERR2538498	skin metagenome	Human	manual	NA	Human	FALSE	NA	NA	NA	NA	Human
ERR2538499	skin metagenome	Human	manual	NA	Human	FALSE	NA	NA	NA	NA	Human
ERR2538500	skin metagenome	Human	manual	NA	Human	FALSE	NA	NA	NA	NA	Human
ERR2538507	skin metagenome	Human	manual	NA	Human	FALSE	NA	NA	NA	NA	Human
ERR2538517	skin metagenome	Human	manual	NA	Human	FALSE	NA	NA	NA	NA	Human
ERR2538518	skin metagenome	Human	manual	NA	Human	FALSE	NA	NA	NA	NA	Human
ERR2538521	skin metagenome	Human	manual	NA	Human	FALSE	NA	NA	NA	NA	Human
ERR2538524	skin metagenome	Human	manual	NA	Human	FALSE	NA	NA	NA	NA	Human
ERR2538525	skin metagenome	Human	manual	NA	Human	FALSE	NA	NA	NA	NA	Human
ERR2592283	wastewater metagenome	Metagenome	manual	NA	Metagenome	FALSE	NA	NA	NA	NA	Metagenome
ERR2607598	wastewater metagenome	Metagenome	manual	NA	Metagenome	FALSE	NA	NA	NA	NA	Metagenome
ERR2607599	wastewater metagenome	Metagenome	manual	NA	Metagenome	FALSE	NA	NA	NA	NA	Metagenome
ERR2607602	wastewater metagenome	Metagenome	manual	NA	Metagenome	FALSE	NA	NA	NA	NA	Metagenome
ERR2695039	Anopheles gambiae	Other	low	NA	NA	TRUE	NA	NA	NA	NA	Other
ERR971002	Anopheles gambiae	Other	low	NA	NA	TRUE	NA	NA	NA	NA	Other
ERR971003	Anopheles gambiae	Other	low	NA	NA	TRUE	NA	NA	NA	NA	Other
ERR984199	Anopheles gambiae	Other	low	NA	NA	TRUE	NA	NA	NA	NA	Other
ERR984200	Anopheles gambiae	Other	low	NA	NA	TRUE	NA	NA	NA	NA	Other
ERR984212	Anopheles gambiae	Other	low	NA	NA	TRUE	NA	NA	NA	NA	Other
ERR984213	Anopheles gambiae	Other	low	NA	NA	TRUE	NA	NA	NA	NA	Other
SRR16695296	Aphelinus atriplicis	Other	low	NA	NA	TRUE	NA	NA	NA	NA	Other
SRR13900598	Arabidopsis	Other	low	NA	NA	TRUE	NA	NA	NA	NA	Other
DRR168274	Arabidopsis thaliana	Other	low	NA	NA	TRUE	NA	NA	NA	NA	Other
DRR168284	Arabidopsis thaliana	Other	low	NA	NA	TRUE	NA	NA	NA	NA	Other
SRR12229335	Arabidopsis thaliana	Other	low	NA	NA	TRUE	NA	NA	NA	NA	Other
SRR12820632	Arabidopsis thaliana	Other	low	NA	NA	TRUE	NA	NA	NA	NA	Other
SRR12820633	Arabidopsis thaliana	Other	low	NA	NA	TRUE	NA	NA	NA	NA	Other
SRR12820634	Arabidopsis thaliana	Other	low	NA	NA	TRUE	NA	NA	NA	NA	Other
SRR12820635	Arabidopsis thaliana	Other	low	NA	NA	TRUE	NA	NA	NA	NA	Other
SRR12820636	Arabidopsis thaliana	Other	low	NA	NA	TRUE	NA	NA	NA	NA	Other
SRR12820637	Arabidopsis thaliana	Other	low	NA	NA	TRUE	NA	NA	NA	NA	Other
SRR22574286	Arabidopsis thaliana	Other	low	NA	NA	TRUE	NA	NA	NA	NA	Other
SRR6208904	Arabidopsis thaliana	Other	low	NA	NA	TRUE	NA	NA	NA	NA	Other
SRR7186650	Arabidopsis thaliana	Other	low	NA	NA	TRUE	NA	NA	NA	NA	Other
SRR13957609	Arachis hypogaea var. hypogaea	Other	low	NA	NA	TRUE	NA	NA	NA	NA	Other
SRR3081487	Arceuthobium sichuanense	Other	low	NA	NA	TRUE	NA	NA	NA	NA	Other
SRR3081488	Arceuthobium sichuanense	Other	low	NA	NA	TRUE	NA	NA	NA	NA	Other
SRR3081489	Arceuthobium sichuanense	Other	low	NA	NA	TRUE	NA	NA	NA	NA	Other
SRR3081490	Arceuthobium sichuanense	Other	low	NA	NA	TRUE	NA	NA	NA	NA	Other
SRR10176978	Asparagus setaceus	Other	low	NA	NA	TRUE	NA	NA	NA	NA	Other
SRR14877799	Aspergillus flavus	Other	low	NA	NA	TRUE	NA	NA	NA	NA	Other
SRR24199649	Aspergillus fumigatus	Other	low	NA	NA	TRUE	NA	NA	NA	NA	Other
SRR24199650	Aspergillus fumigatus	Other	low	NA	NA	TRUE	NA	NA	NA	NA	Other
ERR4153557	Bemisia tabaci	Other	low	NA	NA	TRUE	NA	NA	NA	NA	Other
DRR336006	Bombyx mori	Other	low	NA	NA	TRUE	NA	NA	NA	NA	Other
DRR336008	Bombyx mori	Other	low	NA	NA	TRUE	NA	NA	NA	NA	Other
DRR336009	Bombyx mori	Other	low	NA	NA	TRUE	NA	NA	NA	NA	Other
DRR336011	Bombyx mori	Other	low	NA	NA	TRUE	NA	NA	NA	NA	Other
SRR21774802	Brassica napus	Other	low	NA	NA	TRUE	NA	NA	NA	NA	Other
SRR6856371	Brassica napus	Other	low	NA	NA	TRUE	NA	NA	NA	NA	Other
SRR11873518	Broussonetia papyrifera	Other	low	NA	NA	TRUE	NA	NA	NA	NA	Other
SRR21149055	Broussonetia papyrifera	Other	low	NA	NA	TRUE	NA	NA	NA	NA	Other
SRR21149091	Broussonetia papyrifera	Other	low	NA	NA	TRUE	NA	NA	NA	NA	Other
SRR7609502	Burchellia circumcincta	Other	low	NA	NA	TRUE	NA	NA	NA	NA	Other
SRR23942267	Caenorhabditis elegans	Other	low	NA	NA	TRUE	NA	NA	NA	NA	Other
SRR21788889	Cales noacki	Other	low	NA	NA	TRUE	NA	NA	NA	NA	Other
SRR7124933	Cambarus tenebrosus	Other	low	NA	NA	TRUE	NA	NA	NA	NA	Other
SRR13012213	Candida albicans	Other	low	NA	NA	TRUE	NA	NA	NA	NA	Other
SRR16970971	Cercis gigantea (nom. inval.)	Other	low	NA	NA	TRUE	NA	NA	NA	NA	Other
SRR12966176	Cercospora beticola	Other	low	NA	NA	TRUE	NA	NA	NA	NA	Other
SRR12966177	Cercospora beticola	Other	low	NA	NA	TRUE	NA	NA	NA	NA	Other
SRR12966178	Cercospora beticola	Other	low	NA	NA	TRUE	NA	NA	NA	NA	Other
SRR12966180	Cercospora beticola	Other	low	NA	NA	TRUE	NA	NA	NA	NA	Other
SRR12966181	Cercospora beticola	Other	low	NA	NA	TRUE	NA	NA	NA	NA	Other
SRR12966182	Cercospora beticola	Other	low	NA	NA	TRUE	NA	NA	NA	NA	Other
ERR361035	Chlamydia sp.	Other	low	NA	NA	TRUE	NA	NA	NA	NA	Other
ERR361038	Chlamydia sp.	Other	low	NA	NA	TRUE	NA	NA	NA	NA	Other
ERR361041	Chlamydia sp.	Other	low	NA	NA	TRUE	NA	NA	NA	NA	Other
ERR108305	Chlamydia trachomatis	Other	low	NA	NA	TRUE	NA	NA	NA	NA	Other
ERR2696419	synthetic metagenome	Metagenome	manual	NA	Metagenome	FALSE	NA	NA	NA	NA	Metagenome
ERR2696420	synthetic metagenome	Metagenome	manual	NA	Metagenome	FALSE	NA	NA	NA	NA	Metagenome
ERR2734949	Bos taurus	Bovine	high	NA	NA	FALSE	NA	NA	NA	NA	Bovine
ERR140752	Chlamydia trachomatis	Other	low	NA	NA	TRUE	NA	NA	NA	NA	Other
ERR2756792	Desmodus rotundus	Bat	high	NA	NA	FALSE	NA	NA	NA	NA	Bat
ERR140767	Chlamydia trachomatis	Other	low	NA	NA	TRUE	NA	NA	NA	NA	Other
ERR2789320	human metagenome	Human	medium	NA	NA	FALSE	NA	NA	NA	NA	Human
ERR2789322	human metagenome	Human	medium	NA	NA	FALSE	NA	NA	NA	NA	Human
ERR2812042	Human papillomavirus	Human	medium	NA	NA	FALSE	NA	NA	NA	NA	Human
ERR2812043	Human papillomavirus	Human	medium	NA	NA	FALSE	NA	NA	NA	NA	Human
ERR2812056	Human papillomavirus	Human	medium	NA	NA	FALSE	NA	NA	NA	NA	Human
ERR2812057	Human papillomavirus	Human	medium	NA	NA	FALSE	NA	NA	NA	NA	Human
ERR2812058	Human papillomavirus	Human	medium	NA	NA	FALSE	NA	NA	NA	NA	Human
ERR2812060	Human papillomavirus	Human	medium	NA	NA	FALSE	NA	NA	NA	NA	Human
ERR2812061	Human papillomavirus	Human	medium	NA	NA	FALSE	NA	NA	NA	NA	Human
ERR2812063	Human papillomavirus	Human	medium	NA	NA	FALSE	NA	NA	NA	NA	Human
ERR2812071	Human papillomavirus	Human	medium	NA	NA	FALSE	NA	NA	NA	NA	Human
ERR2812074	Human papillomavirus	Human	medium	NA	NA	FALSE	NA	NA	NA	NA	Human
ERR2850471	Gadus morhua	Ray-finned Fish	high	NA	NA	FALSE	NA	NA	NA	NA	Ray-finned Fish
ERR2850639	Gadus morhua	Ray-finned Fish	high	NA	NA	FALSE	NA	NA	NA	NA	Ray-finned Fish
ERR2850679	Gadus morhua	Ray-finned Fish	high	NA	NA	FALSE	NA	NA	NA	NA	Ray-finned Fish
ERR2850693	Gadus morhua	Ray-finned Fish	high	NA	NA	FALSE	NA	NA	NA	NA	Ray-finned Fish
ERR2850701	Gadus morhua	Ray-finned Fish	high	NA	NA	FALSE	NA	NA	NA	NA	Ray-finned Fish
ERR2867995	viral metagenome	Human	manual	NA	Human	FALSE	NA	NA	NA	NA	Human
ERR2985417	Bos taurus	Bovine	high	NA	NA	FALSE	NA	NA	NA	NA	Bovine
ERR3163083	Human papillomavirus 16	Human	medium	NA	NA	FALSE	NA	NA	NA	NA	Human
ERR3163097	Human papillomavirus 16	Human	medium	NA	NA	FALSE	NA	NA	NA	NA	Human
ERR3163103	Human papillomavirus 16	Human	medium	NA	NA	FALSE	NA	NA	NA	NA	Human
ERR3163115	Human papillomavirus 16	Human	medium	NA	NA	FALSE	NA	NA	NA	NA	Human
ERR3163141	Human papillomavirus 16	Human	medium	NA	NA	FALSE	NA	NA	NA	NA	Human
ERR3163150	Human papillomavirus 16	Human	medium	NA	NA	FALSE	NA	NA	NA	NA	Human
ERR3163151	Human papillomavirus 16	Human	medium	NA	NA	FALSE	NA	NA	NA	NA	Human
ERR3163159	Human papillomavirus 16	Human	medium	NA	NA	FALSE	NA	NA	NA	NA	Human
ERR140782	Chlamydia trachomatis	Other	low	NA	NA	TRUE	NA	NA	NA	NA	Other
ERR140789	Chlamydia trachomatis	Other	low	NA	NA	TRUE	NA	NA	NA	NA	Other
ERR140792	Chlamydia trachomatis	Other	low	NA	NA	TRUE	NA	NA	NA	NA	Other
ERR164659	Chlamydia trachomatis	Other	low	NA	NA	TRUE	NA	NA	NA	NA	Other
ERR164661	Chlamydia trachomatis	Other	low	NA	NA	TRUE	NA	NA	NA	NA	Other
ERR164662	Chlamydia trachomatis	Other	low	NA	NA	TRUE	NA	NA	NA	NA	Other
ERR164663	Chlamydia trachomatis	Other	low	NA	NA	TRUE	NA	NA	NA	NA	Other
ERR164664	Chlamydia trachomatis	Other	low	NA	NA	TRUE	NA	NA	NA	NA	Other
ERR175617	Chlamydia trachomatis	Other	low	NA	NA	TRUE	NA	NA	NA	NA	Other
ERR175618	Chlamydia trachomatis	Other	low	NA	NA	TRUE	NA	NA	NA	NA	Other
ERR175620	Chlamydia trachomatis	Other	low	NA	NA	TRUE	NA	NA	NA	NA	Other
ERR175626	Chlamydia trachomatis	Other	low	NA	NA	TRUE	NA	NA	NA	NA	Other
ERR175638	Chlamydia trachomatis	Other	low	NA	NA	TRUE	NA	NA	NA	NA	Other
ERR175645	Chlamydia trachomatis	Other	low	NA	NA	TRUE	NA	NA	NA	NA	Other
ERR189740	Chlamydia trachomatis	Other	low	NA	NA	TRUE	NA	NA	NA	NA	Other
ERR189741	Chlamydia trachomatis	Other	low	NA	NA	TRUE	NA	NA	NA	NA	Other
ERR3209762	metagenome	Metagenome	manual	NA	Metagenome	FALSE	NA	NA	NA	NA	Metagenome
ERR3209763	metagenome	Metagenome	manual	NA	Metagenome	FALSE	NA	NA	NA	NA	Metagenome
ERR3209766	metagenome	Metagenome	manual	NA	Metagenome	FALSE	NA	NA	NA	NA	Metagenome
ERR3209767	metagenome	Metagenome	manual	NA	Metagenome	FALSE	NA	NA	NA	NA	Metagenome
ERR3209772	metagenome	Metagenome	manual	NA	Metagenome	FALSE	NA	NA	NA	NA	Metagenome
ERR3209775	metagenome	Metagenome	manual	NA	Metagenome	FALSE	NA	NA	NA	NA	Metagenome
ERR3209778	metagenome	Metagenome	manual	NA	Metagenome	FALSE	NA	NA	NA	NA	Metagenome
ERR3209780	metagenome	Metagenome	manual	NA	Metagenome	FALSE	NA	NA	NA	NA	Metagenome
ERR3209788	metagenome	Metagenome	manual	NA	Metagenome	FALSE	NA	NA	NA	NA	Metagenome
ERR3209793	metagenome	Metagenome	manual	NA	Metagenome	FALSE	NA	NA	NA	NA	Metagenome
ERR3209794	metagenome	Metagenome	manual	NA	Metagenome	FALSE	NA	NA	NA	NA	Metagenome
ERR3209795	metagenome	Metagenome	manual	NA	Metagenome	FALSE	NA	NA	NA	NA	Metagenome
ERR3209796	metagenome	Metagenome	manual	NA	Metagenome	FALSE	NA	NA	NA	NA	Metagenome
ERR3209800	metagenome	Metagenome	manual	NA	Metagenome	FALSE	NA	NA	NA	NA	Metagenome
ERR3209801	metagenome	Metagenome	manual	NA	Metagenome	FALSE	NA	NA	NA	NA	Metagenome
ERR3209810	metagenome	Metagenome	manual	NA	Metagenome	FALSE	NA	NA	NA	NA	Metagenome
ERR3209811	metagenome	Metagenome	manual	NA	Metagenome	FALSE	NA	NA	NA	NA	Metagenome
ERR3209814	metagenome	Metagenome	manual	NA	Metagenome	FALSE	NA	NA	NA	NA	Metagenome
ERR3209817	metagenome	Metagenome	manual	NA	Metagenome	FALSE	NA	NA	NA	NA	Metagenome
ERR3209818	metagenome	Metagenome	manual	NA	Metagenome	FALSE	NA	NA	NA	NA	Metagenome
ERR3209820	metagenome	Metagenome	manual	NA	Metagenome	FALSE	NA	NA	NA	NA	Metagenome
ERR3209823	metagenome	Metagenome	manual	NA	Metagenome	FALSE	NA	NA	NA	NA	Metagenome
ERR3209834	metagenome	Metagenome	manual	NA	Metagenome	FALSE	NA	NA	NA	NA	Metagenome
ERR3209835	metagenome	Metagenome	manual	NA	Metagenome	FALSE	NA	NA	NA	NA	Metagenome
ERR3209855	metagenome	Metagenome	manual	NA	Metagenome	FALSE	NA	NA	NA	NA	Metagenome
ERR3209859	metagenome	Metagenome	manual	NA	Metagenome	FALSE	NA	NA	NA	NA	Metagenome
ERR3209874	metagenome	Metagenome	manual	NA	Metagenome	FALSE	NA	NA	NA	NA	Metagenome
ERR3209878	metagenome	Metagenome	manual	NA	Metagenome	FALSE	NA	NA	NA	NA	Metagenome
ERR3209880	metagenome	Metagenome	manual	NA	Metagenome	FALSE	NA	NA	NA	NA	Metagenome
ERR3209926	metagenome	Metagenome	manual	NA	Metagenome	FALSE	NA	NA	NA	NA	Metagenome
ERR3209929	metagenome	Metagenome	manual	NA	Metagenome	FALSE	NA	NA	NA	NA	Metagenome
ERR3209947	metagenome	Metagenome	manual	NA	Metagenome	FALSE	NA	NA	NA	NA	Metagenome
ERR3209976	metagenome	Metagenome	manual	NA	Metagenome	FALSE	NA	NA	NA	NA	Metagenome
ERR3209982	metagenome	Metagenome	manual	NA	Metagenome	FALSE	NA	NA	NA	NA	Metagenome
ERR3209995	metagenome	Metagenome	manual	NA	Metagenome	FALSE	NA	NA	NA	NA	Metagenome
ERR3209999	metagenome	Metagenome	manual	NA	Metagenome	FALSE	NA	NA	NA	NA	Metagenome
ERR3210031	metagenome	Metagenome	manual	NA	Metagenome	FALSE	NA	NA	NA	NA	Metagenome
ERR3210032	metagenome	Metagenome	manual	NA	Metagenome	FALSE	NA	NA	NA	NA	Metagenome
ERR3210038	metagenome	Metagenome	manual	NA	Metagenome	FALSE	NA	NA	NA	NA	Metagenome
ERR3210053	metagenome	Metagenome	manual	NA	Metagenome	FALSE	NA	NA	NA	NA	Metagenome
ERR3210092	metagenome	Metagenome	manual	NA	Metagenome	FALSE	NA	NA	NA	NA	Metagenome
ERR3210094	metagenome	Metagenome	manual	NA	Metagenome	FALSE	NA	NA	NA	NA	Metagenome
ERR3210109	metagenome	Metagenome	manual	NA	Metagenome	FALSE	NA	NA	NA	NA	Metagenome
ERR3230153	air metagenome	Metagenome	manual	NA	Metagenome	FALSE	NA	NA	NA	NA	Metagenome
ERR211060	Chlamydia trachomatis	Other	low	NA	NA	TRUE	NA	NA	NA	NA	Other
ERR3281568	Capra hircus	Caprine	high	NA	NA	FALSE	NA	NA	NA	NA	Caprine
ERR3298753	Marmota marmota marmota	Rodent	high	NA	NA	FALSE	NA	NA	NA	NA	Rodent
ERR278177	Chlamydia trachomatis	Other	low	NA	NA	TRUE	NA	NA	NA	NA	Other
ERR558493	Chlamydia trachomatis	Other	low	NA	NA	TRUE	NA	NA	NA	NA	Other
SRR25447220	Chlamydia trachomatis	Other	low	NA	NA	TRUE	NA	NA	NA	NA	Other
SRR25447249	Chlamydia trachomatis	Other	low	NA	NA	TRUE	NA	NA	NA	NA	Other
SRR25447257	Chlamydia trachomatis	Other	low	NA	NA	TRUE	NA	NA	NA	NA	Other
SRR25447268	Chlamydia trachomatis	Other	low	NA	NA	TRUE	NA	NA	NA	NA	Other
SRR25447270	Chlamydia trachomatis	Other	low	NA	NA	TRUE	NA	NA	NA	NA	Other
SRR25447290	Chlamydia trachomatis	Other	low	NA	NA	TRUE	NA	NA	NA	NA	Other
SRR14182539	Chlamydomonas reinhardtii	Other	low	NA	NA	TRUE	NA	NA	NA	NA	Other
SRR25661650	Circaetus cinereus	Avian	low	NA	NA	TRUE	NA	NA	NA	NA	Avian
SRR4266018	Citrus reticulata	Other	low	NA	NA	TRUE	NA	NA	NA	NA	Other
SRR25663069	Clanga hastata	Avian	low	NA	NA	TRUE	NA	NA	NA	NA	Avian
SRR19738321	Clanoneurum sp.	Other	low	NA	NA	TRUE	NA	NA	NA	NA	Other
SRR20340966	Colpophyllia natans	Other	low	NA	NA	TRUE	NA	NA	NA	NA	Other
SRR22741959	Comparmustilia semiravida	Other	low	NA	NA	TRUE	NA	NA	NA	NA	Other
SRR21023482	Conuropsis carolinensis	Avian	low	NA	NA	TRUE	NA	NA	NA	NA	Avian
SRR22012543	Cryptosporidium canis	Other	low	NA	NA	TRUE	NA	NA	NA	NA	Other
SRR22012544	Cryptosporidium canis	Other	low	NA	NA	TRUE	NA	NA	NA	NA	Other
SRR18585347	Cryptosporidium hominis	Other	low	NA	NA	TRUE	NA	NA	NA	NA	Other
ERR2366943	Cryptosporidium parvum	Other	low	NA	NA	TRUE	NA	NA	NA	NA	Other
ERR3486541	Cryptosporidium parvum	Other	low	NA	NA	TRUE	NA	NA	NA	NA	Other
ERR3486775	Felis catus	Feline	high	NA	NA	FALSE	NA	NA	NA	NA	Feline
ERR3500861	metagenome	Human	manual	NA	Human	FALSE	NA	NA	NA	NA	Human
ERR3515869	sediment metagenome	Metagenome	manual	NA	Metagenome	FALSE	NA	NA	NA	NA	Metagenome
ERR3527882	metagenome	Human	manual	NA	Human	FALSE	NA	NA	NA	NA	Human
ERR3527906	metagenome	Human	manual	NA	Human	FALSE	NA	NA	NA	NA	Human
ERR3527907	metagenome	Human	manual	NA	Human	FALSE	NA	NA	NA	NA	Human
ERR3527926	metagenome	Human	manual	NA	Human	FALSE	NA	NA	NA	NA	Human
ERR3531956	Bos taurus	Bovine	high	NA	NA	FALSE	NA	NA	NA	NA	Bovine
ERR3537661	Homo sapiens	Human	high	NA	NA	FALSE	NA	NA	NA	NA	Human
ERR3537665	Homo sapiens	Human	high	NA	NA	FALSE	NA	NA	NA	NA	Human
ERR3569485	Desmodus rotundus	Bat	high	NA	NA	FALSE	NA	NA	NA	NA	Bat
ERR3593800	gut metagenome	Human	manual	NA	Human	FALSE	NA	NA	NA	NA	Human
ERR3593802	gut metagenome	Human	manual	NA	Human	FALSE	NA	NA	NA	NA	Human
ERR3593803	gut metagenome	Human	manual	NA	Human	FALSE	NA	NA	NA	NA	Human
ERR3593809	gut metagenome	Human	manual	NA	Human	FALSE	NA	NA	NA	NA	Human
ERR3593810	gut metagenome	Human	manual	NA	Human	FALSE	NA	NA	NA	NA	Human
ERR3593811	gut metagenome	Human	manual	NA	Human	FALSE	NA	NA	NA	NA	Human
ERR3593813	gut metagenome	Human	manual	NA	Human	FALSE	NA	NA	NA	NA	Human
ERR3593814	gut metagenome	Human	manual	NA	Human	FALSE	NA	NA	NA	NA	Human
ERR3593816	gut metagenome	Human	manual	NA	Human	FALSE	NA	NA	NA	NA	Human
ERR3593817	gut metagenome	Human	manual	NA	Human	FALSE	NA	NA	NA	NA	Human
ERR3593819	gut metagenome	Human	manual	NA	Human	FALSE	NA	NA	NA	NA	Human
ERR3593821	gut metagenome	Human	manual	NA	Human	FALSE	NA	NA	NA	NA	Human
ERR3593822	gut metagenome	Human	manual	NA	Human	FALSE	NA	NA	NA	NA	Human
ERR3593823	gut metagenome	Human	manual	NA	Human	FALSE	NA	NA	NA	NA	Human
ERR3593824	gut metagenome	Human	manual	NA	Human	FALSE	NA	NA	NA	NA	Human
ERR3593825	gut metagenome	Human	manual	NA	Human	FALSE	NA	NA	NA	NA	Human
ERR3593826	gut metagenome	Human	manual	NA	Human	FALSE	NA	NA	NA	NA	Human
ERR3593868	gut metagenome	Human	manual	NA	Human	FALSE	NA	NA	NA	NA	Human
ERR3593982	gut metagenome	Human	manual	NA	Human	FALSE	NA	NA	NA	NA	Human
ERR3593998	gut metagenome	Human	manual	NA	Human	FALSE	NA	NA	NA	NA	Human
ERR3594003	gut metagenome	Human	manual	NA	Human	FALSE	NA	NA	NA	NA	Human
ERR3594004	gut metagenome	Human	manual	NA	Human	FALSE	NA	NA	NA	NA	Human
ERR3594005	gut metagenome	Human	manual	NA	Human	FALSE	NA	NA	NA	NA	Human
ERR3594006	gut metagenome	Human	manual	NA	Human	FALSE	NA	NA	NA	NA	Human
ERR3594007	gut metagenome	Human	manual	NA	Human	FALSE	NA	NA	NA	NA	Human
ERR3594009	gut metagenome	Human	manual	NA	Human	FALSE	NA	NA	NA	NA	Human
ERR3594011	gut metagenome	Human	manual	NA	Human	FALSE	NA	NA	NA	NA	Human
ERR3594019	gut metagenome	Human	manual	NA	Human	FALSE	NA	NA	NA	NA	Human
ERR3594021	gut metagenome	Human	manual	NA	Human	FALSE	NA	NA	NA	NA	Human
ERR3594022	gut metagenome	Human	manual	NA	Human	FALSE	NA	NA	NA	NA	Human
ERR3594026	gut metagenome	Human	manual	NA	Human	FALSE	NA	NA	NA	NA	Human
SRR10363569	Cryptosporidium parvum	Other	low	NA	NA	TRUE	NA	NA	NA	NA	Other
SRR11817823	Cryptosporidium parvum	Other	low	NA	NA	TRUE	NA	NA	NA	NA	Other
SRR15694527	Cryptosporidium parvum	Other	low	NA	NA	TRUE	NA	NA	NA	NA	Other
ERR3674500	metagenome	Metagenome	manual	NA	Metagenome	FALSE	NA	NA	NA	NA	Metagenome
ERR3674510	metagenome	Metagenome	manual	NA	Metagenome	FALSE	NA	NA	NA	NA	Metagenome
ERR3674516	metagenome	Metagenome	manual	NA	Metagenome	FALSE	NA	NA	NA	NA	Metagenome
ERR3674518	metagenome	Metagenome	manual	NA	Metagenome	FALSE	NA	NA	NA	NA	Metagenome
ERR3674526	metagenome	Metagenome	manual	NA	Metagenome	FALSE	NA	NA	NA	NA	Metagenome
ERR3674534	metagenome	Metagenome	manual	NA	Metagenome	FALSE	NA	NA	NA	NA	Metagenome
ERR3674536	metagenome	Metagenome	manual	NA	Metagenome	FALSE	NA	NA	NA	NA	Metagenome
ERR3674537	metagenome	Metagenome	manual	NA	Metagenome	FALSE	NA	NA	NA	NA	Metagenome
ERR3674538	metagenome	Metagenome	manual	NA	Metagenome	FALSE	NA	NA	NA	NA	Metagenome
ERR3674540	metagenome	Metagenome	manual	NA	Metagenome	FALSE	NA	NA	NA	NA	Metagenome
ERR3674544	metagenome	Metagenome	manual	NA	Metagenome	FALSE	NA	NA	NA	NA	Metagenome
ERR3674549	metagenome	Metagenome	manual	NA	Metagenome	FALSE	NA	NA	NA	NA	Metagenome
ERR3674551	metagenome	Metagenome	manual	NA	Metagenome	FALSE	NA	NA	NA	NA	Metagenome
ERR3674555	metagenome	Metagenome	manual	NA	Metagenome	FALSE	NA	NA	NA	NA	Metagenome
ERR3674557	metagenome	Metagenome	manual	NA	Metagenome	FALSE	NA	NA	NA	NA	Metagenome
ERR3674564	metagenome	Metagenome	manual	NA	Metagenome	FALSE	NA	NA	NA	NA	Metagenome
ERR3674565	metagenome	Metagenome	manual	NA	Metagenome	FALSE	NA	NA	NA	NA	Metagenome
ERR3674566	metagenome	Metagenome	manual	NA	Metagenome	FALSE	NA	NA	NA	NA	Metagenome
ERR3674568	metagenome	Metagenome	manual	NA	Metagenome	FALSE	NA	NA	NA	NA	Metagenome
ERR3675724	metagenome	Metagenome	manual	NA	Metagenome	FALSE	NA	NA	NA	NA	Metagenome
ERR3675734	metagenome	Metagenome	manual	NA	Metagenome	FALSE	NA	NA	NA	NA	Metagenome
ERR3675740	metagenome	Metagenome	manual	NA	Metagenome	FALSE	NA	NA	NA	NA	Metagenome
ERR3675742	metagenome	Metagenome	manual	NA	Metagenome	FALSE	NA	NA	NA	NA	Metagenome
ERR3675750	metagenome	Metagenome	manual	NA	Metagenome	FALSE	NA	NA	NA	NA	Metagenome
ERR3675758	metagenome	Metagenome	manual	NA	Metagenome	FALSE	NA	NA	NA	NA	Metagenome
ERR3675760	metagenome	Metagenome	manual	NA	Metagenome	FALSE	NA	NA	NA	NA	Metagenome
ERR3675761	metagenome	Metagenome	manual	NA	Metagenome	FALSE	NA	NA	NA	NA	Metagenome
ERR3675762	metagenome	Metagenome	manual	NA	Metagenome	FALSE	NA	NA	NA	NA	Metagenome
ERR3675764	metagenome	Metagenome	manual	NA	Metagenome	FALSE	NA	NA	NA	NA	Metagenome
ERR3675768	metagenome	Metagenome	manual	NA	Metagenome	FALSE	NA	NA	NA	NA	Metagenome
ERR3675773	metagenome	Metagenome	manual	NA	Metagenome	FALSE	NA	NA	NA	NA	Metagenome
ERR3675775	metagenome	Metagenome	manual	NA	Metagenome	FALSE	NA	NA	NA	NA	Metagenome
ERR3675779	metagenome	Metagenome	manual	NA	Metagenome	FALSE	NA	NA	NA	NA	Metagenome
ERR3675781	metagenome	Metagenome	manual	NA	Metagenome	FALSE	NA	NA	NA	NA	Metagenome
ERR3675788	metagenome	Metagenome	manual	NA	Metagenome	FALSE	NA	NA	NA	NA	Metagenome
ERR3675789	metagenome	Metagenome	manual	NA	Metagenome	FALSE	NA	NA	NA	NA	Metagenome
ERR3675790	metagenome	Metagenome	manual	NA	Metagenome	FALSE	NA	NA	NA	NA	Metagenome
ERR3675792	metagenome	Metagenome	manual	NA	Metagenome	FALSE	NA	NA	NA	NA	Metagenome
SRR5465659	Cucumis melo var. cantalupo	Other	low	NA	NA	TRUE	NA	NA	NA	NA	Other
SRR16938424	Cutibacterium avidum	Other	low	NA	NA	TRUE	NA	NA	NA	NA	Other
ERR380870	Chiroptera	Bat	medium	NA	NA	FALSE	NA	NA	NA	NA	Bat
ERR3974427	metagenome	Human	manual	NA	Human	FALSE	NA	NA	NA	NA	Human
ERR3974428	metagenome	Human	manual	NA	Human	FALSE	NA	NA	NA	NA	Human
ERR3974429	metagenome	Human	manual	NA	Human	FALSE	NA	NA	NA	NA	Human
ERR3974430	metagenome	Human	manual	NA	Human	FALSE	NA	NA	NA	NA	Human
ERR3974436	metagenome	Human	manual	NA	Human	FALSE	NA	NA	NA	NA	Human
ERR3974438	metagenome	Human	manual	NA	Human	FALSE	NA	NA	NA	NA	Human
ERR3974439	metagenome	Human	manual	NA	Human	FALSE	NA	NA	NA	NA	Human
ERR3974441	metagenome	Human	manual	NA	Human	FALSE	NA	NA	NA	NA	Human
ERR3974442	metagenome	Human	manual	NA	Human	FALSE	NA	NA	NA	NA	Human
ERR3974444	metagenome	Human	manual	NA	Human	FALSE	NA	NA	NA	NA	Human
ERR3974445	metagenome	Human	manual	NA	Human	FALSE	NA	NA	NA	NA	Human
ERR3974446	metagenome	Human	manual	NA	Human	FALSE	NA	NA	NA	NA	Human
ERR3974447	metagenome	Human	manual	NA	Human	FALSE	NA	NA	NA	NA	Human
ERR3974452	metagenome	Human	manual	NA	Human	FALSE	NA	NA	NA	NA	Human
ERR3974458	metagenome	Human	manual	NA	Human	FALSE	NA	NA	NA	NA	Human
ERR3974459	metagenome	Human	manual	NA	Human	FALSE	NA	NA	NA	NA	Human
ERR3974462	metagenome	Human	manual	NA	Human	FALSE	NA	NA	NA	NA	Human
ERR3974465	metagenome	Human	manual	NA	Human	FALSE	NA	NA	NA	NA	Human
ERR3974469	metagenome	Human	manual	NA	Human	FALSE	NA	NA	NA	NA	Human
ERR3974470	metagenome	Human	manual	NA	Human	FALSE	NA	NA	NA	NA	Human
ERR3974472	metagenome	Human	manual	NA	Human	FALSE	NA	NA	NA	NA	Human
ERR3974473	metagenome	Human	manual	NA	Human	FALSE	NA	NA	NA	NA	Human
ERR3974475	metagenome	Human	manual	NA	Human	FALSE	NA	NA	NA	NA	Human
ERR3974478	metagenome	Human	manual	NA	Human	FALSE	NA	NA	NA	NA	Human
ERR3974481	metagenome	Human	manual	NA	Human	FALSE	NA	NA	NA	NA	Human
ERR3974496	metagenome	Human	manual	NA	Human	FALSE	NA	NA	NA	NA	Human
ERR3974498	metagenome	Human	manual	NA	Human	FALSE	NA	NA	NA	NA	Human
ERR3974499	metagenome	Human	manual	NA	Human	FALSE	NA	NA	NA	NA	Human
ERR3974501	metagenome	Human	manual	NA	Human	FALSE	NA	NA	NA	NA	Human
ERR3974502	metagenome	Human	manual	NA	Human	FALSE	NA	NA	NA	NA	Human
ERR3974504	metagenome	Human	manual	NA	Human	FALSE	NA	NA	NA	NA	Human
ERR3974505	metagenome	Human	manual	NA	Human	FALSE	NA	NA	NA	NA	Human
ERR3974516	metagenome	Human	manual	NA	Human	FALSE	NA	NA	NA	NA	Human
ERR3974517	metagenome	Human	manual	NA	Human	FALSE	NA	NA	NA	NA	Human
ERR4031211	vaginal metagenome	Human	medium	NA	NA	FALSE	NA	NA	NA	NA	Human
ERR4093094	Canis lupus familiaris	Canine	high	NA	NA	FALSE	NA	NA	NA	NA	Canine
ERR4142713	milk metagenome	Bovine	medium	NA	NA	FALSE	NA	NA	NA	NA	Bovine
SRR8434718	Cyamopsis tetragonoloba	Other	low	NA	NA	TRUE	NA	NA	NA	NA	Other
ERR4190260	Homo sapiens	Human	high	NA	NA	FALSE	NA	NA	NA	NA	Human
ERR4190362	Homo sapiens	Human	high	NA	NA	FALSE	NA	NA	NA	NA	Human
ERR4226660	Homo sapiens	Human	high	NA	NA	FALSE	NA	NA	NA	NA	Human
ERR4290142	Homo sapiens	Human	high	NA	NA	FALSE	NA	NA	NA	NA	Human
ERR4290188	Homo sapiens	Human	high	NA	NA	FALSE	NA	NA	NA	NA	Human
ERR4290212	Homo sapiens	Human	high	NA	NA	FALSE	NA	NA	NA	NA	Human
ERR4298931	Homo sapiens	Human	high	NA	NA	FALSE	NA	NA	NA	NA	Human
ERR4298933	Homo sapiens	Human	high	NA	NA	FALSE	NA	NA	NA	NA	Human
ERR4333989	gut metagenome	Human	manual	NA	Human	FALSE	NA	NA	NA	NA	Human
ERR4373958	Homo sapiens	Human	high	NA	NA	FALSE	NA	NA	NA	NA	Human
ERR4373967	Homo sapiens	Human	high	NA	NA	FALSE	NA	NA	NA	NA	Human
ERR4383833	human gut metagenome	Human	medium	NA	NA	FALSE	NA	NA	NA	NA	Human
ERR4385809	Homo sapiens	Human	high	NA	NA	FALSE	NA	NA	NA	NA	Human
ERR4386569	Homo sapiens	Human	high	NA	NA	FALSE	NA	NA	NA	NA	Human
ERR4421614	human vaginal metagenome	Human	medium	NA	NA	FALSE	NA	NA	NA	NA	Human
ERR445169	Homo sapiens	Human	high	NA	NA	FALSE	NA	NA	NA	NA	Human
ERR4605113	skin metagenome	Human	manual	NA	Human	FALSE	NA	NA	NA	NA	Human
ERR4605124	skin metagenome	Human	manual	NA	Human	FALSE	NA	NA	NA	NA	Human
ERR4605133	skin metagenome	Human	manual	NA	Human	FALSE	NA	NA	NA	NA	Human
ERR4605167	skin metagenome	Human	manual	NA	Human	FALSE	NA	NA	NA	NA	Human
ERR4605178	skin metagenome	Human	manual	NA	Human	FALSE	NA	NA	NA	NA	Human
ERR4605202	skin metagenome	Human	manual	NA	Human	FALSE	NA	NA	NA	NA	Human
ERR4671933	Felis catus	Feline	high	NA	NA	FALSE	NA	NA	NA	NA	Feline
ERR4671935	Felis catus	Feline	high	NA	NA	FALSE	NA	NA	NA	NA	Feline
ERR4671982	Felis silvestris	Feline	high	NA	NA	FALSE	NA	NA	NA	NA	Feline
SRR1552356	Cyclospora cayetanensis	Other	low	NA	NA	TRUE	NA	NA	NA	NA	Other
ERR4701600	dust metagenome	Metagenome	manual	NA	Metagenome	FALSE	NA	NA	NA	NA	Metagenome
ERR4701999	human skin metagenome	Human	medium	NA	NA	FALSE	NA	NA	NA	NA	Human
ERR4702001	human skin metagenome	Human	medium	NA	NA	FALSE	NA	NA	NA	NA	Human
ERR4705259	vaginal metagenome	Human	medium	NA	NA	FALSE	NA	NA	NA	NA	Human
ERR4757966	Homo sapiens	Human	high	NA	NA	FALSE	NA	NA	NA	NA	Human
ERR4969788	Homo sapiens	Human	high	NA	NA	FALSE	NA	NA	NA	NA	Human
ERR4969789	Homo sapiens	Human	high	NA	NA	FALSE	NA	NA	NA	NA	Human
ERR4982086	Homo sapiens	Human	high	NA	NA	FALSE	NA	NA	NA	NA	Human
ERR5083227	metagenome	Human	manual	NA	Human	FALSE	NA	NA	NA	NA	Human
ERR5083310	metagenome	Human	manual	NA	Human	FALSE	NA	NA	NA	NA	Human
ERR5084169	metagenome	Human	manual	NA	Human	FALSE	NA	NA	NA	NA	Human
ERR5084170	metagenome	Human	manual	NA	Human	FALSE	NA	NA	NA	NA	Human
ERR5084183	metagenome	Human	manual	NA	Human	FALSE	NA	NA	NA	NA	Human
ERR5084185	metagenome	Human	manual	NA	Human	FALSE	NA	NA	NA	NA	Human
ERR5084186	metagenome	Human	manual	NA	Human	FALSE	NA	NA	NA	NA	Human
ERR5084187	metagenome	Human	manual	NA	Human	FALSE	NA	NA	NA	NA	Human
ERR5084190	metagenome	Human	manual	NA	Human	FALSE	NA	NA	NA	NA	Human
ERR5084191	metagenome	Human	manual	NA	Human	FALSE	NA	NA	NA	NA	Human
ERR5084192	metagenome	Human	manual	NA	Human	FALSE	NA	NA	NA	NA	Human
ERR5084193	metagenome	Human	manual	NA	Human	FALSE	NA	NA	NA	NA	Human
ERR5084324	metagenome	Human	manual	NA	Human	FALSE	NA	NA	NA	NA	Human
ERR5084327	metagenome	Human	manual	NA	Human	FALSE	NA	NA	NA	NA	Human
ERR5084328	metagenome	Human	manual	NA	Human	FALSE	NA	NA	NA	NA	Human
ERR5084329	metagenome	Human	manual	NA	Human	FALSE	NA	NA	NA	NA	Human
ERR5084330	metagenome	Human	manual	NA	Human	FALSE	NA	NA	NA	NA	Human
ERR5084341	metagenome	Human	manual	NA	Human	FALSE	NA	NA	NA	NA	Human
ERR5084343	metagenome	Human	manual	NA	Human	FALSE	NA	NA	NA	NA	Human
ERR5084345	metagenome	Human	manual	NA	Human	FALSE	NA	NA	NA	NA	Human
ERR5084348	metagenome	Human	manual	NA	Human	FALSE	NA	NA	NA	NA	Human
ERR5084349	metagenome	Human	manual	NA	Human	FALSE	NA	NA	NA	NA	Human
ERR5084352	metagenome	Human	manual	NA	Human	FALSE	NA	NA	NA	NA	Human
ERR5084354	metagenome	Human	manual	NA	Human	FALSE	NA	NA	NA	NA	Human
ERR5084358	metagenome	Human	manual	NA	Human	FALSE	NA	NA	NA	NA	Human
ERR5084359	metagenome	Human	manual	NA	Human	FALSE	NA	NA	NA	NA	Human
ERR5084360	metagenome	Human	manual	NA	Human	FALSE	NA	NA	NA	NA	Human
ERR5084361	metagenome	Human	manual	NA	Human	FALSE	NA	NA	NA	NA	Human
ERR5084370	metagenome	Human	manual	NA	Human	FALSE	NA	NA	NA	NA	Human
ERR5084373	metagenome	Human	manual	NA	Human	FALSE	NA	NA	NA	NA	Human
ERR5084374	metagenome	Human	manual	NA	Human	FALSE	NA	NA	NA	NA	Human
ERR5094902	feces metagenome	Ray-finned fish	manual	NA	Ray-finned fish	FALSE	NA	NA	NA	NA	Ray-finned fish
ERR5169900	metagenome	Human	manual	NA	Human	FALSE	NA	NA	NA	NA	Human
ERR5173216	metagenome	Human	manual	NA	Human	FALSE	NA	NA	NA	NA	Human
ERR5173219	metagenome	Human	manual	NA	Human	FALSE	NA	NA	NA	NA	Human
ERR5294977	human skin metagenome	Human	medium	NA	NA	FALSE	NA	NA	NA	NA	Human
ERR5295041	human skin metagenome	Human	medium	NA	NA	FALSE	NA	NA	NA	NA	Human
ERR5295261	human skin metagenome	Human	medium	NA	NA	FALSE	NA	NA	NA	NA	Human
ERR5375537	Homo sapiens	Human	high	NA	NA	FALSE	NA	NA	NA	NA	Human
ERR5375549	Homo sapiens	Human	high	NA	NA	FALSE	NA	NA	NA	NA	Human
ERR5375552	Homo sapiens	Human	high	NA	NA	FALSE	NA	NA	NA	NA	Human
ERR5375553	Homo sapiens	Human	high	NA	NA	FALSE	NA	NA	NA	NA	Human
ERR5375572	Homo sapiens	Human	high	NA	NA	FALSE	NA	NA	NA	NA	Human
ERR5375573	Homo sapiens	Human	high	NA	NA	FALSE	NA	NA	NA	NA	Human
ERR5418565	Homo sapiens	Human	high	NA	NA	FALSE	NA	NA	NA	NA	Human
SRR14753702	Cydia pomonella	Other	low	NA	NA	TRUE	NA	NA	NA	NA	Other
ERR5625286	Homo sapiens	Human	high	NA	NA	FALSE	NA	NA	NA	NA	Human
ERR5625287	Homo sapiens	Human	high	NA	NA	FALSE	NA	NA	NA	NA	Human
SRR1575022	Cylindrospermum alatosporum CCALA 988	Other	low	NA	NA	TRUE	NA	NA	NA	NA	Other
ERR5740692	food metagenome	Metagenome	manual	NA	Metagenome	FALSE	NA	NA	NA	NA	Metagenome
ERR579168	Homo sapiens	Human	high	NA	NA	FALSE	NA	NA	NA	NA	Human
ERR5883261	Gallus gallus	Avian	high	NA	NA	FALSE	NA	NA	NA	NA	Avian
ERR5897818	Homo sapiens	Human	high	NA	NA	FALSE	NA	NA	NA	NA	Human
ERR5929699	Homo sapiens	Human	high	NA	NA	FALSE	NA	NA	NA	NA	Human
ERR598947	marine metagenome	Metagenome	manual	NA	Metagenome	FALSE	NA	NA	NA	NA	Metagenome
ERR599205	marine metagenome	Metagenome	manual	NA	Metagenome	FALSE	NA	NA	NA	NA	Metagenome
ERR599223	marine metagenome	Metagenome	manual	NA	Metagenome	FALSE	NA	NA	NA	NA	Metagenome
SRR1575023	Cylindrospermum alatosporum CCALA 988	Other	low	NA	NA	TRUE	NA	NA	NA	NA	Other
SRR15291609	Cyphanodes vestitus	Other	low	NA	NA	TRUE	NA	NA	NA	NA	Other
SRR24890259	Daphnia magna	Other	low	NA	NA	TRUE	NA	NA	NA	NA	Other
ERR6865263	human papillomavirus 18	Human	medium	NA	NA	FALSE	NA	NA	NA	NA	Human
ERR6996342	human gut metagenome	Human	medium	NA	NA	FALSE	NA	NA	NA	NA	Human
ERR6996343	human gut metagenome	Human	medium	NA	NA	FALSE	NA	NA	NA	NA	Human
ERR7256387	Mustela putorius	Mustelid	high	NA	NA	FALSE	NA	NA	NA	NA	Mustelid
ERR7413322	Homo sapiens	Human	high	NA	NA	FALSE	NA	NA	NA	NA	Human
ERR7436660	human gut metagenome	Human	medium	NA	NA	FALSE	NA	NA	NA	NA	Human
ERR7437555	human gut metagenome	Human	medium	NA	NA	FALSE	NA	NA	NA	NA	Human
ERR7437619	human gut metagenome	Human	medium	NA	NA	FALSE	NA	NA	NA	NA	Human
ERR7437639	human gut metagenome	Human	medium	NA	NA	FALSE	NA	NA	NA	NA	Human
ERR7438046	human gut metagenome	Human	medium	NA	NA	FALSE	NA	NA	NA	NA	Human
ERR7438295	human gut metagenome	Human	medium	NA	NA	FALSE	NA	NA	NA	NA	Human
ERR7440546	human gut metagenome	Human	medium	NA	NA	FALSE	NA	NA	NA	NA	Human
ERR7445031	human gut metagenome	Human	medium	NA	NA	FALSE	NA	NA	NA	NA	Human
ERR7445958	human gut metagenome	Human	medium	NA	NA	FALSE	NA	NA	NA	NA	Human
ERR7446498	human gut metagenome	Human	medium	NA	NA	FALSE	NA	NA	NA	NA	Human
ERR7474947	human gut metagenome	Human	medium	NA	NA	FALSE	NA	NA	NA	NA	Human
ERR7477248	human gut metagenome	Human	medium	NA	NA	FALSE	NA	NA	NA	NA	Human
ERR7500044	human gut metagenome	Human	medium	NA	NA	FALSE	NA	NA	NA	NA	Human
ERR7528793	metagenome	Human	manual	NA	Human	FALSE	NA	NA	NA	NA	Human
ERR7528797	metagenome	Human	manual	NA	Human	FALSE	NA	NA	NA	NA	Human
ERR7528798	metagenome	Human	manual	NA	Human	FALSE	NA	NA	NA	NA	Human
ERR7528804	metagenome	Human	manual	NA	Human	FALSE	NA	NA	NA	NA	Human
ERR7528815	metagenome	Human	manual	NA	Human	FALSE	NA	NA	NA	NA	Human
ERR7528825	metagenome	Human	manual	NA	Human	FALSE	NA	NA	NA	NA	Human
ERR7528838	metagenome	Human	manual	NA	Human	FALSE	NA	NA	NA	NA	Human
SRR19431669	Dendrortyx leucophrys hypospodius	Avian	low	NA	NA	TRUE	NA	NA	NA	NA	Avian
ERR8027536	human gut metagenome	Human	medium	NA	NA	FALSE	NA	NA	NA	NA	Human
ERR8027622	human gut metagenome	Human	medium	NA	NA	FALSE	NA	NA	NA	NA	Human
ERR8052078	human gut metagenome	Human	medium	NA	NA	FALSE	NA	NA	NA	NA	Human
ERR8052723	human gut metagenome	Human	medium	NA	NA	FALSE	NA	NA	NA	NA	Human
ERR8055728	human gut metagenome	Human	medium	NA	NA	FALSE	NA	NA	NA	NA	Human
ERR8135866	human gut metagenome	Human	medium	NA	NA	FALSE	NA	NA	NA	NA	Human
ERR8135938	human gut metagenome	Human	medium	NA	NA	FALSE	NA	NA	NA	NA	Human
ERR8145533	human gut metagenome	Human	medium	NA	NA	FALSE	NA	NA	NA	NA	Human
ERR8157523	human gut metagenome	Human	medium	NA	NA	FALSE	NA	NA	NA	NA	Human
ERR8157524	human gut metagenome	Human	medium	NA	NA	FALSE	NA	NA	NA	NA	Human
ERR8157625	human gut metagenome	Human	medium	NA	NA	FALSE	NA	NA	NA	NA	Human
ERR8174036	human gut metagenome	Human	medium	NA	NA	FALSE	NA	NA	NA	NA	Human
ERR8263099	human gut metagenome	Human	medium	NA	NA	FALSE	NA	NA	NA	NA	Human
ERR8265197	human gut metagenome	Human	medium	NA	NA	FALSE	NA	NA	NA	NA	Human
ERR8266531	human gut metagenome	Human	medium	NA	NA	FALSE	NA	NA	NA	NA	Human
ERR8282888	human vaginal metagenome	Human	medium	NA	NA	FALSE	NA	NA	NA	NA	Human
ERR8282893	human vaginal metagenome	Human	medium	NA	NA	FALSE	NA	NA	NA	NA	Human
ERR8282985	human vaginal metagenome	Human	medium	NA	NA	FALSE	NA	NA	NA	NA	Human
ERR8282991	human vaginal metagenome	Human	medium	NA	NA	FALSE	NA	NA	NA	NA	Human
ERR8286876	human vaginal metagenome	Human	medium	NA	NA	FALSE	NA	NA	NA	NA	Human
ERR8310000	human vaginal metagenome	Human	medium	NA	NA	FALSE	NA	NA	NA	NA	Human
ERR8313242	human vaginal metagenome	Human	medium	NA	NA	FALSE	NA	NA	NA	NA	Human
ERR8313243	human vaginal metagenome	Human	medium	NA	NA	FALSE	NA	NA	NA	NA	Human
ERR8314273	Homo sapiens	Human	high	NA	NA	FALSE	NA	NA	NA	NA	Human
ERR8314282	Homo sapiens	Human	high	NA	NA	FALSE	NA	NA	NA	NA	Human
ERR843995	Homo sapiens	Human	high	NA	NA	FALSE	NA	NA	NA	NA	Human
ERR844055	Homo sapiens	Human	high	NA	NA	FALSE	NA	NA	NA	NA	Human
ERR8446138	human gut metagenome	Human	medium	NA	NA	FALSE	NA	NA	NA	NA	Human
ERR8482255	human gut metagenome	Human	medium	NA	NA	FALSE	NA	NA	NA	NA	Human
ERR8507462	human gut metagenome	Human	medium	NA	NA	FALSE	NA	NA	NA	NA	Human
ERR8507467	human gut metagenome	Human	medium	NA	NA	FALSE	NA	NA	NA	NA	Human
ERR8610075	metagenome	Human	manual	NA	Human	FALSE	NA	NA	NA	NA	Human
ERR8610128	metagenome	Human	manual	NA	Human	FALSE	NA	NA	NA	NA	Human
ERR895302	human gut metagenome	Human	medium	NA	NA	FALSE	NA	NA	NA	NA	Human
ERR906889	Homo sapiens	Human	high	NA	NA	FALSE	NA	NA	NA	NA	Human
ERR906897	Homo sapiens	Human	high	NA	NA	FALSE	NA	NA	NA	NA	Human
ERR9250420	Homo sapiens	Human	high	NA	NA	FALSE	NA	NA	NA	NA	Human
ERR9287091	Sus scrofa	Porcine	high	NA	NA	FALSE	NA	NA	NA	NA	Porcine
ERR9287154	Sus scrofa	Porcine	high	NA	NA	FALSE	NA	NA	NA	NA	Porcine
ERR9287199	Sus scrofa	Porcine	high	NA	NA	FALSE	NA	NA	NA	NA	Porcine
ERR9287262	Sus scrofa	Porcine	high	NA	NA	FALSE	NA	NA	NA	NA	Porcine
ERR9287307	Sus scrofa	Porcine	high	NA	NA	FALSE	NA	NA	NA	NA	Porcine
ERR9287370	Sus scrofa	Porcine	high	NA	NA	FALSE	NA	NA	NA	NA	Porcine
ERR9287415	Sus scrofa	Porcine	high	NA	NA	FALSE	NA	NA	NA	NA	Porcine
ERR9287478	Sus scrofa	Porcine	high	NA	NA	FALSE	NA	NA	NA	NA	Porcine
ERR9287504	Sus scrofa	Porcine	high	NA	NA	FALSE	NA	NA	NA	NA	Porcine
ERR9287520	Sus scrofa	Porcine	high	NA	NA	FALSE	NA	NA	NA	NA	Porcine
ERR9287536	Sus scrofa	Porcine	high	NA	NA	FALSE	NA	NA	NA	NA	Porcine
ERR9465595	Oncorhynchus mykiss	Ray-finned Fish	high	NA	NA	FALSE	NA	NA	NA	NA	Ray-finned Fish
ERR9469422	Homo sapiens	Human	high	NA	NA	FALSE	NA	NA	NA	NA	Human
ERR9469423	Homo sapiens	Human	high	NA	NA	FALSE	NA	NA	NA	NA	Human
ERR9538693	human vaginal metagenome	Human	medium	NA	NA	FALSE	NA	NA	NA	NA	Human
ERR9538864	human vaginal metagenome	Human	medium	NA	NA	FALSE	NA	NA	NA	NA	Human
SRR5170259	Dorylogaster longipes	Other	low	NA	NA	TRUE	NA	NA	NA	NA	Other
ERR563563	Dracunculus medinensis	Other	low	NA	NA	TRUE	NA	NA	NA	NA	Other
ERR9752232	human feces metagenome	Human	medium	NA	NA	FALSE	NA	NA	NA	NA	Human
ERR9765918	Bos taurus	Bovine	high	NA	NA	FALSE	NA	NA	NA	NA	Bovine
ERR976829	metagenome	Human	manual	NA	Human	FALSE	NA	NA	NA	NA	Human
SRR10009759	Drosophila melanogaster	Other	low	NA	NA	TRUE	NA	NA	NA	NA	Other
SRR11059661	Drosophila melanogaster	Other	low	NA	NA	TRUE	NA	NA	NA	NA	Other
SRR13700643	Drosophila melanogaster	Other	low	NA	NA	TRUE	NA	NA	NA	NA	Other
SRR16077971	Drosophila melanogaster	Other	low	NA	NA	TRUE	NA	NA	NA	NA	Other
SRR16089464	Drosophila melanogaster	Other	low	NA	NA	TRUE	NA	NA	NA	NA	Other
ERR9878507	Felis catus	Feline	high	NA	NA	FALSE	NA	NA	NA	NA	Feline
ERR9878519	Canis lupus familiaris	Canine	high	NA	NA	FALSE	NA	NA	NA	NA	Canine
ERR9878520	Canis lupus familiaris	Canine	high	NA	NA	FALSE	NA	NA	NA	NA	Canine
SRR10002704	air metagenome	Metagenome	manual	NA	Metagenome	FALSE	NA	NA	NA	NA	Metagenome
SRR10002720	air metagenome	Metagenome	manual	NA	Metagenome	FALSE	NA	NA	NA	NA	Metagenome
SRR10002722	air metagenome	Metagenome	manual	NA	Metagenome	FALSE	NA	NA	NA	NA	Metagenome
SRR10002734	air metagenome	Metagenome	manual	NA	Metagenome	FALSE	NA	NA	NA	NA	Metagenome
SRR10002740	air metagenome	Metagenome	manual	NA	Metagenome	FALSE	NA	NA	NA	NA	Metagenome
SRR10002804	air metagenome	Metagenome	manual	NA	Metagenome	FALSE	NA	NA	NA	NA	Metagenome
SRR10002844	air metagenome	Metagenome	manual	NA	Metagenome	FALSE	NA	NA	NA	NA	Metagenome
SRR10002857	air metagenome	Metagenome	manual	NA	Metagenome	FALSE	NA	NA	NA	NA	Metagenome
SRR10002895	air metagenome	Metagenome	manual	NA	Metagenome	FALSE	NA	NA	NA	NA	Metagenome
SRR10002896	air metagenome	Metagenome	manual	NA	Metagenome	FALSE	NA	NA	NA	NA	Metagenome
SRR10002950	air metagenome	Metagenome	manual	NA	Metagenome	FALSE	NA	NA	NA	NA	Metagenome
SRR5760667	Drosophila melanogaster	Other	low	NA	NA	TRUE	NA	NA	NA	NA	Other
SRR10022396	Mus musculus	Rodent	high	NA	NA	FALSE	NA	NA	NA	NA	Rodent
SRR10022408	Mus musculus	Rodent	high	NA	NA	FALSE	NA	NA	NA	NA	Rodent
SRR7186316	Drosophila melanogaster	Other	low	NA	NA	TRUE	NA	NA	NA	NA	Other
SRR8997143	Drosophila melanogaster	Other	low	NA	NA	TRUE	NA	NA	NA	NA	Other
SRR19631802	Drosophila simulans	Other	low	NA	NA	TRUE	NA	NA	NA	NA	Other
SRR10042435	Homo sapiens	Human	high	NA	NA	FALSE	NA	NA	NA	NA	Human
SRR10042471	Homo sapiens	Human	high	NA	NA	FALSE	NA	NA	NA	NA	Human
SRR10042473	Homo sapiens	Human	high	NA	NA	FALSE	NA	NA	NA	NA	Human
SRR10043613	Mus musculus	Rodent	high	NA	NA	FALSE	NA	NA	NA	NA	Rodent
SRR10043614	Mus musculus	Rodent	high	NA	NA	FALSE	NA	NA	NA	NA	Rodent
SRR10043616	Mus musculus	Rodent	high	NA	NA	FALSE	NA	NA	NA	NA	Rodent
SRR10044852	Homo sapiens	Human	high	NA	NA	FALSE	NA	NA	NA	NA	Human
SRR10044853	Homo sapiens	Human	high	NA	NA	FALSE	NA	NA	NA	NA	Human
SRR10044856	Homo sapiens	Human	high	NA	NA	FALSE	NA	NA	NA	NA	Human
SRR10044857	Homo sapiens	Human	high	NA	NA	FALSE	NA	NA	NA	NA	Human
SRR10044860	Homo sapiens	Human	high	NA	NA	FALSE	NA	NA	NA	NA	Human
SRR10044861	Homo sapiens	Human	high	NA	NA	FALSE	NA	NA	NA	NA	Human
SRR10044864	Homo sapiens	Human	high	NA	NA	FALSE	NA	NA	NA	NA	Human
SRR10044865	Homo sapiens	Human	high	NA	NA	FALSE	NA	NA	NA	NA	Human
SRR10044872	Homo sapiens	Human	high	NA	NA	FALSE	NA	NA	NA	NA	Human
SRR10044873	Homo sapiens	Human	high	NA	NA	FALSE	NA	NA	NA	NA	Human
SRR10044876	Homo sapiens	Human	high	NA	NA	FALSE	NA	NA	NA	NA	Human
SRR10044877	Homo sapiens	Human	high	NA	NA	FALSE	NA	NA	NA	NA	Human
SRR10044880	Homo sapiens	Human	high	NA	NA	FALSE	NA	NA	NA	NA	Human
SRR10044881	Homo sapiens	Human	high	NA	NA	FALSE	NA	NA	NA	NA	Human
SRR10044888	Homo sapiens	Human	high	NA	NA	FALSE	NA	NA	NA	NA	Human
SRR10044889	Homo sapiens	Human	high	NA	NA	FALSE	NA	NA	NA	NA	Human
SRR10044892	Homo sapiens	Human	high	NA	NA	FALSE	NA	NA	NA	NA	Human
SRR10044893	Homo sapiens	Human	high	NA	NA	FALSE	NA	NA	NA	NA	Human
SRR10044896	Homo sapiens	Human	high	NA	NA	FALSE	NA	NA	NA	NA	Human
SRR10044897	Homo sapiens	Human	high	NA	NA	FALSE	NA	NA	NA	NA	Human
SRR10064815	Human papillomavirus	Human	medium	NA	NA	FALSE	NA	NA	NA	NA	Human
SRR10064821	Human papillomavirus	Human	medium	NA	NA	FALSE	NA	NA	NA	NA	Human
SRR10064847	Human papillomavirus	Human	medium	NA	NA	FALSE	NA	NA	NA	NA	Human
SRR10064859	Human papillomavirus	Human	medium	NA	NA	FALSE	NA	NA	NA	NA	Human
SRR10074838	Mus musculus	Rodent	high	NA	NA	FALSE	NA	NA	NA	NA	Rodent
ERR337909	Echinococcus granulosus	Other	low	NA	NA	TRUE	NA	NA	NA	NA	Other
SRR10176819	human gut metagenome	Human	medium	NA	NA	FALSE	NA	NA	NA	NA	Human
ERR337922	Echinococcus granulosus	Other	low	NA	NA	TRUE	NA	NA	NA	NA	Other
SRR10181039	Mus musculus	Rodent	high	NA	NA	FALSE	NA	NA	NA	NA	Rodent
SRR10181185	Homo sapiens	Human	high	NA	NA	FALSE	NA	NA	NA	NA	Human
SRR10181186	Homo sapiens	Human	high	NA	NA	FALSE	NA	NA	NA	NA	Human
SRR10258549	human vaginal metagenome	Human	medium	NA	NA	FALSE	NA	NA	NA	NA	Human
SRR10258550	human vaginal metagenome	Human	medium	NA	NA	FALSE	NA	NA	NA	NA	Human
SRR10258571	human vaginal metagenome	Human	medium	NA	NA	FALSE	NA	NA	NA	NA	Human
SRR10258574	human vaginal metagenome	Human	medium	NA	NA	FALSE	NA	NA	NA	NA	Human
SRR13266644	Echovirus E30	Other	low	NA	NA	TRUE	NA	NA	NA	NA	Other
SRR10326129	Homo sapiens	Human	high	NA	NA	FALSE	NA	NA	NA	NA	Human
SRR10326130	Homo sapiens	Human	high	NA	NA	FALSE	NA	NA	NA	NA	Human
SRR10158590	Emesis vulpina	Other	low	NA	NA	TRUE	NA	NA	NA	NA	Other
SRR10342252	insect gut metagenome	Fly	manual	NA	Fly	FALSE	NA	NA	NA	NA	Fly
SRR13124111	Entamoeba histolytica	Other	low	NA	NA	TRUE	NA	NA	NA	NA	Other
ERR3712815	Enterobacter cloacae	Other	low	NA	NA	TRUE	NA	NA	NA	NA	Other
SRR10423025	Homo sapiens	Human	high	NA	NA	FALSE	NA	NA	NA	NA	Human
SRR10423026	Homo sapiens	Human	high	NA	NA	FALSE	NA	NA	NA	NA	Human
SRR15910088	Entomobrya proxima	Other	low	NA	NA	TRUE	NA	NA	NA	NA	Other
SRR10499969	human gut metagenome	Human	medium	NA	NA	FALSE	NA	NA	NA	NA	Human
SRR10499979	human metagenome	Human	medium	NA	NA	FALSE	NA	NA	NA	NA	Human
SRR10499980	human metagenome	Human	medium	NA	NA	FALSE	NA	NA	NA	NA	Human
SRR1051798	Homo sapiens	Human	high	NA	NA	FALSE	NA	NA	NA	NA	Human
SRR22577734	Erythranthe guttata	Other	low	NA	NA	TRUE	NA	NA	NA	NA	Other
SRR10598191	Homo sapiens	Human	high	NA	NA	FALSE	NA	NA	NA	NA	Human
SRR10613511	air metagenome	Metagenome	manual	NA	Metagenome	FALSE	NA	NA	NA	NA	Metagenome
SRR10674799	Mus musculus	Rodent	high	NA	NA	FALSE	NA	NA	NA	NA	Rodent
SRR10681909	human gut metagenome	Human	medium	NA	NA	FALSE	NA	NA	NA	NA	Human
SRR10682086	human gut metagenome	Human	medium	NA	NA	FALSE	NA	NA	NA	NA	Human
SRR10682188	human gut metagenome	Human	medium	NA	NA	FALSE	NA	NA	NA	NA	Human
SRR10682198	human gut metagenome	Human	medium	NA	NA	FALSE	NA	NA	NA	NA	Human
SRR10682276	human gut metagenome	Human	medium	NA	NA	FALSE	NA	NA	NA	NA	Human
SRR10682320	human gut metagenome	Human	medium	NA	NA	FALSE	NA	NA	NA	NA	Human
SRR10682323	human gut metagenome	Human	medium	NA	NA	FALSE	NA	NA	NA	NA	Human
SRR10682340	human gut metagenome	Human	medium	NA	NA	FALSE	NA	NA	NA	NA	Human
SRR10682412	human gut metagenome	Human	medium	NA	NA	FALSE	NA	NA	NA	NA	Human
SRR10682520	human gut metagenome	Human	medium	NA	NA	FALSE	NA	NA	NA	NA	Human
SRR10682579	human gut metagenome	Human	medium	NA	NA	FALSE	NA	NA	NA	NA	Human
SRR10682593	human gut metagenome	Human	medium	NA	NA	FALSE	NA	NA	NA	NA	Human
SRR10682730	human gut metagenome	Human	medium	NA	NA	FALSE	NA	NA	NA	NA	Human
SRR10682734	human gut metagenome	Human	medium	NA	NA	FALSE	NA	NA	NA	NA	Human
SRR10682740	human gut metagenome	Human	medium	NA	NA	FALSE	NA	NA	NA	NA	Human
SRR10682797	human gut metagenome	Human	medium	NA	NA	FALSE	NA	NA	NA	NA	Human
SRR10693253	human metagenome	Human	medium	NA	NA	FALSE	NA	NA	NA	NA	Human
SRR10702801	Homo sapiens	Human	high	NA	NA	FALSE	NA	NA	NA	NA	Human
SRR10702847	Homo sapiens	Human	high	NA	NA	FALSE	NA	NA	NA	NA	Human
SRR10748976	Homo sapiens	Human	high	NA	NA	FALSE	NA	NA	NA	NA	Human
SRR10748978	Homo sapiens	Human	high	NA	NA	FALSE	NA	NA	NA	NA	Human
SRR10748979	Homo sapiens	Human	high	NA	NA	FALSE	NA	NA	NA	NA	Human
SRR10748984	Homo sapiens	Human	high	NA	NA	FALSE	NA	NA	NA	NA	Human
SRR10748992	Homo sapiens	Human	high	NA	NA	FALSE	NA	NA	NA	NA	Human
SRR10749012	Homo sapiens	Human	high	NA	NA	FALSE	NA	NA	NA	NA	Human
SRR10749020	Homo sapiens	Human	high	NA	NA	FALSE	NA	NA	NA	NA	Human
SRR10749038	Homo sapiens	Human	high	NA	NA	FALSE	NA	NA	NA	NA	Human
SRR10749042	Homo sapiens	Human	high	NA	NA	FALSE	NA	NA	NA	NA	Human
SRR10768861	Coilia nasus	Ray-finned Fish	high	NA	NA	FALSE	NA	NA	NA	NA	Ray-finned Fish
SRR10768863	Coilia nasus	Ray-finned Fish	high	NA	NA	FALSE	NA	NA	NA	NA	Ray-finned Fish
SRR10768864	Coilia nasus	Ray-finned Fish	high	NA	NA	FALSE	NA	NA	NA	NA	Ray-finned Fish
SRR10768865	Coilia nasus	Ray-finned Fish	high	NA	NA	FALSE	NA	NA	NA	NA	Ray-finned Fish
SRR10768866	Coilia nasus	Ray-finned Fish	high	NA	NA	FALSE	NA	NA	NA	NA	Ray-finned Fish
SRR10768867	Coilia nasus	Ray-finned Fish	high	NA	NA	FALSE	NA	NA	NA	NA	Ray-finned Fish
SRR10768868	Coilia nasus	Ray-finned Fish	high	NA	NA	FALSE	NA	NA	NA	NA	Ray-finned Fish
SRR10768871	Coilia nasus	Ray-finned Fish	high	NA	NA	FALSE	NA	NA	NA	NA	Ray-finned Fish
SRR10825105	Homo sapiens	Human	high	NA	NA	FALSE	NA	NA	NA	NA	Human
SRR10825106	Homo sapiens	Human	high	NA	NA	FALSE	NA	NA	NA	NA	Human
SRR10825108	Homo sapiens	Human	high	NA	NA	FALSE	NA	NA	NA	NA	Human
SRR10825110	Homo sapiens	Human	high	NA	NA	FALSE	NA	NA	NA	NA	Human
SRR10825111	Homo sapiens	Human	high	NA	NA	FALSE	NA	NA	NA	NA	Human
SRR10825112	Homo sapiens	Human	high	NA	NA	FALSE	NA	NA	NA	NA	Human
SRR10825113	Homo sapiens	Human	high	NA	NA	FALSE	NA	NA	NA	NA	Human
SRR10825116	Homo sapiens	Human	high	NA	NA	FALSE	NA	NA	NA	NA	Human
SRR10825117	Homo sapiens	Human	high	NA	NA	FALSE	NA	NA	NA	NA	Human
SRR10825120	Homo sapiens	Human	high	NA	NA	FALSE	NA	NA	NA	NA	Human
SRR10825121	Homo sapiens	Human	high	NA	NA	FALSE	NA	NA	NA	NA	Human
SRR10825123	Homo sapiens	Human	high	NA	NA	FALSE	NA	NA	NA	NA	Human
SRR10825125	Homo sapiens	Human	high	NA	NA	FALSE	NA	NA	NA	NA	Human
SRR10825126	Homo sapiens	Human	high	NA	NA	FALSE	NA	NA	NA	NA	Human
SRR10825127	Homo sapiens	Human	high	NA	NA	FALSE	NA	NA	NA	NA	Human
SRR10825128	Homo sapiens	Human	high	NA	NA	FALSE	NA	NA	NA	NA	Human
SRR10828729	Escherichia coli	Other	low	NA	NA	TRUE	NA	NA	NA	NA	Other
SRR10846501	Homo sapiens	Human	high	NA	NA	FALSE	NA	NA	NA	NA	Human
SRR10902309	Ceratotherium simum simum	Other	high	NA	NA	FALSE	NA	NA	NA	NA	Other
SRR10920838	Homo sapiens	Human	high	NA	NA	FALSE	NA	NA	NA	NA	Human
SRR10920873	Homo sapiens	Human	high	NA	NA	FALSE	NA	NA	NA	NA	Human
SRR10920874	Homo sapiens	Human	high	NA	NA	FALSE	NA	NA	NA	NA	Human
SRR10920882	Homo sapiens	Human	high	NA	NA	FALSE	NA	NA	NA	NA	Human
SRR10920886	Homo sapiens	Human	high	NA	NA	FALSE	NA	NA	NA	NA	Human
SRR10920888	Homo sapiens	Human	high	NA	NA	FALSE	NA	NA	NA	NA	Human
SRR10947935	Homo sapiens	Human	high	NA	NA	FALSE	NA	NA	NA	NA	Human
SRR10969789	Homo sapiens	Human	high	NA	NA	FALSE	NA	NA	NA	NA	Human
SRR10969795	Homo sapiens	Human	high	NA	NA	FALSE	NA	NA	NA	NA	Human
SRR10969807	Homo sapiens	Human	high	NA	NA	FALSE	NA	NA	NA	NA	Human
SRR8981010	Escherichia coli	Other	low	NA	NA	TRUE	NA	NA	NA	NA	Other
SRR8981011	Escherichia coli	Other	low	NA	NA	TRUE	NA	NA	NA	NA	Other
SRR11095735	Homo sapiens	Human	high	NA	NA	FALSE	NA	NA	NA	NA	Human
SRR11095737	Homo sapiens	Human	high	NA	NA	FALSE	NA	NA	NA	NA	Human
SRR11096177	Homo sapiens	Human	high	NA	NA	FALSE	NA	NA	NA	NA	Human
SRR11108588	Homo sapiens	Human	high	NA	NA	FALSE	NA	NA	NA	NA	Human
SRR11108589	Homo sapiens	Human	high	NA	NA	FALSE	NA	NA	NA	NA	Human
SRR11108590	Homo sapiens	Human	high	NA	NA	FALSE	NA	NA	NA	NA	Human
SRR11139142	Homo sapiens	Human	high	NA	NA	FALSE	NA	NA	NA	NA	Human
SRR11177064	metagenome	Metagenome	manual	NA	Metagenome	FALSE	NA	NA	NA	NA	Metagenome
SRR11177077	metagenome	Metagenome	manual	NA	Metagenome	FALSE	NA	NA	NA	NA	Metagenome
SRR11177103	metagenome	Metagenome	manual	NA	Metagenome	FALSE	NA	NA	NA	NA	Metagenome
SRR11185316	Homo sapiens	Human	high	NA	NA	FALSE	NA	NA	NA	NA	Human
SRR11185318	Homo sapiens	Human	high	NA	NA	FALSE	NA	NA	NA	NA	Human
SRR11185319	Homo sapiens	Human	high	NA	NA	FALSE	NA	NA	NA	NA	Human
SRR11185322	Homo sapiens	Human	high	NA	NA	FALSE	NA	NA	NA	NA	Human
SRR11185324	Homo sapiens	Human	high	NA	NA	FALSE	NA	NA	NA	NA	Human
SRR11207298	Homo sapiens	Human	high	NA	NA	FALSE	NA	NA	NA	NA	Human
SRR8981012	Escherichia coli	Other	low	NA	NA	TRUE	NA	NA	NA	NA	Other
SRR8981013	Escherichia coli	Other	low	NA	NA	TRUE	NA	NA	NA	NA	Other
SRR8981014	Escherichia coli	Other	low	NA	NA	TRUE	NA	NA	NA	NA	Other
SRR8981015	Escherichia coli	Other	low	NA	NA	TRUE	NA	NA	NA	NA	Other
SRR11300717	human metagenome	Human	medium	NA	NA	FALSE	NA	NA	NA	NA	Human
SRR11304755	human skin metagenome	Human	medium	NA	NA	FALSE	NA	NA	NA	NA	Human
SRR11306636	Antechinus flavipes	Marsupial	high	NA	NA	FALSE	NA	NA	NA	NA	Marsupial
SRR11306642	Antechinus flavipes	Marsupial	high	NA	NA	FALSE	NA	NA	NA	NA	Marsupial
SRR11306648	Antechinus flavipes	Marsupial	high	NA	NA	FALSE	NA	NA	NA	NA	Marsupial
SRR11306672	Antechinus flavipes	Marsupial	high	NA	NA	FALSE	NA	NA	NA	NA	Marsupial
SRR11310306	Homo sapiens	Human	high	NA	NA	FALSE	NA	NA	NA	NA	Human
SRR11310308	Homo sapiens	Human	high	NA	NA	FALSE	NA	NA	NA	NA	Human
SRR11310309	Homo sapiens	Human	high	NA	NA	FALSE	NA	NA	NA	NA	Human
SRR11310315	Homo sapiens	Human	high	NA	NA	FALSE	NA	NA	NA	NA	Human
SRR18086809	Escherichia coli PCN033	Other	low	NA	NA	TRUE	NA	NA	NA	NA	Other
SRR11351260	Human papillomavirus	Human	medium	NA	NA	FALSE	NA	NA	NA	NA	Human
SRR11354706	Homo sapiens	Human	high	NA	NA	FALSE	NA	NA	NA	NA	Human
SRR11401928	Mus musculus	Rodent	high	NA	NA	FALSE	NA	NA	NA	NA	Rodent
SRR11429435	bat metagenome	Bat	medium	NA	NA	FALSE	NA	NA	NA	NA	Bat
SRR11442708	metagenome	Human	medium	Homo sapiens	NA	FALSE	NA	NA	NA	NA	Human
SRR11442709	metagenome	Human	medium	Homo sapiens	NA	FALSE	NA	NA	NA	NA	Human
SRR11442710	metagenome	Human	medium	Homo sapiens	NA	FALSE	NA	NA	NA	NA	Human
SRR11442726	metagenome	Human	medium	Homo sapiens	NA	FALSE	NA	NA	NA	NA	Human
SRR11442727	metagenome	Human	medium	Homo sapiens	NA	FALSE	NA	NA	NA	NA	Human
SRR11442740	metagenome	Human	medium	Homo sapiens	NA	FALSE	NA	NA	NA	NA	Human
SRR11442748	metagenome	Human	medium	Homo sapiens	NA	FALSE	NA	NA	NA	NA	Human
SRR11442753	metagenome	Human	medium	Homo sapiens	NA	FALSE	NA	NA	NA	NA	Human
SRR11446059	Mus musculus	Rodent	high	NA	NA	FALSE	NA	NA	NA	NA	Rodent
SRR11482323	dust metagenome	Porcine	medium	Sus scrofa	NA	FALSE	NA	NA	NA	NA	Porcine
SRR11482324	dust metagenome	Porcine	medium	Sus scrofa	NA	FALSE	NA	NA	NA	NA	Porcine
SRR11482334	dust metagenome	Porcine	medium	Sus scrofa	NA	FALSE	NA	NA	NA	NA	Porcine
SRR11482337	dust metagenome	Porcine	medium	Sus scrofa	NA	FALSE	NA	NA	NA	NA	Porcine
SRR11482354	dust metagenome	Porcine	medium	Sus scrofa	NA	FALSE	NA	NA	NA	NA	Porcine
SRR11482376	dust metagenome	Porcine	medium	Sus scrofa	NA	FALSE	NA	NA	NA	NA	Porcine
SRR11482398	dust metagenome	Porcine	medium	Sus scrofa	NA	FALSE	NA	NA	NA	NA	Porcine
SRR18086810	Escherichia coli PCN033	Other	low	NA	NA	TRUE	NA	NA	NA	NA	Other
SRR18086811	Escherichia coli PCN033	Other	low	NA	NA	TRUE	NA	NA	NA	NA	Other
SRR18086812	Escherichia coli PCN033	Other	low	NA	NA	TRUE	NA	NA	NA	NA	Other
SRR18086813	Escherichia coli PCN033	Other	low	NA	NA	TRUE	NA	NA	NA	NA	Other
SRR18086814	Escherichia coli PCN033	Other	low	NA	NA	TRUE	NA	NA	NA	NA	Other
SRR18086815	Escherichia coli PCN033	Other	low	NA	NA	TRUE	NA	NA	NA	NA	Other
SRR18086816	Escherichia coli PCN033	Other	low	NA	NA	TRUE	NA	NA	NA	NA	Other
SRR18086817	Escherichia coli PCN033	Other	low	NA	NA	TRUE	NA	NA	NA	NA	Other
SRR11556309	Mus musculus	Rodent	high	NA	NA	FALSE	NA	NA	NA	NA	Rodent
SRR11569199	skin metagenome	Bovine	medium	Bos taurus	NA	FALSE	NA	NA	NA	NA	Bovine
SRR11569204	skin metagenome	Bovine	medium	Bos taurus	NA	FALSE	NA	NA	NA	NA	Bovine
SRR11569213	skin metagenome	Bovine	medium	Bos taurus	NA	FALSE	NA	NA	NA	NA	Bovine
SRR11569214	skin metagenome	Bovine	medium	Bos taurus	NA	FALSE	NA	NA	NA	NA	Bovine
SRR11638003	Homo sapiens	Human	high	NA	NA	FALSE	NA	NA	NA	NA	Human
SRR11638020	Homo sapiens	Human	high	NA	NA	FALSE	NA	NA	NA	NA	Human
SRR11657643	Ovis aries	Ovine	high	NA	NA	FALSE	NA	NA	NA	NA	Ovine
SRR18086818	Escherichia coli PCN033	Other	low	NA	NA	TRUE	NA	NA	NA	NA	Other
SRR18086819	Escherichia coli PCN033	Other	low	NA	NA	TRUE	NA	NA	NA	NA	Other
SRR19591486	Firmicutes	Other	low	NA	NA	TRUE	NA	NA	NA	NA	Other
SRR19591498	Firmicutes	Other	low	NA	NA	TRUE	NA	NA	NA	NA	Other
SRR19591509	Firmicutes	Other	low	NA	NA	TRUE	NA	NA	NA	NA	Other
SRR19591510	Firmicutes	Other	low	NA	NA	TRUE	NA	NA	NA	NA	Other
SRR19591516	Firmicutes	Other	low	NA	NA	TRUE	NA	NA	NA	NA	Other
SRR19591517	Firmicutes	Other	low	NA	NA	TRUE	NA	NA	NA	NA	Other
SRR19591519	Firmicutes	Other	low	NA	NA	TRUE	NA	NA	NA	NA	Other
SRR19591520	Firmicutes	Other	low	NA	NA	TRUE	NA	NA	NA	NA	Other
ERR9830501	Fraxinus excelsior	Other	low	NA	NA	TRUE	NA	NA	NA	NA	Other
SRR19595115	Ganoderma amboinense	Other	low	NA	NA	TRUE	NA	NA	NA	NA	Other
SRR25658126	Geranoaetus melanoleucus	Avian	low	NA	NA	TRUE	NA	NA	NA	NA	Avian
SRR15202050	Globodera ellingtonae	Other	low	NA	NA	TRUE	NA	NA	NA	NA	Other
SRR7411805	Glomus cerebriforme	Other	low	NA	NA	TRUE	NA	NA	NA	NA	Other
SRR11742808	human vaginal metagenome	Human	medium	NA	NA	FALSE	NA	NA	NA	NA	Human
SRR11743100	soil metagenome	Metagenome	manual	NA	Metagenome	FALSE	NA	NA	NA	NA	Metagenome
SRR11743604	Malapterurus electricus	Ray-finned Fish	high	NA	NA	FALSE	NA	NA	NA	NA	Ray-finned Fish
SRR11749262	human vaginal metagenome	Human	medium	NA	NA	FALSE	NA	NA	NA	NA	Human
SRR11749265	human vaginal metagenome	Human	medium	NA	NA	FALSE	NA	NA	NA	NA	Human
SRR11749266	human vaginal metagenome	Human	medium	NA	NA	FALSE	NA	NA	NA	NA	Human
SRR11749268	human vaginal metagenome	Human	medium	NA	NA	FALSE	NA	NA	NA	NA	Human
SRR11749272	human vaginal metagenome	Human	medium	NA	NA	FALSE	NA	NA	NA	NA	Human
SRR11749273	human vaginal metagenome	Human	medium	NA	NA	FALSE	NA	NA	NA	NA	Human
SRR11749275	human vaginal metagenome	Human	medium	NA	NA	FALSE	NA	NA	NA	NA	Human
SRR11749283	human vaginal metagenome	Human	medium	NA	NA	FALSE	NA	NA	NA	NA	Human
SRR11749284	human vaginal metagenome	Human	medium	NA	NA	FALSE	NA	NA	NA	NA	Human
SRR11749286	human vaginal metagenome	Human	medium	NA	NA	FALSE	NA	NA	NA	NA	Human
SRR11749292	human vaginal metagenome	Human	medium	NA	NA	FALSE	NA	NA	NA	NA	Human
SRR11783906	human skin metagenome	Human	medium	NA	NA	FALSE	NA	NA	NA	NA	Human
SRR11783907	human skin metagenome	Human	medium	NA	NA	FALSE	NA	NA	NA	NA	Human
SRR11783908	human skin metagenome	Human	medium	NA	NA	FALSE	NA	NA	NA	NA	Human
SRR11783954	human skin metagenome	Human	medium	NA	NA	FALSE	NA	NA	NA	NA	Human
SRR11783955	human skin metagenome	Human	medium	NA	NA	FALSE	NA	NA	NA	NA	Human
SRR10297511	Glycine max	Other	low	NA	NA	TRUE	NA	NA	NA	NA	Other
SRR13345328	Glycine max	Other	low	NA	NA	TRUE	NA	NA	NA	NA	Other
SRR13345329	Glycine max	Other	low	NA	NA	TRUE	NA	NA	NA	NA	Other
SRR11531946	Gossypium hirsutum	Other	low	NA	NA	TRUE	NA	NA	NA	NA	Other
SRR11531947	Gossypium hirsutum	Other	low	NA	NA	TRUE	NA	NA	NA	NA	Other
SRR11531948	Gossypium hirsutum	Other	low	NA	NA	TRUE	NA	NA	NA	NA	Other
SRR11531949	Gossypium hirsutum	Other	low	NA	NA	TRUE	NA	NA	NA	NA	Other
SRR11531950	Gossypium hirsutum	Other	low	NA	NA	TRUE	NA	NA	NA	NA	Other
SRR11531951	Gossypium hirsutum	Other	low	NA	NA	TRUE	NA	NA	NA	NA	Other
SRR11531952	Gossypium hirsutum	Other	low	NA	NA	TRUE	NA	NA	NA	NA	Other
SRR11531953	Gossypium hirsutum	Other	low	NA	NA	TRUE	NA	NA	NA	NA	Other
SRR11728928	Gossypium hirsutum	Other	low	NA	NA	TRUE	NA	NA	NA	NA	Other
SRR11728929	Gossypium hirsutum	Other	low	NA	NA	TRUE	NA	NA	NA	NA	Other
SRR11790208	air metagenome	Metagenome	manual	NA	Metagenome	FALSE	NA	NA	NA	NA	Metagenome
SRR11728930	Gossypium hirsutum	Other	low	NA	NA	TRUE	NA	NA	NA	NA	Other
SRR11811979	Mus musculus	Rodent	high	NA	NA	FALSE	NA	NA	NA	NA	Rodent
SRR11811981	Mus musculus	Rodent	high	NA	NA	FALSE	NA	NA	NA	NA	Rodent
SRR11728937	Gossypium hirsutum	Other	low	NA	NA	TRUE	NA	NA	NA	NA	Other
SRR11728938	Gossypium hirsutum	Other	low	NA	NA	TRUE	NA	NA	NA	NA	Other
SRR11728939	Gossypium hirsutum	Other	low	NA	NA	TRUE	NA	NA	NA	NA	Other
SRR11842090	Bubalus bubalis	Bovine	high	NA	NA	FALSE	NA	NA	NA	NA	Bovine
SRR11866717	oil production facility metagenome	Metagenome	manual	NA	Metagenome	FALSE	NA	NA	NA	NA	Metagenome
SRR11870569	human milk metagenome	Human	medium	NA	NA	FALSE	NA	NA	NA	NA	Human
SRR11728946	Gossypium hirsutum	Other	low	NA	NA	TRUE	NA	NA	NA	NA	Other
SRR1190435	Mus musculus	Rodent	high	NA	NA	FALSE	NA	NA	NA	NA	Rodent
SRR11908748	Homo sapiens	Human	high	NA	NA	FALSE	NA	NA	NA	NA	Human
SRR11908776	Homo sapiens	Human	high	NA	NA	FALSE	NA	NA	NA	NA	Human
SRR11913441	skin metagenome	Bovine	medium	bovine	NA	FALSE	NA	NA	NA	NA	Bovine
SRR11913470	skin metagenome	Bovine	medium	bovine	NA	FALSE	NA	NA	NA	NA	Bovine
SRR11913479	skin metagenome	Bovine	medium	bovine	NA	FALSE	NA	NA	NA	NA	Bovine
SRR11941604	human gut metagenome	Human	medium	NA	NA	FALSE	NA	NA	NA	NA	Human
SRR11951209	Bufo gargarizans	Amphibian	high	NA	NA	FALSE	NA	NA	NA	NA	Amphibian
SRR11728947	Gossypium hirsutum	Other	low	NA	NA	TRUE	NA	NA	NA	NA	Other
SRR11996688	metagenome	Bovine	medium	Bos taurus	NA	FALSE	NA	NA	NA	NA	Bovine
SRR11996690	metagenome	Bovine	medium	Bos taurus	NA	FALSE	NA	NA	NA	NA	Bovine
SRR11996691	metagenome	Bovine	medium	Bos taurus	NA	FALSE	NA	NA	NA	NA	Bovine
SRR11996692	metagenome	Bovine	medium	Bos taurus	NA	FALSE	NA	NA	NA	NA	Bovine
SRR12007915	Homo sapiens	Human	high	NA	NA	FALSE	NA	NA	NA	NA	Human
SRR12007916	Homo sapiens	Human	high	NA	NA	FALSE	NA	NA	NA	NA	Human
SRR1201842	Human papillomavirus	Human	medium	NA	NA	FALSE	NA	NA	NA	NA	Human
SRR1201846	Human papillomavirus	Human	medium	NA	NA	FALSE	NA	NA	NA	NA	Human
SRR1201850	Human papillomavirus	Human	medium	NA	NA	FALSE	NA	NA	NA	NA	Human
SRR1201853	Human papillomavirus	Human	medium	NA	NA	FALSE	NA	NA	NA	NA	Human
SRR1201858	Human papillomavirus	Human	medium	NA	NA	FALSE	NA	NA	NA	NA	Human
SRR11728948	Gossypium hirsutum	Other	low	NA	NA	TRUE	NA	NA	NA	NA	Other
SRR12051941	Human papillomavirus	Human	medium	NA	NA	FALSE	NA	NA	NA	NA	Human
SRR12051949	Human papillomavirus	Human	medium	NA	NA	FALSE	NA	NA	NA	NA	Human
SRR12051977	Human papillomavirus	Human	medium	NA	NA	FALSE	NA	NA	NA	NA	Human
SRR12052053	Human papillomavirus	Human	medium	NA	NA	FALSE	NA	NA	NA	NA	Human
SRR12052109	Human papillomavirus	Human	medium	NA	NA	FALSE	NA	NA	NA	NA	Human
SRR12052116	Human papillomavirus	Human	medium	NA	NA	FALSE	NA	NA	NA	NA	Human
SRR12052161	Human papillomavirus	Human	medium	NA	NA	FALSE	NA	NA	NA	NA	Human
SRR12052173	Human papillomavirus	Human	medium	NA	NA	FALSE	NA	NA	NA	NA	Human
SRR12052176	Human papillomavirus	Human	medium	NA	NA	FALSE	NA	NA	NA	NA	Human
SRR12052244	Human papillomavirus	Human	medium	NA	NA	FALSE	NA	NA	NA	NA	Human
SRR12052254	Human papillomavirus	Human	medium	NA	NA	FALSE	NA	NA	NA	NA	Human
SRR12056157	Homo sapiens	Human	high	NA	NA	FALSE	NA	NA	NA	NA	Human
SRR11728955	Gossypium hirsutum	Other	low	NA	NA	TRUE	NA	NA	NA	NA	Other
SRR12089729	human skin metagenome	Human	medium	NA	NA	FALSE	NA	NA	NA	NA	Human
SRR12089738	human skin metagenome	Human	medium	NA	NA	FALSE	NA	NA	NA	NA	Human
SRR12089739	human skin metagenome	Human	medium	NA	NA	FALSE	NA	NA	NA	NA	Human
SRR12089741	human skin metagenome	Human	medium	NA	NA	FALSE	NA	NA	NA	NA	Human
SRR11728956	Gossypium hirsutum	Other	low	NA	NA	TRUE	NA	NA	NA	NA	Other
SRR12101319	Homo sapiens	Human	high	NA	NA	FALSE	NA	NA	NA	NA	Human
SRR12131508	Capra hircus	Caprine	high	NA	NA	FALSE	NA	NA	NA	NA	Caprine
SRR12131509	Capra hircus	Caprine	high	NA	NA	FALSE	NA	NA	NA	NA	Caprine
SRR12146172	Mus musculus	Rodent	high	NA	NA	FALSE	NA	NA	NA	NA	Rodent
SRR12167989	Homo sapiens	Human	high	NA	NA	FALSE	NA	NA	NA	NA	Human
SRR12167990	Homo sapiens	Human	high	NA	NA	FALSE	NA	NA	NA	NA	Human
SRR12167992	Homo sapiens	Human	high	NA	NA	FALSE	NA	NA	NA	NA	Human
SRR12173160	human skin metagenome	Human	medium	NA	NA	FALSE	NA	NA	NA	NA	Human
SRR12173162	human skin metagenome	Human	medium	NA	NA	FALSE	NA	NA	NA	NA	Human
SRR12173442	human skin metagenome	Human	medium	NA	NA	FALSE	NA	NA	NA	NA	Human
SRR12173447	human skin metagenome	Human	medium	NA	NA	FALSE	NA	NA	NA	NA	Human
SRR12173448	human skin metagenome	Human	medium	NA	NA	FALSE	NA	NA	NA	NA	Human
SRR12173449	human skin metagenome	Human	medium	NA	NA	FALSE	NA	NA	NA	NA	Human
SRR12173453	human skin metagenome	Human	medium	NA	NA	FALSE	NA	NA	NA	NA	Human
SRR12173457	human skin metagenome	Human	medium	NA	NA	FALSE	NA	NA	NA	NA	Human
SRR12173458	human skin metagenome	Human	medium	NA	NA	FALSE	NA	NA	NA	NA	Human
SRR12173459	human skin metagenome	Human	medium	NA	NA	FALSE	NA	NA	NA	NA	Human
SRR12173460	human skin metagenome	Human	medium	NA	NA	FALSE	NA	NA	NA	NA	Human
SRR12173674	human skin metagenome	Human	medium	NA	NA	FALSE	NA	NA	NA	NA	Human
SRR12173675	human skin metagenome	Human	medium	NA	NA	FALSE	NA	NA	NA	NA	Human
SRR12173677	human skin metagenome	Human	medium	NA	NA	FALSE	NA	NA	NA	NA	Human
SRR12173683	human skin metagenome	Human	medium	NA	NA	FALSE	NA	NA	NA	NA	Human
SRR12173684	human skin metagenome	Human	medium	NA	NA	FALSE	NA	NA	NA	NA	Human
SRR12203305	rodent metagenome	Rodent	medium	NA	NA	FALSE	NA	NA	NA	NA	Rodent
SRR12207376	Homo sapiens	Human	high	NA	NA	FALSE	NA	NA	NA	NA	Human
SRR12207377	Homo sapiens	Human	high	NA	NA	FALSE	NA	NA	NA	NA	Human
SRR12207378	Homo sapiens	Human	high	NA	NA	FALSE	NA	NA	NA	NA	Human
SRR12207379	Homo sapiens	Human	high	NA	NA	FALSE	NA	NA	NA	NA	Human
SRR12207380	Homo sapiens	Human	high	NA	NA	FALSE	NA	NA	NA	NA	Human
SRR12207381	Homo sapiens	Human	high	NA	NA	FALSE	NA	NA	NA	NA	Human
SRR12207382	Homo sapiens	Human	high	NA	NA	FALSE	NA	NA	NA	NA	Human
SRR12207383	Homo sapiens	Human	high	NA	NA	FALSE	NA	NA	NA	NA	Human
SRR12207384	Homo sapiens	Human	high	NA	NA	FALSE	NA	NA	NA	NA	Human
SRR12207385	Homo sapiens	Human	high	NA	NA	FALSE	NA	NA	NA	NA	Human
SRR12207392	Homo sapiens	Human	high	NA	NA	FALSE	NA	NA	NA	NA	Human
SRR12207395	Homo sapiens	Human	high	NA	NA	FALSE	NA	NA	NA	NA	Human
SRR12207400	Homo sapiens	Human	high	NA	NA	FALSE	NA	NA	NA	NA	Human
SRR12207401	Homo sapiens	Human	high	NA	NA	FALSE	NA	NA	NA	NA	Human
SRR12213197	human vaginal metagenome	Human	medium	NA	NA	FALSE	NA	NA	NA	NA	Human
SRR12213424	human vaginal metagenome	Human	medium	NA	NA	FALSE	NA	NA	NA	NA	Human
SRR12214082	human vaginal metagenome	Human	medium	NA	NA	FALSE	NA	NA	NA	NA	Human
SRR12214159	human vaginal metagenome	Human	medium	NA	NA	FALSE	NA	NA	NA	NA	Human
SRR12225167	Mus musculus	Rodent	high	NA	NA	FALSE	NA	NA	NA	NA	Rodent
SRR11728957	Gossypium hirsutum	Other	low	NA	NA	TRUE	NA	NA	NA	NA	Other
SRR12232758	bat metagenome	Bat	medium	NA	NA	FALSE	NA	NA	NA	NA	Bat
SRR12232778	bat metagenome	Bat	medium	NA	NA	FALSE	NA	NA	NA	NA	Bat
SRR12272355	Homo sapiens	Human	high	NA	NA	FALSE	NA	NA	NA	NA	Human
SRR12326867	gut metagenome	Human	medium	Homo sapiens	NA	FALSE	NA	NA	NA	NA	Human
SRR12330129	Canis lupus familiaris	Canine	high	NA	NA	FALSE	NA	NA	NA	NA	Canine
SRR12330205	Canis lupus familiaris	Canine	high	NA	NA	FALSE	NA	NA	NA	NA	Canine
SRR12366683	viral metagenome	Cetacean	medium	whale	NA	FALSE	NA	NA	NA	NA	Cetacean
SRR12366696	viral metagenome	Cetacean	medium	whale	NA	FALSE	NA	NA	NA	NA	Cetacean
SRR12395685	gut metagenome	Human	medium	Homo sapiens	NA	FALSE	NA	NA	NA	NA	Human
SRR12450595	Homo sapiens	Human	high	NA	NA	FALSE	NA	NA	NA	NA	Human
SRR12455966	fossil metagenome	Canine	medium	Canis lupus familiaris	NA	FALSE	NA	NA	NA	NA	Canine
SRR12477653	human gut metagenome	Human	medium	NA	NA	FALSE	NA	NA	NA	NA	Human
SRR11728964	Gossypium hirsutum	Other	low	NA	NA	TRUE	NA	NA	NA	NA	Other
SRR11728965	Gossypium hirsutum	Other	low	NA	NA	TRUE	NA	NA	NA	NA	Other
SRR11728966	Gossypium hirsutum	Other	low	NA	NA	TRUE	NA	NA	NA	NA	Other
SRR12517639	Homo sapiens	Human	high	NA	NA	FALSE	NA	NA	NA	NA	Human
SRR12517836	Homo sapiens	Human	high	NA	NA	FALSE	NA	NA	NA	NA	Human
SRR12517867	Homo sapiens	Human	high	NA	NA	FALSE	NA	NA	NA	NA	Human
SRR12517885	Homo sapiens	Human	high	NA	NA	FALSE	NA	NA	NA	NA	Human
SRR12520314	Homo sapiens	Human	high	NA	NA	FALSE	NA	NA	NA	NA	Human
SRR12520315	Homo sapiens	Human	high	NA	NA	FALSE	NA	NA	NA	NA	Human
SRR12520342	Homo sapiens	Human	high	NA	NA	FALSE	NA	NA	NA	NA	Human
SRR12532606	Carassius gibelio	Ray-finned Fish	high	NA	NA	FALSE	NA	NA	NA	NA	Ray-finned Fish
SRR15465784	Gossypium hirsutum	Other	low	NA	NA	TRUE	NA	NA	NA	NA	Other
SRR12594087	Homo sapiens	Human	high	NA	NA	FALSE	NA	NA	NA	NA	Human
SRR12594089	Homo sapiens	Human	high	NA	NA	FALSE	NA	NA	NA	NA	Human
SRR15465785	Gossypium hirsutum	Other	low	NA	NA	TRUE	NA	NA	NA	NA	Other
SRR12604243	Takydromus septentrionalis	Reptile	high	NA	NA	FALSE	NA	NA	NA	NA	Reptile
SRR12605137	Homo sapiens	Human	high	NA	NA	FALSE	NA	NA	NA	NA	Human
SRR12609399	Homo sapiens	Human	high	NA	NA	FALSE	NA	NA	NA	NA	Human
SRR12609703	Homo sapiens	Human	high	NA	NA	FALSE	NA	NA	NA	NA	Human
SRR12665205	human metagenome	Human	medium	NA	NA	FALSE	NA	NA	NA	NA	Human
SRR12665217	human metagenome	Human	medium	NA	NA	FALSE	NA	NA	NA	NA	Human
SRR12694846	Homo sapiens	Human	high	NA	NA	FALSE	NA	NA	NA	NA	Human
SRR12709069	Homo sapiens	Human	high	NA	NA	FALSE	NA	NA	NA	NA	Human
SRR12709088	Homo sapiens	Human	high	NA	NA	FALSE	NA	NA	NA	NA	Human
SRR12709093	Homo sapiens	Human	high	NA	NA	FALSE	NA	NA	NA	NA	Human
SRR12709095	Homo sapiens	Human	high	NA	NA	FALSE	NA	NA	NA	NA	Human
SRR12709096	Homo sapiens	Human	high	NA	NA	FALSE	NA	NA	NA	NA	Human
SRR12709097	Homo sapiens	Human	high	NA	NA	FALSE	NA	NA	NA	NA	Human
SRR12709101	Homo sapiens	Human	high	NA	NA	FALSE	NA	NA	NA	NA	Human
SRR12709105	Homo sapiens	Human	high	NA	NA	FALSE	NA	NA	NA	NA	Human
SRR12709106	Homo sapiens	Human	high	NA	NA	FALSE	NA	NA	NA	NA	Human
SRR12709108	Homo sapiens	Human	high	NA	NA	FALSE	NA	NA	NA	NA	Human
SRR12709109	Homo sapiens	Human	high	NA	NA	FALSE	NA	NA	NA	NA	Human
SRR12709113	Homo sapiens	Human	high	NA	NA	FALSE	NA	NA	NA	NA	Human
SRR12709114	Homo sapiens	Human	high	NA	NA	FALSE	NA	NA	NA	NA	Human
SRR12709115	Homo sapiens	Human	high	NA	NA	FALSE	NA	NA	NA	NA	Human
SRR12709120	Homo sapiens	Human	high	NA	NA	FALSE	NA	NA	NA	NA	Human
SRR12709121	Homo sapiens	Human	high	NA	NA	FALSE	NA	NA	NA	NA	Human
SRR12709123	Homo sapiens	Human	high	NA	NA	FALSE	NA	NA	NA	NA	Human
SRR12709124	Homo sapiens	Human	high	NA	NA	FALSE	NA	NA	NA	NA	Human
SRR12709125	Homo sapiens	Human	high	NA	NA	FALSE	NA	NA	NA	NA	Human
SRR12709126	Homo sapiens	Human	high	NA	NA	FALSE	NA	NA	NA	NA	Human
SRR12709127	Homo sapiens	Human	high	NA	NA	FALSE	NA	NA	NA	NA	Human
SRR12709128	Homo sapiens	Human	high	NA	NA	FALSE	NA	NA	NA	NA	Human
SRR12709131	Homo sapiens	Human	high	NA	NA	FALSE	NA	NA	NA	NA	Human
SRR12709132	Homo sapiens	Human	high	NA	NA	FALSE	NA	NA	NA	NA	Human
SRR12709133	Homo sapiens	Human	high	NA	NA	FALSE	NA	NA	NA	NA	Human
SRR12709134	Homo sapiens	Human	high	NA	NA	FALSE	NA	NA	NA	NA	Human
SRR12709135	Homo sapiens	Human	high	NA	NA	FALSE	NA	NA	NA	NA	Human
SRR12709136	Homo sapiens	Human	high	NA	NA	FALSE	NA	NA	NA	NA	Human
SRR12709137	Homo sapiens	Human	high	NA	NA	FALSE	NA	NA	NA	NA	Human
SRR12709138	Homo sapiens	Human	high	NA	NA	FALSE	NA	NA	NA	NA	Human
SRR12709139	Homo sapiens	Human	high	NA	NA	FALSE	NA	NA	NA	NA	Human
SRR12709140	Homo sapiens	Human	high	NA	NA	FALSE	NA	NA	NA	NA	Human
SRR12709141	Homo sapiens	Human	high	NA	NA	FALSE	NA	NA	NA	NA	Human
SRR12709142	Homo sapiens	Human	high	NA	NA	FALSE	NA	NA	NA	NA	Human
SRR12709143	Homo sapiens	Human	high	NA	NA	FALSE	NA	NA	NA	NA	Human
SRR12709145	Homo sapiens	Human	high	NA	NA	FALSE	NA	NA	NA	NA	Human
SRR12709147	Homo sapiens	Human	high	NA	NA	FALSE	NA	NA	NA	NA	Human
SRR12709148	Homo sapiens	Human	high	NA	NA	FALSE	NA	NA	NA	NA	Human
SRR12709149	Homo sapiens	Human	high	NA	NA	FALSE	NA	NA	NA	NA	Human
SRR12709150	Homo sapiens	Human	high	NA	NA	FALSE	NA	NA	NA	NA	Human
SRR12709151	Homo sapiens	Human	high	NA	NA	FALSE	NA	NA	NA	NA	Human
SRR12709153	Homo sapiens	Human	high	NA	NA	FALSE	NA	NA	NA	NA	Human
SRR12709154	Homo sapiens	Human	high	NA	NA	FALSE	NA	NA	NA	NA	Human
SRR12709155	Homo sapiens	Human	high	NA	NA	FALSE	NA	NA	NA	NA	Human
SRR12709156	Homo sapiens	Human	high	NA	NA	FALSE	NA	NA	NA	NA	Human
SRR12709157	Homo sapiens	Human	high	NA	NA	FALSE	NA	NA	NA	NA	Human
SRR12709160	Homo sapiens	Human	high	NA	NA	FALSE	NA	NA	NA	NA	Human
SRR12709161	Homo sapiens	Human	high	NA	NA	FALSE	NA	NA	NA	NA	Human
SRR12709163	Homo sapiens	Human	high	NA	NA	FALSE	NA	NA	NA	NA	Human
SRR12709164	Homo sapiens	Human	high	NA	NA	FALSE	NA	NA	NA	NA	Human
SRR12709165	Homo sapiens	Human	high	NA	NA	FALSE	NA	NA	NA	NA	Human
SRR12709167	Homo sapiens	Human	high	NA	NA	FALSE	NA	NA	NA	NA	Human
SRR12709168	Homo sapiens	Human	high	NA	NA	FALSE	NA	NA	NA	NA	Human
SRR12709169	Homo sapiens	Human	high	NA	NA	FALSE	NA	NA	NA	NA	Human
SRR12709170	Homo sapiens	Human	high	NA	NA	FALSE	NA	NA	NA	NA	Human
SRR12709171	Homo sapiens	Human	high	NA	NA	FALSE	NA	NA	NA	NA	Human
SRR12709172	Homo sapiens	Human	high	NA	NA	FALSE	NA	NA	NA	NA	Human
SRR12709173	Homo sapiens	Human	high	NA	NA	FALSE	NA	NA	NA	NA	Human
SRR12709174	Homo sapiens	Human	high	NA	NA	FALSE	NA	NA	NA	NA	Human
SRR12709175	Homo sapiens	Human	high	NA	NA	FALSE	NA	NA	NA	NA	Human
SRR12709176	Homo sapiens	Human	high	NA	NA	FALSE	NA	NA	NA	NA	Human
SRR12709177	Homo sapiens	Human	high	NA	NA	FALSE	NA	NA	NA	NA	Human
SRR12709178	Homo sapiens	Human	high	NA	NA	FALSE	NA	NA	NA	NA	Human
SRR12709179	Homo sapiens	Human	high	NA	NA	FALSE	NA	NA	NA	NA	Human
SRR12709180	Homo sapiens	Human	high	NA	NA	FALSE	NA	NA	NA	NA	Human
SRR12709181	Homo sapiens	Human	high	NA	NA	FALSE	NA	NA	NA	NA	Human
SRR12709182	Homo sapiens	Human	high	NA	NA	FALSE	NA	NA	NA	NA	Human
SRR12709187	Homo sapiens	Human	high	NA	NA	FALSE	NA	NA	NA	NA	Human
SRR12709188	Homo sapiens	Human	high	NA	NA	FALSE	NA	NA	NA	NA	Human
SRR12709189	Homo sapiens	Human	high	NA	NA	FALSE	NA	NA	NA	NA	Human
SRR12709192	Homo sapiens	Human	high	NA	NA	FALSE	NA	NA	NA	NA	Human
SRR12709194	Homo sapiens	Human	high	NA	NA	FALSE	NA	NA	NA	NA	Human
SRR12709196	Homo sapiens	Human	high	NA	NA	FALSE	NA	NA	NA	NA	Human
SRR12709198	Homo sapiens	Human	high	NA	NA	FALSE	NA	NA	NA	NA	Human
SRR12709199	Homo sapiens	Human	high	NA	NA	FALSE	NA	NA	NA	NA	Human
SRR12709201	Homo sapiens	Human	high	NA	NA	FALSE	NA	NA	NA	NA	Human
SRR12709202	Homo sapiens	Human	high	NA	NA	FALSE	NA	NA	NA	NA	Human
SRR12709203	Homo sapiens	Human	high	NA	NA	FALSE	NA	NA	NA	NA	Human
SRR12709205	Homo sapiens	Human	high	NA	NA	FALSE	NA	NA	NA	NA	Human
SRR12709211	Homo sapiens	Human	high	NA	NA	FALSE	NA	NA	NA	NA	Human
SRR12709212	Homo sapiens	Human	high	NA	NA	FALSE	NA	NA	NA	NA	Human
SRR12709214	Homo sapiens	Human	high	NA	NA	FALSE	NA	NA	NA	NA	Human
SRR12709215	Homo sapiens	Human	high	NA	NA	FALSE	NA	NA	NA	NA	Human
SRR12709217	Homo sapiens	Human	high	NA	NA	FALSE	NA	NA	NA	NA	Human
SRR12709218	Homo sapiens	Human	high	NA	NA	FALSE	NA	NA	NA	NA	Human
SRR12709220	Homo sapiens	Human	high	NA	NA	FALSE	NA	NA	NA	NA	Human
SRR12709221	Homo sapiens	Human	high	NA	NA	FALSE	NA	NA	NA	NA	Human
SRR12709222	Homo sapiens	Human	high	NA	NA	FALSE	NA	NA	NA	NA	Human
SRR12709224	Homo sapiens	Human	high	NA	NA	FALSE	NA	NA	NA	NA	Human
SRR12709225	Homo sapiens	Human	high	NA	NA	FALSE	NA	NA	NA	NA	Human
SRR12709228	Homo sapiens	Human	high	NA	NA	FALSE	NA	NA	NA	NA	Human
SRR12709230	Homo sapiens	Human	high	NA	NA	FALSE	NA	NA	NA	NA	Human
SRR12709232	Homo sapiens	Human	high	NA	NA	FALSE	NA	NA	NA	NA	Human
SRR12709234	Homo sapiens	Human	high	NA	NA	FALSE	NA	NA	NA	NA	Human
SRR12709236	Homo sapiens	Human	high	NA	NA	FALSE	NA	NA	NA	NA	Human
SRR12709237	Homo sapiens	Human	high	NA	NA	FALSE	NA	NA	NA	NA	Human
SRR12709238	Homo sapiens	Human	high	NA	NA	FALSE	NA	NA	NA	NA	Human
SRR12709240	Homo sapiens	Human	high	NA	NA	FALSE	NA	NA	NA	NA	Human
SRR12709242	Homo sapiens	Human	high	NA	NA	FALSE	NA	NA	NA	NA	Human
SRR12709245	Homo sapiens	Human	high	NA	NA	FALSE	NA	NA	NA	NA	Human
SRR12709248	Homo sapiens	Human	high	NA	NA	FALSE	NA	NA	NA	NA	Human
SRR12709249	Homo sapiens	Human	high	NA	NA	FALSE	NA	NA	NA	NA	Human
SRR12709250	Homo sapiens	Human	high	NA	NA	FALSE	NA	NA	NA	NA	Human
SRR12709251	Homo sapiens	Human	high	NA	NA	FALSE	NA	NA	NA	NA	Human
SRR12709253	Homo sapiens	Human	high	NA	NA	FALSE	NA	NA	NA	NA	Human
SRR12709255	Homo sapiens	Human	high	NA	NA	FALSE	NA	NA	NA	NA	Human
SRR12709256	Homo sapiens	Human	high	NA	NA	FALSE	NA	NA	NA	NA	Human
SRR12709258	Homo sapiens	Human	high	NA	NA	FALSE	NA	NA	NA	NA	Human
SRR12709263	Homo sapiens	Human	high	NA	NA	FALSE	NA	NA	NA	NA	Human
SRR12709267	Homo sapiens	Human	high	NA	NA	FALSE	NA	NA	NA	NA	Human
SRR12709268	Homo sapiens	Human	high	NA	NA	FALSE	NA	NA	NA	NA	Human
SRR12709269	Homo sapiens	Human	high	NA	NA	FALSE	NA	NA	NA	NA	Human
SRR12709270	Homo sapiens	Human	high	NA	NA	FALSE	NA	NA	NA	NA	Human
SRR12709271	Homo sapiens	Human	high	NA	NA	FALSE	NA	NA	NA	NA	Human
SRR12709274	Homo sapiens	Human	high	NA	NA	FALSE	NA	NA	NA	NA	Human
SRR12709275	Homo sapiens	Human	high	NA	NA	FALSE	NA	NA	NA	NA	Human
SRR12709276	Homo sapiens	Human	high	NA	NA	FALSE	NA	NA	NA	NA	Human
SRR12709277	Homo sapiens	Human	high	NA	NA	FALSE	NA	NA	NA	NA	Human
SRR12709278	Homo sapiens	Human	high	NA	NA	FALSE	NA	NA	NA	NA	Human
SRR12709279	Homo sapiens	Human	high	NA	NA	FALSE	NA	NA	NA	NA	Human
SRR12709280	Homo sapiens	Human	high	NA	NA	FALSE	NA	NA	NA	NA	Human
SRR12709281	Homo sapiens	Human	high	NA	NA	FALSE	NA	NA	NA	NA	Human
SRR12709282	Homo sapiens	Human	high	NA	NA	FALSE	NA	NA	NA	NA	Human
SRR12709284	Homo sapiens	Human	high	NA	NA	FALSE	NA	NA	NA	NA	Human
SRR12709285	Homo sapiens	Human	high	NA	NA	FALSE	NA	NA	NA	NA	Human
SRR12709287	Homo sapiens	Human	high	NA	NA	FALSE	NA	NA	NA	NA	Human
SRR12709288	Homo sapiens	Human	high	NA	NA	FALSE	NA	NA	NA	NA	Human
SRR12709289	Homo sapiens	Human	high	NA	NA	FALSE	NA	NA	NA	NA	Human
SRR12709290	Homo sapiens	Human	high	NA	NA	FALSE	NA	NA	NA	NA	Human
SRR12709292	Homo sapiens	Human	high	NA	NA	FALSE	NA	NA	NA	NA	Human
SRR12709294	Homo sapiens	Human	high	NA	NA	FALSE	NA	NA	NA	NA	Human
SRR12709295	Homo sapiens	Human	high	NA	NA	FALSE	NA	NA	NA	NA	Human
SRR12709296	Homo sapiens	Human	high	NA	NA	FALSE	NA	NA	NA	NA	Human
SRR12709297	Homo sapiens	Human	high	NA	NA	FALSE	NA	NA	NA	NA	Human
SRR12709298	Homo sapiens	Human	high	NA	NA	FALSE	NA	NA	NA	NA	Human
SRR12709300	Homo sapiens	Human	high	NA	NA	FALSE	NA	NA	NA	NA	Human
SRR12709303	Homo sapiens	Human	high	NA	NA	FALSE	NA	NA	NA	NA	Human
SRR12709304	Homo sapiens	Human	high	NA	NA	FALSE	NA	NA	NA	NA	Human
SRR12709306	Homo sapiens	Human	high	NA	NA	FALSE	NA	NA	NA	NA	Human
SRR12709307	Homo sapiens	Human	high	NA	NA	FALSE	NA	NA	NA	NA	Human
SRR12709308	Homo sapiens	Human	high	NA	NA	FALSE	NA	NA	NA	NA	Human
SRR12709309	Homo sapiens	Human	high	NA	NA	FALSE	NA	NA	NA	NA	Human
SRR12709310	Homo sapiens	Human	high	NA	NA	FALSE	NA	NA	NA	NA	Human
SRR12709311	Homo sapiens	Human	high	NA	NA	FALSE	NA	NA	NA	NA	Human
SRR12709312	Homo sapiens	Human	high	NA	NA	FALSE	NA	NA	NA	NA	Human
SRR12709313	Homo sapiens	Human	high	NA	NA	FALSE	NA	NA	NA	NA	Human
SRR12709314	Homo sapiens	Human	high	NA	NA	FALSE	NA	NA	NA	NA	Human
SRR12709315	Homo sapiens	Human	high	NA	NA	FALSE	NA	NA	NA	NA	Human
SRR12709316	Homo sapiens	Human	high	NA	NA	FALSE	NA	NA	NA	NA	Human
SRR12709317	Homo sapiens	Human	high	NA	NA	FALSE	NA	NA	NA	NA	Human
SRR12709318	Homo sapiens	Human	high	NA	NA	FALSE	NA	NA	NA	NA	Human
SRR12709319	Homo sapiens	Human	high	NA	NA	FALSE	NA	NA	NA	NA	Human
SRR12709320	Homo sapiens	Human	high	NA	NA	FALSE	NA	NA	NA	NA	Human
SRR12709322	Homo sapiens	Human	high	NA	NA	FALSE	NA	NA	NA	NA	Human
SRR12709323	Homo sapiens	Human	high	NA	NA	FALSE	NA	NA	NA	NA	Human
SRR12709324	Homo sapiens	Human	high	NA	NA	FALSE	NA	NA	NA	NA	Human
SRR12709325	Homo sapiens	Human	high	NA	NA	FALSE	NA	NA	NA	NA	Human
SRR12709326	Homo sapiens	Human	high	NA	NA	FALSE	NA	NA	NA	NA	Human
SRR12709329	Homo sapiens	Human	high	NA	NA	FALSE	NA	NA	NA	NA	Human
SRR12709330	Homo sapiens	Human	high	NA	NA	FALSE	NA	NA	NA	NA	Human
SRR12709331	Homo sapiens	Human	high	NA	NA	FALSE	NA	NA	NA	NA	Human
SRR12709333	Homo sapiens	Human	high	NA	NA	FALSE	NA	NA	NA	NA	Human
SRR12709334	Homo sapiens	Human	high	NA	NA	FALSE	NA	NA	NA	NA	Human
SRR12709335	Homo sapiens	Human	high	NA	NA	FALSE	NA	NA	NA	NA	Human
SRR12709336	Homo sapiens	Human	high	NA	NA	FALSE	NA	NA	NA	NA	Human
SRR12709337	Homo sapiens	Human	high	NA	NA	FALSE	NA	NA	NA	NA	Human
SRR12709339	Homo sapiens	Human	high	NA	NA	FALSE	NA	NA	NA	NA	Human
SRR12709340	Homo sapiens	Human	high	NA	NA	FALSE	NA	NA	NA	NA	Human
SRR12709342	Homo sapiens	Human	high	NA	NA	FALSE	NA	NA	NA	NA	Human
SRR12709343	Homo sapiens	Human	high	NA	NA	FALSE	NA	NA	NA	NA	Human
SRR12709345	Homo sapiens	Human	high	NA	NA	FALSE	NA	NA	NA	NA	Human
SRR12709347	Homo sapiens	Human	high	NA	NA	FALSE	NA	NA	NA	NA	Human
SRR12709349	Homo sapiens	Human	high	NA	NA	FALSE	NA	NA	NA	NA	Human
SRR12709350	Homo sapiens	Human	high	NA	NA	FALSE	NA	NA	NA	NA	Human
SRR12709351	Homo sapiens	Human	high	NA	NA	FALSE	NA	NA	NA	NA	Human
SRR12709352	Homo sapiens	Human	high	NA	NA	FALSE	NA	NA	NA	NA	Human
SRR12709356	Homo sapiens	Human	high	NA	NA	FALSE	NA	NA	NA	NA	Human
SRR12709359	Homo sapiens	Human	high	NA	NA	FALSE	NA	NA	NA	NA	Human
SRR12709360	Homo sapiens	Human	high	NA	NA	FALSE	NA	NA	NA	NA	Human
SRR12709361	Homo sapiens	Human	high	NA	NA	FALSE	NA	NA	NA	NA	Human
SRR12709362	Homo sapiens	Human	high	NA	NA	FALSE	NA	NA	NA	NA	Human
SRR12709363	Homo sapiens	Human	high	NA	NA	FALSE	NA	NA	NA	NA	Human
SRR12709367	Homo sapiens	Human	high	NA	NA	FALSE	NA	NA	NA	NA	Human
SRR12709369	Homo sapiens	Human	high	NA	NA	FALSE	NA	NA	NA	NA	Human
SRR12709370	Homo sapiens	Human	high	NA	NA	FALSE	NA	NA	NA	NA	Human
SRR12709371	Homo sapiens	Human	high	NA	NA	FALSE	NA	NA	NA	NA	Human
SRR12709373	Homo sapiens	Human	high	NA	NA	FALSE	NA	NA	NA	NA	Human
SRR12709374	Homo sapiens	Human	high	NA	NA	FALSE	NA	NA	NA	NA	Human
SRR12709375	Homo sapiens	Human	high	NA	NA	FALSE	NA	NA	NA	NA	Human
SRR12709379	Homo sapiens	Human	high	NA	NA	FALSE	NA	NA	NA	NA	Human
SRR12709380	Homo sapiens	Human	high	NA	NA	FALSE	NA	NA	NA	NA	Human
SRR12709382	Homo sapiens	Human	high	NA	NA	FALSE	NA	NA	NA	NA	Human
SRR12709384	Homo sapiens	Human	high	NA	NA	FALSE	NA	NA	NA	NA	Human
SRR12709386	Homo sapiens	Human	high	NA	NA	FALSE	NA	NA	NA	NA	Human
SRR12709387	Homo sapiens	Human	high	NA	NA	FALSE	NA	NA	NA	NA	Human
SRR12709389	Homo sapiens	Human	high	NA	NA	FALSE	NA	NA	NA	NA	Human
SRR12709392	Homo sapiens	Human	high	NA	NA	FALSE	NA	NA	NA	NA	Human
SRR12709393	Homo sapiens	Human	high	NA	NA	FALSE	NA	NA	NA	NA	Human
SRR12709394	Homo sapiens	Human	high	NA	NA	FALSE	NA	NA	NA	NA	Human
SRR12709395	Homo sapiens	Human	high	NA	NA	FALSE	NA	NA	NA	NA	Human
SRR12709396	Homo sapiens	Human	high	NA	NA	FALSE	NA	NA	NA	NA	Human
SRR12709397	Homo sapiens	Human	high	NA	NA	FALSE	NA	NA	NA	NA	Human
SRR12709398	Homo sapiens	Human	high	NA	NA	FALSE	NA	NA	NA	NA	Human
SRR12709400	Homo sapiens	Human	high	NA	NA	FALSE	NA	NA	NA	NA	Human
SRR12709401	Homo sapiens	Human	high	NA	NA	FALSE	NA	NA	NA	NA	Human
SRR12709402	Homo sapiens	Human	high	NA	NA	FALSE	NA	NA	NA	NA	Human
SRR12709403	Homo sapiens	Human	high	NA	NA	FALSE	NA	NA	NA	NA	Human
SRR12709404	Homo sapiens	Human	high	NA	NA	FALSE	NA	NA	NA	NA	Human
SRR12709405	Homo sapiens	Human	high	NA	NA	FALSE	NA	NA	NA	NA	Human
SRR12709406	Homo sapiens	Human	high	NA	NA	FALSE	NA	NA	NA	NA	Human
SRR12709407	Homo sapiens	Human	high	NA	NA	FALSE	NA	NA	NA	NA	Human
SRR12709408	Homo sapiens	Human	high	NA	NA	FALSE	NA	NA	NA	NA	Human
SRR12709409	Homo sapiens	Human	high	NA	NA	FALSE	NA	NA	NA	NA	Human
SRR12709411	Homo sapiens	Human	high	NA	NA	FALSE	NA	NA	NA	NA	Human
SRR12709412	Homo sapiens	Human	high	NA	NA	FALSE	NA	NA	NA	NA	Human
SRR12709413	Homo sapiens	Human	high	NA	NA	FALSE	NA	NA	NA	NA	Human
SRR12709416	Homo sapiens	Human	high	NA	NA	FALSE	NA	NA	NA	NA	Human
SRR12709417	Homo sapiens	Human	high	NA	NA	FALSE	NA	NA	NA	NA	Human
SRR12709419	Homo sapiens	Human	high	NA	NA	FALSE	NA	NA	NA	NA	Human
SRR12709420	Homo sapiens	Human	high	NA	NA	FALSE	NA	NA	NA	NA	Human
SRR12709421	Homo sapiens	Human	high	NA	NA	FALSE	NA	NA	NA	NA	Human
SRR12709422	Homo sapiens	Human	high	NA	NA	FALSE	NA	NA	NA	NA	Human
SRR12709423	Homo sapiens	Human	high	NA	NA	FALSE	NA	NA	NA	NA	Human
SRR12709424	Homo sapiens	Human	high	NA	NA	FALSE	NA	NA	NA	NA	Human
SRR12709425	Homo sapiens	Human	high	NA	NA	FALSE	NA	NA	NA	NA	Human
SRR12709426	Homo sapiens	Human	high	NA	NA	FALSE	NA	NA	NA	NA	Human
SRR12709427	Homo sapiens	Human	high	NA	NA	FALSE	NA	NA	NA	NA	Human
SRR12709428	Homo sapiens	Human	high	NA	NA	FALSE	NA	NA	NA	NA	Human
SRR12709429	Homo sapiens	Human	high	NA	NA	FALSE	NA	NA	NA	NA	Human
SRR12709430	Homo sapiens	Human	high	NA	NA	FALSE	NA	NA	NA	NA	Human
SRR12709431	Homo sapiens	Human	high	NA	NA	FALSE	NA	NA	NA	NA	Human
SRR12709432	Homo sapiens	Human	high	NA	NA	FALSE	NA	NA	NA	NA	Human
SRR12709433	Homo sapiens	Human	high	NA	NA	FALSE	NA	NA	NA	NA	Human
SRR12709434	Homo sapiens	Human	high	NA	NA	FALSE	NA	NA	NA	NA	Human
SRR12709435	Homo sapiens	Human	high	NA	NA	FALSE	NA	NA	NA	NA	Human
SRR12709436	Homo sapiens	Human	high	NA	NA	FALSE	NA	NA	NA	NA	Human
SRR12709437	Homo sapiens	Human	high	NA	NA	FALSE	NA	NA	NA	NA	Human
SRR12709438	Homo sapiens	Human	high	NA	NA	FALSE	NA	NA	NA	NA	Human
SRR12709439	Homo sapiens	Human	high	NA	NA	FALSE	NA	NA	NA	NA	Human
SRR12709440	Homo sapiens	Human	high	NA	NA	FALSE	NA	NA	NA	NA	Human
SRR12709441	Homo sapiens	Human	high	NA	NA	FALSE	NA	NA	NA	NA	Human
SRR12709442	Homo sapiens	Human	high	NA	NA	FALSE	NA	NA	NA	NA	Human
SRR12709443	Homo sapiens	Human	high	NA	NA	FALSE	NA	NA	NA	NA	Human
SRR12709444	Homo sapiens	Human	high	NA	NA	FALSE	NA	NA	NA	NA	Human
SRR12709447	Homo sapiens	Human	high	NA	NA	FALSE	NA	NA	NA	NA	Human
SRR12709448	Homo sapiens	Human	high	NA	NA	FALSE	NA	NA	NA	NA	Human
SRR12709449	Homo sapiens	Human	high	NA	NA	FALSE	NA	NA	NA	NA	Human
SRR12709450	Homo sapiens	Human	high	NA	NA	FALSE	NA	NA	NA	NA	Human
SRR12709451	Homo sapiens	Human	high	NA	NA	FALSE	NA	NA	NA	NA	Human
SRR12709452	Homo sapiens	Human	high	NA	NA	FALSE	NA	NA	NA	NA	Human
SRR12709453	Homo sapiens	Human	high	NA	NA	FALSE	NA	NA	NA	NA	Human
SRR12709454	Homo sapiens	Human	high	NA	NA	FALSE	NA	NA	NA	NA	Human
SRR12709456	Homo sapiens	Human	high	NA	NA	FALSE	NA	NA	NA	NA	Human
SRR12709457	Homo sapiens	Human	high	NA	NA	FALSE	NA	NA	NA	NA	Human
SRR12709459	Homo sapiens	Human	high	NA	NA	FALSE	NA	NA	NA	NA	Human
SRR12709460	Homo sapiens	Human	high	NA	NA	FALSE	NA	NA	NA	NA	Human
SRR12709461	Homo sapiens	Human	high	NA	NA	FALSE	NA	NA	NA	NA	Human
SRR12709462	Homo sapiens	Human	high	NA	NA	FALSE	NA	NA	NA	NA	Human
SRR12709463	Homo sapiens	Human	high	NA	NA	FALSE	NA	NA	NA	NA	Human
SRR12709464	Homo sapiens	Human	high	NA	NA	FALSE	NA	NA	NA	NA	Human
SRR12709465	Homo sapiens	Human	high	NA	NA	FALSE	NA	NA	NA	NA	Human
SRR12709466	Homo sapiens	Human	high	NA	NA	FALSE	NA	NA	NA	NA	Human
SRR12709467	Homo sapiens	Human	high	NA	NA	FALSE	NA	NA	NA	NA	Human
SRR12709469	Homo sapiens	Human	high	NA	NA	FALSE	NA	NA	NA	NA	Human
SRR12709470	Homo sapiens	Human	high	NA	NA	FALSE	NA	NA	NA	NA	Human
SRR12709472	Homo sapiens	Human	high	NA	NA	FALSE	NA	NA	NA	NA	Human
SRR12709473	Homo sapiens	Human	high	NA	NA	FALSE	NA	NA	NA	NA	Human
SRR12709474	Homo sapiens	Human	high	NA	NA	FALSE	NA	NA	NA	NA	Human
SRR12709475	Homo sapiens	Human	high	NA	NA	FALSE	NA	NA	NA	NA	Human
SRR12709476	Homo sapiens	Human	high	NA	NA	FALSE	NA	NA	NA	NA	Human
SRR12709477	Homo sapiens	Human	high	NA	NA	FALSE	NA	NA	NA	NA	Human
SRR12709478	Homo sapiens	Human	high	NA	NA	FALSE	NA	NA	NA	NA	Human
SRR12709479	Homo sapiens	Human	high	NA	NA	FALSE	NA	NA	NA	NA	Human
SRR12709480	Homo sapiens	Human	high	NA	NA	FALSE	NA	NA	NA	NA	Human
SRR12709481	Homo sapiens	Human	high	NA	NA	FALSE	NA	NA	NA	NA	Human
SRR12709487	Homo sapiens	Human	high	NA	NA	FALSE	NA	NA	NA	NA	Human
SRR12709528	Homo sapiens	Human	high	NA	NA	FALSE	NA	NA	NA	NA	Human
SRR12709530	Homo sapiens	Human	high	NA	NA	FALSE	NA	NA	NA	NA	Human
SRR12709533	Homo sapiens	Human	high	NA	NA	FALSE	NA	NA	NA	NA	Human
SRR12709534	Homo sapiens	Human	high	NA	NA	FALSE	NA	NA	NA	NA	Human
SRR12709538	Homo sapiens	Human	high	NA	NA	FALSE	NA	NA	NA	NA	Human
SRR12709539	Homo sapiens	Human	high	NA	NA	FALSE	NA	NA	NA	NA	Human
SRR12709541	Homo sapiens	Human	high	NA	NA	FALSE	NA	NA	NA	NA	Human
SRR12709543	Homo sapiens	Human	high	NA	NA	FALSE	NA	NA	NA	NA	Human
SRR12709545	Homo sapiens	Human	high	NA	NA	FALSE	NA	NA	NA	NA	Human
SRR12709551	Homo sapiens	Human	high	NA	NA	FALSE	NA	NA	NA	NA	Human
SRR12709553	Homo sapiens	Human	high	NA	NA	FALSE	NA	NA	NA	NA	Human
SRR12709556	Homo sapiens	Human	high	NA	NA	FALSE	NA	NA	NA	NA	Human
SRR12709559	Homo sapiens	Human	high	NA	NA	FALSE	NA	NA	NA	NA	Human
SRR12709564	Homo sapiens	Human	high	NA	NA	FALSE	NA	NA	NA	NA	Human
SRR12709565	Homo sapiens	Human	high	NA	NA	FALSE	NA	NA	NA	NA	Human
SRR12709566	Homo sapiens	Human	high	NA	NA	FALSE	NA	NA	NA	NA	Human
SRR12709681	Homo sapiens	Human	high	NA	NA	FALSE	NA	NA	NA	NA	Human
SRR12709682	Homo sapiens	Human	high	NA	NA	FALSE	NA	NA	NA	NA	Human
SRR12709683	Homo sapiens	Human	high	NA	NA	FALSE	NA	NA	NA	NA	Human
SRR12709684	Homo sapiens	Human	high	NA	NA	FALSE	NA	NA	NA	NA	Human
SRR12709685	Homo sapiens	Human	high	NA	NA	FALSE	NA	NA	NA	NA	Human
SRR12709686	Homo sapiens	Human	high	NA	NA	FALSE	NA	NA	NA	NA	Human
SRR12709687	Homo sapiens	Human	high	NA	NA	FALSE	NA	NA	NA	NA	Human
SRR12709690	Homo sapiens	Human	high	NA	NA	FALSE	NA	NA	NA	NA	Human
SRR12709691	Homo sapiens	Human	high	NA	NA	FALSE	NA	NA	NA	NA	Human
SRR12709692	Homo sapiens	Human	high	NA	NA	FALSE	NA	NA	NA	NA	Human
SRR12709695	Homo sapiens	Human	high	NA	NA	FALSE	NA	NA	NA	NA	Human
SRR12709697	Homo sapiens	Human	high	NA	NA	FALSE	NA	NA	NA	NA	Human
SRR12709698	Homo sapiens	Human	high	NA	NA	FALSE	NA	NA	NA	NA	Human
SRR12709700	Homo sapiens	Human	high	NA	NA	FALSE	NA	NA	NA	NA	Human
SRR12709701	Homo sapiens	Human	high	NA	NA	FALSE	NA	NA	NA	NA	Human
SRR12709702	Homo sapiens	Human	high	NA	NA	FALSE	NA	NA	NA	NA	Human
SRR12709703	Homo sapiens	Human	high	NA	NA	FALSE	NA	NA	NA	NA	Human
SRR12709705	Homo sapiens	Human	high	NA	NA	FALSE	NA	NA	NA	NA	Human
SRR12709706	Homo sapiens	Human	high	NA	NA	FALSE	NA	NA	NA	NA	Human
SRR12709707	Homo sapiens	Human	high	NA	NA	FALSE	NA	NA	NA	NA	Human
SRR12709708	Homo sapiens	Human	high	NA	NA	FALSE	NA	NA	NA	NA	Human
SRR12709709	Homo sapiens	Human	high	NA	NA	FALSE	NA	NA	NA	NA	Human
SRR12709710	Homo sapiens	Human	high	NA	NA	FALSE	NA	NA	NA	NA	Human
SRR12709712	Homo sapiens	Human	high	NA	NA	FALSE	NA	NA	NA	NA	Human
SRR12709713	Homo sapiens	Human	high	NA	NA	FALSE	NA	NA	NA	NA	Human
SRR12709717	Homo sapiens	Human	high	NA	NA	FALSE	NA	NA	NA	NA	Human
SRR12709718	Homo sapiens	Human	high	NA	NA	FALSE	NA	NA	NA	NA	Human
SRR12709719	Homo sapiens	Human	high	NA	NA	FALSE	NA	NA	NA	NA	Human
SRR12709720	Homo sapiens	Human	high	NA	NA	FALSE	NA	NA	NA	NA	Human
SRR12709723	Homo sapiens	Human	high	NA	NA	FALSE	NA	NA	NA	NA	Human
SRR12709724	Homo sapiens	Human	high	NA	NA	FALSE	NA	NA	NA	NA	Human
SRR12709726	Homo sapiens	Human	high	NA	NA	FALSE	NA	NA	NA	NA	Human
SRR12709727	Homo sapiens	Human	high	NA	NA	FALSE	NA	NA	NA	NA	Human
SRR12709728	Homo sapiens	Human	high	NA	NA	FALSE	NA	NA	NA	NA	Human
SRR12709732	Homo sapiens	Human	high	NA	NA	FALSE	NA	NA	NA	NA	Human
SRR12709733	Homo sapiens	Human	high	NA	NA	FALSE	NA	NA	NA	NA	Human
SRR12709734	Homo sapiens	Human	high	NA	NA	FALSE	NA	NA	NA	NA	Human
SRR12709736	Homo sapiens	Human	high	NA	NA	FALSE	NA	NA	NA	NA	Human
SRR12709737	Homo sapiens	Human	high	NA	NA	FALSE	NA	NA	NA	NA	Human
SRR12709739	Homo sapiens	Human	high	NA	NA	FALSE	NA	NA	NA	NA	Human
SRR12709740	Homo sapiens	Human	high	NA	NA	FALSE	NA	NA	NA	NA	Human
SRR12709741	Homo sapiens	Human	high	NA	NA	FALSE	NA	NA	NA	NA	Human
SRR12709743	Homo sapiens	Human	high	NA	NA	FALSE	NA	NA	NA	NA	Human
SRR12709744	Homo sapiens	Human	high	NA	NA	FALSE	NA	NA	NA	NA	Human
SRR12709745	Homo sapiens	Human	high	NA	NA	FALSE	NA	NA	NA	NA	Human
SRR12709747	Homo sapiens	Human	high	NA	NA	FALSE	NA	NA	NA	NA	Human
SRR12709748	Homo sapiens	Human	high	NA	NA	FALSE	NA	NA	NA	NA	Human
SRR12709749	Homo sapiens	Human	high	NA	NA	FALSE	NA	NA	NA	NA	Human
SRR12709750	Homo sapiens	Human	high	NA	NA	FALSE	NA	NA	NA	NA	Human
SRR12709751	Homo sapiens	Human	high	NA	NA	FALSE	NA	NA	NA	NA	Human
SRR12709756	Homo sapiens	Human	high	NA	NA	FALSE	NA	NA	NA	NA	Human
SRR12709768	Homo sapiens	Human	high	NA	NA	FALSE	NA	NA	NA	NA	Human
SRR12709775	Homo sapiens	Human	high	NA	NA	FALSE	NA	NA	NA	NA	Human
SRR12709778	Homo sapiens	Human	high	NA	NA	FALSE	NA	NA	NA	NA	Human
SRR12709782	Homo sapiens	Human	high	NA	NA	FALSE	NA	NA	NA	NA	Human
SRR12709791	Homo sapiens	Human	high	NA	NA	FALSE	NA	NA	NA	NA	Human
SRR12709792	Homo sapiens	Human	high	NA	NA	FALSE	NA	NA	NA	NA	Human
SRR12709793	Homo sapiens	Human	high	NA	NA	FALSE	NA	NA	NA	NA	Human
SRR12709797	Homo sapiens	Human	high	NA	NA	FALSE	NA	NA	NA	NA	Human
SRR12709799	Homo sapiens	Human	high	NA	NA	FALSE	NA	NA	NA	NA	Human
SRR12709802	Homo sapiens	Human	high	NA	NA	FALSE	NA	NA	NA	NA	Human
SRR12709803	Homo sapiens	Human	high	NA	NA	FALSE	NA	NA	NA	NA	Human
SRR12709805	Homo sapiens	Human	high	NA	NA	FALSE	NA	NA	NA	NA	Human
SRR12709806	Homo sapiens	Human	high	NA	NA	FALSE	NA	NA	NA	NA	Human
SRR12709807	Homo sapiens	Human	high	NA	NA	FALSE	NA	NA	NA	NA	Human
SRR12709808	Homo sapiens	Human	high	NA	NA	FALSE	NA	NA	NA	NA	Human
SRR12709809	Homo sapiens	Human	high	NA	NA	FALSE	NA	NA	NA	NA	Human
SRR12709812	Homo sapiens	Human	high	NA	NA	FALSE	NA	NA	NA	NA	Human
SRR12709815	Homo sapiens	Human	high	NA	NA	FALSE	NA	NA	NA	NA	Human
SRR12709816	Homo sapiens	Human	high	NA	NA	FALSE	NA	NA	NA	NA	Human
SRR12709817	Homo sapiens	Human	high	NA	NA	FALSE	NA	NA	NA	NA	Human
SRR12709818	Homo sapiens	Human	high	NA	NA	FALSE	NA	NA	NA	NA	Human
SRR12709819	Homo sapiens	Human	high	NA	NA	FALSE	NA	NA	NA	NA	Human
SRR12709824	Homo sapiens	Human	high	NA	NA	FALSE	NA	NA	NA	NA	Human
SRR12709825	Homo sapiens	Human	high	NA	NA	FALSE	NA	NA	NA	NA	Human
SRR12709826	Homo sapiens	Human	high	NA	NA	FALSE	NA	NA	NA	NA	Human
SRR12709828	Homo sapiens	Human	high	NA	NA	FALSE	NA	NA	NA	NA	Human
SRR12709829	Homo sapiens	Human	high	NA	NA	FALSE	NA	NA	NA	NA	Human
SRR12709834	Homo sapiens	Human	high	NA	NA	FALSE	NA	NA	NA	NA	Human
SRR12709835	Homo sapiens	Human	high	NA	NA	FALSE	NA	NA	NA	NA	Human
SRR12709842	Homo sapiens	Human	high	NA	NA	FALSE	NA	NA	NA	NA	Human
SRR12709843	Homo sapiens	Human	high	NA	NA	FALSE	NA	NA	NA	NA	Human
SRR12709845	Homo sapiens	Human	high	NA	NA	FALSE	NA	NA	NA	NA	Human
SRR12709850	Homo sapiens	Human	high	NA	NA	FALSE	NA	NA	NA	NA	Human
SRR12709853	Homo sapiens	Human	high	NA	NA	FALSE	NA	NA	NA	NA	Human
SRR12709855	Homo sapiens	Human	high	NA	NA	FALSE	NA	NA	NA	NA	Human
SRR12709857	Homo sapiens	Human	high	NA	NA	FALSE	NA	NA	NA	NA	Human
SRR12709860	Homo sapiens	Human	high	NA	NA	FALSE	NA	NA	NA	NA	Human
SRR12709866	Homo sapiens	Human	high	NA	NA	FALSE	NA	NA	NA	NA	Human
SRR12709869	Homo sapiens	Human	high	NA	NA	FALSE	NA	NA	NA	NA	Human
SRR12709871	Homo sapiens	Human	high	NA	NA	FALSE	NA	NA	NA	NA	Human
SRR12709872	Homo sapiens	Human	high	NA	NA	FALSE	NA	NA	NA	NA	Human
SRR12709876	Homo sapiens	Human	high	NA	NA	FALSE	NA	NA	NA	NA	Human
SRR12709877	Homo sapiens	Human	high	NA	NA	FALSE	NA	NA	NA	NA	Human
SRR12709879	Homo sapiens	Human	high	NA	NA	FALSE	NA	NA	NA	NA	Human
SRR12709880	Homo sapiens	Human	high	NA	NA	FALSE	NA	NA	NA	NA	Human
SRR12709882	Homo sapiens	Human	high	NA	NA	FALSE	NA	NA	NA	NA	Human
SRR12709886	Homo sapiens	Human	high	NA	NA	FALSE	NA	NA	NA	NA	Human
SRR12709888	Homo sapiens	Human	high	NA	NA	FALSE	NA	NA	NA	NA	Human
SRR12709890	Homo sapiens	Human	high	NA	NA	FALSE	NA	NA	NA	NA	Human
SRR12709891	Homo sapiens	Human	high	NA	NA	FALSE	NA	NA	NA	NA	Human
SRR12709892	Homo sapiens	Human	high	NA	NA	FALSE	NA	NA	NA	NA	Human
SRR12709893	Homo sapiens	Human	high	NA	NA	FALSE	NA	NA	NA	NA	Human
SRR12709894	Homo sapiens	Human	high	NA	NA	FALSE	NA	NA	NA	NA	Human
SRR12709895	Homo sapiens	Human	high	NA	NA	FALSE	NA	NA	NA	NA	Human
SRR12709898	Homo sapiens	Human	high	NA	NA	FALSE	NA	NA	NA	NA	Human
SRR12709900	Homo sapiens	Human	high	NA	NA	FALSE	NA	NA	NA	NA	Human
SRR12709901	Homo sapiens	Human	high	NA	NA	FALSE	NA	NA	NA	NA	Human
SRR12709902	Homo sapiens	Human	high	NA	NA	FALSE	NA	NA	NA	NA	Human
SRR12709903	Homo sapiens	Human	high	NA	NA	FALSE	NA	NA	NA	NA	Human
SRR12709904	Homo sapiens	Human	high	NA	NA	FALSE	NA	NA	NA	NA	Human
SRR12709905	Homo sapiens	Human	high	NA	NA	FALSE	NA	NA	NA	NA	Human
SRR12709906	Homo sapiens	Human	high	NA	NA	FALSE	NA	NA	NA	NA	Human
SRR12709907	Homo sapiens	Human	high	NA	NA	FALSE	NA	NA	NA	NA	Human
SRR12709908	Homo sapiens	Human	high	NA	NA	FALSE	NA	NA	NA	NA	Human
SRR12709910	Homo sapiens	Human	high	NA	NA	FALSE	NA	NA	NA	NA	Human
SRR12709911	Homo sapiens	Human	high	NA	NA	FALSE	NA	NA	NA	NA	Human
SRR12709912	Homo sapiens	Human	high	NA	NA	FALSE	NA	NA	NA	NA	Human
SRR12709914	Homo sapiens	Human	high	NA	NA	FALSE	NA	NA	NA	NA	Human
SRR12709917	Homo sapiens	Human	high	NA	NA	FALSE	NA	NA	NA	NA	Human
SRR12709918	Homo sapiens	Human	high	NA	NA	FALSE	NA	NA	NA	NA	Human
SRR12709919	Homo sapiens	Human	high	NA	NA	FALSE	NA	NA	NA	NA	Human
SRR12709921	Homo sapiens	Human	high	NA	NA	FALSE	NA	NA	NA	NA	Human
SRR12709923	Homo sapiens	Human	high	NA	NA	FALSE	NA	NA	NA	NA	Human
SRR12709925	Homo sapiens	Human	high	NA	NA	FALSE	NA	NA	NA	NA	Human
SRR12709926	Homo sapiens	Human	high	NA	NA	FALSE	NA	NA	NA	NA	Human
SRR12709927	Homo sapiens	Human	high	NA	NA	FALSE	NA	NA	NA	NA	Human
SRR12709930	Homo sapiens	Human	high	NA	NA	FALSE	NA	NA	NA	NA	Human
SRR12709932	Homo sapiens	Human	high	NA	NA	FALSE	NA	NA	NA	NA	Human
SRR12709933	Homo sapiens	Human	high	NA	NA	FALSE	NA	NA	NA	NA	Human
SRR12709934	Homo sapiens	Human	high	NA	NA	FALSE	NA	NA	NA	NA	Human
SRR12709935	Homo sapiens	Human	high	NA	NA	FALSE	NA	NA	NA	NA	Human
SRR12709936	Homo sapiens	Human	high	NA	NA	FALSE	NA	NA	NA	NA	Human
SRR12709937	Homo sapiens	Human	high	NA	NA	FALSE	NA	NA	NA	NA	Human
SRR12709938	Homo sapiens	Human	high	NA	NA	FALSE	NA	NA	NA	NA	Human
SRR12709941	Homo sapiens	Human	high	NA	NA	FALSE	NA	NA	NA	NA	Human
SRR12709942	Homo sapiens	Human	high	NA	NA	FALSE	NA	NA	NA	NA	Human
SRR12709943	Homo sapiens	Human	high	NA	NA	FALSE	NA	NA	NA	NA	Human
SRR12709944	Homo sapiens	Human	high	NA	NA	FALSE	NA	NA	NA	NA	Human
SRR12709946	Homo sapiens	Human	high	NA	NA	FALSE	NA	NA	NA	NA	Human
SRR12709947	Homo sapiens	Human	high	NA	NA	FALSE	NA	NA	NA	NA	Human
SRR12709948	Homo sapiens	Human	high	NA	NA	FALSE	NA	NA	NA	NA	Human
SRR12709952	Homo sapiens	Human	high	NA	NA	FALSE	NA	NA	NA	NA	Human
SRR12709953	Homo sapiens	Human	high	NA	NA	FALSE	NA	NA	NA	NA	Human
SRR12709954	Homo sapiens	Human	high	NA	NA	FALSE	NA	NA	NA	NA	Human
SRR12709955	Homo sapiens	Human	high	NA	NA	FALSE	NA	NA	NA	NA	Human
SRR12709962	Homo sapiens	Human	high	NA	NA	FALSE	NA	NA	NA	NA	Human
SRR12709963	Homo sapiens	Human	high	NA	NA	FALSE	NA	NA	NA	NA	Human
SRR12709965	Homo sapiens	Human	high	NA	NA	FALSE	NA	NA	NA	NA	Human
SRR12709967	Homo sapiens	Human	high	NA	NA	FALSE	NA	NA	NA	NA	Human
SRR12709968	Homo sapiens	Human	high	NA	NA	FALSE	NA	NA	NA	NA	Human
SRR12709969	Homo sapiens	Human	high	NA	NA	FALSE	NA	NA	NA	NA	Human
SRR12709970	Homo sapiens	Human	high	NA	NA	FALSE	NA	NA	NA	NA	Human
SRR12709971	Homo sapiens	Human	high	NA	NA	FALSE	NA	NA	NA	NA	Human
SRR12709972	Homo sapiens	Human	high	NA	NA	FALSE	NA	NA	NA	NA	Human
SRR12709974	Homo sapiens	Human	high	NA	NA	FALSE	NA	NA	NA	NA	Human
SRR12709975	Homo sapiens	Human	high	NA	NA	FALSE	NA	NA	NA	NA	Human
SRR12709982	Homo sapiens	Human	high	NA	NA	FALSE	NA	NA	NA	NA	Human
SRR12709985	Homo sapiens	Human	high	NA	NA	FALSE	NA	NA	NA	NA	Human
SRR12709986	Homo sapiens	Human	high	NA	NA	FALSE	NA	NA	NA	NA	Human
SRR12709990	Homo sapiens	Human	high	NA	NA	FALSE	NA	NA	NA	NA	Human
SRR12709992	Homo sapiens	Human	high	NA	NA	FALSE	NA	NA	NA	NA	Human
SRR12709993	Homo sapiens	Human	high	NA	NA	FALSE	NA	NA	NA	NA	Human
SRR12709994	Homo sapiens	Human	high	NA	NA	FALSE	NA	NA	NA	NA	Human
SRR12709995	Homo sapiens	Human	high	NA	NA	FALSE	NA	NA	NA	NA	Human
SRR12709997	Homo sapiens	Human	high	NA	NA	FALSE	NA	NA	NA	NA	Human
SRR12709999	Homo sapiens	Human	high	NA	NA	FALSE	NA	NA	NA	NA	Human
SRR12710001	Homo sapiens	Human	high	NA	NA	FALSE	NA	NA	NA	NA	Human
SRR12710002	Homo sapiens	Human	high	NA	NA	FALSE	NA	NA	NA	NA	Human
SRR12710005	Homo sapiens	Human	high	NA	NA	FALSE	NA	NA	NA	NA	Human
SRR12710006	Homo sapiens	Human	high	NA	NA	FALSE	NA	NA	NA	NA	Human
SRR12710007	Homo sapiens	Human	high	NA	NA	FALSE	NA	NA	NA	NA	Human
SRR12710009	Homo sapiens	Human	high	NA	NA	FALSE	NA	NA	NA	NA	Human
SRR12710011	Homo sapiens	Human	high	NA	NA	FALSE	NA	NA	NA	NA	Human
SRR12710013	Homo sapiens	Human	high	NA	NA	FALSE	NA	NA	NA	NA	Human
SRR12710014	Homo sapiens	Human	high	NA	NA	FALSE	NA	NA	NA	NA	Human
SRR12710018	Homo sapiens	Human	high	NA	NA	FALSE	NA	NA	NA	NA	Human
SRR12710019	Homo sapiens	Human	high	NA	NA	FALSE	NA	NA	NA	NA	Human
SRR12710020	Homo sapiens	Human	high	NA	NA	FALSE	NA	NA	NA	NA	Human
SRR12710021	Homo sapiens	Human	high	NA	NA	FALSE	NA	NA	NA	NA	Human
SRR12710022	Homo sapiens	Human	high	NA	NA	FALSE	NA	NA	NA	NA	Human
SRR12710023	Homo sapiens	Human	high	NA	NA	FALSE	NA	NA	NA	NA	Human
SRR12710025	Homo sapiens	Human	high	NA	NA	FALSE	NA	NA	NA	NA	Human
SRR12710026	Homo sapiens	Human	high	NA	NA	FALSE	NA	NA	NA	NA	Human
SRR12710027	Homo sapiens	Human	high	NA	NA	FALSE	NA	NA	NA	NA	Human
SRR12710029	Homo sapiens	Human	high	NA	NA	FALSE	NA	NA	NA	NA	Human
SRR12710030	Homo sapiens	Human	high	NA	NA	FALSE	NA	NA	NA	NA	Human
SRR12710032	Homo sapiens	Human	high	NA	NA	FALSE	NA	NA	NA	NA	Human
SRR12710033	Homo sapiens	Human	high	NA	NA	FALSE	NA	NA	NA	NA	Human
SRR12710034	Homo sapiens	Human	high	NA	NA	FALSE	NA	NA	NA	NA	Human
SRR12710036	Homo sapiens	Human	high	NA	NA	FALSE	NA	NA	NA	NA	Human
SRR12710039	Homo sapiens	Human	high	NA	NA	FALSE	NA	NA	NA	NA	Human
SRR12710040	Homo sapiens	Human	high	NA	NA	FALSE	NA	NA	NA	NA	Human
SRR12710041	Homo sapiens	Human	high	NA	NA	FALSE	NA	NA	NA	NA	Human
SRR12710043	Homo sapiens	Human	high	NA	NA	FALSE	NA	NA	NA	NA	Human
SRR12710044	Homo sapiens	Human	high	NA	NA	FALSE	NA	NA	NA	NA	Human
SRR12710045	Homo sapiens	Human	high	NA	NA	FALSE	NA	NA	NA	NA	Human
SRR12710046	Homo sapiens	Human	high	NA	NA	FALSE	NA	NA	NA	NA	Human
SRR12710047	Homo sapiens	Human	high	NA	NA	FALSE	NA	NA	NA	NA	Human
SRR12710048	Homo sapiens	Human	high	NA	NA	FALSE	NA	NA	NA	NA	Human
SRR12710049	Homo sapiens	Human	high	NA	NA	FALSE	NA	NA	NA	NA	Human
SRR12710051	Homo sapiens	Human	high	NA	NA	FALSE	NA	NA	NA	NA	Human
SRR12710052	Homo sapiens	Human	high	NA	NA	FALSE	NA	NA	NA	NA	Human
SRR12710053	Homo sapiens	Human	high	NA	NA	FALSE	NA	NA	NA	NA	Human
SRR12710055	Homo sapiens	Human	high	NA	NA	FALSE	NA	NA	NA	NA	Human
SRR12710056	Homo sapiens	Human	high	NA	NA	FALSE	NA	NA	NA	NA	Human
SRR12710057	Homo sapiens	Human	high	NA	NA	FALSE	NA	NA	NA	NA	Human
SRR12710058	Homo sapiens	Human	high	NA	NA	FALSE	NA	NA	NA	NA	Human
SRR12710059	Homo sapiens	Human	high	NA	NA	FALSE	NA	NA	NA	NA	Human
SRR12710063	Homo sapiens	Human	high	NA	NA	FALSE	NA	NA	NA	NA	Human
SRR12710064	Homo sapiens	Human	high	NA	NA	FALSE	NA	NA	NA	NA	Human
SRR12710069	Homo sapiens	Human	high	NA	NA	FALSE	NA	NA	NA	NA	Human
SRR12710071	Homo sapiens	Human	high	NA	NA	FALSE	NA	NA	NA	NA	Human
SRR12710073	Homo sapiens	Human	high	NA	NA	FALSE	NA	NA	NA	NA	Human
SRR12710075	Homo sapiens	Human	high	NA	NA	FALSE	NA	NA	NA	NA	Human
SRR12710076	Homo sapiens	Human	high	NA	NA	FALSE	NA	NA	NA	NA	Human
SRR12710077	Homo sapiens	Human	high	NA	NA	FALSE	NA	NA	NA	NA	Human
SRR12710078	Homo sapiens	Human	high	NA	NA	FALSE	NA	NA	NA	NA	Human
SRR12710079	Homo sapiens	Human	high	NA	NA	FALSE	NA	NA	NA	NA	Human
SRR12710080	Homo sapiens	Human	high	NA	NA	FALSE	NA	NA	NA	NA	Human
SRR12710081	Homo sapiens	Human	high	NA	NA	FALSE	NA	NA	NA	NA	Human
SRR12710085	Homo sapiens	Human	high	NA	NA	FALSE	NA	NA	NA	NA	Human
SRR12710087	Homo sapiens	Human	high	NA	NA	FALSE	NA	NA	NA	NA	Human
SRR12710088	Homo sapiens	Human	high	NA	NA	FALSE	NA	NA	NA	NA	Human
SRR12710090	Homo sapiens	Human	high	NA	NA	FALSE	NA	NA	NA	NA	Human
SRR12710094	Homo sapiens	Human	high	NA	NA	FALSE	NA	NA	NA	NA	Human
SRR12710096	Homo sapiens	Human	high	NA	NA	FALSE	NA	NA	NA	NA	Human
SRR12710098	Homo sapiens	Human	high	NA	NA	FALSE	NA	NA	NA	NA	Human
SRR12710100	Homo sapiens	Human	high	NA	NA	FALSE	NA	NA	NA	NA	Human
SRR12710102	Homo sapiens	Human	high	NA	NA	FALSE	NA	NA	NA	NA	Human
SRR12710103	Homo sapiens	Human	high	NA	NA	FALSE	NA	NA	NA	NA	Human
SRR12710104	Homo sapiens	Human	high	NA	NA	FALSE	NA	NA	NA	NA	Human
SRR12710106	Homo sapiens	Human	high	NA	NA	FALSE	NA	NA	NA	NA	Human
SRR12710110	Homo sapiens	Human	high	NA	NA	FALSE	NA	NA	NA	NA	Human
SRR12710111	Homo sapiens	Human	high	NA	NA	FALSE	NA	NA	NA	NA	Human
SRR12710112	Homo sapiens	Human	high	NA	NA	FALSE	NA	NA	NA	NA	Human
SRR12710113	Homo sapiens	Human	high	NA	NA	FALSE	NA	NA	NA	NA	Human
SRR12710114	Homo sapiens	Human	high	NA	NA	FALSE	NA	NA	NA	NA	Human
SRR12710117	Homo sapiens	Human	high	NA	NA	FALSE	NA	NA	NA	NA	Human
SRR12710118	Homo sapiens	Human	high	NA	NA	FALSE	NA	NA	NA	NA	Human
SRR12710120	Homo sapiens	Human	high	NA	NA	FALSE	NA	NA	NA	NA	Human
SRR12710121	Homo sapiens	Human	high	NA	NA	FALSE	NA	NA	NA	NA	Human
SRR12710122	Homo sapiens	Human	high	NA	NA	FALSE	NA	NA	NA	NA	Human
SRR12710124	Homo sapiens	Human	high	NA	NA	FALSE	NA	NA	NA	NA	Human
SRR12710126	Homo sapiens	Human	high	NA	NA	FALSE	NA	NA	NA	NA	Human
SRR12710128	Homo sapiens	Human	high	NA	NA	FALSE	NA	NA	NA	NA	Human
SRR12710129	Homo sapiens	Human	high	NA	NA	FALSE	NA	NA	NA	NA	Human
SRR12710131	Homo sapiens	Human	high	NA	NA	FALSE	NA	NA	NA	NA	Human
SRR12710132	Homo sapiens	Human	high	NA	NA	FALSE	NA	NA	NA	NA	Human
SRR12710133	Homo sapiens	Human	high	NA	NA	FALSE	NA	NA	NA	NA	Human
SRR12710134	Homo sapiens	Human	high	NA	NA	FALSE	NA	NA	NA	NA	Human
SRR12710135	Homo sapiens	Human	high	NA	NA	FALSE	NA	NA	NA	NA	Human
SRR12710136	Homo sapiens	Human	high	NA	NA	FALSE	NA	NA	NA	NA	Human
SRR12710137	Homo sapiens	Human	high	NA	NA	FALSE	NA	NA	NA	NA	Human
SRR12710138	Homo sapiens	Human	high	NA	NA	FALSE	NA	NA	NA	NA	Human
SRR12710139	Homo sapiens	Human	high	NA	NA	FALSE	NA	NA	NA	NA	Human
SRR12710140	Homo sapiens	Human	high	NA	NA	FALSE	NA	NA	NA	NA	Human
SRR12710141	Homo sapiens	Human	high	NA	NA	FALSE	NA	NA	NA	NA	Human
SRR12710142	Homo sapiens	Human	high	NA	NA	FALSE	NA	NA	NA	NA	Human
SRR12710143	Homo sapiens	Human	high	NA	NA	FALSE	NA	NA	NA	NA	Human
SRR12710146	Homo sapiens	Human	high	NA	NA	FALSE	NA	NA	NA	NA	Human
SRR12710152	Homo sapiens	Human	high	NA	NA	FALSE	NA	NA	NA	NA	Human
SRR12710160	Homo sapiens	Human	high	NA	NA	FALSE	NA	NA	NA	NA	Human
SRR12710167	Homo sapiens	Human	high	NA	NA	FALSE	NA	NA	NA	NA	Human
SRR12710169	Homo sapiens	Human	high	NA	NA	FALSE	NA	NA	NA	NA	Human
SRR12710170	Homo sapiens	Human	high	NA	NA	FALSE	NA	NA	NA	NA	Human
SRR12710177	Homo sapiens	Human	high	NA	NA	FALSE	NA	NA	NA	NA	Human
SRR12710179	Homo sapiens	Human	high	NA	NA	FALSE	NA	NA	NA	NA	Human
SRR12710180	Homo sapiens	Human	high	NA	NA	FALSE	NA	NA	NA	NA	Human
SRR12714130	Homo sapiens	Human	high	NA	NA	FALSE	NA	NA	NA	NA	Human
SRR12765886	Homo sapiens	Human	high	NA	NA	FALSE	NA	NA	NA	NA	Human
SRR12777432	Homo sapiens	Human	high	NA	NA	FALSE	NA	NA	NA	NA	Human
SRR15465786	Gossypium hirsutum	Other	low	NA	NA	TRUE	NA	NA	NA	NA	Other
SRR12791917	human gut metagenome	Human	medium	NA	NA	FALSE	NA	NA	NA	NA	Human
SRR12791959	human gut metagenome	Human	medium	NA	NA	FALSE	NA	NA	NA	NA	Human
SRR12799287	Mus musculus	Rodent	high	NA	NA	FALSE	NA	NA	NA	NA	Rodent
SRR15465787	Gossypium hirsutum	Other	low	NA	NA	TRUE	NA	NA	NA	NA	Other
SRR15465788	Gossypium hirsutum	Other	low	NA	NA	TRUE	NA	NA	NA	NA	Other
SRR15465789	Gossypium hirsutum	Other	low	NA	NA	TRUE	NA	NA	NA	NA	Other
SRR15465800	Gossypium hirsutum	Other	low	NA	NA	TRUE	NA	NA	NA	NA	Other
SRR15465801	Gossypium hirsutum	Other	low	NA	NA	TRUE	NA	NA	NA	NA	Other
SRR15495728	Gossypium hirsutum	Other	low	NA	NA	TRUE	NA	NA	NA	NA	Other
SRR12826654	human metagenome	Human	medium	NA	NA	FALSE	NA	NA	NA	NA	Human
SRR12830916	Homo sapiens	Human	high	NA	NA	FALSE	NA	NA	NA	NA	Human
SRR12830920	Homo sapiens	Human	high	NA	NA	FALSE	NA	NA	NA	NA	Human
SRR12851660	Gadus morhua	Ray-finned Fish	high	NA	NA	FALSE	NA	NA	NA	NA	Ray-finned Fish
SRR12851670	Gadus morhua	Ray-finned Fish	high	NA	NA	FALSE	NA	NA	NA	NA	Ray-finned Fish
SRR12851678	Gadus morhua	Ray-finned Fish	high	NA	NA	FALSE	NA	NA	NA	NA	Ray-finned Fish
SRR12851721	Gadus morhua	Ray-finned Fish	high	NA	NA	FALSE	NA	NA	NA	NA	Ray-finned Fish
SRR12851768	Gadus morhua	Ray-finned Fish	high	NA	NA	FALSE	NA	NA	NA	NA	Ray-finned Fish
SRR12851781	Gadus morhua	Ray-finned Fish	high	NA	NA	FALSE	NA	NA	NA	NA	Ray-finned Fish
SRR12886421	Cynoglossus semilaevis	Ray-finned Fish	high	NA	NA	FALSE	NA	NA	NA	NA	Ray-finned Fish
SRR12886461	marine sediment metagenome	Metagenome	manual	NA	Metagenome	FALSE	NA	NA	NA	NA	Metagenome
SRR12887243	Homo sapiens	Human	high	NA	NA	FALSE	NA	NA	NA	NA	Human
SRR12887244	Homo sapiens	Human	high	NA	NA	FALSE	NA	NA	NA	NA	Human
SRR12893619	metagenome	Metagenome	manual	NA	Metagenome	FALSE	NA	NA	NA	NA	Metagenome
SRR12893757	metagenome	Metagenome	manual	NA	Metagenome	FALSE	NA	NA	NA	NA	Metagenome
SRR12893826	metagenome	Metagenome	manual	NA	Metagenome	FALSE	NA	NA	NA	NA	Metagenome
SRR12950065	Homo sapiens	Human	high	NA	NA	FALSE	NA	NA	NA	NA	Human
SRR12950066	Homo sapiens	Human	high	NA	NA	FALSE	NA	NA	NA	NA	Human
SRR15495729	Gossypium hirsutum	Other	low	NA	NA	TRUE	NA	NA	NA	NA	Other
SRR15495732	Gossypium hirsutum	Other	low	NA	NA	TRUE	NA	NA	NA	NA	Other
SRR15495733	Gossypium hirsutum	Other	low	NA	NA	TRUE	NA	NA	NA	NA	Other
SRR15495734	Gossypium hirsutum	Other	low	NA	NA	TRUE	NA	NA	NA	NA	Other
SRR15495735	Gossypium hirsutum	Other	low	NA	NA	TRUE	NA	NA	NA	NA	Other
SRR15495736	Gossypium hirsutum	Other	low	NA	NA	TRUE	NA	NA	NA	NA	Other
SRR12983556	aquatic metagenome	Metagenome	manual	NA	Metagenome	FALSE	NA	NA	NA	NA	Metagenome
SRR13008576	aquatic metagenome	Metagenome	manual	NA	Metagenome	FALSE	NA	NA	NA	NA	Metagenome
SRR13008580	aquatic metagenome	Metagenome	manual	NA	Metagenome	FALSE	NA	NA	NA	NA	Metagenome
SRR13008586	aquatic metagenome	Metagenome	manual	NA	Metagenome	FALSE	NA	NA	NA	NA	Metagenome
SRR15495737	Gossypium hirsutum	Other	low	NA	NA	TRUE	NA	NA	NA	NA	Other
SRR13052600	Human papillomavirus	Human	medium	NA	NA	FALSE	NA	NA	NA	NA	Human
SRR13052601	Human papillomavirus	Human	medium	NA	NA	FALSE	NA	NA	NA	NA	Human
SRR6334713	Gossypium hirsutum	Other	low	NA	NA	TRUE	NA	NA	NA	NA	Other
SRR5940260	Helianthus annuus	Other	low	NA	NA	TRUE	NA	NA	NA	NA	Other
SRR13152112	indoor metagenome	Metagenome	manual	NA	Metagenome	FALSE	NA	NA	NA	NA	Metagenome
SRR13167570	human vaginal metagenome	Human	medium	NA	NA	FALSE	NA	NA	NA	NA	Human
SRR13167571	human vaginal metagenome	Human	medium	NA	NA	FALSE	NA	NA	NA	NA	Human
SRR13167572	human vaginal metagenome	Human	medium	NA	NA	FALSE	NA	NA	NA	NA	Human
SRR13167617	human vaginal metagenome	Human	medium	NA	NA	FALSE	NA	NA	NA	NA	Human
SRR13167645	human vaginal metagenome	Human	medium	NA	NA	FALSE	NA	NA	NA	NA	Human
SRR13167649	human vaginal metagenome	Human	medium	NA	NA	FALSE	NA	NA	NA	NA	Human
SRR13167710	human vaginal metagenome	Human	medium	NA	NA	FALSE	NA	NA	NA	NA	Human
SRR13167740	human vaginal metagenome	Human	medium	NA	NA	FALSE	NA	NA	NA	NA	Human
SRR13200796	human gut metagenome	Human	medium	NA	NA	FALSE	NA	NA	NA	NA	Human
SRR13200798	human gut metagenome	Human	medium	NA	NA	FALSE	NA	NA	NA	NA	Human
SRR13200800	human gut metagenome	Human	medium	NA	NA	FALSE	NA	NA	NA	NA	Human
SRR13200801	human gut metagenome	Human	medium	NA	NA	FALSE	NA	NA	NA	NA	Human
SRR13200803	human gut metagenome	Human	medium	NA	NA	FALSE	NA	NA	NA	NA	Human
SRR13200875	human gut metagenome	Human	medium	NA	NA	FALSE	NA	NA	NA	NA	Human
SRR13200877	human gut metagenome	Human	medium	NA	NA	FALSE	NA	NA	NA	NA	Human
SRR13200878	human gut metagenome	Human	medium	NA	NA	FALSE	NA	NA	NA	NA	Human
SRR13200886	human gut metagenome	Human	medium	NA	NA	FALSE	NA	NA	NA	NA	Human
SRR13200896	human gut metagenome	Human	medium	NA	NA	FALSE	NA	NA	NA	NA	Human
SRR13200899	human gut metagenome	Human	medium	NA	NA	FALSE	NA	NA	NA	NA	Human
SRR13232994	Canis lupus familiaris	Canine	high	NA	NA	FALSE	NA	NA	NA	NA	Canine
SRR13233025	Canis lupus familiaris	Canine	high	NA	NA	FALSE	NA	NA	NA	NA	Canine
SRR13233041	Canis lupus familiaris	Canine	high	NA	NA	FALSE	NA	NA	NA	NA	Canine
SRR13233072	Canis lupus familiaris	Canine	high	NA	NA	FALSE	NA	NA	NA	NA	Canine
SRR13233113	Canis lupus familiaris	Canine	high	NA	NA	FALSE	NA	NA	NA	NA	Canine
SRR13233212	Canis lupus familiaris	Canine	high	NA	NA	FALSE	NA	NA	NA	NA	Canine
SRR13233239	Canis lupus familiaris	Canine	high	NA	NA	FALSE	NA	NA	NA	NA	Canine
SRR13233261	Canis lupus familiaris	Canine	high	NA	NA	FALSE	NA	NA	NA	NA	Canine
SRR13233316	Canis lupus familiaris	Canine	high	NA	NA	FALSE	NA	NA	NA	NA	Canine
SRR13233338	Canis lupus familiaris	Canine	high	NA	NA	FALSE	NA	NA	NA	NA	Canine
SRR13233356	Canis lupus familiaris	Canine	high	NA	NA	FALSE	NA	NA	NA	NA	Canine
SRR13233423	Canis lupus familiaris	Canine	high	NA	NA	FALSE	NA	NA	NA	NA	Canine
SRR13233487	Canis lupus familiaris	Canine	high	NA	NA	FALSE	NA	NA	NA	NA	Canine
SRR13233550	Canis lupus familiaris	Canine	high	NA	NA	FALSE	NA	NA	NA	NA	Canine
SRR13233582	Canis lupus familiaris	Canine	high	NA	NA	FALSE	NA	NA	NA	NA	Canine
SRR13233637	Canis lupus familiaris	Canine	high	NA	NA	FALSE	NA	NA	NA	NA	Canine
SRR13233669	Canis lupus familiaris	Canine	high	NA	NA	FALSE	NA	NA	NA	NA	Canine
SRR13233709	Canis lupus familiaris	Canine	high	NA	NA	FALSE	NA	NA	NA	NA	Canine
SRR13233732	Canis lupus familiaris	Canine	high	NA	NA	FALSE	NA	NA	NA	NA	Canine
SRR13233756	Canis lupus familiaris	Canine	high	NA	NA	FALSE	NA	NA	NA	NA	Canine
SRR13233851	Canis lupus familiaris	Canine	high	NA	NA	FALSE	NA	NA	NA	NA	Canine
SRR13233924	Canis lupus familiaris	Canine	high	NA	NA	FALSE	NA	NA	NA	NA	Canine
SRR13233962	Canis lupus familiaris	Canine	high	NA	NA	FALSE	NA	NA	NA	NA	Canine
SRR13234696	Canis lupus familiaris	Canine	high	NA	NA	FALSE	NA	NA	NA	NA	Canine
SRR13234730	Canis lupus familiaris	Canine	high	NA	NA	FALSE	NA	NA	NA	NA	Canine
SRR13234783	Canis lupus familiaris	Canine	high	NA	NA	FALSE	NA	NA	NA	NA	Canine
SRR13234847	Canis lupus familiaris	Canine	high	NA	NA	FALSE	NA	NA	NA	NA	Canine
SRR13234862	Canis lupus familiaris	Canine	high	NA	NA	FALSE	NA	NA	NA	NA	Canine
SRR13234878	Canis lupus familiaris	Canine	high	NA	NA	FALSE	NA	NA	NA	NA	Canine
SRR13234920	Canis lupus familiaris	Canine	high	NA	NA	FALSE	NA	NA	NA	NA	Canine
SRR13234931	Canis lupus familiaris	Canine	high	NA	NA	FALSE	NA	NA	NA	NA	Canine
SRR13234957	Canis lupus familiaris	Canine	high	NA	NA	FALSE	NA	NA	NA	NA	Canine
SRR13234982	Canis lupus familiaris	Canine	high	NA	NA	FALSE	NA	NA	NA	NA	Canine
SRR13234992	Canis lupus familiaris	Canine	high	NA	NA	FALSE	NA	NA	NA	NA	Canine
SRR13235000	Canis lupus familiaris	Canine	high	NA	NA	FALSE	NA	NA	NA	NA	Canine
SRR13235008	Canis lupus familiaris	Canine	high	NA	NA	FALSE	NA	NA	NA	NA	Canine
SRR13235011	Canis lupus familiaris	Canine	high	NA	NA	FALSE	NA	NA	NA	NA	Canine
SRR13235042	Canis lupus familiaris	Canine	high	NA	NA	FALSE	NA	NA	NA	NA	Canine
SRR13235189	Canis lupus familiaris	Canine	high	NA	NA	FALSE	NA	NA	NA	NA	Canine
SRR13235192	Canis lupus familiaris	Canine	high	NA	NA	FALSE	NA	NA	NA	NA	Canine
SRR13235208	Canis lupus familiaris	Canine	high	NA	NA	FALSE	NA	NA	NA	NA	Canine
SRR13235220	Canis lupus familiaris	Canine	high	NA	NA	FALSE	NA	NA	NA	NA	Canine
SRR13235232	Canis lupus familiaris	Canine	high	NA	NA	FALSE	NA	NA	NA	NA	Canine
SRR13235301	Canis lupus familiaris	Canine	high	NA	NA	FALSE	NA	NA	NA	NA	Canine
SRR13235302	Canis lupus familiaris	Canine	high	NA	NA	FALSE	NA	NA	NA	NA	Canine
SRR13235318	Canis lupus familiaris	Canine	high	NA	NA	FALSE	NA	NA	NA	NA	Canine
SRR13235429	Canis lupus familiaris	Canine	high	NA	NA	FALSE	NA	NA	NA	NA	Canine
SRR13235461	Canis lupus familiaris	Canine	high	NA	NA	FALSE	NA	NA	NA	NA	Canine
SRR13235463	Canis lupus familiaris	Canine	high	NA	NA	FALSE	NA	NA	NA	NA	Canine
SRR13235467	Canis lupus familiaris	Canine	high	NA	NA	FALSE	NA	NA	NA	NA	Canine
SRR13235479	Canis lupus familiaris	Canine	high	NA	NA	FALSE	NA	NA	NA	NA	Canine
SRR13235485	Canis lupus familiaris	Canine	high	NA	NA	FALSE	NA	NA	NA	NA	Canine
SRR13235487	Canis lupus familiaris	Canine	high	NA	NA	FALSE	NA	NA	NA	NA	Canine
SRR13235493	Canis lupus familiaris	Canine	high	NA	NA	FALSE	NA	NA	NA	NA	Canine
SRR6061930	Helianthus annuus	Other	low	NA	NA	TRUE	NA	NA	NA	NA	Other
SRR13271887	Mus musculus	Rodent	high	NA	NA	FALSE	NA	NA	NA	NA	Rodent
SRR13275825	Mus musculus	Rodent	high	NA	NA	FALSE	NA	NA	NA	NA	Rodent
SRR13275827	Mus musculus	Rodent	high	NA	NA	FALSE	NA	NA	NA	NA	Rodent
SRR13275828	Mus musculus	Rodent	high	NA	NA	FALSE	NA	NA	NA	NA	Rodent
SRR13275829	Mus musculus	Rodent	high	NA	NA	FALSE	NA	NA	NA	NA	Rodent
SRR13281383	Rattus norvegicus	Rodent	high	NA	NA	FALSE	NA	NA	NA	NA	Rodent
SRR13289348	Homo sapiens	Human	high	NA	NA	FALSE	NA	NA	NA	NA	Human
SRR13289351	Homo sapiens	Human	high	NA	NA	FALSE	NA	NA	NA	NA	Human
SRR13289353	Homo sapiens	Human	high	NA	NA	FALSE	NA	NA	NA	NA	Human
SRR13289354	Homo sapiens	Human	high	NA	NA	FALSE	NA	NA	NA	NA	Human
SRR13289356	Homo sapiens	Human	high	NA	NA	FALSE	NA	NA	NA	NA	Human
SRR13289357	Homo sapiens	Human	high	NA	NA	FALSE	NA	NA	NA	NA	Human
SRR13289358	Homo sapiens	Human	high	NA	NA	FALSE	NA	NA	NA	NA	Human
SRR13289359	Homo sapiens	Human	high	NA	NA	FALSE	NA	NA	NA	NA	Human
SRR13289368	Homo sapiens	Human	high	NA	NA	FALSE	NA	NA	NA	NA	Human
SRR13289374	Homo sapiens	Human	high	NA	NA	FALSE	NA	NA	NA	NA	Human
SRR13289381	Homo sapiens	Human	high	NA	NA	FALSE	NA	NA	NA	NA	Human
SRR13289382	Homo sapiens	Human	high	NA	NA	FALSE	NA	NA	NA	NA	Human
SRR13289386	Homo sapiens	Human	high	NA	NA	FALSE	NA	NA	NA	NA	Human
SRR13289395	Homo sapiens	Human	high	NA	NA	FALSE	NA	NA	NA	NA	Human
SRR13289400	Homo sapiens	Human	high	NA	NA	FALSE	NA	NA	NA	NA	Human
SRR13289401	Homo sapiens	Human	high	NA	NA	FALSE	NA	NA	NA	NA	Human
SRR13289402	Homo sapiens	Human	high	NA	NA	FALSE	NA	NA	NA	NA	Human
SRR13289406	Homo sapiens	Human	high	NA	NA	FALSE	NA	NA	NA	NA	Human
SRR13289407	Homo sapiens	Human	high	NA	NA	FALSE	NA	NA	NA	NA	Human
SRR13289408	Homo sapiens	Human	high	NA	NA	FALSE	NA	NA	NA	NA	Human
SRR13289409	Homo sapiens	Human	high	NA	NA	FALSE	NA	NA	NA	NA	Human
SRR13289411	Homo sapiens	Human	high	NA	NA	FALSE	NA	NA	NA	NA	Human
SRR13289412	Homo sapiens	Human	high	NA	NA	FALSE	NA	NA	NA	NA	Human
SRR13289415	Homo sapiens	Human	high	NA	NA	FALSE	NA	NA	NA	NA	Human
SRR13289416	Homo sapiens	Human	high	NA	NA	FALSE	NA	NA	NA	NA	Human
SRR13289417	Homo sapiens	Human	high	NA	NA	FALSE	NA	NA	NA	NA	Human
SRR13289419	Homo sapiens	Human	high	NA	NA	FALSE	NA	NA	NA	NA	Human
SRR13289422	Homo sapiens	Human	high	NA	NA	FALSE	NA	NA	NA	NA	Human
SRR13289425	Homo sapiens	Human	high	NA	NA	FALSE	NA	NA	NA	NA	Human
SRR13289426	Homo sapiens	Human	high	NA	NA	FALSE	NA	NA	NA	NA	Human
SRR13301901	Mus musculus	Rodent	high	NA	NA	FALSE	NA	NA	NA	NA	Rodent
SRR13308318	bird metagenome	Avian	medium	NA	NA	FALSE	NA	NA	NA	NA	Avian
SRR13308320	bird metagenome	Avian	medium	NA	NA	FALSE	NA	NA	NA	NA	Avian
SRR13318616	Peromyscus maniculatus	Rodent	high	NA	NA	FALSE	NA	NA	NA	NA	Rodent
SRR13326270	Homo sapiens	Human	high	NA	NA	FALSE	NA	NA	NA	NA	Human
SRR13340535	Canis lupus familiaris	Canine	high	NA	NA	FALSE	NA	NA	NA	NA	Canine
SRR20962856	Helicoverpa assulta	Other	low	NA	NA	TRUE	NA	NA	NA	NA	Other
SRR19748697	Heteroplexis vernonioides	Other	low	NA	NA	TRUE	NA	NA	NA	NA	Other
SRR13354852	human gut metagenome	Human	medium	NA	NA	FALSE	NA	NA	NA	NA	Human
SRR13354858	human gut metagenome	Human	medium	NA	NA	FALSE	NA	NA	NA	NA	Human
SRR13354908	human gut metagenome	Human	medium	NA	NA	FALSE	NA	NA	NA	NA	Human
SRR13376341	Canis lupus familiaris	Canine	high	NA	NA	FALSE	NA	NA	NA	NA	Canine
SRR13376351	Canis lupus familiaris	Canine	high	NA	NA	FALSE	NA	NA	NA	NA	Canine
SRR13376362	Canis lupus familiaris	Canine	high	NA	NA	FALSE	NA	NA	NA	NA	Canine
SRR13376374	Canis lupus familiaris	Canine	high	NA	NA	FALSE	NA	NA	NA	NA	Canine
SRR13402751	Homo sapiens	Human	high	NA	NA	FALSE	NA	NA	NA	NA	Human
SRR13434048	Homo sapiens	Human	high	NA	NA	FALSE	NA	NA	NA	NA	Human
SRR13434049	Homo sapiens	Human	high	NA	NA	FALSE	NA	NA	NA	NA	Human
SRR13434050	Homo sapiens	Human	high	NA	NA	FALSE	NA	NA	NA	NA	Human
SRR13434052	Homo sapiens	Human	high	NA	NA	FALSE	NA	NA	NA	NA	Human
SRR13434053	Homo sapiens	Human	high	NA	NA	FALSE	NA	NA	NA	NA	Human
SRR13434063	Homo sapiens	Human	high	NA	NA	FALSE	NA	NA	NA	NA	Human
SRR13434076	Homo sapiens	Human	high	NA	NA	FALSE	NA	NA	NA	NA	Human
SRR13434080	Homo sapiens	Human	high	NA	NA	FALSE	NA	NA	NA	NA	Human
SRR13434091	Homo sapiens	Human	high	NA	NA	FALSE	NA	NA	NA	NA	Human
SRR13434092	Homo sapiens	Human	high	NA	NA	FALSE	NA	NA	NA	NA	Human
SRR13434093	Homo sapiens	Human	high	NA	NA	FALSE	NA	NA	NA	NA	Human
SRR13434102	Homo sapiens	Human	high	NA	NA	FALSE	NA	NA	NA	NA	Human
SRR13434107	Homo sapiens	Human	high	NA	NA	FALSE	NA	NA	NA	NA	Human
SRR13434114	Homo sapiens	Human	high	NA	NA	FALSE	NA	NA	NA	NA	Human
SRR13434122	Homo sapiens	Human	high	NA	NA	FALSE	NA	NA	NA	NA	Human
SRR13434125	Homo sapiens	Human	high	NA	NA	FALSE	NA	NA	NA	NA	Human
SRR13434126	Homo sapiens	Human	high	NA	NA	FALSE	NA	NA	NA	NA	Human
SRR13434128	Homo sapiens	Human	high	NA	NA	FALSE	NA	NA	NA	NA	Human
SRR13434133	Homo sapiens	Human	high	NA	NA	FALSE	NA	NA	NA	NA	Human
SRR13434134	Homo sapiens	Human	high	NA	NA	FALSE	NA	NA	NA	NA	Human
SRR13434142	Homo sapiens	Human	high	NA	NA	FALSE	NA	NA	NA	NA	Human
SRR13434145	Homo sapiens	Human	high	NA	NA	FALSE	NA	NA	NA	NA	Human
SRR13434149	Homo sapiens	Human	high	NA	NA	FALSE	NA	NA	NA	NA	Human
SRR13434151	Homo sapiens	Human	high	NA	NA	FALSE	NA	NA	NA	NA	Human
SRR13434152	Homo sapiens	Human	high	NA	NA	FALSE	NA	NA	NA	NA	Human
SRR13434162	Homo sapiens	Human	high	NA	NA	FALSE	NA	NA	NA	NA	Human
SRR13434166	Homo sapiens	Human	high	NA	NA	FALSE	NA	NA	NA	NA	Human
SRR13434168	Homo sapiens	Human	high	NA	NA	FALSE	NA	NA	NA	NA	Human
SRR13434169	Homo sapiens	Human	high	NA	NA	FALSE	NA	NA	NA	NA	Human
SRR13434170	Homo sapiens	Human	high	NA	NA	FALSE	NA	NA	NA	NA	Human
SRR13442154	human skin metagenome	Human	medium	NA	NA	FALSE	NA	NA	NA	NA	Human
SRR13503349	air metagenome	Metagenome	manual	NA	Metagenome	FALSE	NA	NA	NA	NA	Metagenome
SRR13516715	Cebus imitator	Non-human Primate	high	NA	NA	FALSE	NA	NA	NA	NA	Non-human Primate
SRR13516717	Saimiri sciureus	Non-human Primate	high	NA	NA	FALSE	NA	NA	NA	NA	Non-human Primate
SRR13518206	Homo sapiens	Human	high	NA	NA	FALSE	NA	NA	NA	NA	Human
SRR13557276	human gut metagenome	Human	medium	NA	NA	FALSE	NA	NA	NA	NA	Human
SRR13557514	human gut metagenome	Human	medium	NA	NA	FALSE	NA	NA	NA	NA	Human
SRR13557608	human gut metagenome	Human	medium	NA	NA	FALSE	NA	NA	NA	NA	Human
SRR13559360	Mus musculus	Rodent	high	NA	NA	FALSE	NA	NA	NA	NA	Rodent
SRR13614872	Mus musculus	Rodent	high	NA	NA	FALSE	NA	NA	NA	NA	Rodent
SRR13657713	Mus musculus	Rodent	high	NA	NA	FALSE	NA	NA	NA	NA	Rodent
SRR13657717	Mus musculus	Rodent	high	NA	NA	FALSE	NA	NA	NA	NA	Rodent
SRR13674515	Homo sapiens	Human	high	NA	NA	FALSE	NA	NA	NA	NA	Human
SRR13694844	human vaginal metagenome	Human	medium	NA	NA	FALSE	NA	NA	NA	NA	Human
SRR13695832	Human papillomavirus	Human	medium	NA	NA	FALSE	NA	NA	NA	NA	Human
SRR19748698	Heteroplexis vernonioides	Other	low	NA	NA	TRUE	NA	NA	NA	NA	Other
SRR13712839	human gut metagenome	Human	medium	NA	NA	FALSE	NA	NA	NA	NA	Human
SRR13725746	metagenome	Human	medium	Homo sapiens GER_SNF_F291	NA	FALSE	NA	NA	NA	NA	Human
SRR13725750	metagenome	Human	medium	Homo sapiens GER_SNF_F291	NA	FALSE	NA	NA	NA	NA	Human
SRR13725753	metagenome	Human	medium	Homo sapiens GER_SNF_F291	NA	FALSE	NA	NA	NA	NA	Human
SRR13725754	metagenome	Human	medium	Homo sapiens GER_SNF_F199	NA	FALSE	NA	NA	NA	NA	Human
SRR13725755	metagenome	Human	medium	Homo sapiens GER_SNF_F199	NA	FALSE	NA	NA	NA	NA	Human
SRR13725756	metagenome	Human	medium	Homo sapiens GER_SNF_F199	NA	FALSE	NA	NA	NA	NA	Human
SRR13725757	metagenome	Human	medium	Homo sapiens GER_SNF_F199	NA	FALSE	NA	NA	NA	NA	Human
SRR13725758	metagenome	Human	medium	Homo sapiens GER_SNF_F199	NA	FALSE	NA	NA	NA	NA	Human
SRR13725760	metagenome	Human	medium	Homo sapiens GER_SNF_F199	NA	FALSE	NA	NA	NA	NA	Human
SRR13725761	metagenome	Human	medium	Homo sapiens GER_SNF_F199	NA	FALSE	NA	NA	NA	NA	Human
SRR13725762	metagenome	Human	medium	Homo sapiens GER_SNF_F199	NA	FALSE	NA	NA	NA	NA	Human
SRR13725767	metagenome	Human	medium	Homo sapiens GER_SNF_F123	NA	FALSE	NA	NA	NA	NA	Human
SRR13725821	metagenome	Human	medium	Homo sapiens GER_SNF_F332	NA	FALSE	NA	NA	NA	NA	Human
SRR13725873	metagenome	Human	medium	Homo sapiens GER_SNF_F147	NA	FALSE	NA	NA	NA	NA	Human
SRR13725875	metagenome	Human	medium	Homo sapiens GER_SNF_F147	NA	FALSE	NA	NA	NA	NA	Human
SRR13725876	metagenome	Human	medium	Homo sapiens GER_SNF_F147	NA	FALSE	NA	NA	NA	NA	Human
SRR13725880	metagenome	Human	medium	Homo sapiens GER_SNF_F147	NA	FALSE	NA	NA	NA	NA	Human
SRR13725888	metagenome	Human	medium	Homo sapiens GER_SNF_F332	NA	FALSE	NA	NA	NA	NA	Human
SRR13725916	metagenome	Human	medium	Homo sapiens GER_SNF_F190	NA	FALSE	NA	NA	NA	NA	Human
SRR13725917	metagenome	Human	medium	Homo sapiens GER_SNF_F190	NA	FALSE	NA	NA	NA	NA	Human
SRR13725919	metagenome	Human	medium	Homo sapiens GER_SNF_F190	NA	FALSE	NA	NA	NA	NA	Human
SRR13725926	metagenome	Human	medium	Homo sapiens GER_SNF_F332	NA	FALSE	NA	NA	NA	NA	Human
SRR13725936	metagenome	Human	medium	Homo sapiens GER_SNF_F130	NA	FALSE	NA	NA	NA	NA	Human
SRR13725939	metagenome	Human	medium	Homo sapiens GER_SNF_F130	NA	FALSE	NA	NA	NA	NA	Human
SRR13725945	metagenome	Human	medium	Homo sapiens GER_SNF_F130	NA	FALSE	NA	NA	NA	NA	Human
SRR13725946	metagenome	Human	medium	Homo sapiens GER_SNF_F130	NA	FALSE	NA	NA	NA	NA	Human
SRR13725948	metagenome	Human	medium	Homo sapiens GER_SNF_F130	NA	FALSE	NA	NA	NA	NA	Human
SRR13725950	metagenome	Human	medium	Homo sapiens GER_SNF_F130	NA	FALSE	NA	NA	NA	NA	Human
SRR13725958	metagenome	Human	medium	Homo sapiens GER_SNF_F380	NA	FALSE	NA	NA	NA	NA	Human
SRR13725963	metagenome	Human	medium	Homo sapiens GER_SNF_F380	NA	FALSE	NA	NA	NA	NA	Human
SRR13725978	metagenome	Human	medium	Homo sapiens GER_SNF_F138	NA	FALSE	NA	NA	NA	NA	Human
SRR13725979	metagenome	Human	medium	Homo sapiens GER_SNF_F138	NA	FALSE	NA	NA	NA	NA	Human
SRR13725980	metagenome	Human	medium	Homo sapiens GER_SNF_F138	NA	FALSE	NA	NA	NA	NA	Human
SRR13725981	metagenome	Human	medium	Homo sapiens GER_SNF_F138	NA	FALSE	NA	NA	NA	NA	Human
SRR13725982	metagenome	Human	medium	Homo sapiens GER_SNF_F138	NA	FALSE	NA	NA	NA	NA	Human
SRR13725984	metagenome	Human	medium	Homo sapiens GER_SNF_F138	NA	FALSE	NA	NA	NA	NA	Human
SRR13725985	metagenome	Human	medium	Homo sapiens GER_SNF_F138	NA	FALSE	NA	NA	NA	NA	Human
SRR13725987	metagenome	Human	medium	Homo sapiens GER_SNF_F138	NA	FALSE	NA	NA	NA	NA	Human
SRR13725989	metagenome	Human	medium	Homo sapiens GER_SNF_F138	NA	FALSE	NA	NA	NA	NA	Human
SRR13725996	metagenome	Human	medium	Homo sapiens GER_SNF_F310	NA	FALSE	NA	NA	NA	NA	Human
SRR13725997	metagenome	Human	medium	Homo sapiens GER_SNF_F310	NA	FALSE	NA	NA	NA	NA	Human
SRR13726001	metagenome	Human	medium	Homo sapiens GER_SNF_F310	NA	FALSE	NA	NA	NA	NA	Human
SRR13726002	metagenome	Human	medium	Homo sapiens GER_SNF_F177	NA	FALSE	NA	NA	NA	NA	Human
SRR13726003	metagenome	Human	medium	Homo sapiens GER_SNF_F177	NA	FALSE	NA	NA	NA	NA	Human
SRR13726004	metagenome	Human	medium	Homo sapiens GER_SNF_F177	NA	FALSE	NA	NA	NA	NA	Human
SRR13726006	metagenome	Human	medium	Homo sapiens GER_SNF_F177	NA	FALSE	NA	NA	NA	NA	Human
SRR13726007	metagenome	Human	medium	Homo sapiens GER_SNF_F177	NA	FALSE	NA	NA	NA	NA	Human
SRR13726009	metagenome	Human	medium	Homo sapiens GER_SNF_F177	NA	FALSE	NA	NA	NA	NA	Human
SRR13726015	metagenome	Human	medium	Homo sapiens GER_SNF_F351	NA	FALSE	NA	NA	NA	NA	Human
SRR13726016	metagenome	Human	medium	Homo sapiens GER_SNF_F351	NA	FALSE	NA	NA	NA	NA	Human
SRR13726022	metagenome	Human	medium	Homo sapiens GER_SNF_F116	NA	FALSE	NA	NA	NA	NA	Human
SRR13726025	metagenome	Human	medium	Homo sapiens GER_SNF_F116	NA	FALSE	NA	NA	NA	NA	Human
SRR13726027	metagenome	Human	medium	Homo sapiens GER_SNF_F116	NA	FALSE	NA	NA	NA	NA	Human
SRR13726042	metagenome	Human	medium	Homo sapiens GER_SNF_F270	NA	FALSE	NA	NA	NA	NA	Human
SRR13726044	metagenome	Human	medium	Homo sapiens GER_SNF_F270	NA	FALSE	NA	NA	NA	NA	Human
SRR13726049	metagenome	Human	medium	Homo sapiens GER_SNF_F120	NA	FALSE	NA	NA	NA	NA	Human
SRR13726050	metagenome	Human	medium	Homo sapiens GER_SNF_F120	NA	FALSE	NA	NA	NA	NA	Human
SRR13726051	metagenome	Human	medium	Homo sapiens GER_SNF_F120	NA	FALSE	NA	NA	NA	NA	Human
SRR13726052	metagenome	Human	medium	Homo sapiens GER_SNF_F120	NA	FALSE	NA	NA	NA	NA	Human
SRR13726053	metagenome	Human	medium	Homo sapiens GER_SNF_F120	NA	FALSE	NA	NA	NA	NA	Human
SRR13726055	metagenome	Human	medium	Homo sapiens GER_SNF_F120	NA	FALSE	NA	NA	NA	NA	Human
SRR13726056	metagenome	Human	medium	Homo sapiens GER_SNF_F120	NA	FALSE	NA	NA	NA	NA	Human
SRR13726060	metagenome	Human	medium	Homo sapiens GER_SNF_F344	NA	FALSE	NA	NA	NA	NA	Human
SRR13726061	metagenome	Human	medium	Homo sapiens GER_SNF_F344	NA	FALSE	NA	NA	NA	NA	Human
SRR13726063	metagenome	Human	medium	Homo sapiens GER_SNF_F344	NA	FALSE	NA	NA	NA	NA	Human
SRR13726064	metagenome	Human	medium	Homo sapiens GER_SNF_F344	NA	FALSE	NA	NA	NA	NA	Human
SRR13726070	metagenome	Human	medium	Homo sapiens GER_SNF_F228	NA	FALSE	NA	NA	NA	NA	Human
SRR13726072	metagenome	Human	medium	Homo sapiens GER_SNF_F228	NA	FALSE	NA	NA	NA	NA	Human
SRR13726074	metagenome	Human	medium	Homo sapiens GER_SNF_F228	NA	FALSE	NA	NA	NA	NA	Human
SRR13726078	metagenome	Human	medium	Homo sapiens GER_SNF_F145	NA	FALSE	NA	NA	NA	NA	Human
SRR13726079	metagenome	Human	medium	Homo sapiens GER_SNF_F145	NA	FALSE	NA	NA	NA	NA	Human
SRR13726080	metagenome	Human	medium	Homo sapiens GER_SNF_F145	NA	FALSE	NA	NA	NA	NA	Human
SRR13726081	metagenome	Human	medium	Homo sapiens GER_SNF_F145	NA	FALSE	NA	NA	NA	NA	Human
SRR13726082	metagenome	Human	medium	Homo sapiens GER_SNF_F145	NA	FALSE	NA	NA	NA	NA	Human
SRR13726083	metagenome	Human	medium	Homo sapiens GER_SNF_F145	NA	FALSE	NA	NA	NA	NA	Human
SRR13726084	metagenome	Human	medium	Homo sapiens GER_SNF_F145	NA	FALSE	NA	NA	NA	NA	Human
SRR13729787	Homo sapiens	Human	high	NA	NA	FALSE	NA	NA	NA	NA	Human
SRR13740790	human urinary tract metagenome	Human	medium	NA	NA	FALSE	NA	NA	NA	NA	Human
SRR13740987	human gut metagenome	Human	medium	NA	NA	FALSE	NA	NA	NA	NA	Human
SRR13740989	human gut metagenome	Human	medium	NA	NA	FALSE	NA	NA	NA	NA	Human
SRR13740998	human gut metagenome	Human	medium	NA	NA	FALSE	NA	NA	NA	NA	Human
SRR13741004	human gut metagenome	Human	medium	NA	NA	FALSE	NA	NA	NA	NA	Human
SRR13741007	human gut metagenome	Human	medium	NA	NA	FALSE	NA	NA	NA	NA	Human
SRR13741008	human gut metagenome	Human	medium	NA	NA	FALSE	NA	NA	NA	NA	Human
SRR13741014	human gut metagenome	Human	medium	NA	NA	FALSE	NA	NA	NA	NA	Human
SRR13741024	human gut metagenome	Human	medium	NA	NA	FALSE	NA	NA	NA	NA	Human
SRR13765801	Sarcophilus harrisii	Marsupial	high	NA	NA	FALSE	NA	NA	NA	NA	Marsupial
SRR13765808	Sarcophilus harrisii	Marsupial	high	NA	NA	FALSE	NA	NA	NA	NA	Marsupial
SRR13765811	Sarcophilus harrisii	Marsupial	high	NA	NA	FALSE	NA	NA	NA	NA	Marsupial
SRR13771794	Homo sapiens	Human	high	NA	NA	FALSE	NA	NA	NA	NA	Human
SRR13771795	Homo sapiens	Human	high	NA	NA	FALSE	NA	NA	NA	NA	Human
SRR13771796	Homo sapiens	Human	high	NA	NA	FALSE	NA	NA	NA	NA	Human
SRR13783792	Mustela nivalis	Mustelid	high	NA	NA	FALSE	NA	NA	NA	NA	Mustelid
SRR13784154	Felis catus	Feline	high	NA	NA	FALSE	NA	NA	NA	NA	Feline
SRR13784163	Felis catus	Feline	high	NA	NA	FALSE	NA	NA	NA	NA	Feline
SRR13784164	Felis catus	Feline	high	NA	NA	FALSE	NA	NA	NA	NA	Feline
SRR13784171	Felis catus	Feline	high	NA	NA	FALSE	NA	NA	NA	NA	Feline
SRR13784172	Felis catus	Feline	high	NA	NA	FALSE	NA	NA	NA	NA	Feline
SRR13784173	Felis catus	Feline	high	NA	NA	FALSE	NA	NA	NA	NA	Feline
SRR13784175	Felis catus	Feline	high	NA	NA	FALSE	NA	NA	NA	NA	Feline
SRR13789150	metagenome	Human	medium	Homo sapiens GER_SNF_F291	NA	FALSE	NA	NA	NA	NA	Human
SRR13789151	metagenome	Human	medium	Homo sapiens GER_SNF_F291	NA	FALSE	NA	NA	NA	NA	Human
SRR13789153	metagenome	Human	medium	Homo sapiens GER_CD_S94	NA	FALSE	NA	NA	NA	NA	Human
SRR13789154	metagenome	Human	medium	Homo sapiens GER_CD_S81	NA	FALSE	NA	NA	NA	NA	Human
SRR13789157	metagenome	Human	medium	Homo sapiens GER_SNF_F291	NA	FALSE	NA	NA	NA	NA	Human
SRR13789161	metagenome	Human	medium	Homo sapiens GER_SNF_F291	NA	FALSE	NA	NA	NA	NA	Human
SRR13789162	metagenome	Human	medium	Homo sapiens GER_SNF_F291	NA	FALSE	NA	NA	NA	NA	Human
SRR13789163	metagenome	Human	medium	Homo sapiens GER_SNF_F291	NA	FALSE	NA	NA	NA	NA	Human
SRR13789165	metagenome	Human	medium	Homo sapiens GER_CD_S50	NA	FALSE	NA	NA	NA	NA	Human
SRR13789167	metagenome	Human	medium	Homo sapiens GER_SNF_F291	NA	FALSE	NA	NA	NA	NA	Human
SRR13789169	metagenome	Human	medium	Homo sapiens GER_SNF_F199	NA	FALSE	NA	NA	NA	NA	Human
SRR13789170	metagenome	Human	medium	Homo sapiens GER_SNF_F199	NA	FALSE	NA	NA	NA	NA	Human
SRR13789171	metagenome	Human	medium	Homo sapiens GER_SNF_F199	NA	FALSE	NA	NA	NA	NA	Human
SRR13789172	metagenome	Human	medium	Homo sapiens GER_SNF_F199	NA	FALSE	NA	NA	NA	NA	Human
SRR13789173	metagenome	Human	medium	Homo sapiens GER_SNF_F199	NA	FALSE	NA	NA	NA	NA	Human
SRR13789176	metagenome	Human	medium	Homo sapiens GER_CD_S50	NA	FALSE	NA	NA	NA	NA	Human
SRR13789177	metagenome	Human	medium	Homo sapiens GER_SNF_F199	NA	FALSE	NA	NA	NA	NA	Human
SRR13789178	metagenome	Human	medium	Homo sapiens GER_SNF_F199	NA	FALSE	NA	NA	NA	NA	Human
SRR13789179	metagenome	Human	medium	Homo sapiens GER_SNF_F199	NA	FALSE	NA	NA	NA	NA	Human
SRR13789180	metagenome	Human	medium	Homo sapiens GER_SNF_F199	NA	FALSE	NA	NA	NA	NA	Human
SRR13789181	metagenome	Human	medium	Homo sapiens GER_SNF_F199	NA	FALSE	NA	NA	NA	NA	Human
SRR13789182	metagenome	Human	medium	Homo sapiens GER_SNF_F199	NA	FALSE	NA	NA	NA	NA	Human
SRR13789184	metagenome	Human	medium	Homo sapiens GER_SNF_F199	NA	FALSE	NA	NA	NA	NA	Human
SRR13789186	metagenome	Human	medium	Homo sapiens GER_SNF_F199	NA	FALSE	NA	NA	NA	NA	Human
SRR13789192	metagenome	Human	medium	Homo sapiens GER_SNF_F123	NA	FALSE	NA	NA	NA	NA	Human
SRR13789197	metagenome	Human	medium	Homo sapiens GER_CD_S24	NA	FALSE	NA	NA	NA	NA	Human
SRR13789198	metagenome	Human	medium	Homo sapiens GER_CD_S50	NA	FALSE	NA	NA	NA	NA	Human
SRR13789200	metagenome	Human	medium	Homo sapiens GER_CD_S24	NA	FALSE	NA	NA	NA	NA	Human
SRR13789203	metagenome	Human	medium	Homo sapiens GER_CD_S24	NA	FALSE	NA	NA	NA	NA	Human
SRR13789204	metagenome	Human	medium	Homo sapiens GER_CD_S24	NA	FALSE	NA	NA	NA	NA	Human
SRR13789207	metagenome	Human	medium	Homo sapiens GER_CD_S24	NA	FALSE	NA	NA	NA	NA	Human
SRR13789208	metagenome	Human	medium	Homo sapiens GER_CD_S24	NA	FALSE	NA	NA	NA	NA	Human
SRR13789211	metagenome	Human	medium	Homo sapiens GER_CD_S24	NA	FALSE	NA	NA	NA	NA	Human
SRR13789214	metagenome	Human	medium	Homo sapiens GER_CD_S24	NA	FALSE	NA	NA	NA	NA	Human
SRR13789215	metagenome	Human	medium	Homo sapiens GER_CD_S24	NA	FALSE	NA	NA	NA	NA	Human
SRR13789220	metagenome	Human	medium	Homo sapiens GER_CD_S50	NA	FALSE	NA	NA	NA	NA	Human
SRR13789221	metagenome	Human	medium	Homo sapiens GER_CD_S62	NA	FALSE	NA	NA	NA	NA	Human
SRR13789223	metagenome	Human	medium	Homo sapiens GER_CD_S62	NA	FALSE	NA	NA	NA	NA	Human
SRR13789226	metagenome	Human	medium	Homo sapiens GER_CD_S62	NA	FALSE	NA	NA	NA	NA	Human
SRR13789227	metagenome	Human	medium	Homo sapiens GER_CD_S62	NA	FALSE	NA	NA	NA	NA	Human
SRR13789229	metagenome	Human	medium	Homo sapiens GER_CD_S62	NA	FALSE	NA	NA	NA	NA	Human
SRR13789230	metagenome	Human	medium	Homo sapiens GER_CD_S62	NA	FALSE	NA	NA	NA	NA	Human
SRR13789240	metagenome	Human	medium	Homo sapiens GER_CD_S81	NA	FALSE	NA	NA	NA	NA	Human
SRR13789253	metagenome	Human	medium	Homo sapiens GER_SNF_F228	NA	FALSE	NA	NA	NA	NA	Human
SRR13789256	metagenome	Human	medium	Homo sapiens GER_SNF_F228	NA	FALSE	NA	NA	NA	NA	Human
SRR13789259	metagenome	Human	medium	Homo sapiens GER_SNF_F228	NA	FALSE	NA	NA	NA	NA	Human
SRR13789261	metagenome	Human	medium	Homo sapiens GER_SNF_F228	NA	FALSE	NA	NA	NA	NA	Human
SRR13789262	metagenome	Human	medium	Homo sapiens GER_SNF_F228	NA	FALSE	NA	NA	NA	NA	Human
SRR13789263	metagenome	Human	medium	Homo sapiens GER_SNF_F228	NA	FALSE	NA	NA	NA	NA	Human
SRR13789266	metagenome	Human	medium	Homo sapiens GER_SNF_F228	NA	FALSE	NA	NA	NA	NA	Human
SRR13789268	metagenome	Human	medium	Homo sapiens GER_SNF_F145	NA	FALSE	NA	NA	NA	NA	Human
SRR13789269	metagenome	Human	medium	Homo sapiens GER_CD_S40	NA	FALSE	NA	NA	NA	NA	Human
SRR13789270	metagenome	Human	medium	Homo sapiens GER_SNF_F145	NA	FALSE	NA	NA	NA	NA	Human
SRR13789271	metagenome	Human	medium	Homo sapiens GER_SNF_F145	NA	FALSE	NA	NA	NA	NA	Human
SRR13789272	metagenome	Human	medium	Homo sapiens GER_SNF_F145	NA	FALSE	NA	NA	NA	NA	Human
SRR13789273	metagenome	Human	medium	Homo sapiens GER_SNF_F145	NA	FALSE	NA	NA	NA	NA	Human
SRR13789275	metagenome	Human	medium	Homo sapiens GER_SNF_F145	NA	FALSE	NA	NA	NA	NA	Human
SRR13789276	metagenome	Human	medium	Homo sapiens GER_SNF_F145	NA	FALSE	NA	NA	NA	NA	Human
SRR13789278	metagenome	Human	medium	Homo sapiens GER_SNF_F145	NA	FALSE	NA	NA	NA	NA	Human
SRR13789279	metagenome	Human	medium	Homo sapiens GER_CD_S94	NA	FALSE	NA	NA	NA	NA	Human
SRR13789280	metagenome	Human	medium	Homo sapiens GER_CD_S53	NA	FALSE	NA	NA	NA	NA	Human
SRR13789282	metagenome	Human	medium	Homo sapiens GER_CD_S53	NA	FALSE	NA	NA	NA	NA	Human
SRR13789293	metagenome	Human	medium	Homo sapiens GER_CD_S36	NA	FALSE	NA	NA	NA	NA	Human
SRR13789294	metagenome	Human	medium	Homo sapiens GER_CD_S87	NA	FALSE	NA	NA	NA	NA	Human
SRR13789297	metagenome	Human	medium	Homo sapiens GER_CD_S36	NA	FALSE	NA	NA	NA	NA	Human
SRR13789302	metagenome	Human	medium	Homo sapiens GER_CD_S56	NA	FALSE	NA	NA	NA	NA	Human
SRR13789306	metagenome	Human	medium	Homo sapiens GER_CD_S56	NA	FALSE	NA	NA	NA	NA	Human
SRR13789325	metagenome	Human	medium	Homo sapiens GER_CD_S56	NA	FALSE	NA	NA	NA	NA	Human
SRR13789327	metagenome	Human	medium	Homo sapiens GER_CD_S56	NA	FALSE	NA	NA	NA	NA	Human
SRR13789330	metagenome	Human	medium	Homo sapiens GER_CD_S31	NA	FALSE	NA	NA	NA	NA	Human
SRR13789333	metagenome	Human	medium	Homo sapiens GER_CD_S94	NA	FALSE	NA	NA	NA	NA	Human
SRR13789334	metagenome	Human	medium	Homo sapiens GER_CD_S31	NA	FALSE	NA	NA	NA	NA	Human
SRR13789335	metagenome	Human	medium	Homo sapiens GER_CD_S31	NA	FALSE	NA	NA	NA	NA	Human
SRR13789336	metagenome	Human	medium	Homo sapiens GER_CD_S31	NA	FALSE	NA	NA	NA	NA	Human
SRR13789339	metagenome	Human	medium	Homo sapiens GER_CD_S31	NA	FALSE	NA	NA	NA	NA	Human
SRR13789341	metagenome	Human	medium	Homo sapiens GER_CD_S31	NA	FALSE	NA	NA	NA	NA	Human
SRR13789342	metagenome	Human	medium	Homo sapiens GER_CD_S31	NA	FALSE	NA	NA	NA	NA	Human
SRR13789343	metagenome	Human	medium	Homo sapiens GER_CD_S67	NA	FALSE	NA	NA	NA	NA	Human
SRR13789344	metagenome	Human	medium	Homo sapiens GER_CD_S94	NA	FALSE	NA	NA	NA	NA	Human
SRR13789345	metagenome	Human	medium	Homo sapiens GER_CD_S67	NA	FALSE	NA	NA	NA	NA	Human
SRR13789378	metagenome	Human	medium	Homo sapiens GER_CD_S81	NA	FALSE	NA	NA	NA	NA	Human
SRR13789381	metagenome	Human	medium	Homo sapiens GER_CD_S46	NA	FALSE	NA	NA	NA	NA	Human
SRR13789382	metagenome	Human	medium	Homo sapiens GER_CD_S75	NA	FALSE	NA	NA	NA	NA	Human
SRR13789387	metagenome	Human	medium	Homo sapiens GER_CD_S46	NA	FALSE	NA	NA	NA	NA	Human
SRR13789393	metagenome	Human	medium	Homo sapiens GER_CD_S75	NA	FALSE	NA	NA	NA	NA	Human
SRR13789397	metagenome	Human	medium	Homo sapiens GER_CD_S88	NA	FALSE	NA	NA	NA	NA	Human
SRR13789401	metagenome	Human	medium	Homo sapiens GER_CD_S49	NA	FALSE	NA	NA	NA	NA	Human
SRR13789402	metagenome	Human	medium	Homo sapiens GER_CD_S49	NA	FALSE	NA	NA	NA	NA	Human
SRR13789403	metagenome	Human	medium	Homo sapiens GER_CD_S49	NA	FALSE	NA	NA	NA	NA	Human
SRR13789404	metagenome	Human	medium	Homo sapiens GER_CD_S75	NA	FALSE	NA	NA	NA	NA	Human
SRR13789407	metagenome	Human	medium	Homo sapiens GER_CD_S49	NA	FALSE	NA	NA	NA	NA	Human
SRR13789410	metagenome	Human	medium	Homo sapiens GER_CD_S49	NA	FALSE	NA	NA	NA	NA	Human
SRR13789411	metagenome	Human	medium	Homo sapiens GER_CD_S49	NA	FALSE	NA	NA	NA	NA	Human
SRR13789420	metagenome	Human	medium	Homo sapiens GER_CD_S33	NA	FALSE	NA	NA	NA	NA	Human
SRR13789421	metagenome	Human	medium	Homo sapiens GER_CD_S33	NA	FALSE	NA	NA	NA	NA	Human
SRR13789426	metagenome	Human	medium	Homo sapiens GER_CD_S75	NA	FALSE	NA	NA	NA	NA	Human
SRR13789428	metagenome	Human	medium	Homo sapiens GER_CD_S33	NA	FALSE	NA	NA	NA	NA	Human
SRR13789430	metagenome	Human	medium	Homo sapiens GER_CD_S33	NA	FALSE	NA	NA	NA	NA	Human
SRR13789432	metagenome	Human	medium	Homo sapiens GER_CD_S53	NA	FALSE	NA	NA	NA	NA	Human
SRR13789433	metagenome	Human	medium	Homo sapiens GER_CD_S53	NA	FALSE	NA	NA	NA	NA	Human
SRR13789437	metagenome	Human	medium	Homo sapiens GER_CD_S75	NA	FALSE	NA	NA	NA	NA	Human
SRR13789438	metagenome	Human	medium	Homo sapiens GER_CD_S94	NA	FALSE	NA	NA	NA	NA	Human
SRR13789447	metagenome	Human	medium	Homo sapiens GER_CD_S36	NA	FALSE	NA	NA	NA	NA	Human
SRR13789449	metagenome	Human	medium	Homo sapiens GER_CD_S75	NA	FALSE	NA	NA	NA	NA	Human
SRR13789458	metagenome	Human	medium	Homo sapiens GER_CD_S36	NA	FALSE	NA	NA	NA	NA	Human
SRR13789459	metagenome	Human	medium	Homo sapiens GER_CD_S56	NA	FALSE	NA	NA	NA	NA	Human
SRR13789467	metagenome	Human	medium	Homo sapiens GER_CD_S94	NA	FALSE	NA	NA	NA	NA	Human
SRR13789472	metagenome	Human	medium	Homo sapiens GER_CD_S25	NA	FALSE	NA	NA	NA	NA	Human
SRR13789473	metagenome	Human	medium	Homo sapiens GER_CD_S25	NA	FALSE	NA	NA	NA	NA	Human
SRR13789475	metagenome	Human	medium	Homo sapiens GER_CD_S25	NA	FALSE	NA	NA	NA	NA	Human
SRR13789478	metagenome	Human	medium	Homo sapiens GER_CD_S94	NA	FALSE	NA	NA	NA	NA	Human
SRR13789479	metagenome	Human	medium	Homo sapiens GER_CD_S73	NA	FALSE	NA	NA	NA	NA	Human
SRR13789480	metagenome	Human	medium	Homo sapiens GER_CD_S73	NA	FALSE	NA	NA	NA	NA	Human
SRR13789488	metagenome	Human	medium	Homo sapiens GER_CD_S73	NA	FALSE	NA	NA	NA	NA	Human
SRR13789489	metagenome	Human	medium	Homo sapiens GER_CD_S94	NA	FALSE	NA	NA	NA	NA	Human
SRR13789490	metagenome	Human	medium	Homo sapiens GER_CD_S94	NA	FALSE	NA	NA	NA	NA	Human
SRR13789491	metagenome	Human	medium	Homo sapiens GER_CD_S94	NA	FALSE	NA	NA	NA	NA	Human
SRR13789492	metagenome	Human	medium	Homo sapiens GER_SNF_F145	NA	FALSE	NA	NA	NA	NA	Human
SRR13789493	metagenome	Human	medium	Homo sapiens GER_CD_S40	NA	FALSE	NA	NA	NA	NA	Human
SRR13789494	metagenome	Human	medium	Homo sapiens GER_SNF_F145	NA	FALSE	NA	NA	NA	NA	Human
SRR13789495	metagenome	Human	medium	Homo sapiens GER_SNF_F145	NA	FALSE	NA	NA	NA	NA	Human
SRR13789496	metagenome	Human	medium	Homo sapiens GER_SNF_F145	NA	FALSE	NA	NA	NA	NA	Human
SRR13789499	metagenome	Human	medium	Homo sapiens GER_SNF_F145	NA	FALSE	NA	NA	NA	NA	Human
SRR13789504	metagenome	Human	medium	Homo sapiens GER_CD_S40	NA	FALSE	NA	NA	NA	NA	Human
SRR13789515	metagenome	Human	medium	Homo sapiens GER_CD_S50	NA	FALSE	NA	NA	NA	NA	Human
SRR13789520	metagenome	Human	medium	Homo sapiens GER_CD_S56	NA	FALSE	NA	NA	NA	NA	Human
SRR13789522	metagenome	Human	medium	Homo sapiens GER_CD_S56	NA	FALSE	NA	NA	NA	NA	Human
SRR13789523	metagenome	Human	medium	Homo sapiens GER_CD_S56	NA	FALSE	NA	NA	NA	NA	Human
SRR13789524	metagenome	Human	medium	Homo sapiens GER_CD_S56	NA	FALSE	NA	NA	NA	NA	Human
SRR13789527	metagenome	Human	medium	Homo sapiens GER_CD_S75	NA	FALSE	NA	NA	NA	NA	Human
SRR13789529	metagenome	Human	medium	Homo sapiens GER_CD_S31	NA	FALSE	NA	NA	NA	NA	Human
SRR13789534	metagenome	Human	medium	Homo sapiens GER_CD_S31	NA	FALSE	NA	NA	NA	NA	Human
SRR13789536	metagenome	Human	medium	Homo sapiens GER_CD_S31	NA	FALSE	NA	NA	NA	NA	Human
SRR13789537	metagenome	Human	medium	Homo sapiens GER_CD_S31	NA	FALSE	NA	NA	NA	NA	Human
SRR13789538	metagenome	Human	medium	Homo sapiens GER_CD_S75	NA	FALSE	NA	NA	NA	NA	Human
SRR13789539	metagenome	Human	medium	Homo sapiens GER_CD_S67	NA	FALSE	NA	NA	NA	NA	Human
SRR13789540	metagenome	Human	medium	Homo sapiens GER_CD_S97	NA	FALSE	NA	NA	NA	NA	Human
SRR13789544	metagenome	Human	medium	Homo sapiens GER_CD_S97	NA	FALSE	NA	NA	NA	NA	Human
SRR13789548	metagenome	Human	medium	Homo sapiens GER_CD_S88	NA	FALSE	NA	NA	NA	NA	Human
SRR13789552	metagenome	Human	medium	Homo sapiens GER_CD_S88	NA	FALSE	NA	NA	NA	NA	Human
SRR13789553	metagenome	Human	medium	Homo sapiens GER_CD_S88	NA	FALSE	NA	NA	NA	NA	Human
SRR13789554	metagenome	Human	medium	Homo sapiens GER_CD_S88	NA	FALSE	NA	NA	NA	NA	Human
SRR13789560	metagenome	Human	medium	Homo sapiens GER_CD_S88	NA	FALSE	NA	NA	NA	NA	Human
SRR13789561	metagenome	Human	medium	Homo sapiens GER_CD_S14	NA	FALSE	NA	NA	NA	NA	Human
SRR13789563	metagenome	Human	medium	Homo sapiens GER_CD_S88	NA	FALSE	NA	NA	NA	NA	Human
SRR13789567	metagenome	Human	medium	Homo sapiens GER_CD_S40	NA	FALSE	NA	NA	NA	NA	Human
SRR13789568	metagenome	Human	medium	Homo sapiens GER_CD_S40	NA	FALSE	NA	NA	NA	NA	Human
SRR13789569	metagenome	Human	medium	Homo sapiens GER_CD_S50	NA	FALSE	NA	NA	NA	NA	Human
SRR13789570	metagenome	Human	medium	Homo sapiens GER_CD_S50	NA	FALSE	NA	NA	NA	NA	Human
SRR13789571	metagenome	Human	medium	Homo sapiens GER_CD_S87	NA	FALSE	NA	NA	NA	NA	Human
SRR13789573	metagenome	Human	medium	Homo sapiens GER_CD_S50	NA	FALSE	NA	NA	NA	NA	Human
SRR13789574	metagenome	Human	medium	Homo sapiens GER_CD_S50	NA	FALSE	NA	NA	NA	NA	Human
SRR13789576	metagenome	Human	medium	Homo sapiens GER_CD_S50	NA	FALSE	NA	NA	NA	NA	Human
SRR13789577	metagenome	Human	medium	Homo sapiens GER_CD_S50	NA	FALSE	NA	NA	NA	NA	Human
SRR13789578	metagenome	Human	medium	Homo sapiens GER_CD_S14	NA	FALSE	NA	NA	NA	NA	Human
SRR13789579	metagenome	Human	medium	Homo sapiens GER_CD_S14	NA	FALSE	NA	NA	NA	NA	Human
SRR13789582	metagenome	Human	medium	Homo sapiens GER_CD_S87	NA	FALSE	NA	NA	NA	NA	Human
SRR13789583	metagenome	Human	medium	Homo sapiens GER_CD_S14	NA	FALSE	NA	NA	NA	NA	Human
SRR13789584	metagenome	Human	medium	Homo sapiens GER_CD_S14	NA	FALSE	NA	NA	NA	NA	Human
SRR13789585	metagenome	Human	medium	Homo sapiens GER_CD_S14	NA	FALSE	NA	NA	NA	NA	Human
SRR13789587	metagenome	Human	medium	Homo sapiens GER_CD_S14	NA	FALSE	NA	NA	NA	NA	Human
SRR13789588	metagenome	Human	medium	Homo sapiens GER_CD_S14	NA	FALSE	NA	NA	NA	NA	Human
SRR13789590	metagenome	Human	medium	Homo sapiens GER_CD_S14	NA	FALSE	NA	NA	NA	NA	Human
SRR13789591	metagenome	Human	medium	Homo sapiens GER_CD_S14	NA	FALSE	NA	NA	NA	NA	Human
SRR13789592	metagenome	Human	medium	Homo sapiens GER_CD_S75	NA	FALSE	NA	NA	NA	NA	Human
SRR13789600	metagenome	Human	medium	Homo sapiens GER_CD_S14	NA	FALSE	NA	NA	NA	NA	Human
SRR13789601	metagenome	Human	medium	Homo sapiens GER_CD_S49	NA	FALSE	NA	NA	NA	NA	Human
SRR13789605	metagenome	Human	medium	Homo sapiens GER_CD_S49	NA	FALSE	NA	NA	NA	NA	Human
SRR13789607	metagenome	Human	medium	Homo sapiens GER_CD_S49	NA	FALSE	NA	NA	NA	NA	Human
SRR13789610	metagenome	Human	medium	Homo sapiens GER_CD_S49	NA	FALSE	NA	NA	NA	NA	Human
SRR13789611	metagenome	Human	medium	Homo sapiens GER_CD_S14	NA	FALSE	NA	NA	NA	NA	Human
SRR13789612	metagenome	Human	medium	Homo sapiens GER_CD_S49	NA	FALSE	NA	NA	NA	NA	Human
SRR13789616	metagenome	Human	medium	Homo sapiens GER_CD_S33	NA	FALSE	NA	NA	NA	NA	Human
SRR13789623	metagenome	Human	medium	Homo sapiens GER_CD_S75	NA	FALSE	NA	NA	NA	NA	Human
SRR13789624	metagenome	Human	medium	Homo sapiens GER_CD_S75	NA	FALSE	NA	NA	NA	NA	Human
SRR13789625	metagenome	Human	medium	Homo sapiens GER_CD_S75	NA	FALSE	NA	NA	NA	NA	Human
SRR13789626	metagenome	Human	medium	Homo sapiens GER_CD_S75	NA	FALSE	NA	NA	NA	NA	Human
SRR13789627	metagenome	Human	medium	Homo sapiens GER_CD_S75	NA	FALSE	NA	NA	NA	NA	Human
SRR13789628	metagenome	Human	medium	Homo sapiens GER_CD_S75	NA	FALSE	NA	NA	NA	NA	Human
SRR13789630	metagenome	Human	medium	Homo sapiens GER_CD_S75	NA	FALSE	NA	NA	NA	NA	Human
SRR13789631	metagenome	Human	medium	Homo sapiens GER_CD_S87	NA	FALSE	NA	NA	NA	NA	Human
SRR13789633	metagenome	Human	medium	Homo sapiens GER_CD_S87	NA	FALSE	NA	NA	NA	NA	Human
SRR13789634	metagenome	Human	medium	Homo sapiens GER_CD_S87	NA	FALSE	NA	NA	NA	NA	Human
SRR13789636	metagenome	Human	medium	Homo sapiens GER_CD_S87	NA	FALSE	NA	NA	NA	NA	Human
SRR13789637	metagenome	Human	medium	Homo sapiens GER_CD_S87	NA	FALSE	NA	NA	NA	NA	Human
SRR13789640	metagenome	Human	medium	Homo sapiens GER_CD_S94	NA	FALSE	NA	NA	NA	NA	Human
SRR13789641	metagenome	Human	medium	Homo sapiens GER_CD_S94	NA	FALSE	NA	NA	NA	NA	Human
SRR13789644	metagenome	Human	medium	Homo sapiens GER_CD_S87	NA	FALSE	NA	NA	NA	NA	Human
SRR13789645	metagenome	Human	medium	Homo sapiens GER_CD_S94	NA	FALSE	NA	NA	NA	NA	Human
SRR13789646	metagenome	Human	medium	Homo sapiens GER_CD_S94	NA	FALSE	NA	NA	NA	NA	Human
SRR13789647	metagenome	Human	medium	Homo sapiens GER_CD_S94	NA	FALSE	NA	NA	NA	NA	Human
SRR13789648	metagenome	Human	medium	Homo sapiens GER_CD_S94	NA	FALSE	NA	NA	NA	NA	Human
SRR13789649	metagenome	Human	medium	Homo sapiens GER_CD_S94	NA	FALSE	NA	NA	NA	NA	Human
SRR13789651	metagenome	Human	medium	Homo sapiens GER_CD_S33	NA	FALSE	NA	NA	NA	NA	Human
SRR13789653	metagenome	Human	medium	Homo sapiens GER_CD_S33	NA	FALSE	NA	NA	NA	NA	Human
SRR13789661	metagenome	Human	medium	Homo sapiens GER_CD_S14	NA	FALSE	NA	NA	NA	NA	Human
SRR13789672	metagenome	Human	medium	Homo sapiens GER_CD_S14	NA	FALSE	NA	NA	NA	NA	Human
SRR13789683	metagenome	Human	medium	Homo sapiens GER_SNF_F351	NA	FALSE	NA	NA	NA	NA	Human
SRR13789687	metagenome	Human	medium	Homo sapiens GER_CD_S76	NA	FALSE	NA	NA	NA	NA	Human
SRR13789689	metagenome	Human	medium	Homo sapiens GER_SNF_F116	NA	FALSE	NA	NA	NA	NA	Human
SRR13789690	metagenome	Human	medium	Homo sapiens GER_SNF_F116	NA	FALSE	NA	NA	NA	NA	Human
SRR13789692	metagenome	Human	medium	Homo sapiens GER_SNF_F116	NA	FALSE	NA	NA	NA	NA	Human
SRR13789693	metagenome	Human	medium	Homo sapiens GER_SNF_F116	NA	FALSE	NA	NA	NA	NA	Human
SRR13789696	metagenome	Human	medium	Homo sapiens GER_SNF_F116	NA	FALSE	NA	NA	NA	NA	Human
SRR13789699	metagenome	Human	medium	Homo sapiens GER_SNF_F116	NA	FALSE	NA	NA	NA	NA	Human
SRR13789700	metagenome	Human	medium	Homo sapiens GER_SNF_F116	NA	FALSE	NA	NA	NA	NA	Human
SRR13789702	metagenome	Human	medium	Homo sapiens GER_SNF_F116	NA	FALSE	NA	NA	NA	NA	Human
SRR13789703	metagenome	Human	medium	Homo sapiens GER_SNF_F116	NA	FALSE	NA	NA	NA	NA	Human
SRR13789706	metagenome	Human	medium	Homo sapiens GER_SNF_F116	NA	FALSE	NA	NA	NA	NA	Human
SRR13789711	metagenome	Human	medium	Homo sapiens GER_CD_S14	NA	FALSE	NA	NA	NA	NA	Human
SRR13789712	metagenome	Human	medium	Homo sapiens GER_CD_S94	NA	FALSE	NA	NA	NA	NA	Human
SRR13789735	metagenome	Human	medium	Homo sapiens GER_SNF_F396	NA	FALSE	NA	NA	NA	NA	Human
SRR13789737	metagenome	Human	medium	Homo sapiens GER_CD_S40	NA	FALSE	NA	NA	NA	NA	Human
SRR13789738	metagenome	Human	medium	Homo sapiens GER_SNF_F396	NA	FALSE	NA	NA	NA	NA	Human
SRR13789744	metagenome	Human	medium	Homo sapiens GER_SNF_F396	NA	FALSE	NA	NA	NA	NA	Human
SRR13789745	metagenome	Human	medium	Homo sapiens GER_SNF_F396	NA	FALSE	NA	NA	NA	NA	Human
SRR13789748	metagenome	Human	medium	Homo sapiens GER_CD_S40	NA	FALSE	NA	NA	NA	NA	Human
SRR13789755	metagenome	Human	medium	Homo sapiens GER_SNF_F270	NA	FALSE	NA	NA	NA	NA	Human
SRR13789759	metagenome	Human	medium	Homo sapiens GER_CD_S40	NA	FALSE	NA	NA	NA	NA	Human
SRR13789760	metagenome	Human	medium	Homo sapiens GER_SNF_F270	NA	FALSE	NA	NA	NA	NA	Human
SRR13789761	metagenome	Human	medium	Homo sapiens GER_SNF_F270	NA	FALSE	NA	NA	NA	NA	Human
SRR13789764	metagenome	Human	medium	Homo sapiens GER_SNF_F270	NA	FALSE	NA	NA	NA	NA	Human
SRR13789766	metagenome	Human	medium	Homo sapiens GER_SNF_F270	NA	FALSE	NA	NA	NA	NA	Human
SRR13789768	metagenome	Human	medium	Homo sapiens GER_SNF_F270	NA	FALSE	NA	NA	NA	NA	Human
SRR13789771	metagenome	Human	medium	Homo sapiens GER_CD_S94	NA	FALSE	NA	NA	NA	NA	Human
SRR13789772	metagenome	Human	medium	Homo sapiens GER_SNF_F270	NA	FALSE	NA	NA	NA	NA	Human
SRR13789775	metagenome	Human	medium	Homo sapiens GER_SNF_F270	NA	FALSE	NA	NA	NA	NA	Human
SRR13789777	metagenome	Human	medium	Homo sapiens GER_SNF_F120	NA	FALSE	NA	NA	NA	NA	Human
SRR13789779	metagenome	Human	medium	Homo sapiens GER_SNF_F120	NA	FALSE	NA	NA	NA	NA	Human
SRR13789780	metagenome	Human	medium	Homo sapiens GER_SNF_F120	NA	FALSE	NA	NA	NA	NA	Human
SRR13789781	metagenome	Human	medium	Homo sapiens GER_SNF_F120	NA	FALSE	NA	NA	NA	NA	Human
SRR13789785	metagenome	Human	medium	Homo sapiens GER_SNF_F120	NA	FALSE	NA	NA	NA	NA	Human
SRR13789788	metagenome	Human	medium	Homo sapiens GER_SNF_F120	NA	FALSE	NA	NA	NA	NA	Human
SRR13789789	metagenome	Human	medium	Homo sapiens GER_SNF_F120	NA	FALSE	NA	NA	NA	NA	Human
SRR13789790	metagenome	Human	medium	Homo sapiens GER_SNF_F120	NA	FALSE	NA	NA	NA	NA	Human
SRR13789791	metagenome	Human	medium	Homo sapiens GER_SNF_F120	NA	FALSE	NA	NA	NA	NA	Human
SRR13789793	metagenome	Human	medium	Homo sapiens GER_CD_S40	NA	FALSE	NA	NA	NA	NA	Human
SRR13789794	metagenome	Human	medium	Homo sapiens GER_SNF_F120	NA	FALSE	NA	NA	NA	NA	Human
SRR13789795	metagenome	Human	medium	Homo sapiens GER_SNF_F120	NA	FALSE	NA	NA	NA	NA	Human
SRR13789798	metagenome	Human	medium	Homo sapiens GER_SNF_F344	NA	FALSE	NA	NA	NA	NA	Human
SRR13789799	metagenome	Human	medium	Homo sapiens GER_SNF_F344	NA	FALSE	NA	NA	NA	NA	Human
SRR13789801	metagenome	Human	medium	Homo sapiens GER_SNF_F344	NA	FALSE	NA	NA	NA	NA	Human
SRR13789803	metagenome	Human	medium	Homo sapiens GER_SNF_F344	NA	FALSE	NA	NA	NA	NA	Human
SRR13789804	metagenome	Human	medium	Homo sapiens GER_CD_S40	NA	FALSE	NA	NA	NA	NA	Human
SRR13789805	metagenome	Human	medium	Homo sapiens GER_SNF_F344	NA	FALSE	NA	NA	NA	NA	Human
SRR13789809	metagenome	Human	medium	Homo sapiens GER_SNF_F344	NA	FALSE	NA	NA	NA	NA	Human
SRR13789811	metagenome	Human	medium	Homo sapiens GER_SNF_F344	NA	FALSE	NA	NA	NA	NA	Human
SRR13789814	metagenome	Human	medium	Homo sapiens GER_SNF_F344	NA	FALSE	NA	NA	NA	NA	Human
SRR13789819	metagenome	Human	medium	Homo sapiens GER_CD_S24	NA	FALSE	NA	NA	NA	NA	Human
SRR13789820	metagenome	Human	medium	Homo sapiens GER_CD_S24	NA	FALSE	NA	NA	NA	NA	Human
SRR13789823	metagenome	Human	medium	Homo sapiens GER_CD_S24	NA	FALSE	NA	NA	NA	NA	Human
SRR13789824	metagenome	Human	medium	Homo sapiens GER_CD_S24	NA	FALSE	NA	NA	NA	NA	Human
SRR13789826	metagenome	Human	medium	Homo sapiens GER_CD_S24	NA	FALSE	NA	NA	NA	NA	Human
SRR13789827	metagenome	Human	medium	Homo sapiens GER_CD_S75	NA	FALSE	NA	NA	NA	NA	Human
SRR13789828	metagenome	Human	medium	Homo sapiens GER_CD_S24	NA	FALSE	NA	NA	NA	NA	Human
SRR13789829	metagenome	Human	medium	Homo sapiens GER_CD_S62	NA	FALSE	NA	NA	NA	NA	Human
SRR13789833	metagenome	Human	medium	Homo sapiens GER_CD_S62	NA	FALSE	NA	NA	NA	NA	Human
SRR13789834	metagenome	Human	medium	Homo sapiens GER_CD_S62	NA	FALSE	NA	NA	NA	NA	Human
SRR13789836	metagenome	Human	medium	Homo sapiens GER_CD_S62	NA	FALSE	NA	NA	NA	NA	Human
SRR13789837	metagenome	Human	medium	Homo sapiens GER_CD_S62	NA	FALSE	NA	NA	NA	NA	Human
SRR13789838	metagenome	Human	medium	Homo sapiens GER_CD_S75	NA	FALSE	NA	NA	NA	NA	Human
SRR13789839	metagenome	Human	medium	Homo sapiens GER_CD_S78	NA	FALSE	NA	NA	NA	NA	Human
SRR13789844	metagenome	Human	medium	Homo sapiens GER_CD_S78	NA	FALSE	NA	NA	NA	NA	Human
SRR13789850	metagenome	Human	medium	Homo sapiens GER_SNF_F147	NA	FALSE	NA	NA	NA	NA	Human
SRR13789854	metagenome	Human	medium	Homo sapiens GER_SNF_F147	NA	FALSE	NA	NA	NA	NA	Human
SRR13789856	metagenome	Human	medium	Homo sapiens GER_CD_S81	NA	FALSE	NA	NA	NA	NA	Human
SRR13789866	metagenome	Human	medium	Homo sapiens GER_SNF_F130	NA	FALSE	NA	NA	NA	NA	Human
SRR13789868	metagenome	Human	medium	Homo sapiens GER_SNF_F130	NA	FALSE	NA	NA	NA	NA	Human
SRR13789869	metagenome	Human	medium	Homo sapiens GER_SNF_F130	NA	FALSE	NA	NA	NA	NA	Human
SRR13789870	metagenome	Human	medium	Homo sapiens GER_SNF_F130	NA	FALSE	NA	NA	NA	NA	Human
SRR13789871	metagenome	Human	medium	Homo sapiens GER_SNF_F130	NA	FALSE	NA	NA	NA	NA	Human
SRR13789874	metagenome	Human	medium	Homo sapiens GER_SNF_F130	NA	FALSE	NA	NA	NA	NA	Human
SRR13789878	metagenome	Human	medium	Homo sapiens GER_CD_S81	NA	FALSE	NA	NA	NA	NA	Human
SRR13789880	metagenome	Human	medium	Homo sapiens GER_SNF_F138	NA	FALSE	NA	NA	NA	NA	Human
SRR13789882	metagenome	Human	medium	Homo sapiens GER_CD_S62	NA	FALSE	NA	NA	NA	NA	Human
SRR13789884	metagenome	Human	medium	Homo sapiens GER_CD_S62	NA	FALSE	NA	NA	NA	NA	Human
SRR13789887	metagenome	Human	medium	Homo sapiens GER_CD_S62	NA	FALSE	NA	NA	NA	NA	Human
SRR13789888	metagenome	Human	medium	Homo sapiens GER_CD_S62	NA	FALSE	NA	NA	NA	NA	Human
SRR13789890	metagenome	Human	medium	Homo sapiens GER_CD_S62	NA	FALSE	NA	NA	NA	NA	Human
SRR13789891	metagenome	Human	medium	Homo sapiens GER_CD_S62	NA	FALSE	NA	NA	NA	NA	Human
SRR13789894	metagenome	Human	medium	Homo sapiens GER_CD_S78	NA	FALSE	NA	NA	NA	NA	Human
SRR13789899	metagenome	Human	medium	Homo sapiens GER_CD_S78	NA	FALSE	NA	NA	NA	NA	Human
SRR13789900	metagenome	Human	medium	Homo sapiens GER_CD_S78	NA	FALSE	NA	NA	NA	NA	Human
SRR13789902	metagenome	Human	medium	Homo sapiens GER_CD_S78	NA	FALSE	NA	NA	NA	NA	Human
SRR13789903	metagenome	Human	medium	Homo sapiens GER_CD_S50	NA	FALSE	NA	NA	NA	NA	Human
SRR13789905	metagenome	Human	medium	Homo sapiens GER_CD_S78	NA	FALSE	NA	NA	NA	NA	Human
SRR13789907	metagenome	Human	medium	Homo sapiens GER_CD_S78	NA	FALSE	NA	NA	NA	NA	Human
SRR13789909	metagenome	Human	medium	Homo sapiens GER_SNF_F138	NA	FALSE	NA	NA	NA	NA	Human
SRR13789912	metagenome	Human	medium	Homo sapiens GER_SNF_F138	NA	FALSE	NA	NA	NA	NA	Human
SRR13789916	metagenome	Human	medium	Homo sapiens GER_SNF_F310	NA	FALSE	NA	NA	NA	NA	Human
SRR13789918	metagenome	Human	medium	Homo sapiens GER_CD_S94	NA	FALSE	NA	NA	NA	NA	Human
SRR13789919	metagenome	Human	medium	Homo sapiens GER_SNF_F310	NA	FALSE	NA	NA	NA	NA	Human
SRR13789920	metagenome	Human	medium	Homo sapiens GER_SNF_F310	NA	FALSE	NA	NA	NA	NA	Human
SRR13789927	metagenome	Human	medium	Homo sapiens GER_SNF_F310	NA	FALSE	NA	NA	NA	NA	Human
SRR13789928	metagenome	Human	medium	Homo sapiens GER_SNF_F310	NA	FALSE	NA	NA	NA	NA	Human
SRR13789929	metagenome	Human	medium	Homo sapiens GER_CD_S81	NA	FALSE	NA	NA	NA	NA	Human
SRR13789930	metagenome	Human	medium	Homo sapiens GER_SNF_F310	NA	FALSE	NA	NA	NA	NA	Human
SRR13789933	metagenome	Human	medium	Homo sapiens GER_SNF_F310	NA	FALSE	NA	NA	NA	NA	Human
SRR13789939	metagenome	Human	medium	Homo sapiens GER_SNF_F177	NA	FALSE	NA	NA	NA	NA	Human
SRR13789943	metagenome	Human	medium	Homo sapiens GER_SNF_F177	NA	FALSE	NA	NA	NA	NA	Human
SRR13789959	metagenome	Human	medium	Homo sapiens GER_SNF_F351	NA	FALSE	NA	NA	NA	NA	Human
SRR13789962	metagenome	Human	medium	Homo sapiens GER_CD_S81	NA	FALSE	NA	NA	NA	NA	Human
SRR13789966	metagenome	Human	medium	Homo sapiens GER_CD_S75	NA	FALSE	NA	NA	NA	NA	Human
SRR13789970	metagenome	Human	medium	Homo sapiens GER_CD_S25	NA	FALSE	NA	NA	NA	NA	Human
SRR13789971	metagenome	Human	medium	Homo sapiens GER_CD_S25	NA	FALSE	NA	NA	NA	NA	Human
SRR13789974	metagenome	Human	medium	Homo sapiens GER_CD_S25	NA	FALSE	NA	NA	NA	NA	Human
SRR13789975	metagenome	Human	medium	Homo sapiens GER_CD_S25	NA	FALSE	NA	NA	NA	NA	Human
SRR13789977	metagenome	Human	medium	Homo sapiens GER_CD_S75	NA	FALSE	NA	NA	NA	NA	Human
SRR13789978	metagenome	Human	medium	Homo sapiens GER_CD_S25	NA	FALSE	NA	NA	NA	NA	Human
SRR13789979	metagenome	Human	medium	Homo sapiens GER_CD_S25	NA	FALSE	NA	NA	NA	NA	Human
SRR13789980	metagenome	Human	medium	Homo sapiens GER_CD_S25	NA	FALSE	NA	NA	NA	NA	Human
SRR13789982	metagenome	Human	medium	Homo sapiens GER_CD_S25	NA	FALSE	NA	NA	NA	NA	Human
SRR13789983	metagenome	Human	medium	Homo sapiens GER_CD_S25	NA	FALSE	NA	NA	NA	NA	Human
SRR13789988	metagenome	Human	medium	Homo sapiens GER_CD_S87	NA	FALSE	NA	NA	NA	NA	Human
SRR13789997	metagenome	Human	medium	Homo sapiens GER_CD_S81	NA	FALSE	NA	NA	NA	NA	Human
SRR13790002	metagenome	Human	medium	Homo sapiens GER_CD_S81	NA	FALSE	NA	NA	NA	NA	Human
SRR13790003	metagenome	Human	medium	Homo sapiens GER_CD_S81	NA	FALSE	NA	NA	NA	NA	Human
SRR13790004	metagenome	Human	medium	Homo sapiens GER_CD_S76	NA	FALSE	NA	NA	NA	NA	Human
SRR13790005	metagenome	Human	medium	Homo sapiens GER_CD_S40	NA	FALSE	NA	NA	NA	NA	Human
SRR13790006	metagenome	Human	medium	Homo sapiens GER_CD_S40	NA	FALSE	NA	NA	NA	NA	Human
SRR13790008	metagenome	Human	medium	Homo sapiens GER_CD_S50	NA	FALSE	NA	NA	NA	NA	Human
SRR13790009	metagenome	Human	medium	Homo sapiens GER_CD_S50	NA	FALSE	NA	NA	NA	NA	Human
SRR13790010	metagenome	Human	medium	Homo sapiens GER_CD_S87	NA	FALSE	NA	NA	NA	NA	Human
SRR13790011	metagenome	Human	medium	Homo sapiens GER_CD_S50	NA	FALSE	NA	NA	NA	NA	Human
SRR13790012	metagenome	Human	medium	Homo sapiens GER_CD_S50	NA	FALSE	NA	NA	NA	NA	Human
SRR13790013	metagenome	Human	medium	Homo sapiens GER_CD_S14	NA	FALSE	NA	NA	NA	NA	Human
SRR13790014	metagenome	Human	medium	Homo sapiens GER_CD_S14	NA	FALSE	NA	NA	NA	NA	Human
SRR13790016	metagenome	Human	medium	Homo sapiens GER_CD_S14	NA	FALSE	NA	NA	NA	NA	Human
SRR13790022	metagenome	Human	medium	Homo sapiens GER_CD_S94	NA	FALSE	NA	NA	NA	NA	Human
SRR13790024	metagenome	Human	medium	Homo sapiens GER_CD_S53	NA	FALSE	NA	NA	NA	NA	Human
SRR13790025	metagenome	Human	medium	Homo sapiens GER_CD_S53	NA	FALSE	NA	NA	NA	NA	Human
SRR13790026	metagenome	Human	medium	Homo sapiens GER_CD_S53	NA	FALSE	NA	NA	NA	NA	Human
SRR13790032	metagenome	Human	medium	Homo sapiens GER_CD_S87	NA	FALSE	NA	NA	NA	NA	Human
SRR13790036	metagenome	Human	medium	Homo sapiens GER_CD_S36	NA	FALSE	NA	NA	NA	NA	Human
SRR13790039	metagenome	Human	medium	Homo sapiens GER_CD_S36	NA	FALSE	NA	NA	NA	NA	Human
SRR13790041	metagenome	Human	medium	Homo sapiens GER_CD_S36	NA	FALSE	NA	NA	NA	NA	Human
SRR13790047	metagenome	Human	medium	Homo sapiens GER_CD_S56	NA	FALSE	NA	NA	NA	NA	Human
SRR13790048	metagenome	Human	medium	Homo sapiens GER_CD_S56	NA	FALSE	NA	NA	NA	NA	Human
SRR13790050	metagenome	Human	medium	Homo sapiens GER_CD_S56	NA	FALSE	NA	NA	NA	NA	Human
SRR13790052	metagenome	Human	medium	Homo sapiens GER_CD_S31	NA	FALSE	NA	NA	NA	NA	Human
SRR13790054	metagenome	Human	medium	Homo sapiens GER_CD_S87	NA	FALSE	NA	NA	NA	NA	Human
SRR13790055	metagenome	Human	medium	Homo sapiens GER_CD_S31	NA	FALSE	NA	NA	NA	NA	Human
SRR13790057	metagenome	Human	medium	Homo sapiens GER_CD_S67	NA	FALSE	NA	NA	NA	NA	Human
SRR13790065	metagenome	Human	medium	Homo sapiens GER_CD_S87	NA	FALSE	NA	NA	NA	NA	Human
SRR13790067	metagenome	Human	medium	Homo sapiens GER_CD_S25	NA	FALSE	NA	NA	NA	NA	Human
SRR13790068	metagenome	Human	medium	Homo sapiens GER_CD_S25	NA	FALSE	NA	NA	NA	NA	Human
SRR13790069	metagenome	Human	medium	Homo sapiens GER_CD_S25	NA	FALSE	NA	NA	NA	NA	Human
SRR13790070	metagenome	Human	medium	Homo sapiens GER_CD_S25	NA	FALSE	NA	NA	NA	NA	Human
SRR13790072	metagenome	Human	medium	Homo sapiens GER_CD_S25	NA	FALSE	NA	NA	NA	NA	Human
SRR13790073	metagenome	Human	medium	Homo sapiens GER_CD_S73	NA	FALSE	NA	NA	NA	NA	Human
SRR13790079	metagenome	Human	medium	Homo sapiens GER_CD_S78	NA	FALSE	NA	NA	NA	NA	Human
SRR13790082	metagenome	Human	medium	Homo sapiens GER_CD_S50	NA	FALSE	NA	NA	NA	NA	Human
SRR13790086	metagenome	Human	medium	Homo sapiens GER_CD_S46	NA	FALSE	NA	NA	NA	NA	Human
SRR13790092	metagenome	Human	medium	Homo sapiens GER_CD_S46	NA	FALSE	NA	NA	NA	NA	Human
SRR13790097	metagenome	Human	medium	Homo sapiens GER_CD_S46	NA	FALSE	NA	NA	NA	NA	Human
SRR13790106	metagenome	Human	medium	Homo sapiens GER_CD_S73	NA	FALSE	NA	NA	NA	NA	Human
SRR13790107	metagenome	Human	medium	Homo sapiens GER_CD_S81	NA	FALSE	NA	NA	NA	NA	Human
SRR13790109	metagenome	Human	medium	Homo sapiens GER_CD_S81	NA	FALSE	NA	NA	NA	NA	Human
SRR13790111	metagenome	Human	medium	Homo sapiens GER_CD_S81	NA	FALSE	NA	NA	NA	NA	Human
SRR13790112	metagenome	Human	medium	Homo sapiens GER_CD_S81	NA	FALSE	NA	NA	NA	NA	Human
SRR13790114	metagenome	Human	medium	Homo sapiens GER_CD_S76	NA	FALSE	NA	NA	NA	NA	Human
SRR13790116	metagenome	Human	medium	Homo sapiens GER_CD_S76	NA	FALSE	NA	NA	NA	NA	Human
SRR13790117	metagenome	Human	medium	Homo sapiens GER_CD_S76	NA	FALSE	NA	NA	NA	NA	Human
SRR13790118	metagenome	Human	medium	Homo sapiens GER_CD_S76	NA	FALSE	NA	NA	NA	NA	Human
SRR13790119	metagenome	Human	medium	Homo sapiens GER_CD_S76	NA	FALSE	NA	NA	NA	NA	Human
SRR13790120	metagenome	Human	medium	Homo sapiens GER_CD_S76	NA	FALSE	NA	NA	NA	NA	Human
SRR13790121	metagenome	Human	medium	Homo sapiens GER_CD_S40	NA	FALSE	NA	NA	NA	NA	Human
SRR13790126	metagenome	Human	medium	Homo sapiens GER_CD_S87	NA	FALSE	NA	NA	NA	NA	Human
SRR13790127	metagenome	Human	medium	Homo sapiens GER_CD_S40	NA	FALSE	NA	NA	NA	NA	Human
SRR13790128	metagenome	Human	medium	Homo sapiens GER_CD_S40	NA	FALSE	NA	NA	NA	NA	Human
SRR13790129	metagenome	Human	medium	Homo sapiens GER_CD_S40	NA	FALSE	NA	NA	NA	NA	Human
SRR13790131	metagenome	Human	medium	Homo sapiens GER_CD_S40	NA	FALSE	NA	NA	NA	NA	Human
SRR13790132	metagenome	Human	medium	Homo sapiens GER_CD_S40	NA	FALSE	NA	NA	NA	NA	Human
SRR13790133	metagenome	Human	medium	Homo sapiens GER_CD_S50	NA	FALSE	NA	NA	NA	NA	Human
SRR13790137	metagenome	Human	medium	Homo sapiens GER_CD_S88	NA	FALSE	NA	NA	NA	NA	Human
SRR13790142	metagenome	Human	medium	Homo sapiens GER_CD_S88	NA	FALSE	NA	NA	NA	NA	Human
SRR13790187	Homo sapiens	Human	high	NA	NA	FALSE	NA	NA	NA	NA	Human
SRR13790190	Homo sapiens	Human	high	NA	NA	FALSE	NA	NA	NA	NA	Human
SRR25661112	Hieraaetus wahlbergi	Avian	low	NA	NA	TRUE	NA	NA	NA	NA	Avian
SRR13826123	human gut metagenome	Human	medium	NA	NA	FALSE	NA	NA	NA	NA	Human
SRR13838921	soil metagenome	Metagenome	manual	NA	Metagenome	FALSE	NA	NA	NA	NA	Metagenome
SRR13838922	soil metagenome	Metagenome	manual	NA	Metagenome	FALSE	NA	NA	NA	NA	Metagenome
SRR13838923	soil metagenome	Metagenome	manual	NA	Metagenome	FALSE	NA	NA	NA	NA	Metagenome
SRR13838924	soil metagenome	Metagenome	manual	NA	Metagenome	FALSE	NA	NA	NA	NA	Metagenome
SRR13838925	soil metagenome	Metagenome	manual	NA	Metagenome	FALSE	NA	NA	NA	NA	Metagenome
SRR13838926	soil metagenome	Metagenome	manual	NA	Metagenome	FALSE	NA	NA	NA	NA	Metagenome
SRR13838927	soil metagenome	Metagenome	manual	NA	Metagenome	FALSE	NA	NA	NA	NA	Metagenome
SRR13838928	soil metagenome	Metagenome	manual	NA	Metagenome	FALSE	NA	NA	NA	NA	Metagenome
SRR13838929	soil metagenome	Metagenome	manual	NA	Metagenome	FALSE	NA	NA	NA	NA	Metagenome
SRR13838930	soil metagenome	Metagenome	manual	NA	Metagenome	FALSE	NA	NA	NA	NA	Metagenome
SRR13838931	soil metagenome	Metagenome	manual	NA	Metagenome	FALSE	NA	NA	NA	NA	Metagenome
SRR13838932	soil metagenome	Metagenome	manual	NA	Metagenome	FALSE	NA	NA	NA	NA	Metagenome
SRR13838933	soil metagenome	Metagenome	manual	NA	Metagenome	FALSE	NA	NA	NA	NA	Metagenome
SRR13838934	soil metagenome	Metagenome	manual	NA	Metagenome	FALSE	NA	NA	NA	NA	Metagenome
SRR13838935	soil metagenome	Metagenome	manual	NA	Metagenome	FALSE	NA	NA	NA	NA	Metagenome
SRR13838936	soil metagenome	Metagenome	manual	NA	Metagenome	FALSE	NA	NA	NA	NA	Metagenome
SRR13838937	soil metagenome	Metagenome	manual	NA	Metagenome	FALSE	NA	NA	NA	NA	Metagenome
SRR13838938	soil metagenome	Metagenome	manual	NA	Metagenome	FALSE	NA	NA	NA	NA	Metagenome
SRR13838939	soil metagenome	Metagenome	manual	NA	Metagenome	FALSE	NA	NA	NA	NA	Metagenome
SRR13838940	soil metagenome	Metagenome	manual	NA	Metagenome	FALSE	NA	NA	NA	NA	Metagenome
SRR13838941	soil metagenome	Metagenome	manual	NA	Metagenome	FALSE	NA	NA	NA	NA	Metagenome
SRR13838942	soil metagenome	Metagenome	manual	NA	Metagenome	FALSE	NA	NA	NA	NA	Metagenome
SRR13838943	soil metagenome	Metagenome	manual	NA	Metagenome	FALSE	NA	NA	NA	NA	Metagenome
SRR13838944	soil metagenome	Metagenome	manual	NA	Metagenome	FALSE	NA	NA	NA	NA	Metagenome
SRR13838945	soil metagenome	Metagenome	manual	NA	Metagenome	FALSE	NA	NA	NA	NA	Metagenome
SRR13838946	soil metagenome	Metagenome	manual	NA	Metagenome	FALSE	NA	NA	NA	NA	Metagenome
SRR13858062	Homo sapiens	Human	high	NA	NA	FALSE	NA	NA	NA	NA	Human
SRR13858063	Homo sapiens	Human	high	NA	NA	FALSE	NA	NA	NA	NA	Human
SRR13858064	Homo sapiens	Human	high	NA	NA	FALSE	NA	NA	NA	NA	Human
SRR13858065	Homo sapiens	Human	high	NA	NA	FALSE	NA	NA	NA	NA	Human
SRR13882938	Homo sapiens	Human	high	NA	NA	FALSE	NA	NA	NA	NA	Human
SRR10419372	Hordeum vulgare	Other	low	NA	NA	TRUE	NA	NA	NA	NA	Other
SRR13924350	human gut metagenome	Human	medium	NA	NA	FALSE	NA	NA	NA	NA	Human
SRR13924353	human gut metagenome	Human	medium	NA	NA	FALSE	NA	NA	NA	NA	Human
SRR13925031	Mus musculus	Rodent	high	NA	NA	FALSE	NA	NA	NA	NA	Rodent
SRR13925032	Mus musculus	Rodent	high	NA	NA	FALSE	NA	NA	NA	NA	Rodent
SRR13925033	Mus musculus	Rodent	high	NA	NA	FALSE	NA	NA	NA	NA	Rodent
SRR13925034	Mus musculus	Rodent	high	NA	NA	FALSE	NA	NA	NA	NA	Rodent
SRR13925043	Mus musculus	Rodent	high	NA	NA	FALSE	NA	NA	NA	NA	Rodent
SRR13925044	Mus musculus	Rodent	high	NA	NA	FALSE	NA	NA	NA	NA	Rodent
SRR13925046	Mus musculus	Rodent	high	NA	NA	FALSE	NA	NA	NA	NA	Rodent
SRR8187787	Hordeum vulgare	Other	low	NA	NA	TRUE	NA	NA	NA	NA	Other
SRR13962358	Rattus norvegicus	Rodent	high	NA	NA	FALSE	NA	NA	NA	NA	Rodent
SRR13996607	Homo sapiens	Human	high	NA	NA	FALSE	NA	NA	NA	NA	Human
SRR13996609	Homo sapiens	Human	high	NA	NA	FALSE	NA	NA	NA	NA	Human
SRR13999910	Podarcis guadarramae	Reptile	high	NA	NA	FALSE	NA	NA	NA	NA	Reptile
SRR14010429	Homo sapiens	Human	high	NA	NA	FALSE	NA	NA	NA	NA	Human
SRR14049152	Homo sapiens	Human	high	NA	NA	FALSE	NA	NA	NA	NA	Human
SRR14068144	Homo sapiens	Human	high	NA	NA	FALSE	NA	NA	NA	NA	Human
SRR14068145	Homo sapiens	Human	high	NA	NA	FALSE	NA	NA	NA	NA	Human
SRR14099278	human gut metagenome	Human	medium	NA	NA	FALSE	NA	NA	NA	NA	Human
SRR14103066	Homo sapiens	Human	high	NA	NA	FALSE	NA	NA	NA	NA	Human
SRR14103785	Homo sapiens	Human	high	NA	NA	FALSE	NA	NA	NA	NA	Human
SRR14103786	Homo sapiens	Human	high	NA	NA	FALSE	NA	NA	NA	NA	Human
SRR14103846	Homo sapiens	Human	high	NA	NA	FALSE	NA	NA	NA	NA	Human
SRR14103847	Homo sapiens	Human	high	NA	NA	FALSE	NA	NA	NA	NA	Human
SRR14106160	Homo sapiens	Human	high	NA	NA	FALSE	NA	NA	NA	NA	Human
SRR14107728	Homo sapiens	Human	high	NA	NA	FALSE	NA	NA	NA	NA	Human
SRR14107978	Homo sapiens	Human	high	NA	NA	FALSE	NA	NA	NA	NA	Human
SRR14117077	human metagenome	Human	medium	NA	NA	FALSE	NA	NA	NA	NA	Human
SRR14117227	human metagenome	Human	medium	NA	NA	FALSE	NA	NA	NA	NA	Human
SRR14117235	human metagenome	Human	medium	NA	NA	FALSE	NA	NA	NA	NA	Human
SRR14117255	human metagenome	Human	medium	NA	NA	FALSE	NA	NA	NA	NA	Human
SRR14117781	human gut metagenome	Human	medium	NA	NA	FALSE	NA	NA	NA	NA	Human
SRR14117815	human metagenome	Human	medium	NA	NA	FALSE	NA	NA	NA	NA	Human
SRR14122854	human urinary tract metagenome	Human	medium	NA	NA	FALSE	NA	NA	NA	NA	Human
SRR14128256	Mus musculus	Rodent	high	NA	NA	FALSE	NA	NA	NA	NA	Rodent
SRR14129512	bat metagenome	Bat	medium	NA	NA	FALSE	NA	NA	NA	NA	Bat
SRR14129908	eye metagenome	Canine	medium	Canis lupus familiaris	NA	FALSE	NA	NA	NA	NA	Canine
SRR14129909	eye metagenome	Canine	medium	Canis lupus familiaris	NA	FALSE	NA	NA	NA	NA	Canine
SRR14129910	eye metagenome	Canine	medium	Canis lupus familiaris	NA	FALSE	NA	NA	NA	NA	Canine
SRR14129911	eye metagenome	Canine	medium	Canis lupus familiaris	NA	FALSE	NA	NA	NA	NA	Canine
SRR14129912	eye metagenome	Canine	medium	Canis lupus familiaris	NA	FALSE	NA	NA	NA	NA	Canine
SRR14129914	skin metagenome	Canine	medium	Canis lupus familiaris	NA	FALSE	NA	NA	NA	NA	Canine
SRR14129917	skin metagenome	Equine	medium	Equus ferus caballus	NA	FALSE	NA	NA	NA	NA	Equine
SRR14129919	eye metagenome	Canine	medium	Canis lupus familiaris	NA	FALSE	NA	NA	NA	NA	Canine
SRR14129926	eye metagenome	Canine	medium	Canis lupus familiaris	NA	FALSE	NA	NA	NA	NA	Canine
SRR14129929	eye metagenome	Canine	medium	Canis lupus familiaris	NA	FALSE	NA	NA	NA	NA	Canine
SRR14129930	eye metagenome	Canine	medium	Canis lupus familiaris	NA	FALSE	NA	NA	NA	NA	Canine
SRR14129931	eye metagenome	Canine	medium	Canis lupus familiaris	NA	FALSE	NA	NA	NA	NA	Canine
SRR14129932	eye metagenome	Canine	medium	Canis lupus familiaris	NA	FALSE	NA	NA	NA	NA	Canine
SRR14129933	eye metagenome	Canine	medium	Canis lupus familiaris	NA	FALSE	NA	NA	NA	NA	Canine
SRR14129934	eye metagenome	Canine	medium	Canis lupus familiaris	NA	FALSE	NA	NA	NA	NA	Canine
SRR14129935	eye metagenome	Canine	medium	Canis lupus familiaris	NA	FALSE	NA	NA	NA	NA	Canine
SRR14129936	eye metagenome	Canine	medium	Canis lupus familiaris	NA	FALSE	NA	NA	NA	NA	Canine
SRR14129937	eye metagenome	Canine	medium	Canis lupus familiaris	NA	FALSE	NA	NA	NA	NA	Canine
SRR14129938	eye metagenome	Canine	medium	Canis lupus familiaris	NA	FALSE	NA	NA	NA	NA	Canine
SRR14129939	eye metagenome	Canine	medium	Canis lupus familiaris	NA	FALSE	NA	NA	NA	NA	Canine
SRR14129940	eye metagenome	Canine	medium	Canis lupus familiaris	NA	FALSE	NA	NA	NA	NA	Canine
SRR14129941	eye metagenome	Canine	medium	Canis lupus familiaris	NA	FALSE	NA	NA	NA	NA	Canine
SRR14129942	eye metagenome	Canine	medium	Canis lupus familiaris	NA	FALSE	NA	NA	NA	NA	Canine
SRR14129943	eye metagenome	Canine	medium	Canis lupus familiaris	NA	FALSE	NA	NA	NA	NA	Canine
SRR14129944	eye metagenome	Canine	medium	Canis lupus familiaris	NA	FALSE	NA	NA	NA	NA	Canine
SRR14129945	eye metagenome	Canine	medium	Canis lupus familiaris	NA	FALSE	NA	NA	NA	NA	Canine
SRR14129946	eye metagenome	Canine	medium	Canis lupus familiaris	NA	FALSE	NA	NA	NA	NA	Canine
SRR14129947	eye metagenome	Canine	medium	Canis lupus familiaris	NA	FALSE	NA	NA	NA	NA	Canine
SRR14129948	eye metagenome	Canine	medium	Canis lupus familiaris	NA	FALSE	NA	NA	NA	NA	Canine
SRR14129949	eye metagenome	Canine	medium	Canis lupus familiaris	NA	FALSE	NA	NA	NA	NA	Canine
SRR14129950	eye metagenome	Canine	medium	Canis lupus familiaris	NA	FALSE	NA	NA	NA	NA	Canine
SRR14129951	eye metagenome	Canine	medium	Canis lupus familiaris	NA	FALSE	NA	NA	NA	NA	Canine
SRR14129952	eye metagenome	Canine	medium	Canis lupus familiaris	NA	FALSE	NA	NA	NA	NA	Canine
SRR14129953	eye metagenome	Canine	medium	Canis lupus familiaris	NA	FALSE	NA	NA	NA	NA	Canine
SRR8653790	Hordeum vulgare	Other	low	NA	NA	TRUE	NA	NA	NA	NA	Other
SRR17117087	Hydra vulgaris	Other	low	NA	NA	TRUE	NA	NA	NA	NA	Other
SRR14198834	skin metagenome	Human	medium	Homo sapiens	NA	FALSE	NA	NA	NA	NA	Human
SRR14198847	skin metagenome	Human	medium	Homo sapiens	NA	FALSE	NA	NA	NA	NA	Human
SRR1425146	Bos taurus	Bovine	high	NA	NA	FALSE	NA	NA	NA	NA	Bovine
SRR14332528	human metagenome	Human	medium	NA	NA	FALSE	NA	NA	NA	NA	Human
SRR14332529	human metagenome	Human	medium	NA	NA	FALSE	NA	NA	NA	NA	Human
SRR14332553	human metagenome	Human	medium	NA	NA	FALSE	NA	NA	NA	NA	Human
SRR14340896	Homo sapiens	Human	high	NA	NA	FALSE	NA	NA	NA	NA	Human
SRR14340897	Homo sapiens	Human	high	NA	NA	FALSE	NA	NA	NA	NA	Human
SRR14340899	Homo sapiens	Human	high	NA	NA	FALSE	NA	NA	NA	NA	Human
SRR14340900	Homo sapiens	Human	high	NA	NA	FALSE	NA	NA	NA	NA	Human
SRR14340904	Homo sapiens	Human	high	NA	NA	FALSE	NA	NA	NA	NA	Human
SRR14340909	Homo sapiens	Human	high	NA	NA	FALSE	NA	NA	NA	NA	Human
SRR14340910	Homo sapiens	Human	high	NA	NA	FALSE	NA	NA	NA	NA	Human
SRR14340915	Homo sapiens	Human	high	NA	NA	FALSE	NA	NA	NA	NA	Human
SRR14340917	Homo sapiens	Human	high	NA	NA	FALSE	NA	NA	NA	NA	Human
SRR14346356	human gut metagenome	Human	medium	NA	NA	FALSE	NA	NA	NA	NA	Human
SRR14346360	human gut metagenome	Human	medium	NA	NA	FALSE	NA	NA	NA	NA	Human
SRR14354184	human metagenome	Human	medium	NA	NA	FALSE	NA	NA	NA	NA	Human
SRR14354265	human metagenome	Human	medium	NA	NA	FALSE	NA	NA	NA	NA	Human
SRR14370085	vaginal metagenome	Human	medium	NA	NA	FALSE	NA	NA	NA	NA	Human
SRR14370090	vaginal metagenome	Human	medium	NA	NA	FALSE	NA	NA	NA	NA	Human
SRR14370091	vaginal metagenome	Human	medium	NA	NA	FALSE	NA	NA	NA	NA	Human
SRR14370093	vaginal metagenome	Human	medium	NA	NA	FALSE	NA	NA	NA	NA	Human
SRR14370095	vaginal metagenome	Human	medium	NA	NA	FALSE	NA	NA	NA	NA	Human
SRR14370099	vaginal metagenome	Human	medium	NA	NA	FALSE	NA	NA	NA	NA	Human
SRR14370102	vaginal metagenome	Human	medium	NA	NA	FALSE	NA	NA	NA	NA	Human
SRR14370103	vaginal metagenome	Human	medium	NA	NA	FALSE	NA	NA	NA	NA	Human
SRR14370104	vaginal metagenome	Human	medium	NA	NA	FALSE	NA	NA	NA	NA	Human
SRR14370106	vaginal metagenome	Human	medium	NA	NA	FALSE	NA	NA	NA	NA	Human
SRR14370107	vaginal metagenome	Human	medium	NA	NA	FALSE	NA	NA	NA	NA	Human
SRR14370109	vaginal metagenome	Human	medium	NA	NA	FALSE	NA	NA	NA	NA	Human
SRR14370115	vaginal metagenome	Human	medium	NA	NA	FALSE	NA	NA	NA	NA	Human
SRR14370119	vaginal metagenome	Human	medium	NA	NA	FALSE	NA	NA	NA	NA	Human
SRR14370126	vaginal metagenome	Human	medium	NA	NA	FALSE	NA	NA	NA	NA	Human
SRR14460869	Homo sapiens	Human	high	NA	NA	FALSE	NA	NA	NA	NA	Human
SRR14463603	Mus musculus	Rodent	high	NA	NA	FALSE	NA	NA	NA	NA	Rodent
SRR14463605	Mus musculus	Rodent	high	NA	NA	FALSE	NA	NA	NA	NA	Rodent
SRR14463606	Mus musculus	Rodent	high	NA	NA	FALSE	NA	NA	NA	NA	Rodent
SRR26073715	Idiosepius pygmaeus	Other	low	NA	NA	TRUE	NA	NA	NA	NA	Other
SRR25318379	Ixodes ovatus	Other	low	NA	NA	TRUE	NA	NA	NA	NA	Other
SRR14598929	human metagenome	Human	medium	NA	NA	FALSE	NA	NA	NA	NA	Human
SRR14598937	human metagenome	Human	medium	NA	NA	FALSE	NA	NA	NA	NA	Human
SRR14608983	Homo sapiens	Human	high	NA	NA	FALSE	NA	NA	NA	NA	Human
SRR14608984	Homo sapiens	Human	high	NA	NA	FALSE	NA	NA	NA	NA	Human
SRR14608985	Homo sapiens	Human	high	NA	NA	FALSE	NA	NA	NA	NA	Human
SRR14608986	Homo sapiens	Human	high	NA	NA	FALSE	NA	NA	NA	NA	Human
SRR14611555	food metagenome	Metagenome	manual	NA	Metagenome	FALSE	NA	NA	NA	NA	Metagenome
SRR14611556	food metagenome	Metagenome	manual	NA	Metagenome	FALSE	NA	NA	NA	NA	Metagenome
SRR14614720	Mus musculus	Rodent	high	NA	NA	FALSE	NA	NA	NA	NA	Rodent
SRR14663214	whole organism metagenome	Ursine	medium	Giant panda and red panda	NA	FALSE	NA	NA	NA	NA	Ursine
SRR14663246	whole organism metagenome	Ursine	medium	Giant panda and red panda	NA	FALSE	NA	NA	NA	NA	Ursine
SRR14663259	whole organism metagenome	Ursine	medium	Giant panda and red panda	NA	FALSE	NA	NA	NA	NA	Ursine
SRR14683088	whole organism metagenome	Ursine	medium	Giant panda and red panda	NA	FALSE	NA	NA	NA	NA	Ursine
SRR14684783	metagenome	Rodent	manual	NA	Rodent	FALSE	NA	NA	NA	NA	Rodent
SRR14712214	Mus musculus	Rodent	high	NA	NA	FALSE	NA	NA	NA	NA	Rodent
SRR14712215	Mus musculus	Rodent	high	NA	NA	FALSE	NA	NA	NA	NA	Rodent
SRR14712216	Mus musculus	Rodent	high	NA	NA	FALSE	NA	NA	NA	NA	Rodent
SRR14712218	Mus musculus	Rodent	high	NA	NA	FALSE	NA	NA	NA	NA	Rodent
SRR14712220	Mus musculus	Rodent	high	NA	NA	FALSE	NA	NA	NA	NA	Rodent
SRR14712222	Mus musculus	Rodent	high	NA	NA	FALSE	NA	NA	NA	NA	Rodent
SRR14712223	Mus musculus	Rodent	high	NA	NA	FALSE	NA	NA	NA	NA	Rodent
SRR14712224	Mus musculus	Rodent	high	NA	NA	FALSE	NA	NA	NA	NA	Rodent
SRR14712225	Mus musculus	Rodent	high	NA	NA	FALSE	NA	NA	NA	NA	Rodent
SRR14712226	Mus musculus	Rodent	high	NA	NA	FALSE	NA	NA	NA	NA	Rodent
SRR14712228	Mus musculus	Rodent	high	NA	NA	FALSE	NA	NA	NA	NA	Rodent
SRR14712229	Mus musculus	Rodent	high	NA	NA	FALSE	NA	NA	NA	NA	Rodent
SRR14712230	Mus musculus	Rodent	high	NA	NA	FALSE	NA	NA	NA	NA	Rodent
SRR14712231	Mus musculus	Rodent	high	NA	NA	FALSE	NA	NA	NA	NA	Rodent
SRR14712232	Mus musculus	Rodent	high	NA	NA	FALSE	NA	NA	NA	NA	Rodent
SRR14712233	Mus musculus	Rodent	high	NA	NA	FALSE	NA	NA	NA	NA	Rodent
SRR14731645	Ptychadena neumanni	Amphibian	high	NA	NA	FALSE	NA	NA	NA	NA	Amphibian
SRR14731653	Ptychadena nilotica	Amphibian	high	NA	NA	FALSE	NA	NA	NA	NA	Amphibian
SRR14736659	human oral metagenome	Human	medium	NA	NA	FALSE	NA	NA	NA	NA	Human
SRR14739427	Spilogale pygmaea	Other	high	NA	NA	FALSE	NA	NA	NA	NA	Other
SRR11231404	Juglans regia	Other	low	NA	NA	TRUE	NA	NA	NA	NA	Other
SRR14764593	vaginal metagenome	Human	medium	NA	NA	FALSE	NA	NA	NA	NA	Human
SRR14764595	vaginal metagenome	Human	medium	NA	NA	FALSE	NA	NA	NA	NA	Human
SRR14764596	vaginal metagenome	Human	medium	NA	NA	FALSE	NA	NA	NA	NA	Human
SRR14825055	human skin metagenome	Human	medium	NA	NA	FALSE	NA	NA	NA	NA	Human
SRR14825061	human skin metagenome	Human	medium	NA	NA	FALSE	NA	NA	NA	NA	Human
SRR14825066	human skin metagenome	Human	medium	NA	NA	FALSE	NA	NA	NA	NA	Human
SRR14825071	human skin metagenome	Human	medium	NA	NA	FALSE	NA	NA	NA	NA	Human
SRR14825073	human skin metagenome	Human	medium	NA	NA	FALSE	NA	NA	NA	NA	Human
SRR14825074	human skin metagenome	Human	medium	NA	NA	FALSE	NA	NA	NA	NA	Human
SRR14825078	human skin metagenome	Human	medium	NA	NA	FALSE	NA	NA	NA	NA	Human
SRR14825092	human skin metagenome	Human	medium	NA	NA	FALSE	NA	NA	NA	NA	Human
SRR14825112	human skin metagenome	Human	medium	NA	NA	FALSE	NA	NA	NA	NA	Human
SRR14825119	human skin metagenome	Human	medium	NA	NA	FALSE	NA	NA	NA	NA	Human
SRR14825134	human skin metagenome	Human	medium	NA	NA	FALSE	NA	NA	NA	NA	Human
SRR14825138	human skin metagenome	Human	medium	NA	NA	FALSE	NA	NA	NA	NA	Human
SRR14825158	human skin metagenome	Human	medium	NA	NA	FALSE	NA	NA	NA	NA	Human
SRR14825162	human skin metagenome	Human	medium	NA	NA	FALSE	NA	NA	NA	NA	Human
SRR14825177	human skin metagenome	Human	medium	NA	NA	FALSE	NA	NA	NA	NA	Human
SRR14825179	human skin metagenome	Human	medium	NA	NA	FALSE	NA	NA	NA	NA	Human
SRR14825196	human skin metagenome	Human	medium	NA	NA	FALSE	NA	NA	NA	NA	Human
SRR14825199	human skin metagenome	Human	medium	NA	NA	FALSE	NA	NA	NA	NA	Human
SRR14825200	human skin metagenome	Human	medium	NA	NA	FALSE	NA	NA	NA	NA	Human
SRR14825204	human skin metagenome	Human	medium	NA	NA	FALSE	NA	NA	NA	NA	Human
SRR14825236	human skin metagenome	Human	medium	NA	NA	FALSE	NA	NA	NA	NA	Human
SRR14825254	human skin metagenome	Human	medium	NA	NA	FALSE	NA	NA	NA	NA	Human
SRR14825281	human skin metagenome	Human	medium	NA	NA	FALSE	NA	NA	NA	NA	Human
SRR14825285	human skin metagenome	Human	medium	NA	NA	FALSE	NA	NA	NA	NA	Human
SRR14825287	human skin metagenome	Human	medium	NA	NA	FALSE	NA	NA	NA	NA	Human
SRR14825288	human skin metagenome	Human	medium	NA	NA	FALSE	NA	NA	NA	NA	Human
SRR14825291	human skin metagenome	Human	medium	NA	NA	FALSE	NA	NA	NA	NA	Human
SRR14825294	human skin metagenome	Human	medium	NA	NA	FALSE	NA	NA	NA	NA	Human
SRR14825304	human skin metagenome	Human	medium	NA	NA	FALSE	NA	NA	NA	NA	Human
SRR14825315	human skin metagenome	Human	medium	NA	NA	FALSE	NA	NA	NA	NA	Human
SRR14825316	human skin metagenome	Human	medium	NA	NA	FALSE	NA	NA	NA	NA	Human
SRR14825327	human skin metagenome	Human	medium	NA	NA	FALSE	NA	NA	NA	NA	Human
SRR14825337	human skin metagenome	Human	medium	NA	NA	FALSE	NA	NA	NA	NA	Human
SRR14825340	human skin metagenome	Human	medium	NA	NA	FALSE	NA	NA	NA	NA	Human
SRR14825347	human skin metagenome	Human	medium	NA	NA	FALSE	NA	NA	NA	NA	Human
SRR14825348	human skin metagenome	Human	medium	NA	NA	FALSE	NA	NA	NA	NA	Human
SRR14825349	human skin metagenome	Human	medium	NA	NA	FALSE	NA	NA	NA	NA	Human
SRR14825350	human skin metagenome	Human	medium	NA	NA	FALSE	NA	NA	NA	NA	Human
SRR14825398	human skin metagenome	Human	medium	NA	NA	FALSE	NA	NA	NA	NA	Human
SRR14825407	human skin metagenome	Human	medium	NA	NA	FALSE	NA	NA	NA	NA	Human
SRR14825529	metagenome	Rodent	manual	NA	Rodent	FALSE	NA	NA	NA	NA	Rodent
SRR14860617	gut metagenome	Bat	medium	Desmodus rotundus	NA	FALSE	NA	NA	NA	NA	Bat
SRR14864762	Phrynocephalus versicolor	Reptile	high	NA	NA	FALSE	NA	NA	NA	NA	Reptile
SRR14864765	Phrynocephalus versicolor	Reptile	high	NA	NA	FALSE	NA	NA	NA	NA	Reptile
SRR14864773	Phrynocephalus versicolor	Reptile	high	NA	NA	FALSE	NA	NA	NA	NA	Reptile
SRR14864793	Phrynocephalus versicolor	Reptile	high	NA	NA	FALSE	NA	NA	NA	NA	Reptile
SRR14864799	Phrynocephalus versicolor	Reptile	high	NA	NA	FALSE	NA	NA	NA	NA	Reptile
SRR14864801	Phrynocephalus versicolor	Reptile	high	NA	NA	FALSE	NA	NA	NA	NA	Reptile
SRR14864804	Phrynocephalus versicolor	Reptile	high	NA	NA	FALSE	NA	NA	NA	NA	Reptile
SRR14864806	Phrynocephalus versicolor	Reptile	high	NA	NA	FALSE	NA	NA	NA	NA	Reptile
SRR14864828	Phrynocephalus versicolor	Reptile	high	NA	NA	FALSE	NA	NA	NA	NA	Reptile
SRR14864829	Phrynocephalus versicolor	Reptile	high	NA	NA	FALSE	NA	NA	NA	NA	Reptile
SRR14871911	human gut metagenome	Human	medium	NA	NA	FALSE	NA	NA	NA	NA	Human
SRR14871916	human gut metagenome	Human	medium	NA	NA	FALSE	NA	NA	NA	NA	Human
SRR11231405	Juglans regia	Other	low	NA	NA	TRUE	NA	NA	NA	NA	Other
SRR14897549	human skin metagenome	Human	medium	NA	NA	FALSE	NA	NA	NA	NA	Human
SRR14897558	human skin metagenome	Human	medium	NA	NA	FALSE	NA	NA	NA	NA	Human
SRR14901856	Amolops jinjiangensis	Amphibian	high	NA	NA	FALSE	NA	NA	NA	NA	Amphibian
SRR11231406	Juglans regia	Other	low	NA	NA	TRUE	NA	NA	NA	NA	Other
SRR15046105	Danio rerio	Ray-finned Fish	high	NA	NA	FALSE	NA	NA	NA	NA	Ray-finned Fish
SRR11231409	Juglans regia	Other	low	NA	NA	TRUE	NA	NA	NA	NA	Other
ERR3712816	Klebsiella pneumoniae	Other	low	NA	NA	TRUE	NA	NA	NA	NA	Other
SRR15202433	human gut metagenome	Human	medium	NA	NA	FALSE	NA	NA	NA	NA	Human
SRR15239200	human vaginal metagenome	Human	medium	NA	NA	FALSE	NA	NA	NA	NA	Human
SRR15239202	human vaginal metagenome	Human	medium	NA	NA	FALSE	NA	NA	NA	NA	Human
SRR15239204	human vaginal metagenome	Human	medium	NA	NA	FALSE	NA	NA	NA	NA	Human
SRR15239205	human vaginal metagenome	Human	medium	NA	NA	FALSE	NA	NA	NA	NA	Human
SRR15239207	human vaginal metagenome	Human	medium	NA	NA	FALSE	NA	NA	NA	NA	Human
SRR15239212	human vaginal metagenome	Human	medium	NA	NA	FALSE	NA	NA	NA	NA	Human
SRR15239217	human vaginal metagenome	Human	medium	NA	NA	FALSE	NA	NA	NA	NA	Human
SRR15239218	human vaginal metagenome	Human	medium	NA	NA	FALSE	NA	NA	NA	NA	Human
SRR15239221	human vaginal metagenome	Human	medium	NA	NA	FALSE	NA	NA	NA	NA	Human
SRR15239222	human vaginal metagenome	Human	medium	NA	NA	FALSE	NA	NA	NA	NA	Human
SRR15239223	human vaginal metagenome	Human	medium	NA	NA	FALSE	NA	NA	NA	NA	Human
SRR15244436	human gut metagenome	Human	medium	NA	NA	FALSE	NA	NA	NA	NA	Human
SRR15244438	human gut metagenome	Human	medium	NA	NA	FALSE	NA	NA	NA	NA	Human
SRR15251391	Mus musculus	Rodent	high	NA	NA	FALSE	NA	NA	NA	NA	Rodent
SRR22559155	Klebsiella pneumoniae	Other	low	NA	NA	TRUE	NA	NA	NA	NA	Other
SRR15292755	Panthera tigris tigris	Feline	high	NA	NA	FALSE	NA	NA	NA	NA	Feline
SRR15292757	Panthera tigris tigris	Feline	high	NA	NA	FALSE	NA	NA	NA	NA	Feline
SRR15335096	Homo sapiens	Human	high	NA	NA	FALSE	NA	NA	NA	NA	Human
SRR15346293	Mus musculus	Rodent	high	NA	NA	FALSE	NA	NA	NA	NA	Rodent
SRR15346297	Mus musculus	Rodent	high	NA	NA	FALSE	NA	NA	NA	NA	Rodent
SRR527542	Lasius niger	Other	low	NA	NA	TRUE	NA	NA	NA	NA	Other
SRR23561846	Lepeophtheirus salmonis	Other	low	NA	NA	TRUE	NA	NA	NA	NA	Other
SRR15417111	human gut metagenome	Human	medium	NA	NA	FALSE	NA	NA	NA	NA	Human
SRR15417113	human gut metagenome	Human	medium	NA	NA	FALSE	NA	NA	NA	NA	Human
SRR15420560	Homo sapiens	Human	high	NA	NA	FALSE	NA	NA	NA	NA	Human
SRR15427056	Mesocricetus auratus	Rodent	high	NA	NA	FALSE	NA	NA	NA	NA	Rodent
SRR15442169	viral metagenome	Human	medium	Homo sapiens	NA	FALSE	NA	NA	NA	NA	Human
SRR15442172	viral metagenome	Human	medium	Homo sapiens	NA	FALSE	NA	NA	NA	NA	Human
SRR15442195	viral metagenome	Human	medium	Homo sapiens	NA	FALSE	NA	NA	NA	NA	Human
SRR15442199	viral metagenome	Human	medium	Homo sapiens	NA	FALSE	NA	NA	NA	NA	Human
SRR15442200	viral metagenome	Human	manual	NA	Human	FALSE	NA	NA	NA	NA	Human
SRR15442201	viral metagenome	Human	manual	NA	Human	FALSE	NA	NA	NA	NA	Human
SRR15442202	viral metagenome	Human	medium	Homo sapiens	NA	FALSE	NA	NA	NA	NA	Human
SRR15442203	viral metagenome	Human	medium	Homo sapiens	NA	FALSE	NA	NA	NA	NA	Human
SRR15442204	viral metagenome	Human	medium	Homo sapiens	NA	FALSE	NA	NA	NA	NA	Human
SRR15442206	viral metagenome	Human	medium	Homo sapiens	NA	FALSE	NA	NA	NA	NA	Human
SRR15442207	viral metagenome	Human	medium	Homo sapiens	NA	FALSE	NA	NA	NA	NA	Human
SRR15442208	viral metagenome	Human	medium	Homo sapiens	NA	FALSE	NA	NA	NA	NA	Human
SRR15442209	viral metagenome	Human	medium	Homo sapiens	NA	FALSE	NA	NA	NA	NA	Human
SRR15442210	viral metagenome	Human	medium	Homo sapiens	NA	FALSE	NA	NA	NA	NA	Human
SRR15442211	viral metagenome	Human	medium	Homo sapiens	NA	FALSE	NA	NA	NA	NA	Human
SRR15442212	viral metagenome	Human	medium	Homo sapiens	NA	FALSE	NA	NA	NA	NA	Human
SRR15442213	viral metagenome	Human	medium	Homo sapiens	NA	FALSE	NA	NA	NA	NA	Human
SRR15442214	viral metagenome	Human	medium	Homo sapiens	NA	FALSE	NA	NA	NA	NA	Human
SRR15442217	viral metagenome	Human	medium	Homo sapiens	NA	FALSE	NA	NA	NA	NA	Human
SRR15442218	viral metagenome	Human	medium	Homo sapiens	NA	FALSE	NA	NA	NA	NA	Human
SRR15442219	viral metagenome	Human	medium	Homo sapiens	NA	FALSE	NA	NA	NA	NA	Human
SRR15442220	viral metagenome	Human	medium	Homo sapiens	NA	FALSE	NA	NA	NA	NA	Human
SRR15442221	viral metagenome	Human	medium	Homo sapiens	NA	FALSE	NA	NA	NA	NA	Human
SRR15442222	viral metagenome	Human	medium	Homo sapiens	NA	FALSE	NA	NA	NA	NA	Human
SRR15442223	viral metagenome	Human	medium	Homo sapiens	NA	FALSE	NA	NA	NA	NA	Human
SRR15442224	viral metagenome	Human	medium	Homo sapiens	NA	FALSE	NA	NA	NA	NA	Human
SRR15442225	viral metagenome	Human	medium	Homo sapiens	NA	FALSE	NA	NA	NA	NA	Human
SRR15442226	viral metagenome	Human	medium	Homo sapiens	NA	FALSE	NA	NA	NA	NA	Human
SRR15442233	viral metagenome	Human	medium	Homo sapiens	NA	FALSE	NA	NA	NA	NA	Human
SRR15442234	viral metagenome	Human	medium	Homo sapiens	NA	FALSE	NA	NA	NA	NA	Human
SRR15442241	viral metagenome	Human	medium	Homo sapiens	NA	FALSE	NA	NA	NA	NA	Human
SRR15442242	viral metagenome	Human	medium	Homo sapiens	NA	FALSE	NA	NA	NA	NA	Human
SRR15442277	viral metagenome	Human	medium	Homo sapiens	NA	FALSE	NA	NA	NA	NA	Human
SRR15442301	viral metagenome	Human	medium	Homo sapiens	NA	FALSE	NA	NA	NA	NA	Human
SRR15442302	viral metagenome	Human	manual	NA	Human	FALSE	NA	NA	NA	NA	Human
SRR15442303	viral metagenome	Human	manual	NA	Human	FALSE	NA	NA	NA	NA	Human
SRR15442304	viral metagenome	Human	medium	Homo sapiens	NA	FALSE	NA	NA	NA	NA	Human
SRR15442305	viral metagenome	Human	medium	Homo sapiens	NA	FALSE	NA	NA	NA	NA	Human
SRR15442306	viral metagenome	Human	medium	Homo sapiens	NA	FALSE	NA	NA	NA	NA	Human
SRR15442311	viral metagenome	Human	medium	Homo sapiens	NA	FALSE	NA	NA	NA	NA	Human
SRR15442313	viral metagenome	Human	medium	Homo sapiens	NA	FALSE	NA	NA	NA	NA	Human
SRR15442320	viral metagenome	Human	medium	Homo sapiens	NA	FALSE	NA	NA	NA	NA	Human
SRR15442339	viral metagenome	Human	medium	Homo sapiens	NA	FALSE	NA	NA	NA	NA	Human
SRR15442340	viral metagenome	Human	medium	Homo sapiens	NA	FALSE	NA	NA	NA	NA	Human
SRR15442341	viral metagenome	Human	medium	Homo sapiens	NA	FALSE	NA	NA	NA	NA	Human
SRR15442342	viral metagenome	Human	medium	Homo sapiens	NA	FALSE	NA	NA	NA	NA	Human
SRR15442344	viral metagenome	Human	medium	Homo sapiens	NA	FALSE	NA	NA	NA	NA	Human
SRR15442345	viral metagenome	Human	medium	Homo sapiens	NA	FALSE	NA	NA	NA	NA	Human
SRR15442346	viral metagenome	Human	medium	Homo sapiens	NA	FALSE	NA	NA	NA	NA	Human
SRR15442347	viral metagenome	Human	medium	Homo sapiens	NA	FALSE	NA	NA	NA	NA	Human
SRR15442348	viral metagenome	Human	medium	Homo sapiens	NA	FALSE	NA	NA	NA	NA	Human
SRR15442349	viral metagenome	Human	medium	Homo sapiens	NA	FALSE	NA	NA	NA	NA	Human
SRR15442350	viral metagenome	Human	medium	Homo sapiens	NA	FALSE	NA	NA	NA	NA	Human
SRR15442351	viral metagenome	Human	medium	Homo sapiens	NA	FALSE	NA	NA	NA	NA	Human
SRR15442352	viral metagenome	Human	medium	Homo sapiens	NA	FALSE	NA	NA	NA	NA	Human
SRR15442355	viral metagenome	Human	medium	Homo sapiens	NA	FALSE	NA	NA	NA	NA	Human
SRR15442356	viral metagenome	Human	medium	Homo sapiens	NA	FALSE	NA	NA	NA	NA	Human
SRR15442379	viral metagenome	Human	manual	NA	Human	FALSE	NA	NA	NA	NA	Human
SRR15442390	viral metagenome	Human	medium	Homo sapiens	NA	FALSE	NA	NA	NA	NA	Human
SRR15442398	viral metagenome	Human	medium	Homo sapiens	NA	FALSE	NA	NA	NA	NA	Human
SRR15442401	viral metagenome	Human	medium	Homo sapiens	NA	FALSE	NA	NA	NA	NA	Human
SRR15442402	viral metagenome	Human	medium	Homo sapiens	NA	FALSE	NA	NA	NA	NA	Human
SRR15442411	viral metagenome	Human	medium	Homo sapiens	NA	FALSE	NA	NA	NA	NA	Human
SRR15442413	viral metagenome	Human	medium	Homo sapiens	NA	FALSE	NA	NA	NA	NA	Human
SRR15442414	viral metagenome	Human	manual	NA	Human	FALSE	NA	NA	NA	NA	Human
SRR15442416	viral metagenome	Human	medium	Homo sapiens	NA	FALSE	NA	NA	NA	NA	Human
SRR15442417	viral metagenome	Human	medium	Homo sapiens	NA	FALSE	NA	NA	NA	NA	Human
SRR15442418	viral metagenome	Human	medium	Homo sapiens	NA	FALSE	NA	NA	NA	NA	Human
SRR15442420	viral metagenome	Human	medium	Homo sapiens	NA	FALSE	NA	NA	NA	NA	Human
SRR15442421	viral metagenome	Human	medium	Homo sapiens	NA	FALSE	NA	NA	NA	NA	Human
SRR15442422	viral metagenome	Human	medium	Homo sapiens	NA	FALSE	NA	NA	NA	NA	Human
SRR15442423	viral metagenome	Human	medium	Homo sapiens	NA	FALSE	NA	NA	NA	NA	Human
SRR15442424	viral metagenome	Human	medium	Homo sapiens	NA	FALSE	NA	NA	NA	NA	Human
SRR15442425	viral metagenome	Human	medium	Homo sapiens	NA	FALSE	NA	NA	NA	NA	Human
SRR15442426	viral metagenome	Human	medium	Homo sapiens	NA	FALSE	NA	NA	NA	NA	Human
SRR15442427	viral metagenome	Human	medium	Homo sapiens	NA	FALSE	NA	NA	NA	NA	Human
SRR15442428	viral metagenome	Human	medium	Homo sapiens	NA	FALSE	NA	NA	NA	NA	Human
SRR15442429	viral metagenome	Human	medium	Homo sapiens	NA	FALSE	NA	NA	NA	NA	Human
SRR15442431	viral metagenome	Human	medium	Homo sapiens	NA	FALSE	NA	NA	NA	NA	Human
SRR15442432	viral metagenome	Human	medium	Homo sapiens	NA	FALSE	NA	NA	NA	NA	Human
SRR15442433	viral metagenome	Human	medium	Homo sapiens	NA	FALSE	NA	NA	NA	NA	Human
SRR15442434	viral metagenome	Human	medium	Homo sapiens	NA	FALSE	NA	NA	NA	NA	Human
SRR15442438	viral metagenome	Human	medium	Homo sapiens	NA	FALSE	NA	NA	NA	NA	Human
SRR15442442	viral metagenome	Human	medium	Homo sapiens	NA	FALSE	NA	NA	NA	NA	Human
SRR15442444	viral metagenome	Human	medium	Homo sapiens	NA	FALSE	NA	NA	NA	NA	Human
SRR15442447	viral metagenome	Human	medium	Homo sapiens	NA	FALSE	NA	NA	NA	NA	Human
SRR15442452	viral metagenome	Human	medium	Homo sapiens	NA	FALSE	NA	NA	NA	NA	Human
SRR15442455	viral metagenome	Human	medium	Homo sapiens	NA	FALSE	NA	NA	NA	NA	Human
SRR15442456	viral metagenome	Human	medium	Homo sapiens	NA	FALSE	NA	NA	NA	NA	Human
SRR15442458	viral metagenome	Human	medium	Homo sapiens	NA	FALSE	NA	NA	NA	NA	Human
SRR15442459	viral metagenome	Human	medium	Homo sapiens	NA	FALSE	NA	NA	NA	NA	Human
SRR15442465	viral metagenome	Human	medium	Homo sapiens	NA	FALSE	NA	NA	NA	NA	Human
SRR15442467	viral metagenome	Human	medium	Homo sapiens	NA	FALSE	NA	NA	NA	NA	Human
SRR15442468	viral metagenome	Human	medium	Homo sapiens	NA	FALSE	NA	NA	NA	NA	Human
SRR15442469	viral metagenome	Human	medium	Homo sapiens	NA	FALSE	NA	NA	NA	NA	Human
SRR15442470	viral metagenome	Human	medium	Homo sapiens	NA	FALSE	NA	NA	NA	NA	Human
SRR15442483	viral metagenome	Human	medium	Homo sapiens	NA	FALSE	NA	NA	NA	NA	Human
SRR15442484	viral metagenome	Human	medium	Homo sapiens	NA	FALSE	NA	NA	NA	NA	Human
SRR15442485	viral metagenome	Human	medium	Homo sapiens	NA	FALSE	NA	NA	NA	NA	Human
SRR15442486	viral metagenome	Human	medium	Homo sapiens	NA	FALSE	NA	NA	NA	NA	Human
SRR15442487	viral metagenome	Human	medium	Homo sapiens	NA	FALSE	NA	NA	NA	NA	Human
SRR15442488	viral metagenome	Human	medium	Homo sapiens	NA	FALSE	NA	NA	NA	NA	Human
SRR15442489	viral metagenome	Human	medium	Homo sapiens	NA	FALSE	NA	NA	NA	NA	Human
SRR15442490	viral metagenome	Human	medium	Homo sapiens	NA	FALSE	NA	NA	NA	NA	Human
SRR15442514	viral metagenome	Human	medium	Homo sapiens	NA	FALSE	NA	NA	NA	NA	Human
SRR15442515	viral metagenome	Human	medium	Homo sapiens	NA	FALSE	NA	NA	NA	NA	Human
SRR15442516	viral metagenome	Human	medium	Homo sapiens	NA	FALSE	NA	NA	NA	NA	Human
SRR15442517	viral metagenome	Human	medium	Homo sapiens	NA	FALSE	NA	NA	NA	NA	Human
SRR15442518	viral metagenome	Human	medium	Homo sapiens	NA	FALSE	NA	NA	NA	NA	Human
SRR15442519	viral metagenome	Human	medium	Homo sapiens	NA	FALSE	NA	NA	NA	NA	Human
SRR15442520	viral metagenome	Human	medium	Homo sapiens	NA	FALSE	NA	NA	NA	NA	Human
SRR15442522	viral metagenome	Human	medium	Homo sapiens	NA	FALSE	NA	NA	NA	NA	Human
SRR15442523	viral metagenome	Human	medium	Homo sapiens	NA	FALSE	NA	NA	NA	NA	Human
SRR15442524	viral metagenome	Human	medium	Homo sapiens	NA	FALSE	NA	NA	NA	NA	Human
SRR15442525	viral metagenome	Human	medium	Homo sapiens	NA	FALSE	NA	NA	NA	NA	Human
SRR15442527	viral metagenome	Human	manual	NA	Human	FALSE	NA	NA	NA	NA	Human
SRR15442528	viral metagenome	Human	medium	Homo sapiens	NA	FALSE	NA	NA	NA	NA	Human
SRR15442529	viral metagenome	Human	medium	Homo sapiens	NA	FALSE	NA	NA	NA	NA	Human
SRR15442530	viral metagenome	Human	medium	Homo sapiens	NA	FALSE	NA	NA	NA	NA	Human
SRR15442531	viral metagenome	Human	medium	Homo sapiens	NA	FALSE	NA	NA	NA	NA	Human
SRR15442533	viral metagenome	Human	medium	Homo sapiens	NA	FALSE	NA	NA	NA	NA	Human
SRR15442534	viral metagenome	Human	medium	Homo sapiens	NA	FALSE	NA	NA	NA	NA	Human
SRR15442535	viral metagenome	Human	medium	Homo sapiens	NA	FALSE	NA	NA	NA	NA	Human
SRR15442536	viral metagenome	Human	medium	Homo sapiens	NA	FALSE	NA	NA	NA	NA	Human
SRR15442538	viral metagenome	Human	medium	Homo sapiens	NA	FALSE	NA	NA	NA	NA	Human
SRR15442540	viral metagenome	Human	medium	Homo sapiens	NA	FALSE	NA	NA	NA	NA	Human
SRR15442541	viral metagenome	Human	medium	Homo sapiens	NA	FALSE	NA	NA	NA	NA	Human
SRR15442542	viral metagenome	Human	medium	Homo sapiens	NA	FALSE	NA	NA	NA	NA	Human
SRR15442543	viral metagenome	Human	medium	Homo sapiens	NA	FALSE	NA	NA	NA	NA	Human
SRR15442545	viral metagenome	Human	medium	Homo sapiens	NA	FALSE	NA	NA	NA	NA	Human
SRR15442555	viral metagenome	Human	medium	Homo sapiens	NA	FALSE	NA	NA	NA	NA	Human
SRR15442571	viral metagenome	Human	medium	Homo sapiens	NA	FALSE	NA	NA	NA	NA	Human
SRR15442578	viral metagenome	Human	medium	Homo sapiens	NA	FALSE	NA	NA	NA	NA	Human
SRR15442579	viral metagenome	Human	medium	Homo sapiens	NA	FALSE	NA	NA	NA	NA	Human
SRR15442580	viral metagenome	Human	medium	Homo sapiens	NA	FALSE	NA	NA	NA	NA	Human
SRR15442581	viral metagenome	Human	medium	Homo sapiens	NA	FALSE	NA	NA	NA	NA	Human
SRR15442582	viral metagenome	Human	medium	Homo sapiens	NA	FALSE	NA	NA	NA	NA	Human
SRR15442590	viral metagenome	Human	medium	Homo sapiens	NA	FALSE	NA	NA	NA	NA	Human
SRR15442604	viral metagenome	Human	medium	Homo sapiens	NA	FALSE	NA	NA	NA	NA	Human
SRR15442642	viral metagenome	Human	medium	Homo sapiens	NA	FALSE	NA	NA	NA	NA	Human
SRR15442643	viral metagenome	Human	manual	NA	Human	FALSE	NA	NA	NA	NA	Human
SRR15442644	viral metagenome	Human	manual	NA	Human	FALSE	NA	NA	NA	NA	Human
SRR15442645	viral metagenome	Human	medium	Homo sapiens	NA	FALSE	NA	NA	NA	NA	Human
SRR15442646	viral metagenome	Human	medium	Homo sapiens	NA	FALSE	NA	NA	NA	NA	Human
SRR15442647	viral metagenome	Human	medium	Homo sapiens	NA	FALSE	NA	NA	NA	NA	Human
SRR15442648	viral metagenome	Human	medium	Homo sapiens	NA	FALSE	NA	NA	NA	NA	Human
SRR15442649	viral metagenome	Human	medium	Homo sapiens	NA	FALSE	NA	NA	NA	NA	Human
SRR15442653	viral metagenome	Human	medium	Homo sapiens	NA	FALSE	NA	NA	NA	NA	Human
SRR15442655	viral metagenome	Human	medium	Homo sapiens	NA	FALSE	NA	NA	NA	NA	Human
SRR15442656	viral metagenome	Human	medium	Homo sapiens	NA	FALSE	NA	NA	NA	NA	Human
SRR15442657	viral metagenome	Human	medium	Homo sapiens	NA	FALSE	NA	NA	NA	NA	Human
SRR15442658	viral metagenome	Human	medium	Homo sapiens	NA	FALSE	NA	NA	NA	NA	Human
SRR15442659	viral metagenome	Human	medium	Homo sapiens	NA	FALSE	NA	NA	NA	NA	Human
SRR15442660	viral metagenome	Human	medium	Homo sapiens	NA	FALSE	NA	NA	NA	NA	Human
SRR15442661	viral metagenome	Human	medium	Homo sapiens	NA	FALSE	NA	NA	NA	NA	Human
SRR15442662	viral metagenome	Human	medium	Homo sapiens	NA	FALSE	NA	NA	NA	NA	Human
SRR15442679	viral metagenome	Human	medium	Homo sapiens	NA	FALSE	NA	NA	NA	NA	Human
SRR15442692	viral metagenome	Human	medium	Homo sapiens	NA	FALSE	NA	NA	NA	NA	Human
SRR15442698	viral metagenome	Human	medium	Homo sapiens	NA	FALSE	NA	NA	NA	NA	Human
SRR15442699	viral metagenome	Human	medium	Homo sapiens	NA	FALSE	NA	NA	NA	NA	Human
SRR15442703	viral metagenome	Human	medium	Homo sapiens	NA	FALSE	NA	NA	NA	NA	Human
SRR15442706	viral metagenome	Human	medium	Homo sapiens	NA	FALSE	NA	NA	NA	NA	Human
SRR15442721	viral metagenome	Human	medium	Homo sapiens	NA	FALSE	NA	NA	NA	NA	Human
SRR15442744	viral metagenome	Human	medium	Homo sapiens	NA	FALSE	NA	NA	NA	NA	Human
SRR15442746	viral metagenome	Human	medium	Homo sapiens	NA	FALSE	NA	NA	NA	NA	Human
SRR15442751	viral metagenome	Human	medium	Homo sapiens	NA	FALSE	NA	NA	NA	NA	Human
SRR15442756	viral metagenome	Human	medium	Homo sapiens	NA	FALSE	NA	NA	NA	NA	Human
SRR15442758	viral metagenome	Human	medium	Homo sapiens	NA	FALSE	NA	NA	NA	NA	Human
SRR15442760	viral metagenome	Human	medium	Homo sapiens	NA	FALSE	NA	NA	NA	NA	Human
SRR15442768	viral metagenome	Human	medium	Homo sapiens	NA	FALSE	NA	NA	NA	NA	Human
SRR15442771	viral metagenome	Human	medium	Homo sapiens	NA	FALSE	NA	NA	NA	NA	Human
SRR15442772	viral metagenome	Human	medium	Homo sapiens	NA	FALSE	NA	NA	NA	NA	Human
SRR15442779	viral metagenome	Human	medium	Homo sapiens	NA	FALSE	NA	NA	NA	NA	Human
SRR15442785	viral metagenome	Human	medium	Homo sapiens	NA	FALSE	NA	NA	NA	NA	Human
SRR15442788	viral metagenome	Human	medium	Homo sapiens	NA	FALSE	NA	NA	NA	NA	Human
SRR15442789	viral metagenome	Human	medium	Homo sapiens	NA	FALSE	NA	NA	NA	NA	Human
SRR15442790	viral metagenome	Human	medium	Homo sapiens	NA	FALSE	NA	NA	NA	NA	Human
SRR15442792	viral metagenome	Human	medium	Homo sapiens	NA	FALSE	NA	NA	NA	NA	Human
SRR15442795	viral metagenome	Human	medium	Homo sapiens	NA	FALSE	NA	NA	NA	NA	Human
SRR15442796	viral metagenome	Human	medium	Homo sapiens	NA	FALSE	NA	NA	NA	NA	Human
SRR15442797	viral metagenome	Human	medium	Homo sapiens	NA	FALSE	NA	NA	NA	NA	Human
SRR15442801	viral metagenome	Human	medium	Homo sapiens	NA	FALSE	NA	NA	NA	NA	Human
SRR15442803	viral metagenome	Human	medium	Homo sapiens	NA	FALSE	NA	NA	NA	NA	Human
SRR15442808	viral metagenome	Human	medium	Homo sapiens	NA	FALSE	NA	NA	NA	NA	Human
SRR15442810	viral metagenome	Human	medium	Homo sapiens	NA	FALSE	NA	NA	NA	NA	Human
SRR15442811	viral metagenome	Human	medium	Homo sapiens	NA	FALSE	NA	NA	NA	NA	Human
SRR15442814	viral metagenome	Human	manual	NA	Human	FALSE	NA	NA	NA	NA	Human
SRR15442815	viral metagenome	Human	manual	NA	Human	FALSE	NA	NA	NA	NA	Human
SRR15442816	viral metagenome	Human	medium	Homo sapiens	NA	FALSE	NA	NA	NA	NA	Human
SRR15442817	viral metagenome	Human	medium	Homo sapiens	NA	FALSE	NA	NA	NA	NA	Human
SRR15442818	viral metagenome	Human	medium	Homo sapiens	NA	FALSE	NA	NA	NA	NA	Human
SRR15442819	viral metagenome	Human	medium	Homo sapiens	NA	FALSE	NA	NA	NA	NA	Human
SRR15442820	viral metagenome	Human	medium	Homo sapiens	NA	FALSE	NA	NA	NA	NA	Human
SRR15442821	viral metagenome	Human	medium	Homo sapiens	NA	FALSE	NA	NA	NA	NA	Human
SRR15442822	viral metagenome	Human	medium	Homo sapiens	NA	FALSE	NA	NA	NA	NA	Human
SRR15442823	viral metagenome	Human	medium	Homo sapiens	NA	FALSE	NA	NA	NA	NA	Human
SRR15442825	viral metagenome	Human	medium	Homo sapiens	NA	FALSE	NA	NA	NA	NA	Human
SRR15442826	viral metagenome	Human	medium	Homo sapiens	NA	FALSE	NA	NA	NA	NA	Human
SRR15442827	viral metagenome	Human	medium	Homo sapiens	NA	FALSE	NA	NA	NA	NA	Human
SRR15442828	viral metagenome	Human	medium	Homo sapiens	NA	FALSE	NA	NA	NA	NA	Human
SRR15442829	viral metagenome	Human	medium	Homo sapiens	NA	FALSE	NA	NA	NA	NA	Human
SRR15442830	viral metagenome	Human	medium	Homo sapiens	NA	FALSE	NA	NA	NA	NA	Human
SRR15442831	viral metagenome	Human	medium	Homo sapiens	NA	FALSE	NA	NA	NA	NA	Human
SRR15442832	viral metagenome	Human	medium	Homo sapiens	NA	FALSE	NA	NA	NA	NA	Human
SRR15442833	viral metagenome	Human	medium	Homo sapiens	NA	FALSE	NA	NA	NA	NA	Human
SRR15442834	viral metagenome	Human	medium	Homo sapiens	NA	FALSE	NA	NA	NA	NA	Human
SRR15442836	viral metagenome	Human	medium	Homo sapiens	NA	FALSE	NA	NA	NA	NA	Human
SRR15442837	viral metagenome	Human	medium	Homo sapiens	NA	FALSE	NA	NA	NA	NA	Human
SRR15442839	viral metagenome	Human	manual	NA	Human	FALSE	NA	NA	NA	NA	Human
SRR15442888	viral metagenome	Human	medium	Homo sapiens	NA	FALSE	NA	NA	NA	NA	Human
SRR15442889	viral metagenome	Human	manual	NA	Human	FALSE	NA	NA	NA	NA	Human
SRR15442890	viral metagenome	Human	manual	NA	Human	FALSE	NA	NA	NA	NA	Human
SRR15442891	viral metagenome	Human	medium	Homo sapiens	NA	FALSE	NA	NA	NA	NA	Human
SRR15442892	viral metagenome	Human	medium	Homo sapiens	NA	FALSE	NA	NA	NA	NA	Human
SRR15442893	viral metagenome	Human	medium	Homo sapiens	NA	FALSE	NA	NA	NA	NA	Human
SRR15442895	viral metagenome	Human	medium	Homo sapiens	NA	FALSE	NA	NA	NA	NA	Human
SRR15442896	viral metagenome	Human	medium	Homo sapiens	NA	FALSE	NA	NA	NA	NA	Human
SRR15442897	viral metagenome	Human	medium	Homo sapiens	NA	FALSE	NA	NA	NA	NA	Human
SRR15442898	viral metagenome	Human	medium	Homo sapiens	NA	FALSE	NA	NA	NA	NA	Human
SRR15442899	viral metagenome	Human	medium	Homo sapiens	NA	FALSE	NA	NA	NA	NA	Human
SRR15442900	viral metagenome	Human	medium	Homo sapiens	NA	FALSE	NA	NA	NA	NA	Human
SRR15442901	viral metagenome	Human	medium	Homo sapiens	NA	FALSE	NA	NA	NA	NA	Human
SRR15442902	viral metagenome	Human	medium	Homo sapiens	NA	FALSE	NA	NA	NA	NA	Human
SRR15442903	viral metagenome	Human	medium	Homo sapiens	NA	FALSE	NA	NA	NA	NA	Human
SRR15442904	viral metagenome	Human	medium	Homo sapiens	NA	FALSE	NA	NA	NA	NA	Human
SRR15442910	viral metagenome	Human	medium	Homo sapiens	NA	FALSE	NA	NA	NA	NA	Human
SRR15442912	viral metagenome	Human	medium	Homo sapiens	NA	FALSE	NA	NA	NA	NA	Human
SRR15442913	viral metagenome	Human	medium	Homo sapiens	NA	FALSE	NA	NA	NA	NA	Human
SRR15442914	viral metagenome	Human	medium	Homo sapiens	NA	FALSE	NA	NA	NA	NA	Human
SRR15442919	viral metagenome	Human	medium	Homo sapiens	NA	FALSE	NA	NA	NA	NA	Human
SRR15442921	viral metagenome	Human	medium	Homo sapiens	NA	FALSE	NA	NA	NA	NA	Human
SRR15442926	viral metagenome	Human	medium	Homo sapiens	NA	FALSE	NA	NA	NA	NA	Human
SRR15442928	viral metagenome	Human	medium	Homo sapiens	NA	FALSE	NA	NA	NA	NA	Human
SRR15442929	viral metagenome	Human	manual	NA	Human	FALSE	NA	NA	NA	NA	Human
SRR15442930	viral metagenome	Human	manual	NA	Human	FALSE	NA	NA	NA	NA	Human
SRR15442931	viral metagenome	Human	medium	Homo sapiens	NA	FALSE	NA	NA	NA	NA	Human
SRR15442933	viral metagenome	Human	medium	Homo sapiens	NA	FALSE	NA	NA	NA	NA	Human
SRR15442934	viral metagenome	Human	medium	Homo sapiens	NA	FALSE	NA	NA	NA	NA	Human
SRR15442935	viral metagenome	Human	medium	Homo sapiens	NA	FALSE	NA	NA	NA	NA	Human
SRR15442936	viral metagenome	Human	medium	Homo sapiens	NA	FALSE	NA	NA	NA	NA	Human
SRR15442937	viral metagenome	Human	medium	Homo sapiens	NA	FALSE	NA	NA	NA	NA	Human
SRR15442938	viral metagenome	Human	medium	Homo sapiens	NA	FALSE	NA	NA	NA	NA	Human
SRR15442939	viral metagenome	Human	medium	Homo sapiens	NA	FALSE	NA	NA	NA	NA	Human
SRR15442940	viral metagenome	Human	medium	Homo sapiens	NA	FALSE	NA	NA	NA	NA	Human
SRR15442941	viral metagenome	Human	medium	Homo sapiens	NA	FALSE	NA	NA	NA	NA	Human
SRR15442942	viral metagenome	Human	medium	Homo sapiens	NA	FALSE	NA	NA	NA	NA	Human
SRR15442943	viral metagenome	Human	medium	Homo sapiens	NA	FALSE	NA	NA	NA	NA	Human
SRR15442944	viral metagenome	Human	medium	Homo sapiens	NA	FALSE	NA	NA	NA	NA	Human
SRR15442945	viral metagenome	Human	medium	Homo sapiens	NA	FALSE	NA	NA	NA	NA	Human
SRR15442946	viral metagenome	Human	medium	Homo sapiens	NA	FALSE	NA	NA	NA	NA	Human
SRR15442948	viral metagenome	Human	medium	Homo sapiens	NA	FALSE	NA	NA	NA	NA	Human
SRR15442949	viral metagenome	Human	medium	Homo sapiens	NA	FALSE	NA	NA	NA	NA	Human
SRR15442950	viral metagenome	Human	medium	Homo sapiens	NA	FALSE	NA	NA	NA	NA	Human
SRR15442951	viral metagenome	Human	medium	Homo sapiens	NA	FALSE	NA	NA	NA	NA	Human
SRR15442952	viral metagenome	Human	medium	Homo sapiens	NA	FALSE	NA	NA	NA	NA	Human
SRR15442953	viral metagenome	Human	medium	Homo sapiens	NA	FALSE	NA	NA	NA	NA	Human
SRR15442954	viral metagenome	Human	medium	Homo sapiens	NA	FALSE	NA	NA	NA	NA	Human
SRR15442955	viral metagenome	Human	medium	Homo sapiens	NA	FALSE	NA	NA	NA	NA	Human
SRR15442956	viral metagenome	Human	manual	NA	Human	FALSE	NA	NA	NA	NA	Human
SRR15442957	viral metagenome	Human	medium	Homo sapiens	NA	FALSE	NA	NA	NA	NA	Human
SRR15442958	viral metagenome	Human	medium	Homo sapiens	NA	FALSE	NA	NA	NA	NA	Human
SRR15442959	viral metagenome	Human	medium	Homo sapiens	NA	FALSE	NA	NA	NA	NA	Human
SRR15442960	viral metagenome	Human	medium	Homo sapiens	NA	FALSE	NA	NA	NA	NA	Human
SRR15442961	viral metagenome	Human	medium	Homo sapiens	NA	FALSE	NA	NA	NA	NA	Human
SRR15442962	viral metagenome	Human	medium	Homo sapiens	NA	FALSE	NA	NA	NA	NA	Human
SRR15442963	viral metagenome	Human	medium	Homo sapiens	NA	FALSE	NA	NA	NA	NA	Human
SRR15442964	viral metagenome	Human	medium	Homo sapiens	NA	FALSE	NA	NA	NA	NA	Human
SRR15442966	viral metagenome	Human	medium	Homo sapiens	NA	FALSE	NA	NA	NA	NA	Human
SRR20282366	Liriomyza sp. 'mattyi'	Other	low	NA	NA	TRUE	NA	NA	NA	NA	Other
SRR15446542	Cavia porcellus	Rodent	high	NA	NA	FALSE	NA	NA	NA	NA	Rodent
SRR15461561	Homo sapiens	Human	high	NA	NA	FALSE	NA	NA	NA	NA	Human
SRR15461567	Homo sapiens	Human	high	NA	NA	FALSE	NA	NA	NA	NA	Human
SRR15461568	Homo sapiens	Human	high	NA	NA	FALSE	NA	NA	NA	NA	Human
SRR15461569	Homo sapiens	Human	high	NA	NA	FALSE	NA	NA	NA	NA	Human
SRR15461570	Homo sapiens	Human	high	NA	NA	FALSE	NA	NA	NA	NA	Human
SRR20282395	Liriomyza urticae	Other	low	NA	NA	TRUE	NA	NA	NA	NA	Other
SRR20282400	Liriomyza veluta	Other	low	NA	NA	TRUE	NA	NA	NA	NA	Other
SRR17674944	Medicago truncatula	Other	low	NA	NA	TRUE	NA	NA	NA	NA	Other
SRR17674997	Medicago truncatula	Other	low	NA	NA	TRUE	NA	NA	NA	NA	Other
SRR26084658	Mesobacillus thioparans	Other	low	NA	NA	TRUE	NA	NA	NA	NA	Other
SRR27078480	metagenome	Human	manual	NA	NA	TRUE	NA	NA	NA	NA	Other
SRR27078481	metagenome	Human	manual	NA	NA	TRUE	NA	NA	NA	NA	Other
SRR27078489	metagenome	Human	manual	NA	NA	TRUE	NA	NA	NA	NA	Other
SRR27078498	metagenome	Human	manual	NA	NA	TRUE	NA	NA	NA	NA	Other
SRR27078499	metagenome	Human	manual	NA	NA	TRUE	NA	NA	NA	NA	Other
SRR27078512	metagenome	Human	manual	NA	NA	TRUE	NA	NA	NA	NA	Other
SRR27078513	metagenome	Human	manual	NA	NA	TRUE	NA	NA	NA	NA	Other
SRR27078515	metagenome	Human	manual	NA	NA	TRUE	NA	NA	NA	NA	Other
SRR27078516	metagenome	Human	manual	NA	NA	TRUE	NA	NA	NA	NA	Other
SRR27078518	metagenome	Human	manual	NA	NA	TRUE	NA	NA	NA	NA	Other
SRR27078519	metagenome	Human	manual	NA	NA	TRUE	NA	NA	NA	NA	Other
SRR27078522	metagenome	Human	manual	NA	NA	TRUE	NA	NA	NA	NA	Other
SRR1553676	human lung metagenome	Human	medium	NA	NA	FALSE	NA	NA	NA	NA	Human
SRR1553677	human lung metagenome	Human	medium	NA	NA	FALSE	NA	NA	NA	NA	Human
SRR15558219	metagenome	Rodent	manual	NA	Rodent	FALSE	NA	NA	NA	NA	Rodent
SRR15558220	metagenome	Rodent	manual	NA	Rodent	FALSE	NA	NA	NA	NA	Rodent
SRR15558221	metagenome	Rodent	manual	NA	Rodent	FALSE	NA	NA	NA	NA	Rodent
SRR15558243	metagenome	Rodent	manual	NA	Rodent	FALSE	NA	NA	NA	NA	Rodent
SRR15558255	metagenome	Rodent	manual	NA	Rodent	FALSE	NA	NA	NA	NA	Rodent
SRR15561385	Human papillomavirus	Human	medium	NA	NA	FALSE	NA	NA	NA	NA	Human
SRR15672509	Homo sapiens	Human	high	NA	NA	FALSE	NA	NA	NA	NA	Human
SRR15672510	Homo sapiens	Human	high	NA	NA	FALSE	NA	NA	NA	NA	Human
SRR15672511	Homo sapiens	Human	high	NA	NA	FALSE	NA	NA	NA	NA	Human
SRR15672512	Homo sapiens	Human	high	NA	NA	FALSE	NA	NA	NA	NA	Human
SRR15672513	Homo sapiens	Human	high	NA	NA	FALSE	NA	NA	NA	NA	Human
SRR15672514	Homo sapiens	Human	high	NA	NA	FALSE	NA	NA	NA	NA	Human
SRR15672515	Homo sapiens	Human	high	NA	NA	FALSE	NA	NA	NA	NA	Human
SRR15672516	Homo sapiens	Human	high	NA	NA	FALSE	NA	NA	NA	NA	Human
SRR15672517	Homo sapiens	Human	high	NA	NA	FALSE	NA	NA	NA	NA	Human
SRR15672518	Homo sapiens	Human	high	NA	NA	FALSE	NA	NA	NA	NA	Human
SRR15672519	Homo sapiens	Human	high	NA	NA	FALSE	NA	NA	NA	NA	Human
SRR15672520	Homo sapiens	Human	high	NA	NA	FALSE	NA	NA	NA	NA	Human
SRR15672522	Homo sapiens	Human	high	NA	NA	FALSE	NA	NA	NA	NA	Human
SRR15672523	Homo sapiens	Human	high	NA	NA	FALSE	NA	NA	NA	NA	Human
SRR15672524	Homo sapiens	Human	high	NA	NA	FALSE	NA	NA	NA	NA	Human
SRR15672526	Homo sapiens	Human	high	NA	NA	FALSE	NA	NA	NA	NA	Human
SRR15672527	Homo sapiens	Human	high	NA	NA	FALSE	NA	NA	NA	NA	Human
SRR15678518	Rattus norvegicus	Rodent	high	NA	NA	FALSE	NA	NA	NA	NA	Rodent
SRR27078527	metagenome	Human	manual	NA	NA	TRUE	NA	NA	NA	NA	Other
SRR27078528	metagenome	Human	manual	NA	NA	TRUE	NA	NA	NA	NA	Other
SRR15719349	cold seep metagenome	Metagenome	manual	NA	Metagenome	FALSE	NA	NA	NA	NA	Metagenome
SRR15719350	cold seep metagenome	Metagenome	manual	NA	Metagenome	FALSE	NA	NA	NA	NA	Metagenome
SRR15719351	cold seep metagenome	Metagenome	manual	NA	Metagenome	FALSE	NA	NA	NA	NA	Metagenome
SRR15719352	cold seep metagenome	Metagenome	manual	NA	Metagenome	FALSE	NA	NA	NA	NA	Metagenome
SRR15719354	cold seep metagenome	Metagenome	manual	NA	Metagenome	FALSE	NA	NA	NA	NA	Metagenome
SRR15719355	cold seep metagenome	Metagenome	manual	NA	Metagenome	FALSE	NA	NA	NA	NA	Metagenome
SRR15719356	cold seep metagenome	Metagenome	manual	NA	Metagenome	FALSE	NA	NA	NA	NA	Metagenome
SRR15719357	cold seep metagenome	Metagenome	manual	NA	Metagenome	FALSE	NA	NA	NA	NA	Metagenome
SRR15719358	cold seep metagenome	Metagenome	manual	NA	Metagenome	FALSE	NA	NA	NA	NA	Metagenome
SRR15719359	cold seep metagenome	Metagenome	manual	NA	Metagenome	FALSE	NA	NA	NA	NA	Metagenome
SRR15719360	cold seep metagenome	Metagenome	manual	NA	Metagenome	FALSE	NA	NA	NA	NA	Metagenome
SRR15719361	cold seep metagenome	Metagenome	manual	NA	Metagenome	FALSE	NA	NA	NA	NA	Metagenome
SRR15724318	Homo sapiens	Human	high	NA	NA	FALSE	NA	NA	NA	NA	Human
SRR15724321	Homo sapiens	Human	high	NA	NA	FALSE	NA	NA	NA	NA	Human
SRR15724323	Homo sapiens	Human	high	NA	NA	FALSE	NA	NA	NA	NA	Human
SRR15724325	Homo sapiens	Human	high	NA	NA	FALSE	NA	NA	NA	NA	Human
SRR15724326	Homo sapiens	Human	high	NA	NA	FALSE	NA	NA	NA	NA	Human
SRR27078533	metagenome	Human	manual	NA	NA	TRUE	NA	NA	NA	NA	Other
SRR27078552	metagenome	Human	manual	NA	NA	TRUE	NA	NA	NA	NA	Other
SRR15835060	human metagenome	Human	medium	NA	NA	FALSE	NA	NA	NA	NA	Human
SRR15835066	human metagenome	Human	medium	NA	NA	FALSE	NA	NA	NA	NA	Human
SRR15835067	human metagenome	Human	medium	NA	NA	FALSE	NA	NA	NA	NA	Human
SRR15835086	human metagenome	Human	medium	NA	NA	FALSE	NA	NA	NA	NA	Human
SRR15835092	human metagenome	Human	medium	NA	NA	FALSE	NA	NA	NA	NA	Human
SRR15835093	human metagenome	Human	medium	NA	NA	FALSE	NA	NA	NA	NA	Human
SRR15835097	human metagenome	Human	medium	NA	NA	FALSE	NA	NA	NA	NA	Human
SRR15835099	human metagenome	Human	medium	NA	NA	FALSE	NA	NA	NA	NA	Human
SRR15835103	human metagenome	Human	medium	NA	NA	FALSE	NA	NA	NA	NA	Human
SRR15835115	human metagenome	Human	medium	NA	NA	FALSE	NA	NA	NA	NA	Human
SRR15835116	human metagenome	Human	medium	NA	NA	FALSE	NA	NA	NA	NA	Human
SRR15835119	human metagenome	Human	medium	NA	NA	FALSE	NA	NA	NA	NA	Human
SRR15835120	human metagenome	Human	medium	NA	NA	FALSE	NA	NA	NA	NA	Human
SRR15835136	human metagenome	Human	medium	NA	NA	FALSE	NA	NA	NA	NA	Human
SRR15835146	human metagenome	Human	medium	NA	NA	FALSE	NA	NA	NA	NA	Human
SRR15835150	human metagenome	Human	medium	NA	NA	FALSE	NA	NA	NA	NA	Human
SRR15835153	human metagenome	Human	medium	NA	NA	FALSE	NA	NA	NA	NA	Human
SRR15835157	human metagenome	Human	medium	NA	NA	FALSE	NA	NA	NA	NA	Human
SRR15835187	human metagenome	Human	medium	NA	NA	FALSE	NA	NA	NA	NA	Human
SRR15835191	human metagenome	Human	medium	NA	NA	FALSE	NA	NA	NA	NA	Human
SRR15835192	human metagenome	Human	medium	NA	NA	FALSE	NA	NA	NA	NA	Human
SRR15835215	human metagenome	Human	medium	NA	NA	FALSE	NA	NA	NA	NA	Human
SRR15835219	human metagenome	Human	medium	NA	NA	FALSE	NA	NA	NA	NA	Human
SRR15835230	human metagenome	Human	medium	NA	NA	FALSE	NA	NA	NA	NA	Human
SRR15835240	human metagenome	Human	medium	NA	NA	FALSE	NA	NA	NA	NA	Human
SRR15835242	human metagenome	Human	medium	NA	NA	FALSE	NA	NA	NA	NA	Human
SRR15835243	human metagenome	Human	medium	NA	NA	FALSE	NA	NA	NA	NA	Human
SRR15835249	human metagenome	Human	medium	NA	NA	FALSE	NA	NA	NA	NA	Human
SRR15835250	human metagenome	Human	medium	NA	NA	FALSE	NA	NA	NA	NA	Human
SRR15835252	human metagenome	Human	medium	NA	NA	FALSE	NA	NA	NA	NA	Human
SRR15835253	human metagenome	Human	medium	NA	NA	FALSE	NA	NA	NA	NA	Human
SRR15835254	human metagenome	Human	medium	NA	NA	FALSE	NA	NA	NA	NA	Human
SRR15835255	human metagenome	Human	medium	NA	NA	FALSE	NA	NA	NA	NA	Human
SRR15835256	human metagenome	Human	medium	NA	NA	FALSE	NA	NA	NA	NA	Human
SRR15835287	human metagenome	Human	medium	NA	NA	FALSE	NA	NA	NA	NA	Human
SRR15835298	human metagenome	Human	medium	NA	NA	FALSE	NA	NA	NA	NA	Human
SRR15835310	human metagenome	Human	medium	NA	NA	FALSE	NA	NA	NA	NA	Human
SRR15835311	human metagenome	Human	medium	NA	NA	FALSE	NA	NA	NA	NA	Human
SRR15835323	human metagenome	Human	medium	NA	NA	FALSE	NA	NA	NA	NA	Human
SRR15835324	human metagenome	Human	medium	NA	NA	FALSE	NA	NA	NA	NA	Human
SRR15835336	human metagenome	Human	medium	NA	NA	FALSE	NA	NA	NA	NA	Human
SRR27078556	metagenome	Human	manual	NA	NA	TRUE	NA	NA	NA	NA	Other
SRR15899322	human skin metagenome	Human	medium	NA	NA	FALSE	NA	NA	NA	NA	Human
SRR15899333	human skin metagenome	Human	medium	NA	NA	FALSE	NA	NA	NA	NA	Human
SRR15899339	human skin metagenome	Human	medium	NA	NA	FALSE	NA	NA	NA	NA	Human
SRR15899359	human skin metagenome	Human	medium	NA	NA	FALSE	NA	NA	NA	NA	Human
SRR15899382	human skin metagenome	Human	medium	NA	NA	FALSE	NA	NA	NA	NA	Human
SRR15899409	human skin metagenome	Human	medium	NA	NA	FALSE	NA	NA	NA	NA	Human
SRR15899462	human skin metagenome	Human	medium	NA	NA	FALSE	NA	NA	NA	NA	Human
SRR15899491	human skin metagenome	Human	medium	NA	NA	FALSE	NA	NA	NA	NA	Human
SRR15899492	human skin metagenome	Human	medium	NA	NA	FALSE	NA	NA	NA	NA	Human
SRR15899493	human skin metagenome	Human	medium	NA	NA	FALSE	NA	NA	NA	NA	Human
SRR15899499	human skin metagenome	Human	medium	NA	NA	FALSE	NA	NA	NA	NA	Human
SRR15899504	human skin metagenome	Human	medium	NA	NA	FALSE	NA	NA	NA	NA	Human
SRR15899537	human skin metagenome	Human	medium	NA	NA	FALSE	NA	NA	NA	NA	Human
SRR15899547	human skin metagenome	Human	medium	NA	NA	FALSE	NA	NA	NA	NA	Human
SRR15899552	human skin metagenome	Human	medium	NA	NA	FALSE	NA	NA	NA	NA	Human
SRR15899560	human skin metagenome	Human	medium	NA	NA	FALSE	NA	NA	NA	NA	Human
SRR15899567	human skin metagenome	Human	medium	NA	NA	FALSE	NA	NA	NA	NA	Human
SRR15899568	human skin metagenome	Human	medium	NA	NA	FALSE	NA	NA	NA	NA	Human
SRR15899572	human skin metagenome	Human	medium	NA	NA	FALSE	NA	NA	NA	NA	Human
SRR15899578	human skin metagenome	Human	medium	NA	NA	FALSE	NA	NA	NA	NA	Human
SRR15899579	human skin metagenome	Human	medium	NA	NA	FALSE	NA	NA	NA	NA	Human
SRR15899600	human skin metagenome	Human	medium	NA	NA	FALSE	NA	NA	NA	NA	Human
SRR15899601	human skin metagenome	Human	medium	NA	NA	FALSE	NA	NA	NA	NA	Human
SRR15899605	human skin metagenome	Human	medium	NA	NA	FALSE	NA	NA	NA	NA	Human
SRR27078557	metagenome	Human	manual	NA	NA	TRUE	NA	NA	NA	NA	Other
SRR15964072	Homo sapiens	Human	high	NA	NA	FALSE	NA	NA	NA	NA	Human
SRR15989768	marine metagenome	Metagenome	manual	NA	Metagenome	FALSE	NA	NA	NA	NA	Metagenome
SRR15989772	marine metagenome	Metagenome	manual	NA	Metagenome	FALSE	NA	NA	NA	NA	Metagenome
SRR16013061	Homo sapiens	Human	high	NA	NA	FALSE	NA	NA	NA	NA	Human
SRR27078561	metagenome	Human	manual	NA	NA	TRUE	NA	NA	NA	NA	Other
SRR27078583	metagenome	Human	manual	NA	NA	TRUE	NA	NA	NA	NA	Other
SRR16020839	gut metagenome	Bovine	medium	yak	NA	FALSE	NA	NA	NA	NA	Bovine
SRR16020850	gut metagenome	Bovine	medium	yak	NA	FALSE	NA	NA	NA	NA	Bovine
SRR16020861	gut metagenome	Bovine	medium	yak	NA	FALSE	NA	NA	NA	NA	Bovine
SRR16020862	gut metagenome	Bovine	medium	yak	NA	FALSE	NA	NA	NA	NA	Bovine
SRR16020863	gut metagenome	Bovine	medium	yak	NA	FALSE	NA	NA	NA	NA	Bovine
SRR16020864	gut metagenome	Bovine	medium	yak	NA	FALSE	NA	NA	NA	NA	Bovine
SRR27078585	metagenome	Human	manual	NA	NA	TRUE	NA	NA	NA	NA	Other
SRR27078594	metagenome	Human	manual	NA	NA	TRUE	NA	NA	NA	NA	Other
SRR27078595	metagenome	Human	manual	NA	NA	TRUE	NA	NA	NA	NA	Other
SRR16054167	human gut metagenome	Human	medium	NA	NA	FALSE	NA	NA	NA	NA	Human
SRR16054170	human gut metagenome	Human	medium	NA	NA	FALSE	NA	NA	NA	NA	Human
SRR16054191	human gut metagenome	Human	medium	NA	NA	FALSE	NA	NA	NA	NA	Human
SRR16054203	human gut metagenome	Human	medium	NA	NA	FALSE	NA	NA	NA	NA	Human
SRR16054209	human gut metagenome	Human	medium	NA	NA	FALSE	NA	NA	NA	NA	Human
SRR16054219	human gut metagenome	Human	medium	NA	NA	FALSE	NA	NA	NA	NA	Human
SRR16054225	human gut metagenome	Human	medium	NA	NA	FALSE	NA	NA	NA	NA	Human
SRR27078601	metagenome	Human	manual	NA	NA	TRUE	NA	NA	NA	NA	Other
SRR16088676	human reproductive system metagenome	Human	medium	NA	NA	FALSE	NA	NA	NA	NA	Human
SRR16088688	human reproductive system metagenome	Human	medium	NA	NA	FALSE	NA	NA	NA	NA	Human
SRR27078608	metagenome	Human	manual	NA	NA	TRUE	NA	NA	NA	NA	Other
SRR1609139	Homo sapiens	Human	high	NA	NA	FALSE	NA	NA	NA	NA	Human
SRR1609142	Homo sapiens	Human	high	NA	NA	FALSE	NA	NA	NA	NA	Human
SRR1609143	Homo sapiens	Human	high	NA	NA	FALSE	NA	NA	NA	NA	Human
SRR1609144	Homo sapiens	Human	high	NA	NA	FALSE	NA	NA	NA	NA	Human
SRR1609145	Homo sapiens	Human	high	NA	NA	FALSE	NA	NA	NA	NA	Human
SRR27078609	metagenome	Human	manual	NA	NA	TRUE	NA	NA	NA	NA	Other
SRR27078610	metagenome	Human	manual	NA	NA	TRUE	NA	NA	NA	NA	Other
SRR27078611	metagenome	Human	manual	NA	NA	TRUE	NA	NA	NA	NA	Other
SRR1609907	Homo sapiens	Human	high	NA	NA	FALSE	NA	NA	NA	NA	Human
SRR1609909	Homo sapiens	Human	high	NA	NA	FALSE	NA	NA	NA	NA	Human
SRR1610994	Homo sapiens	Human	high	NA	NA	FALSE	NA	NA	NA	NA	Human
SRR1610998	Homo sapiens	Human	high	NA	NA	FALSE	NA	NA	NA	NA	Human
SRR1610999	Homo sapiens	Human	high	NA	NA	FALSE	NA	NA	NA	NA	Human
SRR1611000	Homo sapiens	Human	high	NA	NA	FALSE	NA	NA	NA	NA	Human
SRR1611001	Homo sapiens	Human	high	NA	NA	FALSE	NA	NA	NA	NA	Human
SRR1611002	Homo sapiens	Human	high	NA	NA	FALSE	NA	NA	NA	NA	Human
SRR1611003	Homo sapiens	Human	high	NA	NA	FALSE	NA	NA	NA	NA	Human
SRR1611005	Homo sapiens	Human	high	NA	NA	FALSE	NA	NA	NA	NA	Human
SRR1611006	Homo sapiens	Human	high	NA	NA	FALSE	NA	NA	NA	NA	Human
SRR1611007	Homo sapiens	Human	high	NA	NA	FALSE	NA	NA	NA	NA	Human
SRR1611008	Homo sapiens	Human	high	NA	NA	FALSE	NA	NA	NA	NA	Human
SRR1611009	Homo sapiens	Human	high	NA	NA	FALSE	NA	NA	NA	NA	Human
SRR1611010	Homo sapiens	Human	high	NA	NA	FALSE	NA	NA	NA	NA	Human
SRR1611011	Homo sapiens	Human	high	NA	NA	FALSE	NA	NA	NA	NA	Human
SRR1611012	Homo sapiens	Human	high	NA	NA	FALSE	NA	NA	NA	NA	Human
SRR1611015	Homo sapiens	Human	high	NA	NA	FALSE	NA	NA	NA	NA	Human
SRR1611016	Homo sapiens	Human	high	NA	NA	FALSE	NA	NA	NA	NA	Human
SRR1611017	Homo sapiens	Human	high	NA	NA	FALSE	NA	NA	NA	NA	Human
SRR1611018	Homo sapiens	Human	high	NA	NA	FALSE	NA	NA	NA	NA	Human
SRR1611019	Homo sapiens	Human	high	NA	NA	FALSE	NA	NA	NA	NA	Human
SRR1611020	Homo sapiens	Human	high	NA	NA	FALSE	NA	NA	NA	NA	Human
SRR1611021	Homo sapiens	Human	high	NA	NA	FALSE	NA	NA	NA	NA	Human
SRR1611022	Homo sapiens	Human	high	NA	NA	FALSE	NA	NA	NA	NA	Human
SRR1611023	Homo sapiens	Human	high	NA	NA	FALSE	NA	NA	NA	NA	Human
SRR1611025	Homo sapiens	Human	high	NA	NA	FALSE	NA	NA	NA	NA	Human
SRR1611026	Homo sapiens	Human	high	NA	NA	FALSE	NA	NA	NA	NA	Human
SRR1611027	Homo sapiens	Human	high	NA	NA	FALSE	NA	NA	NA	NA	Human
SRR1611028	Homo sapiens	Human	high	NA	NA	FALSE	NA	NA	NA	NA	Human
SRR1611029	Homo sapiens	Human	high	NA	NA	FALSE	NA	NA	NA	NA	Human
SRR1611030	Homo sapiens	Human	high	NA	NA	FALSE	NA	NA	NA	NA	Human
SRR1611031	Homo sapiens	Human	high	NA	NA	FALSE	NA	NA	NA	NA	Human
SRR1611032	Homo sapiens	Human	high	NA	NA	FALSE	NA	NA	NA	NA	Human
SRR1611034	Homo sapiens	Human	high	NA	NA	FALSE	NA	NA	NA	NA	Human
SRR1611035	Homo sapiens	Human	high	NA	NA	FALSE	NA	NA	NA	NA	Human
SRR1611036	Homo sapiens	Human	high	NA	NA	FALSE	NA	NA	NA	NA	Human
SRR1611037	Homo sapiens	Human	high	NA	NA	FALSE	NA	NA	NA	NA	Human
SRR1611038	Homo sapiens	Human	high	NA	NA	FALSE	NA	NA	NA	NA	Human
SRR1611039	Homo sapiens	Human	high	NA	NA	FALSE	NA	NA	NA	NA	Human
SRR1611040	Homo sapiens	Human	high	NA	NA	FALSE	NA	NA	NA	NA	Human
SRR1611041	Homo sapiens	Human	high	NA	NA	FALSE	NA	NA	NA	NA	Human
SRR1611042	Homo sapiens	Human	high	NA	NA	FALSE	NA	NA	NA	NA	Human
SRR1611043	Homo sapiens	Human	high	NA	NA	FALSE	NA	NA	NA	NA	Human
SRR1611044	Homo sapiens	Human	high	NA	NA	FALSE	NA	NA	NA	NA	Human
SRR1611045	Homo sapiens	Human	high	NA	NA	FALSE	NA	NA	NA	NA	Human
SRR1611046	Homo sapiens	Human	high	NA	NA	FALSE	NA	NA	NA	NA	Human
SRR1611048	Homo sapiens	Human	high	NA	NA	FALSE	NA	NA	NA	NA	Human
SRR1611049	Homo sapiens	Human	high	NA	NA	FALSE	NA	NA	NA	NA	Human
SRR1611056	Homo sapiens	Human	high	NA	NA	FALSE	NA	NA	NA	NA	Human
SRR1611057	Homo sapiens	Human	high	NA	NA	FALSE	NA	NA	NA	NA	Human
SRR1611059	Homo sapiens	Human	high	NA	NA	FALSE	NA	NA	NA	NA	Human
SRR1611060	Homo sapiens	Human	high	NA	NA	FALSE	NA	NA	NA	NA	Human
SRR1611061	Homo sapiens	Human	high	NA	NA	FALSE	NA	NA	NA	NA	Human
SRR1611062	Homo sapiens	Human	high	NA	NA	FALSE	NA	NA	NA	NA	Human
SRR1611064	Homo sapiens	Human	high	NA	NA	FALSE	NA	NA	NA	NA	Human
SRR1611065	Homo sapiens	Human	high	NA	NA	FALSE	NA	NA	NA	NA	Human
SRR1611066	Homo sapiens	Human	high	NA	NA	FALSE	NA	NA	NA	NA	Human
SRR1611068	Homo sapiens	Human	high	NA	NA	FALSE	NA	NA	NA	NA	Human
SRR1611069	Homo sapiens	Human	high	NA	NA	FALSE	NA	NA	NA	NA	Human
SRR1611070	Homo sapiens	Human	high	NA	NA	FALSE	NA	NA	NA	NA	Human
SRR1611071	Homo sapiens	Human	high	NA	NA	FALSE	NA	NA	NA	NA	Human
SRR1611072	Homo sapiens	Human	high	NA	NA	FALSE	NA	NA	NA	NA	Human
SRR1611073	Homo sapiens	Human	high	NA	NA	FALSE	NA	NA	NA	NA	Human
SRR1611074	Homo sapiens	Human	high	NA	NA	FALSE	NA	NA	NA	NA	Human
SRR1611076	Homo sapiens	Human	high	NA	NA	FALSE	NA	NA	NA	NA	Human
SRR1611077	Homo sapiens	Human	high	NA	NA	FALSE	NA	NA	NA	NA	Human
SRR1611078	Homo sapiens	Human	high	NA	NA	FALSE	NA	NA	NA	NA	Human
SRR1611079	Homo sapiens	Human	high	NA	NA	FALSE	NA	NA	NA	NA	Human
SRR1611081	Homo sapiens	Human	high	NA	NA	FALSE	NA	NA	NA	NA	Human
SRR1611082	Homo sapiens	Human	high	NA	NA	FALSE	NA	NA	NA	NA	Human
SRR1611083	Homo sapiens	Human	high	NA	NA	FALSE	NA	NA	NA	NA	Human
SRR1611084	Homo sapiens	Human	high	NA	NA	FALSE	NA	NA	NA	NA	Human
SRR1611085	Homo sapiens	Human	high	NA	NA	FALSE	NA	NA	NA	NA	Human
SRR1611086	Homo sapiens	Human	high	NA	NA	FALSE	NA	NA	NA	NA	Human
SRR1611087	Homo sapiens	Human	high	NA	NA	FALSE	NA	NA	NA	NA	Human
SRR1611089	Homo sapiens	Human	high	NA	NA	FALSE	NA	NA	NA	NA	Human
SRR1611091	Homo sapiens	Human	high	NA	NA	FALSE	NA	NA	NA	NA	Human
SRR1611094	Homo sapiens	Human	high	NA	NA	FALSE	NA	NA	NA	NA	Human
SRR1611095	Homo sapiens	Human	high	NA	NA	FALSE	NA	NA	NA	NA	Human
SRR1611096	Homo sapiens	Human	high	NA	NA	FALSE	NA	NA	NA	NA	Human
SRR1611097	Homo sapiens	Human	high	NA	NA	FALSE	NA	NA	NA	NA	Human
SRR1611098	Homo sapiens	Human	high	NA	NA	FALSE	NA	NA	NA	NA	Human
SRR1611099	Homo sapiens	Human	high	NA	NA	FALSE	NA	NA	NA	NA	Human
SRR1611101	Homo sapiens	Human	high	NA	NA	FALSE	NA	NA	NA	NA	Human
SRR1611104	Homo sapiens	Human	high	NA	NA	FALSE	NA	NA	NA	NA	Human
SRR1611106	Homo sapiens	Human	high	NA	NA	FALSE	NA	NA	NA	NA	Human
SRR1611107	Homo sapiens	Human	high	NA	NA	FALSE	NA	NA	NA	NA	Human
SRR1611108	Homo sapiens	Human	high	NA	NA	FALSE	NA	NA	NA	NA	Human
SRR1611110	Homo sapiens	Human	high	NA	NA	FALSE	NA	NA	NA	NA	Human
SRR1611111	Homo sapiens	Human	high	NA	NA	FALSE	NA	NA	NA	NA	Human
SRR1611112	Homo sapiens	Human	high	NA	NA	FALSE	NA	NA	NA	NA	Human
SRR1611113	Homo sapiens	Human	high	NA	NA	FALSE	NA	NA	NA	NA	Human
SRR1611114	Homo sapiens	Human	high	NA	NA	FALSE	NA	NA	NA	NA	Human
SRR1611115	Homo sapiens	Human	high	NA	NA	FALSE	NA	NA	NA	NA	Human
SRR1611116	Homo sapiens	Human	high	NA	NA	FALSE	NA	NA	NA	NA	Human
SRR1611117	Homo sapiens	Human	high	NA	NA	FALSE	NA	NA	NA	NA	Human
SRR1611118	Homo sapiens	Human	high	NA	NA	FALSE	NA	NA	NA	NA	Human
SRR1611119	Homo sapiens	Human	high	NA	NA	FALSE	NA	NA	NA	NA	Human
SRR1611120	Homo sapiens	Human	high	NA	NA	FALSE	NA	NA	NA	NA	Human
SRR1611121	Homo sapiens	Human	high	NA	NA	FALSE	NA	NA	NA	NA	Human
SRR1611123	Homo sapiens	Human	high	NA	NA	FALSE	NA	NA	NA	NA	Human
SRR1611124	Homo sapiens	Human	high	NA	NA	FALSE	NA	NA	NA	NA	Human
SRR1611125	Homo sapiens	Human	high	NA	NA	FALSE	NA	NA	NA	NA	Human
SRR1611126	Homo sapiens	Human	high	NA	NA	FALSE	NA	NA	NA	NA	Human
SRR1611127	Homo sapiens	Human	high	NA	NA	FALSE	NA	NA	NA	NA	Human
SRR16126701	human reproductive system metagenome	Human	medium	NA	NA	FALSE	NA	NA	NA	NA	Human
SRR16126702	human reproductive system metagenome	Human	medium	NA	NA	FALSE	NA	NA	NA	NA	Human
SRR16126704	human reproductive system metagenome	Human	medium	NA	NA	FALSE	NA	NA	NA	NA	Human
SRR16126705	human reproductive system metagenome	Human	medium	NA	NA	FALSE	NA	NA	NA	NA	Human
SRR16126707	human reproductive system metagenome	Human	medium	NA	NA	FALSE	NA	NA	NA	NA	Human
SRR16126709	human reproductive system metagenome	Human	medium	NA	NA	FALSE	NA	NA	NA	NA	Human
SRR16126713	human reproductive system metagenome	Human	medium	NA	NA	FALSE	NA	NA	NA	NA	Human
SRR16126716	human reproductive system metagenome	Human	medium	NA	NA	FALSE	NA	NA	NA	NA	Human
SRR16126734	human reproductive system metagenome	Human	medium	NA	NA	FALSE	NA	NA	NA	NA	Human
SRR16126735	human reproductive system metagenome	Human	medium	NA	NA	FALSE	NA	NA	NA	NA	Human
SRR16126738	human reproductive system metagenome	Human	medium	NA	NA	FALSE	NA	NA	NA	NA	Human
SRR16126754	human reproductive system metagenome	Human	medium	NA	NA	FALSE	NA	NA	NA	NA	Human
SRR1619462	Deltapapillomavirus 4	Bovine	medium	NA	NA	FALSE	NA	NA	NA	NA	Bovine
SRR1620023	human skin metagenome	Human	medium	NA	NA	FALSE	NA	NA	NA	NA	Human
SRR1620999	human skin metagenome	Human	medium	NA	NA	FALSE	NA	NA	NA	NA	Human
SRR1622805	human skin metagenome	Human	medium	NA	NA	FALSE	NA	NA	NA	NA	Human
SRR1622825	human skin metagenome	Human	medium	NA	NA	FALSE	NA	NA	NA	NA	Human
SRR1622826	human skin metagenome	Human	medium	NA	NA	FALSE	NA	NA	NA	NA	Human
SRR1622844	human skin metagenome	Human	medium	NA	NA	FALSE	NA	NA	NA	NA	Human
SRR1622850	human skin metagenome	Human	medium	NA	NA	FALSE	NA	NA	NA	NA	Human
SRR1622853	human skin metagenome	Human	medium	NA	NA	FALSE	NA	NA	NA	NA	Human
SRR1622861	human skin metagenome	Human	medium	NA	NA	FALSE	NA	NA	NA	NA	Human
SRR1622873	human skin metagenome	Human	medium	NA	NA	FALSE	NA	NA	NA	NA	Human
SRR1622874	human skin metagenome	Human	medium	NA	NA	FALSE	NA	NA	NA	NA	Human
SRR1622885	human skin metagenome	Human	medium	NA	NA	FALSE	NA	NA	NA	NA	Human
SRR1622886	human skin metagenome	Human	medium	NA	NA	FALSE	NA	NA	NA	NA	Human
SRR1622892	human skin metagenome	Human	medium	NA	NA	FALSE	NA	NA	NA	NA	Human
SRR1622893	human skin metagenome	Human	medium	NA	NA	FALSE	NA	NA	NA	NA	Human
SRR1622895	human skin metagenome	Human	medium	NA	NA	FALSE	NA	NA	NA	NA	Human
SRR1622899	human skin metagenome	Human	medium	NA	NA	FALSE	NA	NA	NA	NA	Human
SRR1622900	human skin metagenome	Human	medium	NA	NA	FALSE	NA	NA	NA	NA	Human
SRR1622901	human skin metagenome	Human	medium	NA	NA	FALSE	NA	NA	NA	NA	Human
SRR1622904	human skin metagenome	Human	medium	NA	NA	FALSE	NA	NA	NA	NA	Human
SRR1622905	human skin metagenome	Human	medium	NA	NA	FALSE	NA	NA	NA	NA	Human
SRR1622906	human skin metagenome	Human	medium	NA	NA	FALSE	NA	NA	NA	NA	Human
SRR1622907	human skin metagenome	Human	medium	NA	NA	FALSE	NA	NA	NA	NA	Human
SRR1622914	human skin metagenome	Human	medium	NA	NA	FALSE	NA	NA	NA	NA	Human
SRR1622915	human skin metagenome	Human	medium	NA	NA	FALSE	NA	NA	NA	NA	Human
SRR1622928	human skin metagenome	Human	medium	NA	NA	FALSE	NA	NA	NA	NA	Human
SRR1622929	human skin metagenome	Human	medium	NA	NA	FALSE	NA	NA	NA	NA	Human
SRR16229834	Homo sapiens	Human	high	NA	NA	FALSE	NA	NA	NA	NA	Human
SRR16229835	Homo sapiens	Human	high	NA	NA	FALSE	NA	NA	NA	NA	Human
SRR1624816	human skin metagenome	Human	medium	NA	NA	FALSE	NA	NA	NA	NA	Human
SRR1624817	human skin metagenome	Human	medium	NA	NA	FALSE	NA	NA	NA	NA	Human
SRR1624818	human skin metagenome	Human	medium	NA	NA	FALSE	NA	NA	NA	NA	Human
SRR1624838	human skin metagenome	Human	medium	NA	NA	FALSE	NA	NA	NA	NA	Human
SRR1624843	human skin metagenome	Human	medium	NA	NA	FALSE	NA	NA	NA	NA	Human
SRR1624844	human skin metagenome	Human	medium	NA	NA	FALSE	NA	NA	NA	NA	Human
SRR1624845	human skin metagenome	Human	medium	NA	NA	FALSE	NA	NA	NA	NA	Human
SRR16268598	Hypophthalmichthys nobilis	Ray-finned Fish	high	NA	NA	FALSE	NA	NA	NA	NA	Ray-finned Fish
SRR1630961	human skin metagenome	Human	medium	NA	NA	FALSE	NA	NA	NA	NA	Human
SRR1630962	human skin metagenome	Human	medium	NA	NA	FALSE	NA	NA	NA	NA	Human
SRR1630963	human skin metagenome	Human	medium	NA	NA	FALSE	NA	NA	NA	NA	Human
SRR1630964	human skin metagenome	Human	medium	NA	NA	FALSE	NA	NA	NA	NA	Human
SRR1630965	human skin metagenome	Human	medium	NA	NA	FALSE	NA	NA	NA	NA	Human
SRR1630966	human skin metagenome	Human	medium	NA	NA	FALSE	NA	NA	NA	NA	Human
SRR1630967	human skin metagenome	Human	medium	NA	NA	FALSE	NA	NA	NA	NA	Human
SRR1630968	human skin metagenome	Human	medium	NA	NA	FALSE	NA	NA	NA	NA	Human
SRR1630969	human skin metagenome	Human	medium	NA	NA	FALSE	NA	NA	NA	NA	Human
SRR1630976	human skin metagenome	Human	medium	NA	NA	FALSE	NA	NA	NA	NA	Human
SRR1631244	human skin metagenome	Human	medium	NA	NA	FALSE	NA	NA	NA	NA	Human
SRR1631245	human skin metagenome	Human	medium	NA	NA	FALSE	NA	NA	NA	NA	Human
SRR1631246	human skin metagenome	Human	medium	NA	NA	FALSE	NA	NA	NA	NA	Human
SRR1631247	human skin metagenome	Human	medium	NA	NA	FALSE	NA	NA	NA	NA	Human
SRR1631248	human skin metagenome	Human	medium	NA	NA	FALSE	NA	NA	NA	NA	Human
SRR1631249	human skin metagenome	Human	medium	NA	NA	FALSE	NA	NA	NA	NA	Human
SRR1631288	human skin metagenome	Human	medium	NA	NA	FALSE	NA	NA	NA	NA	Human
SRR1631289	human skin metagenome	Human	medium	NA	NA	FALSE	NA	NA	NA	NA	Human
SRR1631290	human skin metagenome	Human	medium	NA	NA	FALSE	NA	NA	NA	NA	Human
SRR1631291	human skin metagenome	Human	medium	NA	NA	FALSE	NA	NA	NA	NA	Human
SRR1631292	human skin metagenome	Human	medium	NA	NA	FALSE	NA	NA	NA	NA	Human
SRR1631293	human skin metagenome	Human	medium	NA	NA	FALSE	NA	NA	NA	NA	Human
SRR1631366	human skin metagenome	Human	medium	NA	NA	FALSE	NA	NA	NA	NA	Human
SRR1631367	human skin metagenome	Human	medium	NA	NA	FALSE	NA	NA	NA	NA	Human
SRR1631368	human skin metagenome	Human	medium	NA	NA	FALSE	NA	NA	NA	NA	Human
SRR1631369	human skin metagenome	Human	medium	NA	NA	FALSE	NA	NA	NA	NA	Human
SRR1631370	human skin metagenome	Human	medium	NA	NA	FALSE	NA	NA	NA	NA	Human
SRR1631371	human skin metagenome	Human	medium	NA	NA	FALSE	NA	NA	NA	NA	Human
SRR1631372	human skin metagenome	Human	medium	NA	NA	FALSE	NA	NA	NA	NA	Human
SRR1631373	human skin metagenome	Human	medium	NA	NA	FALSE	NA	NA	NA	NA	Human
SRR1631374	human skin metagenome	Human	medium	NA	NA	FALSE	NA	NA	NA	NA	Human
SRR1631375	human skin metagenome	Human	medium	NA	NA	FALSE	NA	NA	NA	NA	Human
SRR1631376	human skin metagenome	Human	medium	NA	NA	FALSE	NA	NA	NA	NA	Human
SRR1631377	human skin metagenome	Human	medium	NA	NA	FALSE	NA	NA	NA	NA	Human
SRR1631391	human skin metagenome	Human	medium	NA	NA	FALSE	NA	NA	NA	NA	Human
SRR1631392	human skin metagenome	Human	medium	NA	NA	FALSE	NA	NA	NA	NA	Human
SRR1631393	human skin metagenome	Human	medium	NA	NA	FALSE	NA	NA	NA	NA	Human
SRR1631394	human skin metagenome	Human	medium	NA	NA	FALSE	NA	NA	NA	NA	Human
SRR1631395	human skin metagenome	Human	medium	NA	NA	FALSE	NA	NA	NA	NA	Human
SRR1631396	human skin metagenome	Human	medium	NA	NA	FALSE	NA	NA	NA	NA	Human
SRR1631480	human skin metagenome	Human	medium	NA	NA	FALSE	NA	NA	NA	NA	Human
SRR1631481	human skin metagenome	Human	medium	NA	NA	FALSE	NA	NA	NA	NA	Human
SRR1631482	human skin metagenome	Human	medium	NA	NA	FALSE	NA	NA	NA	NA	Human
SRR1631483	human skin metagenome	Human	medium	NA	NA	FALSE	NA	NA	NA	NA	Human
SRR1631518	human skin metagenome	Human	medium	NA	NA	FALSE	NA	NA	NA	NA	Human
SRR1631519	human skin metagenome	Human	medium	NA	NA	FALSE	NA	NA	NA	NA	Human
SRR1631520	human skin metagenome	Human	medium	NA	NA	FALSE	NA	NA	NA	NA	Human
SRR1631521	human skin metagenome	Human	medium	NA	NA	FALSE	NA	NA	NA	NA	Human
SRR1631522	human skin metagenome	Human	medium	NA	NA	FALSE	NA	NA	NA	NA	Human
SRR1631523	human skin metagenome	Human	medium	NA	NA	FALSE	NA	NA	NA	NA	Human
SRR1631524	human skin metagenome	Human	medium	NA	NA	FALSE	NA	NA	NA	NA	Human
SRR1632379	human skin metagenome	Human	medium	NA	NA	FALSE	NA	NA	NA	NA	Human
SRR1632380	human skin metagenome	Human	medium	NA	NA	FALSE	NA	NA	NA	NA	Human
SRR1632381	human skin metagenome	Human	medium	NA	NA	FALSE	NA	NA	NA	NA	Human
SRR1632382	human skin metagenome	Human	medium	NA	NA	FALSE	NA	NA	NA	NA	Human
SRR1632383	human skin metagenome	Human	medium	NA	NA	FALSE	NA	NA	NA	NA	Human
SRR1632384	human skin metagenome	Human	medium	NA	NA	FALSE	NA	NA	NA	NA	Human
SRR1632437	human skin metagenome	Human	medium	NA	NA	FALSE	NA	NA	NA	NA	Human
SRR1632438	human skin metagenome	Human	medium	NA	NA	FALSE	NA	NA	NA	NA	Human
SRR1632439	human skin metagenome	Human	medium	NA	NA	FALSE	NA	NA	NA	NA	Human
SRR1632440	human skin metagenome	Human	medium	NA	NA	FALSE	NA	NA	NA	NA	Human
SRR1632441	human skin metagenome	Human	medium	NA	NA	FALSE	NA	NA	NA	NA	Human
SRR1632442	human skin metagenome	Human	medium	NA	NA	FALSE	NA	NA	NA	NA	Human
SRR1632443	human skin metagenome	Human	medium	NA	NA	FALSE	NA	NA	NA	NA	Human
SRR1632444	human skin metagenome	Human	medium	NA	NA	FALSE	NA	NA	NA	NA	Human
SRR1632445	human skin metagenome	Human	medium	NA	NA	FALSE	NA	NA	NA	NA	Human
SRR1632446	human skin metagenome	Human	medium	NA	NA	FALSE	NA	NA	NA	NA	Human
SRR1632447	human skin metagenome	Human	medium	NA	NA	FALSE	NA	NA	NA	NA	Human
SRR1632448	human skin metagenome	Human	medium	NA	NA	FALSE	NA	NA	NA	NA	Human
SRR1632449	human skin metagenome	Human	medium	NA	NA	FALSE	NA	NA	NA	NA	Human
SRR1632450	human skin metagenome	Human	medium	NA	NA	FALSE	NA	NA	NA	NA	Human
SRR1632817	human skin metagenome	Human	medium	NA	NA	FALSE	NA	NA	NA	NA	Human
SRR1632995	human skin metagenome	Human	medium	NA	NA	FALSE	NA	NA	NA	NA	Human
SRR1632996	human skin metagenome	Human	medium	NA	NA	FALSE	NA	NA	NA	NA	Human
SRR1632997	human skin metagenome	Human	medium	NA	NA	FALSE	NA	NA	NA	NA	Human
SRR1633000	human skin metagenome	Human	medium	NA	NA	FALSE	NA	NA	NA	NA	Human
SRR1633001	human skin metagenome	Human	medium	NA	NA	FALSE	NA	NA	NA	NA	Human
SRR1633006	human skin metagenome	Human	medium	NA	NA	FALSE	NA	NA	NA	NA	Human
SRR1633012	human skin metagenome	Human	medium	NA	NA	FALSE	NA	NA	NA	NA	Human
SRR1633013	human skin metagenome	Human	medium	NA	NA	FALSE	NA	NA	NA	NA	Human
SRR1633015	human skin metagenome	Human	medium	NA	NA	FALSE	NA	NA	NA	NA	Human
SRR1633029	human skin metagenome	Human	medium	NA	NA	FALSE	NA	NA	NA	NA	Human
SRR1633030	human skin metagenome	Human	medium	NA	NA	FALSE	NA	NA	NA	NA	Human
SRR1633031	human skin metagenome	Human	medium	NA	NA	FALSE	NA	NA	NA	NA	Human
SRR1633032	human skin metagenome	Human	medium	NA	NA	FALSE	NA	NA	NA	NA	Human
SRR1633150	human skin metagenome	Human	medium	NA	NA	FALSE	NA	NA	NA	NA	Human
SRR16345072	Mus musculus	Rodent	high	NA	NA	FALSE	NA	NA	NA	NA	Rodent
SRR16368188	Homo sapiens	Human	high	NA	NA	FALSE	NA	NA	NA	NA	Human
SRR16368189	Homo sapiens	Human	high	NA	NA	FALSE	NA	NA	NA	NA	Human
SRR16368190	Homo sapiens	Human	high	NA	NA	FALSE	NA	NA	NA	NA	Human
SRR16368194	Homo sapiens	Human	high	NA	NA	FALSE	NA	NA	NA	NA	Human
SRR16368196	Homo sapiens	Human	high	NA	NA	FALSE	NA	NA	NA	NA	Human
SRR16368198	Homo sapiens	Human	high	NA	NA	FALSE	NA	NA	NA	NA	Human
SRR16368200	Homo sapiens	Human	high	NA	NA	FALSE	NA	NA	NA	NA	Human
SRR16368201	Homo sapiens	Human	high	NA	NA	FALSE	NA	NA	NA	NA	Human
SRR16368205	Homo sapiens	Human	high	NA	NA	FALSE	NA	NA	NA	NA	Human
SRR16368207	Homo sapiens	Human	high	NA	NA	FALSE	NA	NA	NA	NA	Human
SRR16368208	Homo sapiens	Human	high	NA	NA	FALSE	NA	NA	NA	NA	Human
SRR16368210	Homo sapiens	Human	high	NA	NA	FALSE	NA	NA	NA	NA	Human
SRR1639734	Homo sapiens	Human	high	NA	NA	FALSE	NA	NA	NA	NA	Human
SRR1645138	Homo sapiens	Human	high	NA	NA	FALSE	NA	NA	NA	NA	Human
SRR1646980	human skin metagenome	Human	medium	NA	NA	FALSE	NA	NA	NA	NA	Human
SRR1646992	human skin metagenome	Human	medium	NA	NA	FALSE	NA	NA	NA	NA	Human
SRR1646996	human skin metagenome	Human	medium	NA	NA	FALSE	NA	NA	NA	NA	Human
SRR1647024	human skin metagenome	Human	medium	NA	NA	FALSE	NA	NA	NA	NA	Human
SRR1647079	human skin metagenome	Human	medium	NA	NA	FALSE	NA	NA	NA	NA	Human
SRR1647091	human skin metagenome	Human	medium	NA	NA	FALSE	NA	NA	NA	NA	Human
SRR16470940	human reproductive system metagenome	Human	medium	NA	NA	FALSE	NA	NA	NA	NA	Human
SRR16470944	human reproductive system metagenome	Human	medium	NA	NA	FALSE	NA	NA	NA	NA	Human
SRR16470952	human reproductive system metagenome	Human	medium	NA	NA	FALSE	NA	NA	NA	NA	Human
SRR16470954	human reproductive system metagenome	Human	medium	NA	NA	FALSE	NA	NA	NA	NA	Human
SRR16470961	human reproductive system metagenome	Human	medium	NA	NA	FALSE	NA	NA	NA	NA	Human
SRR16470962	human reproductive system metagenome	Human	medium	NA	NA	FALSE	NA	NA	NA	NA	Human
SRR16470963	human reproductive system metagenome	Human	medium	NA	NA	FALSE	NA	NA	NA	NA	Human
SRR16470964	human reproductive system metagenome	Human	medium	NA	NA	FALSE	NA	NA	NA	NA	Human
SRR16470977	human reproductive system metagenome	Human	medium	NA	NA	FALSE	NA	NA	NA	NA	Human
SRR16470982	human reproductive system metagenome	Human	medium	NA	NA	FALSE	NA	NA	NA	NA	Human
SRR16470983	human reproductive system metagenome	Human	medium	NA	NA	FALSE	NA	NA	NA	NA	Human
SRR16470995	human reproductive system metagenome	Human	medium	NA	NA	FALSE	NA	NA	NA	NA	Human
SRR16470996	human reproductive system metagenome	Human	medium	NA	NA	FALSE	NA	NA	NA	NA	Human
SRR16471000	human reproductive system metagenome	Human	medium	NA	NA	FALSE	NA	NA	NA	NA	Human
SRR16471003	human reproductive system metagenome	Human	medium	NA	NA	FALSE	NA	NA	NA	NA	Human
SRR16471005	human reproductive system metagenome	Human	medium	NA	NA	FALSE	NA	NA	NA	NA	Human
SRR16471006	human reproductive system metagenome	Human	medium	NA	NA	FALSE	NA	NA	NA	NA	Human
SRR16471008	human reproductive system metagenome	Human	medium	NA	NA	FALSE	NA	NA	NA	NA	Human
SRR16471017	human reproductive system metagenome	Human	medium	NA	NA	FALSE	NA	NA	NA	NA	Human
SRR16471018	human reproductive system metagenome	Human	medium	NA	NA	FALSE	NA	NA	NA	NA	Human
SRR16471019	human reproductive system metagenome	Human	medium	NA	NA	FALSE	NA	NA	NA	NA	Human
SRR16471020	human reproductive system metagenome	Human	medium	NA	NA	FALSE	NA	NA	NA	NA	Human
SRR16471022	human reproductive system metagenome	Human	medium	NA	NA	FALSE	NA	NA	NA	NA	Human
SRR16471023	human reproductive system metagenome	Human	medium	NA	NA	FALSE	NA	NA	NA	NA	Human
SRR16471029	human reproductive system metagenome	Human	medium	NA	NA	FALSE	NA	NA	NA	NA	Human
SRR16471031	human reproductive system metagenome	Human	medium	NA	NA	FALSE	NA	NA	NA	NA	Human
SRR16471034	human reproductive system metagenome	Human	medium	NA	NA	FALSE	NA	NA	NA	NA	Human
SRR16471037	human reproductive system metagenome	Human	medium	NA	NA	FALSE	NA	NA	NA	NA	Human
SRR16471038	human reproductive system metagenome	Human	medium	NA	NA	FALSE	NA	NA	NA	NA	Human
SRR16471044	human reproductive system metagenome	Human	medium	NA	NA	FALSE	NA	NA	NA	NA	Human
SRR16471045	human reproductive system metagenome	Human	medium	NA	NA	FALSE	NA	NA	NA	NA	Human
SRR16471049	human reproductive system metagenome	Human	medium	NA	NA	FALSE	NA	NA	NA	NA	Human
SRR16471052	human reproductive system metagenome	Human	medium	NA	NA	FALSE	NA	NA	NA	NA	Human
SRR16471055	human reproductive system metagenome	Human	medium	NA	NA	FALSE	NA	NA	NA	NA	Human
SRR16471060	human reproductive system metagenome	Human	medium	NA	NA	FALSE	NA	NA	NA	NA	Human
SRR16471067	human reproductive system metagenome	Human	medium	NA	NA	FALSE	NA	NA	NA	NA	Human
SRR16471069	human reproductive system metagenome	Human	medium	NA	NA	FALSE	NA	NA	NA	NA	Human
SRR16471070	human reproductive system metagenome	Human	medium	NA	NA	FALSE	NA	NA	NA	NA	Human
SRR16471072	human reproductive system metagenome	Human	medium	NA	NA	FALSE	NA	NA	NA	NA	Human
SRR1647120	human skin metagenome	Human	medium	NA	NA	FALSE	NA	NA	NA	NA	Human
SRR1647127	human skin metagenome	Human	medium	NA	NA	FALSE	NA	NA	NA	NA	Human
SRR1647138	human skin metagenome	Human	medium	NA	NA	FALSE	NA	NA	NA	NA	Human
SRR1647164	human skin metagenome	Human	medium	NA	NA	FALSE	NA	NA	NA	NA	Human
SRR1647171	human skin metagenome	Human	medium	NA	NA	FALSE	NA	NA	NA	NA	Human
SRR1647185	human skin metagenome	Human	medium	NA	NA	FALSE	NA	NA	NA	NA	Human
SRR1647196	human skin metagenome	Human	medium	NA	NA	FALSE	NA	NA	NA	NA	Human
SRR1647216	human skin metagenome	Human	medium	NA	NA	FALSE	NA	NA	NA	NA	Human
SRR1647217	human skin metagenome	Human	medium	NA	NA	FALSE	NA	NA	NA	NA	Human
SRR1647218	human skin metagenome	Human	medium	NA	NA	FALSE	NA	NA	NA	NA	Human
SRR1647234	human skin metagenome	Human	medium	NA	NA	FALSE	NA	NA	NA	NA	Human
SRR1647334	human skin metagenome	Human	medium	NA	NA	FALSE	NA	NA	NA	NA	Human
SRR1647335	human skin metagenome	Human	medium	NA	NA	FALSE	NA	NA	NA	NA	Human
SRR1647372	human skin metagenome	Human	medium	NA	NA	FALSE	NA	NA	NA	NA	Human
SRR1647374	human skin metagenome	Human	medium	NA	NA	FALSE	NA	NA	NA	NA	Human
SRR1647426	human skin metagenome	Human	medium	NA	NA	FALSE	NA	NA	NA	NA	Human
SRR1647438	human skin metagenome	Human	medium	NA	NA	FALSE	NA	NA	NA	NA	Human
SRR1647444	human skin metagenome	Human	medium	NA	NA	FALSE	NA	NA	NA	NA	Human
SRR1647448	human skin metagenome	Human	medium	NA	NA	FALSE	NA	NA	NA	NA	Human
SRR1647460	human skin metagenome	Human	medium	NA	NA	FALSE	NA	NA	NA	NA	Human
SRR1647482	human skin metagenome	Human	medium	NA	NA	FALSE	NA	NA	NA	NA	Human
SRR1647500	human skin metagenome	Human	medium	NA	NA	FALSE	NA	NA	NA	NA	Human
SRR1647505	human skin metagenome	Human	medium	NA	NA	FALSE	NA	NA	NA	NA	Human
SRR1647525	human skin metagenome	Human	medium	NA	NA	FALSE	NA	NA	NA	NA	Human
SRR1647528	human skin metagenome	Human	medium	NA	NA	FALSE	NA	NA	NA	NA	Human
SRR1647535	human skin metagenome	Human	medium	NA	NA	FALSE	NA	NA	NA	NA	Human
SRR1647547	human skin metagenome	Human	medium	NA	NA	FALSE	NA	NA	NA	NA	Human
SRR1647587	human skin metagenome	Human	medium	NA	NA	FALSE	NA	NA	NA	NA	Human
SRR1647600	human skin metagenome	Human	medium	NA	NA	FALSE	NA	NA	NA	NA	Human
SRR1647602	human skin metagenome	Human	medium	NA	NA	FALSE	NA	NA	NA	NA	Human
SRR1647619	human skin metagenome	Human	medium	NA	NA	FALSE	NA	NA	NA	NA	Human
SRR16480785	Human rhinovirus sp.	Human	medium	NA	NA	FALSE	NA	NA	NA	NA	Human
SRR16490902	Homo sapiens	Human	high	NA	NA	FALSE	NA	NA	NA	NA	Human
SRR1652638	Mus musculus	Rodent	high	NA	NA	FALSE	NA	NA	NA	NA	Rodent
SRR16573086	metagenome	Human	medium	Homo sapiens	NA	FALSE	NA	NA	NA	NA	Human
SRR16573126	metagenome	Human	medium	Homo sapiens	NA	FALSE	NA	NA	NA	NA	Human
SRR1659081	Aquilaria agallochum	Avian	high	NA	NA	FALSE	NA	NA	NA	NA	Avian
SRR16597598	Homo sapiens	Human	high	NA	NA	FALSE	NA	NA	NA	NA	Human
SRR16597600	Homo sapiens	Human	high	NA	NA	FALSE	NA	NA	NA	NA	Human
SRR16611435	Peromyscus maniculatus	Rodent	high	NA	NA	FALSE	NA	NA	NA	NA	Rodent
SRR16611460	Peromyscus maniculatus	Rodent	high	NA	NA	FALSE	NA	NA	NA	NA	Rodent
SRR16611467	Peromyscus maniculatus	Rodent	high	NA	NA	FALSE	NA	NA	NA	NA	Rodent
SRR16611471	Peromyscus maniculatus	Rodent	high	NA	NA	FALSE	NA	NA	NA	NA	Rodent
SRR27078612	metagenome	Human	manual	NA	NA	TRUE	NA	NA	NA	NA	Other
SRR27078613	metagenome	Human	manual	NA	NA	TRUE	NA	NA	NA	NA	Other
SRR16894090	Gadus morhua	Ray-finned Fish	high	NA	NA	FALSE	NA	NA	NA	NA	Ray-finned Fish
SRR16916845	human metagenome	Human	medium	NA	NA	FALSE	NA	NA	NA	NA	Human
SRR16916847	human metagenome	Human	medium	NA	NA	FALSE	NA	NA	NA	NA	Human
SRR16916850	human metagenome	Human	medium	NA	NA	FALSE	NA	NA	NA	NA	Human
SRR16916851	human metagenome	Human	medium	NA	NA	FALSE	NA	NA	NA	NA	Human
SRR16916855	human metagenome	Human	medium	NA	NA	FALSE	NA	NA	NA	NA	Human
SRR16916856	human metagenome	Human	medium	NA	NA	FALSE	NA	NA	NA	NA	Human
SRR16916868	human metagenome	Human	medium	NA	NA	FALSE	NA	NA	NA	NA	Human
SRR16916871	human metagenome	Human	medium	NA	NA	FALSE	NA	NA	NA	NA	Human
SRR16916890	human metagenome	Human	medium	NA	NA	FALSE	NA	NA	NA	NA	Human
SRR16916891	human metagenome	Human	medium	NA	NA	FALSE	NA	NA	NA	NA	Human
SRR16925317	human gut metagenome	Human	medium	NA	NA	FALSE	NA	NA	NA	NA	Human
SRR16937311	Bos taurus	Bovine	high	NA	NA	FALSE	NA	NA	NA	NA	Bovine
SRR27078618	metagenome	Human	manual	NA	NA	TRUE	NA	NA	NA	NA	Other
SRR27078645	metagenome	Human	manual	NA	NA	TRUE	NA	NA	NA	NA	Other
SRR16938472	Mus musculus	Rodent	high	NA	NA	FALSE	NA	NA	NA	NA	Rodent
SRR16942734	Homo sapiens	Human	high	NA	NA	FALSE	NA	NA	NA	NA	Human
SRR16942758	Homo sapiens	Human	high	NA	NA	FALSE	NA	NA	NA	NA	Human
SRR16952430	Homo sapiens	Human	high	NA	NA	FALSE	NA	NA	NA	NA	Human
SRR16952432	Homo sapiens	Human	high	NA	NA	FALSE	NA	NA	NA	NA	Human
SRR16955421	Mus musculus	Rodent	high	NA	NA	FALSE	NA	NA	NA	NA	Rodent
SRR27078650	metagenome	Human	manual	NA	NA	TRUE	NA	NA	NA	NA	Other
SRR27078655	metagenome	Human	manual	NA	NA	TRUE	NA	NA	NA	NA	Other
SRR27078656	metagenome	Human	manual	NA	NA	TRUE	NA	NA	NA	NA	Other
SRR27078657	metagenome	Human	manual	NA	NA	TRUE	NA	NA	NA	NA	Other
SRR27078658	metagenome	Human	manual	NA	NA	TRUE	NA	NA	NA	NA	Other
SRR1698202	Triplophysa dalaica	Ray-finned Fish	high	NA	NA	FALSE	NA	NA	NA	NA	Ray-finned Fish
SRR17009348	Bos indicus x Bos taurus	Bovine	high	NA	NA	FALSE	NA	NA	NA	NA	Bovine
SRR17009350	Bos indicus x Bos taurus	Bovine	high	NA	NA	FALSE	NA	NA	NA	NA	Bovine
SRR17009583	respiratory tract metagenome	Human	medium	Homo sapiens	NA	FALSE	NA	NA	NA	NA	Human
SRR17035102	gut metagenome	Cervine	medium	Cervus nippon	NA	FALSE	NA	NA	NA	NA	Cervine
SRR17035106	gut metagenome	Cervine	medium	Cervus nippon	NA	FALSE	NA	NA	NA	NA	Cervine
SRR17035119	gut metagenome	Cervine	medium	Cervus nippon	NA	FALSE	NA	NA	NA	NA	Cervine
SRR17035123	gut metagenome	Cervine	medium	Cervus nippon	NA	FALSE	NA	NA	NA	NA	Cervine
SRR27078659	metagenome	Human	manual	NA	NA	TRUE	NA	NA	NA	NA	Other
SRR17054646	Homo sapiens	Human	high	NA	NA	FALSE	NA	NA	NA	NA	Human
SRR17055595	metagenome	Human	medium	Homo sapiens	NA	FALSE	NA	NA	NA	NA	Human
SRR17055596	metagenome	Human	medium	Homo sapiens	NA	FALSE	NA	NA	NA	NA	Human
SRR17055604	metagenome	Human	medium	Homo sapiens	NA	FALSE	NA	NA	NA	NA	Human
SRR17055605	metagenome	Human	medium	Homo sapiens	NA	FALSE	NA	NA	NA	NA	Human
SRR17055637	metagenome	Human	medium	Homo sapiens	NA	FALSE	NA	NA	NA	NA	Human
SRR17055939	Homo sapiens	Human	high	NA	NA	FALSE	NA	NA	NA	NA	Human
SRR17072379	Arctocephalus gazella	Pinniped	high	NA	NA	FALSE	NA	NA	NA	NA	Pinniped
SRR17072387	Arctocephalus gazella	Pinniped	high	NA	NA	FALSE	NA	NA	NA	NA	Pinniped
SRR17072398	Arctocephalus gazella	Pinniped	high	NA	NA	FALSE	NA	NA	NA	NA	Pinniped
SRR27078672	metagenome	Human	manual	NA	NA	TRUE	NA	NA	NA	NA	Other
SRR17140443	indoor metagenome	Metagenome	manual	NA	Metagenome	FALSE	NA	NA	NA	NA	Metagenome
SRR17140447	indoor metagenome	Metagenome	manual	NA	Metagenome	FALSE	NA	NA	NA	NA	Metagenome
SRR17140449	indoor metagenome	Metagenome	manual	NA	Metagenome	FALSE	NA	NA	NA	NA	Metagenome
SRR17140452	indoor metagenome	Metagenome	manual	NA	Metagenome	FALSE	NA	NA	NA	NA	Metagenome
SRR17140454	indoor metagenome	Metagenome	manual	NA	Metagenome	FALSE	NA	NA	NA	NA	Metagenome
SRR17140469	indoor metagenome	Metagenome	manual	NA	Metagenome	FALSE	NA	NA	NA	NA	Metagenome
SRR17140478	indoor metagenome	Metagenome	manual	NA	Metagenome	FALSE	NA	NA	NA	NA	Metagenome
SRR17140483	indoor metagenome	Metagenome	manual	NA	Metagenome	FALSE	NA	NA	NA	NA	Metagenome
SRR17140489	indoor metagenome	Metagenome	manual	NA	Metagenome	FALSE	NA	NA	NA	NA	Metagenome
SRR17140495	indoor metagenome	Metagenome	manual	NA	Metagenome	FALSE	NA	NA	NA	NA	Metagenome
SRR17212505	Ovis aries	Ovine	high	NA	NA	FALSE	NA	NA	NA	NA	Ovine
SRR17227495	Mus musculus	Rodent	high	NA	NA	FALSE	NA	NA	NA	NA	Rodent
SRR17227497	Mus musculus	Rodent	high	NA	NA	FALSE	NA	NA	NA	NA	Rodent
SRR17227498	Mus musculus	Rodent	high	NA	NA	FALSE	NA	NA	NA	NA	Rodent
SRR17247090	bat metagenome	Bat	medium	NA	NA	FALSE	NA	NA	NA	NA	Bat
SRR17247091	bat metagenome	Bat	medium	NA	NA	FALSE	NA	NA	NA	NA	Bat
SRR17272085	Cynoglossus semilaevis	Ray-finned Fish	high	NA	NA	FALSE	NA	NA	NA	NA	Ray-finned Fish
SRR17284137	human metagenome	Human	medium	NA	NA	FALSE	NA	NA	NA	NA	Human
SRR17284179	human metagenome	Human	medium	NA	NA	FALSE	NA	NA	NA	NA	Human
SRR17284229	human metagenome	Human	medium	NA	NA	FALSE	NA	NA	NA	NA	Human
SRR17284372	human metagenome	Human	medium	NA	NA	FALSE	NA	NA	NA	NA	Human
SRR17300518	air metagenome	Metagenome	manual	NA	Metagenome	FALSE	NA	NA	NA	NA	Metagenome
SRR17300526	air metagenome	Metagenome	manual	NA	Metagenome	FALSE	NA	NA	NA	NA	Metagenome
SRR17300547	air metagenome	Metagenome	manual	NA	Metagenome	FALSE	NA	NA	NA	NA	Metagenome
SRR17300548	air metagenome	Metagenome	manual	NA	Metagenome	FALSE	NA	NA	NA	NA	Metagenome
SRR17300549	air metagenome	Metagenome	manual	NA	Metagenome	FALSE	NA	NA	NA	NA	Metagenome
SRR17300551	air metagenome	Metagenome	manual	NA	Metagenome	FALSE	NA	NA	NA	NA	Metagenome
SRR17300552	air metagenome	Metagenome	manual	NA	Metagenome	FALSE	NA	NA	NA	NA	Metagenome
SRR17300553	air metagenome	Metagenome	manual	NA	Metagenome	FALSE	NA	NA	NA	NA	Metagenome
SRR17300559	air metagenome	Metagenome	manual	NA	Metagenome	FALSE	NA	NA	NA	NA	Metagenome
SRR17300576	air metagenome	Metagenome	manual	NA	Metagenome	FALSE	NA	NA	NA	NA	Metagenome
SRR17300577	air metagenome	Metagenome	manual	NA	Metagenome	FALSE	NA	NA	NA	NA	Metagenome
SRR17300580	air metagenome	Metagenome	manual	NA	Metagenome	FALSE	NA	NA	NA	NA	Metagenome
SRR17300584	air metagenome	Metagenome	manual	NA	Metagenome	FALSE	NA	NA	NA	NA	Metagenome
SRR17300594	air metagenome	Metagenome	manual	NA	Metagenome	FALSE	NA	NA	NA	NA	Metagenome
SRR17300627	air metagenome	Metagenome	manual	NA	Metagenome	FALSE	NA	NA	NA	NA	Metagenome
SRR17300628	air metagenome	Metagenome	manual	NA	Metagenome	FALSE	NA	NA	NA	NA	Metagenome
SRR17300636	air metagenome	Metagenome	manual	NA	Metagenome	FALSE	NA	NA	NA	NA	Metagenome
SRR17300638	air metagenome	Metagenome	manual	NA	Metagenome	FALSE	NA	NA	NA	NA	Metagenome
SRR17300652	air metagenome	Metagenome	manual	NA	Metagenome	FALSE	NA	NA	NA	NA	Metagenome
SRR17300657	air metagenome	Metagenome	manual	NA	Metagenome	FALSE	NA	NA	NA	NA	Metagenome
SRR17300662	air metagenome	Metagenome	manual	NA	Metagenome	FALSE	NA	NA	NA	NA	Metagenome
SRR17331052	Homo sapiens	Human	high	NA	NA	FALSE	NA	NA	NA	NA	Human
SRR17331055	Homo sapiens	Human	high	NA	NA	FALSE	NA	NA	NA	NA	Human
SRR17331058	Homo sapiens	Human	high	NA	NA	FALSE	NA	NA	NA	NA	Human
SRR17331063	Homo sapiens	Human	high	NA	NA	FALSE	NA	NA	NA	NA	Human
SRR17383003	Homo sapiens	Human	high	NA	NA	FALSE	NA	NA	NA	NA	Human
SRR17422888	Homo sapiens	Human	high	NA	NA	FALSE	NA	NA	NA	NA	Human
SRR17438261	Homo sapiens	Human	high	NA	NA	FALSE	NA	NA	NA	NA	Human
SRR17481184	whole organism metagenome	Pangolin	medium	Manis javanica	NA	FALSE	NA	NA	NA	NA	Pangolin
SRR17481190	whole organism metagenome	Hedgehog	medium	Erinaceus amurensis	NA	FALSE	NA	NA	NA	NA	Hedgehog
SRR17481206	whole organism metagenome	Pangolin	medium	Manis javanica	NA	FALSE	NA	NA	NA	NA	Pangolin
SRR17497053	whole organism metagenome	Rodent	manual	NA	Rodent	FALSE	NA	NA	NA	NA	Rodent
SRR17497055	whole organism metagenome	Rodent	manual	NA	Rodent	FALSE	NA	NA	NA	NA	Rodent
SRR17497056	whole organism metagenome	Rodent	manual	NA	Rodent	FALSE	NA	NA	NA	NA	Rodent
SRR17497057	whole organism metagenome	Rodent	manual	NA	Rodent	FALSE	NA	NA	NA	NA	Rodent
SRR17497058	whole organism metagenome	Rodent	manual	NA	Rodent	FALSE	NA	NA	NA	NA	Rodent
SRR17497059	whole organism metagenome	Rodent	manual	NA	Rodent	FALSE	NA	NA	NA	NA	Rodent
SRR17497066	whole organism metagenome	Rodent	manual	NA	Rodent	FALSE	NA	NA	NA	NA	Rodent
SRR17497067	whole organism metagenome	Rodent	manual	NA	Rodent	FALSE	NA	NA	NA	NA	Rodent
SRR17497108	whole organism metagenome	Rodent	manual	NA	Rodent	FALSE	NA	NA	NA	NA	Rodent
SRR17497109	whole organism metagenome	Rodent	manual	NA	Rodent	FALSE	NA	NA	NA	NA	Rodent
SRR17497110	whole organism metagenome	Rodent	manual	NA	Rodent	FALSE	NA	NA	NA	NA	Rodent
SRR17497120	whole organism metagenome	Rodent	manual	NA	Rodent	FALSE	NA	NA	NA	NA	Rodent
SRR17509915	whole organism metagenome	Carnivore	manual	NA	Carnivore	FALSE	NA	NA	NA	NA	Carnivore
SRR17509916	whole organism metagenome	Carnivore	manual	NA	Carnivore	FALSE	NA	NA	NA	NA	Carnivore
SRR17509923	whole organism metagenome	Carnivore	manual	NA	Carnivore	FALSE	NA	NA	NA	NA	Carnivore
SRR17509928	whole organism metagenome	Pangolin	medium	Manis javanica	NA	FALSE	NA	NA	NA	NA	Pangolin
SRR17509932	whole organism metagenome	Mustelid	medium	Meles leucurus	NA	FALSE	NA	NA	NA	NA	Mustelid
SRR17509939	whole organism metagenome	Pangolin	medium	Manis javanica	NA	FALSE	NA	NA	NA	NA	Pangolin
SRR17509961	whole organism metagenome	Rodent	manual	NA	Rodent	FALSE	NA	NA	NA	NA	Rodent
SRR17509962	whole organism metagenome	Rodent	manual	NA	Rodent	FALSE	NA	NA	NA	NA	Rodent
SRR17509971	whole organism metagenome	Rodent	manual	NA	Rodent	FALSE	NA	NA	NA	NA	Rodent
SRR17509972	whole organism metagenome	Rodent	manual	NA	Rodent	FALSE	NA	NA	NA	NA	Rodent
SRR17509984	whole organism metagenome	Rodent	manual	NA	Rodent	FALSE	NA	NA	NA	NA	Rodent
SRR17518778	Homo sapiens	Human	high	NA	NA	FALSE	NA	NA	NA	NA	Human
SRR17518780	Homo sapiens	Human	high	NA	NA	FALSE	NA	NA	NA	NA	Human
SRR17518782	Homo sapiens	Human	high	NA	NA	FALSE	NA	NA	NA	NA	Human
SRR17518784	Homo sapiens	Human	high	NA	NA	FALSE	NA	NA	NA	NA	Human
SRR17518786	Homo sapiens	Human	high	NA	NA	FALSE	NA	NA	NA	NA	Human
SRR1752670	Rattus norvegicus	Rodent	high	NA	NA	FALSE	NA	NA	NA	NA	Rodent
SRR17534306	human skin metagenome	Human	medium	NA	NA	FALSE	NA	NA	NA	NA	Human
SRR17534308	human skin metagenome	Human	medium	NA	NA	FALSE	NA	NA	NA	NA	Human
SRR17534311	human skin metagenome	Human	medium	NA	NA	FALSE	NA	NA	NA	NA	Human
SRR17534314	human skin metagenome	Human	medium	NA	NA	FALSE	NA	NA	NA	NA	Human
SRR17534316	human skin metagenome	Human	medium	NA	NA	FALSE	NA	NA	NA	NA	Human
SRR17534343	human skin metagenome	Human	medium	NA	NA	FALSE	NA	NA	NA	NA	Human
SRR17534862	human skin metagenome	Human	medium	NA	NA	FALSE	NA	NA	NA	NA	Human
SRR17534863	human skin metagenome	Human	medium	NA	NA	FALSE	NA	NA	NA	NA	Human
SRR17534872	human skin metagenome	Human	medium	NA	NA	FALSE	NA	NA	NA	NA	Human
SRR17534873	human skin metagenome	Human	medium	NA	NA	FALSE	NA	NA	NA	NA	Human
SRR17534874	human skin metagenome	Human	medium	NA	NA	FALSE	NA	NA	NA	NA	Human
SRR17534875	human skin metagenome	Human	medium	NA	NA	FALSE	NA	NA	NA	NA	Human
SRR17534876	human skin metagenome	Human	medium	NA	NA	FALSE	NA	NA	NA	NA	Human
SRR17534879	human skin metagenome	Human	medium	NA	NA	FALSE	NA	NA	NA	NA	Human
SRR17534881	human skin metagenome	Human	medium	NA	NA	FALSE	NA	NA	NA	NA	Human
SRR17534883	human skin metagenome	Human	medium	NA	NA	FALSE	NA	NA	NA	NA	Human
SRR17534933	human skin metagenome	Human	medium	NA	NA	FALSE	NA	NA	NA	NA	Human
SRR17534937	human skin metagenome	Human	medium	NA	NA	FALSE	NA	NA	NA	NA	Human
SRR17534938	human skin metagenome	Human	medium	NA	NA	FALSE	NA	NA	NA	NA	Human
SRR17534939	human skin metagenome	Human	medium	NA	NA	FALSE	NA	NA	NA	NA	Human
SRR17534940	human skin metagenome	Human	medium	NA	NA	FALSE	NA	NA	NA	NA	Human
SRR17534941	human skin metagenome	Human	medium	NA	NA	FALSE	NA	NA	NA	NA	Human
SRR17534944	human skin metagenome	Human	medium	NA	NA	FALSE	NA	NA	NA	NA	Human
SRR17534945	human skin metagenome	Human	medium	NA	NA	FALSE	NA	NA	NA	NA	Human
SRR17534946	human skin metagenome	Human	medium	NA	NA	FALSE	NA	NA	NA	NA	Human
SRR17534947	human skin metagenome	Human	medium	NA	NA	FALSE	NA	NA	NA	NA	Human
SRR17534951	human skin metagenome	Human	medium	NA	NA	FALSE	NA	NA	NA	NA	Human
SRR17534952	human skin metagenome	Human	medium	NA	NA	FALSE	NA	NA	NA	NA	Human
SRR17539851	human skin metagenome	Human	medium	NA	NA	FALSE	NA	NA	NA	NA	Human
SRR17539853	human skin metagenome	Human	medium	NA	NA	FALSE	NA	NA	NA	NA	Human
SRR17539864	human skin metagenome	Human	medium	NA	NA	FALSE	NA	NA	NA	NA	Human
SRR17539867	human skin metagenome	Human	medium	NA	NA	FALSE	NA	NA	NA	NA	Human
SRR17539868	human skin metagenome	Human	medium	NA	NA	FALSE	NA	NA	NA	NA	Human
SRR17539916	human skin metagenome	Human	medium	NA	NA	FALSE	NA	NA	NA	NA	Human
SRR17546286	human skin metagenome	Human	medium	NA	NA	FALSE	NA	NA	NA	NA	Human
SRR17546287	human skin metagenome	Human	medium	NA	NA	FALSE	NA	NA	NA	NA	Human
SRR17546288	human skin metagenome	Human	medium	NA	NA	FALSE	NA	NA	NA	NA	Human
SRR17546307	human skin metagenome	Human	medium	NA	NA	FALSE	NA	NA	NA	NA	Human
SRR17546308	human skin metagenome	Human	medium	NA	NA	FALSE	NA	NA	NA	NA	Human
SRR17546309	human skin metagenome	Human	medium	NA	NA	FALSE	NA	NA	NA	NA	Human
SRR17546310	human skin metagenome	Human	medium	NA	NA	FALSE	NA	NA	NA	NA	Human
SRR17546318	human skin metagenome	Human	medium	NA	NA	FALSE	NA	NA	NA	NA	Human
SRR17546344	human skin metagenome	Human	medium	NA	NA	FALSE	NA	NA	NA	NA	Human
SRR17546373	human skin metagenome	Human	medium	NA	NA	FALSE	NA	NA	NA	NA	Human
SRR17546375	human skin metagenome	Human	medium	NA	NA	FALSE	NA	NA	NA	NA	Human
SRR17546376	human skin metagenome	Human	medium	NA	NA	FALSE	NA	NA	NA	NA	Human
SRR17546377	human skin metagenome	Human	medium	NA	NA	FALSE	NA	NA	NA	NA	Human
SRR17547406	human skin metagenome	Human	medium	NA	NA	FALSE	NA	NA	NA	NA	Human
SRR17547430	human skin metagenome	Human	medium	NA	NA	FALSE	NA	NA	NA	NA	Human
SRR17547431	human skin metagenome	Human	medium	NA	NA	FALSE	NA	NA	NA	NA	Human
SRR17547432	human skin metagenome	Human	medium	NA	NA	FALSE	NA	NA	NA	NA	Human
SRR17547454	human skin metagenome	Human	medium	NA	NA	FALSE	NA	NA	NA	NA	Human
SRR17547458	human skin metagenome	Human	medium	NA	NA	FALSE	NA	NA	NA	NA	Human
SRR17548752	human skin metagenome	Human	medium	NA	NA	FALSE	NA	NA	NA	NA	Human
SRR17548758	human skin metagenome	Human	medium	NA	NA	FALSE	NA	NA	NA	NA	Human
SRR17548759	human skin metagenome	Human	medium	NA	NA	FALSE	NA	NA	NA	NA	Human
SRR17548760	human skin metagenome	Human	medium	NA	NA	FALSE	NA	NA	NA	NA	Human
SRR17548761	human skin metagenome	Human	medium	NA	NA	FALSE	NA	NA	NA	NA	Human
SRR17548762	human skin metagenome	Human	medium	NA	NA	FALSE	NA	NA	NA	NA	Human
SRR17548763	human skin metagenome	Human	medium	NA	NA	FALSE	NA	NA	NA	NA	Human
SRR17548764	human skin metagenome	Human	medium	NA	NA	FALSE	NA	NA	NA	NA	Human
SRR17548765	human skin metagenome	Human	medium	NA	NA	FALSE	NA	NA	NA	NA	Human
SRR17548766	human skin metagenome	Human	medium	NA	NA	FALSE	NA	NA	NA	NA	Human
SRR17635507	human vaginal metagenome	Human	medium	NA	NA	FALSE	NA	NA	NA	NA	Human
SRR17635511	human vaginal metagenome	Human	medium	NA	NA	FALSE	NA	NA	NA	NA	Human
SRR17635516	human vaginal metagenome	Human	medium	NA	NA	FALSE	NA	NA	NA	NA	Human
SRR17635569	human vaginal metagenome	Human	medium	NA	NA	FALSE	NA	NA	NA	NA	Human
SRR17635626	human vaginal metagenome	Human	medium	NA	NA	FALSE	NA	NA	NA	NA	Human
SRR17635627	human vaginal metagenome	Human	medium	NA	NA	FALSE	NA	NA	NA	NA	Human
SRR17635687	human vaginal metagenome	Human	medium	NA	NA	FALSE	NA	NA	NA	NA	Human
SRR17635696	human vaginal metagenome	Human	medium	NA	NA	FALSE	NA	NA	NA	NA	Human
SRR17635699	human vaginal metagenome	Human	medium	NA	NA	FALSE	NA	NA	NA	NA	Human
SRR17635713	human vaginal metagenome	Human	medium	NA	NA	FALSE	NA	NA	NA	NA	Human
SRR17635714	human vaginal metagenome	Human	medium	NA	NA	FALSE	NA	NA	NA	NA	Human
SRR17635719	human vaginal metagenome	Human	medium	NA	NA	FALSE	NA	NA	NA	NA	Human
SRR17635742	human vaginal metagenome	Human	medium	NA	NA	FALSE	NA	NA	NA	NA	Human
SRR17635743	human vaginal metagenome	Human	medium	NA	NA	FALSE	NA	NA	NA	NA	Human
SRR17635752	human vaginal metagenome	Human	medium	NA	NA	FALSE	NA	NA	NA	NA	Human
SRR17635785	human vaginal metagenome	Human	medium	NA	NA	FALSE	NA	NA	NA	NA	Human
SRR17635786	human vaginal metagenome	Human	medium	NA	NA	FALSE	NA	NA	NA	NA	Human
SRR17635795	human vaginal metagenome	Human	medium	NA	NA	FALSE	NA	NA	NA	NA	Human
SRR17635796	human vaginal metagenome	Human	medium	NA	NA	FALSE	NA	NA	NA	NA	Human
SRR17635797	human vaginal metagenome	Human	medium	NA	NA	FALSE	NA	NA	NA	NA	Human
SRR17635800	human vaginal metagenome	Human	medium	NA	NA	FALSE	NA	NA	NA	NA	Human
SRR17635804	human vaginal metagenome	Human	medium	NA	NA	FALSE	NA	NA	NA	NA	Human
SRR27078676	metagenome	Human	manual	NA	NA	TRUE	NA	NA	NA	NA	Other
SRR27078683	metagenome	Human	manual	NA	NA	TRUE	NA	NA	NA	NA	Other
SRR17687047	Mus musculus	Rodent	high	NA	NA	FALSE	NA	NA	NA	NA	Rodent
SRR17762221	Mus musculus	Rodent	high	NA	NA	FALSE	NA	NA	NA	NA	Rodent
SRR17798745	metagenome	Human	medium	Homo sapiens	NA	FALSE	NA	NA	NA	NA	Human
SRR17798750	metagenome	Human	medium	Homo sapiens	NA	FALSE	NA	NA	NA	NA	Human
SRR17798756	metagenome	Human	medium	Homo sapiens	NA	FALSE	NA	NA	NA	NA	Human
SRR17803828	Homo sapiens	Human	high	NA	NA	FALSE	NA	NA	NA	NA	Human
SRR17803832	Homo sapiens	Human	high	NA	NA	FALSE	NA	NA	NA	NA	Human
SRR17803837	Homo sapiens	Human	high	NA	NA	FALSE	NA	NA	NA	NA	Human
SRR17804128	Mus musculus	Rodent	high	NA	NA	FALSE	NA	NA	NA	NA	Rodent
SRR17804206	Mus musculus	Rodent	high	NA	NA	FALSE	NA	NA	NA	NA	Rodent
SRR17804425	Mus musculus	Rodent	high	NA	NA	FALSE	NA	NA	NA	NA	Rodent
SRR17818480	Homo sapiens	Human	high	NA	NA	FALSE	NA	NA	NA	NA	Human
SRR17839245	Homo sapiens	Human	high	NA	NA	FALSE	NA	NA	NA	NA	Human
SRR17839254	Homo sapiens	Human	high	NA	NA	FALSE	NA	NA	NA	NA	Human
SRR17839265	Homo sapiens	Human	high	NA	NA	FALSE	NA	NA	NA	NA	Human
SRR17839266	Homo sapiens	Human	high	NA	NA	FALSE	NA	NA	NA	NA	Human
SRR17839268	Homo sapiens	Human	high	NA	NA	FALSE	NA	NA	NA	NA	Human
SRR17839273	Homo sapiens	Human	high	NA	NA	FALSE	NA	NA	NA	NA	Human
SRR17839275	Homo sapiens	Human	high	NA	NA	FALSE	NA	NA	NA	NA	Human
SRR17839276	Homo sapiens	Human	high	NA	NA	FALSE	NA	NA	NA	NA	Human
SRR17839278	Homo sapiens	Human	high	NA	NA	FALSE	NA	NA	NA	NA	Human
SRR17839280	Homo sapiens	Human	high	NA	NA	FALSE	NA	NA	NA	NA	Human
SRR17846994	Mus musculus	Rodent	high	NA	NA	FALSE	NA	NA	NA	NA	Rodent
SRR17858210	human vaginal metagenome	Human	medium	NA	NA	FALSE	NA	NA	NA	NA	Human
SRR17858304	human vaginal metagenome	Human	medium	NA	NA	FALSE	NA	NA	NA	NA	Human
SRR17858307	human vaginal metagenome	Human	medium	NA	NA	FALSE	NA	NA	NA	NA	Human
SRR17878379	Ambystoma mexicanum	Amphibian	high	NA	NA	FALSE	NA	NA	NA	NA	Amphibian
SRR17921756	Mus musculus	Rodent	high	NA	NA	FALSE	NA	NA	NA	NA	Rodent
SRR17932210	Homo sapiens	Human	high	NA	NA	FALSE	NA	NA	NA	NA	Human
SRR17932282	Homo sapiens	Human	high	NA	NA	FALSE	NA	NA	NA	NA	Human
SRR18012445	Homo sapiens	Human	high	NA	NA	FALSE	NA	NA	NA	NA	Human
SRR27078697	metagenome	Human	manual	NA	NA	TRUE	NA	NA	NA	NA	Other
SRR27078740	metagenome	Human	manual	NA	NA	TRUE	NA	NA	NA	NA	Other
SRR27078749	metagenome	Human	manual	NA	NA	TRUE	NA	NA	NA	NA	Other
SRR27078767	metagenome	Human	manual	NA	NA	TRUE	NA	NA	NA	NA	Other
SRR27078773	metagenome	Human	manual	NA	NA	TRUE	NA	NA	NA	NA	Other
SRR27078781	metagenome	Human	manual	NA	NA	TRUE	NA	NA	NA	NA	Other
SRR27078783	metagenome	Human	manual	NA	NA	TRUE	NA	NA	NA	NA	Other
SRR27078785	metagenome	Human	manual	NA	NA	TRUE	NA	NA	NA	NA	Other
SRR27078786	metagenome	Human	manual	NA	NA	TRUE	NA	NA	NA	NA	Other
SRR27078787	metagenome	Human	manual	NA	NA	TRUE	NA	NA	NA	NA	Other
SRR27078790	metagenome	Human	manual	NA	NA	TRUE	NA	NA	NA	NA	Other
SRR27078796	metagenome	Human	manual	NA	NA	TRUE	NA	NA	NA	NA	Other
SRR18077035	Homo sapiens	Human	high	NA	NA	FALSE	NA	NA	NA	NA	Human
SRR27078797	metagenome	Human	manual	NA	NA	TRUE	NA	NA	NA	NA	Other
SRR27078809	metagenome	Human	manual	NA	NA	TRUE	NA	NA	NA	NA	Other
SRR27078827	metagenome	Human	manual	NA	NA	TRUE	NA	NA	NA	NA	Other
SRR27078828	metagenome	Human	manual	NA	NA	TRUE	NA	NA	NA	NA	Other
SRR27078829	metagenome	Human	manual	NA	NA	TRUE	NA	NA	NA	NA	Other
SRR27078830	metagenome	Human	manual	NA	NA	TRUE	NA	NA	NA	NA	Other
SRR27078832	metagenome	Human	manual	NA	NA	TRUE	NA	NA	NA	NA	Other
SRR27078833	metagenome	Human	manual	NA	NA	TRUE	NA	NA	NA	NA	Other
SRR27078870	metagenome	Human	manual	NA	NA	TRUE	NA	NA	NA	NA	Other
SRR27078892	metagenome	Human	manual	NA	NA	TRUE	NA	NA	NA	NA	Other
SRR27078917	metagenome	Human	manual	NA	NA	TRUE	NA	NA	NA	NA	Other
SRR18142626	Mus musculus	Rodent	high	NA	NA	FALSE	NA	NA	NA	NA	Rodent
SRR18142630	Mus musculus	Rodent	high	NA	NA	FALSE	NA	NA	NA	NA	Rodent
SRR18142638	Mus musculus	Rodent	high	NA	NA	FALSE	NA	NA	NA	NA	Rodent
SRR18142643	Mus musculus	Rodent	high	NA	NA	FALSE	NA	NA	NA	NA	Rodent
SRR18147690	human saliva metagenome	Human	medium	NA	NA	FALSE	NA	NA	NA	NA	Human
SRR18149241	Homo sapiens	Human	high	NA	NA	FALSE	NA	NA	NA	NA	Human
SRR18222017	Homo sapiens	Human	high	NA	NA	FALSE	NA	NA	NA	NA	Human
SRR18222018	Homo sapiens	Human	high	NA	NA	FALSE	NA	NA	NA	NA	Human
SRR18243946	human papillomavirus 42	Human	medium	NA	NA	FALSE	NA	NA	NA	NA	Human
SRR18243947	human papillomavirus 42	Human	medium	NA	NA	FALSE	NA	NA	NA	NA	Human
SRR18243950	human papillomavirus 42	Human	medium	NA	NA	FALSE	NA	NA	NA	NA	Human
SRR18243952	human papillomavirus 42	Human	medium	NA	NA	FALSE	NA	NA	NA	NA	Human
SRR18243954	human papillomavirus 42	Human	medium	NA	NA	FALSE	NA	NA	NA	NA	Human
SRR18243957	human papillomavirus 42	Human	medium	NA	NA	FALSE	NA	NA	NA	NA	Human
SRR18243959	human papillomavirus 42	Human	medium	NA	NA	FALSE	NA	NA	NA	NA	Human
SRR18243962	human papillomavirus 42	Human	medium	NA	NA	FALSE	NA	NA	NA	NA	Human
SRR18243963	human papillomavirus 42	Human	medium	NA	NA	FALSE	NA	NA	NA	NA	Human
SRR18243965	human papillomavirus 42	Human	medium	NA	NA	FALSE	NA	NA	NA	NA	Human
SRR18243966	human papillomavirus 42	Human	medium	NA	NA	FALSE	NA	NA	NA	NA	Human
SRR18243969	human papillomavirus 42	Human	medium	NA	NA	FALSE	NA	NA	NA	NA	Human
SRR18243974	human papillomavirus 42	Human	medium	NA	NA	FALSE	NA	NA	NA	NA	Human
SRR18243975	human papillomavirus 42	Human	medium	NA	NA	FALSE	NA	NA	NA	NA	Human
SRR27078935	metagenome	Human	manual	NA	NA	TRUE	NA	NA	NA	NA	Other
SRR12056579	Methanococcus maripaludis S2	Other	low	NA	NA	TRUE	NA	NA	NA	NA	Other
SRR18292668	human skin metagenome	Human	medium	NA	NA	FALSE	NA	NA	NA	NA	Human
SRR18292719	human skin metagenome	Human	medium	NA	NA	FALSE	NA	NA	NA	NA	Human
SRR18292723	human skin metagenome	Human	medium	NA	NA	FALSE	NA	NA	NA	NA	Human
SRR18292724	human skin metagenome	Human	medium	NA	NA	FALSE	NA	NA	NA	NA	Human
SRR18292726	human skin metagenome	Human	medium	NA	NA	FALSE	NA	NA	NA	NA	Human
SRR18312696	Giraffa reticulata	Giraffid	high	NA	NA	FALSE	NA	NA	NA	NA	Giraffid
SRR18363241	Phyllomedusa bahiana	Amphibian	high	NA	NA	FALSE	NA	NA	NA	NA	Amphibian
SRR18363421	human metagenome	Human	medium	NA	NA	FALSE	NA	NA	NA	NA	Human
SRR18396691	Homo sapiens	Human	high	NA	NA	FALSE	NA	NA	NA	NA	Human
SRR18400076	Canis lupus familiaris	Canine	high	NA	NA	FALSE	NA	NA	NA	NA	Canine
SRR18400191	Canis lupus familiaris	Canine	high	NA	NA	FALSE	NA	NA	NA	NA	Canine
SRR18400216	Canis lupus familiaris	Canine	high	NA	NA	FALSE	NA	NA	NA	NA	Canine
SRR18400383	Canis lupus familiaris	Canine	high	NA	NA	FALSE	NA	NA	NA	NA	Canine
SRR18400480	Canis lupus familiaris	Canine	high	NA	NA	FALSE	NA	NA	NA	NA	Canine
SRR18400499	Canis lupus familiaris	Canine	high	NA	NA	FALSE	NA	NA	NA	NA	Canine
SRR18400507	Canis lupus familiaris	Canine	high	NA	NA	FALSE	NA	NA	NA	NA	Canine
SRR18400554	Canis lupus familiaris	Canine	high	NA	NA	FALSE	NA	NA	NA	NA	Canine
SRR18400592	Canis lupus familiaris	Canine	high	NA	NA	FALSE	NA	NA	NA	NA	Canine
SRR18400672	Canis lupus familiaris	Canine	high	NA	NA	FALSE	NA	NA	NA	NA	Canine
SRR18400698	Canis lupus familiaris	Canine	high	NA	NA	FALSE	NA	NA	NA	NA	Canine
SRR18400941	Canis lupus familiaris	Canine	high	NA	NA	FALSE	NA	NA	NA	NA	Canine
SRR18400952	Canis lupus familiaris	Canine	high	NA	NA	FALSE	NA	NA	NA	NA	Canine
SRR10034699	Microbacterium sediminis	Other	low	NA	NA	TRUE	NA	NA	NA	NA	Other
SRR18442448	Canis lupus familiaris	Canine	high	NA	NA	FALSE	NA	NA	NA	NA	Canine
SRR18442469	Canis lupus familiaris	Canine	high	NA	NA	FALSE	NA	NA	NA	NA	Canine
SRR18442500	Canis lupus familiaris	Canine	high	NA	NA	FALSE	NA	NA	NA	NA	Canine
SRR18442503	Canis lupus familiaris	Canine	high	NA	NA	FALSE	NA	NA	NA	NA	Canine
SRR18442556	Canis lupus familiaris	Canine	high	NA	NA	FALSE	NA	NA	NA	NA	Canine
SRR18442563	Canis lupus familiaris	Canine	high	NA	NA	FALSE	NA	NA	NA	NA	Canine
SRR18442570	Canis lupus familiaris	Canine	high	NA	NA	FALSE	NA	NA	NA	NA	Canine
SRR18442578	Canis lupus familiaris	Canine	high	NA	NA	FALSE	NA	NA	NA	NA	Canine
SRR18442637	Canis lupus familiaris	Canine	high	NA	NA	FALSE	NA	NA	NA	NA	Canine
SRR18442705	Canis lupus familiaris	Canine	high	NA	NA	FALSE	NA	NA	NA	NA	Canine
SRR18442756	Canis lupus familiaris	Canine	high	NA	NA	FALSE	NA	NA	NA	NA	Canine
SRR18442865	Canis lupus familiaris	Canine	high	NA	NA	FALSE	NA	NA	NA	NA	Canine
SRR18442868	Canis lupus familiaris	Canine	high	NA	NA	FALSE	NA	NA	NA	NA	Canine
SRR18442941	Canis lupus familiaris	Canine	high	NA	NA	FALSE	NA	NA	NA	NA	Canine
SRR18443042	Canis lupus familiaris	Canine	high	NA	NA	FALSE	NA	NA	NA	NA	Canine
SRR18443044	Canis lupus familiaris	Canine	high	NA	NA	FALSE	NA	NA	NA	NA	Canine
SRR18443053	Canis lupus familiaris	Canine	high	NA	NA	FALSE	NA	NA	NA	NA	Canine
SRR18443254	Canis lupus familiaris	Canine	high	NA	NA	FALSE	NA	NA	NA	NA	Canine
SRR18443299	Canis lupus familiaris	Canine	high	NA	NA	FALSE	NA	NA	NA	NA	Canine
SRR18443407	Canis lupus familiaris	Canine	high	NA	NA	FALSE	NA	NA	NA	NA	Canine
SRR10034700	Microbacterium sediminis	Other	low	NA	NA	TRUE	NA	NA	NA	NA	Other
SRR10034701	Microbacterium sediminis	Other	low	NA	NA	TRUE	NA	NA	NA	NA	Other
SRR12481082	Microbacterium sediminis	Other	low	NA	NA	TRUE	NA	NA	NA	NA	Other
SRR18474643	gut metagenome	Crayfish	manual	NA	Crayfish	FALSE	NA	NA	NA	NA	Crayfish
SRR18483580	Canis lupus familiaris	Canine	high	NA	NA	FALSE	NA	NA	NA	NA	Canine
SRR18483604	Canis lupus familiaris	Canine	high	NA	NA	FALSE	NA	NA	NA	NA	Canine
SRR18483663	Canis lupus familiaris	Canine	high	NA	NA	FALSE	NA	NA	NA	NA	Canine
SRR18483691	Canis lupus familiaris	Canine	high	NA	NA	FALSE	NA	NA	NA	NA	Canine
SRR18483784	Canis lupus familiaris	Canine	high	NA	NA	FALSE	NA	NA	NA	NA	Canine
SRR18483828	Canis lupus familiaris	Canine	high	NA	NA	FALSE	NA	NA	NA	NA	Canine
SRR18483862	Canis lupus familiaris	Canine	high	NA	NA	FALSE	NA	NA	NA	NA	Canine
SRR18483891	Canis lupus familiaris	Canine	high	NA	NA	FALSE	NA	NA	NA	NA	Canine
SRR18483893	Canis lupus familiaris	Canine	high	NA	NA	FALSE	NA	NA	NA	NA	Canine
SRR18483908	Canis lupus familiaris	Canine	high	NA	NA	FALSE	NA	NA	NA	NA	Canine
SRR18483917	Canis lupus familiaris	Canine	high	NA	NA	FALSE	NA	NA	NA	NA	Canine
SRR18483982	Canis lupus familiaris	Canine	high	NA	NA	FALSE	NA	NA	NA	NA	Canine
SRR18484010	Canis lupus familiaris	Canine	high	NA	NA	FALSE	NA	NA	NA	NA	Canine
SRR18484172	Canis lupus familiaris	Canine	high	NA	NA	FALSE	NA	NA	NA	NA	Canine
SRR18484206	Canis lupus familiaris	Canine	high	NA	NA	FALSE	NA	NA	NA	NA	Canine
SRR18484219	Canis lupus familiaris	Canine	high	NA	NA	FALSE	NA	NA	NA	NA	Canine
SRR18484265	Canis lupus familiaris	Canine	high	NA	NA	FALSE	NA	NA	NA	NA	Canine
SRR18484281	Canis lupus familiaris	Canine	high	NA	NA	FALSE	NA	NA	NA	NA	Canine
SRR18484312	Canis lupus familiaris	Canine	high	NA	NA	FALSE	NA	NA	NA	NA	Canine
SRR18484318	Canis lupus familiaris	Canine	high	NA	NA	FALSE	NA	NA	NA	NA	Canine
SRR18484361	Canis lupus familiaris	Canine	high	NA	NA	FALSE	NA	NA	NA	NA	Canine
SRR18484511	Canis lupus familiaris	Canine	high	NA	NA	FALSE	NA	NA	NA	NA	Canine
SRR18484546	Canis lupus familiaris	Canine	high	NA	NA	FALSE	NA	NA	NA	NA	Canine
SRR18492880	Canis lupus familiaris	Canine	high	NA	NA	FALSE	NA	NA	NA	NA	Canine
SRR18492890	Canis lupus familiaris	Canine	high	NA	NA	FALSE	NA	NA	NA	NA	Canine
SRR18492935	Canis lupus familiaris	Canine	high	NA	NA	FALSE	NA	NA	NA	NA	Canine
SRR18511777	Homo sapiens	Human	high	NA	NA	FALSE	NA	NA	NA	NA	Human
SRR18511789	Homo sapiens	Human	high	NA	NA	FALSE	NA	NA	NA	NA	Human
SRR18511800	Homo sapiens	Human	high	NA	NA	FALSE	NA	NA	NA	NA	Human
SRR18511806	Homo sapiens	Human	high	NA	NA	FALSE	NA	NA	NA	NA	Human
SRR18511850	Homo sapiens	Human	high	NA	NA	FALSE	NA	NA	NA	NA	Human
SRR18511855	Homo sapiens	Human	high	NA	NA	FALSE	NA	NA	NA	NA	Human
SRR18511869	Homo sapiens	Human	high	NA	NA	FALSE	NA	NA	NA	NA	Human
SRR18511871	Homo sapiens	Human	high	NA	NA	FALSE	NA	NA	NA	NA	Human
SRR18511961	Homo sapiens	Human	high	NA	NA	FALSE	NA	NA	NA	NA	Human
SRR18511985	Homo sapiens	Human	high	NA	NA	FALSE	NA	NA	NA	NA	Human
SRR18513032	metagenome	Human	medium	Homo sapiens	NA	FALSE	NA	NA	NA	NA	Human
SRR18513038	metagenome	Human	medium	Homo sapiens	NA	FALSE	NA	NA	NA	NA	Human
SRR18573502	Homo sapiens	Human	high	NA	NA	FALSE	NA	NA	NA	NA	Human
SRR18573508	Homo sapiens	Human	high	NA	NA	FALSE	NA	NA	NA	NA	Human
SRR18573510	Homo sapiens	Human	high	NA	NA	FALSE	NA	NA	NA	NA	Human
SRR18577026	metagenome	Metagenome	manual	NA	Metagenome	FALSE	NA	NA	NA	NA	Metagenome
SRR18577035	metagenome	Metagenome	manual	NA	Metagenome	FALSE	NA	NA	NA	NA	Metagenome
SRR18577042	metagenome	Metagenome	manual	NA	Metagenome	FALSE	NA	NA	NA	NA	Metagenome
SRR18577045	metagenome	Metagenome	manual	NA	Metagenome	FALSE	NA	NA	NA	NA	Metagenome
SRR18577049	metagenome	Metagenome	manual	NA	Metagenome	FALSE	NA	NA	NA	NA	Metagenome
SRR18577058	metagenome	Metagenome	manual	NA	Metagenome	FALSE	NA	NA	NA	NA	Metagenome
SRR18577065	metagenome	Metagenome	manual	NA	Metagenome	FALSE	NA	NA	NA	NA	Metagenome
SRR18577068	metagenome	Metagenome	manual	NA	Metagenome	FALSE	NA	NA	NA	NA	Metagenome
SRR18579875	Mesocricetus auratus	Rodent	high	NA	NA	FALSE	NA	NA	NA	NA	Rodent
SRR18579882	Mesocricetus auratus	Rodent	high	NA	NA	FALSE	NA	NA	NA	NA	Rodent
SRR18579887	Mesocricetus auratus	Rodent	high	NA	NA	FALSE	NA	NA	NA	NA	Rodent
SRR18579888	Mesocricetus auratus	Rodent	high	NA	NA	FALSE	NA	NA	NA	NA	Rodent
SRR12481083	Microbacterium sediminis	Other	low	NA	NA	TRUE	NA	NA	NA	NA	Other
SRR18682962	Mus musculus	Rodent	high	NA	NA	FALSE	NA	NA	NA	NA	Rodent
SRR18682963	Mus musculus	Rodent	high	NA	NA	FALSE	NA	NA	NA	NA	Rodent
SRR18682966	Mus musculus	Rodent	high	NA	NA	FALSE	NA	NA	NA	NA	Rodent
SRR18765383	human metagenome	Human	medium	NA	NA	FALSE	NA	NA	NA	NA	Human
SRR18765390	human metagenome	Human	medium	NA	NA	FALSE	NA	NA	NA	NA	Human
SRR18765409	human vaginal metagenome	Human	medium	NA	NA	FALSE	NA	NA	NA	NA	Human
SRR18765410	human metagenome	Human	medium	NA	NA	FALSE	NA	NA	NA	NA	Human
SRR18767723	Accipiter nisus	Avian	high	NA	NA	FALSE	NA	NA	NA	NA	Avian
SRR18827314	gut metagenome	Human	medium	Homo sapiens	NA	FALSE	NA	NA	NA	NA	Human
SRR18827329	gut metagenome	Human	medium	Homo sapiens	NA	FALSE	NA	NA	NA	NA	Human
SRR18827331	gut metagenome	Human	medium	Homo sapiens	NA	FALSE	NA	NA	NA	NA	Human
SRR18883118	medical device metagenome	Human	manual	NA	Human	FALSE	NA	NA	NA	NA	Human
SRR18883121	medical device metagenome	Human	manual	NA	Human	FALSE	NA	NA	NA	NA	Human
SRR18883126	medical device metagenome	Human	manual	NA	Human	FALSE	NA	NA	NA	NA	Human
SRR18883131	medical device metagenome	Human	manual	NA	Human	FALSE	NA	NA	NA	NA	Human
SRR18883132	medical device metagenome	Human	manual	NA	Human	FALSE	NA	NA	NA	NA	Human
SRR18883134	medical device metagenome	Human	manual	NA	Human	FALSE	NA	NA	NA	NA	Human
SRR18883135	medical device metagenome	Human	manual	NA	Human	FALSE	NA	NA	NA	NA	Human
SRR18883138	medical device metagenome	Human	manual	NA	Human	FALSE	NA	NA	NA	NA	Human
SRR18936010	Homo sapiens	Human	high	NA	NA	FALSE	NA	NA	NA	NA	Human
SRR18936017	Homo sapiens	Human	high	NA	NA	FALSE	NA	NA	NA	NA	Human
SRR18936018	Homo sapiens	Human	high	NA	NA	FALSE	NA	NA	NA	NA	Human
SRR18936019	Homo sapiens	Human	high	NA	NA	FALSE	NA	NA	NA	NA	Human
SRR18936020	Homo sapiens	Human	high	NA	NA	FALSE	NA	NA	NA	NA	Human
SRR18964682	human metagenome	Human	medium	NA	NA	FALSE	NA	NA	NA	NA	Human
SRR18964691	human vaginal metagenome	Human	medium	NA	NA	FALSE	NA	NA	NA	NA	Human
SRR18964693	human vaginal metagenome	Human	medium	NA	NA	FALSE	NA	NA	NA	NA	Human
SRR18964701	human metagenome	Human	medium	NA	NA	FALSE	NA	NA	NA	NA	Human
SRR18964702	human metagenome	Human	medium	NA	NA	FALSE	NA	NA	NA	NA	Human
SRR18964703	human metagenome	Human	medium	NA	NA	FALSE	NA	NA	NA	NA	Human
SRR18964704	human metagenome	Human	medium	NA	NA	FALSE	NA	NA	NA	NA	Human
SRR18964705	human metagenome	Human	medium	NA	NA	FALSE	NA	NA	NA	NA	Human
SRR18964706	human metagenome	Human	medium	NA	NA	FALSE	NA	NA	NA	NA	Human
SRR18964707	human metagenome	Human	medium	NA	NA	FALSE	NA	NA	NA	NA	Human
SRR18964708	human metagenome	Human	medium	NA	NA	FALSE	NA	NA	NA	NA	Human
SRR18964709	human metagenome	Human	medium	NA	NA	FALSE	NA	NA	NA	NA	Human
SRR18964736	human metagenome	Human	medium	NA	NA	FALSE	NA	NA	NA	NA	Human
SRR18964737	human metagenome	Human	medium	NA	NA	FALSE	NA	NA	NA	NA	Human
SRR18964740	human metagenome	Human	medium	NA	NA	FALSE	NA	NA	NA	NA	Human
SRR18964741	human metagenome	Human	medium	NA	NA	FALSE	NA	NA	NA	NA	Human
SRR18964744	human metagenome	Human	medium	NA	NA	FALSE	NA	NA	NA	NA	Human
SRR18964745	human metagenome	Human	medium	NA	NA	FALSE	NA	NA	NA	NA	Human
SRR18964774	human metagenome	Human	medium	NA	NA	FALSE	NA	NA	NA	NA	Human
SRR18964786	human metagenome	Human	medium	NA	NA	FALSE	NA	NA	NA	NA	Human
SRR18964788	human metagenome	Human	medium	NA	NA	FALSE	NA	NA	NA	NA	Human
SRR18964797	human vaginal metagenome	Human	medium	NA	NA	FALSE	NA	NA	NA	NA	Human
SRR18964804	human metagenome	Human	medium	NA	NA	FALSE	NA	NA	NA	NA	Human
SRR18964805	human metagenome	Human	medium	NA	NA	FALSE	NA	NA	NA	NA	Human
SRR19067240	human vaginal metagenome	Human	medium	NA	NA	FALSE	NA	NA	NA	NA	Human
SRR19067298	human vaginal metagenome	Human	medium	NA	NA	FALSE	NA	NA	NA	NA	Human
SRR19071574	metagenome	Human	medium	Homo sapiens	NA	FALSE	NA	NA	NA	NA	Human
SRR19115560	bat metagenome	Bat	medium	NA	NA	FALSE	NA	NA	NA	NA	Bat
SRR19117908	Budorcas taxicolor	Bovine	high	NA	NA	FALSE	NA	NA	NA	NA	Bovine
SRR19144987	human gut metagenome	Human	medium	NA	NA	FALSE	NA	NA	NA	NA	Human
SRR19144990	human gut metagenome	Human	medium	NA	NA	FALSE	NA	NA	NA	NA	Human
SRR19144994	human gut metagenome	Human	medium	NA	NA	FALSE	NA	NA	NA	NA	Human
SRR19144995	human gut metagenome	Human	medium	NA	NA	FALSE	NA	NA	NA	NA	Human
SRR19144998	human gut metagenome	Human	medium	NA	NA	FALSE	NA	NA	NA	NA	Human
SRR19145000	human gut metagenome	Human	medium	NA	NA	FALSE	NA	NA	NA	NA	Human
SRR19145001	human gut metagenome	Human	medium	NA	NA	FALSE	NA	NA	NA	NA	Human
SRR19145008	human gut metagenome	Human	medium	NA	NA	FALSE	NA	NA	NA	NA	Human
SRR19145012	human gut metagenome	Human	medium	NA	NA	FALSE	NA	NA	NA	NA	Human
SRR19145026	human gut metagenome	Human	medium	NA	NA	FALSE	NA	NA	NA	NA	Human
SRR19145030	human gut metagenome	Human	medium	NA	NA	FALSE	NA	NA	NA	NA	Human
SRR19145031	human gut metagenome	Human	medium	NA	NA	FALSE	NA	NA	NA	NA	Human
SRR19145033	human gut metagenome	Human	medium	NA	NA	FALSE	NA	NA	NA	NA	Human
SRR19145037	human gut metagenome	Human	medium	NA	NA	FALSE	NA	NA	NA	NA	Human
SRR19145050	human gut metagenome	Human	medium	NA	NA	FALSE	NA	NA	NA	NA	Human
SRR19145056	human gut metagenome	Human	medium	NA	NA	FALSE	NA	NA	NA	NA	Human
SRR19145060	human gut metagenome	Human	medium	NA	NA	FALSE	NA	NA	NA	NA	Human
SRR19145061	human gut metagenome	Human	medium	NA	NA	FALSE	NA	NA	NA	NA	Human
SRR19145063	human gut metagenome	Human	medium	NA	NA	FALSE	NA	NA	NA	NA	Human
SRR19145064	human gut metagenome	Human	medium	NA	NA	FALSE	NA	NA	NA	NA	Human
SRR19145065	human gut metagenome	Human	medium	NA	NA	FALSE	NA	NA	NA	NA	Human
SRR19145068	human gut metagenome	Human	medium	NA	NA	FALSE	NA	NA	NA	NA	Human
SRR19145069	human gut metagenome	Human	medium	NA	NA	FALSE	NA	NA	NA	NA	Human
SRR19145070	human gut metagenome	Human	medium	NA	NA	FALSE	NA	NA	NA	NA	Human
SRR19145094	human gut metagenome	Human	medium	NA	NA	FALSE	NA	NA	NA	NA	Human
SRR19145105	human gut metagenome	Human	medium	NA	NA	FALSE	NA	NA	NA	NA	Human
SRR19145111	human gut metagenome	Human	medium	NA	NA	FALSE	NA	NA	NA	NA	Human
SRR19147091	human reproductive system metagenome	Human	medium	NA	NA	FALSE	NA	NA	NA	NA	Human
SRR19147118	human reproductive system metagenome	Human	medium	NA	NA	FALSE	NA	NA	NA	NA	Human
SRR19147141	human reproductive system metagenome	Human	medium	NA	NA	FALSE	NA	NA	NA	NA	Human
SRR19147190	human reproductive system metagenome	Human	medium	NA	NA	FALSE	NA	NA	NA	NA	Human
SRR19147215	human reproductive system metagenome	Human	medium	NA	NA	FALSE	NA	NA	NA	NA	Human
SRR19147229	human reproductive system metagenome	Human	medium	NA	NA	FALSE	NA	NA	NA	NA	Human
SRR19147249	human reproductive system metagenome	Human	medium	NA	NA	FALSE	NA	NA	NA	NA	Human
SRR19147255	human reproductive system metagenome	Human	medium	NA	NA	FALSE	NA	NA	NA	NA	Human
SRR19147266	human reproductive system metagenome	Human	medium	NA	NA	FALSE	NA	NA	NA	NA	Human
SRR19174516	Phacochoerus africanus	Porcine	high	NA	NA	FALSE	NA	NA	NA	NA	Porcine
SRR19174522	Phacochoerus africanus	Porcine	high	NA	NA	FALSE	NA	NA	NA	NA	Porcine
SRR19174523	Phacochoerus africanus	Porcine	high	NA	NA	FALSE	NA	NA	NA	NA	Porcine
SRR19174525	Phacochoerus africanus	Porcine	high	NA	NA	FALSE	NA	NA	NA	NA	Porcine
SRR19174533	Phacochoerus africanus	Porcine	high	NA	NA	FALSE	NA	NA	NA	NA	Porcine
SRR19225826	Homo sapiens	Human	high	NA	NA	FALSE	NA	NA	NA	NA	Human
SRR12481084	Microbacterium sediminis	Other	low	NA	NA	TRUE	NA	NA	NA	NA	Other
SRR19350879	Homo sapiens	Human	high	NA	NA	FALSE	NA	NA	NA	NA	Human
SRR19350892	Homo sapiens	Human	high	NA	NA	FALSE	NA	NA	NA	NA	Human
SRR19350895	Homo sapiens	Human	high	NA	NA	FALSE	NA	NA	NA	NA	Human
SRR19350898	Homo sapiens	Human	high	NA	NA	FALSE	NA	NA	NA	NA	Human
SRR19350899	Homo sapiens	Human	high	NA	NA	FALSE	NA	NA	NA	NA	Human
SRR19350900	Homo sapiens	Human	high	NA	NA	FALSE	NA	NA	NA	NA	Human
SRR19350907	Homo sapiens	Human	high	NA	NA	FALSE	NA	NA	NA	NA	Human
SRR19350918	Homo sapiens	Human	high	NA	NA	FALSE	NA	NA	NA	NA	Human
SRR19350923	Homo sapiens	Human	high	NA	NA	FALSE	NA	NA	NA	NA	Human
SRR19350926	Homo sapiens	Human	high	NA	NA	FALSE	NA	NA	NA	NA	Human
SRR19350928	Homo sapiens	Human	high	NA	NA	FALSE	NA	NA	NA	NA	Human
SRR19350932	Homo sapiens	Human	high	NA	NA	FALSE	NA	NA	NA	NA	Human
SRR19350933	Homo sapiens	Human	high	NA	NA	FALSE	NA	NA	NA	NA	Human
SRR19350934	Homo sapiens	Human	high	NA	NA	FALSE	NA	NA	NA	NA	Human
SRR19350935	Homo sapiens	Human	high	NA	NA	FALSE	NA	NA	NA	NA	Human
SRR19350941	Homo sapiens	Human	high	NA	NA	FALSE	NA	NA	NA	NA	Human
SRR19350942	Homo sapiens	Human	high	NA	NA	FALSE	NA	NA	NA	NA	Human
SRR19350943	Homo sapiens	Human	high	NA	NA	FALSE	NA	NA	NA	NA	Human
SRR19350944	Homo sapiens	Human	high	NA	NA	FALSE	NA	NA	NA	NA	Human
SRR19350947	Homo sapiens	Human	high	NA	NA	FALSE	NA	NA	NA	NA	Human
SRR19350952	Homo sapiens	Human	high	NA	NA	FALSE	NA	NA	NA	NA	Human
SRR19350953	Homo sapiens	Human	high	NA	NA	FALSE	NA	NA	NA	NA	Human
SRR19350955	Homo sapiens	Human	high	NA	NA	FALSE	NA	NA	NA	NA	Human
SRR19350956	Homo sapiens	Human	high	NA	NA	FALSE	NA	NA	NA	NA	Human
SRR19350960	Homo sapiens	Human	high	NA	NA	FALSE	NA	NA	NA	NA	Human
SRR19350962	Homo sapiens	Human	high	NA	NA	FALSE	NA	NA	NA	NA	Human
SRR19350966	Homo sapiens	Human	high	NA	NA	FALSE	NA	NA	NA	NA	Human
SRR19350967	Homo sapiens	Human	high	NA	NA	FALSE	NA	NA	NA	NA	Human
SRR19350968	Homo sapiens	Human	high	NA	NA	FALSE	NA	NA	NA	NA	Human
SRR19350969	Homo sapiens	Human	high	NA	NA	FALSE	NA	NA	NA	NA	Human
SRR19400450	human metagenome	Human	medium	NA	NA	FALSE	NA	NA	NA	NA	Human
SRR19400459	human metagenome	Human	medium	NA	NA	FALSE	NA	NA	NA	NA	Human
SRR19400490	human metagenome	Human	medium	NA	NA	FALSE	NA	NA	NA	NA	Human
SRR19400493	human metagenome	Human	medium	NA	NA	FALSE	NA	NA	NA	NA	Human
SRR19400496	human nasopharyngeal metagenome	Human	medium	NA	NA	FALSE	NA	NA	NA	NA	Human
SRR19400512	human nasopharyngeal metagenome	Human	medium	NA	NA	FALSE	NA	NA	NA	NA	Human
SRR19400521	human nasopharyngeal metagenome	Human	medium	NA	NA	FALSE	NA	NA	NA	NA	Human
SRR19400532	human nasopharyngeal metagenome	Human	medium	NA	NA	FALSE	NA	NA	NA	NA	Human
SRR19400541	human metagenome	Human	medium	NA	NA	FALSE	NA	NA	NA	NA	Human
SRR19400546	human nasopharyngeal metagenome	Human	medium	NA	NA	FALSE	NA	NA	NA	NA	Human
SRR19400550	human nasopharyngeal metagenome	Human	medium	NA	NA	FALSE	NA	NA	NA	NA	Human
SRR19420474	Homo sapiens	Human	high	NA	NA	FALSE	NA	NA	NA	NA	Human
SRR19430024	Ptychadena neumanni	Amphibian	high	NA	NA	FALSE	NA	NA	NA	NA	Amphibian
SRR19430196	Ptychadena beka	Amphibian	high	NA	NA	FALSE	NA	NA	NA	NA	Amphibian
SRR8176202	Micromonas polaris	Other	low	NA	NA	TRUE	NA	NA	NA	NA	Other
SRR19473882	Mus musculus	Rodent	high	NA	NA	FALSE	NA	NA	NA	NA	Rodent
SRR1948020	Triplophysa scleroptera	Ray-finned Fish	high	NA	NA	FALSE	NA	NA	NA	NA	Ray-finned Fish
SRR19505656	tick metagenome	Caprine	medium	goats	NA	FALSE	NA	NA	NA	NA	Caprine
SRR1950697	human skin metagenome	Human	medium	NA	NA	FALSE	NA	NA	NA	NA	Human
SRR1950705	human skin metagenome	Human	medium	NA	NA	FALSE	NA	NA	NA	NA	Human
SRR1950719	human skin metagenome	Human	medium	NA	NA	FALSE	NA	NA	NA	NA	Human
SRR19508867	Homo sapiens	Human	high	NA	NA	FALSE	NA	NA	NA	NA	Human
SRR19508869	Homo sapiens	Human	high	NA	NA	FALSE	NA	NA	NA	NA	Human
SRR19508902	Homo sapiens	Human	high	NA	NA	FALSE	NA	NA	NA	NA	Human
SRR19508926	Homo sapiens	Human	high	NA	NA	FALSE	NA	NA	NA	NA	Human
SRR19520005	Homo sapiens	Human	high	NA	NA	FALSE	NA	NA	NA	NA	Human
SRR19520008	Homo sapiens	Human	high	NA	NA	FALSE	NA	NA	NA	NA	Human
SRR1952581	human metagenome	Human	medium	NA	NA	FALSE	NA	NA	NA	NA	Human
SRR1952601	human metagenome	Human	medium	NA	NA	FALSE	NA	NA	NA	NA	Human
SRR1952624	human metagenome	Human	medium	NA	NA	FALSE	NA	NA	NA	NA	Human
ERR10297649	Monkeypox virus	Human	manual	NA	NA	TRUE	NA	NA	NA	NA	Other
SRR19536726	Monkeypox virus	Human	manual	NA	NA	TRUE	NA	NA	NA	NA	Other
SRR19536727	Monkeypox virus	Human	manual	NA	NA	TRUE	NA	NA	NA	NA	Other
SRR19538371	Homo sapiens	Human	high	NA	NA	FALSE	NA	NA	NA	NA	Human
SRR19538460	Homo sapiens	Human	high	NA	NA	FALSE	NA	NA	NA	NA	Human
SRR19545148	Rangifer tarandus caribou	Cervine	high	NA	NA	FALSE	NA	NA	NA	NA	Cervine
SRR19545153	Rangifer tarandus caribou	Cervine	high	NA	NA	FALSE	NA	NA	NA	NA	Cervine
SRR19536728	Monkeypox virus	Human	manual	NA	NA	TRUE	NA	NA	NA	NA	Other
SRR21748891	Monkeypox virus	Human	manual	NA	NA	TRUE	NA	NA	NA	NA	Other
SRR21748898	Monkeypox virus	Human	manual	NA	NA	TRUE	NA	NA	NA	NA	Other
SRR22085333	Monkeypox virus	Human	manual	NA	NA	TRUE	NA	NA	NA	NA	Other
SRR22094398	Monkeypox virus	Human	manual	NA	NA	TRUE	NA	NA	NA	NA	Other
SRR22102846	Monkeypox virus	Human	manual	NA	NA	TRUE	NA	NA	NA	NA	Other
SRR26661253	Monkeypox virus	Human	manual	NA	NA	TRUE	NA	NA	NA	NA	Other
SRR18055267	Musa basjoo	Other	low	NA	NA	TRUE	NA	NA	NA	NA	Other
SRR3672741	Mycobacterium lepromatosis	Other	low	NA	NA	TRUE	NA	NA	NA	NA	Other
SRR11349152	Mycobacterium tuberculosis	Other	low	NA	NA	TRUE	NA	NA	NA	NA	Other
SRR19666451	Homo sapiens	Human	high	NA	NA	FALSE	NA	NA	NA	NA	Human
SRR19666452	Homo sapiens	Human	high	NA	NA	FALSE	NA	NA	NA	NA	Human
SRR19666461	Homo sapiens	Human	high	NA	NA	FALSE	NA	NA	NA	NA	Human
SRR19666465	Homo sapiens	Human	high	NA	NA	FALSE	NA	NA	NA	NA	Human
SRR12091766	Nasonia vitripennis	Other	low	NA	NA	TRUE	NA	NA	NA	NA	Other
SRR19742209	air metagenome	Metagenome	manual	NA	Metagenome	FALSE	NA	NA	NA	NA	Metagenome
SRR19742211	air metagenome	Metagenome	manual	NA	Metagenome	FALSE	NA	NA	NA	NA	Metagenome
SRR19742214	air metagenome	Metagenome	manual	NA	Metagenome	FALSE	NA	NA	NA	NA	Metagenome
ERR3395890	Neisseria gonorrhoeae FA 1090	Other	low	NA	NA	TRUE	NA	NA	NA	NA	Other
ERR3395892	Neisseria gonorrhoeae FA 1090	Other	low	NA	NA	TRUE	NA	NA	NA	NA	Other
SRR19796074	Mus musculus	Rodent	high	NA	NA	FALSE	NA	NA	NA	NA	Rodent
SRR19796223	Mus musculus	Rodent	high	NA	NA	FALSE	NA	NA	NA	NA	Rodent
SRR19898579	Homo sapiens	Human	high	NA	NA	FALSE	NA	NA	NA	NA	Human
SRR19898590	Homo sapiens	Human	high	NA	NA	FALSE	NA	NA	NA	NA	Human
SRR19898636	Homo sapiens	Human	high	NA	NA	FALSE	NA	NA	NA	NA	Human
SRR19996219	human metagenome	Human	medium	NA	NA	FALSE	NA	NA	NA	NA	Human
SRR20028085	metagenome	Human	medium	Homo sapiens	NA	FALSE	NA	NA	NA	NA	Human
SRR20028090	metagenome	Human	medium	Homo sapiens	NA	FALSE	NA	NA	NA	NA	Human
SRR20028093	metagenome	Human	medium	Homo sapiens	NA	FALSE	NA	NA	NA	NA	Human
SRR20028094	metagenome	Human	medium	Homo sapiens	NA	FALSE	NA	NA	NA	NA	Human
SRR20028098	metagenome	Human	medium	Homo sapiens	NA	FALSE	NA	NA	NA	NA	Human
SRR20028099	metagenome	Human	medium	Homo sapiens	NA	FALSE	NA	NA	NA	NA	Human
SRR20028108	metagenome	Human	medium	Homo sapiens	NA	FALSE	NA	NA	NA	NA	Human
SRR20028110	metagenome	Human	medium	Homo sapiens	NA	FALSE	NA	NA	NA	NA	Human
SRR20028115	metagenome	Human	medium	Homo sapiens	NA	FALSE	NA	NA	NA	NA	Human
SRR20028117	metagenome	Human	medium	Homo sapiens	NA	FALSE	NA	NA	NA	NA	Human
SRR20028126	metagenome	Human	medium	Homo sapiens	NA	FALSE	NA	NA	NA	NA	Human
SRR20028127	metagenome	Human	medium	Homo sapiens	NA	FALSE	NA	NA	NA	NA	Human
SRR20028133	metagenome	Human	medium	Homo sapiens	NA	FALSE	NA	NA	NA	NA	Human
SRR20028134	metagenome	Human	medium	Homo sapiens	NA	FALSE	NA	NA	NA	NA	Human
SRR2005651	human skin metagenome	Human	medium	NA	NA	FALSE	NA	NA	NA	NA	Human
SRR2005652	human skin metagenome	Human	medium	NA	NA	FALSE	NA	NA	NA	NA	Human
SRR2005654	human skin metagenome	Human	medium	NA	NA	FALSE	NA	NA	NA	NA	Human
SRR2005658	human skin metagenome	Human	medium	NA	NA	FALSE	NA	NA	NA	NA	Human
SRR2005663	human skin metagenome	Human	medium	NA	NA	FALSE	NA	NA	NA	NA	Human
SRR2005671	human skin metagenome	Human	medium	NA	NA	FALSE	NA	NA	NA	NA	Human
SRR2005697	human skin metagenome	Human	medium	NA	NA	FALSE	NA	NA	NA	NA	Human
SRR2005698	human skin metagenome	Human	medium	NA	NA	FALSE	NA	NA	NA	NA	Human
SRR2005709	human skin metagenome	Human	medium	NA	NA	FALSE	NA	NA	NA	NA	Human
SRR2005712	human skin metagenome	Human	medium	NA	NA	FALSE	NA	NA	NA	NA	Human
SRR2005722	human skin metagenome	Human	medium	NA	NA	FALSE	NA	NA	NA	NA	Human
SRR20078264	Oncorhynchus mykiss	Ray-finned Fish	high	NA	NA	FALSE	NA	NA	NA	NA	Ray-finned Fish
SRR20124569	Homo sapiens	Human	high	NA	NA	FALSE	NA	NA	NA	NA	Human
SRR20124651	Homo sapiens	Human	high	NA	NA	FALSE	NA	NA	NA	NA	Human
ERR3395895	Neisseria gonorrhoeae FA 1090	Other	low	NA	NA	TRUE	NA	NA	NA	NA	Other
ERR3395896	Neisseria gonorrhoeae FA 1090	Other	low	NA	NA	TRUE	NA	NA	NA	NA	Other
ERR3395898	Neisseria gonorrhoeae FA 1090	Other	low	NA	NA	TRUE	NA	NA	NA	NA	Other
SRR20326355	Canis lupus familiaris	Canine	high	NA	NA	FALSE	NA	NA	NA	NA	Canine
SRR20326686	Canis lupus familiaris	Canine	high	NA	NA	FALSE	NA	NA	NA	NA	Canine
ERR3395900	Neisseria gonorrhoeae FA 1090	Other	low	NA	NA	TRUE	NA	NA	NA	NA	Other
SRR2037083	human oral metagenome	Human	medium	NA	NA	FALSE	NA	NA	NA	NA	Human
SRR2037084	human oral metagenome	Human	medium	NA	NA	FALSE	NA	NA	NA	NA	Human
SRR20621228	Oncorhynchus mykiss	Ray-finned Fish	high	NA	NA	FALSE	NA	NA	NA	NA	Ray-finned Fish
SRR2063880	bat metagenome	Bat	medium	NA	NA	FALSE	NA	NA	NA	NA	Bat
SRR2063924	bat metagenome	Bat	medium	NA	NA	FALSE	NA	NA	NA	NA	Bat
SRR2063933	bat metagenome	Bat	medium	NA	NA	FALSE	NA	NA	NA	NA	Bat
SRR2063934	bat metagenome	Bat	medium	NA	NA	FALSE	NA	NA	NA	NA	Bat
SRR2063938	bat metagenome	Bat	medium	NA	NA	FALSE	NA	NA	NA	NA	Bat
SRR2063943	bat metagenome	Bat	medium	NA	NA	FALSE	NA	NA	NA	NA	Bat
SRR2063967	bat metagenome	Bat	medium	NA	NA	FALSE	NA	NA	NA	NA	Bat
SRR20701368	Lithobates catesbeianus	Amphibian	high	NA	NA	FALSE	NA	NA	NA	NA	Amphibian
ERR3395906	Neisseria gonorrhoeae FA 1090	Other	low	NA	NA	TRUE	NA	NA	NA	NA	Other
SRR20718572	metagenome	Metagenome	manual	NA	Metagenome	FALSE	NA	NA	NA	NA	Metagenome
SRR20718602	metagenome	Metagenome	manual	NA	Metagenome	FALSE	NA	NA	NA	NA	Metagenome
SRR20718604	metagenome	Metagenome	manual	NA	Metagenome	FALSE	NA	NA	NA	NA	Metagenome
SRR20726282	Gallus	Avian	high	NA	NA	FALSE	NA	NA	NA	NA	Avian
SRR20730026	Peromyscus maniculatus	Rodent	high	NA	NA	FALSE	NA	NA	NA	NA	Rodent
SRR20730027	Peromyscus maniculatus	Rodent	high	NA	NA	FALSE	NA	NA	NA	NA	Rodent
SRR20730028	Peromyscus maniculatus	Rodent	high	NA	NA	FALSE	NA	NA	NA	NA	Rodent
SRR20730029	Peromyscus maniculatus	Rodent	high	NA	NA	FALSE	NA	NA	NA	NA	Rodent
SRR20730040	Peromyscus maniculatus	Rodent	high	NA	NA	FALSE	NA	NA	NA	NA	Rodent
SRR20730051	Peromyscus maniculatus	Rodent	high	NA	NA	FALSE	NA	NA	NA	NA	Rodent
SRR20730059	Peromyscus maniculatus	Rodent	high	NA	NA	FALSE	NA	NA	NA	NA	Rodent
SRR20730068	Peromyscus maniculatus	Rodent	high	NA	NA	FALSE	NA	NA	NA	NA	Rodent
SRR20730069	Peromyscus maniculatus	Rodent	high	NA	NA	FALSE	NA	NA	NA	NA	Rodent
SRR20730070	Peromyscus maniculatus	Rodent	high	NA	NA	FALSE	NA	NA	NA	NA	Rodent
SRR20730071	Peromyscus maniculatus	Rodent	high	NA	NA	FALSE	NA	NA	NA	NA	Rodent
SRR20730093	Peromyscus maniculatus	Rodent	high	NA	NA	FALSE	NA	NA	NA	NA	Rodent
SRR20730203	Peromyscus maniculatus	Rodent	high	NA	NA	FALSE	NA	NA	NA	NA	Rodent
SRR20730215	Peromyscus maniculatus	Rodent	high	NA	NA	FALSE	NA	NA	NA	NA	Rodent
SRR20730217	Peromyscus maniculatus	Rodent	high	NA	NA	FALSE	NA	NA	NA	NA	Rodent
SRR20730230	Peromyscus maniculatus	Rodent	high	NA	NA	FALSE	NA	NA	NA	NA	Rodent
SRR20744321	human metagenome	Human	medium	NA	NA	FALSE	NA	NA	NA	NA	Human
SRR20744540	human vaginal metagenome	Human	medium	NA	NA	FALSE	NA	NA	NA	NA	Human
SRR20744549	human vaginal metagenome	Human	medium	NA	NA	FALSE	NA	NA	NA	NA	Human
SRR20744551	human vaginal metagenome	Human	medium	NA	NA	FALSE	NA	NA	NA	NA	Human
SRR20744554	human vaginal metagenome	Human	medium	NA	NA	FALSE	NA	NA	NA	NA	Human
SRR20744556	human vaginal metagenome	Human	medium	NA	NA	FALSE	NA	NA	NA	NA	Human
SRR20744558	human vaginal metagenome	Human	medium	NA	NA	FALSE	NA	NA	NA	NA	Human
SRR20819489	marine sediment metagenome	Metagenome	manual	NA	Metagenome	FALSE	NA	NA	NA	NA	Metagenome
SRR20819490	marine sediment metagenome	Metagenome	manual	NA	Metagenome	FALSE	NA	NA	NA	NA	Metagenome
SRR20819493	marine sediment metagenome	Metagenome	manual	NA	Metagenome	FALSE	NA	NA	NA	NA	Metagenome
SRR20819494	marine sediment metagenome	Metagenome	manual	NA	Metagenome	FALSE	NA	NA	NA	NA	Metagenome
SRR20819497	marine sediment metagenome	Metagenome	manual	NA	Metagenome	FALSE	NA	NA	NA	NA	Metagenome
SRR20819516	marine sediment metagenome	Metagenome	manual	NA	Metagenome	FALSE	NA	NA	NA	NA	Metagenome
SRR20853487	Homo sapiens	Human	high	NA	NA	FALSE	NA	NA	NA	NA	Human
SRR20881986	gut metagenome	Human	medium	Homo sapiens	NA	FALSE	NA	NA	NA	NA	Human
SRR20911757	human metagenome	Human	medium	NA	NA	FALSE	NA	NA	NA	NA	Human
SRR20911767	human metagenome	Human	medium	NA	NA	FALSE	NA	NA	NA	NA	Human
SRR20911793	human metagenome	Human	medium	NA	NA	FALSE	NA	NA	NA	NA	Human
SRR20911802	human metagenome	Human	medium	NA	NA	FALSE	NA	NA	NA	NA	Human
SRR20911853	human metagenome	Human	medium	NA	NA	FALSE	NA	NA	NA	NA	Human
SRR20911907	human metagenome	Human	medium	NA	NA	FALSE	NA	NA	NA	NA	Human
SRR20911916	human metagenome	Human	medium	NA	NA	FALSE	NA	NA	NA	NA	Human
SRR20911954	human metagenome	Human	medium	NA	NA	FALSE	NA	NA	NA	NA	Human
SRR20911955	human metagenome	Human	medium	NA	NA	FALSE	NA	NA	NA	NA	Human
SRR20911957	human metagenome	Human	medium	NA	NA	FALSE	NA	NA	NA	NA	Human
SRR20911961	human metagenome	Human	medium	NA	NA	FALSE	NA	NA	NA	NA	Human
ERR3395907	Neisseria gonorrhoeae FA 1090	Other	low	NA	NA	TRUE	NA	NA	NA	NA	Other
SRR20985014	Ursus americanus	Ursine	high	NA	NA	FALSE	NA	NA	NA	NA	Ursine
ERR3395909	Neisseria gonorrhoeae FA 1090	Other	low	NA	NA	TRUE	NA	NA	NA	NA	Other
ERR3395920	Neisseria gonorrhoeae FA 1090	Other	low	NA	NA	TRUE	NA	NA	NA	NA	Other
SRR21010167	metagenome	Human	medium	Homo sapiens	NA	FALSE	NA	NA	NA	NA	Human
SRR21010168	metagenome	Human	medium	Homo sapiens	NA	FALSE	NA	NA	NA	NA	Human
SRR21010174	metagenome	Human	medium	Homo sapiens	NA	FALSE	NA	NA	NA	NA	Human
SRR21010184	metagenome	Human	medium	Homo sapiens	NA	FALSE	NA	NA	NA	NA	Human
SRR21010195	metagenome	Human	medium	Homo sapiens	NA	FALSE	NA	NA	NA	NA	Human
SRR21010200	metagenome	Human	medium	Homo sapiens	NA	FALSE	NA	NA	NA	NA	Human
SRR21010201	metagenome	Human	medium	Homo sapiens	NA	FALSE	NA	NA	NA	NA	Human
SRR21010203	metagenome	Human	medium	Homo sapiens	NA	FALSE	NA	NA	NA	NA	Human
SRR21010205	metagenome	Human	medium	Homo sapiens	NA	FALSE	NA	NA	NA	NA	Human
SRR21010207	metagenome	Human	medium	Homo sapiens	NA	FALSE	NA	NA	NA	NA	Human
SRR21010209	metagenome	Human	medium	Homo sapiens	NA	FALSE	NA	NA	NA	NA	Human
SRR21010210	metagenome	Human	medium	Homo sapiens	NA	FALSE	NA	NA	NA	NA	Human
SRR21010211	metagenome	Human	medium	Homo sapiens	NA	FALSE	NA	NA	NA	NA	Human
SRR21010213	metagenome	Human	medium	Homo sapiens	NA	FALSE	NA	NA	NA	NA	Human
SRR21010214	metagenome	Human	medium	Homo sapiens	NA	FALSE	NA	NA	NA	NA	Human
SRR21010216	metagenome	Human	medium	Homo sapiens	NA	FALSE	NA	NA	NA	NA	Human
SRR21010217	metagenome	Human	medium	Homo sapiens	NA	FALSE	NA	NA	NA	NA	Human
SRR21010219	metagenome	Human	medium	Homo sapiens	NA	FALSE	NA	NA	NA	NA	Human
SRR21010221	metagenome	Human	medium	Homo sapiens	NA	FALSE	NA	NA	NA	NA	Human
SRR21010222	metagenome	Human	medium	Homo sapiens	NA	FALSE	NA	NA	NA	NA	Human
SRR21010223	metagenome	Human	medium	Homo sapiens	NA	FALSE	NA	NA	NA	NA	Human
SRR21010224	metagenome	Human	medium	Homo sapiens	NA	FALSE	NA	NA	NA	NA	Human
SRR21010238	metagenome	Human	medium	Homo sapiens	NA	FALSE	NA	NA	NA	NA	Human
SRR21010243	metagenome	Human	medium	Homo sapiens	NA	FALSE	NA	NA	NA	NA	Human
SRR21010247	metagenome	Human	medium	Homo sapiens	NA	FALSE	NA	NA	NA	NA	Human
SRR21010255	metagenome	Human	medium	Homo sapiens	NA	FALSE	NA	NA	NA	NA	Human
SRR21010257	metagenome	Human	medium	Homo sapiens	NA	FALSE	NA	NA	NA	NA	Human
SRR21010262	metagenome	Human	medium	Homo sapiens	NA	FALSE	NA	NA	NA	NA	Human
SRR21010263	metagenome	Human	medium	Homo sapiens	NA	FALSE	NA	NA	NA	NA	Human
SRR21010269	metagenome	Human	medium	Homo sapiens	NA	FALSE	NA	NA	NA	NA	Human
SRR21010274	metagenome	Human	medium	Homo sapiens	NA	FALSE	NA	NA	NA	NA	Human
SRR21010277	metagenome	Human	medium	Homo sapiens	NA	FALSE	NA	NA	NA	NA	Human
SRR21010286	metagenome	Human	medium	Homo sapiens	NA	FALSE	NA	NA	NA	NA	Human
SRR21010288	metagenome	Human	medium	Homo sapiens	NA	FALSE	NA	NA	NA	NA	Human
SRR21010293	metagenome	Human	medium	Homo sapiens	NA	FALSE	NA	NA	NA	NA	Human
SRR21010297	metagenome	Human	medium	Homo sapiens	NA	FALSE	NA	NA	NA	NA	Human
SRR21010298	metagenome	Human	medium	Homo sapiens	NA	FALSE	NA	NA	NA	NA	Human
SRR21010312	metagenome	Human	medium	Homo sapiens	NA	FALSE	NA	NA	NA	NA	Human
SRR21010316	metagenome	Human	medium	Homo sapiens	NA	FALSE	NA	NA	NA	NA	Human
SRR21010321	metagenome	Human	medium	Homo sapiens	NA	FALSE	NA	NA	NA	NA	Human
ERR3395922	Neisseria gonorrhoeae FA 1090	Other	low	NA	NA	TRUE	NA	NA	NA	NA	Other
SRR21071061	Homo sapiens	Human	high	NA	NA	FALSE	NA	NA	NA	NA	Human
SRR21071062	Homo sapiens	Human	high	NA	NA	FALSE	NA	NA	NA	NA	Human
SRR21109203	Homo sapiens	Human	high	NA	NA	FALSE	NA	NA	NA	NA	Human
SRR21109204	Homo sapiens	Human	high	NA	NA	FALSE	NA	NA	NA	NA	Human
SRR21109205	Homo sapiens	Human	high	NA	NA	FALSE	NA	NA	NA	NA	Human
SRR21109206	Homo sapiens	Human	high	NA	NA	FALSE	NA	NA	NA	NA	Human
SRR21109207	Homo sapiens	Human	high	NA	NA	FALSE	NA	NA	NA	NA	Human
SRR21109208	Homo sapiens	Human	high	NA	NA	FALSE	NA	NA	NA	NA	Human
SRR21109209	Homo sapiens	Human	high	NA	NA	FALSE	NA	NA	NA	NA	Human
SRR21109210	Homo sapiens	Human	high	NA	NA	FALSE	NA	NA	NA	NA	Human
ERR3395925	Neisseria gonorrhoeae FA 1090	Other	low	NA	NA	TRUE	NA	NA	NA	NA	Other
ERR3395926	Neisseria gonorrhoeae FA 1090	Other	low	NA	NA	TRUE	NA	NA	NA	NA	Other
ERR3395928	Neisseria gonorrhoeae FA 1090	Other	low	NA	NA	TRUE	NA	NA	NA	NA	Other
ERR3395930	Neisseria gonorrhoeae FA 1090	Other	low	NA	NA	TRUE	NA	NA	NA	NA	Other
ERR3395936	Neisseria gonorrhoeae FA 1090	Other	low	NA	NA	TRUE	NA	NA	NA	NA	Other
ERR3395937	Neisseria gonorrhoeae FA 1090	Other	low	NA	NA	TRUE	NA	NA	NA	NA	Other
ERR3395939	Neisseria gonorrhoeae FA 1090	Other	low	NA	NA	TRUE	NA	NA	NA	NA	Other
SRR8524507	Nuclearia pattersoni	Other	low	NA	NA	TRUE	NA	NA	NA	NA	Other
ERR10889843	Oryza sativa	Other	low	NA	NA	TRUE	NA	NA	NA	NA	Other
ERR10889851	Oryza sativa	Other	low	NA	NA	TRUE	NA	NA	NA	NA	Other
SRR16093114	Oryza sativa	Other	low	NA	NA	TRUE	NA	NA	NA	NA	Other
SRR16093116	Oryza sativa	Other	low	NA	NA	TRUE	NA	NA	NA	NA	Other
SRR16093130	Oryza sativa	Other	low	NA	NA	TRUE	NA	NA	NA	NA	Other
SRR21119942	Oryza sativa	Other	low	NA	NA	TRUE	NA	NA	NA	NA	Other
SRR21134551	bovine gut metagenome	Bovine	medium	NA	NA	FALSE	NA	NA	NA	NA	Bovine
SRR21134554	bovine gut metagenome	Bovine	medium	NA	NA	FALSE	NA	NA	NA	NA	Bovine
SRR21119943	Oryza sativa	Other	low	NA	NA	TRUE	NA	NA	NA	NA	Other
SRR21148507	Amolops mantzorum	Amphibian	high	NA	NA	FALSE	NA	NA	NA	NA	Amphibian
SRR21148508	Amolops mantzorum	Amphibian	high	NA	NA	FALSE	NA	NA	NA	NA	Amphibian
SRR21148509	Amolops mantzorum	Amphibian	high	NA	NA	FALSE	NA	NA	NA	NA	Amphibian
SRR21148531	Amolops jinjiangensis	Amphibian	high	NA	NA	FALSE	NA	NA	NA	NA	Amphibian
SRR21148532	Amolops jinjiangensis	Amphibian	high	NA	NA	FALSE	NA	NA	NA	NA	Amphibian
SRR21148533	Amolops jinjiangensis	Amphibian	high	NA	NA	FALSE	NA	NA	NA	NA	Amphibian
SRR21148537	Amolops jinjiangensis	Amphibian	high	NA	NA	FALSE	NA	NA	NA	NA	Amphibian
SRR21119947	Oryza sativa	Other	low	NA	NA	TRUE	NA	NA	NA	NA	Other
SRR21119949	Oryza sativa	Other	low	NA	NA	TRUE	NA	NA	NA	NA	Other
SRR21205031	Homo sapiens	Human	high	NA	NA	FALSE	NA	NA	NA	NA	Human
SRR21205034	Homo sapiens	Human	high	NA	NA	FALSE	NA	NA	NA	NA	Human
SRR21205037	Homo sapiens	Human	high	NA	NA	FALSE	NA	NA	NA	NA	Human
SRR21231055	Paralichthys olivaceus	Ray-finned Fish	high	NA	NA	FALSE	NA	NA	NA	NA	Ray-finned Fish
SRR21284443	viral metagenome	Non-human Primate	manual	NA	Non-human Primate	FALSE	NA	NA	NA	NA	Non-human Primate
SRR21284445	viral metagenome	Non-human Primate	manual	NA	Non-human Primate	FALSE	NA	NA	NA	NA	Non-human Primate
SRR21285836	Homo sapiens	Human	high	NA	NA	FALSE	NA	NA	NA	NA	Human
SRR21290505	feces metagenome	Porcine	manual	NA	Porcine	FALSE	NA	NA	NA	NA	Porcine
SRR2141432	Homo sapiens	Human	high	NA	NA	FALSE	NA	NA	NA	NA	Human
SRR21425773	vaginal metagenome	Human	medium	NA	NA	FALSE	NA	NA	NA	NA	Human
SRR21425778	vaginal metagenome	Human	medium	NA	NA	FALSE	NA	NA	NA	NA	Human
SRR21425779	vaginal metagenome	Human	medium	NA	NA	FALSE	NA	NA	NA	NA	Human
SRR21425781	vaginal metagenome	Human	medium	NA	NA	FALSE	NA	NA	NA	NA	Human
SRR21425797	vaginal metagenome	Human	medium	NA	NA	FALSE	NA	NA	NA	NA	Human
SRR21425798	vaginal metagenome	Human	medium	NA	NA	FALSE	NA	NA	NA	NA	Human
SRR21425811	vaginal metagenome	Human	medium	NA	NA	FALSE	NA	NA	NA	NA	Human
SRR21425816	vaginal metagenome	Human	medium	NA	NA	FALSE	NA	NA	NA	NA	Human
SRR2146113	Canis familiaris papillomavirus 3	Canine	medium	NA	NA	FALSE	NA	NA	NA	NA	Canine
SRR2146115	Deltapapillomavirus 1	Bovine	medium	NA	NA	FALSE	NA	NA	NA	NA	Bovine
SRR2146120	Human papillomavirus 5	Human	medium	NA	NA	FALSE	NA	NA	NA	NA	Human
SRR2146121	human papillomavirus 32	Human	medium	NA	NA	FALSE	NA	NA	NA	NA	Human
SRR2146133	Deltapapillomavirus 1	Bovine	medium	NA	NA	FALSE	NA	NA	NA	NA	Bovine
SRR2146138	Human papillomavirus 5	Human	medium	NA	NA	FALSE	NA	NA	NA	NA	Human
SRR2146139	human papillomavirus 32	Human	medium	NA	NA	FALSE	NA	NA	NA	NA	Human
SRR2146184	synthetic metagenome	Other	manual	NA	Other	FALSE	NA	NA	NA	NA	Other
SRR2146185	synthetic metagenome	Other	manual	NA	Other	FALSE	NA	NA	NA	NA	Other
SRR21604181	human vaginal metagenome	Human	medium	NA	NA	FALSE	NA	NA	NA	NA	Human
SRR21604186	human vaginal metagenome	Human	medium	NA	NA	FALSE	NA	NA	NA	NA	Human
SRR21604189	human vaginal metagenome	Human	medium	NA	NA	FALSE	NA	NA	NA	NA	Human
SRR21604190	human vaginal metagenome	Human	medium	NA	NA	FALSE	NA	NA	NA	NA	Human
SRR21604192	human vaginal metagenome	Human	medium	NA	NA	FALSE	NA	NA	NA	NA	Human
SRR21604193	human vaginal metagenome	Human	medium	NA	NA	FALSE	NA	NA	NA	NA	Human
SRR21604194	human vaginal metagenome	Human	medium	NA	NA	FALSE	NA	NA	NA	NA	Human
SRR21604196	human vaginal metagenome	Human	medium	NA	NA	FALSE	NA	NA	NA	NA	Human
SRR21604197	human vaginal metagenome	Human	medium	NA	NA	FALSE	NA	NA	NA	NA	Human
SRR21604198	human vaginal metagenome	Human	medium	NA	NA	FALSE	NA	NA	NA	NA	Human
SRR21604199	human vaginal metagenome	Human	medium	NA	NA	FALSE	NA	NA	NA	NA	Human
SRR21604204	human vaginal metagenome	Human	medium	NA	NA	FALSE	NA	NA	NA	NA	Human
SRR21604206	human vaginal metagenome	Human	medium	NA	NA	FALSE	NA	NA	NA	NA	Human
SRR21604211	human vaginal metagenome	Human	medium	NA	NA	FALSE	NA	NA	NA	NA	Human
SRR21604213	human vaginal metagenome	Human	medium	NA	NA	FALSE	NA	NA	NA	NA	Human
SRR21604215	human vaginal metagenome	Human	medium	NA	NA	FALSE	NA	NA	NA	NA	Human
SRR21119950	Oryza sativa	Other	low	NA	NA	TRUE	NA	NA	NA	NA	Other
SRR21627125	Homo sapiens	Human	high	NA	NA	FALSE	NA	NA	NA	NA	Human
SRR21627127	Homo sapiens	Human	high	NA	NA	FALSE	NA	NA	NA	NA	Human
SRR21631221	Homo sapiens	Human	high	NA	NA	FALSE	NA	NA	NA	NA	Human
SRR21631225	Homo sapiens	Human	high	NA	NA	FALSE	NA	NA	NA	NA	Human
SRR21631240	Homo sapiens	Human	high	NA	NA	FALSE	NA	NA	NA	NA	Human
SRR21662949	human vaginal metagenome	Human	medium	NA	NA	FALSE	NA	NA	NA	NA	Human
SRR21662955	human vaginal metagenome	Human	medium	NA	NA	FALSE	NA	NA	NA	NA	Human
SRR21662992	human vaginal metagenome	Human	medium	NA	NA	FALSE	NA	NA	NA	NA	Human
SRR21662993	human vaginal metagenome	Human	medium	NA	NA	FALSE	NA	NA	NA	NA	Human
SRR21663012	human vaginal metagenome	Human	medium	NA	NA	FALSE	NA	NA	NA	NA	Human
SRR21663032	human vaginal metagenome	Human	medium	NA	NA	FALSE	NA	NA	NA	NA	Human
SRR21663035	human vaginal metagenome	Human	medium	NA	NA	FALSE	NA	NA	NA	NA	Human
SRR21663036	human vaginal metagenome	Human	medium	NA	NA	FALSE	NA	NA	NA	NA	Human
SRR21663037	human vaginal metagenome	Human	medium	NA	NA	FALSE	NA	NA	NA	NA	Human
SRR21663051	human vaginal metagenome	Human	medium	NA	NA	FALSE	NA	NA	NA	NA	Human
SRR21663080	human vaginal metagenome	Human	medium	NA	NA	FALSE	NA	NA	NA	NA	Human
SRR21663085	human vaginal metagenome	Human	medium	NA	NA	FALSE	NA	NA	NA	NA	Human
SRR21663086	human vaginal metagenome	Human	medium	NA	NA	FALSE	NA	NA	NA	NA	Human
SRR21663087	human vaginal metagenome	Human	medium	NA	NA	FALSE	NA	NA	NA	NA	Human
SRR21663101	human vaginal metagenome	Human	medium	NA	NA	FALSE	NA	NA	NA	NA	Human
SRR21663103	human vaginal metagenome	Human	medium	NA	NA	FALSE	NA	NA	NA	NA	Human
SRR21663150	human vaginal metagenome	Human	medium	NA	NA	FALSE	NA	NA	NA	NA	Human
SRR21663152	human vaginal metagenome	Human	medium	NA	NA	FALSE	NA	NA	NA	NA	Human
SRR21663153	human vaginal metagenome	Human	medium	NA	NA	FALSE	NA	NA	NA	NA	Human
SRR21663170	human vaginal metagenome	Human	medium	NA	NA	FALSE	NA	NA	NA	NA	Human
SRR21663171	human vaginal metagenome	Human	medium	NA	NA	FALSE	NA	NA	NA	NA	Human
SRR21663172	human vaginal metagenome	Human	medium	NA	NA	FALSE	NA	NA	NA	NA	Human
SRR21663174	human vaginal metagenome	Human	medium	NA	NA	FALSE	NA	NA	NA	NA	Human
SRR21663229	human vaginal metagenome	Human	medium	NA	NA	FALSE	NA	NA	NA	NA	Human
SRR21710806	Mus musculus	Rodent	high	NA	NA	FALSE	NA	NA	NA	NA	Rodent
SRR21726280	Homo sapiens	Human	high	NA	NA	FALSE	NA	NA	NA	NA	Human
SRR21747287	human gut metagenome	Human	medium	NA	NA	FALSE	NA	NA	NA	NA	Human
SRR21747291	human gut metagenome	Human	medium	NA	NA	FALSE	NA	NA	NA	NA	Human
SRR21747300	human gut metagenome	Human	medium	NA	NA	FALSE	NA	NA	NA	NA	Human
SRR21747305	human gut metagenome	Human	medium	NA	NA	FALSE	NA	NA	NA	NA	Human
SRR21747309	human gut metagenome	Human	medium	NA	NA	FALSE	NA	NA	NA	NA	Human
SRR21747311	human gut metagenome	Human	medium	NA	NA	FALSE	NA	NA	NA	NA	Human
SRR21747319	human gut metagenome	Human	medium	NA	NA	FALSE	NA	NA	NA	NA	Human
SRR21747335	human gut metagenome	Human	medium	NA	NA	FALSE	NA	NA	NA	NA	Human
SRR21747336	human gut metagenome	Human	medium	NA	NA	FALSE	NA	NA	NA	NA	Human
SRR21747340	human gut metagenome	Human	medium	NA	NA	FALSE	NA	NA	NA	NA	Human
SRR21747341	human gut metagenome	Human	medium	NA	NA	FALSE	NA	NA	NA	NA	Human
SRR21747342	human gut metagenome	Human	medium	NA	NA	FALSE	NA	NA	NA	NA	Human
SRR21747350	human gut metagenome	Human	medium	NA	NA	FALSE	NA	NA	NA	NA	Human
SRR21747359	human gut metagenome	Human	medium	NA	NA	FALSE	NA	NA	NA	NA	Human
SRR21747371	human gut metagenome	Human	medium	NA	NA	FALSE	NA	NA	NA	NA	Human
SRR21747381	human gut metagenome	Human	medium	NA	NA	FALSE	NA	NA	NA	NA	Human
SRR21119955	Oryza sativa	Other	low	NA	NA	TRUE	NA	NA	NA	NA	Other
SRR21119956	Oryza sativa	Other	low	NA	NA	TRUE	NA	NA	NA	NA	Other
SRR21770678	Canis lupus familiaris	Canine	high	NA	NA	FALSE	NA	NA	NA	NA	Canine
SRR21119959	Oryza sativa	Other	low	NA	NA	TRUE	NA	NA	NA	NA	Other
SRR21119961	Oryza sativa	Other	low	NA	NA	TRUE	NA	NA	NA	NA	Other
SRR21838344	primate metagenome	Non-human Primate	medium	NA	NA	FALSE	NA	NA	NA	NA	Non-human Primate
SRR21838346	primate metagenome	Non-human Primate	medium	NA	NA	FALSE	NA	NA	NA	NA	Non-human Primate
SRR21838350	primate metagenome	Non-human Primate	medium	NA	NA	FALSE	NA	NA	NA	NA	Non-human Primate
SRR21862800	Arvicanthis niloticus	Rodent	high	NA	NA	FALSE	NA	NA	NA	NA	Rodent
SRR21903066	Homo sapiens	Human	high	NA	NA	FALSE	NA	NA	NA	NA	Human
SRR21920472	metagenome	Human	manual	NA	Human	FALSE	NA	NA	NA	NA	Human
SRR21920473	metagenome	Human	manual	NA	Human	FALSE	NA	NA	NA	NA	Human
SRR21119965	Oryza sativa	Other	low	NA	NA	TRUE	NA	NA	NA	NA	Other
SRR21973332	human skin metagenome	Human	medium	NA	NA	FALSE	NA	NA	NA	NA	Human
SRR21973333	human skin metagenome	Human	medium	NA	NA	FALSE	NA	NA	NA	NA	Human
SRR21973334	human skin metagenome	Human	medium	NA	NA	FALSE	NA	NA	NA	NA	Human
SRR21973336	human skin metagenome	Human	medium	NA	NA	FALSE	NA	NA	NA	NA	Human
SRR21973338	human skin metagenome	Human	medium	NA	NA	FALSE	NA	NA	NA	NA	Human
SRR21973340	human skin metagenome	Human	medium	NA	NA	FALSE	NA	NA	NA	NA	Human
SRR21973341	human skin metagenome	Human	medium	NA	NA	FALSE	NA	NA	NA	NA	Human
SRR21973343	human skin metagenome	Human	medium	NA	NA	FALSE	NA	NA	NA	NA	Human
SRR21973345	human skin metagenome	Human	medium	NA	NA	FALSE	NA	NA	NA	NA	Human
SRR21973347	human skin metagenome	Human	medium	NA	NA	FALSE	NA	NA	NA	NA	Human
SRR21973349	human skin metagenome	Human	medium	NA	NA	FALSE	NA	NA	NA	NA	Human
SRR21973351	human skin metagenome	Human	medium	NA	NA	FALSE	NA	NA	NA	NA	Human
SRR21973352	human skin metagenome	Human	medium	NA	NA	FALSE	NA	NA	NA	NA	Human
SRR21973353	human skin metagenome	Human	medium	NA	NA	FALSE	NA	NA	NA	NA	Human
SRR21973354	human skin metagenome	Human	medium	NA	NA	FALSE	NA	NA	NA	NA	Human
SRR21974026	human skin metagenome	Human	medium	NA	NA	FALSE	NA	NA	NA	NA	Human
SRR21974029	human skin metagenome	Human	medium	NA	NA	FALSE	NA	NA	NA	NA	Human
SRR21974030	human skin metagenome	Human	medium	NA	NA	FALSE	NA	NA	NA	NA	Human
SRR21974032	human skin metagenome	Human	medium	NA	NA	FALSE	NA	NA	NA	NA	Human
SRR21974033	human skin metagenome	Human	medium	NA	NA	FALSE	NA	NA	NA	NA	Human
SRR21974034	human skin metagenome	Human	medium	NA	NA	FALSE	NA	NA	NA	NA	Human
SRR21974036	human skin metagenome	Human	medium	NA	NA	FALSE	NA	NA	NA	NA	Human
SRR21974037	human skin metagenome	Human	medium	NA	NA	FALSE	NA	NA	NA	NA	Human
SRR21974039	human skin metagenome	Human	medium	NA	NA	FALSE	NA	NA	NA	NA	Human
SRR21974040	human skin metagenome	Human	medium	NA	NA	FALSE	NA	NA	NA	NA	Human
SRR21974044	human skin metagenome	Human	medium	NA	NA	FALSE	NA	NA	NA	NA	Human
SRR21974897	human skin metagenome	Human	medium	NA	NA	FALSE	NA	NA	NA	NA	Human
SRR21974899	human skin metagenome	Human	medium	NA	NA	FALSE	NA	NA	NA	NA	Human
SRR21974904	human skin metagenome	Human	medium	NA	NA	FALSE	NA	NA	NA	NA	Human
SRR21974905	human skin metagenome	Human	medium	NA	NA	FALSE	NA	NA	NA	NA	Human
SRR21974906	skin metagenome	Human	medium	Homo sapiens	NA	FALSE	NA	NA	NA	NA	Human
SRR21974907	skin metagenome	Human	medium	Homo sapiens	NA	FALSE	NA	NA	NA	NA	Human
SRR21974911	skin metagenome	Human	medium	Homo sapiens	NA	FALSE	NA	NA	NA	NA	Human
SRR21977176	Homo sapiens	Human	high	NA	NA	FALSE	NA	NA	NA	NA	Human
SRR21977179	Homo sapiens	Human	high	NA	NA	FALSE	NA	NA	NA	NA	Human
SRR21977180	Homo sapiens	Human	high	NA	NA	FALSE	NA	NA	NA	NA	Human
SRR21977188	Homo sapiens	Human	high	NA	NA	FALSE	NA	NA	NA	NA	Human
SRR21977194	Homo sapiens	Human	high	NA	NA	FALSE	NA	NA	NA	NA	Human
SRR21981202	skin metagenome	Human	medium	Homo sapiens	NA	FALSE	NA	NA	NA	NA	Human
SRR21119968	Oryza sativa	Other	low	NA	NA	TRUE	NA	NA	NA	NA	Other
SRR21119969	Oryza sativa	Other	low	NA	NA	TRUE	NA	NA	NA	NA	Other
SRR22025822	human metagenome	Human	medium	NA	NA	FALSE	NA	NA	NA	NA	Human
SRR22028278	Cynoglossus semilaevis	Ray-finned Fish	high	NA	NA	FALSE	NA	NA	NA	NA	Ray-finned Fish
SRR22028279	Cynoglossus semilaevis	Ray-finned Fish	high	NA	NA	FALSE	NA	NA	NA	NA	Ray-finned Fish
SRR22028280	Cynoglossus semilaevis	Ray-finned Fish	high	NA	NA	FALSE	NA	NA	NA	NA	Ray-finned Fish
SRR22028283	Cynoglossus semilaevis	Ray-finned Fish	high	NA	NA	FALSE	NA	NA	NA	NA	Ray-finned Fish
SRR22028468	Dibamus deharvengi	Reptile	high	NA	NA	FALSE	NA	NA	NA	NA	Reptile
SRR21119971	Oryza sativa	Other	low	NA	NA	TRUE	NA	NA	NA	NA	Other
SRR21119973	Oryza sativa	Other	low	NA	NA	TRUE	NA	NA	NA	NA	Other
SRR23974017	Oryza sativa	Other	low	NA	NA	TRUE	NA	NA	NA	NA	Other
SRR7093787	Oryza sativa	Other	low	NA	NA	TRUE	NA	NA	NA	NA	Other
SRR25008161	Oryza sativa Japonica Group	Other	low	NA	NA	TRUE	NA	NA	NA	NA	Other
SRR1544448	Panagrolaimus davidi	Other	low	NA	NA	TRUE	NA	NA	NA	NA	Other
SRR5881000	Panicum virgatum	Other	low	NA	NA	TRUE	NA	NA	NA	NA	Other
SRR14141656	Papilionidae	Other	low	NA	NA	TRUE	NA	NA	NA	NA	Other
SRR14478603	Papilionidae	Other	low	NA	NA	TRUE	NA	NA	NA	NA	Other
SRR14478726	Papilionidae	Other	low	NA	NA	TRUE	NA	NA	NA	NA	Other
SRR26324874	Papillomaviridae	Non-human Primate	manual	NA	NA	TRUE	NA	NA	NA	NA	Other
ERR4695593	Paramecium sexaurelia	Other	low	NA	NA	TRUE	NA	NA	NA	NA	Other
SRR9675925	Pegoscapus gemellus complex sp. C	Other	low	NA	NA	TRUE	NA	NA	NA	NA	Other
SRR9675872	Pegoscapus grandii	Other	low	NA	NA	TRUE	NA	NA	NA	NA	Other
SRR9675928	Pegoscapus grandii	Other	low	NA	NA	TRUE	NA	NA	NA	NA	Other
SRR9675929	Pegoscapus grandii	Other	low	NA	NA	TRUE	NA	NA	NA	NA	Other
SRR7075774	Perilla frutescens var. hirtella	Other	low	NA	NA	TRUE	NA	NA	NA	NA	Other
SRR7081826	Perilla frutescens var. hirtella	Other	low	NA	NA	TRUE	NA	NA	NA	NA	Other
SRR22103697	milk metagenome	Bovine	medium	NA	NA	FALSE	NA	NA	NA	NA	Bovine
SRR22111716	human gut metagenome	Human	medium	NA	NA	FALSE	NA	NA	NA	NA	Human
SRR22111746	human gut metagenome	Human	medium	NA	NA	FALSE	NA	NA	NA	NA	Human
SRR22112057	human gut metagenome	Human	medium	NA	NA	FALSE	NA	NA	NA	NA	Human
SRR22112279	human gut metagenome	Human	medium	NA	NA	FALSE	NA	NA	NA	NA	Human
SRR359039	Pinus	Other	low	NA	NA	TRUE	NA	NA	NA	NA	Other
SRR359040	Pinus	Other	low	NA	NA	TRUE	NA	NA	NA	NA	Other
SRR22132709	Homo sapiens	Human	high	NA	NA	FALSE	NA	NA	NA	NA	Human
SRR22135789	human gut metagenome	Human	medium	NA	NA	FALSE	NA	NA	NA	NA	Human
SRR22138014	Mus musculus	Rodent	high	NA	NA	FALSE	NA	NA	NA	NA	Rodent
SRR22213301	Chionodraco hamatus	Ray-finned Fish	high	NA	NA	FALSE	NA	NA	NA	NA	Ray-finned Fish
SRR22213334	Chionodraco hamatus	Ray-finned Fish	high	NA	NA	FALSE	NA	NA	NA	NA	Ray-finned Fish
ERR1787772	Plasmodium falciparum	Other	low	NA	NA	TRUE	NA	NA	NA	NA	Other
SRR22222688	gut metagenome	Human	medium	Homo sapiens	NA	FALSE	NA	NA	NA	NA	Human
ERR1787776	Plasmodium falciparum	Other	low	NA	NA	TRUE	NA	NA	NA	NA	Other
SRR22229370	skin metagenome	Human	medium	Homo sapiens	NA	FALSE	NA	NA	NA	NA	Human
SRR22229371	skin metagenome	Human	medium	Homo sapiens	NA	FALSE	NA	NA	NA	NA	Human
SRR22229388	skin metagenome	Human	medium	Homo sapiens	NA	FALSE	NA	NA	NA	NA	Human
SRR22229389	skin metagenome	Human	medium	Homo sapiens	NA	FALSE	NA	NA	NA	NA	Human
SRR22229417	skin metagenome	Human	medium	Homo sapiens	NA	FALSE	NA	NA	NA	NA	Human
SRR22229418	skin metagenome	Human	medium	Homo sapiens	NA	FALSE	NA	NA	NA	NA	Human
SRR22229426	skin metagenome	Human	medium	Homo sapiens	NA	FALSE	NA	NA	NA	NA	Human
SRR22229446	skin metagenome	Human	medium	Homo sapiens	NA	FALSE	NA	NA	NA	NA	Human
SRR22229451	skin metagenome	Human	medium	Homo sapiens	NA	FALSE	NA	NA	NA	NA	Human
SRR22229462	skin metagenome	Human	medium	Homo sapiens	NA	FALSE	NA	NA	NA	NA	Human
SRR22229463	skin metagenome	Human	medium	Homo sapiens	NA	FALSE	NA	NA	NA	NA	Human
SRR22229481	skin metagenome	Human	medium	Homo sapiens	NA	FALSE	NA	NA	NA	NA	Human
SRR22230705	skin metagenome	Human	medium	Homo sapiens	NA	FALSE	NA	NA	NA	NA	Human
SRR22230711	skin metagenome	Human	medium	Homo sapiens	NA	FALSE	NA	NA	NA	NA	Human
SRR22230712	skin metagenome	Human	medium	Homo sapiens	NA	FALSE	NA	NA	NA	NA	Human
SRR22230737	skin metagenome	Human	medium	Homo sapiens	NA	FALSE	NA	NA	NA	NA	Human
SRR22230738	skin metagenome	Human	medium	Homo sapiens	NA	FALSE	NA	NA	NA	NA	Human
SRR22230739	skin metagenome	Human	medium	Homo sapiens	NA	FALSE	NA	NA	NA	NA	Human
SRR22230758	skin metagenome	Human	medium	Homo sapiens	NA	FALSE	NA	NA	NA	NA	Human
SRR22230760	skin metagenome	Human	medium	Homo sapiens	NA	FALSE	NA	NA	NA	NA	Human
SRR22230766	skin metagenome	Human	medium	Homo sapiens	NA	FALSE	NA	NA	NA	NA	Human
SRR22230767	skin metagenome	Human	medium	Homo sapiens	NA	FALSE	NA	NA	NA	NA	Human
SRR22230768	skin metagenome	Human	medium	Homo sapiens	NA	FALSE	NA	NA	NA	NA	Human
SRR22230784	skin metagenome	Human	medium	Homo sapiens	NA	FALSE	NA	NA	NA	NA	Human
SRR22230785	skin metagenome	Human	medium	Homo sapiens	NA	FALSE	NA	NA	NA	NA	Human
SRR22230791	skin metagenome	Human	medium	Homo sapiens	NA	FALSE	NA	NA	NA	NA	Human
SRR22230792	skin metagenome	Human	medium	Homo sapiens	NA	FALSE	NA	NA	NA	NA	Human
SRR22230803	skin metagenome	Human	medium	Homo sapiens	NA	FALSE	NA	NA	NA	NA	Human
SRR22230809	skin metagenome	Human	medium	Homo sapiens	NA	FALSE	NA	NA	NA	NA	Human
SRR22230810	skin metagenome	Human	medium	Homo sapiens	NA	FALSE	NA	NA	NA	NA	Human
SRR22230815	skin metagenome	Human	medium	Homo sapiens	NA	FALSE	NA	NA	NA	NA	Human
SRR22230816	skin metagenome	Human	medium	Homo sapiens	NA	FALSE	NA	NA	NA	NA	Human
SRR22230817	skin metagenome	Human	medium	Homo sapiens	NA	FALSE	NA	NA	NA	NA	Human
SRR22230818	skin metagenome	Human	medium	Homo sapiens	NA	FALSE	NA	NA	NA	NA	Human
SRR22230819	skin metagenome	Human	medium	Homo sapiens	NA	FALSE	NA	NA	NA	NA	Human
SRR22230820	skin metagenome	Human	medium	Homo sapiens	NA	FALSE	NA	NA	NA	NA	Human
SRR22230821	skin metagenome	Human	medium	Homo sapiens	NA	FALSE	NA	NA	NA	NA	Human
SRR22230822	skin metagenome	Human	medium	Homo sapiens	NA	FALSE	NA	NA	NA	NA	Human
SRR22230823	skin metagenome	Human	medium	Homo sapiens	NA	FALSE	NA	NA	NA	NA	Human
SRR22230824	skin metagenome	Human	medium	Homo sapiens	NA	FALSE	NA	NA	NA	NA	Human
SRR22230825	skin metagenome	Human	medium	Homo sapiens	NA	FALSE	NA	NA	NA	NA	Human
SRR22230826	skin metagenome	Human	medium	Homo sapiens	NA	FALSE	NA	NA	NA	NA	Human
SRR22230827	skin metagenome	Human	medium	Homo sapiens	NA	FALSE	NA	NA	NA	NA	Human
SRR22230828	skin metagenome	Human	medium	Homo sapiens	NA	FALSE	NA	NA	NA	NA	Human
SRR22230829	skin metagenome	Human	medium	Homo sapiens	NA	FALSE	NA	NA	NA	NA	Human
SRR22230830	skin metagenome	Human	medium	Homo sapiens	NA	FALSE	NA	NA	NA	NA	Human
SRR22230831	skin metagenome	Human	medium	Homo sapiens	NA	FALSE	NA	NA	NA	NA	Human
SRR22230832	skin metagenome	Human	medium	Homo sapiens	NA	FALSE	NA	NA	NA	NA	Human
SRR22230833	skin metagenome	Human	medium	Homo sapiens	NA	FALSE	NA	NA	NA	NA	Human
SRR22230834	skin metagenome	Human	medium	Homo sapiens	NA	FALSE	NA	NA	NA	NA	Human
SRR22230837	skin metagenome	Human	medium	Homo sapiens	NA	FALSE	NA	NA	NA	NA	Human
SRR22230838	skin metagenome	Human	medium	Homo sapiens	NA	FALSE	NA	NA	NA	NA	Human
SRR22231180	skin metagenome	Human	medium	Homo sapiens	NA	FALSE	NA	NA	NA	NA	Human
SRR22231181	skin metagenome	Human	medium	Homo sapiens	NA	FALSE	NA	NA	NA	NA	Human
SRR22231182	skin metagenome	Human	medium	Homo sapiens	NA	FALSE	NA	NA	NA	NA	Human
SRR22231183	skin metagenome	Human	medium	Homo sapiens	NA	FALSE	NA	NA	NA	NA	Human
SRR22231184	skin metagenome	Human	medium	Homo sapiens	NA	FALSE	NA	NA	NA	NA	Human
SRR22231185	skin metagenome	Human	medium	Homo sapiens	NA	FALSE	NA	NA	NA	NA	Human
SRR22231186	skin metagenome	Human	medium	Homo sapiens	NA	FALSE	NA	NA	NA	NA	Human
SRR22231187	skin metagenome	Human	medium	Homo sapiens	NA	FALSE	NA	NA	NA	NA	Human
SRR22231188	skin metagenome	Human	medium	Homo sapiens	NA	FALSE	NA	NA	NA	NA	Human
SRR22231189	skin metagenome	Human	medium	Homo sapiens	NA	FALSE	NA	NA	NA	NA	Human
SRR22231190	skin metagenome	Human	medium	Homo sapiens	NA	FALSE	NA	NA	NA	NA	Human
SRR22231191	skin metagenome	Human	medium	Homo sapiens	NA	FALSE	NA	NA	NA	NA	Human
SRR22231192	skin metagenome	Human	medium	Homo sapiens	NA	FALSE	NA	NA	NA	NA	Human
SRR22231196	skin metagenome	Human	medium	Homo sapiens	NA	FALSE	NA	NA	NA	NA	Human
SRR22231197	skin metagenome	Human	medium	Homo sapiens	NA	FALSE	NA	NA	NA	NA	Human
SRR22231198	skin metagenome	Human	medium	Homo sapiens	NA	FALSE	NA	NA	NA	NA	Human
SRR22231199	skin metagenome	Human	medium	Homo sapiens	NA	FALSE	NA	NA	NA	NA	Human
SRR22231200	skin metagenome	Human	medium	Homo sapiens	NA	FALSE	NA	NA	NA	NA	Human
SRR22231201	skin metagenome	Human	medium	Homo sapiens	NA	FALSE	NA	NA	NA	NA	Human
SRR22231202	skin metagenome	Human	medium	Homo sapiens	NA	FALSE	NA	NA	NA	NA	Human
SRR22231203	skin metagenome	Human	medium	Homo sapiens	NA	FALSE	NA	NA	NA	NA	Human
SRR22231204	skin metagenome	Human	medium	Homo sapiens	NA	FALSE	NA	NA	NA	NA	Human
SRR22231205	skin metagenome	Human	medium	Homo sapiens	NA	FALSE	NA	NA	NA	NA	Human
SRR22231206	skin metagenome	Human	medium	Homo sapiens	NA	FALSE	NA	NA	NA	NA	Human
SRR22231207	skin metagenome	Human	medium	Homo sapiens	NA	FALSE	NA	NA	NA	NA	Human
SRR22231208	skin metagenome	Human	medium	Homo sapiens	NA	FALSE	NA	NA	NA	NA	Human
SRR22231209	skin metagenome	Human	medium	Homo sapiens	NA	FALSE	NA	NA	NA	NA	Human
SRR22231212	skin metagenome	Human	medium	Homo sapiens	NA	FALSE	NA	NA	NA	NA	Human
SRR22231213	skin metagenome	Human	medium	Homo sapiens	NA	FALSE	NA	NA	NA	NA	Human
SRR22231216	skin metagenome	Human	medium	Homo sapiens	NA	FALSE	NA	NA	NA	NA	Human
SRR22231217	skin metagenome	Human	medium	Homo sapiens	NA	FALSE	NA	NA	NA	NA	Human
SRR22231218	skin metagenome	Human	medium	Homo sapiens	NA	FALSE	NA	NA	NA	NA	Human
SRR22231219	skin metagenome	Human	medium	Homo sapiens	NA	FALSE	NA	NA	NA	NA	Human
SRR22231220	skin metagenome	Human	medium	Homo sapiens	NA	FALSE	NA	NA	NA	NA	Human
SRR22231221	skin metagenome	Human	medium	Homo sapiens	NA	FALSE	NA	NA	NA	NA	Human
SRR22231222	skin metagenome	Human	medium	Homo sapiens	NA	FALSE	NA	NA	NA	NA	Human
SRR22231223	skin metagenome	Human	medium	Homo sapiens	NA	FALSE	NA	NA	NA	NA	Human
SRR22231224	skin metagenome	Human	medium	Homo sapiens	NA	FALSE	NA	NA	NA	NA	Human
SRR22231225	skin metagenome	Human	medium	Homo sapiens	NA	FALSE	NA	NA	NA	NA	Human
SRR22231226	skin metagenome	Human	medium	Homo sapiens	NA	FALSE	NA	NA	NA	NA	Human
SRR22231231	skin metagenome	Human	medium	Homo sapiens	NA	FALSE	NA	NA	NA	NA	Human
SRR22231232	skin metagenome	Human	medium	Homo sapiens	NA	FALSE	NA	NA	NA	NA	Human
SRR22231233	skin metagenome	Human	medium	Homo sapiens	NA	FALSE	NA	NA	NA	NA	Human
SRR22231234	skin metagenome	Human	medium	Homo sapiens	NA	FALSE	NA	NA	NA	NA	Human
SRR22231235	skin metagenome	Human	medium	Homo sapiens	NA	FALSE	NA	NA	NA	NA	Human
SRR22231236	skin metagenome	Human	medium	Homo sapiens	NA	FALSE	NA	NA	NA	NA	Human
SRR22231237	skin metagenome	Human	medium	Homo sapiens	NA	FALSE	NA	NA	NA	NA	Human
SRR22231238	skin metagenome	Human	medium	Homo sapiens	NA	FALSE	NA	NA	NA	NA	Human
SRR22231239	skin metagenome	Human	medium	Homo sapiens	NA	FALSE	NA	NA	NA	NA	Human
SRR22231242	skin metagenome	Human	medium	Homo sapiens	NA	FALSE	NA	NA	NA	NA	Human
SRR22231243	skin metagenome	Human	medium	Homo sapiens	NA	FALSE	NA	NA	NA	NA	Human
SRR22231244	skin metagenome	Human	medium	Homo sapiens	NA	FALSE	NA	NA	NA	NA	Human
SRR22231246	skin metagenome	Human	medium	Homo sapiens	NA	FALSE	NA	NA	NA	NA	Human
SRR22231247	skin metagenome	Human	medium	Homo sapiens	NA	FALSE	NA	NA	NA	NA	Human
SRR22231248	skin metagenome	Human	medium	Homo sapiens	NA	FALSE	NA	NA	NA	NA	Human
SRR22231249	skin metagenome	Human	medium	Homo sapiens	NA	FALSE	NA	NA	NA	NA	Human
SRR22231250	skin metagenome	Human	medium	Homo sapiens	NA	FALSE	NA	NA	NA	NA	Human
SRR22231251	skin metagenome	Human	medium	Homo sapiens	NA	FALSE	NA	NA	NA	NA	Human
SRR22231252	skin metagenome	Human	medium	Homo sapiens	NA	FALSE	NA	NA	NA	NA	Human
SRR22231253	skin metagenome	Human	medium	Homo sapiens	NA	FALSE	NA	NA	NA	NA	Human
SRR22231254	skin metagenome	Human	medium	Homo sapiens	NA	FALSE	NA	NA	NA	NA	Human
SRR22231255	skin metagenome	Human	medium	Homo sapiens	NA	FALSE	NA	NA	NA	NA	Human
SRR22231257	skin metagenome	Human	medium	Homo sapiens	NA	FALSE	NA	NA	NA	NA	Human
SRR22231258	skin metagenome	Human	medium	Homo sapiens	NA	FALSE	NA	NA	NA	NA	Human
SRR22231259	skin metagenome	Human	medium	Homo sapiens	NA	FALSE	NA	NA	NA	NA	Human
SRR22231260	skin metagenome	Human	medium	Homo sapiens	NA	FALSE	NA	NA	NA	NA	Human
SRR22231261	skin metagenome	Human	medium	Homo sapiens	NA	FALSE	NA	NA	NA	NA	Human
SRR22231262	skin metagenome	Human	medium	Homo sapiens	NA	FALSE	NA	NA	NA	NA	Human
SRR22231263	skin metagenome	Human	medium	Homo sapiens	NA	FALSE	NA	NA	NA	NA	Human
SRR22231264	skin metagenome	Human	medium	Homo sapiens	NA	FALSE	NA	NA	NA	NA	Human
SRR22231265	skin metagenome	Human	medium	Homo sapiens	NA	FALSE	NA	NA	NA	NA	Human
SRR22231266	skin metagenome	Human	medium	Homo sapiens	NA	FALSE	NA	NA	NA	NA	Human
SRR22231267	skin metagenome	Human	medium	Homo sapiens	NA	FALSE	NA	NA	NA	NA	Human
SRR22231268	skin metagenome	Human	medium	Homo sapiens	NA	FALSE	NA	NA	NA	NA	Human
SRR22231269	skin metagenome	Human	medium	Homo sapiens	NA	FALSE	NA	NA	NA	NA	Human
SRR22231270	skin metagenome	Human	medium	Homo sapiens	NA	FALSE	NA	NA	NA	NA	Human
SRR22231271	skin metagenome	Human	medium	Homo sapiens	NA	FALSE	NA	NA	NA	NA	Human
SRR22231272	skin metagenome	Human	medium	Homo sapiens	NA	FALSE	NA	NA	NA	NA	Human
SRR22231273	skin metagenome	Human	medium	Homo sapiens	NA	FALSE	NA	NA	NA	NA	Human
SRR22231274	skin metagenome	Human	medium	Homo sapiens	NA	FALSE	NA	NA	NA	NA	Human
SRR22231281	skin metagenome	Human	medium	Homo sapiens	NA	FALSE	NA	NA	NA	NA	Human
SRR22231311	skin metagenome	Human	medium	Homo sapiens	NA	FALSE	NA	NA	NA	NA	Human
SRR22231312	skin metagenome	Human	medium	Homo sapiens	NA	FALSE	NA	NA	NA	NA	Human
SRR22233973	skin metagenome	Human	medium	Homo sapiens	NA	FALSE	NA	NA	NA	NA	Human
SRR22233974	skin metagenome	Human	medium	Homo sapiens	NA	FALSE	NA	NA	NA	NA	Human
SRR22233975	skin metagenome	Human	medium	Homo sapiens	NA	FALSE	NA	NA	NA	NA	Human
SRR22234001	skin metagenome	Human	medium	Homo sapiens	NA	FALSE	NA	NA	NA	NA	Human
SRR22234003	skin metagenome	Human	medium	Homo sapiens	NA	FALSE	NA	NA	NA	NA	Human
SRR22234004	skin metagenome	Human	medium	Homo sapiens	NA	FALSE	NA	NA	NA	NA	Human
SRR22234033	skin metagenome	Human	medium	Homo sapiens	NA	FALSE	NA	NA	NA	NA	Human
SRR22234034	skin metagenome	Human	medium	Homo sapiens	NA	FALSE	NA	NA	NA	NA	Human
SRR22234041	skin metagenome	Human	medium	Homo sapiens	NA	FALSE	NA	NA	NA	NA	Human
SRR22234042	skin metagenome	Human	medium	Homo sapiens	NA	FALSE	NA	NA	NA	NA	Human
SRR22234083	skin metagenome	Human	medium	Homo sapiens	NA	FALSE	NA	NA	NA	NA	Human
SRR22234084	skin metagenome	Human	medium	Homo sapiens	NA	FALSE	NA	NA	NA	NA	Human
SRR22234109	skin metagenome	Human	medium	Homo sapiens	NA	FALSE	NA	NA	NA	NA	Human
SRR22234126	skin metagenome	Human	medium	Homo sapiens	NA	FALSE	NA	NA	NA	NA	Human
SRR22234128	skin metagenome	Human	medium	Homo sapiens	NA	FALSE	NA	NA	NA	NA	Human
SRR22234129	skin metagenome	Human	medium	Homo sapiens	NA	FALSE	NA	NA	NA	NA	Human
SRR22234134	skin metagenome	Human	medium	Homo sapiens	NA	FALSE	NA	NA	NA	NA	Human
SRR22234135	skin metagenome	Human	medium	Homo sapiens	NA	FALSE	NA	NA	NA	NA	Human
SRR22234136	skin metagenome	Human	medium	Homo sapiens	NA	FALSE	NA	NA	NA	NA	Human
SRR22234504	skin metagenome	Human	medium	Homo sapiens	NA	FALSE	NA	NA	NA	NA	Human
SRR22234505	skin metagenome	Human	medium	Homo sapiens	NA	FALSE	NA	NA	NA	NA	Human
SRR22234506	skin metagenome	Human	medium	Homo sapiens	NA	FALSE	NA	NA	NA	NA	Human
SRR22234510	skin metagenome	Human	medium	Homo sapiens	NA	FALSE	NA	NA	NA	NA	Human
SRR22234511	skin metagenome	Human	medium	Homo sapiens	NA	FALSE	NA	NA	NA	NA	Human
SRR22234512	skin metagenome	Human	medium	Homo sapiens	NA	FALSE	NA	NA	NA	NA	Human
SRR22234513	skin metagenome	Human	medium	Homo sapiens	NA	FALSE	NA	NA	NA	NA	Human
SRR22234518	skin metagenome	Human	medium	Homo sapiens	NA	FALSE	NA	NA	NA	NA	Human
SRR22234519	skin metagenome	Human	medium	Homo sapiens	NA	FALSE	NA	NA	NA	NA	Human
SRR22234520	skin metagenome	Human	medium	Homo sapiens	NA	FALSE	NA	NA	NA	NA	Human
SRR22234528	skin metagenome	Human	medium	Homo sapiens	NA	FALSE	NA	NA	NA	NA	Human
SRR22234529	skin metagenome	Human	medium	Homo sapiens	NA	FALSE	NA	NA	NA	NA	Human
SRR22234530	skin metagenome	Human	medium	Homo sapiens	NA	FALSE	NA	NA	NA	NA	Human
SRR22234541	skin metagenome	Human	medium	Homo sapiens	NA	FALSE	NA	NA	NA	NA	Human
SRR22234543	skin metagenome	Human	medium	Homo sapiens	NA	FALSE	NA	NA	NA	NA	Human
SRR22234545	skin metagenome	Human	medium	Homo sapiens	NA	FALSE	NA	NA	NA	NA	Human
SRR22234546	skin metagenome	Human	medium	Homo sapiens	NA	FALSE	NA	NA	NA	NA	Human
SRR22234554	skin metagenome	Human	medium	Homo sapiens	NA	FALSE	NA	NA	NA	NA	Human
SRR22234555	skin metagenome	Human	medium	Homo sapiens	NA	FALSE	NA	NA	NA	NA	Human
SRR22234556	skin metagenome	Human	medium	Homo sapiens	NA	FALSE	NA	NA	NA	NA	Human
SRR22234619	skin metagenome	Human	medium	Homo sapiens	NA	FALSE	NA	NA	NA	NA	Human
SRR22234620	skin metagenome	Human	medium	Homo sapiens	NA	FALSE	NA	NA	NA	NA	Human
SRR22234621	skin metagenome	Human	medium	Homo sapiens	NA	FALSE	NA	NA	NA	NA	Human
SRR22244672	skin metagenome	Human	medium	Homo sapiens	NA	FALSE	NA	NA	NA	NA	Human
SRR22244673	skin metagenome	Human	medium	Homo sapiens	NA	FALSE	NA	NA	NA	NA	Human
SRR22244678	skin metagenome	Human	medium	Homo sapiens	NA	FALSE	NA	NA	NA	NA	Human
SRR22244686	skin metagenome	Human	medium	Homo sapiens	NA	FALSE	NA	NA	NA	NA	Human
SRR22244705	skin metagenome	Human	medium	Homo sapiens	NA	FALSE	NA	NA	NA	NA	Human
SRR22244708	skin metagenome	Human	medium	Homo sapiens	NA	FALSE	NA	NA	NA	NA	Human
SRR22244709	skin metagenome	Human	medium	Homo sapiens	NA	FALSE	NA	NA	NA	NA	Human
SRR22244710	skin metagenome	Human	medium	Homo sapiens	NA	FALSE	NA	NA	NA	NA	Human
SRR22244716	skin metagenome	Human	medium	Homo sapiens	NA	FALSE	NA	NA	NA	NA	Human
SRR22244730	skin metagenome	Human	medium	Homo sapiens	NA	FALSE	NA	NA	NA	NA	Human
SRR22246260	human metagenome	Human	medium	NA	NA	FALSE	NA	NA	NA	NA	Human
ERR1939325	Plasmodium falciparum	Other	low	NA	NA	TRUE	NA	NA	NA	NA	Other
ERR1939327	Plasmodium falciparum	Other	low	NA	NA	TRUE	NA	NA	NA	NA	Other
SRR22371325	Mus musculus	Rodent	high	NA	NA	FALSE	NA	NA	NA	NA	Rodent
SRR22371335	Mus musculus	Rodent	high	NA	NA	FALSE	NA	NA	NA	NA	Rodent
SRR22371344	Mus musculus	Rodent	high	NA	NA	FALSE	NA	NA	NA	NA	Rodent
SRR22371345	Mus musculus	Rodent	high	NA	NA	FALSE	NA	NA	NA	NA	Rodent
SRR22410873	uncultured human fecal virus	Human	medium	NA	NA	FALSE	NA	NA	NA	NA	Human
SRR22410881	uncultured human fecal virus	Human	medium	NA	NA	FALSE	NA	NA	NA	NA	Human
SRR22421698	Ovis aries	Ovine	high	NA	NA	FALSE	NA	NA	NA	NA	Ovine
SRR22460675	Homo sapiens	Human	high	NA	NA	FALSE	NA	NA	NA	NA	Human
SRR22462879	metagenome	Human	medium	Homo sapiens	NA	FALSE	NA	NA	NA	NA	Human
SRR22462884	metagenome	Human	medium	Homo sapiens	NA	FALSE	NA	NA	NA	NA	Human
SRR22462885	metagenome	Human	medium	Homo sapiens	NA	FALSE	NA	NA	NA	NA	Human
SRR22462890	metagenome	Human	medium	Homo sapiens	NA	FALSE	NA	NA	NA	NA	Human
SRR22462899	metagenome	Human	medium	Homo sapiens	NA	FALSE	NA	NA	NA	NA	Human
SRR22462903	metagenome	Human	medium	Homo sapiens	NA	FALSE	NA	NA	NA	NA	Human
SRR22462907	metagenome	Human	medium	Homo sapiens	NA	FALSE	NA	NA	NA	NA	Human
SRR22462917	metagenome	Human	medium	Homo sapiens	NA	FALSE	NA	NA	NA	NA	Human
SRR22462926	metagenome	Human	medium	Homo sapiens	NA	FALSE	NA	NA	NA	NA	Human
SRR22462927	metagenome	Human	medium	Homo sapiens	NA	FALSE	NA	NA	NA	NA	Human
SRR22462934	metagenome	Human	medium	Homo sapiens	NA	FALSE	NA	NA	NA	NA	Human
SRR22526603	Homo sapiens	Human	high	NA	NA	FALSE	NA	NA	NA	NA	Human
SRR22535704	Homo sapiens	Human	high	NA	NA	FALSE	NA	NA	NA	NA	Human
SRR22535705	Homo sapiens	Human	high	NA	NA	FALSE	NA	NA	NA	NA	Human
SRR22537664	Homo sapiens	Human	high	NA	NA	FALSE	NA	NA	NA	NA	Human
SRR22537666	Homo sapiens	Human	high	NA	NA	FALSE	NA	NA	NA	NA	Human
SRR22537668	Homo sapiens	Human	high	NA	NA	FALSE	NA	NA	NA	NA	Human
SRR22537669	Homo sapiens	Human	high	NA	NA	FALSE	NA	NA	NA	NA	Human
ERR1939330	Plasmodium falciparum	Other	low	NA	NA	TRUE	NA	NA	NA	NA	Other
ERR1939332	Plasmodium falciparum	Other	low	NA	NA	TRUE	NA	NA	NA	NA	Other
ERR1939335	Plasmodium falciparum	Other	low	NA	NA	TRUE	NA	NA	NA	NA	Other
SRR22672198	Mus musculus	Rodent	high	NA	NA	FALSE	NA	NA	NA	NA	Rodent
SRR22672199	Mus musculus	Rodent	high	NA	NA	FALSE	NA	NA	NA	NA	Rodent
SRR22672201	Mus musculus	Rodent	high	NA	NA	FALSE	NA	NA	NA	NA	Rodent
SRR22672226	Mus musculus	Rodent	high	NA	NA	FALSE	NA	NA	NA	NA	Rodent
SRR22672227	Mus musculus	Rodent	high	NA	NA	FALSE	NA	NA	NA	NA	Rodent
SRR22672228	Mus musculus	Rodent	high	NA	NA	FALSE	NA	NA	NA	NA	Rodent
SRR22672229	Mus musculus	Rodent	high	NA	NA	FALSE	NA	NA	NA	NA	Rodent
SRR22672230	Mus musculus	Rodent	high	NA	NA	FALSE	NA	NA	NA	NA	Rodent
SRR22672231	Mus musculus	Rodent	high	NA	NA	FALSE	NA	NA	NA	NA	Rodent
SRR22672233	Mus musculus	Rodent	high	NA	NA	FALSE	NA	NA	NA	NA	Rodent
SRR22672239	Mus musculus	Rodent	high	NA	NA	FALSE	NA	NA	NA	NA	Rodent
SRR22672240	Mus musculus	Rodent	high	NA	NA	FALSE	NA	NA	NA	NA	Rodent
SRR22672241	Mus musculus	Rodent	high	NA	NA	FALSE	NA	NA	NA	NA	Rodent
SRR22679053	Bubalus bubalis	Bovine	high	NA	NA	FALSE	NA	NA	NA	NA	Bovine
SRR22682009	Paralichthys olivaceus	Ray-finned Fish	high	NA	NA	FALSE	NA	NA	NA	NA	Ray-finned Fish
SRR22682020	Paralichthys olivaceus	Ray-finned Fish	high	NA	NA	FALSE	NA	NA	NA	NA	Ray-finned Fish
SRR22691042	Oophaga sylvatica	Amphibian	high	NA	NA	FALSE	NA	NA	NA	NA	Amphibian
SRR22692653	Mus musculus	Rodent	high	NA	NA	FALSE	NA	NA	NA	NA	Rodent
SRR22731196	Mus musculus	Rodent	high	NA	NA	FALSE	NA	NA	NA	NA	Rodent
ERR1939336	Plasmodium falciparum	Other	low	NA	NA	TRUE	NA	NA	NA	NA	Other
ERR1939338	Plasmodium falciparum	Other	low	NA	NA	TRUE	NA	NA	NA	NA	Other
SRR22764381	Homo sapiens	Human	high	NA	NA	FALSE	NA	NA	NA	NA	Human
SRR22764382	Homo sapiens	Human	high	NA	NA	FALSE	NA	NA	NA	NA	Human
SRR22764383	Homo sapiens	Human	high	NA	NA	FALSE	NA	NA	NA	NA	Human
SRR22764384	Homo sapiens	Human	high	NA	NA	FALSE	NA	NA	NA	NA	Human
SRR22765704	Homo sapiens	Human	high	NA	NA	FALSE	NA	NA	NA	NA	Human
SRR22765706	Homo sapiens	Human	high	NA	NA	FALSE	NA	NA	NA	NA	Human
SRR22765711	Homo sapiens	Human	high	NA	NA	FALSE	NA	NA	NA	NA	Human
SRR22765713	Homo sapiens	Human	high	NA	NA	FALSE	NA	NA	NA	NA	Human
SRR22765714	Homo sapiens	Human	high	NA	NA	FALSE	NA	NA	NA	NA	Human
SRR22765715	Homo sapiens	Human	high	NA	NA	FALSE	NA	NA	NA	NA	Human
SRR22765716	Homo sapiens	Human	high	NA	NA	FALSE	NA	NA	NA	NA	Human
SRR22765725	Homo sapiens	Human	high	NA	NA	FALSE	NA	NA	NA	NA	Human
SRR22765726	Homo sapiens	Human	high	NA	NA	FALSE	NA	NA	NA	NA	Human
SRR22765728	Homo sapiens	Human	high	NA	NA	FALSE	NA	NA	NA	NA	Human
SRR22765730	Homo sapiens	Human	high	NA	NA	FALSE	NA	NA	NA	NA	Human
SRR22765732	Homo sapiens	Human	high	NA	NA	FALSE	NA	NA	NA	NA	Human
SRR22765734	Homo sapiens	Human	high	NA	NA	FALSE	NA	NA	NA	NA	Human
SRR22765745	Homo sapiens	Human	high	NA	NA	FALSE	NA	NA	NA	NA	Human
SRR22765752	Homo sapiens	Human	high	NA	NA	FALSE	NA	NA	NA	NA	Human
SRR22765755	Homo sapiens	Human	high	NA	NA	FALSE	NA	NA	NA	NA	Human
SRR22765757	Homo sapiens	Human	high	NA	NA	FALSE	NA	NA	NA	NA	Human
SRR22765759	Homo sapiens	Human	high	NA	NA	FALSE	NA	NA	NA	NA	Human
SRR22765765	Homo sapiens	Human	high	NA	NA	FALSE	NA	NA	NA	NA	Human
SRR22798964	human oral metagenome	Human	medium	NA	NA	FALSE	NA	NA	NA	NA	Human
SRR22798965	human oral metagenome	Human	medium	NA	NA	FALSE	NA	NA	NA	NA	Human
SRR22799502	gut metagenome	Equine	manual	NA	Equine	FALSE	NA	NA	NA	NA	Equine
SRR22802494	human gut metagenome	Human	medium	NA	NA	FALSE	NA	NA	NA	NA	Human
SRR22853197	human gut metagenome	Human	medium	NA	NA	FALSE	NA	NA	NA	NA	Human
SRR22853201	human gut metagenome	Human	medium	NA	NA	FALSE	NA	NA	NA	NA	Human
SRR22853203	human gut metagenome	Human	medium	NA	NA	FALSE	NA	NA	NA	NA	Human
SRR22853204	human gut metagenome	Human	medium	NA	NA	FALSE	NA	NA	NA	NA	Human
SRR22859020	Homo sapiens	Human	high	NA	NA	FALSE	NA	NA	NA	NA	Human
ERR1939340	Plasmodium falciparum	Other	low	NA	NA	TRUE	NA	NA	NA	NA	Other
SRR22979159	Homo sapiens	Human	high	NA	NA	FALSE	NA	NA	NA	NA	Human
SRR22983418	Homo sapiens	Human	high	NA	NA	FALSE	NA	NA	NA	NA	Human
SRR22983511	Homo sapiens	Human	high	NA	NA	FALSE	NA	NA	NA	NA	Human
SRR22983734	Homo sapiens	Human	high	NA	NA	FALSE	NA	NA	NA	NA	Human
SRR22983739	Homo sapiens	Human	high	NA	NA	FALSE	NA	NA	NA	NA	Human
SRR22983801	Homo sapiens	Human	high	NA	NA	FALSE	NA	NA	NA	NA	Human
SRR22983885	Homo sapiens	Human	high	NA	NA	FALSE	NA	NA	NA	NA	Human
ERR1939342	Plasmodium falciparum	Other	low	NA	NA	TRUE	NA	NA	NA	NA	Other
SRR23027973	metagenome	Human	medium	Homo sapiens	NA	FALSE	NA	NA	NA	NA	Human
SRR23027989	metagenome	Human	medium	Homo sapiens	NA	FALSE	NA	NA	NA	NA	Human
SRR23112559	Homo sapiens	Human	high	NA	NA	FALSE	NA	NA	NA	NA	Human
SRR23184537	Homo sapiens	Human	high	NA	NA	FALSE	NA	NA	NA	NA	Human
SRR2320756	Homo sapiens	Human	high	NA	NA	FALSE	NA	NA	NA	NA	Human
SRR23215279	Human respiratory syncytial virus B	Human	medium	NA	NA	FALSE	NA	NA	NA	NA	Human
SRR23245069	Homo sapiens	Human	high	NA	NA	FALSE	NA	NA	NA	NA	Human
SRR23245074	Homo sapiens	Human	high	NA	NA	FALSE	NA	NA	NA	NA	Human
SRR23245082	Homo sapiens	Human	high	NA	NA	FALSE	NA	NA	NA	NA	Human
ERR1939343	Plasmodium falciparum	Other	low	NA	NA	TRUE	NA	NA	NA	NA	Other
ERR1939344	Plasmodium falciparum	Other	low	NA	NA	TRUE	NA	NA	NA	NA	Other
ERR1939348	Plasmodium falciparum	Other	low	NA	NA	TRUE	NA	NA	NA	NA	Other
ERR1939351	Plasmodium falciparum	Other	low	NA	NA	TRUE	NA	NA	NA	NA	Other
ERR1939356	Plasmodium falciparum	Other	low	NA	NA	TRUE	NA	NA	NA	NA	Other
SRR23420351	metagenome	Human	medium	Homo sapiens	NA	FALSE	NA	NA	NA	NA	Human
SRR23420352	metagenome	Human	medium	Homo sapiens	NA	FALSE	NA	NA	NA	NA	Human
SRR23420354	metagenome	Human	medium	Homo sapiens	NA	FALSE	NA	NA	NA	NA	Human
SRR23420389	metagenome	Human	medium	Homo sapiens	NA	FALSE	NA	NA	NA	NA	Human
SRR23420393	metagenome	Human	medium	Homo sapiens	NA	FALSE	NA	NA	NA	NA	Human
SRR23446306	metagenome	Human	medium	Homo sapiens	NA	FALSE	NA	NA	NA	NA	Human
SRR23446312	metagenome	Human	medium	Homo sapiens	NA	FALSE	NA	NA	NA	NA	Human
SRR23446313	metagenome	Human	medium	Homo sapiens	NA	FALSE	NA	NA	NA	NA	Human
SRR23446325	metagenome	Human	medium	Homo sapiens	NA	FALSE	NA	NA	NA	NA	Human
SRR23490980	gut metagenome	Human	medium	Homo sapiens	NA	FALSE	NA	NA	NA	NA	Human
SRR23491011	gut metagenome	Human	medium	Homo sapiens	NA	FALSE	NA	NA	NA	NA	Human
SRR23491663	Homo sapiens	Human	high	NA	NA	FALSE	NA	NA	NA	NA	Human
SRR23500235	human nasopharyngeal metagenome	Human	medium	NA	NA	FALSE	NA	NA	NA	NA	Human
SRR23500242	human nasopharyngeal metagenome	Human	medium	NA	NA	FALSE	NA	NA	NA	NA	Human
SRR23500245	human nasopharyngeal metagenome	Human	medium	NA	NA	FALSE	NA	NA	NA	NA	Human
SRR23500249	human nasopharyngeal metagenome	Human	medium	NA	NA	FALSE	NA	NA	NA	NA	Human
SRR23500322	human nasopharyngeal metagenome	Human	medium	NA	NA	FALSE	NA	NA	NA	NA	Human
SRR23500323	human nasopharyngeal metagenome	Human	medium	NA	NA	FALSE	NA	NA	NA	NA	Human
SRR23500324	human nasopharyngeal metagenome	Human	medium	NA	NA	FALSE	NA	NA	NA	NA	Human
SRR23500325	human nasopharyngeal metagenome	Human	medium	NA	NA	FALSE	NA	NA	NA	NA	Human
SRR23500326	human nasopharyngeal metagenome	Human	medium	NA	NA	FALSE	NA	NA	NA	NA	Human
SRR23500327	human nasopharyngeal metagenome	Human	medium	NA	NA	FALSE	NA	NA	NA	NA	Human
SRR23500328	human nasopharyngeal metagenome	Human	medium	NA	NA	FALSE	NA	NA	NA	NA	Human
SRR23500329	human nasopharyngeal metagenome	Human	medium	NA	NA	FALSE	NA	NA	NA	NA	Human
SRR23500354	human nasopharyngeal metagenome	Human	medium	NA	NA	FALSE	NA	NA	NA	NA	Human
SRR23500355	human nasopharyngeal metagenome	Human	medium	NA	NA	FALSE	NA	NA	NA	NA	Human
SRR23500356	human nasopharyngeal metagenome	Human	medium	NA	NA	FALSE	NA	NA	NA	NA	Human
ERR1939359	Plasmodium falciparum	Other	low	NA	NA	TRUE	NA	NA	NA	NA	Other
SRR23637460	Human papillomavirus	Human	medium	NA	NA	FALSE	NA	NA	NA	NA	Human
SRR23639370	Human papillomavirus	Human	medium	NA	NA	FALSE	NA	NA	NA	NA	Human
SRR23639623	Human papillomavirus	Human	medium	NA	NA	FALSE	NA	NA	NA	NA	Human
SRR23640407	Human papillomavirus	Human	medium	NA	NA	FALSE	NA	NA	NA	NA	Human
SRR23640805	Human papillomavirus	Human	medium	NA	NA	FALSE	NA	NA	NA	NA	Human
SRR23641076	Human papillomavirus	Human	medium	NA	NA	FALSE	NA	NA	NA	NA	Human
ERR1939364	Plasmodium falciparum	Other	low	NA	NA	TRUE	NA	NA	NA	NA	Other
SRR23700863	Homo sapiens	Human	high	NA	NA	FALSE	NA	NA	NA	NA	Human
SRR23700944	Homo sapiens	Human	high	NA	NA	FALSE	NA	NA	NA	NA	Human
SRR23719854	Homo sapiens	Human	high	NA	NA	FALSE	NA	NA	NA	NA	Human
SRR23759435	Equus caballus	Equine	high	NA	NA	FALSE	NA	NA	NA	NA	Equine
SRR23759436	Equus caballus	Equine	high	NA	NA	FALSE	NA	NA	NA	NA	Equine
SRR23759437	Equus caballus	Equine	high	NA	NA	FALSE	NA	NA	NA	NA	Equine
SRR23759438	Equus caballus	Equine	high	NA	NA	FALSE	NA	NA	NA	NA	Equine
SRR23759440	Equus caballus	Equine	high	NA	NA	FALSE	NA	NA	NA	NA	Equine
SRR23759441	Equus caballus	Equine	high	NA	NA	FALSE	NA	NA	NA	NA	Equine
SRR23759442	Equus caballus	Equine	high	NA	NA	FALSE	NA	NA	NA	NA	Equine
SRR23759443	Equus caballus	Equine	high	NA	NA	FALSE	NA	NA	NA	NA	Equine
SRR23759444	Equus caballus	Equine	high	NA	NA	FALSE	NA	NA	NA	NA	Equine
SRR23759445	Equus caballus	Equine	high	NA	NA	FALSE	NA	NA	NA	NA	Equine
SRR23759446	Equus caballus	Equine	high	NA	NA	FALSE	NA	NA	NA	NA	Equine
SRR23803181	Homo sapiens	Human	high	NA	NA	FALSE	NA	NA	NA	NA	Human
SRR23825941	human metagenome	Human	medium	NA	NA	FALSE	NA	NA	NA	NA	Human
SRR23881938	milk metagenome	Bovine	medium	NA	NA	FALSE	NA	NA	NA	NA	Bovine
SRR23881954	milk metagenome	Bovine	medium	NA	NA	FALSE	NA	NA	NA	NA	Bovine
SRR23881955	milk metagenome	Bovine	medium	NA	NA	FALSE	NA	NA	NA	NA	Bovine
SRR23881956	milk metagenome	Bovine	medium	NA	NA	FALSE	NA	NA	NA	NA	Bovine
SRR23882005	milk metagenome	Bovine	medium	NA	NA	FALSE	NA	NA	NA	NA	Bovine
SRR23882019	milk metagenome	Bovine	medium	NA	NA	FALSE	NA	NA	NA	NA	Bovine
SRR23882027	milk metagenome	Bovine	medium	NA	NA	FALSE	NA	NA	NA	NA	Bovine
ERR1939367	Plasmodium falciparum	Other	low	NA	NA	TRUE	NA	NA	NA	NA	Other
ERR2744573	Plasmodium falciparum	Other	low	NA	NA	TRUE	NA	NA	NA	NA	Other
SRR23999404	feces metagenome	Metagenome	manual	NA	Metagenome	FALSE	NA	NA	NA	NA	Metagenome
SRR24111646	Zhangixalus dugritei	Amphibian	high	NA	NA	FALSE	NA	NA	NA	NA	Amphibian
SRR24184630	Zhangixalus dugritei	Amphibian	high	NA	NA	FALSE	NA	NA	NA	NA	Amphibian
SRR24184640	Zhangixalus hui	Amphibian	high	NA	NA	FALSE	NA	NA	NA	NA	Amphibian
SRR24184641	Zhangixalus hui	Amphibian	high	NA	NA	FALSE	NA	NA	NA	NA	Amphibian
SRR1178929	Plasmodium falciparum	Other	low	NA	NA	TRUE	NA	NA	NA	NA	Other
SRR1178930	Plasmodium falciparum	Other	low	NA	NA	TRUE	NA	NA	NA	NA	Other
SRR24224966	Parachondrostoma miegii	Ray-finned Fish	high	NA	NA	FALSE	NA	NA	NA	NA	Ray-finned Fish
SRR24236531	human vaginal metagenome	Human	medium	NA	NA	FALSE	NA	NA	NA	NA	Human
SRR24236532	human vaginal metagenome	Human	medium	NA	NA	FALSE	NA	NA	NA	NA	Human
SRR24236533	human vaginal metagenome	Human	medium	NA	NA	FALSE	NA	NA	NA	NA	Human
SRR24236534	human vaginal metagenome	Human	medium	NA	NA	FALSE	NA	NA	NA	NA	Human
SRR24236535	human vaginal metagenome	Human	medium	NA	NA	FALSE	NA	NA	NA	NA	Human
SRR24236536	human vaginal metagenome	Human	medium	NA	NA	FALSE	NA	NA	NA	NA	Human
SRR24307061	Homo sapiens	Human	high	NA	NA	FALSE	NA	NA	NA	NA	Human
SRR24307062	Homo sapiens	Human	high	NA	NA	FALSE	NA	NA	NA	NA	Human
SRR24307064	Homo sapiens	Human	high	NA	NA	FALSE	NA	NA	NA	NA	Human
SRR24307097	Homo sapiens	Human	high	NA	NA	FALSE	NA	NA	NA	NA	Human
SRR24307129	Homo sapiens	Human	high	NA	NA	FALSE	NA	NA	NA	NA	Human
SRR24307131	Homo sapiens	Human	high	NA	NA	FALSE	NA	NA	NA	NA	Human
SRR24307132	Homo sapiens	Human	high	NA	NA	FALSE	NA	NA	NA	NA	Human
SRR24307175	Homo sapiens	Human	high	NA	NA	FALSE	NA	NA	NA	NA	Human
SRR24307180	Homo sapiens	Human	high	NA	NA	FALSE	NA	NA	NA	NA	Human
SRR24367646	Mus musculus	Rodent	high	NA	NA	FALSE	NA	NA	NA	NA	Rodent
SRR24443153	Homo sapiens	Human	high	NA	NA	FALSE	NA	NA	NA	NA	Human
SRR24465286	Urocyon cinereoargenteus	Canine	high	NA	NA	FALSE	NA	NA	NA	NA	Canine
SRR24489586	Macaca mulatta	Non-human Primate	high	NA	NA	FALSE	NA	NA	NA	NA	Non-human Primate
SRR24580096	Papillomavirus sp.	Other	medium	NA	NA	FALSE	NA	NA	NA	NA	Other
SRR24580097	Papillomavirus sp.	Other	medium	NA	NA	FALSE	NA	NA	NA	NA	Other
SRR24580098	Papillomavirus sp.	Other	medium	NA	NA	FALSE	NA	NA	NA	NA	Other
SRR24580099	Papillomavirus sp.	Other	medium	NA	NA	FALSE	NA	NA	NA	NA	Other
SRR24580100	Papillomavirus sp.	Other	medium	NA	NA	FALSE	NA	NA	NA	NA	Other
SRR24580102	Papillomavirus sp.	Other	medium	NA	NA	FALSE	NA	NA	NA	NA	Other
SRR24580103	Papillomavirus sp.	Other	medium	NA	NA	FALSE	NA	NA	NA	NA	Other
SRR24580105	Papillomavirus sp.	Other	medium	NA	NA	FALSE	NA	NA	NA	NA	Other
SRR24580106	Papillomavirus sp.	Other	medium	NA	NA	FALSE	NA	NA	NA	NA	Other
SRR24658664	Homo sapiens	Human	high	NA	NA	FALSE	NA	NA	NA	NA	Human
SRR24686453	Homo sapiens	Human	high	NA	NA	FALSE	NA	NA	NA	NA	Human
SRR24713843	dust metagenome	Metagenome	manual	NA	Metagenome	FALSE	NA	NA	NA	NA	Metagenome
SRR24714037	dust metagenome	Metagenome	manual	NA	Metagenome	FALSE	NA	NA	NA	NA	Metagenome
SRR24714183	dust metagenome	Metagenome	manual	NA	Metagenome	FALSE	NA	NA	NA	NA	Metagenome
SRR24714194	dust metagenome	Metagenome	manual	NA	Metagenome	FALSE	NA	NA	NA	NA	Metagenome
SRR24714232	dust metagenome	Metagenome	manual	NA	Metagenome	FALSE	NA	NA	NA	NA	Metagenome
SRR24714307	dust metagenome	Metagenome	manual	NA	Metagenome	FALSE	NA	NA	NA	NA	Metagenome
SRR24714333	dust metagenome	Metagenome	manual	NA	Metagenome	FALSE	NA	NA	NA	NA	Metagenome
SRR24714360	dust metagenome	Metagenome	manual	NA	Metagenome	FALSE	NA	NA	NA	NA	Metagenome
SRR24714427	dust metagenome	Metagenome	manual	NA	Metagenome	FALSE	NA	NA	NA	NA	Metagenome
SRR24714519	dust metagenome	Metagenome	manual	NA	Metagenome	FALSE	NA	NA	NA	NA	Metagenome
SRR24714546	dust metagenome	Metagenome	manual	NA	Metagenome	FALSE	NA	NA	NA	NA	Metagenome
SRR24714568	dust metagenome	Metagenome	manual	NA	Metagenome	FALSE	NA	NA	NA	NA	Metagenome
SRR24714599	dust metagenome	Metagenome	manual	NA	Metagenome	FALSE	NA	NA	NA	NA	Metagenome
SRR24714674	dust metagenome	Metagenome	manual	NA	Metagenome	FALSE	NA	NA	NA	NA	Metagenome
SRR24715361	dust metagenome	Metagenome	manual	NA	Metagenome	FALSE	NA	NA	NA	NA	Metagenome
SRR24715472	dust metagenome	Metagenome	manual	NA	Metagenome	FALSE	NA	NA	NA	NA	Metagenome
SRR24715506	dust metagenome	Metagenome	manual	NA	Metagenome	FALSE	NA	NA	NA	NA	Metagenome
SRR24715595	dust metagenome	Metagenome	manual	NA	Metagenome	FALSE	NA	NA	NA	NA	Metagenome
SRR24715700	dust metagenome	Metagenome	manual	NA	Metagenome	FALSE	NA	NA	NA	NA	Metagenome
SRR24715728	dust metagenome	Metagenome	manual	NA	Metagenome	FALSE	NA	NA	NA	NA	Metagenome
SRR24715857	dust metagenome	Metagenome	manual	NA	Metagenome	FALSE	NA	NA	NA	NA	Metagenome
SRR24715943	dust metagenome	Metagenome	manual	NA	Metagenome	FALSE	NA	NA	NA	NA	Metagenome
SRR24715964	dust metagenome	Metagenome	manual	NA	Metagenome	FALSE	NA	NA	NA	NA	Metagenome
SRR24715981	dust metagenome	Metagenome	manual	NA	Metagenome	FALSE	NA	NA	NA	NA	Metagenome
SRR24715989	dust metagenome	Metagenome	manual	NA	Metagenome	FALSE	NA	NA	NA	NA	Metagenome
SRR24716035	dust metagenome	Metagenome	manual	NA	Metagenome	FALSE	NA	NA	NA	NA	Metagenome
SRR24716056	dust metagenome	Metagenome	manual	NA	Metagenome	FALSE	NA	NA	NA	NA	Metagenome
SRR24716073	dust metagenome	Metagenome	manual	NA	Metagenome	FALSE	NA	NA	NA	NA	Metagenome
SRR24716098	dust metagenome	Metagenome	manual	NA	Metagenome	FALSE	NA	NA	NA	NA	Metagenome
SRR24716128	dust metagenome	Metagenome	manual	NA	Metagenome	FALSE	NA	NA	NA	NA	Metagenome
SRR24716173	dust metagenome	Metagenome	manual	NA	Metagenome	FALSE	NA	NA	NA	NA	Metagenome
SRR24716184	dust metagenome	Metagenome	manual	NA	Metagenome	FALSE	NA	NA	NA	NA	Metagenome
SRR24719008	Ptychadena neumanni	Amphibian	high	NA	NA	FALSE	NA	NA	NA	NA	Amphibian
SRR24719138	Ptychadena erlangeri	Amphibian	high	NA	NA	FALSE	NA	NA	NA	NA	Amphibian
SRR24719158	Ptychadena beka	Amphibian	high	NA	NA	FALSE	NA	NA	NA	NA	Amphibian
SRR24719200	Ptychadena cooperi	Amphibian	high	NA	NA	FALSE	NA	NA	NA	NA	Amphibian
SRR24724941	Desmognathus kanawha	Amphibian	high	NA	NA	FALSE	NA	NA	NA	NA	Amphibian
SRR24725051	Desmognathus mavrokoilius	Amphibian	high	NA	NA	FALSE	NA	NA	NA	NA	Amphibian
SRR1178936	Plasmodium falciparum	Other	low	NA	NA	TRUE	NA	NA	NA	NA	Other
SRR1178937	Plasmodium falciparum	Other	low	NA	NA	TRUE	NA	NA	NA	NA	Other
SRR24848657	Cynoglossus semilaevis	Ray-finned Fish	high	NA	NA	FALSE	NA	NA	NA	NA	Ray-finned Fish
SRR24863899	Homo sapiens	Human	high	NA	NA	FALSE	NA	NA	NA	NA	Human
SRR24885389	Homo sapiens	Human	high	NA	NA	FALSE	NA	NA	NA	NA	Human
SRR24889679	human metagenome	Human	medium	NA	NA	FALSE	NA	NA	NA	NA	Human
SRR24889694	human metagenome	Human	medium	NA	NA	FALSE	NA	NA	NA	NA	Human
SRR24889695	human metagenome	Human	medium	NA	NA	FALSE	NA	NA	NA	NA	Human
SRR24889699	human metagenome	Human	medium	NA	NA	FALSE	NA	NA	NA	NA	Human
SRR24889707	human metagenome	Human	medium	NA	NA	FALSE	NA	NA	NA	NA	Human
SRR24889708	human metagenome	Human	medium	NA	NA	FALSE	NA	NA	NA	NA	Human
SRR24889716	human metagenome	Human	medium	NA	NA	FALSE	NA	NA	NA	NA	Human
SRR24889717	human metagenome	Human	medium	NA	NA	FALSE	NA	NA	NA	NA	Human
SRR24889718	human metagenome	Human	medium	NA	NA	FALSE	NA	NA	NA	NA	Human
SRR24889720	human metagenome	Human	medium	NA	NA	FALSE	NA	NA	NA	NA	Human
SRR24889721	human metagenome	Human	medium	NA	NA	FALSE	NA	NA	NA	NA	Human
SRR24889730	human metagenome	Human	medium	NA	NA	FALSE	NA	NA	NA	NA	Human
SRR24889770	human metagenome	Human	medium	NA	NA	FALSE	NA	NA	NA	NA	Human
SRR24889774	human metagenome	Human	medium	NA	NA	FALSE	NA	NA	NA	NA	Human
SRR24889787	human metagenome	Human	medium	NA	NA	FALSE	NA	NA	NA	NA	Human
SRR24889788	human metagenome	Human	medium	NA	NA	FALSE	NA	NA	NA	NA	Human
SRR24889790	human metagenome	Human	medium	NA	NA	FALSE	NA	NA	NA	NA	Human
SRR24889801	human metagenome	Human	medium	NA	NA	FALSE	NA	NA	NA	NA	Human
SRR24889805	human metagenome	Human	medium	NA	NA	FALSE	NA	NA	NA	NA	Human
SRR24889826	human metagenome	Human	medium	NA	NA	FALSE	NA	NA	NA	NA	Human
SRR24889845	human metagenome	Human	medium	NA	NA	FALSE	NA	NA	NA	NA	Human
SRR24889877	human metagenome	Human	medium	NA	NA	FALSE	NA	NA	NA	NA	Human
SRR24889881	human metagenome	Human	medium	NA	NA	FALSE	NA	NA	NA	NA	Human
SRR24889927	human metagenome	Human	medium	NA	NA	FALSE	NA	NA	NA	NA	Human
SRR24889935	human metagenome	Human	medium	NA	NA	FALSE	NA	NA	NA	NA	Human
SRR24889936	human metagenome	Human	medium	NA	NA	FALSE	NA	NA	NA	NA	Human
SRR24889940	human metagenome	Human	medium	NA	NA	FALSE	NA	NA	NA	NA	Human
SRR24889941	human metagenome	Human	medium	NA	NA	FALSE	NA	NA	NA	NA	Human
SRR24889943	human metagenome	Human	medium	NA	NA	FALSE	NA	NA	NA	NA	Human
SRR24889950	human metagenome	Human	medium	NA	NA	FALSE	NA	NA	NA	NA	Human
SRR24889963	human metagenome	Human	medium	NA	NA	FALSE	NA	NA	NA	NA	Human
SRR24889971	human metagenome	Human	medium	NA	NA	FALSE	NA	NA	NA	NA	Human
SRR24889973	human metagenome	Human	medium	NA	NA	FALSE	NA	NA	NA	NA	Human
SRR24889978	human metagenome	Human	medium	NA	NA	FALSE	NA	NA	NA	NA	Human
SRR24889979	human metagenome	Human	medium	NA	NA	FALSE	NA	NA	NA	NA	Human
SRR24889981	human metagenome	Human	medium	NA	NA	FALSE	NA	NA	NA	NA	Human
SRR24889982	human metagenome	Human	medium	NA	NA	FALSE	NA	NA	NA	NA	Human
SRR24889983	human metagenome	Human	medium	NA	NA	FALSE	NA	NA	NA	NA	Human
SRR24889992	human metagenome	Human	medium	NA	NA	FALSE	NA	NA	NA	NA	Human
SRR24890018	human metagenome	Human	medium	NA	NA	FALSE	NA	NA	NA	NA	Human
SRR1178938	Plasmodium falciparum	Other	low	NA	NA	TRUE	NA	NA	NA	NA	Other
SRR24901154	Homo sapiens	Human	high	NA	NA	FALSE	NA	NA	NA	NA	Human
SRR24905754	human metagenome	Human	medium	NA	NA	FALSE	NA	NA	NA	NA	Human
SRR24905757	human metagenome	Human	medium	NA	NA	FALSE	NA	NA	NA	NA	Human
SRR24905758	human metagenome	Human	medium	NA	NA	FALSE	NA	NA	NA	NA	Human
SRR24905761	human metagenome	Human	medium	NA	NA	FALSE	NA	NA	NA	NA	Human
SRR24905765	human metagenome	Human	medium	NA	NA	FALSE	NA	NA	NA	NA	Human
SRR24905768	human metagenome	Human	medium	NA	NA	FALSE	NA	NA	NA	NA	Human
SRR24905770	human metagenome	Human	medium	NA	NA	FALSE	NA	NA	NA	NA	Human
SRR24905772	human metagenome	Human	medium	NA	NA	FALSE	NA	NA	NA	NA	Human
SRR24905775	human metagenome	Human	medium	NA	NA	FALSE	NA	NA	NA	NA	Human
SRR24905777	human metagenome	Human	medium	NA	NA	FALSE	NA	NA	NA	NA	Human
SRR24905781	human metagenome	Human	medium	NA	NA	FALSE	NA	NA	NA	NA	Human
SRR24905787	human metagenome	Human	medium	NA	NA	FALSE	NA	NA	NA	NA	Human
SRR24905789	human metagenome	Human	medium	NA	NA	FALSE	NA	NA	NA	NA	Human
SRR24905794	human metagenome	Human	medium	NA	NA	FALSE	NA	NA	NA	NA	Human
SRR24905795	human metagenome	Human	medium	NA	NA	FALSE	NA	NA	NA	NA	Human
SRR24905805	human metagenome	Human	medium	NA	NA	FALSE	NA	NA	NA	NA	Human
SRR24905807	human metagenome	Human	medium	NA	NA	FALSE	NA	NA	NA	NA	Human
SRR24905812	human metagenome	Human	medium	NA	NA	FALSE	NA	NA	NA	NA	Human
SRR24905814	human metagenome	Human	medium	NA	NA	FALSE	NA	NA	NA	NA	Human
SRR24905816	human metagenome	Human	medium	NA	NA	FALSE	NA	NA	NA	NA	Human
SRR24905818	human metagenome	Human	medium	NA	NA	FALSE	NA	NA	NA	NA	Human
SRR24905821	human metagenome	Human	medium	NA	NA	FALSE	NA	NA	NA	NA	Human
SRR24905823	human metagenome	Human	medium	NA	NA	FALSE	NA	NA	NA	NA	Human
SRR24905824	human metagenome	Human	medium	NA	NA	FALSE	NA	NA	NA	NA	Human
SRR24905829	human metagenome	Human	medium	NA	NA	FALSE	NA	NA	NA	NA	Human
SRR24905831	human metagenome	Human	medium	NA	NA	FALSE	NA	NA	NA	NA	Human
SRR24905833	human metagenome	Human	medium	NA	NA	FALSE	NA	NA	NA	NA	Human
SRR24905835	human metagenome	Human	medium	NA	NA	FALSE	NA	NA	NA	NA	Human
SRR24905837	human metagenome	Human	medium	NA	NA	FALSE	NA	NA	NA	NA	Human
SRR24905839	human metagenome	Human	medium	NA	NA	FALSE	NA	NA	NA	NA	Human
SRR24905841	human metagenome	Human	medium	NA	NA	FALSE	NA	NA	NA	NA	Human
SRR24905847	human metagenome	Human	medium	NA	NA	FALSE	NA	NA	NA	NA	Human
SRR24905850	human metagenome	Human	medium	NA	NA	FALSE	NA	NA	NA	NA	Human
SRR24905854	human metagenome	Human	medium	NA	NA	FALSE	NA	NA	NA	NA	Human
SRR24905855	human metagenome	Human	medium	NA	NA	FALSE	NA	NA	NA	NA	Human
SRR24905859	human metagenome	Human	medium	NA	NA	FALSE	NA	NA	NA	NA	Human
SRR24905862	human metagenome	Human	medium	NA	NA	FALSE	NA	NA	NA	NA	Human
SRR24905863	human metagenome	Human	medium	NA	NA	FALSE	NA	NA	NA	NA	Human
SRR24905868	human metagenome	Human	medium	NA	NA	FALSE	NA	NA	NA	NA	Human
SRR24905871	human metagenome	Human	medium	NA	NA	FALSE	NA	NA	NA	NA	Human
SRR24905873	human metagenome	Human	medium	NA	NA	FALSE	NA	NA	NA	NA	Human
SRR24905874	human metagenome	Human	medium	NA	NA	FALSE	NA	NA	NA	NA	Human
SRR24905876	human metagenome	Human	medium	NA	NA	FALSE	NA	NA	NA	NA	Human
SRR24905878	human metagenome	Human	medium	NA	NA	FALSE	NA	NA	NA	NA	Human
SRR24952522	gut metagenome	Human	medium	Homo sapiens	NA	FALSE	NA	NA	NA	NA	Human
SRR24952739	gut metagenome	Human	medium	Homo sapiens	NA	FALSE	NA	NA	NA	NA	Human
SRR24955658	bovine metagenome	Bovine	medium	NA	NA	FALSE	NA	NA	NA	NA	Bovine
SRR24955661	bovine metagenome	Bovine	medium	NA	NA	FALSE	NA	NA	NA	NA	Bovine
SRR24955676	bovine metagenome	Bovine	medium	NA	NA	FALSE	NA	NA	NA	NA	Bovine
SRR24955686	bovine metagenome	Bovine	medium	NA	NA	FALSE	NA	NA	NA	NA	Bovine
SRR24955731	bovine metagenome	Bovine	medium	NA	NA	FALSE	NA	NA	NA	NA	Bovine
SRR24955786	bovine metagenome	Bovine	medium	NA	NA	FALSE	NA	NA	NA	NA	Bovine
SRR24956127	bovine metagenome	Bovine	medium	NA	NA	FALSE	NA	NA	NA	NA	Bovine
SRR24956151	bovine metagenome	Bovine	medium	NA	NA	FALSE	NA	NA	NA	NA	Bovine
SRR24956195	bovine metagenome	Bovine	medium	NA	NA	FALSE	NA	NA	NA	NA	Bovine
SRR24956270	bovine metagenome	Bovine	medium	NA	NA	FALSE	NA	NA	NA	NA	Bovine
SRR24956271	bovine metagenome	Bovine	medium	NA	NA	FALSE	NA	NA	NA	NA	Bovine
SRR24963189	bovine metagenome	Bovine	medium	NA	NA	FALSE	NA	NA	NA	NA	Bovine
SRR24963196	bovine metagenome	Bovine	medium	NA	NA	FALSE	NA	NA	NA	NA	Bovine
SRR24963203	bovine metagenome	Bovine	medium	NA	NA	FALSE	NA	NA	NA	NA	Bovine
SRR24963245	bovine metagenome	Bovine	medium	NA	NA	FALSE	NA	NA	NA	NA	Bovine
SRR24963268	bovine metagenome	Bovine	medium	NA	NA	FALSE	NA	NA	NA	NA	Bovine
SRR24963290	bovine metagenome	Bovine	medium	NA	NA	FALSE	NA	NA	NA	NA	Bovine
SRR24963302	bovine metagenome	Bovine	medium	NA	NA	FALSE	NA	NA	NA	NA	Bovine
SRR24963325	bovine metagenome	Bovine	medium	NA	NA	FALSE	NA	NA	NA	NA	Bovine
SRR24963359	bovine metagenome	Bovine	medium	NA	NA	FALSE	NA	NA	NA	NA	Bovine
SRR24963380	bovine metagenome	Bovine	medium	NA	NA	FALSE	NA	NA	NA	NA	Bovine
SRR24963389	bovine metagenome	Bovine	medium	NA	NA	FALSE	NA	NA	NA	NA	Bovine
SRR24963419	bovine metagenome	Bovine	medium	NA	NA	FALSE	NA	NA	NA	NA	Bovine
SRR24963462	bovine metagenome	Bovine	medium	NA	NA	FALSE	NA	NA	NA	NA	Bovine
SRR24963468	bovine metagenome	Bovine	medium	NA	NA	FALSE	NA	NA	NA	NA	Bovine
SRR24963500	bovine metagenome	Bovine	medium	NA	NA	FALSE	NA	NA	NA	NA	Bovine
SRR1178940	Plasmodium falciparum	Other	low	NA	NA	TRUE	NA	NA	NA	NA	Other
SRR25009024	human urinary tract metagenome	Human	medium	NA	NA	FALSE	NA	NA	NA	NA	Human
SRR25010649	sediment metagenome	Metagenome	manual	NA	Metagenome	FALSE	NA	NA	NA	NA	Metagenome
SRR25022632	human lung metagenome	Human	medium	NA	NA	FALSE	NA	NA	NA	NA	Human
SRR25031639	Felis catus	Feline	high	NA	NA	FALSE	NA	NA	NA	NA	Feline
SRR25031640	Felis catus	Feline	high	NA	NA	FALSE	NA	NA	NA	NA	Feline
SRR25031641	Felis catus	Feline	high	NA	NA	FALSE	NA	NA	NA	NA	Feline
SRR25031658	Felis catus	Feline	high	NA	NA	FALSE	NA	NA	NA	NA	Feline
SRR25107315	Mus musculus	Rodent	high	NA	NA	FALSE	NA	NA	NA	NA	Rodent
SRR25256522	Manidae sp.	Pangolin	high	NA	NA	FALSE	NA	NA	NA	NA	Pangolin
SRR25256528	Manidae sp.	Pangolin	high	NA	NA	FALSE	NA	NA	NA	NA	Pangolin
SRR25256529	Manidae sp.	Pangolin	high	NA	NA	FALSE	NA	NA	NA	NA	Pangolin
SRR25256535	Manidae sp.	Pangolin	high	NA	NA	FALSE	NA	NA	NA	NA	Pangolin
SRR25256542	Manidae sp.	Pangolin	high	NA	NA	FALSE	NA	NA	NA	NA	Pangolin
SRR25256549	Manidae sp.	Pangolin	high	NA	NA	FALSE	NA	NA	NA	NA	Pangolin
SRR25256550	Manidae sp.	Pangolin	high	NA	NA	FALSE	NA	NA	NA	NA	Pangolin
SRR25256564	Manidae sp.	Pangolin	high	NA	NA	FALSE	NA	NA	NA	NA	Pangolin
SRR25256565	Manidae sp.	Pangolin	high	NA	NA	FALSE	NA	NA	NA	NA	Pangolin
SRR25256569	Manidae sp.	Pangolin	high	NA	NA	FALSE	NA	NA	NA	NA	Pangolin
SRR25256573	Manidae sp.	Pangolin	high	NA	NA	FALSE	NA	NA	NA	NA	Pangolin
SRR25256588	Manidae sp.	Pangolin	high	NA	NA	FALSE	NA	NA	NA	NA	Pangolin
SRR25256591	Manidae sp.	Pangolin	high	NA	NA	FALSE	NA	NA	NA	NA	Pangolin
SRR25256604	Manidae sp.	Pangolin	high	NA	NA	FALSE	NA	NA	NA	NA	Pangolin
SRR25256617	Manidae sp.	Pangolin	high	NA	NA	FALSE	NA	NA	NA	NA	Pangolin
SRR25256618	Manidae sp.	Pangolin	high	NA	NA	FALSE	NA	NA	NA	NA	Pangolin
SRR25281061	Homo sapiens	Human	high	NA	NA	FALSE	NA	NA	NA	NA	Human
SRR25281062	Homo sapiens	Human	high	NA	NA	FALSE	NA	NA	NA	NA	Human
SRR25281063	Homo sapiens	Human	high	NA	NA	FALSE	NA	NA	NA	NA	Human
SRR25281064	Homo sapiens	Human	high	NA	NA	FALSE	NA	NA	NA	NA	Human
SRR25281075	Homo sapiens	Human	high	NA	NA	FALSE	NA	NA	NA	NA	Human
SRR25281084	Homo sapiens	Human	high	NA	NA	FALSE	NA	NA	NA	NA	Human
SRR25281085	Homo sapiens	Human	high	NA	NA	FALSE	NA	NA	NA	NA	Human
SRR25288481	bat metagenome	Bat	medium	NA	NA	FALSE	NA	NA	NA	NA	Bat
SRR25288483	bat metagenome	Bat	medium	NA	NA	FALSE	NA	NA	NA	NA	Bat
SRR25288484	bat metagenome	Bat	medium	NA	NA	FALSE	NA	NA	NA	NA	Bat
SRR25288489	bat metagenome	Bat	medium	NA	NA	FALSE	NA	NA	NA	NA	Bat
SRR25288495	bat metagenome	Bat	medium	NA	NA	FALSE	NA	NA	NA	NA	Bat
SRR25288499	bat metagenome	Bat	medium	NA	NA	FALSE	NA	NA	NA	NA	Bat
SRR25288502	bat metagenome	Bat	medium	NA	NA	FALSE	NA	NA	NA	NA	Bat
SRR25288506	bat metagenome	Bat	medium	NA	NA	FALSE	NA	NA	NA	NA	Bat
SRR25288518	bat metagenome	Bat	medium	NA	NA	FALSE	NA	NA	NA	NA	Bat
SRR25288519	bat metagenome	Bat	medium	NA	NA	FALSE	NA	NA	NA	NA	Bat
SRR25288524	bat metagenome	Bat	medium	NA	NA	FALSE	NA	NA	NA	NA	Bat
SRR25288528	bat metagenome	Bat	medium	NA	NA	FALSE	NA	NA	NA	NA	Bat
SRR25288535	bat metagenome	Bat	medium	NA	NA	FALSE	NA	NA	NA	NA	Bat
SRR25288536	bat metagenome	Bat	medium	NA	NA	FALSE	NA	NA	NA	NA	Bat
SRR25288546	bat metagenome	Bat	medium	NA	NA	FALSE	NA	NA	NA	NA	Bat
SRR25288568	bat metagenome	Bat	medium	NA	NA	FALSE	NA	NA	NA	NA	Bat
SRR25288570	bat metagenome	Bat	medium	NA	NA	FALSE	NA	NA	NA	NA	Bat
SRR25288571	bat metagenome	Bat	medium	NA	NA	FALSE	NA	NA	NA	NA	Bat
SRR25288596	bat metagenome	Bat	medium	NA	NA	FALSE	NA	NA	NA	NA	Bat
SRR25288600	bat metagenome	Bat	medium	NA	NA	FALSE	NA	NA	NA	NA	Bat
SRR25288604	bat metagenome	Bat	medium	NA	NA	FALSE	NA	NA	NA	NA	Bat
SRR25288616	bat metagenome	Bat	medium	NA	NA	FALSE	NA	NA	NA	NA	Bat
SRR25288617	bat metagenome	Bat	medium	NA	NA	FALSE	NA	NA	NA	NA	Bat
SRR25288618	bat metagenome	Bat	medium	NA	NA	FALSE	NA	NA	NA	NA	Bat
SRR25288620	bat metagenome	Bat	medium	NA	NA	FALSE	NA	NA	NA	NA	Bat
SRR25288621	bat metagenome	Bat	medium	NA	NA	FALSE	NA	NA	NA	NA	Bat
SRR25288642	bat metagenome	Bat	medium	NA	NA	FALSE	NA	NA	NA	NA	Bat
SRR25288643	bat metagenome	Bat	medium	NA	NA	FALSE	NA	NA	NA	NA	Bat
SRR25288680	bat metagenome	Bat	medium	NA	NA	FALSE	NA	NA	NA	NA	Bat
SRR25288681	bat metagenome	Bat	medium	NA	NA	FALSE	NA	NA	NA	NA	Bat
SRR25288684	bat metagenome	Bat	medium	NA	NA	FALSE	NA	NA	NA	NA	Bat
SRR25288687	bat metagenome	Bat	medium	NA	NA	FALSE	NA	NA	NA	NA	Bat
SRR25288688	bat metagenome	Bat	medium	NA	NA	FALSE	NA	NA	NA	NA	Bat
SRR25288689	bat metagenome	Bat	medium	NA	NA	FALSE	NA	NA	NA	NA	Bat
SRR25288692	bat metagenome	Bat	medium	NA	NA	FALSE	NA	NA	NA	NA	Bat
SRR25288693	bat metagenome	Bat	medium	NA	NA	FALSE	NA	NA	NA	NA	Bat
SRR25288694	bat metagenome	Bat	medium	NA	NA	FALSE	NA	NA	NA	NA	Bat
SRR25288701	bat metagenome	Bat	medium	NA	NA	FALSE	NA	NA	NA	NA	Bat
SRR25288704	bat metagenome	Bat	medium	NA	NA	FALSE	NA	NA	NA	NA	Bat
SRR25288711	bat metagenome	Bat	medium	NA	NA	FALSE	NA	NA	NA	NA	Bat
SRR25288716	bat metagenome	Bat	medium	NA	NA	FALSE	NA	NA	NA	NA	Bat
SRR25288726	bat metagenome	Bat	medium	NA	NA	FALSE	NA	NA	NA	NA	Bat
SRR25288729	bat metagenome	Bat	medium	NA	NA	FALSE	NA	NA	NA	NA	Bat
SRR25288731	bat metagenome	Bat	medium	NA	NA	FALSE	NA	NA	NA	NA	Bat
SRR25288734	bat metagenome	Bat	medium	NA	NA	FALSE	NA	NA	NA	NA	Bat
SRR25288736	bat metagenome	Bat	medium	NA	NA	FALSE	NA	NA	NA	NA	Bat
SRR25288742	bat metagenome	Bat	medium	NA	NA	FALSE	NA	NA	NA	NA	Bat
SRR25288745	bat metagenome	Bat	medium	NA	NA	FALSE	NA	NA	NA	NA	Bat
SRR25288749	bat metagenome	Bat	medium	NA	NA	FALSE	NA	NA	NA	NA	Bat
SRR25288751	bat metagenome	Bat	medium	NA	NA	FALSE	NA	NA	NA	NA	Bat
SRR25288757	bat metagenome	Bat	medium	NA	NA	FALSE	NA	NA	NA	NA	Bat
SRR25288764	bat metagenome	Bat	medium	NA	NA	FALSE	NA	NA	NA	NA	Bat
SRR25288767	bat metagenome	Bat	medium	NA	NA	FALSE	NA	NA	NA	NA	Bat
SRR25288769	bat metagenome	Bat	medium	NA	NA	FALSE	NA	NA	NA	NA	Bat
SRR25288770	bat metagenome	Bat	medium	NA	NA	FALSE	NA	NA	NA	NA	Bat
SRR25288772	bat metagenome	Bat	medium	NA	NA	FALSE	NA	NA	NA	NA	Bat
SRR25288773	bat metagenome	Bat	medium	NA	NA	FALSE	NA	NA	NA	NA	Bat
SRR25288775	bat metagenome	Bat	medium	NA	NA	FALSE	NA	NA	NA	NA	Bat
SRR25288782	bat metagenome	Bat	medium	NA	NA	FALSE	NA	NA	NA	NA	Bat
SRR25288784	bat metagenome	Bat	medium	NA	NA	FALSE	NA	NA	NA	NA	Bat
SRR25288795	bat metagenome	Bat	medium	NA	NA	FALSE	NA	NA	NA	NA	Bat
SRR25288797	bat metagenome	Bat	medium	NA	NA	FALSE	NA	NA	NA	NA	Bat
SRR25288803	bat metagenome	Bat	medium	NA	NA	FALSE	NA	NA	NA	NA	Bat
SRR25288805	bat metagenome	Bat	medium	NA	NA	FALSE	NA	NA	NA	NA	Bat
SRR25288807	bat metagenome	Bat	medium	NA	NA	FALSE	NA	NA	NA	NA	Bat
SRR25288810	bat metagenome	Bat	medium	NA	NA	FALSE	NA	NA	NA	NA	Bat
SRR25288811	bat metagenome	Bat	medium	NA	NA	FALSE	NA	NA	NA	NA	Bat
SRR25288812	bat metagenome	Bat	medium	NA	NA	FALSE	NA	NA	NA	NA	Bat
SRR25288813	bat metagenome	Bat	medium	NA	NA	FALSE	NA	NA	NA	NA	Bat
SRR25288818	bat metagenome	Bat	medium	NA	NA	FALSE	NA	NA	NA	NA	Bat
SRR25288820	bat metagenome	Bat	medium	NA	NA	FALSE	NA	NA	NA	NA	Bat
SRR25288821	bat metagenome	Bat	medium	NA	NA	FALSE	NA	NA	NA	NA	Bat
SRR25288825	bat metagenome	Bat	medium	NA	NA	FALSE	NA	NA	NA	NA	Bat
SRR25288835	bat metagenome	Bat	medium	NA	NA	FALSE	NA	NA	NA	NA	Bat
SRR25288839	bat metagenome	Bat	medium	NA	NA	FALSE	NA	NA	NA	NA	Bat
SRR25288841	bat metagenome	Bat	medium	NA	NA	FALSE	NA	NA	NA	NA	Bat
SRR1178943	Plasmodium falciparum	Other	low	NA	NA	TRUE	NA	NA	NA	NA	Other
SRR1178944	Plasmodium falciparum	Other	low	NA	NA	TRUE	NA	NA	NA	NA	Other
SRR12781763	Plasmodium falciparum	Other	low	NA	NA	TRUE	NA	NA	NA	NA	Other
SRR16019139	Plasmodium falciparum	Other	low	NA	NA	TRUE	NA	NA	NA	NA	Other
SRR16019140	Plasmodium falciparum	Other	low	NA	NA	TRUE	NA	NA	NA	NA	Other
SRR16020919	Plasmodium falciparum	Other	low	NA	NA	TRUE	NA	NA	NA	NA	Other
SRR16020944	Plasmodium falciparum	Other	low	NA	NA	TRUE	NA	NA	NA	NA	Other
SRR25460192	human metagenome	Human	medium	NA	NA	FALSE	NA	NA	NA	NA	Human
SRR25460196	human metagenome	Human	medium	NA	NA	FALSE	NA	NA	NA	NA	Human
SRR25460215	human metagenome	Human	medium	NA	NA	FALSE	NA	NA	NA	NA	Human
SRR25460345	human metagenome	Human	medium	NA	NA	FALSE	NA	NA	NA	NA	Human
SRR25460352	human metagenome	Human	medium	NA	NA	FALSE	NA	NA	NA	NA	Human
SRR25460355	human metagenome	Human	medium	NA	NA	FALSE	NA	NA	NA	NA	Human
SRR25460372	human metagenome	Human	medium	NA	NA	FALSE	NA	NA	NA	NA	Human
SRR25460377	human metagenome	Human	medium	NA	NA	FALSE	NA	NA	NA	NA	Human
SRR25460390	human metagenome	Human	medium	NA	NA	FALSE	NA	NA	NA	NA	Human
SRR25461973	Manidae sp.	Pangolin	high	NA	NA	FALSE	NA	NA	NA	NA	Pangolin
SRR25523787	Mus musculus	Rodent	high	NA	NA	FALSE	NA	NA	NA	NA	Rodent
SRR25570572	skin metagenome	Human	medium	Homo sapiens	NA	FALSE	NA	NA	NA	NA	Human
SRR25570573	skin metagenome	Human	medium	Homo sapiens	NA	FALSE	NA	NA	NA	NA	Human
SRR25570574	skin metagenome	Human	medium	Homo sapiens	NA	FALSE	NA	NA	NA	NA	Human
SRR25570575	skin metagenome	Human	medium	Homo sapiens	NA	FALSE	NA	NA	NA	NA	Human
SRR25570576	skin metagenome	Human	medium	Homo sapiens	NA	FALSE	NA	NA	NA	NA	Human
SRR25570577	skin metagenome	Human	medium	Homo sapiens	NA	FALSE	NA	NA	NA	NA	Human
SRR25570580	skin metagenome	Human	medium	Homo sapiens	NA	FALSE	NA	NA	NA	NA	Human
SRR25570581	skin metagenome	Human	medium	Homo sapiens	NA	FALSE	NA	NA	NA	NA	Human
SRR25570592	skin metagenome	Human	medium	Homo sapiens	NA	FALSE	NA	NA	NA	NA	Human
SRR25570595	skin metagenome	Human	medium	Homo sapiens	NA	FALSE	NA	NA	NA	NA	Human
SRR25570600	skin metagenome	Human	medium	Homo sapiens	NA	FALSE	NA	NA	NA	NA	Human
SRR25570601	skin metagenome	Human	medium	Homo sapiens	NA	FALSE	NA	NA	NA	NA	Human
SRR25570618	skin metagenome	Human	medium	Homo sapiens	NA	FALSE	NA	NA	NA	NA	Human
SRR25570619	skin metagenome	Human	medium	Homo sapiens	NA	FALSE	NA	NA	NA	NA	Human
SRR25639842	human metagenome	Human	medium	NA	NA	FALSE	NA	NA	NA	NA	Human
SRR25648973	Falco sparverius	Avian	high	NA	NA	FALSE	NA	NA	NA	NA	Avian
SRR2565539	human gut metagenome	Human	medium	NA	NA	FALSE	NA	NA	NA	NA	Human
SRR2565547	human gut metagenome	Human	medium	NA	NA	FALSE	NA	NA	NA	NA	Human
SRR2565552	human gut metagenome	Human	medium	NA	NA	FALSE	NA	NA	NA	NA	Human
SRR2565557	human gut metagenome	Human	medium	NA	NA	FALSE	NA	NA	NA	NA	Human
SRR2565812	human gut metagenome	Human	medium	NA	NA	FALSE	NA	NA	NA	NA	Human
SRR16020945	Plasmodium falciparum	Other	low	NA	NA	TRUE	NA	NA	NA	NA	Other
SRR2565813	human gut metagenome	Human	medium	NA	NA	FALSE	NA	NA	NA	NA	Human
SRR2565819	human gut metagenome	Human	medium	NA	NA	FALSE	NA	NA	NA	NA	Human
SRR2565820	human gut metagenome	Human	medium	NA	NA	FALSE	NA	NA	NA	NA	Human
SRR2565822	human gut metagenome	Human	medium	NA	NA	FALSE	NA	NA	NA	NA	Human
SRR2565833	human gut metagenome	Human	medium	NA	NA	FALSE	NA	NA	NA	NA	Human
SRR2565843	human gut metagenome	Human	medium	NA	NA	FALSE	NA	NA	NA	NA	Human
SRR2565846	human gut metagenome	Human	medium	NA	NA	FALSE	NA	NA	NA	NA	Human
SRR2565847	human gut metagenome	Human	medium	NA	NA	FALSE	NA	NA	NA	NA	Human
SRR2565849	human gut metagenome	Human	medium	NA	NA	FALSE	NA	NA	NA	NA	Human
SRR2565926	human gut metagenome	Human	medium	NA	NA	FALSE	NA	NA	NA	NA	Human
SRR2565929	human gut metagenome	Human	medium	NA	NA	FALSE	NA	NA	NA	NA	Human
SRR2565930	human gut metagenome	Human	medium	NA	NA	FALSE	NA	NA	NA	NA	Human
SRR2565932	human gut metagenome	Human	medium	NA	NA	FALSE	NA	NA	NA	NA	Human
SRR2565933	human gut metagenome	Human	medium	NA	NA	FALSE	NA	NA	NA	NA	Human
SRR2565934	human gut metagenome	Human	medium	NA	NA	FALSE	NA	NA	NA	NA	Human
SRR2565936	human gut metagenome	Human	medium	NA	NA	FALSE	NA	NA	NA	NA	Human
SRR2565950	human gut metagenome	Human	medium	NA	NA	FALSE	NA	NA	NA	NA	Human
SRR2565960	human gut metagenome	Human	medium	NA	NA	FALSE	NA	NA	NA	NA	Human
SRR2565962	human gut metagenome	Human	medium	NA	NA	FALSE	NA	NA	NA	NA	Human
SRR2565980	human gut metagenome	Human	medium	NA	NA	FALSE	NA	NA	NA	NA	Human
SRR2565981	human gut metagenome	Human	medium	NA	NA	FALSE	NA	NA	NA	NA	Human
SRR2565982	human gut metagenome	Human	medium	NA	NA	FALSE	NA	NA	NA	NA	Human
SRR2565985	human gut metagenome	Human	medium	NA	NA	FALSE	NA	NA	NA	NA	Human
SRR2566003	human gut metagenome	Human	medium	NA	NA	FALSE	NA	NA	NA	NA	Human
SRR2566008	human gut metagenome	Human	medium	NA	NA	FALSE	NA	NA	NA	NA	Human
SRR2566018	human gut metagenome	Human	medium	NA	NA	FALSE	NA	NA	NA	NA	Human
SRR2566027	human gut metagenome	Human	medium	NA	NA	FALSE	NA	NA	NA	NA	Human
SRR2566034	human gut metagenome	Human	medium	NA	NA	FALSE	NA	NA	NA	NA	Human
SRR2566047	human gut metagenome	Human	medium	NA	NA	FALSE	NA	NA	NA	NA	Human
SRR2566049	human gut metagenome	Human	medium	NA	NA	FALSE	NA	NA	NA	NA	Human
SRR2566060	human gut metagenome	Human	medium	NA	NA	FALSE	NA	NA	NA	NA	Human
SRR2566063	human gut metagenome	Human	medium	NA	NA	FALSE	NA	NA	NA	NA	Human
SRR2566064	human gut metagenome	Human	medium	NA	NA	FALSE	NA	NA	NA	NA	Human
SRR2566069	human gut metagenome	Human	medium	NA	NA	FALSE	NA	NA	NA	NA	Human
SRR25661111	Aquila rapax	Avian	high	NA	NA	FALSE	NA	NA	NA	NA	Avian
SRR16976805	Plasmodium falciparum	Other	low	NA	NA	TRUE	NA	NA	NA	NA	Other
SRR16976806	Plasmodium falciparum	Other	low	NA	NA	TRUE	NA	NA	NA	NA	Other
SRR16976807	Plasmodium falciparum	Other	low	NA	NA	TRUE	NA	NA	NA	NA	Other
SRR25663464	Falco subbuteo	Avian	high	NA	NA	FALSE	NA	NA	NA	NA	Avian
SRR25663465	Falco biarmicus	Avian	high	NA	NA	FALSE	NA	NA	NA	NA	Avian
SRR25663668	Falco jugger	Avian	high	NA	NA	FALSE	NA	NA	NA	NA	Avian
SRR25663669	Accipiter badius	Avian	high	NA	NA	FALSE	NA	NA	NA	NA	Avian
SRR25663977	Falco zoniventris	Avian	high	NA	NA	FALSE	NA	NA	NA	NA	Avian
SRR25663978	Falco concolor	Avian	high	NA	NA	FALSE	NA	NA	NA	NA	Avian
SRR25664249	Falco chicquera	Avian	high	NA	NA	FALSE	NA	NA	NA	NA	Avian
SRR1178932	Plasmodium knowlesi	Other	low	NA	NA	TRUE	NA	NA	NA	NA	Other
SRR25679355	Homo sapiens	Human	high	NA	NA	FALSE	NA	NA	NA	NA	Human
SRR1178934	Plasmodium knowlesi	Other	low	NA	NA	TRUE	NA	NA	NA	NA	Other
SRR25728098	algae metagenome	Metagenome	manual	NA	Metagenome	FALSE	NA	NA	NA	NA	Metagenome
SRR25737668	Podarcis muralis	Reptile	high	NA	NA	FALSE	NA	NA	NA	NA	Reptile
SRR25790684	Homo sapiens	Human	high	NA	NA	FALSE	NA	NA	NA	NA	Human
SRR25790691	Homo sapiens	Human	high	NA	NA	FALSE	NA	NA	NA	NA	Human
SRR2583965	human gut metagenome	Human	medium	NA	NA	FALSE	NA	NA	NA	NA	Human
SRR2583984	human gut metagenome	Human	medium	NA	NA	FALSE	NA	NA	NA	NA	Human
SRR25936477	human skin metagenome	Human	medium	NA	NA	FALSE	NA	NA	NA	NA	Human
SRR25936485	human skin metagenome	Human	medium	NA	NA	FALSE	NA	NA	NA	NA	Human
SRR25936486	human skin metagenome	Human	medium	NA	NA	FALSE	NA	NA	NA	NA	Human
SRR25936490	human skin metagenome	Human	medium	NA	NA	FALSE	NA	NA	NA	NA	Human
SRR25936495	human skin metagenome	Human	medium	NA	NA	FALSE	NA	NA	NA	NA	Human
SRR25936499	human skin metagenome	Human	medium	NA	NA	FALSE	NA	NA	NA	NA	Human
SRR25936507	human skin metagenome	Human	medium	NA	NA	FALSE	NA	NA	NA	NA	Human
SRR25936516	human skin metagenome	Human	medium	NA	NA	FALSE	NA	NA	NA	NA	Human
SRR25936518	human skin metagenome	Human	medium	NA	NA	FALSE	NA	NA	NA	NA	Human
SRR26045503	Homo sapiens	Human	high	NA	NA	FALSE	NA	NA	NA	NA	Human
SRR26070879	Myodes glareolus	Rodent	high	NA	NA	FALSE	NA	NA	NA	NA	Rodent
SRR1178939	Plasmodium knowlesi	Other	low	NA	NA	TRUE	NA	NA	NA	NA	Other
SRR26075289	Homo sapiens	Human	high	NA	NA	FALSE	NA	NA	NA	NA	Human
SRR1178946	Plasmodium knowlesi	Other	low	NA	NA	TRUE	NA	NA	NA	NA	Other
SRR26115763	metagenome	Human	medium	Homo sapiens	NA	FALSE	NA	NA	NA	NA	Human
SRR26115817	metagenome	Human	medium	Homo sapiens	NA	FALSE	NA	NA	NA	NA	Human
SRR26162454	skin metagenome	Human	medium	Homo sapiens	NA	FALSE	NA	NA	NA	NA	Human
SRR26162455	skin metagenome	Human	medium	Homo sapiens	NA	FALSE	NA	NA	NA	NA	Human
SRR26162478	skin metagenome	Human	medium	Homo sapiens	NA	FALSE	NA	NA	NA	NA	Human
SRR26162479	skin metagenome	Human	medium	Homo sapiens	NA	FALSE	NA	NA	NA	NA	Human
SRR26162497	skin metagenome	Human	medium	Homo sapiens	NA	FALSE	NA	NA	NA	NA	Human
SRR26162498	skin metagenome	Human	medium	Homo sapiens	NA	FALSE	NA	NA	NA	NA	Human
SRR26162644	skin metagenome	Human	medium	Homo sapiens	NA	FALSE	NA	NA	NA	NA	Human
SRR26162645	skin metagenome	Human	medium	Homo sapiens	NA	FALSE	NA	NA	NA	NA	Human
SRR26162657	skin metagenome	Human	medium	Homo sapiens	NA	FALSE	NA	NA	NA	NA	Human
SRR26162658	skin metagenome	Human	medium	Homo sapiens	NA	FALSE	NA	NA	NA	NA	Human
SRR26162669	skin metagenome	Human	medium	Homo sapiens	NA	FALSE	NA	NA	NA	NA	Human
SRR26162670	skin metagenome	Human	medium	Homo sapiens	NA	FALSE	NA	NA	NA	NA	Human
SRR26176340	whole organism metagenome	Rodent	manual	NA	Rodent	FALSE	NA	NA	NA	NA	Rodent
SRR26190025	skin metagenome	Human	medium	Homo sapiens	NA	FALSE	NA	NA	NA	NA	Human
SRR26190094	skin metagenome	Human	medium	Homo sapiens	NA	FALSE	NA	NA	NA	NA	Human
SRR26190163	skin metagenome	Human	medium	Homo sapiens	NA	FALSE	NA	NA	NA	NA	Human
SRR26190168	skin metagenome	Human	medium	Homo sapiens	NA	FALSE	NA	NA	NA	NA	Human
SRR26190169	skin metagenome	Human	medium	Homo sapiens	NA	FALSE	NA	NA	NA	NA	Human
SRR26190184	skin metagenome	Human	medium	Homo sapiens	NA	FALSE	NA	NA	NA	NA	Human
SRR26190185	skin metagenome	Human	medium	Homo sapiens	NA	FALSE	NA	NA	NA	NA	Human
SRR26190450	whole organism metagenome	Fly	manual	NA	Fly	FALSE	NA	NA	NA	NA	Fly
SRR26191717	skin metagenome	Human	medium	Homo sapiens	NA	FALSE	NA	NA	NA	NA	Human
SRR26191732	skin metagenome	Human	medium	Homo sapiens	NA	FALSE	NA	NA	NA	NA	Human
SRR26191760	skin metagenome	Human	medium	Homo sapiens	NA	FALSE	NA	NA	NA	NA	Human
SRR26191782	skin metagenome	Human	medium	Homo sapiens	NA	FALSE	NA	NA	NA	NA	Human
SRR26191787	skin metagenome	Human	medium	Homo sapiens	NA	FALSE	NA	NA	NA	NA	Human
SRR26191796	skin metagenome	Human	medium	Homo sapiens	NA	FALSE	NA	NA	NA	NA	Human
SRR26191819	skin metagenome	Human	medium	Homo sapiens	NA	FALSE	NA	NA	NA	NA	Human
SRR26191820	skin metagenome	Human	medium	Homo sapiens	NA	FALSE	NA	NA	NA	NA	Human
SRR26191832	skin metagenome	Human	medium	Homo sapiens	NA	FALSE	NA	NA	NA	NA	Human
SRR26191836	skin metagenome	Human	medium	Homo sapiens	NA	FALSE	NA	NA	NA	NA	Human
SRR26191840	skin metagenome	Human	medium	Homo sapiens	NA	FALSE	NA	NA	NA	NA	Human
SRR26191844	skin metagenome	Human	medium	Homo sapiens	NA	FALSE	NA	NA	NA	NA	Human
SRR26194086	skin metagenome	Human	medium	Homo sapiens	NA	FALSE	NA	NA	NA	NA	Human
SRR26194140	skin metagenome	Human	medium	Homo sapiens	NA	FALSE	NA	NA	NA	NA	Human
SRR26194161	skin metagenome	Human	medium	Homo sapiens	NA	FALSE	NA	NA	NA	NA	Human
SRR26194162	skin metagenome	Human	medium	Homo sapiens	NA	FALSE	NA	NA	NA	NA	Human
SRR26203014	skin metagenome	Human	medium	Homo sapiens	NA	FALSE	NA	NA	NA	NA	Human
SRR26203068	skin metagenome	Human	medium	Homo sapiens	NA	FALSE	NA	NA	NA	NA	Human
SRR26203069	skin metagenome	Human	medium	Homo sapiens	NA	FALSE	NA	NA	NA	NA	Human
SRR26203080	skin metagenome	Human	medium	Homo sapiens	NA	FALSE	NA	NA	NA	NA	Human
SRR26203081	skin metagenome	Human	medium	Homo sapiens	NA	FALSE	NA	NA	NA	NA	Human
SRR26203099	skin metagenome	Human	medium	Homo sapiens	NA	FALSE	NA	NA	NA	NA	Human
SRR26203130	skin metagenome	Human	medium	Homo sapiens	NA	FALSE	NA	NA	NA	NA	Human
SRR26203131	skin metagenome	Human	medium	Homo sapiens	NA	FALSE	NA	NA	NA	NA	Human
SRR26204152	skin metagenome	Human	medium	Homo sapiens	NA	FALSE	NA	NA	NA	NA	Human
SRR26204153	skin metagenome	Human	medium	Homo sapiens	NA	FALSE	NA	NA	NA	NA	Human
SRR26204162	skin metagenome	Human	medium	Homo sapiens	NA	FALSE	NA	NA	NA	NA	Human
SRR26204168	skin metagenome	Human	medium	Homo sapiens	NA	FALSE	NA	NA	NA	NA	Human
SRR26204169	skin metagenome	Human	medium	Homo sapiens	NA	FALSE	NA	NA	NA	NA	Human
SRR26204172	skin metagenome	Human	medium	Homo sapiens	NA	FALSE	NA	NA	NA	NA	Human
SRR26204173	skin metagenome	Human	medium	Homo sapiens	NA	FALSE	NA	NA	NA	NA	Human
SRR26204281	skin metagenome	Human	medium	Homo sapiens	NA	FALSE	NA	NA	NA	NA	Human
SRR26204314	skin metagenome	Human	medium	Homo sapiens	NA	FALSE	NA	NA	NA	NA	Human
SRR26208159	skin metagenome	Human	medium	Homo sapiens	NA	FALSE	NA	NA	NA	NA	Human
SRR26208195	skin metagenome	Human	medium	Homo sapiens	NA	FALSE	NA	NA	NA	NA	Human
SRR26208196	skin metagenome	Human	medium	Homo sapiens	NA	FALSE	NA	NA	NA	NA	Human
SRR26208199	skin metagenome	Human	medium	Homo sapiens	NA	FALSE	NA	NA	NA	NA	Human
SRR26208200	skin metagenome	Human	medium	Homo sapiens	NA	FALSE	NA	NA	NA	NA	Human
SRR26208250	skin metagenome	Human	medium	Homo sapiens	NA	FALSE	NA	NA	NA	NA	Human
SRR26208251	skin metagenome	Human	medium	Homo sapiens	NA	FALSE	NA	NA	NA	NA	Human
SRR26208268	skin metagenome	Human	medium	Homo sapiens	NA	FALSE	NA	NA	NA	NA	Human
SRR26208269	skin metagenome	Human	medium	Homo sapiens	NA	FALSE	NA	NA	NA	NA	Human
SRR26208274	skin metagenome	Human	medium	Homo sapiens	NA	FALSE	NA	NA	NA	NA	Human
SRR26257713	metagenome	Human	medium	Homo sapiens	NA	FALSE	NA	NA	NA	NA	Human
SRR1178947	Plasmodium knowlesi	Other	low	NA	NA	TRUE	NA	NA	NA	NA	Other
SRR26324875	viral metagenome	Non-human Primate	manual	NA	Non-human Primate	FALSE	NA	NA	NA	NA	Non-human Primate
SRR26349144	Cyclopterus lumpus	Ray-finned Fish	high	NA	NA	FALSE	NA	NA	NA	NA	Ray-finned Fish
SRR26349146	Cyclopterus lumpus	Ray-finned Fish	high	NA	NA	FALSE	NA	NA	NA	NA	Ray-finned Fish
SRR26349147	Cyclopterus lumpus	Ray-finned Fish	high	NA	NA	FALSE	NA	NA	NA	NA	Ray-finned Fish
SRR26395417	Potamochoerus larvatus	Porcine	high	NA	NA	FALSE	NA	NA	NA	NA	Porcine
SRR26395441	Potamochoerus larvatus	Porcine	high	NA	NA	FALSE	NA	NA	NA	NA	Porcine
SRR26405552	human gammaherpesvirus 4	Human	medium	NA	NA	FALSE	NA	NA	NA	NA	Human
SRR26405553	human gammaherpesvirus 4	Human	medium	NA	NA	FALSE	NA	NA	NA	NA	Human
SRR26405554	human gammaherpesvirus 4	Human	medium	NA	NA	FALSE	NA	NA	NA	NA	Human
SRR26405555	human gammaherpesvirus 4	Human	medium	NA	NA	FALSE	NA	NA	NA	NA	Human
SRR26405561	human gammaherpesvirus 4	Human	medium	NA	NA	FALSE	NA	NA	NA	NA	Human
SRR26458454	skin metagenome	Human	medium	Homo sapiens	NA	FALSE	NA	NA	NA	NA	Human
SRR26458470	skin metagenome	Human	medium	Homo sapiens	NA	FALSE	NA	NA	NA	NA	Human
SRR26458473	skin metagenome	Human	medium	Homo sapiens	NA	FALSE	NA	NA	NA	NA	Human
SRR26458475	skin metagenome	Human	medium	Homo sapiens	NA	FALSE	NA	NA	NA	NA	Human
SRR26458482	skin metagenome	Human	medium	Homo sapiens	NA	FALSE	NA	NA	NA	NA	Human
SRR26458489	skin metagenome	Human	medium	Homo sapiens	NA	FALSE	NA	NA	NA	NA	Human
SRR26458491	skin metagenome	Human	medium	Homo sapiens	NA	FALSE	NA	NA	NA	NA	Human
SRR26458503	dust metagenome	Metagenome	manual	NA	Metagenome	FALSE	NA	NA	NA	NA	Metagenome
SRR26458508	dust metagenome	Metagenome	manual	NA	Metagenome	FALSE	NA	NA	NA	NA	Metagenome
SRR26458547	skin metagenome	Human	medium	Homo sapiens	NA	FALSE	NA	NA	NA	NA	Human
SRR26458548	skin metagenome	Human	medium	Homo sapiens	NA	FALSE	NA	NA	NA	NA	Human
SRR26458551	skin metagenome	Human	medium	Homo sapiens	NA	FALSE	NA	NA	NA	NA	Human
SRR26458552	skin metagenome	Human	medium	Homo sapiens	NA	FALSE	NA	NA	NA	NA	Human
SRR26458553	skin metagenome	Human	medium	Homo sapiens	NA	FALSE	NA	NA	NA	NA	Human
SRR26458554	skin metagenome	Human	medium	Homo sapiens	NA	FALSE	NA	NA	NA	NA	Human
SRR26458571	skin metagenome	Human	medium	Homo sapiens	NA	FALSE	NA	NA	NA	NA	Human
SRR26458575	skin metagenome	Human	medium	Homo sapiens	NA	FALSE	NA	NA	NA	NA	Human
SRR26458576	skin metagenome	Human	medium	Homo sapiens	NA	FALSE	NA	NA	NA	NA	Human
SRR26458579	skin metagenome	Human	medium	Homo sapiens	NA	FALSE	NA	NA	NA	NA	Human
SRR26458588	skin metagenome	Human	medium	Homo sapiens	NA	FALSE	NA	NA	NA	NA	Human
SRR26458630	dust metagenome	Metagenome	manual	NA	Metagenome	FALSE	NA	NA	NA	NA	Metagenome
SRR26458635	dust metagenome	Metagenome	manual	NA	Metagenome	FALSE	NA	NA	NA	NA	Metagenome
SRR26458654	skin metagenome	Human	medium	Homo sapiens	NA	FALSE	NA	NA	NA	NA	Human
SRR26458659	skin metagenome	Human	medium	Homo sapiens	NA	FALSE	NA	NA	NA	NA	Human
SRR26458660	skin metagenome	Human	medium	Homo sapiens	NA	FALSE	NA	NA	NA	NA	Human
SRR26458676	skin metagenome	Human	medium	Homo sapiens	NA	FALSE	NA	NA	NA	NA	Human
SRR26588466	Homo sapiens	Human	high	NA	NA	FALSE	NA	NA	NA	NA	Human
SRR26638130	hospital metagenome	Metagenome	manual	NA	Metagenome	FALSE	NA	NA	NA	NA	Metagenome
SRR26638132	hospital metagenome	Metagenome	manual	NA	Metagenome	FALSE	NA	NA	NA	NA	Metagenome
SRR26638141	hospital metagenome	Metagenome	manual	NA	Metagenome	FALSE	NA	NA	NA	NA	Metagenome
SRR2221468	Plasmodium knowlesi	Other	low	NA	NA	TRUE	NA	NA	NA	NA	Other
SRR26848385	metagenome	Human	medium	Homo sapiens	NA	FALSE	NA	NA	NA	NA	Human
SRR26848388	metagenome	Human	medium	Homo sapiens	NA	FALSE	NA	NA	NA	NA	Human
SRR26848392	metagenome	Human	medium	Homo sapiens	NA	FALSE	NA	NA	NA	NA	Human
SRR26848393	metagenome	Human	medium	Homo sapiens	NA	FALSE	NA	NA	NA	NA	Human
SRR26848395	metagenome	Human	medium	Homo sapiens	NA	FALSE	NA	NA	NA	NA	Human
SRR26848396	metagenome	Human	medium	Homo sapiens	NA	FALSE	NA	NA	NA	NA	Human
SRR26848397	metagenome	Human	medium	Homo sapiens	NA	FALSE	NA	NA	NA	NA	Human
SRR26848398	metagenome	Human	medium	Homo sapiens	NA	FALSE	NA	NA	NA	NA	Human
SRR26848399	metagenome	Human	medium	Homo sapiens	NA	FALSE	NA	NA	NA	NA	Human
SRR26848400	metagenome	Human	medium	Homo sapiens	NA	FALSE	NA	NA	NA	NA	Human
SRR26848401	metagenome	Human	medium	Homo sapiens	NA	FALSE	NA	NA	NA	NA	Human
SRR26848402	metagenome	Human	medium	Homo sapiens	NA	FALSE	NA	NA	NA	NA	Human
SRR26848403	metagenome	Human	medium	Homo sapiens	NA	FALSE	NA	NA	NA	NA	Human
SRR26848404	metagenome	Human	medium	Homo sapiens	NA	FALSE	NA	NA	NA	NA	Human
SRR26848405	metagenome	Human	medium	Homo sapiens	NA	FALSE	NA	NA	NA	NA	Human
SRR26848407	metagenome	Human	medium	Homo sapiens	NA	FALSE	NA	NA	NA	NA	Human
SRR26848408	metagenome	Human	medium	Homo sapiens	NA	FALSE	NA	NA	NA	NA	Human
SRR26848410	metagenome	Human	medium	Homo sapiens	NA	FALSE	NA	NA	NA	NA	Human
SRR26848413	metagenome	Human	medium	Homo sapiens	NA	FALSE	NA	NA	NA	NA	Human
SRR26848414	metagenome	Human	medium	Homo sapiens	NA	FALSE	NA	NA	NA	NA	Human
SRR26848415	metagenome	Human	medium	Homo sapiens	NA	FALSE	NA	NA	NA	NA	Human
SRR26848419	metagenome	Human	medium	Homo sapiens	NA	FALSE	NA	NA	NA	NA	Human
SRR26848420	metagenome	Human	medium	Homo sapiens	NA	FALSE	NA	NA	NA	NA	Human
SRR26848423	metagenome	Human	medium	Homo sapiens	NA	FALSE	NA	NA	NA	NA	Human
SRR26848424	metagenome	Human	medium	Homo sapiens	NA	FALSE	NA	NA	NA	NA	Human
SRR26848427	metagenome	Human	medium	Homo sapiens	NA	FALSE	NA	NA	NA	NA	Human
SRR26848428	metagenome	Human	medium	Homo sapiens	NA	FALSE	NA	NA	NA	NA	Human
SRR26848430	metagenome	Human	medium	Homo sapiens	NA	FALSE	NA	NA	NA	NA	Human
SRR26848431	metagenome	Human	medium	Homo sapiens	NA	FALSE	NA	NA	NA	NA	Human
SRR26848434	metagenome	Human	medium	Homo sapiens	NA	FALSE	NA	NA	NA	NA	Human
SRR26848436	metagenome	Human	medium	Homo sapiens	NA	FALSE	NA	NA	NA	NA	Human
SRR26848438	metagenome	Human	medium	Homo sapiens	NA	FALSE	NA	NA	NA	NA	Human
SRR26848439	metagenome	Human	medium	Homo sapiens	NA	FALSE	NA	NA	NA	NA	Human
SRR26848441	metagenome	Human	medium	Homo sapiens	NA	FALSE	NA	NA	NA	NA	Human
SRR26848442	metagenome	Human	medium	Homo sapiens	NA	FALSE	NA	NA	NA	NA	Human
SRR26848443	metagenome	Human	medium	Homo sapiens	NA	FALSE	NA	NA	NA	NA	Human
SRR26848444	metagenome	Human	medium	Homo sapiens	NA	FALSE	NA	NA	NA	NA	Human
SRR26848445	metagenome	Human	medium	Homo sapiens	NA	FALSE	NA	NA	NA	NA	Human
SRR26848447	metagenome	Human	medium	Homo sapiens	NA	FALSE	NA	NA	NA	NA	Human
SRR26848448	metagenome	Human	medium	Homo sapiens	NA	FALSE	NA	NA	NA	NA	Human
SRR26848449	metagenome	Human	medium	Homo sapiens	NA	FALSE	NA	NA	NA	NA	Human
SRR26848450	metagenome	Human	medium	Homo sapiens	NA	FALSE	NA	NA	NA	NA	Human
SRR26848451	metagenome	Human	medium	Homo sapiens	NA	FALSE	NA	NA	NA	NA	Human
SRR26848452	metagenome	Human	medium	Homo sapiens	NA	FALSE	NA	NA	NA	NA	Human
SRR26848453	metagenome	Human	medium	Homo sapiens	NA	FALSE	NA	NA	NA	NA	Human
SRR26848454	metagenome	Human	medium	Homo sapiens	NA	FALSE	NA	NA	NA	NA	Human
SRR26848455	metagenome	Human	medium	Homo sapiens	NA	FALSE	NA	NA	NA	NA	Human
SRR26848456	metagenome	Human	medium	Homo sapiens	NA	FALSE	NA	NA	NA	NA	Human
SRR26848458	metagenome	Human	medium	Homo sapiens	NA	FALSE	NA	NA	NA	NA	Human
SRR26848459	metagenome	Human	medium	Homo sapiens	NA	FALSE	NA	NA	NA	NA	Human
SRR26848461	metagenome	Human	medium	Homo sapiens	NA	FALSE	NA	NA	NA	NA	Human
SRR26848462	metagenome	Human	medium	Homo sapiens	NA	FALSE	NA	NA	NA	NA	Human
SRR26848465	metagenome	Human	medium	Homo sapiens	NA	FALSE	NA	NA	NA	NA	Human
SRR26848466	metagenome	Human	medium	Homo sapiens	NA	FALSE	NA	NA	NA	NA	Human
SRR26848467	metagenome	Human	medium	Homo sapiens	NA	FALSE	NA	NA	NA	NA	Human
SRR26848468	metagenome	Human	medium	Homo sapiens	NA	FALSE	NA	NA	NA	NA	Human
SRR26848469	metagenome	Human	medium	Homo sapiens	NA	FALSE	NA	NA	NA	NA	Human
SRR26848470	metagenome	Human	medium	Homo sapiens	NA	FALSE	NA	NA	NA	NA	Human
SRR26848472	metagenome	Human	medium	Homo sapiens	NA	FALSE	NA	NA	NA	NA	Human
SRR26848473	metagenome	Human	medium	Homo sapiens	NA	FALSE	NA	NA	NA	NA	Human
SRR26848475	metagenome	Human	medium	Homo sapiens	NA	FALSE	NA	NA	NA	NA	Human
SRR26848477	metagenome	Human	medium	Homo sapiens	NA	FALSE	NA	NA	NA	NA	Human
SRR26848480	metagenome	Human	medium	Homo sapiens	NA	FALSE	NA	NA	NA	NA	Human
SRR26848481	metagenome	Human	medium	Homo sapiens	NA	FALSE	NA	NA	NA	NA	Human
SRR26848483	metagenome	Human	medium	Homo sapiens	NA	FALSE	NA	NA	NA	NA	Human
SRR26848484	metagenome	Human	medium	Homo sapiens	NA	FALSE	NA	NA	NA	NA	Human
SRR26848489	metagenome	Human	medium	Homo sapiens	NA	FALSE	NA	NA	NA	NA	Human
SRR26848490	metagenome	Human	medium	Homo sapiens	NA	FALSE	NA	NA	NA	NA	Human
SRR26848492	metagenome	Human	medium	Homo sapiens	NA	FALSE	NA	NA	NA	NA	Human
SRR26848493	metagenome	Human	medium	Homo sapiens	NA	FALSE	NA	NA	NA	NA	Human
SRR26901926	brine metagenome	Metagenome	manual	NA	Metagenome	FALSE	NA	NA	NA	NA	Metagenome
SRR2222335	Plasmodium knowlesi	Other	low	NA	NA	TRUE	NA	NA	NA	NA	Other
SRR26982246	Papillomavirus sp.	Other	medium	NA	NA	FALSE	NA	NA	NA	NA	Other
SRR26982247	Papillomavirus sp.	Other	medium	NA	NA	FALSE	NA	NA	NA	NA	Other
SRR26982249	Papillomavirus sp.	Other	medium	NA	NA	FALSE	NA	NA	NA	NA	Other
SRR26982250	Papillomavirus sp.	Other	medium	NA	NA	FALSE	NA	NA	NA	NA	Other
SRR2225467	Plasmodium knowlesi	Other	low	NA	NA	TRUE	NA	NA	NA	NA	Other
SRR2225571	Plasmodium knowlesi	Other	low	NA	NA	TRUE	NA	NA	NA	NA	Other
SRR3135172	Plasmodium knowlesi	Other	low	NA	NA	TRUE	NA	NA	NA	NA	Other
SRR25702504	Platynothrus peltifer	Other	low	NA	NA	TRUE	NA	NA	NA	NA	Other
SRR22123358	Podaxis	Other	low	NA	NA	TRUE	NA	NA	NA	NA	Other
SRR22123402	Podaxis	Other	low	NA	NA	TRUE	NA	NA	NA	NA	Other
SRR10433488	Populus deltoides	Other	low	NA	NA	TRUE	NA	NA	NA	NA	Other
SRR11822961	Populus tremula x Populus alba	Other	low	NA	NA	TRUE	NA	NA	NA	NA	Other
SRR11822969	Populus tremula x Populus alba	Other	low	NA	NA	TRUE	NA	NA	NA	NA	Other
SRR8247361	Priogymnanthus hasslerianus	Other	low	NA	NA	TRUE	NA	NA	NA	NA	Other
SRR12596806	Prunus mira	Other	low	NA	NA	TRUE	NA	NA	NA	NA	Other
SRR3056891	Prunus persica	Other	low	NA	NA	TRUE	NA	NA	NA	NA	Other
SRR23311272	Pseudomonas aeruginosa	Other	low	NA	NA	TRUE	NA	NA	NA	NA	Other
SRR23311282	Pseudomonas aeruginosa	Other	low	NA	NA	TRUE	NA	NA	NA	NA	Other
SRR23311299	Pseudomonas aeruginosa	Other	low	NA	NA	TRUE	NA	NA	NA	NA	Other
SRR23311301	Pseudomonas aeruginosa	Other	low	NA	NA	TRUE	NA	NA	NA	NA	Other
SRR23311311	Pseudomonas aeruginosa	Other	low	NA	NA	TRUE	NA	NA	NA	NA	Other
SRR8173305	Ramphasticola sp. RmspRatuc	Other	low	NA	NA	TRUE	NA	NA	NA	NA	Other
SRR23649015	Rapana venosa	Other	low	NA	NA	TRUE	NA	NA	NA	NA	Other
SRR24807052	Ricinus communis	Other	low	NA	NA	TRUE	NA	NA	NA	NA	Other
SRR24807087	Ricinus communis	Other	low	NA	NA	TRUE	NA	NA	NA	NA	Other
SRR11806244	Saccharomyces cerevisiae	Other	low	NA	NA	TRUE	NA	NA	NA	NA	Other
SRR1204361	Saccharomyces cerevisiae	Other	low	NA	NA	TRUE	NA	NA	NA	NA	Other
SRR13808274	Saccharomyces cerevisiae	Other	low	NA	NA	TRUE	NA	NA	NA	NA	Other
SRR18045291	Saccharomyces cerevisiae	Other	low	NA	NA	TRUE	NA	NA	NA	NA	Other
SRR18045292	Saccharomyces cerevisiae	Other	low	NA	NA	TRUE	NA	NA	NA	NA	Other
SRR18045295	Saccharomyces cerevisiae	Other	low	NA	NA	TRUE	NA	NA	NA	NA	Other
SRR18045296	Saccharomyces cerevisiae	Other	low	NA	NA	TRUE	NA	NA	NA	NA	Other
SRR18045297	Saccharomyces cerevisiae	Other	low	NA	NA	TRUE	NA	NA	NA	NA	Other
SRR18045299	Saccharomyces cerevisiae	Other	low	NA	NA	TRUE	NA	NA	NA	NA	Other
SRR18045300	Saccharomyces cerevisiae	Other	low	NA	NA	TRUE	NA	NA	NA	NA	Other
SRR18045301	Saccharomyces cerevisiae	Other	low	NA	NA	TRUE	NA	NA	NA	NA	Other
SRR18045302	Saccharomyces cerevisiae	Other	low	NA	NA	TRUE	NA	NA	NA	NA	Other
SRR18045303	Saccharomyces cerevisiae	Other	low	NA	NA	TRUE	NA	NA	NA	NA	Other
SRR18045304	Saccharomyces cerevisiae	Other	low	NA	NA	TRUE	NA	NA	NA	NA	Other
SRR7007752	Saccharomyces cerevisiae	Other	low	NA	NA	TRUE	NA	NA	NA	NA	Other
SRR8109519	Saccharomyces cerevisiae	Other	low	NA	NA	TRUE	NA	NA	NA	NA	Other
SRR9134815	Saccharomyces cerevisiae	Other	low	NA	NA	TRUE	NA	NA	NA	NA	Other
SRR9861141	Saccharomyces cerevisiae	Other	low	NA	NA	TRUE	NA	NA	NA	NA	Other
SRR9278252	Sarcophaga dysderci	Other	low	NA	NA	TRUE	NA	NA	NA	NA	Other
SRR15400772	Schistosoma haematobium	Other	low	NA	NA	TRUE	NA	NA	NA	NA	Other
ERR3173053	Schistosoma mansoni	Other	low	NA	NA	TRUE	NA	NA	NA	NA	Other
ERR3173086	Schistosoma mansoni	Other	low	NA	NA	TRUE	NA	NA	NA	NA	Other
ERR3173090	Schistosoma mansoni	Other	low	NA	NA	TRUE	NA	NA	NA	NA	Other
ERR3173105	Schistosoma mansoni	Other	low	NA	NA	TRUE	NA	NA	NA	NA	Other
ERR3173124	Schistosoma mansoni	Other	low	NA	NA	TRUE	NA	NA	NA	NA	Other
ERR3173184	Schistosoma mansoni	Other	low	NA	NA	TRUE	NA	NA	NA	NA	Other
ERR3173185	Schistosoma mansoni	Other	low	NA	NA	TRUE	NA	NA	NA	NA	Other
ERR3173186	Schistosoma mansoni	Other	low	NA	NA	TRUE	NA	NA	NA	NA	Other
ERR3173187	Schistosoma mansoni	Other	low	NA	NA	TRUE	NA	NA	NA	NA	Other
ERR3173188	Schistosoma mansoni	Other	low	NA	NA	TRUE	NA	NA	NA	NA	Other
ERR3173189	Schistosoma mansoni	Other	low	NA	NA	TRUE	NA	NA	NA	NA	Other
ERR3173190	Schistosoma mansoni	Other	low	NA	NA	TRUE	NA	NA	NA	NA	Other
ERR3173191	Schistosoma mansoni	Other	low	NA	NA	TRUE	NA	NA	NA	NA	Other
ERR3173192	Schistosoma mansoni	Other	low	NA	NA	TRUE	NA	NA	NA	NA	Other
ERR3173193	Schistosoma mansoni	Other	low	NA	NA	TRUE	NA	NA	NA	NA	Other
ERR3173259	Schistosoma mansoni	Other	low	NA	NA	TRUE	NA	NA	NA	NA	Other
ERR7978143	Schistosoma mansoni	Other	low	NA	NA	TRUE	NA	NA	NA	NA	Other
SRR15021344	Schizosaccharomyces pombe	Other	low	NA	NA	TRUE	NA	NA	NA	NA	Other
SRR15406610	Schizosaccharomyces pombe	Other	low	NA	NA	TRUE	NA	NA	NA	NA	Other
SRR2071236	Schizosaccharomyces pombe	Other	low	NA	NA	TRUE	NA	NA	NA	NA	Other
SRR18426680	Severe acute respiratory syndrome coronavirus 2	Other	low	NA	NA	TRUE	NA	NA	NA	NA	Other
SRR9308773	Solanum commersonii	Other	low	NA	NA	TRUE	NA	NA	NA	NA	Other
SRR10567076	Sorghum bicolor	Other	low	NA	NA	TRUE	NA	NA	NA	NA	Other
SRR15716419	Spirodela polyrhiza	Other	low	NA	NA	TRUE	NA	NA	NA	NA	Other
SRR27111080	human metagenome	Human	medium	NA	NA	FALSE	NA	NA	NA	NA	Human
SRR27128292	museum specimen metagenome	Metagenome	manual	NA	Metagenome	FALSE	NA	NA	NA	NA	Metagenome
SRR2885865	Ambystoma mexicanum	Amphibian	high	NA	NA	FALSE	NA	NA	NA	NA	Amphibian
SRR2932833	Homo sapiens	Human	high	NA	NA	FALSE	NA	NA	NA	NA	Human
SRR2932841	Homo sapiens	Human	high	NA	NA	FALSE	NA	NA	NA	NA	Human
SRR2932842	Homo sapiens	Human	high	NA	NA	FALSE	NA	NA	NA	NA	Human
SRR2976573	Homo sapiens	Human	high	NA	NA	FALSE	NA	NA	NA	NA	Human
SRR3053195	bovine metagenome	Bovine	medium	NA	NA	FALSE	NA	NA	NA	NA	Bovine
SRR21952182	Staphylococcus	Other	low	NA	NA	TRUE	NA	NA	NA	NA	Other
SRR21624360	Staphylococcus aureus	Other	low	NA	NA	TRUE	NA	NA	NA	NA	Other
SRR26949928	Staphylococcus epidermidis	Other	low	NA	NA	TRUE	NA	NA	NA	NA	Other
SRR9904142	Stenostomum leucops	Other	low	NA	NA	TRUE	NA	NA	NA	NA	Other
ERR1515260	Streptococcus agalactiae	Other	low	NA	NA	TRUE	NA	NA	NA	NA	Other
SRR3109709	Bos taurus	Bovine	high	NA	NA	FALSE	NA	NA	NA	NA	Bovine
ERR10641060	Synchytrium endobioticum	Other	low	NA	NA	TRUE	NA	NA	NA	NA	Other
SRR3159990	Sus scrofa	Porcine	high	NA	NA	FALSE	NA	NA	NA	NA	Porcine
SRR3181922	human skin metagenome	Human	medium	NA	NA	FALSE	NA	NA	NA	NA	Human
SRR3181923	human skin metagenome	Human	medium	NA	NA	FALSE	NA	NA	NA	NA	Human
SRR3181924	human skin metagenome	Human	medium	NA	NA	FALSE	NA	NA	NA	NA	Human
SRR3181925	human skin metagenome	Human	medium	NA	NA	FALSE	NA	NA	NA	NA	Human
SRR3181926	human skin metagenome	Human	medium	NA	NA	FALSE	NA	NA	NA	NA	Human
SRR3181928	human skin metagenome	Human	medium	NA	NA	FALSE	NA	NA	NA	NA	Human
SRR3181929	human skin metagenome	Human	medium	NA	NA	FALSE	NA	NA	NA	NA	Human
SRR3181930	human skin metagenome	Human	medium	NA	NA	FALSE	NA	NA	NA	NA	Human
SRR3182007	human skin metagenome	Human	medium	NA	NA	FALSE	NA	NA	NA	NA	Human
SRR3182008	human skin metagenome	Human	medium	NA	NA	FALSE	NA	NA	NA	NA	Human
SRR3182009	human skin metagenome	Human	medium	NA	NA	FALSE	NA	NA	NA	NA	Human
SRR3182010	human skin metagenome	Human	medium	NA	NA	FALSE	NA	NA	NA	NA	Human
SRR3182013	human skin metagenome	Human	medium	NA	NA	FALSE	NA	NA	NA	NA	Human
SRR3182014	human skin metagenome	Human	medium	NA	NA	FALSE	NA	NA	NA	NA	Human
SRR3182015	human skin metagenome	Human	medium	NA	NA	FALSE	NA	NA	NA	NA	Human
SRR3182016	human skin metagenome	Human	medium	NA	NA	FALSE	NA	NA	NA	NA	Human
SRR3182102	human skin metagenome	Human	medium	NA	NA	FALSE	NA	NA	NA	NA	Human
SRR3182103	human skin metagenome	Human	medium	NA	NA	FALSE	NA	NA	NA	NA	Human
SRR3182104	human skin metagenome	Human	medium	NA	NA	FALSE	NA	NA	NA	NA	Human
SRR3182105	human skin metagenome	Human	medium	NA	NA	FALSE	NA	NA	NA	NA	Human
SRR3182106	human skin metagenome	Human	medium	NA	NA	FALSE	NA	NA	NA	NA	Human
SRR3182108	human skin metagenome	Human	medium	NA	NA	FALSE	NA	NA	NA	NA	Human
SRR3182109	human skin metagenome	Human	medium	NA	NA	FALSE	NA	NA	NA	NA	Human
SRR3182110	human skin metagenome	Human	medium	NA	NA	FALSE	NA	NA	NA	NA	Human
SRR3182299	human skin metagenome	Human	medium	NA	NA	FALSE	NA	NA	NA	NA	Human
SRR3182300	human skin metagenome	Human	medium	NA	NA	FALSE	NA	NA	NA	NA	Human
SRR3182301	human skin metagenome	Human	medium	NA	NA	FALSE	NA	NA	NA	NA	Human
SRR3182302	human skin metagenome	Human	medium	NA	NA	FALSE	NA	NA	NA	NA	Human
SRR3182306	human skin metagenome	Human	medium	NA	NA	FALSE	NA	NA	NA	NA	Human
SRR3182307	human skin metagenome	Human	medium	NA	NA	FALSE	NA	NA	NA	NA	Human
SRR3182308	human skin metagenome	Human	medium	NA	NA	FALSE	NA	NA	NA	NA	Human
SRR3182350	human skin metagenome	Human	medium	NA	NA	FALSE	NA	NA	NA	NA	Human
SRR3182351	human skin metagenome	Human	medium	NA	NA	FALSE	NA	NA	NA	NA	Human
SRR3182352	human skin metagenome	Human	medium	NA	NA	FALSE	NA	NA	NA	NA	Human
SRR3183290	human skin metagenome	Human	medium	NA	NA	FALSE	NA	NA	NA	NA	Human
SRR3183291	human skin metagenome	Human	medium	NA	NA	FALSE	NA	NA	NA	NA	Human
SRR3183292	human skin metagenome	Human	medium	NA	NA	FALSE	NA	NA	NA	NA	Human
SRR3183383	human skin metagenome	Human	medium	NA	NA	FALSE	NA	NA	NA	NA	Human
SRR3183384	human skin metagenome	Human	medium	NA	NA	FALSE	NA	NA	NA	NA	Human
SRR3183385	human skin metagenome	Human	medium	NA	NA	FALSE	NA	NA	NA	NA	Human
SRR3183415	human skin metagenome	Human	medium	NA	NA	FALSE	NA	NA	NA	NA	Human
SRR3183416	human skin metagenome	Human	medium	NA	NA	FALSE	NA	NA	NA	NA	Human
SRR3183417	human skin metagenome	Human	medium	NA	NA	FALSE	NA	NA	NA	NA	Human
SRR3183570	human skin metagenome	Human	medium	NA	NA	FALSE	NA	NA	NA	NA	Human
SRR3183571	human skin metagenome	Human	medium	NA	NA	FALSE	NA	NA	NA	NA	Human
SRR3183572	human skin metagenome	Human	medium	NA	NA	FALSE	NA	NA	NA	NA	Human
SRR3183573	human skin metagenome	Human	medium	NA	NA	FALSE	NA	NA	NA	NA	Human
SRR3183574	human skin metagenome	Human	medium	NA	NA	FALSE	NA	NA	NA	NA	Human
SRR3183576	human skin metagenome	Human	medium	NA	NA	FALSE	NA	NA	NA	NA	Human
SRR3183578	human skin metagenome	Human	medium	NA	NA	FALSE	NA	NA	NA	NA	Human
SRR3183671	human skin metagenome	Human	medium	NA	NA	FALSE	NA	NA	NA	NA	Human
SRR3183672	human skin metagenome	Human	medium	NA	NA	FALSE	NA	NA	NA	NA	Human
SRR3183673	human skin metagenome	Human	medium	NA	NA	FALSE	NA	NA	NA	NA	Human
SRR3183674	human skin metagenome	Human	medium	NA	NA	FALSE	NA	NA	NA	NA	Human
SRR3183675	human skin metagenome	Human	medium	NA	NA	FALSE	NA	NA	NA	NA	Human
SRR3183676	human skin metagenome	Human	medium	NA	NA	FALSE	NA	NA	NA	NA	Human
SRR3183679	human skin metagenome	Human	medium	NA	NA	FALSE	NA	NA	NA	NA	Human
SRR3183818	human skin metagenome	Human	medium	NA	NA	FALSE	NA	NA	NA	NA	Human
SRR3183880	human skin metagenome	Human	medium	NA	NA	FALSE	NA	NA	NA	NA	Human
SRR3183881	human skin metagenome	Human	medium	NA	NA	FALSE	NA	NA	NA	NA	Human
SRR3183882	human skin metagenome	Human	medium	NA	NA	FALSE	NA	NA	NA	NA	Human
SRR3183988	human skin metagenome	Human	medium	NA	NA	FALSE	NA	NA	NA	NA	Human
SRR3183989	human skin metagenome	Human	medium	NA	NA	FALSE	NA	NA	NA	NA	Human
SRR3184014	human skin metagenome	Human	medium	NA	NA	FALSE	NA	NA	NA	NA	Human
SRR3184015	human skin metagenome	Human	medium	NA	NA	FALSE	NA	NA	NA	NA	Human
SRR3184016	human skin metagenome	Human	medium	NA	NA	FALSE	NA	NA	NA	NA	Human
SRR3184088	human skin metagenome	Human	medium	NA	NA	FALSE	NA	NA	NA	NA	Human
SRR3184089	human skin metagenome	Human	medium	NA	NA	FALSE	NA	NA	NA	NA	Human
SRR3184090	human skin metagenome	Human	medium	NA	NA	FALSE	NA	NA	NA	NA	Human
SRR3184091	human skin metagenome	Human	medium	NA	NA	FALSE	NA	NA	NA	NA	Human
SRR3184092	human skin metagenome	Human	medium	NA	NA	FALSE	NA	NA	NA	NA	Human
SRR3184093	human skin metagenome	Human	medium	NA	NA	FALSE	NA	NA	NA	NA	Human
SRR3184094	human skin metagenome	Human	medium	NA	NA	FALSE	NA	NA	NA	NA	Human
SRR3184095	human skin metagenome	Human	medium	NA	NA	FALSE	NA	NA	NA	NA	Human
SRR3184096	human skin metagenome	Human	medium	NA	NA	FALSE	NA	NA	NA	NA	Human
SRR3184097	human skin metagenome	Human	medium	NA	NA	FALSE	NA	NA	NA	NA	Human
SRR3184098	human skin metagenome	Human	medium	NA	NA	FALSE	NA	NA	NA	NA	Human
SRR3184102	human skin metagenome	Human	medium	NA	NA	FALSE	NA	NA	NA	NA	Human
SRR3184103	human skin metagenome	Human	medium	NA	NA	FALSE	NA	NA	NA	NA	Human
SRR3184104	human skin metagenome	Human	medium	NA	NA	FALSE	NA	NA	NA	NA	Human
SRR3184224	human skin metagenome	Human	medium	NA	NA	FALSE	NA	NA	NA	NA	Human
SRR3184225	human skin metagenome	Human	medium	NA	NA	FALSE	NA	NA	NA	NA	Human
SRR3184226	human skin metagenome	Human	medium	NA	NA	FALSE	NA	NA	NA	NA	Human
SRR3184227	human skin metagenome	Human	medium	NA	NA	FALSE	NA	NA	NA	NA	Human
SRR3184231	human skin metagenome	Human	medium	NA	NA	FALSE	NA	NA	NA	NA	Human
SRR3184232	human skin metagenome	Human	medium	NA	NA	FALSE	NA	NA	NA	NA	Human
SRR3184233	human skin metagenome	Human	medium	NA	NA	FALSE	NA	NA	NA	NA	Human
SRR3184234	human skin metagenome	Human	medium	NA	NA	FALSE	NA	NA	NA	NA	Human
SRR3184235	human skin metagenome	Human	medium	NA	NA	FALSE	NA	NA	NA	NA	Human
SRR3184240	human skin metagenome	Human	medium	NA	NA	FALSE	NA	NA	NA	NA	Human
SRR3184241	human skin metagenome	Human	medium	NA	NA	FALSE	NA	NA	NA	NA	Human
SRR3184246	human skin metagenome	Human	medium	NA	NA	FALSE	NA	NA	NA	NA	Human
SRR3184249	human skin metagenome	Human	medium	NA	NA	FALSE	NA	NA	NA	NA	Human
SRR3184252	human skin metagenome	Human	medium	NA	NA	FALSE	NA	NA	NA	NA	Human
SRR3184309	Mus musculus	Rodent	high	NA	NA	FALSE	NA	NA	NA	NA	Rodent
SRR3184328	human skin metagenome	Human	medium	NA	NA	FALSE	NA	NA	NA	NA	Human
SRR3184342	human skin metagenome	Human	medium	NA	NA	FALSE	NA	NA	NA	NA	Human
SRR3184367	human skin metagenome	Human	medium	NA	NA	FALSE	NA	NA	NA	NA	Human
SRR3184397	human skin metagenome	Human	medium	NA	NA	FALSE	NA	NA	NA	NA	Human
SRR3184781	human skin metagenome	Human	medium	NA	NA	FALSE	NA	NA	NA	NA	Human
SRR3184782	human skin metagenome	Human	medium	NA	NA	FALSE	NA	NA	NA	NA	Human
SRR3184783	human skin metagenome	Human	medium	NA	NA	FALSE	NA	NA	NA	NA	Human
SRR3184786	human skin metagenome	Human	medium	NA	NA	FALSE	NA	NA	NA	NA	Human
SRR3184846	human skin metagenome	Human	medium	NA	NA	FALSE	NA	NA	NA	NA	Human
SRR3184981	human skin metagenome	Human	medium	NA	NA	FALSE	NA	NA	NA	NA	Human
SRR3184982	human skin metagenome	Human	medium	NA	NA	FALSE	NA	NA	NA	NA	Human
SRR3184983	human skin metagenome	Human	medium	NA	NA	FALSE	NA	NA	NA	NA	Human
SRR3184984	human skin metagenome	Human	medium	NA	NA	FALSE	NA	NA	NA	NA	Human
SRR3184985	human skin metagenome	Human	medium	NA	NA	FALSE	NA	NA	NA	NA	Human
SRR3187094	human skin metagenome	Human	medium	NA	NA	FALSE	NA	NA	NA	NA	Human
SRR3187096	human skin metagenome	Human	medium	NA	NA	FALSE	NA	NA	NA	NA	Human
SRR3187188	human skin metagenome	Human	medium	NA	NA	FALSE	NA	NA	NA	NA	Human
SRR3187189	human skin metagenome	Human	medium	NA	NA	FALSE	NA	NA	NA	NA	Human
SRR3187190	human skin metagenome	Human	medium	NA	NA	FALSE	NA	NA	NA	NA	Human
SRR3187191	human skin metagenome	Human	medium	NA	NA	FALSE	NA	NA	NA	NA	Human
SRR3187192	human skin metagenome	Human	medium	NA	NA	FALSE	NA	NA	NA	NA	Human
SRR3187223	human skin metagenome	Human	medium	NA	NA	FALSE	NA	NA	NA	NA	Human
SRR3187224	human skin metagenome	Human	medium	NA	NA	FALSE	NA	NA	NA	NA	Human
SRR3188124	human skin metagenome	Human	medium	NA	NA	FALSE	NA	NA	NA	NA	Human
SRR3188293	human skin metagenome	Human	medium	NA	NA	FALSE	NA	NA	NA	NA	Human
SRR3188779	human skin metagenome	Human	medium	NA	NA	FALSE	NA	NA	NA	NA	Human
SRR3188780	human skin metagenome	Human	medium	NA	NA	FALSE	NA	NA	NA	NA	Human
SRR3188781	human skin metagenome	Human	medium	NA	NA	FALSE	NA	NA	NA	NA	Human
SRR3188782	human skin metagenome	Human	medium	NA	NA	FALSE	NA	NA	NA	NA	Human
SRR3188783	human skin metagenome	Human	medium	NA	NA	FALSE	NA	NA	NA	NA	Human
SRR3189160	human skin metagenome	Human	medium	NA	NA	FALSE	NA	NA	NA	NA	Human
SRR3189161	human skin metagenome	Human	medium	NA	NA	FALSE	NA	NA	NA	NA	Human
SRR3189162	human skin metagenome	Human	medium	NA	NA	FALSE	NA	NA	NA	NA	Human
SRR3189163	human skin metagenome	Human	medium	NA	NA	FALSE	NA	NA	NA	NA	Human
SRR3189164	human skin metagenome	Human	medium	NA	NA	FALSE	NA	NA	NA	NA	Human
SRR3189392	human skin metagenome	Human	medium	NA	NA	FALSE	NA	NA	NA	NA	Human
SRR3189404	human skin metagenome	Human	medium	NA	NA	FALSE	NA	NA	NA	NA	Human
SRR3189405	human skin metagenome	Human	medium	NA	NA	FALSE	NA	NA	NA	NA	Human
SRR3189406	human skin metagenome	Human	medium	NA	NA	FALSE	NA	NA	NA	NA	Human
SRR3189407	human skin metagenome	Human	medium	NA	NA	FALSE	NA	NA	NA	NA	Human
SRR3189408	human skin metagenome	Human	medium	NA	NA	FALSE	NA	NA	NA	NA	Human
SRR3270261	Mus musculus	Rodent	high	NA	NA	FALSE	NA	NA	NA	NA	Rodent
SRR3270262	Mus musculus	Rodent	high	NA	NA	FALSE	NA	NA	NA	NA	Rodent
SRR3344129	Mus musculus	Rodent	high	NA	NA	FALSE	NA	NA	NA	NA	Rodent
SRR3344130	Mus musculus	Rodent	high	NA	NA	FALSE	NA	NA	NA	NA	Rodent
SRR3545919	urban metagenome	Metagenome	manual	NA	Metagenome	FALSE	NA	NA	NA	NA	Metagenome
SRR3546371	urban metagenome	Metagenome	manual	NA	Metagenome	FALSE	NA	NA	NA	NA	Metagenome
SRR16687865	Syringa oblata	Other	low	NA	NA	TRUE	NA	NA	NA	NA	Other
SRR6684815	Tasmanocaenis sp. BYU IGCEP157	Other	low	NA	NA	TRUE	NA	NA	NA	NA	Other
SRR3592526	Homo sapiens	Human	high	NA	NA	FALSE	NA	NA	NA	NA	Human
SRR3614829	Homo sapiens	Human	high	NA	NA	FALSE	NA	NA	NA	NA	Human
SRR3614830	Homo sapiens	Human	high	NA	NA	FALSE	NA	NA	NA	NA	Human
SRR3614831	Homo sapiens	Human	high	NA	NA	FALSE	NA	NA	NA	NA	Human
SRR3614832	Homo sapiens	Human	high	NA	NA	FALSE	NA	NA	NA	NA	Human
SRR3614854	Homo sapiens	Human	high	NA	NA	FALSE	NA	NA	NA	NA	Human
SRR3614855	Homo sapiens	Human	high	NA	NA	FALSE	NA	NA	NA	NA	Human
SRR3614856	Homo sapiens	Human	high	NA	NA	FALSE	NA	NA	NA	NA	Human
SRR3614857	Homo sapiens	Human	high	NA	NA	FALSE	NA	NA	NA	NA	Human
SRR3614858	Homo sapiens	Human	high	NA	NA	FALSE	NA	NA	NA	NA	Human
SRR3614859	Homo sapiens	Human	high	NA	NA	FALSE	NA	NA	NA	NA	Human
SRR3614860	Homo sapiens	Human	high	NA	NA	FALSE	NA	NA	NA	NA	Human
SRR3614861	Homo sapiens	Human	high	NA	NA	FALSE	NA	NA	NA	NA	Human
SRR3614862	Homo sapiens	Human	high	NA	NA	FALSE	NA	NA	NA	NA	Human
SRR3614863	Homo sapiens	Human	high	NA	NA	FALSE	NA	NA	NA	NA	Human
SRR3614864	Homo sapiens	Human	high	NA	NA	FALSE	NA	NA	NA	NA	Human
SRR3614865	Homo sapiens	Human	high	NA	NA	FALSE	NA	NA	NA	NA	Human
SRR3614884	Homo sapiens	Human	high	NA	NA	FALSE	NA	NA	NA	NA	Human
SRR3614926	Homo sapiens	Human	high	NA	NA	FALSE	NA	NA	NA	NA	Human
SRR3614978	Homo sapiens	Human	high	NA	NA	FALSE	NA	NA	NA	NA	Human
SRR3614989	Homo sapiens	Human	high	NA	NA	FALSE	NA	NA	NA	NA	Human
SRR3615010	Homo sapiens	Human	high	NA	NA	FALSE	NA	NA	NA	NA	Human
SRR3615016	Homo sapiens	Human	high	NA	NA	FALSE	NA	NA	NA	NA	Human
SRR3615018	Homo sapiens	Human	high	NA	NA	FALSE	NA	NA	NA	NA	Human
SRR3615019	Homo sapiens	Human	high	NA	NA	FALSE	NA	NA	NA	NA	Human
SRR3615020	Homo sapiens	Human	high	NA	NA	FALSE	NA	NA	NA	NA	Human
SRR3615021	Homo sapiens	Human	high	NA	NA	FALSE	NA	NA	NA	NA	Human
SRR3615023	Homo sapiens	Human	high	NA	NA	FALSE	NA	NA	NA	NA	Human
SRR3615024	Homo sapiens	Human	high	NA	NA	FALSE	NA	NA	NA	NA	Human
SRR3615025	Homo sapiens	Human	high	NA	NA	FALSE	NA	NA	NA	NA	Human
SRR3615046	Homo sapiens	Human	high	NA	NA	FALSE	NA	NA	NA	NA	Human
SRR3615047	Homo sapiens	Human	high	NA	NA	FALSE	NA	NA	NA	NA	Human
SRR3615048	Homo sapiens	Human	high	NA	NA	FALSE	NA	NA	NA	NA	Human
SRR3615050	Homo sapiens	Human	high	NA	NA	FALSE	NA	NA	NA	NA	Human
SRR3642369	human skin metagenome	Human	medium	NA	NA	FALSE	NA	NA	NA	NA	Human
SRR3642371	human skin metagenome	Human	medium	NA	NA	FALSE	NA	NA	NA	NA	Human
SRR3642372	human skin metagenome	Human	medium	NA	NA	FALSE	NA	NA	NA	NA	Human
SRR3642373	human skin metagenome	Human	medium	NA	NA	FALSE	NA	NA	NA	NA	Human
SRR3642384	human skin metagenome	Human	medium	NA	NA	FALSE	NA	NA	NA	NA	Human
SRR3642385	human skin metagenome	Human	medium	NA	NA	FALSE	NA	NA	NA	NA	Human
SRR3642386	human skin metagenome	Human	medium	NA	NA	FALSE	NA	NA	NA	NA	Human
SRR3642387	human skin metagenome	Human	medium	NA	NA	FALSE	NA	NA	NA	NA	Human
SRR3642388	human skin metagenome	Human	medium	NA	NA	FALSE	NA	NA	NA	NA	Human
SRR3642389	human skin metagenome	Human	medium	NA	NA	FALSE	NA	NA	NA	NA	Human
SRR3642390	human skin metagenome	Human	medium	NA	NA	FALSE	NA	NA	NA	NA	Human
SRR3642391	human skin metagenome	Human	medium	NA	NA	FALSE	NA	NA	NA	NA	Human
SRR3642392	human skin metagenome	Human	medium	NA	NA	FALSE	NA	NA	NA	NA	Human
SRR3642393	human skin metagenome	Human	medium	NA	NA	FALSE	NA	NA	NA	NA	Human
SRR3642407	human skin metagenome	Human	medium	NA	NA	FALSE	NA	NA	NA	NA	Human
SRR3642408	human skin metagenome	Human	medium	NA	NA	FALSE	NA	NA	NA	NA	Human
SRR3642409	human skin metagenome	Human	medium	NA	NA	FALSE	NA	NA	NA	NA	Human
SRR3642411	human skin metagenome	Human	medium	NA	NA	FALSE	NA	NA	NA	NA	Human
SRR3642412	human skin metagenome	Human	medium	NA	NA	FALSE	NA	NA	NA	NA	Human
SRR3642413	human skin metagenome	Human	medium	NA	NA	FALSE	NA	NA	NA	NA	Human
SRR3642417	human skin metagenome	Human	medium	NA	NA	FALSE	NA	NA	NA	NA	Human
SRR3642418	human skin metagenome	Human	medium	NA	NA	FALSE	NA	NA	NA	NA	Human
SRR3642430	human skin metagenome	Human	medium	NA	NA	FALSE	NA	NA	NA	NA	Human
SRR3642441	human skin metagenome	Human	medium	NA	NA	FALSE	NA	NA	NA	NA	Human
SRR3642442	human skin metagenome	Human	medium	NA	NA	FALSE	NA	NA	NA	NA	Human
SRR3642443	human skin metagenome	Human	medium	NA	NA	FALSE	NA	NA	NA	NA	Human
SRR3642444	human skin metagenome	Human	medium	NA	NA	FALSE	NA	NA	NA	NA	Human
SRR3642445	human skin metagenome	Human	medium	NA	NA	FALSE	NA	NA	NA	NA	Human
SRR3642446	human skin metagenome	Human	medium	NA	NA	FALSE	NA	NA	NA	NA	Human
SRR3642462	human skin metagenome	Human	medium	NA	NA	FALSE	NA	NA	NA	NA	Human
SRR3642466	human skin metagenome	Human	medium	NA	NA	FALSE	NA	NA	NA	NA	Human
SRR3642478	human skin metagenome	Human	medium	NA	NA	FALSE	NA	NA	NA	NA	Human
SRR3642483	human skin metagenome	Human	medium	NA	NA	FALSE	NA	NA	NA	NA	Human
SRR3642484	human skin metagenome	Human	medium	NA	NA	FALSE	NA	NA	NA	NA	Human
SRR3642485	human skin metagenome	Human	medium	NA	NA	FALSE	NA	NA	NA	NA	Human
SRR3642487	human skin metagenome	Human	medium	NA	NA	FALSE	NA	NA	NA	NA	Human
SRR3642490	human skin metagenome	Human	medium	NA	NA	FALSE	NA	NA	NA	NA	Human
SRR3642491	human skin metagenome	Human	medium	NA	NA	FALSE	NA	NA	NA	NA	Human
SRR3642492	human skin metagenome	Human	medium	NA	NA	FALSE	NA	NA	NA	NA	Human
SRR3642495	human skin metagenome	Human	medium	NA	NA	FALSE	NA	NA	NA	NA	Human
SRR3642496	human skin metagenome	Human	medium	NA	NA	FALSE	NA	NA	NA	NA	Human
SRR3642503	human skin metagenome	Human	medium	NA	NA	FALSE	NA	NA	NA	NA	Human
SRR3642504	human skin metagenome	Human	medium	NA	NA	FALSE	NA	NA	NA	NA	Human
SRR3642505	human skin metagenome	Human	medium	NA	NA	FALSE	NA	NA	NA	NA	Human
SRR3642506	human skin metagenome	Human	medium	NA	NA	FALSE	NA	NA	NA	NA	Human
SRR3642508	human skin metagenome	Human	medium	NA	NA	FALSE	NA	NA	NA	NA	Human
SRR3642510	human skin metagenome	Human	medium	NA	NA	FALSE	NA	NA	NA	NA	Human
SRR3642511	human skin metagenome	Human	medium	NA	NA	FALSE	NA	NA	NA	NA	Human
SRR3642512	human skin metagenome	Human	medium	NA	NA	FALSE	NA	NA	NA	NA	Human
SRR3642552	human skin metagenome	Human	medium	NA	NA	FALSE	NA	NA	NA	NA	Human
SRR3642554	human skin metagenome	Human	medium	NA	NA	FALSE	NA	NA	NA	NA	Human
SRR3642556	human skin metagenome	Human	medium	NA	NA	FALSE	NA	NA	NA	NA	Human
SRR3642557	human skin metagenome	Human	medium	NA	NA	FALSE	NA	NA	NA	NA	Human
SRR3643039	human skin metagenome	Human	medium	NA	NA	FALSE	NA	NA	NA	NA	Human
SRR3643320	human skin metagenome	Human	medium	NA	NA	FALSE	NA	NA	NA	NA	Human
SRR3643321	human skin metagenome	Human	medium	NA	NA	FALSE	NA	NA	NA	NA	Human
SRR3643340	human skin metagenome	Human	medium	NA	NA	FALSE	NA	NA	NA	NA	Human
SRR3643341	human skin metagenome	Human	medium	NA	NA	FALSE	NA	NA	NA	NA	Human
SRR3643354	human skin metagenome	Human	medium	NA	NA	FALSE	NA	NA	NA	NA	Human
SRR3643355	human skin metagenome	Human	medium	NA	NA	FALSE	NA	NA	NA	NA	Human
SRR3643364	human skin metagenome	Human	medium	NA	NA	FALSE	NA	NA	NA	NA	Human
SRR3643365	human skin metagenome	Human	medium	NA	NA	FALSE	NA	NA	NA	NA	Human
SRR3643387	human skin metagenome	Human	medium	NA	NA	FALSE	NA	NA	NA	NA	Human
SRR3643388	human skin metagenome	Human	medium	NA	NA	FALSE	NA	NA	NA	NA	Human
SRR3643398	human skin metagenome	Human	medium	NA	NA	FALSE	NA	NA	NA	NA	Human
SRR3643402	human skin metagenome	Human	medium	NA	NA	FALSE	NA	NA	NA	NA	Human
SRR3643403	human skin metagenome	Human	medium	NA	NA	FALSE	NA	NA	NA	NA	Human
SRR3643431	human skin metagenome	Human	medium	NA	NA	FALSE	NA	NA	NA	NA	Human
SRR3643432	human skin metagenome	Human	medium	NA	NA	FALSE	NA	NA	NA	NA	Human
SRR3643437	human skin metagenome	Human	medium	NA	NA	FALSE	NA	NA	NA	NA	Human
SRR3643438	human skin metagenome	Human	medium	NA	NA	FALSE	NA	NA	NA	NA	Human
SRR3643451	human skin metagenome	Human	medium	NA	NA	FALSE	NA	NA	NA	NA	Human
SRR3643452	human skin metagenome	Human	medium	NA	NA	FALSE	NA	NA	NA	NA	Human
SRR3643456	human skin metagenome	Human	medium	NA	NA	FALSE	NA	NA	NA	NA	Human
SRR3643475	human skin metagenome	Human	medium	NA	NA	FALSE	NA	NA	NA	NA	Human
SRR3643476	human skin metagenome	Human	medium	NA	NA	FALSE	NA	NA	NA	NA	Human
SRR3643481	human skin metagenome	Human	medium	NA	NA	FALSE	NA	NA	NA	NA	Human
SRR3643482	human skin metagenome	Human	medium	NA	NA	FALSE	NA	NA	NA	NA	Human
SRR3643485	human skin metagenome	Human	medium	NA	NA	FALSE	NA	NA	NA	NA	Human
SRR3643486	human skin metagenome	Human	medium	NA	NA	FALSE	NA	NA	NA	NA	Human
SRR3643496	human skin metagenome	Human	medium	NA	NA	FALSE	NA	NA	NA	NA	Human
SRR3643497	human skin metagenome	Human	medium	NA	NA	FALSE	NA	NA	NA	NA	Human
SRR3643498	human skin metagenome	Human	medium	NA	NA	FALSE	NA	NA	NA	NA	Human
SRR3643499	human skin metagenome	Human	medium	NA	NA	FALSE	NA	NA	NA	NA	Human
SRR3643517	human skin metagenome	Human	medium	NA	NA	FALSE	NA	NA	NA	NA	Human
SRR3643518	human skin metagenome	Human	medium	NA	NA	FALSE	NA	NA	NA	NA	Human
SRR3643520	human skin metagenome	Human	medium	NA	NA	FALSE	NA	NA	NA	NA	Human
SRR3643521	human skin metagenome	Human	medium	NA	NA	FALSE	NA	NA	NA	NA	Human
SRR3643529	human skin metagenome	Human	medium	NA	NA	FALSE	NA	NA	NA	NA	Human
SRR3643531	human skin metagenome	Human	medium	NA	NA	FALSE	NA	NA	NA	NA	Human
SRR3643532	human skin metagenome	Human	medium	NA	NA	FALSE	NA	NA	NA	NA	Human
SRR3643563	human skin metagenome	Human	medium	NA	NA	FALSE	NA	NA	NA	NA	Human
SRR3643564	human skin metagenome	Human	medium	NA	NA	FALSE	NA	NA	NA	NA	Human
SRR3643566	human skin metagenome	Human	medium	NA	NA	FALSE	NA	NA	NA	NA	Human
SRR3643567	human skin metagenome	Human	medium	NA	NA	FALSE	NA	NA	NA	NA	Human
SRR3643568	human skin metagenome	Human	medium	NA	NA	FALSE	NA	NA	NA	NA	Human
SRR3643569	human skin metagenome	Human	medium	NA	NA	FALSE	NA	NA	NA	NA	Human
SRR3643570	human skin metagenome	Human	medium	NA	NA	FALSE	NA	NA	NA	NA	Human
SRR3643571	human skin metagenome	Human	medium	NA	NA	FALSE	NA	NA	NA	NA	Human
SRR3643583	human skin metagenome	Human	medium	NA	NA	FALSE	NA	NA	NA	NA	Human
SRR3643584	human skin metagenome	Human	medium	NA	NA	FALSE	NA	NA	NA	NA	Human
SRR3643585	human skin metagenome	Human	medium	NA	NA	FALSE	NA	NA	NA	NA	Human
SRR3643586	human skin metagenome	Human	medium	NA	NA	FALSE	NA	NA	NA	NA	Human
SRR3643587	human skin metagenome	Human	medium	NA	NA	FALSE	NA	NA	NA	NA	Human
SRR3643588	human skin metagenome	Human	medium	NA	NA	FALSE	NA	NA	NA	NA	Human
SRR3643589	human skin metagenome	Human	medium	NA	NA	FALSE	NA	NA	NA	NA	Human
SRR3643590	human skin metagenome	Human	medium	NA	NA	FALSE	NA	NA	NA	NA	Human
SRR3643599	human skin metagenome	Human	medium	NA	NA	FALSE	NA	NA	NA	NA	Human
SRR3643600	human skin metagenome	Human	medium	NA	NA	FALSE	NA	NA	NA	NA	Human
SRR3643601	human skin metagenome	Human	medium	NA	NA	FALSE	NA	NA	NA	NA	Human
SRR3643602	human skin metagenome	Human	medium	NA	NA	FALSE	NA	NA	NA	NA	Human
SRR3643765	human skin metagenome	Human	medium	NA	NA	FALSE	NA	NA	NA	NA	Human
SRR3643766	human skin metagenome	Human	medium	NA	NA	FALSE	NA	NA	NA	NA	Human
SRR3643769	human skin metagenome	Human	medium	NA	NA	FALSE	NA	NA	NA	NA	Human
SRR3643770	human skin metagenome	Human	medium	NA	NA	FALSE	NA	NA	NA	NA	Human
SRR3643777	human skin metagenome	Human	medium	NA	NA	FALSE	NA	NA	NA	NA	Human
SRR3643778	human skin metagenome	Human	medium	NA	NA	FALSE	NA	NA	NA	NA	Human
SRR3643801	human skin metagenome	Human	medium	NA	NA	FALSE	NA	NA	NA	NA	Human
SRR3643802	human skin metagenome	Human	medium	NA	NA	FALSE	NA	NA	NA	NA	Human
SRR3643803	human skin metagenome	Human	medium	NA	NA	FALSE	NA	NA	NA	NA	Human
SRR3643804	human skin metagenome	Human	medium	NA	NA	FALSE	NA	NA	NA	NA	Human
SRR3643851	human skin metagenome	Human	medium	NA	NA	FALSE	NA	NA	NA	NA	Human
SRR3643852	human skin metagenome	Human	medium	NA	NA	FALSE	NA	NA	NA	NA	Human
SRR3643868	human skin metagenome	Human	medium	NA	NA	FALSE	NA	NA	NA	NA	Human
SRR3643869	human skin metagenome	Human	medium	NA	NA	FALSE	NA	NA	NA	NA	Human
SRR3643871	human skin metagenome	Human	medium	NA	NA	FALSE	NA	NA	NA	NA	Human
SRR3643897	human skin metagenome	Human	medium	NA	NA	FALSE	NA	NA	NA	NA	Human
SRR3643898	human skin metagenome	Human	medium	NA	NA	FALSE	NA	NA	NA	NA	Human
SRR3643899	human skin metagenome	Human	medium	NA	NA	FALSE	NA	NA	NA	NA	Human
SRR3643900	human skin metagenome	Human	medium	NA	NA	FALSE	NA	NA	NA	NA	Human
SRR3644023	human skin metagenome	Human	medium	NA	NA	FALSE	NA	NA	NA	NA	Human
SRR3644024	human skin metagenome	Human	medium	NA	NA	FALSE	NA	NA	NA	NA	Human
SRR3644049	human skin metagenome	Human	medium	NA	NA	FALSE	NA	NA	NA	NA	Human
SRR3644050	human skin metagenome	Human	medium	NA	NA	FALSE	NA	NA	NA	NA	Human
SRR3644051	human skin metagenome	Human	medium	NA	NA	FALSE	NA	NA	NA	NA	Human
SRR3644053	human skin metagenome	Human	medium	NA	NA	FALSE	NA	NA	NA	NA	Human
SRR3644055	human skin metagenome	Human	medium	NA	NA	FALSE	NA	NA	NA	NA	Human
SRR3644056	human skin metagenome	Human	medium	NA	NA	FALSE	NA	NA	NA	NA	Human
SRR3644057	human skin metagenome	Human	medium	NA	NA	FALSE	NA	NA	NA	NA	Human
SRR3644058	human skin metagenome	Human	medium	NA	NA	FALSE	NA	NA	NA	NA	Human
SRR3644059	human skin metagenome	Human	medium	NA	NA	FALSE	NA	NA	NA	NA	Human
SRR3644060	human skin metagenome	Human	medium	NA	NA	FALSE	NA	NA	NA	NA	Human
SRR3644119	human skin metagenome	Human	medium	NA	NA	FALSE	NA	NA	NA	NA	Human
SRR3644120	human skin metagenome	Human	medium	NA	NA	FALSE	NA	NA	NA	NA	Human
SRR3644121	human skin metagenome	Human	medium	NA	NA	FALSE	NA	NA	NA	NA	Human
SRR3644122	human skin metagenome	Human	medium	NA	NA	FALSE	NA	NA	NA	NA	Human
SRR3644126	human skin metagenome	Human	medium	NA	NA	FALSE	NA	NA	NA	NA	Human
SRR3644127	human skin metagenome	Human	medium	NA	NA	FALSE	NA	NA	NA	NA	Human
SRR3644128	human skin metagenome	Human	medium	NA	NA	FALSE	NA	NA	NA	NA	Human
SRR3644263	human skin metagenome	Human	medium	NA	NA	FALSE	NA	NA	NA	NA	Human
SRR3644264	human skin metagenome	Human	medium	NA	NA	FALSE	NA	NA	NA	NA	Human
SRR3644333	human skin metagenome	Human	medium	NA	NA	FALSE	NA	NA	NA	NA	Human
SRR3644334	human skin metagenome	Human	medium	NA	NA	FALSE	NA	NA	NA	NA	Human
SRR3644335	human skin metagenome	Human	medium	NA	NA	FALSE	NA	NA	NA	NA	Human
SRR3644336	human skin metagenome	Human	medium	NA	NA	FALSE	NA	NA	NA	NA	Human
SRR3644391	human skin metagenome	Human	medium	NA	NA	FALSE	NA	NA	NA	NA	Human
SRR16970617	Taxillus chinensis	Other	low	NA	NA	TRUE	NA	NA	NA	NA	Other
SRR3862114	Homo sapiens	Human	high	NA	NA	FALSE	NA	NA	NA	NA	Human
SRR3862122	Homo sapiens	Human	high	NA	NA	FALSE	NA	NA	NA	NA	Human
SRR3862130	Homo sapiens	Human	high	NA	NA	FALSE	NA	NA	NA	NA	Human
SRR3862131	Homo sapiens	Human	high	NA	NA	FALSE	NA	NA	NA	NA	Human
SRR3862132	Homo sapiens	Human	high	NA	NA	FALSE	NA	NA	NA	NA	Human
SRR3862137	Homo sapiens	Human	high	NA	NA	FALSE	NA	NA	NA	NA	Human
SRR3862141	Homo sapiens	Human	high	NA	NA	FALSE	NA	NA	NA	NA	Human
SRR3862143	Homo sapiens	Human	high	NA	NA	FALSE	NA	NA	NA	NA	Human
SRR3862145	Homo sapiens	Human	high	NA	NA	FALSE	NA	NA	NA	NA	Human
SRR3862149	Homo sapiens	Human	high	NA	NA	FALSE	NA	NA	NA	NA	Human
SRR3862151	Homo sapiens	Human	high	NA	NA	FALSE	NA	NA	NA	NA	Human
SRR3862153	Homo sapiens	Human	high	NA	NA	FALSE	NA	NA	NA	NA	Human
SRR3862168	Homo sapiens	Human	high	NA	NA	FALSE	NA	NA	NA	NA	Human
SRR3862193	Homo sapiens	Human	high	NA	NA	FALSE	NA	NA	NA	NA	Human
SRR3862222	Homo sapiens	Human	high	NA	NA	FALSE	NA	NA	NA	NA	Human
SRR3862249	Homo sapiens	Human	high	NA	NA	FALSE	NA	NA	NA	NA	Human
SRR3862252	Homo sapiens	Human	high	NA	NA	FALSE	NA	NA	NA	NA	Human
SRR3862253	Homo sapiens	Human	high	NA	NA	FALSE	NA	NA	NA	NA	Human
SRR3862254	Homo sapiens	Human	high	NA	NA	FALSE	NA	NA	NA	NA	Human
SRR3862267	Homo sapiens	Human	high	NA	NA	FALSE	NA	NA	NA	NA	Human
SRR3862270	Homo sapiens	Human	high	NA	NA	FALSE	NA	NA	NA	NA	Human
SRR3862280	Homo sapiens	Human	high	NA	NA	FALSE	NA	NA	NA	NA	Human
SRR3862281	Homo sapiens	Human	high	NA	NA	FALSE	NA	NA	NA	NA	Human
SRR3862296	Homo sapiens	Human	high	NA	NA	FALSE	NA	NA	NA	NA	Human
SRR3986358	Homo sapiens	Human	high	NA	NA	FALSE	NA	NA	NA	NA	Human
SRR3986359	Homo sapiens	Human	high	NA	NA	FALSE	NA	NA	NA	NA	Human
SRR4003592	Homo sapiens	Human	high	NA	NA	FALSE	NA	NA	NA	NA	Human
SRR4003593	Homo sapiens	Human	high	NA	NA	FALSE	NA	NA	NA	NA	Human
SRR4003594	Homo sapiens	Human	high	NA	NA	FALSE	NA	NA	NA	NA	Human
SRR4003595	Homo sapiens	Human	high	NA	NA	FALSE	NA	NA	NA	NA	Human
SRR4003596	Homo sapiens	Human	high	NA	NA	FALSE	NA	NA	NA	NA	Human
SRR4003597	Homo sapiens	Human	high	NA	NA	FALSE	NA	NA	NA	NA	Human
SRR4003598	Homo sapiens	Human	high	NA	NA	FALSE	NA	NA	NA	NA	Human
SRR4003599	Homo sapiens	Human	high	NA	NA	FALSE	NA	NA	NA	NA	Human
SRR4003601	Homo sapiens	Human	high	NA	NA	FALSE	NA	NA	NA	NA	Human
SRR4003602	Homo sapiens	Human	high	NA	NA	FALSE	NA	NA	NA	NA	Human
SRR4003603	Homo sapiens	Human	high	NA	NA	FALSE	NA	NA	NA	NA	Human
SRR4003604	Homo sapiens	Human	high	NA	NA	FALSE	NA	NA	NA	NA	Human
SRR4003605	Homo sapiens	Human	high	NA	NA	FALSE	NA	NA	NA	NA	Human
SRR4003606	Homo sapiens	Human	high	NA	NA	FALSE	NA	NA	NA	NA	Human
SRR4003608	Homo sapiens	Human	high	NA	NA	FALSE	NA	NA	NA	NA	Human
SRR4003609	Homo sapiens	Human	high	NA	NA	FALSE	NA	NA	NA	NA	Human
SRR4003610	Homo sapiens	Human	high	NA	NA	FALSE	NA	NA	NA	NA	Human
SRR4003611	Homo sapiens	Human	high	NA	NA	FALSE	NA	NA	NA	NA	Human
SRR4003612	Homo sapiens	Human	high	NA	NA	FALSE	NA	NA	NA	NA	Human
SRR4003613	Homo sapiens	Human	high	NA	NA	FALSE	NA	NA	NA	NA	Human
SRR4003614	Homo sapiens	Human	high	NA	NA	FALSE	NA	NA	NA	NA	Human
SRR4003615	Homo sapiens	Human	high	NA	NA	FALSE	NA	NA	NA	NA	Human
SRR4003616	Homo sapiens	Human	high	NA	NA	FALSE	NA	NA	NA	NA	Human
SRR4003617	Homo sapiens	Human	high	NA	NA	FALSE	NA	NA	NA	NA	Human
SRR4003618	Homo sapiens	Human	high	NA	NA	FALSE	NA	NA	NA	NA	Human
SRR4003619	Homo sapiens	Human	high	NA	NA	FALSE	NA	NA	NA	NA	Human
SRR4003620	Homo sapiens	Human	high	NA	NA	FALSE	NA	NA	NA	NA	Human
SRR4003621	Homo sapiens	Human	high	NA	NA	FALSE	NA	NA	NA	NA	Human
SRR4003622	Homo sapiens	Human	high	NA	NA	FALSE	NA	NA	NA	NA	Human
SRR4003623	Homo sapiens	Human	high	NA	NA	FALSE	NA	NA	NA	NA	Human
SRR4003624	Homo sapiens	Human	high	NA	NA	FALSE	NA	NA	NA	NA	Human
SRR4003625	Homo sapiens	Human	high	NA	NA	FALSE	NA	NA	NA	NA	Human
SRR4003626	Homo sapiens	Human	high	NA	NA	FALSE	NA	NA	NA	NA	Human
SRR4003627	Homo sapiens	Human	high	NA	NA	FALSE	NA	NA	NA	NA	Human
SRR4003628	Homo sapiens	Human	high	NA	NA	FALSE	NA	NA	NA	NA	Human
SRR4003629	Homo sapiens	Human	high	NA	NA	FALSE	NA	NA	NA	NA	Human
SRR4003630	Homo sapiens	Human	high	NA	NA	FALSE	NA	NA	NA	NA	Human
SRR4003631	Homo sapiens	Human	high	NA	NA	FALSE	NA	NA	NA	NA	Human
SRR4003632	Homo sapiens	Human	high	NA	NA	FALSE	NA	NA	NA	NA	Human
SRR4003633	Homo sapiens	Human	high	NA	NA	FALSE	NA	NA	NA	NA	Human
SRR4003634	Homo sapiens	Human	high	NA	NA	FALSE	NA	NA	NA	NA	Human
SRR4003635	Homo sapiens	Human	high	NA	NA	FALSE	NA	NA	NA	NA	Human
SRR4003637	Homo sapiens	Human	high	NA	NA	FALSE	NA	NA	NA	NA	Human
SRR4003638	Homo sapiens	Human	high	NA	NA	FALSE	NA	NA	NA	NA	Human
SRR4003639	Homo sapiens	Human	high	NA	NA	FALSE	NA	NA	NA	NA	Human
SRR4003640	Homo sapiens	Human	high	NA	NA	FALSE	NA	NA	NA	NA	Human
SRR4003641	Homo sapiens	Human	high	NA	NA	FALSE	NA	NA	NA	NA	Human
SRR4003642	Homo sapiens	Human	high	NA	NA	FALSE	NA	NA	NA	NA	Human
SRR4003643	Homo sapiens	Human	high	NA	NA	FALSE	NA	NA	NA	NA	Human
SRR4003644	Homo sapiens	Human	high	NA	NA	FALSE	NA	NA	NA	NA	Human
SRR4003645	Homo sapiens	Human	high	NA	NA	FALSE	NA	NA	NA	NA	Human
SRR4003646	Homo sapiens	Human	high	NA	NA	FALSE	NA	NA	NA	NA	Human
SRR4003647	Homo sapiens	Human	high	NA	NA	FALSE	NA	NA	NA	NA	Human
SRR4003648	Homo sapiens	Human	high	NA	NA	FALSE	NA	NA	NA	NA	Human
SRR4003649	Homo sapiens	Human	high	NA	NA	FALSE	NA	NA	NA	NA	Human
SRR4003650	Homo sapiens	Human	high	NA	NA	FALSE	NA	NA	NA	NA	Human
SRR4003651	Homo sapiens	Human	high	NA	NA	FALSE	NA	NA	NA	NA	Human
SRR4003655	Homo sapiens	Human	high	NA	NA	FALSE	NA	NA	NA	NA	Human
SRR4003657	Homo sapiens	Human	high	NA	NA	FALSE	NA	NA	NA	NA	Human
SRR4003661	Homo sapiens	Human	high	NA	NA	FALSE	NA	NA	NA	NA	Human
SRR4003662	Homo sapiens	Human	high	NA	NA	FALSE	NA	NA	NA	NA	Human
SRR4003663	Homo sapiens	Human	high	NA	NA	FALSE	NA	NA	NA	NA	Human
SRR4003664	Homo sapiens	Human	high	NA	NA	FALSE	NA	NA	NA	NA	Human
SRR4003665	Homo sapiens	Human	high	NA	NA	FALSE	NA	NA	NA	NA	Human
SRR4003666	Homo sapiens	Human	high	NA	NA	FALSE	NA	NA	NA	NA	Human
SRR4003667	Homo sapiens	Human	high	NA	NA	FALSE	NA	NA	NA	NA	Human
SRR4003668	Homo sapiens	Human	high	NA	NA	FALSE	NA	NA	NA	NA	Human
SRR4003669	Homo sapiens	Human	high	NA	NA	FALSE	NA	NA	NA	NA	Human
SRR4003670	Homo sapiens	Human	high	NA	NA	FALSE	NA	NA	NA	NA	Human
SRR4003671	Homo sapiens	Human	high	NA	NA	FALSE	NA	NA	NA	NA	Human
SRR4003672	Homo sapiens	Human	high	NA	NA	FALSE	NA	NA	NA	NA	Human
SRR4003673	Homo sapiens	Human	high	NA	NA	FALSE	NA	NA	NA	NA	Human
SRR4003674	Homo sapiens	Human	high	NA	NA	FALSE	NA	NA	NA	NA	Human
SRR4003675	Homo sapiens	Human	high	NA	NA	FALSE	NA	NA	NA	NA	Human
SRR4003676	Homo sapiens	Human	high	NA	NA	FALSE	NA	NA	NA	NA	Human
SRR4003677	Homo sapiens	Human	high	NA	NA	FALSE	NA	NA	NA	NA	Human
SRR4003678	Homo sapiens	Human	high	NA	NA	FALSE	NA	NA	NA	NA	Human
SRR4003680	Homo sapiens	Human	high	NA	NA	FALSE	NA	NA	NA	NA	Human
SRR4003681	Homo sapiens	Human	high	NA	NA	FALSE	NA	NA	NA	NA	Human
SRR4003682	Homo sapiens	Human	high	NA	NA	FALSE	NA	NA	NA	NA	Human
SRR4003683	Homo sapiens	Human	high	NA	NA	FALSE	NA	NA	NA	NA	Human
SRR4003684	Homo sapiens	Human	high	NA	NA	FALSE	NA	NA	NA	NA	Human
SRR4003685	Homo sapiens	Human	high	NA	NA	FALSE	NA	NA	NA	NA	Human
SRR4003686	Homo sapiens	Human	high	NA	NA	FALSE	NA	NA	NA	NA	Human
SRR4003688	Homo sapiens	Human	high	NA	NA	FALSE	NA	NA	NA	NA	Human
SRR4003689	Homo sapiens	Human	high	NA	NA	FALSE	NA	NA	NA	NA	Human
SRR4003690	Homo sapiens	Human	high	NA	NA	FALSE	NA	NA	NA	NA	Human
SRR4003691	Homo sapiens	Human	high	NA	NA	FALSE	NA	NA	NA	NA	Human
SRR4003692	Homo sapiens	Human	high	NA	NA	FALSE	NA	NA	NA	NA	Human
SRR4003693	Homo sapiens	Human	high	NA	NA	FALSE	NA	NA	NA	NA	Human
SRR4003694	Homo sapiens	Human	high	NA	NA	FALSE	NA	NA	NA	NA	Human
SRR4003695	Homo sapiens	Human	high	NA	NA	FALSE	NA	NA	NA	NA	Human
SRR4003696	Homo sapiens	Human	high	NA	NA	FALSE	NA	NA	NA	NA	Human
SRR4003697	Homo sapiens	Human	high	NA	NA	FALSE	NA	NA	NA	NA	Human
SRR4003698	Homo sapiens	Human	high	NA	NA	FALSE	NA	NA	NA	NA	Human
SRR4003699	Homo sapiens	Human	high	NA	NA	FALSE	NA	NA	NA	NA	Human
SRR4003700	Homo sapiens	Human	high	NA	NA	FALSE	NA	NA	NA	NA	Human
SRR4003701	Homo sapiens	Human	high	NA	NA	FALSE	NA	NA	NA	NA	Human
SRR4003702	Homo sapiens	Human	high	NA	NA	FALSE	NA	NA	NA	NA	Human
SRR4003703	Homo sapiens	Human	high	NA	NA	FALSE	NA	NA	NA	NA	Human
SRR4003704	Homo sapiens	Human	high	NA	NA	FALSE	NA	NA	NA	NA	Human
SRR4003705	Homo sapiens	Human	high	NA	NA	FALSE	NA	NA	NA	NA	Human
SRR4003706	Homo sapiens	Human	high	NA	NA	FALSE	NA	NA	NA	NA	Human
SRR4003707	Homo sapiens	Human	high	NA	NA	FALSE	NA	NA	NA	NA	Human
SRR4003708	Homo sapiens	Human	high	NA	NA	FALSE	NA	NA	NA	NA	Human
SRR4003709	Homo sapiens	Human	high	NA	NA	FALSE	NA	NA	NA	NA	Human
SRR4003710	Homo sapiens	Human	high	NA	NA	FALSE	NA	NA	NA	NA	Human
SRR4003711	Homo sapiens	Human	high	NA	NA	FALSE	NA	NA	NA	NA	Human
SRR4003712	Homo sapiens	Human	high	NA	NA	FALSE	NA	NA	NA	NA	Human
SRR4003713	Homo sapiens	Human	high	NA	NA	FALSE	NA	NA	NA	NA	Human
SRR4003714	Homo sapiens	Human	high	NA	NA	FALSE	NA	NA	NA	NA	Human
SRR4003715	Homo sapiens	Human	high	NA	NA	FALSE	NA	NA	NA	NA	Human
SRR4003716	Homo sapiens	Human	high	NA	NA	FALSE	NA	NA	NA	NA	Human
SRR4003717	Homo sapiens	Human	high	NA	NA	FALSE	NA	NA	NA	NA	Human
SRR4003718	Homo sapiens	Human	high	NA	NA	FALSE	NA	NA	NA	NA	Human
SRR4003719	Homo sapiens	Human	high	NA	NA	FALSE	NA	NA	NA	NA	Human
SRR4003720	Homo sapiens	Human	high	NA	NA	FALSE	NA	NA	NA	NA	Human
SRR4003721	Homo sapiens	Human	high	NA	NA	FALSE	NA	NA	NA	NA	Human
SRR4003722	Homo sapiens	Human	high	NA	NA	FALSE	NA	NA	NA	NA	Human
SRR4003723	Homo sapiens	Human	high	NA	NA	FALSE	NA	NA	NA	NA	Human
SRR4003724	Homo sapiens	Human	high	NA	NA	FALSE	NA	NA	NA	NA	Human
SRR4003725	Homo sapiens	Human	high	NA	NA	FALSE	NA	NA	NA	NA	Human
SRR4003727	Homo sapiens	Human	high	NA	NA	FALSE	NA	NA	NA	NA	Human
SRR4003728	Homo sapiens	Human	high	NA	NA	FALSE	NA	NA	NA	NA	Human
SRR4003729	Homo sapiens	Human	high	NA	NA	FALSE	NA	NA	NA	NA	Human
SRR4003730	Homo sapiens	Human	high	NA	NA	FALSE	NA	NA	NA	NA	Human
SRR4003731	Homo sapiens	Human	high	NA	NA	FALSE	NA	NA	NA	NA	Human
SRR4003732	Homo sapiens	Human	high	NA	NA	FALSE	NA	NA	NA	NA	Human
SRR4003733	Homo sapiens	Human	high	NA	NA	FALSE	NA	NA	NA	NA	Human
SRR4003734	Homo sapiens	Human	high	NA	NA	FALSE	NA	NA	NA	NA	Human
SRR4003735	Homo sapiens	Human	high	NA	NA	FALSE	NA	NA	NA	NA	Human
SRR4003736	Homo sapiens	Human	high	NA	NA	FALSE	NA	NA	NA	NA	Human
SRR4003737	Homo sapiens	Human	high	NA	NA	FALSE	NA	NA	NA	NA	Human
SRR4003738	Homo sapiens	Human	high	NA	NA	FALSE	NA	NA	NA	NA	Human
SRR4003739	Homo sapiens	Human	high	NA	NA	FALSE	NA	NA	NA	NA	Human
SRR4003740	Homo sapiens	Human	high	NA	NA	FALSE	NA	NA	NA	NA	Human
SRR4003741	Homo sapiens	Human	high	NA	NA	FALSE	NA	NA	NA	NA	Human
SRR4003742	Homo sapiens	Human	high	NA	NA	FALSE	NA	NA	NA	NA	Human
SRR4003743	Homo sapiens	Human	high	NA	NA	FALSE	NA	NA	NA	NA	Human
SRR4003744	Homo sapiens	Human	high	NA	NA	FALSE	NA	NA	NA	NA	Human
SRR4003745	Homo sapiens	Human	high	NA	NA	FALSE	NA	NA	NA	NA	Human
SRR4003746	Homo sapiens	Human	high	NA	NA	FALSE	NA	NA	NA	NA	Human
SRR4003747	Homo sapiens	Human	high	NA	NA	FALSE	NA	NA	NA	NA	Human
SRR4003748	Homo sapiens	Human	high	NA	NA	FALSE	NA	NA	NA	NA	Human
SRR4003749	Homo sapiens	Human	high	NA	NA	FALSE	NA	NA	NA	NA	Human
SRR4003750	Homo sapiens	Human	high	NA	NA	FALSE	NA	NA	NA	NA	Human
SRR4003751	Homo sapiens	Human	high	NA	NA	FALSE	NA	NA	NA	NA	Human
SRR4003752	Homo sapiens	Human	high	NA	NA	FALSE	NA	NA	NA	NA	Human
SRR4003753	Homo sapiens	Human	high	NA	NA	FALSE	NA	NA	NA	NA	Human
SRR4003754	Homo sapiens	Human	high	NA	NA	FALSE	NA	NA	NA	NA	Human
SRR4003755	Homo sapiens	Human	high	NA	NA	FALSE	NA	NA	NA	NA	Human
SRR4003756	Homo sapiens	Human	high	NA	NA	FALSE	NA	NA	NA	NA	Human
SRR4003757	Homo sapiens	Human	high	NA	NA	FALSE	NA	NA	NA	NA	Human
SRR4003758	Homo sapiens	Human	high	NA	NA	FALSE	NA	NA	NA	NA	Human
SRR4003759	Homo sapiens	Human	high	NA	NA	FALSE	NA	NA	NA	NA	Human
SRR4003760	Homo sapiens	Human	high	NA	NA	FALSE	NA	NA	NA	NA	Human
SRR4003761	Homo sapiens	Human	high	NA	NA	FALSE	NA	NA	NA	NA	Human
SRR4003762	Homo sapiens	Human	high	NA	NA	FALSE	NA	NA	NA	NA	Human
SRR4003763	Homo sapiens	Human	high	NA	NA	FALSE	NA	NA	NA	NA	Human
SRR4003764	Homo sapiens	Human	high	NA	NA	FALSE	NA	NA	NA	NA	Human
SRR4003766	Homo sapiens	Human	high	NA	NA	FALSE	NA	NA	NA	NA	Human
SRR4003769	Homo sapiens	Human	high	NA	NA	FALSE	NA	NA	NA	NA	Human
SRR4003770	Homo sapiens	Human	high	NA	NA	FALSE	NA	NA	NA	NA	Human
SRR4003771	Homo sapiens	Human	high	NA	NA	FALSE	NA	NA	NA	NA	Human
SRR4003772	Homo sapiens	Human	high	NA	NA	FALSE	NA	NA	NA	NA	Human
SRR4003773	Homo sapiens	Human	high	NA	NA	FALSE	NA	NA	NA	NA	Human
SRR4003774	Homo sapiens	Human	high	NA	NA	FALSE	NA	NA	NA	NA	Human
SRR4003775	Homo sapiens	Human	high	NA	NA	FALSE	NA	NA	NA	NA	Human
SRR4003776	Homo sapiens	Human	high	NA	NA	FALSE	NA	NA	NA	NA	Human
SRR4003777	Homo sapiens	Human	high	NA	NA	FALSE	NA	NA	NA	NA	Human
SRR4003778	Homo sapiens	Human	high	NA	NA	FALSE	NA	NA	NA	NA	Human
SRR4003780	Homo sapiens	Human	high	NA	NA	FALSE	NA	NA	NA	NA	Human
SRR4003784	Homo sapiens	Human	high	NA	NA	FALSE	NA	NA	NA	NA	Human
SRR4003785	Homo sapiens	Human	high	NA	NA	FALSE	NA	NA	NA	NA	Human
SRR4003786	Homo sapiens	Human	high	NA	NA	FALSE	NA	NA	NA	NA	Human
SRR10331214	Tetranychus truncatus	Other	low	NA	NA	TRUE	NA	NA	NA	NA	Other
SRR12566196	Thamnophilus doliatus	Avian	low	NA	NA	TRUE	NA	NA	NA	NA	Avian
SRR9938336	Theobroma cacao	Other	low	NA	NA	TRUE	NA	NA	NA	NA	Other
SRR9938337	Theobroma cacao	Other	low	NA	NA	TRUE	NA	NA	NA	NA	Other
SRR15055837	Treponema pallidum	Other	low	NA	NA	TRUE	NA	NA	NA	NA	Other
SRR4075526	food fermentation metagenome	Equine	medium	horse	NA	FALSE	NA	NA	NA	NA	Equine
SRR4201715	viral metagenome	Bat	medium	Molossus molossus	NA	FALSE	NA	NA	NA	NA	Bat
SRR4201716	viral metagenome	Bat	medium	Molossus molossus	NA	FALSE	NA	NA	NA	NA	Bat
SRR4201718	viral metagenome	Bat	medium	Molossus molossus	NA	FALSE	NA	NA	NA	NA	Bat
SRR21135117	Treponema pallidum	Other	low	NA	NA	TRUE	NA	NA	NA	NA	Other
SRR4271443	Sus scrofa	Porcine	high	NA	NA	FALSE	NA	NA	NA	NA	Porcine
SRR4296965	Bos taurus	Bovine	high	NA	NA	FALSE	NA	NA	NA	NA	Bovine
SRR4299085	Homo sapiens	Human	high	NA	NA	FALSE	NA	NA	NA	NA	Human
SRR4332828	Rana jiemuxiensis	Amphibian	high	NA	NA	FALSE	NA	NA	NA	NA	Amphibian
SRR4381545	Canis latrans	Canine	high	NA	NA	FALSE	NA	NA	NA	NA	Canine
SRR4427063	Prolemur simus	Non-human Primate	high	NA	NA	FALSE	NA	NA	NA	NA	Non-human Primate
SRR4445813	Homo sapiens	Human	high	NA	NA	FALSE	NA	NA	NA	NA	Human
SRR4445817	Homo sapiens	Human	high	NA	NA	FALSE	NA	NA	NA	NA	Human
SRR466335	organismal metagenomes	Human	manual	NA	Human	FALSE	NA	NA	NA	NA	Human
SRR5040902	feces metagenome	Bat	medium	Eidolon helvum	NA	FALSE	NA	NA	NA	NA	Bat
SRR5042766	Ambystoma mexicanum	Amphibian	high	NA	NA	FALSE	NA	NA	NA	NA	Amphibian
SRR506155	Homo sapiens	Human	high	NA	NA	FALSE	NA	NA	NA	NA	Human
SRR506161	Homo sapiens	Human	high	NA	NA	FALSE	NA	NA	NA	NA	Human
SRR5088943	Homo sapiens	Human	high	NA	NA	FALSE	NA	NA	NA	NA	Human
SRR5091621	Homo sapiens	Human	high	NA	NA	FALSE	NA	NA	NA	NA	Human
DRR213713	Treponema pallidum subsp. pallidum	Other	low	NA	NA	TRUE	NA	NA	NA	NA	Other
SRR5181322	Mus musculus	Rodent	high	NA	NA	FALSE	NA	NA	NA	NA	Rodent
SRR5189789	marine sediment metagenome	Metagenome	manual	NA	Metagenome	FALSE	NA	NA	NA	NA	Metagenome
DRR213717	Treponema pallidum subsp. pallidum	Other	low	NA	NA	TRUE	NA	NA	NA	NA	Other
SRR5239190	Homo sapiens	Human	high	NA	NA	FALSE	NA	NA	NA	NA	Human
SRR5273923	human metagenome	Human	medium	NA	NA	FALSE	NA	NA	NA	NA	Human
SRR5273936	human metagenome	Human	medium	NA	NA	FALSE	NA	NA	NA	NA	Human
SRR5274066	human metagenome	Human	medium	NA	NA	FALSE	NA	NA	NA	NA	Human
DRR213721	Treponema pallidum subsp. pallidum	Other	low	NA	NA	TRUE	NA	NA	NA	NA	Other
SRR5335900	Homo sapiens	Human	high	NA	NA	FALSE	NA	NA	NA	NA	Human
SRR5335908	Homo sapiens	Human	high	NA	NA	FALSE	NA	NA	NA	NA	Human
SRR5335914	Homo sapiens	Human	high	NA	NA	FALSE	NA	NA	NA	NA	Human
SRR5366571	ciliate metagenome	Other	manual	NA	Other	FALSE	NA	NA	NA	NA	Other
SRR5384551	rodent metagenome	Rodent	medium	NA	NA	FALSE	NA	NA	NA	NA	Rodent
SRR5384553	rodent metagenome	Rodent	medium	NA	NA	FALSE	NA	NA	NA	NA	Rodent
SRR5393450	Homo sapiens	Human	high	NA	NA	FALSE	NA	NA	NA	NA	Human
SRR5398813	Homo sapiens	Human	high	NA	NA	FALSE	NA	NA	NA	NA	Human
SRR5398836	Homo sapiens	Human	high	NA	NA	FALSE	NA	NA	NA	NA	Human
SRR5415514	rodent metagenome	Rodent	medium	NA	NA	FALSE	NA	NA	NA	NA	Rodent
SRR5415516	rodent metagenome	Rodent	medium	NA	NA	FALSE	NA	NA	NA	NA	Rodent
SRR5420157	Homo sapiens	Human	high	NA	NA	FALSE	NA	NA	NA	NA	Human
SRR5420276	indoor metagenome	Metagenome	manual	NA	Metagenome	FALSE	NA	NA	NA	NA	Metagenome
SRR5420277	indoor metagenome	Metagenome	manual	NA	Metagenome	FALSE	NA	NA	NA	NA	Metagenome
SRR5420282	indoor metagenome	Metagenome	manual	NA	Metagenome	FALSE	NA	NA	NA	NA	Metagenome
SRR5420286	indoor metagenome	Metagenome	manual	NA	Metagenome	FALSE	NA	NA	NA	NA	Metagenome
SRR5420291	indoor metagenome	Metagenome	manual	NA	Metagenome	FALSE	NA	NA	NA	NA	Metagenome
SRR5420292	indoor metagenome	Metagenome	manual	NA	Metagenome	FALSE	NA	NA	NA	NA	Metagenome
SRR5420297	indoor metagenome	Metagenome	manual	NA	Metagenome	FALSE	NA	NA	NA	NA	Metagenome
SRR5431750	rodent metagenome	Rodent	medium	NA	NA	FALSE	NA	NA	NA	NA	Rodent
SRR5447139	rodent metagenome	Rodent	medium	NA	NA	FALSE	NA	NA	NA	NA	Rodent
SRR5447145	rodent metagenome	Rodent	medium	NA	NA	FALSE	NA	NA	NA	NA	Rodent
SRR5447148	rodent metagenome	Rodent	medium	NA	NA	FALSE	NA	NA	NA	NA	Rodent
SRR5447154	rodent metagenome	Rodent	medium	NA	NA	FALSE	NA	NA	NA	NA	Rodent
SRR5447172	rodent metagenome	Rodent	medium	NA	NA	FALSE	NA	NA	NA	NA	Rodent
SRR5447173	rodent metagenome	Rodent	medium	NA	NA	FALSE	NA	NA	NA	NA	Rodent
SRR5450932	Tachysurus fulvidraco x Tachysurus vachelli	Ray-finned Fish	high	NA	NA	FALSE	NA	NA	NA	NA	Ray-finned Fish
DRR213722	Treponema pallidum subsp. pallidum	Other	low	NA	NA	TRUE	NA	NA	NA	NA	Other
SRR5458557	Homo sapiens	Human	high	NA	NA	FALSE	NA	NA	NA	NA	Human
SRR5458559	Homo sapiens	Human	high	NA	NA	FALSE	NA	NA	NA	NA	Human
DRR213724	Treponema pallidum subsp. pallidum	Other	low	NA	NA	TRUE	NA	NA	NA	NA	Other
SRR5470525	Homo sapiens	Human	high	NA	NA	FALSE	NA	NA	NA	NA	Human
SRR5487653	groundwater metagenome	Metagenome	manual	NA	Metagenome	FALSE	NA	NA	NA	NA	Metagenome
SRR5535766	urine metagenome	Human	medium	Homo sapiens	NA	FALSE	NA	NA	NA	NA	Human
SRR5644066	Ailuropoda melanoleuca	Ursine	high	NA	NA	FALSE	NA	NA	NA	NA	Ursine
SRR5651372	Homo sapiens	Human	high	NA	NA	FALSE	NA	NA	NA	NA	Human
SRR5677791	human gut metagenome	Human	medium	NA	NA	FALSE	NA	NA	NA	NA	Human
SRR5677792	human gut metagenome	Human	medium	NA	NA	FALSE	NA	NA	NA	NA	Human
SRR5677806	human gut metagenome	Human	medium	NA	NA	FALSE	NA	NA	NA	NA	Human
SRR5677820	human gut metagenome	Human	medium	NA	NA	FALSE	NA	NA	NA	NA	Human
SRR5677821	human gut metagenome	Human	medium	NA	NA	FALSE	NA	NA	NA	NA	Human
SRR5677822	human gut metagenome	Human	medium	NA	NA	FALSE	NA	NA	NA	NA	Human
SRR5677831	human gut metagenome	Human	medium	NA	NA	FALSE	NA	NA	NA	NA	Human
SRR8501169	Treponema pallidum subsp. pallidum	Other	low	NA	NA	TRUE	NA	NA	NA	NA	Other
SRR5761985	Mus musculus	Rodent	high	NA	NA	FALSE	NA	NA	NA	NA	Rodent
SRR5761992	Mus musculus	Rodent	high	NA	NA	FALSE	NA	NA	NA	NA	Rodent
SRR5772126	Mus musculus	Rodent	high	NA	NA	FALSE	NA	NA	NA	NA	Rodent
SRR5805709	human lung metagenome	Human	medium	NA	NA	FALSE	NA	NA	NA	NA	Human
SRR5805737	human lung metagenome	Human	medium	NA	NA	FALSE	NA	NA	NA	NA	Human
SRR5805754	human lung metagenome	Human	medium	NA	NA	FALSE	NA	NA	NA	NA	Human
SRR5805771	human lung metagenome	Human	medium	NA	NA	FALSE	NA	NA	NA	NA	Human
SRR5805777	human lung metagenome	Human	medium	NA	NA	FALSE	NA	NA	NA	NA	Human
SRR5818496	human gut metagenome	Human	medium	NA	NA	FALSE	NA	NA	NA	NA	Human
SRR5818537	human gut metagenome	Human	medium	NA	NA	FALSE	NA	NA	NA	NA	Human
SRR5831062	Homo sapiens	Human	high	NA	NA	FALSE	NA	NA	NA	NA	Human
SRR5831067	Homo sapiens	Human	high	NA	NA	FALSE	NA	NA	NA	NA	Human
SRR5832142	viral metagenome	Ray-finned Fish	manual	NA	Ray-finned Fish	FALSE	NA	NA	NA	NA	Ray-finned Fish
SRR5836461	Homo sapiens	Human	high	NA	NA	FALSE	NA	NA	NA	NA	Human
SRR5836462	Homo sapiens	Human	high	NA	NA	FALSE	NA	NA	NA	NA	Human
SRR5836463	Homo sapiens	Human	high	NA	NA	FALSE	NA	NA	NA	NA	Human
SRR5836464	Homo sapiens	Human	high	NA	NA	FALSE	NA	NA	NA	NA	Human
SRR5836465	Homo sapiens	Human	high	NA	NA	FALSE	NA	NA	NA	NA	Human
SRR5836466	Homo sapiens	Human	high	NA	NA	FALSE	NA	NA	NA	NA	Human
SRR5836467	Homo sapiens	Human	high	NA	NA	FALSE	NA	NA	NA	NA	Human
SRR5836468	Homo sapiens	Human	high	NA	NA	FALSE	NA	NA	NA	NA	Human
SRR5836469	Homo sapiens	Human	high	NA	NA	FALSE	NA	NA	NA	NA	Human
SRR5836470	Homo sapiens	Human	high	NA	NA	FALSE	NA	NA	NA	NA	Human
SRR5836471	Homo sapiens	Human	high	NA	NA	FALSE	NA	NA	NA	NA	Human
SRR5853136	indoor metagenome	Metagenome	manual	NA	Metagenome	FALSE	NA	NA	NA	NA	Metagenome
SRR5853139	indoor metagenome	Metagenome	manual	NA	Metagenome	FALSE	NA	NA	NA	NA	Metagenome
SRR5877174	Mus musculus	Rodent	high	NA	NA	FALSE	NA	NA	NA	NA	Rodent
SRR9945453	Trichoplax adhaerens	Other	low	NA	NA	TRUE	NA	NA	NA	NA	Other
SRR5904121	Homo sapiens	Human	high	NA	NA	FALSE	NA	NA	NA	NA	Human
SRR5904122	Homo sapiens	Human	high	NA	NA	FALSE	NA	NA	NA	NA	Human
SRR5904123	Homo sapiens	Human	high	NA	NA	FALSE	NA	NA	NA	NA	Human
SRR5904124	Homo sapiens	Human	high	NA	NA	FALSE	NA	NA	NA	NA	Human
SRR5904125	Homo sapiens	Human	high	NA	NA	FALSE	NA	NA	NA	NA	Human
SRR5904126	Homo sapiens	Human	high	NA	NA	FALSE	NA	NA	NA	NA	Human
SRR5918392	viral metagenome	Metagenome	manual	NA	Metagenome	FALSE	NA	NA	NA	NA	Metagenome
SRR5918393	viral metagenome	Metagenome	manual	NA	Metagenome	FALSE	NA	NA	NA	NA	Metagenome
SRR5918394	viral metagenome	Metagenome	manual	NA	Metagenome	FALSE	NA	NA	NA	NA	Metagenome
SRR5922512	Homo sapiens	Human	high	NA	NA	FALSE	NA	NA	NA	NA	Human
SRR5926446	gut metagenome	Human	medium	Homo sapiens	NA	FALSE	NA	NA	NA	NA	Human
SRR5930744	human metagenome	Human	medium	NA	NA	FALSE	NA	NA	NA	NA	Human
SRR5930783	human metagenome	Human	medium	NA	NA	FALSE	NA	NA	NA	NA	Human
SRR22741955	Trilocha varians	Other	low	NA	NA	TRUE	NA	NA	NA	NA	Other
SRR5967354	wastewater metagenome	Metagenome	manual	NA	Metagenome	FALSE	NA	NA	NA	NA	Metagenome
SRR5967355	wastewater metagenome	Metagenome	manual	NA	Metagenome	FALSE	NA	NA	NA	NA	Metagenome
SRR5967357	wastewater metagenome	Metagenome	manual	NA	Metagenome	FALSE	NA	NA	NA	NA	Metagenome
SRR5967358	wastewater metagenome	Metagenome	manual	NA	Metagenome	FALSE	NA	NA	NA	NA	Metagenome
SRR5967360	wastewater metagenome	Metagenome	manual	NA	Metagenome	FALSE	NA	NA	NA	NA	Metagenome
SRR5967361	wastewater metagenome	Metagenome	manual	NA	Metagenome	FALSE	NA	NA	NA	NA	Metagenome
SRR5967362	wastewater metagenome	Metagenome	manual	NA	Metagenome	FALSE	NA	NA	NA	NA	Metagenome
SRR5967363	wastewater metagenome	Metagenome	manual	NA	Metagenome	FALSE	NA	NA	NA	NA	Metagenome
SRR5967364	wastewater metagenome	Metagenome	manual	NA	Metagenome	FALSE	NA	NA	NA	NA	Metagenome
SRR5970366	Mus musculus	Rodent	high	NA	NA	FALSE	NA	NA	NA	NA	Rodent
SRR5970515	Mus musculus	Rodent	high	NA	NA	FALSE	NA	NA	NA	NA	Rodent
SRR5970517	Mus musculus	Rodent	high	NA	NA	FALSE	NA	NA	NA	NA	Rodent
SRR6058067	Mus musculus papillomavirus type 1	Rodent	medium	NA	NA	FALSE	NA	NA	NA	NA	Rodent
SRR6058068	Mus musculus papillomavirus type 1	Rodent	medium	NA	NA	FALSE	NA	NA	NA	NA	Rodent
SRR6058069	Mus musculus papillomavirus type 1	Rodent	medium	NA	NA	FALSE	NA	NA	NA	NA	Rodent
SRR6058070	Mus musculus papillomavirus type 1	Rodent	medium	NA	NA	FALSE	NA	NA	NA	NA	Rodent
SRR6058071	Mus musculus papillomavirus type 1	Rodent	medium	NA	NA	FALSE	NA	NA	NA	NA	Rodent
SRR6058072	Mus musculus papillomavirus type 1	Rodent	medium	NA	NA	FALSE	NA	NA	NA	NA	Rodent
SRR6058073	Mus musculus papillomavirus type 1	Rodent	medium	NA	NA	FALSE	NA	NA	NA	NA	Rodent
SRR6058074	Mus musculus papillomavirus type 1	Rodent	medium	NA	NA	FALSE	NA	NA	NA	NA	Rodent
SRR6058075	Mus musculus papillomavirus type 1	Rodent	medium	NA	NA	FALSE	NA	NA	NA	NA	Rodent
SRR6058076	Mus musculus papillomavirus type 1	Rodent	medium	NA	NA	FALSE	NA	NA	NA	NA	Rodent
SRR6058077	Mus musculus papillomavirus type 1	Rodent	medium	NA	NA	FALSE	NA	NA	NA	NA	Rodent
SRR6058078	Mus musculus papillomavirus type 1	Rodent	medium	NA	NA	FALSE	NA	NA	NA	NA	Rodent
DRR008484	Triticum aestivum	Other	low	NA	NA	TRUE	NA	NA	NA	NA	Other
SRR6109710	Homo sapiens	Human	high	NA	NA	FALSE	NA	NA	NA	NA	Human
SRR6109712	Homo sapiens	Human	high	NA	NA	FALSE	NA	NA	NA	NA	Human
SRR6109713	Homo sapiens	Human	high	NA	NA	FALSE	NA	NA	NA	NA	Human
SRR6109718	Homo sapiens	Human	high	NA	NA	FALSE	NA	NA	NA	NA	Human
SRR611511	Homo sapiens	Human	high	NA	NA	FALSE	NA	NA	NA	NA	Human
SRR6116424	Homo sapiens	Human	high	NA	NA	FALSE	NA	NA	NA	NA	Human
SRR6128023	viral metagenome	Human	medium	Homo sapiens	NA	FALSE	NA	NA	NA	NA	Human
SRR6128074	viral metagenome	Human	medium	Homo sapiens	NA	FALSE	NA	NA	NA	NA	Human
SRR6128075	viral metagenome	Human	medium	Homo sapiens	NA	FALSE	NA	NA	NA	NA	Human
SRR6128084	viral metagenome	Human	medium	Homo sapiens	NA	FALSE	NA	NA	NA	NA	Human
SRR6128085	viral metagenome	Human	medium	Homo sapiens	NA	FALSE	NA	NA	NA	NA	Human
SRR6128095	viral metagenome	Human	medium	Homo sapiens	NA	FALSE	NA	NA	NA	NA	Human
SRR6128101	viral metagenome	Human	medium	Homo sapiens	NA	FALSE	NA	NA	NA	NA	Human
SRR6145058	skin metagenome	Human	medium	Homo sapiens	NA	FALSE	NA	NA	NA	NA	Human
SRR6145059	skin metagenome	Human	medium	Homo sapiens	NA	FALSE	NA	NA	NA	NA	Human
SRR6145061	skin metagenome	Human	medium	Homo sapiens	NA	FALSE	NA	NA	NA	NA	Human
SRR6145062	skin metagenome	Human	medium	Homo sapiens	NA	FALSE	NA	NA	NA	NA	Human
SRR6145063	skin metagenome	Human	medium	Homo sapiens	NA	FALSE	NA	NA	NA	NA	Human
SRR6145069	skin metagenome	Human	medium	Homo sapiens	NA	FALSE	NA	NA	NA	NA	Human
SRR6145070	skin metagenome	Human	medium	Homo sapiens	NA	FALSE	NA	NA	NA	NA	Human
SRR6145073	skin metagenome	Human	medium	Homo sapiens	NA	FALSE	NA	NA	NA	NA	Human
SRR6145077	skin metagenome	Human	medium	Homo sapiens	NA	FALSE	NA	NA	NA	NA	Human
SRR6145083	skin metagenome	Human	medium	Homo sapiens	NA	FALSE	NA	NA	NA	NA	Human
SRR6145084	skin metagenome	Human	medium	Homo sapiens	NA	FALSE	NA	NA	NA	NA	Human
SRR6145085	skin metagenome	Human	medium	Homo sapiens	NA	FALSE	NA	NA	NA	NA	Human
SRR6145088	skin metagenome	Human	medium	Homo sapiens	NA	FALSE	NA	NA	NA	NA	Human
SRR6145089	skin metagenome	Human	medium	Homo sapiens	NA	FALSE	NA	NA	NA	NA	Human
SRR6145093	skin metagenome	Human	medium	Homo sapiens	NA	FALSE	NA	NA	NA	NA	Human
SRR6145094	skin metagenome	Human	medium	Homo sapiens	NA	FALSE	NA	NA	NA	NA	Human
SRR6145097	skin metagenome	Human	medium	Homo sapiens	NA	FALSE	NA	NA	NA	NA	Human
SRR6145099	skin metagenome	Human	medium	Homo sapiens	NA	FALSE	NA	NA	NA	NA	Human
SRR6145100	skin metagenome	Human	medium	Homo sapiens	NA	FALSE	NA	NA	NA	NA	Human
SRR6145101	skin metagenome	Human	medium	Homo sapiens	NA	FALSE	NA	NA	NA	NA	Human
SRR6145102	skin metagenome	Human	medium	Homo sapiens	NA	FALSE	NA	NA	NA	NA	Human
SRR6145104	skin metagenome	Human	medium	Homo sapiens	NA	FALSE	NA	NA	NA	NA	Human
SRR6145105	skin metagenome	Human	medium	Homo sapiens	NA	FALSE	NA	NA	NA	NA	Human
SRR6150429	Mus musculus	Rodent	high	NA	NA	FALSE	NA	NA	NA	NA	Rodent
DRR008488	Triticum aestivum	Other	low	NA	NA	TRUE	NA	NA	NA	NA	Other
SRR6213599	Homo sapiens	Human	high	NA	NA	FALSE	NA	NA	NA	NA	Human
SRR6216721	human skin metagenome	Human	medium	NA	NA	FALSE	NA	NA	NA	NA	Human
SRR6216735	human skin metagenome	Human	medium	NA	NA	FALSE	NA	NA	NA	NA	Human
SRR6216773	human skin metagenome	Human	medium	NA	NA	FALSE	NA	NA	NA	NA	Human
SRR6216853	human skin metagenome	Human	medium	NA	NA	FALSE	NA	NA	NA	NA	Human
SRR6216855	human skin metagenome	Human	medium	NA	NA	FALSE	NA	NA	NA	NA	Human
SRR6235477	human metagenome	Human	medium	NA	NA	FALSE	NA	NA	NA	NA	Human
SRR6235520	human metagenome	Human	medium	NA	NA	FALSE	NA	NA	NA	NA	Human
SRR6235585	human metagenome	Human	medium	NA	NA	FALSE	NA	NA	NA	NA	Human
SRR6235827	human metagenome	Human	medium	NA	NA	FALSE	NA	NA	NA	NA	Human
SRR6242967	human metagenome	Human	medium	NA	NA	FALSE	NA	NA	NA	NA	Human
SRR6242968	human metagenome	Human	medium	NA	NA	FALSE	NA	NA	NA	NA	Human
SRR6242969	human metagenome	Human	medium	NA	NA	FALSE	NA	NA	NA	NA	Human
SRR6242973	human metagenome	Human	medium	NA	NA	FALSE	NA	NA	NA	NA	Human
SRR6243013	human metagenome	Human	medium	NA	NA	FALSE	NA	NA	NA	NA	Human
SRR6243118	human metagenome	Human	medium	NA	NA	FALSE	NA	NA	NA	NA	Human
SRR6243119	human metagenome	Human	medium	NA	NA	FALSE	NA	NA	NA	NA	Human
SRR6243180	human metagenome	Human	medium	NA	NA	FALSE	NA	NA	NA	NA	Human
SRR6265748	Oreolalax rhodostigmatus	Amphibian	high	NA	NA	FALSE	NA	NA	NA	NA	Amphibian
SRR6308198	human vaginal metagenome	Human	medium	NA	NA	FALSE	NA	NA	NA	NA	Human
SRR6308199	human vaginal metagenome	Human	medium	NA	NA	FALSE	NA	NA	NA	NA	Human
SRR6308205	human vaginal metagenome	Human	medium	NA	NA	FALSE	NA	NA	NA	NA	Human
SRR6308206	human vaginal metagenome	Human	medium	NA	NA	FALSE	NA	NA	NA	NA	Human
SRR6308207	human vaginal metagenome	Human	medium	NA	NA	FALSE	NA	NA	NA	NA	Human
SRR6308208	human vaginal metagenome	Human	medium	NA	NA	FALSE	NA	NA	NA	NA	Human
SRR6308210	human vaginal metagenome	Human	medium	NA	NA	FALSE	NA	NA	NA	NA	Human
SRR6308214	human vaginal metagenome	Human	medium	NA	NA	FALSE	NA	NA	NA	NA	Human
SRR6308217	human vaginal metagenome	Human	medium	NA	NA	FALSE	NA	NA	NA	NA	Human
SRR6308218	human vaginal metagenome	Human	medium	NA	NA	FALSE	NA	NA	NA	NA	Human
SRR6308219	human vaginal metagenome	Human	medium	NA	NA	FALSE	NA	NA	NA	NA	Human
SRR6308220	human vaginal metagenome	Human	medium	NA	NA	FALSE	NA	NA	NA	NA	Human
SRR6308221	human vaginal metagenome	Human	medium	NA	NA	FALSE	NA	NA	NA	NA	Human
SRR6308222	human vaginal metagenome	Human	medium	NA	NA	FALSE	NA	NA	NA	NA	Human
SRR6308224	human vaginal metagenome	Human	medium	NA	NA	FALSE	NA	NA	NA	NA	Human
SRR6308233	human vaginal metagenome	Human	medium	NA	NA	FALSE	NA	NA	NA	NA	Human
SRR6308234	human vaginal metagenome	Human	medium	NA	NA	FALSE	NA	NA	NA	NA	Human
SRR6308237	human vaginal metagenome	Human	medium	NA	NA	FALSE	NA	NA	NA	NA	Human
SRR6308238	human vaginal metagenome	Human	medium	NA	NA	FALSE	NA	NA	NA	NA	Human
SRR6308240	human vaginal metagenome	Human	medium	NA	NA	FALSE	NA	NA	NA	NA	Human
SRR6308241	human vaginal metagenome	Human	medium	NA	NA	FALSE	NA	NA	NA	NA	Human
SRR6308249	human vaginal metagenome	Human	medium	NA	NA	FALSE	NA	NA	NA	NA	Human
SRR6308250	human vaginal metagenome	Human	medium	NA	NA	FALSE	NA	NA	NA	NA	Human
SRR6308251	human vaginal metagenome	Human	medium	NA	NA	FALSE	NA	NA	NA	NA	Human
SRR6308252	human vaginal metagenome	Human	medium	NA	NA	FALSE	NA	NA	NA	NA	Human
SRR6308253	human vaginal metagenome	Human	medium	NA	NA	FALSE	NA	NA	NA	NA	Human
SRR6308255	human vaginal metagenome	Human	medium	NA	NA	FALSE	NA	NA	NA	NA	Human
SRR6308258	human vaginal metagenome	Human	medium	NA	NA	FALSE	NA	NA	NA	NA	Human
SRR6322812	Homo sapiens	Human	high	NA	NA	FALSE	NA	NA	NA	NA	Human
ERR3236891	Triticum aestivum	Other	low	NA	NA	TRUE	NA	NA	NA	NA	Other
SRR6337306	Homo sapiens	Human	high	NA	NA	FALSE	NA	NA	NA	NA	Human
ERR634934	Triticum aestivum	Other	low	NA	NA	TRUE	NA	NA	NA	NA	Other
SRR6354890	human vaginal metagenome	Human	medium	NA	NA	FALSE	NA	NA	NA	NA	Human
SRR6354891	human vaginal metagenome	Human	medium	NA	NA	FALSE	NA	NA	NA	NA	Human
SRR6354892	human vaginal metagenome	Human	medium	NA	NA	FALSE	NA	NA	NA	NA	Human
SRR6354893	human vaginal metagenome	Human	medium	NA	NA	FALSE	NA	NA	NA	NA	Human
SRR6426568	Mus musculus	Rodent	high	NA	NA	FALSE	NA	NA	NA	NA	Rodent
SRR6442880	human metagenome	Human	medium	NA	NA	FALSE	NA	NA	NA	NA	Human
SRR6442881	human metagenome	Human	medium	NA	NA	FALSE	NA	NA	NA	NA	Human
SRR6442882	human metagenome	Human	medium	NA	NA	FALSE	NA	NA	NA	NA	Human
SRR6442883	human metagenome	Human	medium	NA	NA	FALSE	NA	NA	NA	NA	Human
SRR6442884	human metagenome	Human	medium	NA	NA	FALSE	NA	NA	NA	NA	Human
SRR6442885	human metagenome	Human	medium	NA	NA	FALSE	NA	NA	NA	NA	Human
SRR6442886	human metagenome	Human	medium	NA	NA	FALSE	NA	NA	NA	NA	Human
SRR6442888	human metagenome	Human	medium	NA	NA	FALSE	NA	NA	NA	NA	Human
SRR6442890	human metagenome	Human	medium	NA	NA	FALSE	NA	NA	NA	NA	Human
SRR6442891	human metagenome	Human	medium	NA	NA	FALSE	NA	NA	NA	NA	Human
SRR6442892	human metagenome	Human	medium	NA	NA	FALSE	NA	NA	NA	NA	Human
SRR6442893	human metagenome	Human	medium	NA	NA	FALSE	NA	NA	NA	NA	Human
SRR6442894	human metagenome	Human	medium	NA	NA	FALSE	NA	NA	NA	NA	Human
SRR6442896	human metagenome	Human	medium	NA	NA	FALSE	NA	NA	NA	NA	Human
SRR6442897	human metagenome	Human	medium	NA	NA	FALSE	NA	NA	NA	NA	Human
SRR6442899	human metagenome	Human	medium	NA	NA	FALSE	NA	NA	NA	NA	Human
SRR6442900	human metagenome	Human	medium	NA	NA	FALSE	NA	NA	NA	NA	Human
SRR6442901	human metagenome	Human	medium	NA	NA	FALSE	NA	NA	NA	NA	Human
SRR6442902	human metagenome	Human	medium	NA	NA	FALSE	NA	NA	NA	NA	Human
SRR6442904	human metagenome	Human	medium	NA	NA	FALSE	NA	NA	NA	NA	Human
SRR6442905	human metagenome	Human	medium	NA	NA	FALSE	NA	NA	NA	NA	Human
SRR6442906	human metagenome	Human	medium	NA	NA	FALSE	NA	NA	NA	NA	Human
SRR6442907	human metagenome	Human	medium	NA	NA	FALSE	NA	NA	NA	NA	Human
SRR6442908	human metagenome	Human	medium	NA	NA	FALSE	NA	NA	NA	NA	Human
SRR6442909	human metagenome	Human	medium	NA	NA	FALSE	NA	NA	NA	NA	Human
SRR6442910	human metagenome	Human	medium	NA	NA	FALSE	NA	NA	NA	NA	Human
SRR6442911	human metagenome	Human	medium	NA	NA	FALSE	NA	NA	NA	NA	Human
SRR6442912	human metagenome	Human	medium	NA	NA	FALSE	NA	NA	NA	NA	Human
SRR6442913	human metagenome	Human	medium	NA	NA	FALSE	NA	NA	NA	NA	Human
SRR6442914	human metagenome	Human	medium	NA	NA	FALSE	NA	NA	NA	NA	Human
SRR6442915	human metagenome	Human	medium	NA	NA	FALSE	NA	NA	NA	NA	Human
SRR6442916	human metagenome	Human	medium	NA	NA	FALSE	NA	NA	NA	NA	Human
SRR6442917	human metagenome	Human	medium	NA	NA	FALSE	NA	NA	NA	NA	Human
SRR6442918	human metagenome	Human	medium	NA	NA	FALSE	NA	NA	NA	NA	Human
SRR6442919	human metagenome	Human	medium	NA	NA	FALSE	NA	NA	NA	NA	Human
SRR6442921	human metagenome	Human	medium	NA	NA	FALSE	NA	NA	NA	NA	Human
SRR6442922	human metagenome	Human	medium	NA	NA	FALSE	NA	NA	NA	NA	Human
SRR6442923	human metagenome	Human	medium	NA	NA	FALSE	NA	NA	NA	NA	Human
SRR6442925	human metagenome	Human	medium	NA	NA	FALSE	NA	NA	NA	NA	Human
SRR6442926	human metagenome	Human	medium	NA	NA	FALSE	NA	NA	NA	NA	Human
SRR6442927	human metagenome	Human	medium	NA	NA	FALSE	NA	NA	NA	NA	Human
SRR6442928	human metagenome	Human	medium	NA	NA	FALSE	NA	NA	NA	NA	Human
SRR6442929	human metagenome	Human	medium	NA	NA	FALSE	NA	NA	NA	NA	Human
SRR6442930	human metagenome	Human	medium	NA	NA	FALSE	NA	NA	NA	NA	Human
SRR6442932	human metagenome	Human	medium	NA	NA	FALSE	NA	NA	NA	NA	Human
SRR6442933	human metagenome	Human	medium	NA	NA	FALSE	NA	NA	NA	NA	Human
SRR6442934	human metagenome	Human	medium	NA	NA	FALSE	NA	NA	NA	NA	Human
SRR6442935	human metagenome	Human	medium	NA	NA	FALSE	NA	NA	NA	NA	Human
SRR6442938	human metagenome	Human	medium	NA	NA	FALSE	NA	NA	NA	NA	Human
SRR6442939	human metagenome	Human	medium	NA	NA	FALSE	NA	NA	NA	NA	Human
SRR6442940	human metagenome	Human	medium	NA	NA	FALSE	NA	NA	NA	NA	Human
SRR6442941	human metagenome	Human	medium	NA	NA	FALSE	NA	NA	NA	NA	Human
SRR6442942	human metagenome	Human	medium	NA	NA	FALSE	NA	NA	NA	NA	Human
SRR6442944	human metagenome	Human	medium	NA	NA	FALSE	NA	NA	NA	NA	Human
SRR6442945	human metagenome	Human	medium	NA	NA	FALSE	NA	NA	NA	NA	Human
SRR6442947	human metagenome	Human	medium	NA	NA	FALSE	NA	NA	NA	NA	Human
SRR6442948	human metagenome	Human	medium	NA	NA	FALSE	NA	NA	NA	NA	Human
SRR6442949	human metagenome	Human	medium	NA	NA	FALSE	NA	NA	NA	NA	Human
SRR6442950	human metagenome	Human	medium	NA	NA	FALSE	NA	NA	NA	NA	Human
SRR6442952	human metagenome	Human	medium	NA	NA	FALSE	NA	NA	NA	NA	Human
SRR6442953	human metagenome	Human	medium	NA	NA	FALSE	NA	NA	NA	NA	Human
SRR6442956	human metagenome	Human	medium	NA	NA	FALSE	NA	NA	NA	NA	Human
SRR6442957	human metagenome	Human	medium	NA	NA	FALSE	NA	NA	NA	NA	Human
SRR6442959	human metagenome	Human	medium	NA	NA	FALSE	NA	NA	NA	NA	Human
SRR6442963	human metagenome	Human	medium	NA	NA	FALSE	NA	NA	NA	NA	Human
SRR6442965	human metagenome	Human	medium	NA	NA	FALSE	NA	NA	NA	NA	Human
SRR6442966	human metagenome	Human	medium	NA	NA	FALSE	NA	NA	NA	NA	Human
SRR6442967	human metagenome	Human	medium	NA	NA	FALSE	NA	NA	NA	NA	Human
SRR6442968	human metagenome	Human	medium	NA	NA	FALSE	NA	NA	NA	NA	Human
SRR6442969	human metagenome	Human	medium	NA	NA	FALSE	NA	NA	NA	NA	Human
SRR6442970	human metagenome	Human	medium	NA	NA	FALSE	NA	NA	NA	NA	Human
SRR6442972	human metagenome	Human	medium	NA	NA	FALSE	NA	NA	NA	NA	Human
SRR6442974	human metagenome	Human	medium	NA	NA	FALSE	NA	NA	NA	NA	Human
SRR6442975	human metagenome	Human	medium	NA	NA	FALSE	NA	NA	NA	NA	Human
SRR6442976	human metagenome	Human	medium	NA	NA	FALSE	NA	NA	NA	NA	Human
SRR6442977	human metagenome	Human	medium	NA	NA	FALSE	NA	NA	NA	NA	Human
SRR6442979	human metagenome	Human	medium	NA	NA	FALSE	NA	NA	NA	NA	Human
SRR6442980	human metagenome	Human	medium	NA	NA	FALSE	NA	NA	NA	NA	Human
SRR6442981	human metagenome	Human	medium	NA	NA	FALSE	NA	NA	NA	NA	Human
SRR6442982	human metagenome	Human	medium	NA	NA	FALSE	NA	NA	NA	NA	Human
SRR6442983	human metagenome	Human	medium	NA	NA	FALSE	NA	NA	NA	NA	Human
SRR6442984	human metagenome	Human	medium	NA	NA	FALSE	NA	NA	NA	NA	Human
SRR6442986	human metagenome	Human	medium	NA	NA	FALSE	NA	NA	NA	NA	Human
SRR6442989	human metagenome	Human	medium	NA	NA	FALSE	NA	NA	NA	NA	Human
SRR6442990	human metagenome	Human	medium	NA	NA	FALSE	NA	NA	NA	NA	Human
SRR6442991	human metagenome	Human	medium	NA	NA	FALSE	NA	NA	NA	NA	Human
SRR6442992	human metagenome	Human	medium	NA	NA	FALSE	NA	NA	NA	NA	Human
SRR6442993	human metagenome	Human	medium	NA	NA	FALSE	NA	NA	NA	NA	Human
SRR6442994	human metagenome	Human	medium	NA	NA	FALSE	NA	NA	NA	NA	Human
SRR6442998	human metagenome	Human	medium	NA	NA	FALSE	NA	NA	NA	NA	Human
SRR6443002	human metagenome	Human	medium	NA	NA	FALSE	NA	NA	NA	NA	Human
SRR6443003	human metagenome	Human	medium	NA	NA	FALSE	NA	NA	NA	NA	Human
SRR6451467	Carassius auratus x Cyprinus carpio	Ray-finned Fish	high	NA	NA	FALSE	NA	NA	NA	NA	Ray-finned Fish
SRR6451468	Carassius auratus x Cyprinus carpio	Ray-finned Fish	high	NA	NA	FALSE	NA	NA	NA	NA	Ray-finned Fish
SRR645306	Homo sapiens	Human	high	NA	NA	FALSE	NA	NA	NA	NA	Human
SRR645321	Homo sapiens	Human	high	NA	NA	FALSE	NA	NA	NA	NA	Human
SRR645642	Homo sapiens	Human	high	NA	NA	FALSE	NA	NA	NA	NA	Human
SRR6473784	Coryphaenoides rupestris	Ray-finned Fish	high	NA	NA	FALSE	NA	NA	NA	NA	Ray-finned Fish
SRR6518401	wastewater metagenome	Metagenome	manual	NA	Metagenome	FALSE	NA	NA	NA	NA	Metagenome
ERR634936	Triticum aestivum	Other	low	NA	NA	TRUE	NA	NA	NA	NA	Other
SRR6748025	human gut metagenome	Human	medium	NA	NA	FALSE	NA	NA	NA	NA	Human
SRR6748058	human gut metagenome	Human	medium	NA	NA	FALSE	NA	NA	NA	NA	Human
SRR6748059	human gut metagenome	Human	medium	NA	NA	FALSE	NA	NA	NA	NA	Human
SRR6748062	human gut metagenome	Human	medium	NA	NA	FALSE	NA	NA	NA	NA	Human
SRR6748119	human gut metagenome	Human	medium	NA	NA	FALSE	NA	NA	NA	NA	Human
SRR6748121	human gut metagenome	Human	medium	NA	NA	FALSE	NA	NA	NA	NA	Human
SRR6748122	human gut metagenome	Human	medium	NA	NA	FALSE	NA	NA	NA	NA	Human
SRR6757613	skin metagenome	Human	manual	NA	Human	FALSE	NA	NA	NA	NA	Human
SRR6757665	skin metagenome	Human	manual	NA	Human	FALSE	NA	NA	NA	NA	Human
SRR6757671	skin metagenome	Human	manual	NA	Human	FALSE	NA	NA	NA	NA	Human
SRR6757682	skin metagenome	Human	manual	NA	Human	FALSE	NA	NA	NA	NA	Human
SRR6757686	skin metagenome	Human	manual	NA	Human	FALSE	NA	NA	NA	NA	Human
SRR6798690	Homo sapiens	Human	high	NA	NA	FALSE	NA	NA	NA	NA	Human
SRR6799708	Homo sapiens	Human	high	NA	NA	FALSE	NA	NA	NA	NA	Human
SRR6799710	Homo sapiens	Human	high	NA	NA	FALSE	NA	NA	NA	NA	Human
SRR6799712	Homo sapiens	Human	high	NA	NA	FALSE	NA	NA	NA	NA	Human
SRR6807988	canine metagenome	Canine	medium	NA	NA	FALSE	NA	NA	NA	NA	Canine
SRR6807989	canine metagenome	Canine	medium	NA	NA	FALSE	NA	NA	NA	NA	Canine
SRR6808340	Homo sapiens	Human	high	NA	NA	FALSE	NA	NA	NA	NA	Human
SRR6808363	Homo sapiens	Human	high	NA	NA	FALSE	NA	NA	NA	NA	Human
SRR6833893	mouse gut metagenome	Rodent	medium	NA	NA	FALSE	NA	NA	NA	NA	Rodent
SRR6845426	metagenome	Human	medium	Homo sapiens	NA	FALSE	NA	NA	NA	NA	Human
SRR6845457	metagenome	Human	medium	Homo sapiens	NA	FALSE	NA	NA	NA	NA	Human
SRR6847264	vaginal metagenome	Human	medium	NA	NA	FALSE	NA	NA	NA	NA	Human
SRR6847265	vaginal metagenome	Human	medium	NA	NA	FALSE	NA	NA	NA	NA	Human
SRR6847266	vaginal metagenome	Human	medium	NA	NA	FALSE	NA	NA	NA	NA	Human
SRR6847269	vaginal metagenome	Human	medium	NA	NA	FALSE	NA	NA	NA	NA	Human
SRR6847270	vaginal metagenome	Human	medium	NA	NA	FALSE	NA	NA	NA	NA	Human
SRR6847272	vaginal metagenome	Human	medium	NA	NA	FALSE	NA	NA	NA	NA	Human
SRR6847275	vaginal metagenome	Human	medium	NA	NA	FALSE	NA	NA	NA	NA	Human
SRR6847284	vaginal metagenome	Human	medium	NA	NA	FALSE	NA	NA	NA	NA	Human
SRR6847289	vaginal metagenome	Human	medium	NA	NA	FALSE	NA	NA	NA	NA	Human
SRR6847290	vaginal metagenome	Human	medium	NA	NA	FALSE	NA	NA	NA	NA	Human
SRR6847295	vaginal metagenome	Human	medium	NA	NA	FALSE	NA	NA	NA	NA	Human
SRR6847305	vaginal metagenome	Human	medium	NA	NA	FALSE	NA	NA	NA	NA	Human
SRR6847314	vaginal metagenome	Human	medium	NA	NA	FALSE	NA	NA	NA	NA	Human
SRR6847315	vaginal metagenome	Human	medium	NA	NA	FALSE	NA	NA	NA	NA	Human
SRR6847316	vaginal metagenome	Human	medium	NA	NA	FALSE	NA	NA	NA	NA	Human
SRR6847319	vaginal metagenome	Human	medium	NA	NA	FALSE	NA	NA	NA	NA	Human
SRR6847323	vaginal metagenome	Human	medium	NA	NA	FALSE	NA	NA	NA	NA	Human
SRR6847324	vaginal metagenome	Human	medium	NA	NA	FALSE	NA	NA	NA	NA	Human
SRR6847327	vaginal metagenome	Human	medium	NA	NA	FALSE	NA	NA	NA	NA	Human
SRR6847335	vaginal metagenome	Human	medium	NA	NA	FALSE	NA	NA	NA	NA	Human
SRR6847336	vaginal metagenome	Human	medium	NA	NA	FALSE	NA	NA	NA	NA	Human
SRR6847339	vaginal metagenome	Human	medium	NA	NA	FALSE	NA	NA	NA	NA	Human
SRR6847340	vaginal metagenome	Human	medium	NA	NA	FALSE	NA	NA	NA	NA	Human
SRR6847342	vaginal metagenome	Human	medium	NA	NA	FALSE	NA	NA	NA	NA	Human
SRR6847343	vaginal metagenome	Human	medium	NA	NA	FALSE	NA	NA	NA	NA	Human
SRR6847348	vaginal metagenome	Human	medium	NA	NA	FALSE	NA	NA	NA	NA	Human
SRR6847350	vaginal metagenome	Human	medium	NA	NA	FALSE	NA	NA	NA	NA	Human
SRR6847351	vaginal metagenome	Human	medium	NA	NA	FALSE	NA	NA	NA	NA	Human
SRR6847355	vaginal metagenome	Human	medium	NA	NA	FALSE	NA	NA	NA	NA	Human
SRR6847357	vaginal metagenome	Human	medium	NA	NA	FALSE	NA	NA	NA	NA	Human
SRR6847358	vaginal metagenome	Human	medium	NA	NA	FALSE	NA	NA	NA	NA	Human
SRR6847359	vaginal metagenome	Human	medium	NA	NA	FALSE	NA	NA	NA	NA	Human
SRR6847363	vaginal metagenome	Human	medium	NA	NA	FALSE	NA	NA	NA	NA	Human
SRR6847364	vaginal metagenome	Human	medium	NA	NA	FALSE	NA	NA	NA	NA	Human
SRR6847371	vaginal metagenome	Human	medium	NA	NA	FALSE	NA	NA	NA	NA	Human
SRR6847381	vaginal metagenome	Human	medium	NA	NA	FALSE	NA	NA	NA	NA	Human
SRR6847384	vaginal metagenome	Human	medium	NA	NA	FALSE	NA	NA	NA	NA	Human
SRR6847387	vaginal metagenome	Human	medium	NA	NA	FALSE	NA	NA	NA	NA	Human
ERR634939	Triticum aestivum	Other	low	NA	NA	TRUE	NA	NA	NA	NA	Other
SRR6860804	Homo sapiens	Human	high	NA	NA	FALSE	NA	NA	NA	NA	Human
SRR6897310	human metagenome	Human	medium	NA	NA	FALSE	NA	NA	NA	NA	Human
SRR6897322	human metagenome	Human	medium	NA	NA	FALSE	NA	NA	NA	NA	Human
SRR6897361	human metagenome	Human	medium	NA	NA	FALSE	NA	NA	NA	NA	Human
SRR6897395	human metagenome	Human	medium	NA	NA	FALSE	NA	NA	NA	NA	Human
SRR6897405	human metagenome	Human	medium	NA	NA	FALSE	NA	NA	NA	NA	Human
SRR6897426	human metagenome	Human	medium	NA	NA	FALSE	NA	NA	NA	NA	Human
SRR6897498	human metagenome	Human	medium	NA	NA	FALSE	NA	NA	NA	NA	Human
SRR6897506	human metagenome	Human	medium	NA	NA	FALSE	NA	NA	NA	NA	Human
SRR6897532	human metagenome	Human	medium	NA	NA	FALSE	NA	NA	NA	NA	Human
SRR6913986	human gut metagenome	Human	medium	NA	NA	FALSE	NA	NA	NA	NA	Human
SRR6914020	human gut metagenome	Human	medium	NA	NA	FALSE	NA	NA	NA	NA	Human
SRR6976437	Mus musculus	Rodent	high	NA	NA	FALSE	NA	NA	NA	NA	Rodent
SRR18286248	Triticum aestivum	Other	low	NA	NA	TRUE	NA	NA	NA	NA	Other
SRR18286255	Triticum aestivum	Other	low	NA	NA	TRUE	NA	NA	NA	NA	Other
SRR5215214	Triticum aestivum	Other	low	NA	NA	TRUE	NA	NA	NA	NA	Other
SRR6350666	Triticum aestivum	Other	low	NA	NA	TRUE	NA	NA	NA	NA	Other
ERR2230891	Triticum dicoccoides	Other	low	NA	NA	TRUE	NA	NA	NA	NA	Other
SRR13114342	Triticum turgidum subsp. durum	Other	low	NA	NA	TRUE	NA	NA	NA	NA	Other
SRR20992721	Triticum urartu	Other	low	NA	NA	TRUE	NA	NA	NA	NA	Other
SRR20992722	Triticum urartu	Other	low	NA	NA	TRUE	NA	NA	NA	NA	Other
SRR7120207	Canis lupus familiaris	Canine	high	NA	NA	FALSE	NA	NA	NA	NA	Canine
SRR7122315	viral metagenome	Human	manual	NA	Human	FALSE	NA	NA	NA	NA	Human
SRR7122317	viral metagenome	Human	manual	NA	Human	FALSE	NA	NA	NA	NA	Human
SRR7122324	viral metagenome	Human	manual	NA	Human	FALSE	NA	NA	NA	NA	Human
SRR7122327	viral metagenome	Porcine	manual	NA	Porcine	FALSE	NA	NA	NA	NA	Porcine
SRR7122329	viral metagenome	Bovine	manual	NA	Bovine	FALSE	NA	NA	NA	NA	Bovine
SRR7122331	viral metagenome	Bovine	manual	NA	Bovine	FALSE	NA	NA	NA	NA	Bovine
SRR7122334	viral metagenome	Bovine	manual	NA	Bovine	FALSE	NA	NA	NA	NA	Bovine
SRR7122338	viral metagenome	Amphibian	manual	NA	Amphibian	FALSE	NA	NA	NA	NA	Amphibian
SRR7122340	viral metagenome	Rodent	manual	NA	Rodent	FALSE	NA	NA	NA	NA	Rodent
SRR7122346	viral metagenome	Rodent	manual	NA	Rodent	FALSE	NA	NA	NA	NA	Rodent
SRR7122349	viral metagenome	Human	manual	NA	Human	FALSE	NA	NA	NA	NA	Human
SRR7122364	viral metagenome	Ray-finned Fish	manual	NA	Ray-finned Fish	FALSE	NA	NA	NA	NA	Ray-finned Fish
SRR7122365	viral metagenome	Rodent	manual	NA	Rodent	FALSE	NA	NA	NA	NA	Rodent
SRR7122366	viral metagenome	Ray-finned Fish	manual	NA	Ray-finned Fish	FALSE	NA	NA	NA	NA	Ray-finned Fish
SRR7122368	viral metagenome	Rodent	manual	NA	Rodent	FALSE	NA	NA	NA	NA	Rodent
SRR7122384	viral metagenome	Rodent	manual	NA	Rodent	FALSE	NA	NA	NA	NA	Rodent
ERR2497831	Trypanosoma brucei brucei	Other	low	NA	NA	TRUE	NA	NA	NA	NA	Other
SRR7167012	human blood metagenome	Human	medium	NA	NA	FALSE	NA	NA	NA	NA	Human
SRR19256552	Vigna radiata var. sublobata	Other	low	NA	NA	TRUE	NA	NA	NA	NA	Other
SRR22071704	viral metagenome	Rodent	manual	NA	NA	TRUE	NA	NA	NA	NA	Other
SRR7215354	human metagenome	Human	medium	NA	NA	FALSE	NA	NA	NA	NA	Human
SRR7246445	Homo sapiens	Human	high	NA	NA	FALSE	NA	NA	NA	NA	Human
SRR7287193	Bos taurus	Bovine	high	NA	NA	FALSE	NA	NA	NA	NA	Bovine
SRR7287334	Anser anser	Avian	high	NA	NA	FALSE	NA	NA	NA	NA	Avian
SRR7287617	Rattus	Rodent	high	NA	NA	FALSE	NA	NA	NA	NA	Rodent
SRR7408270	Ursus arctos	Ursine	high	NA	NA	FALSE	NA	NA	NA	NA	Ursine
SRR22071705	viral metagenome	Rodent	manual	NA	NA	TRUE	NA	NA	NA	NA	Other
SRR7448292	human oral metagenome	Human	medium	NA	NA	FALSE	NA	NA	NA	NA	Human
SRR7448304	human oral metagenome	Human	medium	NA	NA	FALSE	NA	NA	NA	NA	Human
SRR7471710	Cynoglossus semilaevis	Ray-finned Fish	high	NA	NA	FALSE	NA	NA	NA	NA	Ray-finned Fish
SRR7530174	Nipponia nippon	Avian	high	NA	NA	FALSE	NA	NA	NA	NA	Avian
SRR22071707	viral metagenome	Rodent	manual	NA	NA	TRUE	NA	NA	NA	NA	Other
SRR7621206	Felis catus	Feline	high	NA	NA	FALSE	NA	NA	NA	NA	Feline
SRR7621211	Felis catus	Feline	high	NA	NA	FALSE	NA	NA	NA	NA	Feline
SRR7621212	Felis catus	Feline	high	NA	NA	FALSE	NA	NA	NA	NA	Feline
SRR7621215	Felis catus	Feline	high	NA	NA	FALSE	NA	NA	NA	NA	Feline
SRR7621225	Felis catus	Feline	high	NA	NA	FALSE	NA	NA	NA	NA	Feline
SRR7621231	Felis catus	Feline	high	NA	NA	FALSE	NA	NA	NA	NA	Feline
SRR7621241	Felis catus	Feline	high	NA	NA	FALSE	NA	NA	NA	NA	Feline
SRR7621246	Felis catus	Feline	high	NA	NA	FALSE	NA	NA	NA	NA	Feline
SRR7621248	Felis catus	Feline	high	NA	NA	FALSE	NA	NA	NA	NA	Feline
SRR7621251	Felis catus	Feline	high	NA	NA	FALSE	NA	NA	NA	NA	Feline
SRR7621256	Felis catus	Feline	high	NA	NA	FALSE	NA	NA	NA	NA	Feline
SRR7662931	Sousa chinensis	Cetacean	high	NA	NA	FALSE	NA	NA	NA	NA	Cetacean
SRR7662933	Sousa chinensis	Cetacean	high	NA	NA	FALSE	NA	NA	NA	NA	Cetacean
SRR7665955	Homo sapiens	Human	high	NA	NA	FALSE	NA	NA	NA	NA	Human
SRR7686428	Sousa chinensis	Cetacean	high	NA	NA	FALSE	NA	NA	NA	NA	Cetacean
SRR7687696	human skin metagenome	Human	medium	NA	NA	FALSE	NA	NA	NA	NA	Human
SRR7687697	human skin metagenome	Human	medium	NA	NA	FALSE	NA	NA	NA	NA	Human
SRR7687698	human skin metagenome	Human	medium	NA	NA	FALSE	NA	NA	NA	NA	Human
SRR7687699	human skin metagenome	Human	medium	NA	NA	FALSE	NA	NA	NA	NA	Human
SRR7687700	human skin metagenome	Human	medium	NA	NA	FALSE	NA	NA	NA	NA	Human
SRR7687701	human skin metagenome	Human	medium	NA	NA	FALSE	NA	NA	NA	NA	Human
SRR7687702	human skin metagenome	Human	medium	NA	NA	FALSE	NA	NA	NA	NA	Human
SRR7687703	human skin metagenome	Human	medium	NA	NA	FALSE	NA	NA	NA	NA	Human
SRR7687704	human skin metagenome	Human	medium	NA	NA	FALSE	NA	NA	NA	NA	Human
SRR7687705	human skin metagenome	Human	medium	NA	NA	FALSE	NA	NA	NA	NA	Human
SRR7687706	human skin metagenome	Human	medium	NA	NA	FALSE	NA	NA	NA	NA	Human
SRR7687707	human skin metagenome	Human	medium	NA	NA	FALSE	NA	NA	NA	NA	Human
SRR7687708	human skin metagenome	Human	medium	NA	NA	FALSE	NA	NA	NA	NA	Human
SRR7687709	human skin metagenome	Human	medium	NA	NA	FALSE	NA	NA	NA	NA	Human
SRR7687710	human skin metagenome	Human	medium	NA	NA	FALSE	NA	NA	NA	NA	Human
SRR7687711	human skin metagenome	Human	medium	NA	NA	FALSE	NA	NA	NA	NA	Human
SRR7687712	human skin metagenome	Human	medium	NA	NA	FALSE	NA	NA	NA	NA	Human
SRR7687713	human skin metagenome	Human	medium	NA	NA	FALSE	NA	NA	NA	NA	Human
SRR7687714	human skin metagenome	Human	medium	NA	NA	FALSE	NA	NA	NA	NA	Human
SRR7687715	human skin metagenome	Human	medium	NA	NA	FALSE	NA	NA	NA	NA	Human
SRR7687716	human skin metagenome	Human	medium	NA	NA	FALSE	NA	NA	NA	NA	Human
SRR7687717	human skin metagenome	Human	medium	NA	NA	FALSE	NA	NA	NA	NA	Human
SRR7687718	human skin metagenome	Human	medium	NA	NA	FALSE	NA	NA	NA	NA	Human
SRR7687719	human skin metagenome	Human	medium	NA	NA	FALSE	NA	NA	NA	NA	Human
SRR7687720	human skin metagenome	Human	medium	NA	NA	FALSE	NA	NA	NA	NA	Human
SRR7687721	human skin metagenome	Human	medium	NA	NA	FALSE	NA	NA	NA	NA	Human
SRR7687722	human skin metagenome	Human	medium	NA	NA	FALSE	NA	NA	NA	NA	Human
SRR7687723	human skin metagenome	Human	medium	NA	NA	FALSE	NA	NA	NA	NA	Human
SRR7687724	human skin metagenome	Human	medium	NA	NA	FALSE	NA	NA	NA	NA	Human
SRR7687725	human skin metagenome	Human	medium	NA	NA	FALSE	NA	NA	NA	NA	Human
SRR7687726	human skin metagenome	Human	medium	NA	NA	FALSE	NA	NA	NA	NA	Human
SRR7687727	human skin metagenome	Human	medium	NA	NA	FALSE	NA	NA	NA	NA	Human
SRR7687728	human skin metagenome	Human	medium	NA	NA	FALSE	NA	NA	NA	NA	Human
SRR7687729	human skin metagenome	Human	medium	NA	NA	FALSE	NA	NA	NA	NA	Human
SRR7687730	human skin metagenome	Human	medium	NA	NA	FALSE	NA	NA	NA	NA	Human
SRR7687731	human skin metagenome	Human	medium	NA	NA	FALSE	NA	NA	NA	NA	Human
SRR7687732	human skin metagenome	Human	medium	NA	NA	FALSE	NA	NA	NA	NA	Human
SRR7687733	human skin metagenome	Human	medium	NA	NA	FALSE	NA	NA	NA	NA	Human
SRR7687734	human skin metagenome	Human	medium	NA	NA	FALSE	NA	NA	NA	NA	Human
SRR7687735	human skin metagenome	Human	medium	NA	NA	FALSE	NA	NA	NA	NA	Human
SRR7687737	human skin metagenome	Human	medium	NA	NA	FALSE	NA	NA	NA	NA	Human
SRR7687740	human skin metagenome	Human	medium	NA	NA	FALSE	NA	NA	NA	NA	Human
SRR7687741	human skin metagenome	Human	medium	NA	NA	FALSE	NA	NA	NA	NA	Human
SRR7687742	human skin metagenome	Human	medium	NA	NA	FALSE	NA	NA	NA	NA	Human
SRR7687743	human skin metagenome	Human	medium	NA	NA	FALSE	NA	NA	NA	NA	Human
SRR7687744	human skin metagenome	Human	medium	NA	NA	FALSE	NA	NA	NA	NA	Human
SRR7687745	human skin metagenome	Human	medium	NA	NA	FALSE	NA	NA	NA	NA	Human
SRR7687746	human skin metagenome	Human	medium	NA	NA	FALSE	NA	NA	NA	NA	Human
SRR7687747	human skin metagenome	Human	medium	NA	NA	FALSE	NA	NA	NA	NA	Human
SRR7687748	human skin metagenome	Human	medium	NA	NA	FALSE	NA	NA	NA	NA	Human
SRR7687860	human skin metagenome	Human	medium	NA	NA	FALSE	NA	NA	NA	NA	Human
SRR7687861	human skin metagenome	Human	medium	NA	NA	FALSE	NA	NA	NA	NA	Human
SRR7687862	human skin metagenome	Human	medium	NA	NA	FALSE	NA	NA	NA	NA	Human
SRR7687863	human skin metagenome	Human	medium	NA	NA	FALSE	NA	NA	NA	NA	Human
SRR7687864	human skin metagenome	Human	medium	NA	NA	FALSE	NA	NA	NA	NA	Human
SRR7687865	human skin metagenome	Human	medium	NA	NA	FALSE	NA	NA	NA	NA	Human
SRR7687866	human skin metagenome	Human	medium	NA	NA	FALSE	NA	NA	NA	NA	Human
SRR7687867	human skin metagenome	Human	medium	NA	NA	FALSE	NA	NA	NA	NA	Human
SRR7687868	human skin metagenome	Human	medium	NA	NA	FALSE	NA	NA	NA	NA	Human
SRR7687869	human skin metagenome	Human	medium	NA	NA	FALSE	NA	NA	NA	NA	Human
SRR7687870	human skin metagenome	Human	medium	NA	NA	FALSE	NA	NA	NA	NA	Human
SRR7687871	human skin metagenome	Human	medium	NA	NA	FALSE	NA	NA	NA	NA	Human
SRR7687872	human skin metagenome	Human	medium	NA	NA	FALSE	NA	NA	NA	NA	Human
SRR7687873	human skin metagenome	Human	medium	NA	NA	FALSE	NA	NA	NA	NA	Human
SRR7687874	human skin metagenome	Human	medium	NA	NA	FALSE	NA	NA	NA	NA	Human
SRR7687875	human skin metagenome	Human	medium	NA	NA	FALSE	NA	NA	NA	NA	Human
SRR7687876	human skin metagenome	Human	medium	NA	NA	FALSE	NA	NA	NA	NA	Human
SRR7687877	human skin metagenome	Human	medium	NA	NA	FALSE	NA	NA	NA	NA	Human
SRR7687878	human skin metagenome	Human	medium	NA	NA	FALSE	NA	NA	NA	NA	Human
SRR7687879	human skin metagenome	Human	medium	NA	NA	FALSE	NA	NA	NA	NA	Human
SRR7687880	human skin metagenome	Human	medium	NA	NA	FALSE	NA	NA	NA	NA	Human
SRR7687881	human skin metagenome	Human	medium	NA	NA	FALSE	NA	NA	NA	NA	Human
SRR7687882	human skin metagenome	Human	medium	NA	NA	FALSE	NA	NA	NA	NA	Human
SRR7687883	human skin metagenome	Human	medium	NA	NA	FALSE	NA	NA	NA	NA	Human
SRR7687884	human skin metagenome	Human	medium	NA	NA	FALSE	NA	NA	NA	NA	Human
SRR7687886	human skin metagenome	Human	medium	NA	NA	FALSE	NA	NA	NA	NA	Human
SRR7687887	human skin metagenome	Human	medium	NA	NA	FALSE	NA	NA	NA	NA	Human
SRR7687888	human skin metagenome	Human	medium	NA	NA	FALSE	NA	NA	NA	NA	Human
SRR7687889	human skin metagenome	Human	medium	NA	NA	FALSE	NA	NA	NA	NA	Human
SRR7687890	human skin metagenome	Human	medium	NA	NA	FALSE	NA	NA	NA	NA	Human
SRR7687891	human skin metagenome	Human	medium	NA	NA	FALSE	NA	NA	NA	NA	Human
SRR7687892	human skin metagenome	Human	medium	NA	NA	FALSE	NA	NA	NA	NA	Human
SRR7687893	human skin metagenome	Human	medium	NA	NA	FALSE	NA	NA	NA	NA	Human
SRR7687894	human skin metagenome	Human	medium	NA	NA	FALSE	NA	NA	NA	NA	Human
SRR7687895	human skin metagenome	Human	medium	NA	NA	FALSE	NA	NA	NA	NA	Human
SRR7687897	human skin metagenome	Human	medium	NA	NA	FALSE	NA	NA	NA	NA	Human
SRR7687898	human skin metagenome	Human	medium	NA	NA	FALSE	NA	NA	NA	NA	Human
SRR7687899	human skin metagenome	Human	medium	NA	NA	FALSE	NA	NA	NA	NA	Human
SRR7687900	human skin metagenome	Human	medium	NA	NA	FALSE	NA	NA	NA	NA	Human
SRR7687901	human skin metagenome	Human	medium	NA	NA	FALSE	NA	NA	NA	NA	Human
SRR7687902	human skin metagenome	Human	medium	NA	NA	FALSE	NA	NA	NA	NA	Human
SRR7687903	human skin metagenome	Human	medium	NA	NA	FALSE	NA	NA	NA	NA	Human
SRR7687904	human skin metagenome	Human	medium	NA	NA	FALSE	NA	NA	NA	NA	Human
SRR7687905	human skin metagenome	Human	medium	NA	NA	FALSE	NA	NA	NA	NA	Human
SRR7687906	human skin metagenome	Human	medium	NA	NA	FALSE	NA	NA	NA	NA	Human
SRR7687907	human skin metagenome	Human	medium	NA	NA	FALSE	NA	NA	NA	NA	Human
SRR7687908	human skin metagenome	Human	medium	NA	NA	FALSE	NA	NA	NA	NA	Human
SRR7687909	human skin metagenome	Human	medium	NA	NA	FALSE	NA	NA	NA	NA	Human
SRR7687910	human skin metagenome	Human	medium	NA	NA	FALSE	NA	NA	NA	NA	Human
SRR7687911	human skin metagenome	Human	medium	NA	NA	FALSE	NA	NA	NA	NA	Human
SRR7687912	human skin metagenome	Human	medium	NA	NA	FALSE	NA	NA	NA	NA	Human
SRR7687913	human skin metagenome	Human	medium	NA	NA	FALSE	NA	NA	NA	NA	Human
SRR7687914	human skin metagenome	Human	medium	NA	NA	FALSE	NA	NA	NA	NA	Human
SRR7687915	human skin metagenome	Human	medium	NA	NA	FALSE	NA	NA	NA	NA	Human
SRR7687916	human skin metagenome	Human	medium	NA	NA	FALSE	NA	NA	NA	NA	Human
SRR7687917	human skin metagenome	Human	medium	NA	NA	FALSE	NA	NA	NA	NA	Human
SRR7687918	human skin metagenome	Human	medium	NA	NA	FALSE	NA	NA	NA	NA	Human
SRR7687919	human skin metagenome	Human	medium	NA	NA	FALSE	NA	NA	NA	NA	Human
SRR7687920	human skin metagenome	Human	medium	NA	NA	FALSE	NA	NA	NA	NA	Human
SRR7687921	human skin metagenome	Human	medium	NA	NA	FALSE	NA	NA	NA	NA	Human
SRR7687922	human skin metagenome	Human	medium	NA	NA	FALSE	NA	NA	NA	NA	Human
SRR7687923	human skin metagenome	Human	medium	NA	NA	FALSE	NA	NA	NA	NA	Human
SRR7687924	human skin metagenome	Human	medium	NA	NA	FALSE	NA	NA	NA	NA	Human
SRR7687925	human skin metagenome	Human	medium	NA	NA	FALSE	NA	NA	NA	NA	Human
SRR7687926	human skin metagenome	Human	medium	NA	NA	FALSE	NA	NA	NA	NA	Human
SRR7687927	human skin metagenome	Human	medium	NA	NA	FALSE	NA	NA	NA	NA	Human
SRR7687928	human skin metagenome	Human	medium	NA	NA	FALSE	NA	NA	NA	NA	Human
SRR7687929	human skin metagenome	Human	medium	NA	NA	FALSE	NA	NA	NA	NA	Human
SRR7687932	human skin metagenome	Human	medium	NA	NA	FALSE	NA	NA	NA	NA	Human
SRR7687933	human skin metagenome	Human	medium	NA	NA	FALSE	NA	NA	NA	NA	Human
SRR7687982	human skin metagenome	Human	medium	NA	NA	FALSE	NA	NA	NA	NA	Human
SRR7687983	human skin metagenome	Human	medium	NA	NA	FALSE	NA	NA	NA	NA	Human
SRR7687984	human skin metagenome	Human	medium	NA	NA	FALSE	NA	NA	NA	NA	Human
SRR7687985	human skin metagenome	Human	medium	NA	NA	FALSE	NA	NA	NA	NA	Human
SRR7687986	human skin metagenome	Human	medium	NA	NA	FALSE	NA	NA	NA	NA	Human
SRR7687987	human skin metagenome	Human	medium	NA	NA	FALSE	NA	NA	NA	NA	Human
SRR7687988	human skin metagenome	Human	medium	NA	NA	FALSE	NA	NA	NA	NA	Human
SRR7687989	human skin metagenome	Human	medium	NA	NA	FALSE	NA	NA	NA	NA	Human
SRR7687990	human skin metagenome	Human	medium	NA	NA	FALSE	NA	NA	NA	NA	Human
SRR7687991	human skin metagenome	Human	medium	NA	NA	FALSE	NA	NA	NA	NA	Human
SRR7687992	human skin metagenome	Human	medium	NA	NA	FALSE	NA	NA	NA	NA	Human
SRR7687993	human skin metagenome	Human	medium	NA	NA	FALSE	NA	NA	NA	NA	Human
SRR7687994	human skin metagenome	Human	medium	NA	NA	FALSE	NA	NA	NA	NA	Human
SRR7687995	human skin metagenome	Human	medium	NA	NA	FALSE	NA	NA	NA	NA	Human
SRR7687996	human skin metagenome	Human	medium	NA	NA	FALSE	NA	NA	NA	NA	Human
SRR7687997	human skin metagenome	Human	medium	NA	NA	FALSE	NA	NA	NA	NA	Human
SRR7687998	human skin metagenome	Human	medium	NA	NA	FALSE	NA	NA	NA	NA	Human
SRR7687999	human skin metagenome	Human	medium	NA	NA	FALSE	NA	NA	NA	NA	Human
SRR7688000	human skin metagenome	Human	medium	NA	NA	FALSE	NA	NA	NA	NA	Human
SRR7688001	human skin metagenome	Human	medium	NA	NA	FALSE	NA	NA	NA	NA	Human
SRR7688002	human skin metagenome	Human	medium	NA	NA	FALSE	NA	NA	NA	NA	Human
SRR7688003	human skin metagenome	Human	medium	NA	NA	FALSE	NA	NA	NA	NA	Human
SRR7688004	human skin metagenome	Human	medium	NA	NA	FALSE	NA	NA	NA	NA	Human
SRR7688005	human skin metagenome	Human	medium	NA	NA	FALSE	NA	NA	NA	NA	Human
SRR7688006	human skin metagenome	Human	medium	NA	NA	FALSE	NA	NA	NA	NA	Human
SRR7688007	human skin metagenome	Human	medium	NA	NA	FALSE	NA	NA	NA	NA	Human
SRR7688008	human skin metagenome	Human	medium	NA	NA	FALSE	NA	NA	NA	NA	Human
SRR7688009	human skin metagenome	Human	medium	NA	NA	FALSE	NA	NA	NA	NA	Human
SRR7688010	human skin metagenome	Human	medium	NA	NA	FALSE	NA	NA	NA	NA	Human
SRR7688011	human skin metagenome	Human	medium	NA	NA	FALSE	NA	NA	NA	NA	Human
SRR7688012	human skin metagenome	Human	medium	NA	NA	FALSE	NA	NA	NA	NA	Human
SRR7688013	human skin metagenome	Human	medium	NA	NA	FALSE	NA	NA	NA	NA	Human
SRR7688014	human skin metagenome	Human	medium	NA	NA	FALSE	NA	NA	NA	NA	Human
SRR7688015	human skin metagenome	Human	medium	NA	NA	FALSE	NA	NA	NA	NA	Human
SRR7688016	human skin metagenome	Human	medium	NA	NA	FALSE	NA	NA	NA	NA	Human
SRR7688017	human skin metagenome	Human	medium	NA	NA	FALSE	NA	NA	NA	NA	Human
SRR7688018	human skin metagenome	Human	medium	NA	NA	FALSE	NA	NA	NA	NA	Human
SRR7688019	human skin metagenome	Human	medium	NA	NA	FALSE	NA	NA	NA	NA	Human
SRR7688020	human skin metagenome	Human	medium	NA	NA	FALSE	NA	NA	NA	NA	Human
SRR7688021	human skin metagenome	Human	medium	NA	NA	FALSE	NA	NA	NA	NA	Human
SRR7688022	human skin metagenome	Human	medium	NA	NA	FALSE	NA	NA	NA	NA	Human
SRR7688023	human skin metagenome	Human	medium	NA	NA	FALSE	NA	NA	NA	NA	Human
SRR7688024	human skin metagenome	Human	medium	NA	NA	FALSE	NA	NA	NA	NA	Human
SRR7688025	human skin metagenome	Human	medium	NA	NA	FALSE	NA	NA	NA	NA	Human
SRR7688026	human skin metagenome	Human	medium	NA	NA	FALSE	NA	NA	NA	NA	Human
SRR7688027	human skin metagenome	Human	medium	NA	NA	FALSE	NA	NA	NA	NA	Human
SRR7688028	human skin metagenome	Human	medium	NA	NA	FALSE	NA	NA	NA	NA	Human
SRR7688029	human skin metagenome	Human	medium	NA	NA	FALSE	NA	NA	NA	NA	Human
SRR7688030	human skin metagenome	Human	medium	NA	NA	FALSE	NA	NA	NA	NA	Human
SRR7688378	human skin metagenome	Human	medium	NA	NA	FALSE	NA	NA	NA	NA	Human
SRR7688379	human skin metagenome	Human	medium	NA	NA	FALSE	NA	NA	NA	NA	Human
SRR7688380	human skin metagenome	Human	medium	NA	NA	FALSE	NA	NA	NA	NA	Human
SRR7688381	human skin metagenome	Human	medium	NA	NA	FALSE	NA	NA	NA	NA	Human
SRR7688382	human skin metagenome	Human	medium	NA	NA	FALSE	NA	NA	NA	NA	Human
SRR7688383	human skin metagenome	Human	medium	NA	NA	FALSE	NA	NA	NA	NA	Human
SRR7688384	human skin metagenome	Human	medium	NA	NA	FALSE	NA	NA	NA	NA	Human
SRR7688385	human skin metagenome	Human	medium	NA	NA	FALSE	NA	NA	NA	NA	Human
SRR7688386	human skin metagenome	Human	medium	NA	NA	FALSE	NA	NA	NA	NA	Human
SRR7688387	human skin metagenome	Human	medium	NA	NA	FALSE	NA	NA	NA	NA	Human
SRR7688388	human skin metagenome	Human	medium	NA	NA	FALSE	NA	NA	NA	NA	Human
SRR7688389	human skin metagenome	Human	medium	NA	NA	FALSE	NA	NA	NA	NA	Human
SRR7688390	human skin metagenome	Human	medium	NA	NA	FALSE	NA	NA	NA	NA	Human
SRR7688391	human skin metagenome	Human	medium	NA	NA	FALSE	NA	NA	NA	NA	Human
SRR7688393	human skin metagenome	Human	medium	NA	NA	FALSE	NA	NA	NA	NA	Human
SRR7688394	human skin metagenome	Human	medium	NA	NA	FALSE	NA	NA	NA	NA	Human
SRR7688395	human skin metagenome	Human	medium	NA	NA	FALSE	NA	NA	NA	NA	Human
SRR7688396	human skin metagenome	Human	medium	NA	NA	FALSE	NA	NA	NA	NA	Human
SRR7688397	human skin metagenome	Human	medium	NA	NA	FALSE	NA	NA	NA	NA	Human
SRR7688398	human skin metagenome	Human	medium	NA	NA	FALSE	NA	NA	NA	NA	Human
SRR7688399	human skin metagenome	Human	medium	NA	NA	FALSE	NA	NA	NA	NA	Human
SRR7688400	human skin metagenome	Human	medium	NA	NA	FALSE	NA	NA	NA	NA	Human
SRR7688401	human skin metagenome	Human	medium	NA	NA	FALSE	NA	NA	NA	NA	Human
SRR7688402	human skin metagenome	Human	medium	NA	NA	FALSE	NA	NA	NA	NA	Human
SRR7688403	human skin metagenome	Human	medium	NA	NA	FALSE	NA	NA	NA	NA	Human
SRR7688404	human skin metagenome	Human	medium	NA	NA	FALSE	NA	NA	NA	NA	Human
SRR7688405	human skin metagenome	Human	medium	NA	NA	FALSE	NA	NA	NA	NA	Human
SRR7688406	human skin metagenome	Human	medium	NA	NA	FALSE	NA	NA	NA	NA	Human
SRR7688407	human skin metagenome	Human	medium	NA	NA	FALSE	NA	NA	NA	NA	Human
SRR7688408	human skin metagenome	Human	medium	NA	NA	FALSE	NA	NA	NA	NA	Human
SRR7688409	human skin metagenome	Human	medium	NA	NA	FALSE	NA	NA	NA	NA	Human
SRR7688410	human skin metagenome	Human	medium	NA	NA	FALSE	NA	NA	NA	NA	Human
SRR7688411	human skin metagenome	Human	medium	NA	NA	FALSE	NA	NA	NA	NA	Human
SRR7688412	human skin metagenome	Human	medium	NA	NA	FALSE	NA	NA	NA	NA	Human
SRR7688413	human skin metagenome	Human	medium	NA	NA	FALSE	NA	NA	NA	NA	Human
SRR7688414	human skin metagenome	Human	medium	NA	NA	FALSE	NA	NA	NA	NA	Human
SRR7688415	human skin metagenome	Human	medium	NA	NA	FALSE	NA	NA	NA	NA	Human
SRR7688416	human skin metagenome	Human	medium	NA	NA	FALSE	NA	NA	NA	NA	Human
SRR7688417	human skin metagenome	Human	medium	NA	NA	FALSE	NA	NA	NA	NA	Human
SRR7688418	human skin metagenome	Human	medium	NA	NA	FALSE	NA	NA	NA	NA	Human
SRR7688419	human skin metagenome	Human	medium	NA	NA	FALSE	NA	NA	NA	NA	Human
SRR7688420	human skin metagenome	Human	medium	NA	NA	FALSE	NA	NA	NA	NA	Human
SRR7688421	human skin metagenome	Human	medium	NA	NA	FALSE	NA	NA	NA	NA	Human
SRR7688422	human skin metagenome	Human	medium	NA	NA	FALSE	NA	NA	NA	NA	Human
SRR7688423	human skin metagenome	Human	medium	NA	NA	FALSE	NA	NA	NA	NA	Human
SRR7688424	human skin metagenome	Human	medium	NA	NA	FALSE	NA	NA	NA	NA	Human
SRR7688425	human skin metagenome	Human	medium	NA	NA	FALSE	NA	NA	NA	NA	Human
SRR7688426	human skin metagenome	Human	medium	NA	NA	FALSE	NA	NA	NA	NA	Human
SRR7688427	human skin metagenome	Human	medium	NA	NA	FALSE	NA	NA	NA	NA	Human
SRR7688428	human skin metagenome	Human	medium	NA	NA	FALSE	NA	NA	NA	NA	Human
SRR7688429	human skin metagenome	Human	medium	NA	NA	FALSE	NA	NA	NA	NA	Human
SRR7688430	human skin metagenome	Human	medium	NA	NA	FALSE	NA	NA	NA	NA	Human
SRR7688431	human skin metagenome	Human	medium	NA	NA	FALSE	NA	NA	NA	NA	Human
SRR7688432	human skin metagenome	Human	medium	NA	NA	FALSE	NA	NA	NA	NA	Human
SRR7688446	human skin metagenome	Human	medium	NA	NA	FALSE	NA	NA	NA	NA	Human
SRR7688447	human skin metagenome	Human	medium	NA	NA	FALSE	NA	NA	NA	NA	Human
SRR7688448	human skin metagenome	Human	medium	NA	NA	FALSE	NA	NA	NA	NA	Human
SRR7688449	human skin metagenome	Human	medium	NA	NA	FALSE	NA	NA	NA	NA	Human
SRR7688450	human skin metagenome	Human	medium	NA	NA	FALSE	NA	NA	NA	NA	Human
SRR7688451	human skin metagenome	Human	medium	NA	NA	FALSE	NA	NA	NA	NA	Human
SRR7688452	human skin metagenome	Human	medium	NA	NA	FALSE	NA	NA	NA	NA	Human
SRR7688453	human skin metagenome	Human	medium	NA	NA	FALSE	NA	NA	NA	NA	Human
SRR7688454	human skin metagenome	Human	medium	NA	NA	FALSE	NA	NA	NA	NA	Human
SRR7688455	human skin metagenome	Human	medium	NA	NA	FALSE	NA	NA	NA	NA	Human
SRR7688456	human skin metagenome	Human	medium	NA	NA	FALSE	NA	NA	NA	NA	Human
SRR7688457	human skin metagenome	Human	medium	NA	NA	FALSE	NA	NA	NA	NA	Human
SRR7688458	human skin metagenome	Human	medium	NA	NA	FALSE	NA	NA	NA	NA	Human
SRR7688459	human skin metagenome	Human	medium	NA	NA	FALSE	NA	NA	NA	NA	Human
SRR7688460	human skin metagenome	Human	medium	NA	NA	FALSE	NA	NA	NA	NA	Human
SRR7688461	human skin metagenome	Human	medium	NA	NA	FALSE	NA	NA	NA	NA	Human
SRR7688462	human skin metagenome	Human	medium	NA	NA	FALSE	NA	NA	NA	NA	Human
SRR7688463	human skin metagenome	Human	medium	NA	NA	FALSE	NA	NA	NA	NA	Human
SRR7688464	human skin metagenome	Human	medium	NA	NA	FALSE	NA	NA	NA	NA	Human
SRR7688465	human skin metagenome	Human	medium	NA	NA	FALSE	NA	NA	NA	NA	Human
SRR7688467	human skin metagenome	Human	medium	NA	NA	FALSE	NA	NA	NA	NA	Human
SRR7688468	human skin metagenome	Human	medium	NA	NA	FALSE	NA	NA	NA	NA	Human
SRR7688469	human skin metagenome	Human	medium	NA	NA	FALSE	NA	NA	NA	NA	Human
SRR7688470	human skin metagenome	Human	medium	NA	NA	FALSE	NA	NA	NA	NA	Human
SRR7688471	human skin metagenome	Human	medium	NA	NA	FALSE	NA	NA	NA	NA	Human
SRR7688472	human skin metagenome	Human	medium	NA	NA	FALSE	NA	NA	NA	NA	Human
SRR7688473	human skin metagenome	Human	medium	NA	NA	FALSE	NA	NA	NA	NA	Human
SRR7688474	human skin metagenome	Human	medium	NA	NA	FALSE	NA	NA	NA	NA	Human
SRR7688475	human skin metagenome	Human	medium	NA	NA	FALSE	NA	NA	NA	NA	Human
SRR7688476	human skin metagenome	Human	medium	NA	NA	FALSE	NA	NA	NA	NA	Human
SRR7688477	human skin metagenome	Human	medium	NA	NA	FALSE	NA	NA	NA	NA	Human
SRR7688478	human skin metagenome	Human	medium	NA	NA	FALSE	NA	NA	NA	NA	Human
SRR7688479	human skin metagenome	Human	medium	NA	NA	FALSE	NA	NA	NA	NA	Human
SRR7688480	human skin metagenome	Human	medium	NA	NA	FALSE	NA	NA	NA	NA	Human
SRR7688481	human skin metagenome	Human	medium	NA	NA	FALSE	NA	NA	NA	NA	Human
SRR7688482	human skin metagenome	Human	medium	NA	NA	FALSE	NA	NA	NA	NA	Human
SRR7688486	human skin metagenome	Human	medium	NA	NA	FALSE	NA	NA	NA	NA	Human
SRR7688487	human skin metagenome	Human	medium	NA	NA	FALSE	NA	NA	NA	NA	Human
SRR7688488	human skin metagenome	Human	medium	NA	NA	FALSE	NA	NA	NA	NA	Human
SRR7688489	human skin metagenome	Human	medium	NA	NA	FALSE	NA	NA	NA	NA	Human
SRR7688490	human skin metagenome	Human	medium	NA	NA	FALSE	NA	NA	NA	NA	Human
SRR7688491	human skin metagenome	Human	medium	NA	NA	FALSE	NA	NA	NA	NA	Human
SRR7688492	human skin metagenome	Human	medium	NA	NA	FALSE	NA	NA	NA	NA	Human
SRR7688493	human skin metagenome	Human	medium	NA	NA	FALSE	NA	NA	NA	NA	Human
SRR7688494	human skin metagenome	Human	medium	NA	NA	FALSE	NA	NA	NA	NA	Human
SRR7688495	human skin metagenome	Human	medium	NA	NA	FALSE	NA	NA	NA	NA	Human
SRR7688496	human skin metagenome	Human	medium	NA	NA	FALSE	NA	NA	NA	NA	Human
SRR7688497	human skin metagenome	Human	medium	NA	NA	FALSE	NA	NA	NA	NA	Human
SRR7688498	human skin metagenome	Human	medium	NA	NA	FALSE	NA	NA	NA	NA	Human
SRR7688499	human skin metagenome	Human	medium	NA	NA	FALSE	NA	NA	NA	NA	Human
SRR7688500	human skin metagenome	Human	medium	NA	NA	FALSE	NA	NA	NA	NA	Human
SRR7688501	human skin metagenome	Human	medium	NA	NA	FALSE	NA	NA	NA	NA	Human
SRR7688502	human skin metagenome	Human	medium	NA	NA	FALSE	NA	NA	NA	NA	Human
SRR7688503	human skin metagenome	Human	medium	NA	NA	FALSE	NA	NA	NA	NA	Human
SRR7688504	human skin metagenome	Human	medium	NA	NA	FALSE	NA	NA	NA	NA	Human
SRR7688505	human skin metagenome	Human	medium	NA	NA	FALSE	NA	NA	NA	NA	Human
SRR7688506	human skin metagenome	Human	medium	NA	NA	FALSE	NA	NA	NA	NA	Human
SRR7688507	human skin metagenome	Human	medium	NA	NA	FALSE	NA	NA	NA	NA	Human
SRR7688508	human skin metagenome	Human	medium	NA	NA	FALSE	NA	NA	NA	NA	Human
SRR7688509	human skin metagenome	Human	medium	NA	NA	FALSE	NA	NA	NA	NA	Human
SRR7688510	human skin metagenome	Human	medium	NA	NA	FALSE	NA	NA	NA	NA	Human
SRR7688511	human skin metagenome	Human	medium	NA	NA	FALSE	NA	NA	NA	NA	Human
SRR7688512	human skin metagenome	Human	medium	NA	NA	FALSE	NA	NA	NA	NA	Human
SRR7688513	human skin metagenome	Human	medium	NA	NA	FALSE	NA	NA	NA	NA	Human
SRR7688514	human skin metagenome	Human	medium	NA	NA	FALSE	NA	NA	NA	NA	Human
SRR7688515	human skin metagenome	Human	medium	NA	NA	FALSE	NA	NA	NA	NA	Human
SRR7688516	human skin metagenome	Human	medium	NA	NA	FALSE	NA	NA	NA	NA	Human
SRR7688517	human skin metagenome	Human	medium	NA	NA	FALSE	NA	NA	NA	NA	Human
SRR7688518	human skin metagenome	Human	medium	NA	NA	FALSE	NA	NA	NA	NA	Human
SRR7688519	human skin metagenome	Human	medium	NA	NA	FALSE	NA	NA	NA	NA	Human
SRR7688520	human skin metagenome	Human	medium	NA	NA	FALSE	NA	NA	NA	NA	Human
SRR7688521	human skin metagenome	Human	medium	NA	NA	FALSE	NA	NA	NA	NA	Human
SRR7688522	human skin metagenome	Human	medium	NA	NA	FALSE	NA	NA	NA	NA	Human
SRR7688523	human skin metagenome	Human	medium	NA	NA	FALSE	NA	NA	NA	NA	Human
SRR7688524	human skin metagenome	Human	medium	NA	NA	FALSE	NA	NA	NA	NA	Human
SRR7688525	human skin metagenome	Human	medium	NA	NA	FALSE	NA	NA	NA	NA	Human
SRR7688526	human skin metagenome	Human	medium	NA	NA	FALSE	NA	NA	NA	NA	Human
SRR7688527	human skin metagenome	Human	medium	NA	NA	FALSE	NA	NA	NA	NA	Human
SRR7688528	human skin metagenome	Human	medium	NA	NA	FALSE	NA	NA	NA	NA	Human
SRR7688529	human skin metagenome	Human	medium	NA	NA	FALSE	NA	NA	NA	NA	Human
SRR7688530	human skin metagenome	Human	medium	NA	NA	FALSE	NA	NA	NA	NA	Human
SRR7688531	human skin metagenome	Human	medium	NA	NA	FALSE	NA	NA	NA	NA	Human
SRR7688532	human skin metagenome	Human	medium	NA	NA	FALSE	NA	NA	NA	NA	Human
SRR7688533	human skin metagenome	Human	medium	NA	NA	FALSE	NA	NA	NA	NA	Human
SRR7688534	human skin metagenome	Human	medium	NA	NA	FALSE	NA	NA	NA	NA	Human
SRR7688535	human skin metagenome	Human	medium	NA	NA	FALSE	NA	NA	NA	NA	Human
SRR7688536	human skin metagenome	Human	medium	NA	NA	FALSE	NA	NA	NA	NA	Human
SRR7688537	human skin metagenome	Human	medium	NA	NA	FALSE	NA	NA	NA	NA	Human
SRR7688538	human skin metagenome	Human	medium	NA	NA	FALSE	NA	NA	NA	NA	Human
SRR7688539	human skin metagenome	Human	medium	NA	NA	FALSE	NA	NA	NA	NA	Human
SRR7688540	human skin metagenome	Human	medium	NA	NA	FALSE	NA	NA	NA	NA	Human
SRR7688541	human skin metagenome	Human	medium	NA	NA	FALSE	NA	NA	NA	NA	Human
SRR7688542	human skin metagenome	Human	medium	NA	NA	FALSE	NA	NA	NA	NA	Human
SRR7688543	human skin metagenome	Human	medium	NA	NA	FALSE	NA	NA	NA	NA	Human
SRR7688544	human skin metagenome	Human	medium	NA	NA	FALSE	NA	NA	NA	NA	Human
SRR7688545	human skin metagenome	Human	medium	NA	NA	FALSE	NA	NA	NA	NA	Human
SRR7688546	human skin metagenome	Human	medium	NA	NA	FALSE	NA	NA	NA	NA	Human
SRR7688547	human skin metagenome	Human	medium	NA	NA	FALSE	NA	NA	NA	NA	Human
SRR7688548	human skin metagenome	Human	medium	NA	NA	FALSE	NA	NA	NA	NA	Human
SRR7688628	human skin metagenome	Human	medium	NA	NA	FALSE	NA	NA	NA	NA	Human
SRR7688629	human skin metagenome	Human	medium	NA	NA	FALSE	NA	NA	NA	NA	Human
SRR7688630	human skin metagenome	Human	medium	NA	NA	FALSE	NA	NA	NA	NA	Human
SRR7688631	human skin metagenome	Human	medium	NA	NA	FALSE	NA	NA	NA	NA	Human
SRR7688632	human skin metagenome	Human	medium	NA	NA	FALSE	NA	NA	NA	NA	Human
SRR7688633	human skin metagenome	Human	medium	NA	NA	FALSE	NA	NA	NA	NA	Human
SRR7688634	human skin metagenome	Human	medium	NA	NA	FALSE	NA	NA	NA	NA	Human
SRR7688635	human skin metagenome	Human	medium	NA	NA	FALSE	NA	NA	NA	NA	Human
SRR7688636	human skin metagenome	Human	medium	NA	NA	FALSE	NA	NA	NA	NA	Human
SRR7688637	human skin metagenome	Human	medium	NA	NA	FALSE	NA	NA	NA	NA	Human
SRR7688638	human skin metagenome	Human	medium	NA	NA	FALSE	NA	NA	NA	NA	Human
SRR7688639	human skin metagenome	Human	medium	NA	NA	FALSE	NA	NA	NA	NA	Human
SRR7688640	human skin metagenome	Human	medium	NA	NA	FALSE	NA	NA	NA	NA	Human
SRR7688641	human skin metagenome	Human	medium	NA	NA	FALSE	NA	NA	NA	NA	Human
SRR7688648	human skin metagenome	Human	medium	NA	NA	FALSE	NA	NA	NA	NA	Human
SRR7688649	human skin metagenome	Human	medium	NA	NA	FALSE	NA	NA	NA	NA	Human
SRR7688650	human skin metagenome	Human	medium	NA	NA	FALSE	NA	NA	NA	NA	Human
SRR7688651	human skin metagenome	Human	medium	NA	NA	FALSE	NA	NA	NA	NA	Human
SRR7688656	human skin metagenome	Human	medium	NA	NA	FALSE	NA	NA	NA	NA	Human
SRR7688657	human skin metagenome	Human	medium	NA	NA	FALSE	NA	NA	NA	NA	Human
SRR7688658	human skin metagenome	Human	medium	NA	NA	FALSE	NA	NA	NA	NA	Human
SRR7688659	human skin metagenome	Human	medium	NA	NA	FALSE	NA	NA	NA	NA	Human
SRR7688662	human skin metagenome	Human	medium	NA	NA	FALSE	NA	NA	NA	NA	Human
SRR7688670	human skin metagenome	Human	medium	NA	NA	FALSE	NA	NA	NA	NA	Human
SRR7688671	human skin metagenome	Human	medium	NA	NA	FALSE	NA	NA	NA	NA	Human
SRR7688672	human skin metagenome	Human	medium	NA	NA	FALSE	NA	NA	NA	NA	Human
SRR7688673	human skin metagenome	Human	medium	NA	NA	FALSE	NA	NA	NA	NA	Human
SRR7688674	human skin metagenome	Human	medium	NA	NA	FALSE	NA	NA	NA	NA	Human
SRR7688675	human skin metagenome	Human	medium	NA	NA	FALSE	NA	NA	NA	NA	Human
SRR7688676	human skin metagenome	Human	medium	NA	NA	FALSE	NA	NA	NA	NA	Human
SRR7688677	human skin metagenome	Human	medium	NA	NA	FALSE	NA	NA	NA	NA	Human
SRR7688678	human skin metagenome	Human	medium	NA	NA	FALSE	NA	NA	NA	NA	Human
SRR7688679	human skin metagenome	Human	medium	NA	NA	FALSE	NA	NA	NA	NA	Human
SRR7688683	human skin metagenome	Human	medium	NA	NA	FALSE	NA	NA	NA	NA	Human
SRR7688684	human skin metagenome	Human	medium	NA	NA	FALSE	NA	NA	NA	NA	Human
SRR7688687	human skin metagenome	Human	medium	NA	NA	FALSE	NA	NA	NA	NA	Human
SRR7688688	human skin metagenome	Human	medium	NA	NA	FALSE	NA	NA	NA	NA	Human
SRR7688689	human skin metagenome	Human	medium	NA	NA	FALSE	NA	NA	NA	NA	Human
SRR7688690	human skin metagenome	Human	medium	NA	NA	FALSE	NA	NA	NA	NA	Human
SRR7688692	human skin metagenome	Human	medium	NA	NA	FALSE	NA	NA	NA	NA	Human
SRR7688693	human skin metagenome	Human	medium	NA	NA	FALSE	NA	NA	NA	NA	Human
SRR7688695	human skin metagenome	Human	medium	NA	NA	FALSE	NA	NA	NA	NA	Human
SRR7688696	human skin metagenome	Human	medium	NA	NA	FALSE	NA	NA	NA	NA	Human
SRR7688697	human skin metagenome	Human	medium	NA	NA	FALSE	NA	NA	NA	NA	Human
SRR7688698	human skin metagenome	Human	medium	NA	NA	FALSE	NA	NA	NA	NA	Human
SRR7688707	human skin metagenome	Human	medium	NA	NA	FALSE	NA	NA	NA	NA	Human
SRR7688708	human skin metagenome	Human	medium	NA	NA	FALSE	NA	NA	NA	NA	Human
SRR7688709	human skin metagenome	Human	medium	NA	NA	FALSE	NA	NA	NA	NA	Human
SRR7688710	human skin metagenome	Human	medium	NA	NA	FALSE	NA	NA	NA	NA	Human
SRR7688715	human skin metagenome	Human	medium	NA	NA	FALSE	NA	NA	NA	NA	Human
SRR7688716	human skin metagenome	Human	medium	NA	NA	FALSE	NA	NA	NA	NA	Human
SRR7688719	human skin metagenome	Human	medium	NA	NA	FALSE	NA	NA	NA	NA	Human
SRR7688720	human skin metagenome	Human	medium	NA	NA	FALSE	NA	NA	NA	NA	Human
SRR7688721	human skin metagenome	Human	medium	NA	NA	FALSE	NA	NA	NA	NA	Human
SRR7688722	human skin metagenome	Human	medium	NA	NA	FALSE	NA	NA	NA	NA	Human
SRR7688725	human skin metagenome	Human	medium	NA	NA	FALSE	NA	NA	NA	NA	Human
SRR7688727	human skin metagenome	Human	medium	NA	NA	FALSE	NA	NA	NA	NA	Human
SRR7688730	human skin metagenome	Human	medium	NA	NA	FALSE	NA	NA	NA	NA	Human
SRR7688731	human skin metagenome	Human	medium	NA	NA	FALSE	NA	NA	NA	NA	Human
SRR7688743	human skin metagenome	Human	medium	NA	NA	FALSE	NA	NA	NA	NA	Human
SRR7688744	human skin metagenome	Human	medium	NA	NA	FALSE	NA	NA	NA	NA	Human
SRR7688745	human skin metagenome	Human	medium	NA	NA	FALSE	NA	NA	NA	NA	Human
SRR7688746	human skin metagenome	Human	medium	NA	NA	FALSE	NA	NA	NA	NA	Human
SRR7688747	human skin metagenome	Human	medium	NA	NA	FALSE	NA	NA	NA	NA	Human
SRR7688748	human skin metagenome	Human	medium	NA	NA	FALSE	NA	NA	NA	NA	Human
SRR7688749	human skin metagenome	Human	medium	NA	NA	FALSE	NA	NA	NA	NA	Human
SRR7688750	human skin metagenome	Human	medium	NA	NA	FALSE	NA	NA	NA	NA	Human
SRR7688766	human skin metagenome	Human	medium	NA	NA	FALSE	NA	NA	NA	NA	Human
SRR7688767	human skin metagenome	Human	medium	NA	NA	FALSE	NA	NA	NA	NA	Human
SRR7688768	human skin metagenome	Human	medium	NA	NA	FALSE	NA	NA	NA	NA	Human
SRR7688769	human skin metagenome	Human	medium	NA	NA	FALSE	NA	NA	NA	NA	Human
SRR7688770	human skin metagenome	Human	medium	NA	NA	FALSE	NA	NA	NA	NA	Human
SRR7688771	human skin metagenome	Human	medium	NA	NA	FALSE	NA	NA	NA	NA	Human
SRR7688772	human skin metagenome	Human	medium	NA	NA	FALSE	NA	NA	NA	NA	Human
SRR7688773	human skin metagenome	Human	medium	NA	NA	FALSE	NA	NA	NA	NA	Human
SRR7688777	human skin metagenome	Human	medium	NA	NA	FALSE	NA	NA	NA	NA	Human
SRR7688778	human skin metagenome	Human	medium	NA	NA	FALSE	NA	NA	NA	NA	Human
SRR7688779	human skin metagenome	Human	medium	NA	NA	FALSE	NA	NA	NA	NA	Human
SRR7688780	human skin metagenome	Human	medium	NA	NA	FALSE	NA	NA	NA	NA	Human
SRR7688781	human skin metagenome	Human	medium	NA	NA	FALSE	NA	NA	NA	NA	Human
SRR7688782	human skin metagenome	Human	medium	NA	NA	FALSE	NA	NA	NA	NA	Human
SRR7688783	human skin metagenome	Human	medium	NA	NA	FALSE	NA	NA	NA	NA	Human
SRR7688784	human skin metagenome	Human	medium	NA	NA	FALSE	NA	NA	NA	NA	Human
SRR7688785	human skin metagenome	Human	medium	NA	NA	FALSE	NA	NA	NA	NA	Human
SRR7688786	human skin metagenome	Human	medium	NA	NA	FALSE	NA	NA	NA	NA	Human
SRR7688787	human skin metagenome	Human	medium	NA	NA	FALSE	NA	NA	NA	NA	Human
SRR7688788	human skin metagenome	Human	medium	NA	NA	FALSE	NA	NA	NA	NA	Human
SRR7688789	human skin metagenome	Human	medium	NA	NA	FALSE	NA	NA	NA	NA	Human
SRR7688790	human skin metagenome	Human	medium	NA	NA	FALSE	NA	NA	NA	NA	Human
SRR7688792	human skin metagenome	Human	medium	NA	NA	FALSE	NA	NA	NA	NA	Human
SRR7688793	human skin metagenome	Human	medium	NA	NA	FALSE	NA	NA	NA	NA	Human
SRR7688794	human skin metagenome	Human	medium	NA	NA	FALSE	NA	NA	NA	NA	Human
SRR7688795	human skin metagenome	Human	medium	NA	NA	FALSE	NA	NA	NA	NA	Human
SRR7688796	human skin metagenome	Human	medium	NA	NA	FALSE	NA	NA	NA	NA	Human
SRR7688797	human skin metagenome	Human	medium	NA	NA	FALSE	NA	NA	NA	NA	Human
SRR7688798	human skin metagenome	Human	medium	NA	NA	FALSE	NA	NA	NA	NA	Human
SRR7688799	human skin metagenome	Human	medium	NA	NA	FALSE	NA	NA	NA	NA	Human
SRR7688801	human skin metagenome	Human	medium	NA	NA	FALSE	NA	NA	NA	NA	Human
SRR7688802	human skin metagenome	Human	medium	NA	NA	FALSE	NA	NA	NA	NA	Human
SRR7688803	human skin metagenome	Human	medium	NA	NA	FALSE	NA	NA	NA	NA	Human
SRR7688804	human skin metagenome	Human	medium	NA	NA	FALSE	NA	NA	NA	NA	Human
SRR7688805	human skin metagenome	Human	medium	NA	NA	FALSE	NA	NA	NA	NA	Human
SRR7688806	human skin metagenome	Human	medium	NA	NA	FALSE	NA	NA	NA	NA	Human
SRR7688807	human skin metagenome	Human	medium	NA	NA	FALSE	NA	NA	NA	NA	Human
SRR7688808	human skin metagenome	Human	medium	NA	NA	FALSE	NA	NA	NA	NA	Human
SRR7688809	human skin metagenome	Human	medium	NA	NA	FALSE	NA	NA	NA	NA	Human
SRR7688810	human skin metagenome	Human	medium	NA	NA	FALSE	NA	NA	NA	NA	Human
SRR7688811	human skin metagenome	Human	medium	NA	NA	FALSE	NA	NA	NA	NA	Human
SRR7688812	human skin metagenome	Human	medium	NA	NA	FALSE	NA	NA	NA	NA	Human
SRR7688813	human skin metagenome	Human	medium	NA	NA	FALSE	NA	NA	NA	NA	Human
SRR7688814	human skin metagenome	Human	medium	NA	NA	FALSE	NA	NA	NA	NA	Human
SRR7688815	human skin metagenome	Human	medium	NA	NA	FALSE	NA	NA	NA	NA	Human
SRR7688816	human skin metagenome	Human	medium	NA	NA	FALSE	NA	NA	NA	NA	Human
SRR7688817	human skin metagenome	Human	medium	NA	NA	FALSE	NA	NA	NA	NA	Human
SRR7688818	human skin metagenome	Human	medium	NA	NA	FALSE	NA	NA	NA	NA	Human
SRR7688819	human skin metagenome	Human	medium	NA	NA	FALSE	NA	NA	NA	NA	Human
SRR7688820	human skin metagenome	Human	medium	NA	NA	FALSE	NA	NA	NA	NA	Human
SRR7688821	human skin metagenome	Human	medium	NA	NA	FALSE	NA	NA	NA	NA	Human
SRR7688822	human skin metagenome	Human	medium	NA	NA	FALSE	NA	NA	NA	NA	Human
SRR7688823	human skin metagenome	Human	medium	NA	NA	FALSE	NA	NA	NA	NA	Human
SRR7688824	human skin metagenome	Human	medium	NA	NA	FALSE	NA	NA	NA	NA	Human
SRR7688825	human skin metagenome	Human	medium	NA	NA	FALSE	NA	NA	NA	NA	Human
SRR7688826	human skin metagenome	Human	medium	NA	NA	FALSE	NA	NA	NA	NA	Human
SRR7688827	human skin metagenome	Human	medium	NA	NA	FALSE	NA	NA	NA	NA	Human
SRR7688828	human skin metagenome	Human	medium	NA	NA	FALSE	NA	NA	NA	NA	Human
SRR7688829	human skin metagenome	Human	medium	NA	NA	FALSE	NA	NA	NA	NA	Human
SRR7688830	human skin metagenome	Human	medium	NA	NA	FALSE	NA	NA	NA	NA	Human
SRR7688833	human skin metagenome	Human	medium	NA	NA	FALSE	NA	NA	NA	NA	Human
SRR7688834	human skin metagenome	Human	medium	NA	NA	FALSE	NA	NA	NA	NA	Human
SRR7688835	human skin metagenome	Human	medium	NA	NA	FALSE	NA	NA	NA	NA	Human
SRR7688836	human skin metagenome	Human	medium	NA	NA	FALSE	NA	NA	NA	NA	Human
SRR7688837	human skin metagenome	Human	medium	NA	NA	FALSE	NA	NA	NA	NA	Human
SRR7688838	human skin metagenome	Human	medium	NA	NA	FALSE	NA	NA	NA	NA	Human
SRR7688839	human skin metagenome	Human	medium	NA	NA	FALSE	NA	NA	NA	NA	Human
SRR7688840	human skin metagenome	Human	medium	NA	NA	FALSE	NA	NA	NA	NA	Human
SRR7688841	human skin metagenome	Human	medium	NA	NA	FALSE	NA	NA	NA	NA	Human
SRR7688846	human skin metagenome	Human	medium	NA	NA	FALSE	NA	NA	NA	NA	Human
SRR7688847	human skin metagenome	Human	medium	NA	NA	FALSE	NA	NA	NA	NA	Human
SRR7688848	human skin metagenome	Human	medium	NA	NA	FALSE	NA	NA	NA	NA	Human
SRR7688913	human skin metagenome	Human	medium	NA	NA	FALSE	NA	NA	NA	NA	Human
SRR7688914	human skin metagenome	Human	medium	NA	NA	FALSE	NA	NA	NA	NA	Human
SRR7688915	human skin metagenome	Human	medium	NA	NA	FALSE	NA	NA	NA	NA	Human
SRR7688916	human skin metagenome	Human	medium	NA	NA	FALSE	NA	NA	NA	NA	Human
SRR7688917	human skin metagenome	Human	medium	NA	NA	FALSE	NA	NA	NA	NA	Human
SRR7688918	human skin metagenome	Human	medium	NA	NA	FALSE	NA	NA	NA	NA	Human
SRR7688919	human skin metagenome	Human	medium	NA	NA	FALSE	NA	NA	NA	NA	Human
SRR7734084	metagenome	Bat	medium	bat	NA	FALSE	NA	NA	NA	NA	Bat
SRR7734115	metagenome	Bat	medium	bat	NA	FALSE	NA	NA	NA	NA	Bat
SRR7734125	metagenome	Bat	medium	bat	NA	FALSE	NA	NA	NA	NA	Bat
SRR7734129	metagenome	Bat	medium	bat	NA	FALSE	NA	NA	NA	NA	Bat
SRR7774477	fossil metagenome	Metagenome	manual	NA	Metagenome	FALSE	NA	NA	NA	NA	Metagenome
SRR7802309	skin metagenome	Human	medium	Homo sapiens	NA	FALSE	NA	NA	NA	NA	Human
SRR7802315	skin metagenome	Human	medium	Homo sapiens	NA	FALSE	NA	NA	NA	NA	Human
SRR7802322	skin metagenome	Human	medium	Homo sapiens	NA	FALSE	NA	NA	NA	NA	Human
SRR7802324	skin metagenome	Human	medium	Homo sapiens	NA	FALSE	NA	NA	NA	NA	Human
SRR7802329	skin metagenome	Human	medium	Homo sapiens	NA	FALSE	NA	NA	NA	NA	Human
SRR7802337	skin metagenome	Human	medium	Homo sapiens	NA	FALSE	NA	NA	NA	NA	Human
SRR7802349	skin metagenome	Human	medium	Homo sapiens	NA	FALSE	NA	NA	NA	NA	Human
SRR7802354	skin metagenome	Human	medium	Homo sapiens	NA	FALSE	NA	NA	NA	NA	Human
SRR7802355	skin metagenome	Human	medium	Homo sapiens	NA	FALSE	NA	NA	NA	NA	Human
SRR7802358	skin metagenome	Human	medium	Homo sapiens	NA	FALSE	NA	NA	NA	NA	Human
SRR7802359	skin metagenome	Human	medium	Homo sapiens	NA	FALSE	NA	NA	NA	NA	Human
SRR7802366	skin metagenome	Human	medium	Homo sapiens	NA	FALSE	NA	NA	NA	NA	Human
SRR7802401	skin metagenome	Human	medium	Homo sapiens	NA	FALSE	NA	NA	NA	NA	Human
SRR7802402	skin metagenome	Human	medium	Homo sapiens	NA	FALSE	NA	NA	NA	NA	Human
SRR7802410	skin metagenome	Human	medium	Homo sapiens	NA	FALSE	NA	NA	NA	NA	Human
SRR7802420	skin metagenome	Human	medium	Homo sapiens	NA	FALSE	NA	NA	NA	NA	Human
SRR7802421	skin metagenome	Human	medium	Homo sapiens	NA	FALSE	NA	NA	NA	NA	Human
SRR7802430	skin metagenome	Human	medium	Homo sapiens	NA	FALSE	NA	NA	NA	NA	Human
SRR7802446	skin metagenome	Human	medium	Homo sapiens	NA	FALSE	NA	NA	NA	NA	Human
SRR7802447	skin metagenome	Human	medium	Homo sapiens	NA	FALSE	NA	NA	NA	NA	Human
SRR7802484	skin metagenome	Human	medium	Homo sapiens	NA	FALSE	NA	NA	NA	NA	Human
SRR7802489	skin metagenome	Human	medium	Homo sapiens	NA	FALSE	NA	NA	NA	NA	Human
SRR7802490	skin metagenome	Human	medium	Homo sapiens	NA	FALSE	NA	NA	NA	NA	Human
SRR7802491	skin metagenome	Human	medium	Homo sapiens	NA	FALSE	NA	NA	NA	NA	Human
SRR7802492	skin metagenome	Human	medium	Homo sapiens	NA	FALSE	NA	NA	NA	NA	Human
SRR7802493	skin metagenome	Human	medium	Homo sapiens	NA	FALSE	NA	NA	NA	NA	Human
SRR7802494	skin metagenome	Human	medium	Homo sapiens	NA	FALSE	NA	NA	NA	NA	Human
SRR7814214	Homo sapiens	Human	high	NA	NA	FALSE	NA	NA	NA	NA	Human
SRR7821777	Mus musculus	Rodent	high	NA	NA	FALSE	NA	NA	NA	NA	Rodent
SRR7852233	[Mycoplasma] phocidae	Pinniped	medium	NA	NA	FALSE	NA	NA	NA	NA	Pinniped
SRR7875388	Bos grunniens	Bovine	high	NA	NA	FALSE	NA	NA	NA	NA	Bovine
SRR7911752	Homo sapiens	Human	high	NA	NA	FALSE	NA	NA	NA	NA	Human
SRR7949667	marine sediment metagenome	Metagenome	manual	NA	Metagenome	FALSE	NA	NA	NA	NA	Metagenome
SRR7957476	Rattus	Rodent	high	NA	NA	FALSE	NA	NA	NA	NA	Rodent
SRR7958012	Rattus	Rodent	high	NA	NA	FALSE	NA	NA	NA	NA	Rodent
SRR7958143	Rattus	Rodent	high	NA	NA	FALSE	NA	NA	NA	NA	Rodent
SRR7963125	human metagenome	Human	medium	NA	NA	FALSE	NA	NA	NA	NA	Human
SRR7963489	riverine metagenome	Metagenome	manual	NA	Metagenome	FALSE	NA	NA	NA	NA	Metagenome
SRR7992303	human skin metagenome	Human	medium	NA	NA	FALSE	NA	NA	NA	NA	Human
SRR7992304	human skin metagenome	Human	medium	NA	NA	FALSE	NA	NA	NA	NA	Human
SRR7992313	human skin metagenome	Human	medium	NA	NA	FALSE	NA	NA	NA	NA	Human
SRR7992314	human skin metagenome	Human	medium	NA	NA	FALSE	NA	NA	NA	NA	Human
SRR7992315	human skin metagenome	Human	medium	NA	NA	FALSE	NA	NA	NA	NA	Human
SRR7992317	human skin metagenome	Human	medium	NA	NA	FALSE	NA	NA	NA	NA	Human
SRR7992318	human skin metagenome	Human	medium	NA	NA	FALSE	NA	NA	NA	NA	Human
SRR7992319	human skin metagenome	Human	medium	NA	NA	FALSE	NA	NA	NA	NA	Human
SRR7992320	human skin metagenome	Human	medium	NA	NA	FALSE	NA	NA	NA	NA	Human
SRR7992321	human skin metagenome	Human	medium	NA	NA	FALSE	NA	NA	NA	NA	Human
SRR7992327	human skin metagenome	Human	medium	NA	NA	FALSE	NA	NA	NA	NA	Human
SRR7992328	human skin metagenome	Human	medium	NA	NA	FALSE	NA	NA	NA	NA	Human
SRR7992329	human skin metagenome	Human	medium	NA	NA	FALSE	NA	NA	NA	NA	Human
SRR7992332	human skin metagenome	Human	medium	NA	NA	FALSE	NA	NA	NA	NA	Human
SRR7992333	human skin metagenome	Human	medium	NA	NA	FALSE	NA	NA	NA	NA	Human
SRR7992335	human skin metagenome	Human	medium	NA	NA	FALSE	NA	NA	NA	NA	Human
SRR7992336	human skin metagenome	Human	medium	NA	NA	FALSE	NA	NA	NA	NA	Human
SRR7992337	human skin metagenome	Human	medium	NA	NA	FALSE	NA	NA	NA	NA	Human
SRR7992338	human skin metagenome	Human	medium	NA	NA	FALSE	NA	NA	NA	NA	Human
SRR7992339	human skin metagenome	Human	medium	NA	NA	FALSE	NA	NA	NA	NA	Human
SRR7992340	human skin metagenome	Human	medium	NA	NA	FALSE	NA	NA	NA	NA	Human
SRR7992514	human skin metagenome	Human	medium	NA	NA	FALSE	NA	NA	NA	NA	Human
SRR7992515	human skin metagenome	Human	medium	NA	NA	FALSE	NA	NA	NA	NA	Human
SRR7992536	human skin metagenome	Human	medium	NA	NA	FALSE	NA	NA	NA	NA	Human
SRR7992537	human skin metagenome	Human	medium	NA	NA	FALSE	NA	NA	NA	NA	Human
SRR7992538	human skin metagenome	Human	medium	NA	NA	FALSE	NA	NA	NA	NA	Human
SRR7992539	human skin metagenome	Human	medium	NA	NA	FALSE	NA	NA	NA	NA	Human
SRR7992540	human skin metagenome	Human	medium	NA	NA	FALSE	NA	NA	NA	NA	Human
SRR7992541	human skin metagenome	Human	medium	NA	NA	FALSE	NA	NA	NA	NA	Human
SRR7992542	human skin metagenome	Human	medium	NA	NA	FALSE	NA	NA	NA	NA	Human
SRR7992543	human skin metagenome	Human	medium	NA	NA	FALSE	NA	NA	NA	NA	Human
SRR7992545	human skin metagenome	Human	medium	NA	NA	FALSE	NA	NA	NA	NA	Human
SRR7992546	human skin metagenome	Human	medium	NA	NA	FALSE	NA	NA	NA	NA	Human
SRR7992547	human skin metagenome	Human	medium	NA	NA	FALSE	NA	NA	NA	NA	Human
SRR7992549	human skin metagenome	Human	medium	NA	NA	FALSE	NA	NA	NA	NA	Human
SRR7992550	human skin metagenome	Human	medium	NA	NA	FALSE	NA	NA	NA	NA	Human
SRR7992551	human skin metagenome	Human	medium	NA	NA	FALSE	NA	NA	NA	NA	Human
SRR7992552	human skin metagenome	Human	medium	NA	NA	FALSE	NA	NA	NA	NA	Human
SRR7992553	human skin metagenome	Human	medium	NA	NA	FALSE	NA	NA	NA	NA	Human
SRR7992554	human skin metagenome	Human	medium	NA	NA	FALSE	NA	NA	NA	NA	Human
SRR7992558	human skin metagenome	Human	medium	NA	NA	FALSE	NA	NA	NA	NA	Human
SRR7992559	human skin metagenome	Human	medium	NA	NA	FALSE	NA	NA	NA	NA	Human
SRR7992560	human skin metagenome	Human	medium	NA	NA	FALSE	NA	NA	NA	NA	Human
SRR7992567	human skin metagenome	Human	medium	NA	NA	FALSE	NA	NA	NA	NA	Human
SRR7992568	human skin metagenome	Human	medium	NA	NA	FALSE	NA	NA	NA	NA	Human
SRR7992569	human skin metagenome	Human	medium	NA	NA	FALSE	NA	NA	NA	NA	Human
SRR7992570	human skin metagenome	Human	medium	NA	NA	FALSE	NA	NA	NA	NA	Human
SRR7992571	human skin metagenome	Human	medium	NA	NA	FALSE	NA	NA	NA	NA	Human
SRR7992578	human skin metagenome	Human	medium	NA	NA	FALSE	NA	NA	NA	NA	Human
SRR7992579	human skin metagenome	Human	medium	NA	NA	FALSE	NA	NA	NA	NA	Human
SRR7992582	human skin metagenome	Human	medium	NA	NA	FALSE	NA	NA	NA	NA	Human
SRR7992583	human skin metagenome	Human	medium	NA	NA	FALSE	NA	NA	NA	NA	Human
SRR7992584	human skin metagenome	Human	medium	NA	NA	FALSE	NA	NA	NA	NA	Human
SRR7992585	human skin metagenome	Human	medium	NA	NA	FALSE	NA	NA	NA	NA	Human
SRR7992586	human skin metagenome	Human	medium	NA	NA	FALSE	NA	NA	NA	NA	Human
SRR7992614	human skin metagenome	Human	medium	NA	NA	FALSE	NA	NA	NA	NA	Human
SRR7992615	human skin metagenome	Human	medium	NA	NA	FALSE	NA	NA	NA	NA	Human
SRR7992616	human skin metagenome	Human	medium	NA	NA	FALSE	NA	NA	NA	NA	Human
SRR7992617	human skin metagenome	Human	medium	NA	NA	FALSE	NA	NA	NA	NA	Human
SRR7992622	human skin metagenome	Human	medium	NA	NA	FALSE	NA	NA	NA	NA	Human
SRR7992623	human skin metagenome	Human	medium	NA	NA	FALSE	NA	NA	NA	NA	Human
SRR7992624	human skin metagenome	Human	medium	NA	NA	FALSE	NA	NA	NA	NA	Human
SRR7992625	human skin metagenome	Human	medium	NA	NA	FALSE	NA	NA	NA	NA	Human
SRR7992631	human skin metagenome	Human	medium	NA	NA	FALSE	NA	NA	NA	NA	Human
SRR7992811	human skin metagenome	Human	medium	NA	NA	FALSE	NA	NA	NA	NA	Human
SRR7992812	human skin metagenome	Human	medium	NA	NA	FALSE	NA	NA	NA	NA	Human
SRR7992838	human skin metagenome	Human	medium	NA	NA	FALSE	NA	NA	NA	NA	Human
SRR7992839	human skin metagenome	Human	medium	NA	NA	FALSE	NA	NA	NA	NA	Human
SRR7992840	human skin metagenome	Human	medium	NA	NA	FALSE	NA	NA	NA	NA	Human
SRR7993182	human skin metagenome	Human	medium	NA	NA	FALSE	NA	NA	NA	NA	Human
SRR7993183	human skin metagenome	Human	medium	NA	NA	FALSE	NA	NA	NA	NA	Human
SRR7993185	human skin metagenome	Human	medium	NA	NA	FALSE	NA	NA	NA	NA	Human
SRR7993224	human skin metagenome	Human	medium	NA	NA	FALSE	NA	NA	NA	NA	Human
SRR7993225	human skin metagenome	Human	medium	NA	NA	FALSE	NA	NA	NA	NA	Human
SRR7993226	human skin metagenome	Human	medium	NA	NA	FALSE	NA	NA	NA	NA	Human
SRR7993227	human skin metagenome	Human	medium	NA	NA	FALSE	NA	NA	NA	NA	Human
SRR7993228	human skin metagenome	Human	medium	NA	NA	FALSE	NA	NA	NA	NA	Human
SRR7993229	human skin metagenome	Human	medium	NA	NA	FALSE	NA	NA	NA	NA	Human
SRR7993230	human skin metagenome	Human	medium	NA	NA	FALSE	NA	NA	NA	NA	Human
SRR7993231	human skin metagenome	Human	medium	NA	NA	FALSE	NA	NA	NA	NA	Human
SRR7993232	human skin metagenome	Human	medium	NA	NA	FALSE	NA	NA	NA	NA	Human
SRR7993233	human skin metagenome	Human	medium	NA	NA	FALSE	NA	NA	NA	NA	Human
SRR7993234	human skin metagenome	Human	medium	NA	NA	FALSE	NA	NA	NA	NA	Human
SRR7993235	human skin metagenome	Human	medium	NA	NA	FALSE	NA	NA	NA	NA	Human
SRR7993236	human skin metagenome	Human	medium	NA	NA	FALSE	NA	NA	NA	NA	Human
SRR7993237	human skin metagenome	Human	medium	NA	NA	FALSE	NA	NA	NA	NA	Human
SRR7993534	human skin metagenome	Human	medium	NA	NA	FALSE	NA	NA	NA	NA	Human
SRR7993535	human skin metagenome	Human	medium	NA	NA	FALSE	NA	NA	NA	NA	Human
SRR7993536	human skin metagenome	Human	medium	NA	NA	FALSE	NA	NA	NA	NA	Human
SRR7993537	human skin metagenome	Human	medium	NA	NA	FALSE	NA	NA	NA	NA	Human
SRR7993538	human skin metagenome	Human	medium	NA	NA	FALSE	NA	NA	NA	NA	Human
SRR7993539	human skin metagenome	Human	medium	NA	NA	FALSE	NA	NA	NA	NA	Human
SRR7993540	human skin metagenome	Human	medium	NA	NA	FALSE	NA	NA	NA	NA	Human
SRR7993541	human skin metagenome	Human	medium	NA	NA	FALSE	NA	NA	NA	NA	Human
SRR7993542	human skin metagenome	Human	medium	NA	NA	FALSE	NA	NA	NA	NA	Human
SRR7993543	human skin metagenome	Human	medium	NA	NA	FALSE	NA	NA	NA	NA	Human
SRR7993544	human skin metagenome	Human	medium	NA	NA	FALSE	NA	NA	NA	NA	Human
SRR7993545	human skin metagenome	Human	medium	NA	NA	FALSE	NA	NA	NA	NA	Human
SRR7993546	human skin metagenome	Human	medium	NA	NA	FALSE	NA	NA	NA	NA	Human
SRR7993547	human skin metagenome	Human	medium	NA	NA	FALSE	NA	NA	NA	NA	Human
SRR7993548	human skin metagenome	Human	medium	NA	NA	FALSE	NA	NA	NA	NA	Human
SRR7993549	human skin metagenome	Human	medium	NA	NA	FALSE	NA	NA	NA	NA	Human
SRR7993550	human skin metagenome	Human	medium	NA	NA	FALSE	NA	NA	NA	NA	Human
SRR7993551	human skin metagenome	Human	medium	NA	NA	FALSE	NA	NA	NA	NA	Human
SRR7993552	human skin metagenome	Human	medium	NA	NA	FALSE	NA	NA	NA	NA	Human
SRR7993553	human skin metagenome	Human	medium	NA	NA	FALSE	NA	NA	NA	NA	Human
SRR7993554	human skin metagenome	Human	medium	NA	NA	FALSE	NA	NA	NA	NA	Human
SRR7993555	human skin metagenome	Human	medium	NA	NA	FALSE	NA	NA	NA	NA	Human
SRR7993556	human skin metagenome	Human	medium	NA	NA	FALSE	NA	NA	NA	NA	Human
SRR7993557	human skin metagenome	Human	medium	NA	NA	FALSE	NA	NA	NA	NA	Human
SRR7993558	human skin metagenome	Human	medium	NA	NA	FALSE	NA	NA	NA	NA	Human
SRR7993559	human skin metagenome	Human	medium	NA	NA	FALSE	NA	NA	NA	NA	Human
SRR7993560	human skin metagenome	Human	medium	NA	NA	FALSE	NA	NA	NA	NA	Human
SRR7993561	human skin metagenome	Human	medium	NA	NA	FALSE	NA	NA	NA	NA	Human
SRR7993562	human skin metagenome	Human	medium	NA	NA	FALSE	NA	NA	NA	NA	Human
SRR7993563	human skin metagenome	Human	medium	NA	NA	FALSE	NA	NA	NA	NA	Human
SRR7993564	human skin metagenome	Human	medium	NA	NA	FALSE	NA	NA	NA	NA	Human
SRR7993565	human skin metagenome	Human	medium	NA	NA	FALSE	NA	NA	NA	NA	Human
SRR7993566	human skin metagenome	Human	medium	NA	NA	FALSE	NA	NA	NA	NA	Human
SRR7993567	human skin metagenome	Human	medium	NA	NA	FALSE	NA	NA	NA	NA	Human
SRR7993568	human skin metagenome	Human	medium	NA	NA	FALSE	NA	NA	NA	NA	Human
SRR7993569	human skin metagenome	Human	medium	NA	NA	FALSE	NA	NA	NA	NA	Human
SRR7993571	human skin metagenome	Human	medium	NA	NA	FALSE	NA	NA	NA	NA	Human
SRR7993572	human skin metagenome	Human	medium	NA	NA	FALSE	NA	NA	NA	NA	Human
SRR7993573	human skin metagenome	Human	medium	NA	NA	FALSE	NA	NA	NA	NA	Human
SRR7993574	human skin metagenome	Human	medium	NA	NA	FALSE	NA	NA	NA	NA	Human
SRR8066612	Canis lupus	Canine	high	NA	NA	FALSE	NA	NA	NA	NA	Canine
SRR8071852	indoor metagenome	Metagenome	manual	NA	Metagenome	FALSE	NA	NA	NA	NA	Metagenome
SRR8071859	indoor metagenome	Metagenome	manual	NA	Metagenome	FALSE	NA	NA	NA	NA	Metagenome
SRR8071870	indoor metagenome	Metagenome	manual	NA	Metagenome	FALSE	NA	NA	NA	NA	Metagenome
SRR8071880	indoor metagenome	Metagenome	manual	NA	Metagenome	FALSE	NA	NA	NA	NA	Metagenome
SRR8104729	Limnonectes kadarsani	Amphibian	high	NA	NA	FALSE	NA	NA	NA	NA	Amphibian
SRR22071708	viral metagenome	Rodent	manual	NA	NA	TRUE	NA	NA	NA	NA	Other
SRR8114665	Human alphaherpesvirus 2	Human	medium	NA	NA	FALSE	NA	NA	NA	NA	Human
SRR8130959	Mus musculus	Rodent	high	NA	NA	FALSE	NA	NA	NA	NA	Rodent
SRR8130960	Mus musculus	Rodent	high	NA	NA	FALSE	NA	NA	NA	NA	Rodent
SRR8130961	Mus musculus	Rodent	high	NA	NA	FALSE	NA	NA	NA	NA	Rodent
SRR8130962	Mus musculus	Rodent	high	NA	NA	FALSE	NA	NA	NA	NA	Rodent
SRR8130963	Mus musculus	Rodent	high	NA	NA	FALSE	NA	NA	NA	NA	Rodent
SRR8130964	Mus musculus	Rodent	high	NA	NA	FALSE	NA	NA	NA	NA	Rodent
SRR8130965	Mus musculus	Rodent	high	NA	NA	FALSE	NA	NA	NA	NA	Rodent
SRR8130966	Mus musculus	Rodent	high	NA	NA	FALSE	NA	NA	NA	NA	Rodent
SRR8130967	Mus musculus	Rodent	high	NA	NA	FALSE	NA	NA	NA	NA	Rodent
SRR22071710	viral metagenome	Rodent	manual	NA	NA	TRUE	NA	NA	NA	NA	Other
SRR8173830	Macaca mulatta papillomavirus 3	Non-human Primate	high	NA	NA	FALSE	NA	NA	NA	NA	Non-human Primate
SRR8173831	Macaca mulatta papillomavirus 2	Non-human Primate	high	NA	NA	FALSE	NA	NA	NA	NA	Non-human Primate
SRR22071711	viral metagenome	Rodent	manual	NA	NA	TRUE	NA	NA	NA	NA	Other
SRR22071714	viral metagenome	Rodent	manual	NA	NA	TRUE	NA	NA	NA	NA	Other
SRR8188224	dust metagenome	Metagenome	manual	NA	Metagenome	FALSE	NA	NA	NA	NA	Metagenome
SRR8197286	Homo sapiens	Human	high	NA	NA	FALSE	NA	NA	NA	NA	Human
SRR8197291	Homo sapiens	Human	high	NA	NA	FALSE	NA	NA	NA	NA	Human
SRR8197292	Homo sapiens	Human	high	NA	NA	FALSE	NA	NA	NA	NA	Human
SRR8197296	Homo sapiens	Human	high	NA	NA	FALSE	NA	NA	NA	NA	Human
SRR8197297	Homo sapiens	Human	high	NA	NA	FALSE	NA	NA	NA	NA	Human
SRR8197298	Homo sapiens	Human	high	NA	NA	FALSE	NA	NA	NA	NA	Human
SRR8197299	Homo sapiens	Human	high	NA	NA	FALSE	NA	NA	NA	NA	Human
SRR8197300	Homo sapiens	Human	high	NA	NA	FALSE	NA	NA	NA	NA	Human
SRR8197302	Homo sapiens	Human	high	NA	NA	FALSE	NA	NA	NA	NA	Human
SRR8197313	Homo sapiens	Human	high	NA	NA	FALSE	NA	NA	NA	NA	Human
SRR8207068	Homo sapiens	Human	high	NA	NA	FALSE	NA	NA	NA	NA	Human
SRR8239483	Bos taurus	Bovine	high	NA	NA	FALSE	NA	NA	NA	NA	Bovine
SRR8240783	human gut metagenome	Human	medium	NA	NA	FALSE	NA	NA	NA	NA	Human
SRR8240789	human gut metagenome	Human	medium	NA	NA	FALSE	NA	NA	NA	NA	Human
SRR8244392	Ambystoma mexicanum	Amphibian	high	NA	NA	FALSE	NA	NA	NA	NA	Amphibian
SRR22071715	viral metagenome	Rodent	manual	NA	NA	TRUE	NA	NA	NA	NA	Other
SRR8250770	Homo sapiens	Human	high	NA	NA	FALSE	NA	NA	NA	NA	Human
SRR8261386	Homo sapiens	Human	high	NA	NA	FALSE	NA	NA	NA	NA	Human
SRR8261394	Homo sapiens	Human	high	NA	NA	FALSE	NA	NA	NA	NA	Human
SRR8290148	Human papillomavirus	Human	medium	NA	NA	FALSE	NA	NA	NA	NA	Human
SRR8290149	Human papillomavirus	Human	medium	NA	NA	FALSE	NA	NA	NA	NA	Human
SRR8290150	Human papillomavirus	Human	medium	NA	NA	FALSE	NA	NA	NA	NA	Human
SRR8290151	Human papillomavirus	Human	medium	NA	NA	FALSE	NA	NA	NA	NA	Human
SRR8290152	Human papillomavirus	Human	medium	NA	NA	FALSE	NA	NA	NA	NA	Human
SRR8290153	Human papillomavirus	Human	medium	NA	NA	FALSE	NA	NA	NA	NA	Human
SRR8290154	Human papillomavirus	Human	medium	NA	NA	FALSE	NA	NA	NA	NA	Human
SRR8290155	Human papillomavirus	Human	medium	NA	NA	FALSE	NA	NA	NA	NA	Human
SRR8290156	Human papillomavirus	Human	medium	NA	NA	FALSE	NA	NA	NA	NA	Human
SRR8290157	Human papillomavirus	Human	medium	NA	NA	FALSE	NA	NA	NA	NA	Human
SRR8290158	Human papillomavirus	Human	medium	NA	NA	FALSE	NA	NA	NA	NA	Human
SRR8290159	Human papillomavirus	Human	medium	NA	NA	FALSE	NA	NA	NA	NA	Human
SRR8290160	Human papillomavirus	Human	medium	NA	NA	FALSE	NA	NA	NA	NA	Human
SRR8290161	Human papillomavirus	Human	medium	NA	NA	FALSE	NA	NA	NA	NA	Human
SRR8290162	Human papillomavirus	Human	medium	NA	NA	FALSE	NA	NA	NA	NA	Human
SRR8290163	Human papillomavirus	Human	medium	NA	NA	FALSE	NA	NA	NA	NA	Human
SRR8290164	Human papillomavirus	Human	medium	NA	NA	FALSE	NA	NA	NA	NA	Human
SRR8290166	Human papillomavirus	Human	medium	NA	NA	FALSE	NA	NA	NA	NA	Human
SRR8290167	Human papillomavirus	Human	medium	NA	NA	FALSE	NA	NA	NA	NA	Human
SRR8290168	Human papillomavirus	Human	medium	NA	NA	FALSE	NA	NA	NA	NA	Human
SRR8313433	Homo sapiens	Human	high	NA	NA	FALSE	NA	NA	NA	NA	Human
SRR8313434	Homo sapiens	Human	high	NA	NA	FALSE	NA	NA	NA	NA	Human
SRR8313435	Homo sapiens	Human	high	NA	NA	FALSE	NA	NA	NA	NA	Human
SRR8313436	Homo sapiens	Human	high	NA	NA	FALSE	NA	NA	NA	NA	Human
SRR8313437	Homo sapiens	Human	high	NA	NA	FALSE	NA	NA	NA	NA	Human
SRR8313440	Homo sapiens	Human	high	NA	NA	FALSE	NA	NA	NA	NA	Human
SRR8313442	Homo sapiens	Human	high	NA	NA	FALSE	NA	NA	NA	NA	Human
SRR8334106	Paralichthys olivaceus	Ray-finned Fish	high	NA	NA	FALSE	NA	NA	NA	NA	Ray-finned Fish
SRR8358227	Mus musculus	Rodent	high	NA	NA	FALSE	NA	NA	NA	NA	Rodent
SRR8360571	Oryctolagus cuniculus	Lapine	high	NA	NA	FALSE	NA	NA	NA	NA	Lapine
SRR8360572	Oryctolagus cuniculus	Lapine	high	NA	NA	FALSE	NA	NA	NA	NA	Lapine
SRR8360573	Oryctolagus cuniculus	Lapine	high	NA	NA	FALSE	NA	NA	NA	NA	Lapine
SRR8360574	Oryctolagus cuniculus	Lapine	high	NA	NA	FALSE	NA	NA	NA	NA	Lapine
SRR8360575	Oryctolagus cuniculus	Lapine	high	NA	NA	FALSE	NA	NA	NA	NA	Lapine
SRR8360576	Oryctolagus cuniculus	Lapine	high	NA	NA	FALSE	NA	NA	NA	NA	Lapine
SRR8379619	Triturus ivanbureschi	Amphibian	high	NA	NA	FALSE	NA	NA	NA	NA	Amphibian
SRR22071716	viral metagenome	Rodent	manual	NA	NA	TRUE	NA	NA	NA	NA	Other
SRR8437782	Capra ibex	Caprine	high	NA	NA	FALSE	NA	NA	NA	NA	Caprine
SRR8452493	Homo sapiens	Human	high	NA	NA	FALSE	NA	NA	NA	NA	Human
SRR8454800	Mus musculus	Rodent	high	NA	NA	FALSE	NA	NA	NA	NA	Rodent
SRR22071719	viral metagenome	Rodent	manual	NA	NA	TRUE	NA	NA	NA	NA	Other
SRR850195	Homo sapiens	Human	high	NA	NA	FALSE	NA	NA	NA	NA	Human
SRR850196	Homo sapiens	Human	high	NA	NA	FALSE	NA	NA	NA	NA	Human
SRR850197	Homo sapiens	Human	high	NA	NA	FALSE	NA	NA	NA	NA	Human
SRR850198	Homo sapiens	Human	high	NA	NA	FALSE	NA	NA	NA	NA	Human
SRR8509859	Homo sapiens	Human	high	NA	NA	FALSE	NA	NA	NA	NA	Human
SRR8509860	Homo sapiens	Human	high	NA	NA	FALSE	NA	NA	NA	NA	Human
SRR8509861	Homo sapiens	Human	high	NA	NA	FALSE	NA	NA	NA	NA	Human
SRR8509862	Homo sapiens	Human	high	NA	NA	FALSE	NA	NA	NA	NA	Human
SRR8509863	Homo sapiens	Human	high	NA	NA	FALSE	NA	NA	NA	NA	Human
SRR8509864	Homo sapiens	Human	high	NA	NA	FALSE	NA	NA	NA	NA	Human
SRR8509865	Homo sapiens	Human	high	NA	NA	FALSE	NA	NA	NA	NA	Human
SRR8509866	Homo sapiens	Human	high	NA	NA	FALSE	NA	NA	NA	NA	Human
SRR8509867	Homo sapiens	Human	high	NA	NA	FALSE	NA	NA	NA	NA	Human
SRR8509868	Homo sapiens	Human	high	NA	NA	FALSE	NA	NA	NA	NA	Human
SRR8509874	metagenome	Human	medium	Homo sapiens	NA	FALSE	NA	NA	NA	NA	Human
SRR8509885	metagenome	Human	medium	Homo sapiens	NA	FALSE	NA	NA	NA	NA	Human
SRR8509892	metagenome	Human	medium	Homo sapiens	NA	FALSE	NA	NA	NA	NA	Human
SRR8509908	metagenome	Human	medium	Homo sapiens	NA	FALSE	NA	NA	NA	NA	Human
SRR8509909	metagenome	Human	medium	Homo sapiens	NA	FALSE	NA	NA	NA	NA	Human
SRR8509912	metagenome	Human	medium	Homo sapiens	NA	FALSE	NA	NA	NA	NA	Human
SRR8509918	metagenome	Human	medium	Homo sapiens	NA	FALSE	NA	NA	NA	NA	Human
SRR8509924	metagenome	Human	medium	Homo sapiens	NA	FALSE	NA	NA	NA	NA	Human
SRR8509930	metagenome	Human	medium	Homo sapiens	NA	FALSE	NA	NA	NA	NA	Human
SRR8509931	metagenome	Human	medium	Homo sapiens	NA	FALSE	NA	NA	NA	NA	Human
SRR8509939	metagenome	Human	medium	Homo sapiens	NA	FALSE	NA	NA	NA	NA	Human
SRR8509945	metagenome	Human	medium	Homo sapiens	NA	FALSE	NA	NA	NA	NA	Human
SRR8509950	metagenome	Human	medium	Homo sapiens	NA	FALSE	NA	NA	NA	NA	Human
SRR8509968	metagenome	Human	medium	Homo sapiens	NA	FALSE	NA	NA	NA	NA	Human
SRR22071720	viral metagenome	Rodent	manual	NA	NA	TRUE	NA	NA	NA	NA	Other
SRR8561803	Homo sapiens	Human	high	NA	NA	FALSE	NA	NA	NA	NA	Human
SRR8567689	Human papillomavirus	Human	medium	NA	NA	FALSE	NA	NA	NA	NA	Human
SRR8595500	Homo sapiens	Human	high	NA	NA	FALSE	NA	NA	NA	NA	Human
SRR8595509	Homo sapiens	Human	high	NA	NA	FALSE	NA	NA	NA	NA	Human
SRR8607627	Human papillomavirus 16	Human	medium	NA	NA	FALSE	NA	NA	NA	NA	Human
SRR8607628	Human papillomavirus 16	Human	medium	NA	NA	FALSE	NA	NA	NA	NA	Human
SRR8607629	Human papillomavirus 16	Human	medium	NA	NA	FALSE	NA	NA	NA	NA	Human
SRR8607632	Human papillomavirus 16	Human	medium	NA	NA	FALSE	NA	NA	NA	NA	Human
SRR8607633	Human papillomavirus 16	Human	medium	NA	NA	FALSE	NA	NA	NA	NA	Human
SRR8607634	Human papillomavirus 16	Human	medium	NA	NA	FALSE	NA	NA	NA	NA	Human
SRR8607636	Human papillomavirus 16	Human	medium	NA	NA	FALSE	NA	NA	NA	NA	Human
SRR8607637	Human papillomavirus 16	Human	medium	NA	NA	FALSE	NA	NA	NA	NA	Human
SRR8607638	Human papillomavirus 16	Human	medium	NA	NA	FALSE	NA	NA	NA	NA	Human
SRR8607641	Human papillomavirus 16	Human	medium	NA	NA	FALSE	NA	NA	NA	NA	Human
SRR8607644	Human papillomavirus 16	Human	medium	NA	NA	FALSE	NA	NA	NA	NA	Human
SRR8607646	Human papillomavirus 16	Human	medium	NA	NA	FALSE	NA	NA	NA	NA	Human
SRR8607648	Human papillomavirus 16	Human	medium	NA	NA	FALSE	NA	NA	NA	NA	Human
SRR8607650	Human papillomavirus 16	Human	medium	NA	NA	FALSE	NA	NA	NA	NA	Human
SRR8607651	Human papillomavirus 16	Human	medium	NA	NA	FALSE	NA	NA	NA	NA	Human
SRR8607654	Human papillomavirus 16	Human	medium	NA	NA	FALSE	NA	NA	NA	NA	Human
SRR8607658	Human papillomavirus 16	Human	medium	NA	NA	FALSE	NA	NA	NA	NA	Human
SRR8607659	Human papillomavirus 16	Human	medium	NA	NA	FALSE	NA	NA	NA	NA	Human
SRR8607660	Human papillomavirus 16	Human	medium	NA	NA	FALSE	NA	NA	NA	NA	Human
SRR8607662	Human papillomavirus 16	Human	medium	NA	NA	FALSE	NA	NA	NA	NA	Human
SRR8607666	Human papillomavirus 16	Human	medium	NA	NA	FALSE	NA	NA	NA	NA	Human
SRR8607667	Human papillomavirus 16	Human	medium	NA	NA	FALSE	NA	NA	NA	NA	Human
SRR8607668	Human papillomavirus 16	Human	medium	NA	NA	FALSE	NA	NA	NA	NA	Human
SRR8607670	Human papillomavirus 16	Human	medium	NA	NA	FALSE	NA	NA	NA	NA	Human
SRR8607671	Human papillomavirus 16	Human	medium	NA	NA	FALSE	NA	NA	NA	NA	Human
SRR8607672	Human papillomavirus 16	Human	medium	NA	NA	FALSE	NA	NA	NA	NA	Human
SRR8607673	Human papillomavirus 16	Human	medium	NA	NA	FALSE	NA	NA	NA	NA	Human
SRR8607674	Human papillomavirus 16	Human	medium	NA	NA	FALSE	NA	NA	NA	NA	Human
SRR8607675	Human papillomavirus 16	Human	medium	NA	NA	FALSE	NA	NA	NA	NA	Human
SRR8607677	Human papillomavirus 16	Human	medium	NA	NA	FALSE	NA	NA	NA	NA	Human
SRR8607678	Human papillomavirus 16	Human	medium	NA	NA	FALSE	NA	NA	NA	NA	Human
SRR8607679	Human papillomavirus 16	Human	medium	NA	NA	FALSE	NA	NA	NA	NA	Human
SRR8607680	Human papillomavirus 16	Human	medium	NA	NA	FALSE	NA	NA	NA	NA	Human
SRR8607681	Human papillomavirus 16	Human	medium	NA	NA	FALSE	NA	NA	NA	NA	Human
SRR8607683	Human papillomavirus 16	Human	medium	NA	NA	FALSE	NA	NA	NA	NA	Human
SRR8607684	Human papillomavirus 16	Human	medium	NA	NA	FALSE	NA	NA	NA	NA	Human
SRR8607685	Human papillomavirus 16	Human	medium	NA	NA	FALSE	NA	NA	NA	NA	Human
SRR8607686	Human papillomavirus 16	Human	medium	NA	NA	FALSE	NA	NA	NA	NA	Human
SRR8607687	Human papillomavirus 16	Human	medium	NA	NA	FALSE	NA	NA	NA	NA	Human
SRR8607688	Human papillomavirus 16	Human	medium	NA	NA	FALSE	NA	NA	NA	NA	Human
SRR8607689	Human papillomavirus 16	Human	medium	NA	NA	FALSE	NA	NA	NA	NA	Human
SRR8607690	Human papillomavirus 16	Human	medium	NA	NA	FALSE	NA	NA	NA	NA	Human
SRR8607691	Human papillomavirus 16	Human	medium	NA	NA	FALSE	NA	NA	NA	NA	Human
SRR8607693	Human papillomavirus 16	Human	medium	NA	NA	FALSE	NA	NA	NA	NA	Human
SRR8607694	Human papillomavirus 16	Human	medium	NA	NA	FALSE	NA	NA	NA	NA	Human
SRR8607695	Human papillomavirus 16	Human	medium	NA	NA	FALSE	NA	NA	NA	NA	Human
SRR8607696	Human papillomavirus 16	Human	medium	NA	NA	FALSE	NA	NA	NA	NA	Human
SRR8607697	Human papillomavirus 16	Human	medium	NA	NA	FALSE	NA	NA	NA	NA	Human
SRR8607698	Human papillomavirus 16	Human	medium	NA	NA	FALSE	NA	NA	NA	NA	Human
SRR8607699	Human papillomavirus 16	Human	medium	NA	NA	FALSE	NA	NA	NA	NA	Human
SRR8607700	Human papillomavirus 16	Human	medium	NA	NA	FALSE	NA	NA	NA	NA	Human
SRR8607703	Human papillomavirus 16	Human	medium	NA	NA	FALSE	NA	NA	NA	NA	Human
SRR8607704	Human papillomavirus 16	Human	medium	NA	NA	FALSE	NA	NA	NA	NA	Human
SRR8607706	Human papillomavirus 16	Human	medium	NA	NA	FALSE	NA	NA	NA	NA	Human
SRR8607707	Human papillomavirus 16	Human	medium	NA	NA	FALSE	NA	NA	NA	NA	Human
SRR8607709	Human papillomavirus 16	Human	medium	NA	NA	FALSE	NA	NA	NA	NA	Human
SRR8607711	Human papillomavirus 16	Human	medium	NA	NA	FALSE	NA	NA	NA	NA	Human
SRR8607713	Human papillomavirus 16	Human	medium	NA	NA	FALSE	NA	NA	NA	NA	Human
SRR8607715	Human papillomavirus 16	Human	medium	NA	NA	FALSE	NA	NA	NA	NA	Human
SRR8607717	Human papillomavirus 16	Human	medium	NA	NA	FALSE	NA	NA	NA	NA	Human
SRR8607718	Human papillomavirus 16	Human	medium	NA	NA	FALSE	NA	NA	NA	NA	Human
SRR8607721	Human papillomavirus 16	Human	medium	NA	NA	FALSE	NA	NA	NA	NA	Human
SRR8607723	Human papillomavirus 16	Human	medium	NA	NA	FALSE	NA	NA	NA	NA	Human
SRR8607726	Human papillomavirus 16	Human	medium	NA	NA	FALSE	NA	NA	NA	NA	Human
SRR8607727	Human papillomavirus 16	Human	medium	NA	NA	FALSE	NA	NA	NA	NA	Human
SRR8607728	Human papillomavirus 16	Human	medium	NA	NA	FALSE	NA	NA	NA	NA	Human
SRR8607729	Human papillomavirus 16	Human	medium	NA	NA	FALSE	NA	NA	NA	NA	Human
SRR8607731	Human papillomavirus 16	Human	medium	NA	NA	FALSE	NA	NA	NA	NA	Human
SRR8607732	Human papillomavirus 16	Human	medium	NA	NA	FALSE	NA	NA	NA	NA	Human
SRR8607733	Human papillomavirus 16	Human	medium	NA	NA	FALSE	NA	NA	NA	NA	Human
SRR8607734	Human papillomavirus 16	Human	medium	NA	NA	FALSE	NA	NA	NA	NA	Human
SRR8607735	Human papillomavirus 16	Human	medium	NA	NA	FALSE	NA	NA	NA	NA	Human
SRR8607736	Human papillomavirus 16	Human	medium	NA	NA	FALSE	NA	NA	NA	NA	Human
SRR8607738	Human papillomavirus 16	Human	medium	NA	NA	FALSE	NA	NA	NA	NA	Human
SRR8607739	Human papillomavirus 16	Human	medium	NA	NA	FALSE	NA	NA	NA	NA	Human
SRR8607740	Human papillomavirus 16	Human	medium	NA	NA	FALSE	NA	NA	NA	NA	Human
SRR8607741	Human papillomavirus 16	Human	medium	NA	NA	FALSE	NA	NA	NA	NA	Human
SRR8607744	Human papillomavirus 16	Human	medium	NA	NA	FALSE	NA	NA	NA	NA	Human
SRR8607745	Human papillomavirus 16	Human	medium	NA	NA	FALSE	NA	NA	NA	NA	Human
SRR8607746	Human papillomavirus 16	Human	medium	NA	NA	FALSE	NA	NA	NA	NA	Human
SRR8607747	Human papillomavirus 16	Human	medium	NA	NA	FALSE	NA	NA	NA	NA	Human
SRR8607748	Human papillomavirus 16	Human	medium	NA	NA	FALSE	NA	NA	NA	NA	Human
SRR8607749	Human papillomavirus 16	Human	medium	NA	NA	FALSE	NA	NA	NA	NA	Human
SRR8607750	Human papillomavirus 16	Human	medium	NA	NA	FALSE	NA	NA	NA	NA	Human
SRR8607753	Human papillomavirus 16	Human	medium	NA	NA	FALSE	NA	NA	NA	NA	Human
SRR8607754	Human papillomavirus 16	Human	medium	NA	NA	FALSE	NA	NA	NA	NA	Human
SRR8607755	Human papillomavirus 16	Human	medium	NA	NA	FALSE	NA	NA	NA	NA	Human
SRR8607759	Human papillomavirus 16	Human	medium	NA	NA	FALSE	NA	NA	NA	NA	Human
SRR8607760	Human papillomavirus 16	Human	medium	NA	NA	FALSE	NA	NA	NA	NA	Human
SRR8607761	Human papillomavirus 16	Human	medium	NA	NA	FALSE	NA	NA	NA	NA	Human
SRR8607762	Human papillomavirus 16	Human	medium	NA	NA	FALSE	NA	NA	NA	NA	Human
SRR8607763	Human papillomavirus 16	Human	medium	NA	NA	FALSE	NA	NA	NA	NA	Human
SRR8607764	Human papillomavirus 16	Human	medium	NA	NA	FALSE	NA	NA	NA	NA	Human
SRR8607766	Human papillomavirus 16	Human	medium	NA	NA	FALSE	NA	NA	NA	NA	Human
SRR8607768	Human papillomavirus 16	Human	medium	NA	NA	FALSE	NA	NA	NA	NA	Human
SRR8607769	Human papillomavirus 16	Human	medium	NA	NA	FALSE	NA	NA	NA	NA	Human
SRR8607772	Human papillomavirus 16	Human	medium	NA	NA	FALSE	NA	NA	NA	NA	Human
SRR8607774	Human papillomavirus 16	Human	medium	NA	NA	FALSE	NA	NA	NA	NA	Human
SRR8607775	Human papillomavirus 16	Human	medium	NA	NA	FALSE	NA	NA	NA	NA	Human
SRR8607776	Human papillomavirus 16	Human	medium	NA	NA	FALSE	NA	NA	NA	NA	Human
SRR8607777	Human papillomavirus 16	Human	medium	NA	NA	FALSE	NA	NA	NA	NA	Human
SRR8607778	Human papillomavirus 16	Human	medium	NA	NA	FALSE	NA	NA	NA	NA	Human
SRR8607779	Human papillomavirus 16	Human	medium	NA	NA	FALSE	NA	NA	NA	NA	Human
SRR8607780	Human papillomavirus 16	Human	medium	NA	NA	FALSE	NA	NA	NA	NA	Human
SRR8607781	Human papillomavirus 16	Human	medium	NA	NA	FALSE	NA	NA	NA	NA	Human
SRR8607784	Human papillomavirus 16	Human	medium	NA	NA	FALSE	NA	NA	NA	NA	Human
SRR8607787	Human papillomavirus 16	Human	medium	NA	NA	FALSE	NA	NA	NA	NA	Human
SRR8607788	Human papillomavirus 16	Human	medium	NA	NA	FALSE	NA	NA	NA	NA	Human
SRR8607790	Human papillomavirus 16	Human	medium	NA	NA	FALSE	NA	NA	NA	NA	Human
SRR8607791	Human papillomavirus 16	Human	medium	NA	NA	FALSE	NA	NA	NA	NA	Human
SRR8607792	Human papillomavirus 16	Human	medium	NA	NA	FALSE	NA	NA	NA	NA	Human
SRR8607793	Human papillomavirus 16	Human	medium	NA	NA	FALSE	NA	NA	NA	NA	Human
SRR8607794	Human papillomavirus 16	Human	medium	NA	NA	FALSE	NA	NA	NA	NA	Human
SRR8607795	Human papillomavirus 16	Human	medium	NA	NA	FALSE	NA	NA	NA	NA	Human
SRR8607799	Human papillomavirus 16	Human	medium	NA	NA	FALSE	NA	NA	NA	NA	Human
SRR8607800	Human papillomavirus 16	Human	medium	NA	NA	FALSE	NA	NA	NA	NA	Human
SRR8607801	Human papillomavirus 16	Human	medium	NA	NA	FALSE	NA	NA	NA	NA	Human
SRR8607802	Human papillomavirus 16	Human	medium	NA	NA	FALSE	NA	NA	NA	NA	Human
SRR8607803	Human papillomavirus 16	Human	medium	NA	NA	FALSE	NA	NA	NA	NA	Human
SRR8607805	Human papillomavirus 16	Human	medium	NA	NA	FALSE	NA	NA	NA	NA	Human
SRR8607806	Human papillomavirus 16	Human	medium	NA	NA	FALSE	NA	NA	NA	NA	Human
SRR8607807	Human papillomavirus 16	Human	medium	NA	NA	FALSE	NA	NA	NA	NA	Human
SRR8607808	Human papillomavirus 16	Human	medium	NA	NA	FALSE	NA	NA	NA	NA	Human
SRR8607809	Human papillomavirus 16	Human	medium	NA	NA	FALSE	NA	NA	NA	NA	Human
SRR8607812	Human papillomavirus 16	Human	medium	NA	NA	FALSE	NA	NA	NA	NA	Human
SRR8607813	Human papillomavirus 16	Human	medium	NA	NA	FALSE	NA	NA	NA	NA	Human
SRR8614963	Homo sapiens	Human	high	NA	NA	FALSE	NA	NA	NA	NA	Human
SRR8615012	Homo sapiens	Human	high	NA	NA	FALSE	NA	NA	NA	NA	Human
SRR8615013	Homo sapiens	Human	high	NA	NA	FALSE	NA	NA	NA	NA	Human
SRR8631651	Homo sapiens	Human	high	NA	NA	FALSE	NA	NA	NA	NA	Human
SRR8631708	Homo sapiens	Human	high	NA	NA	FALSE	NA	NA	NA	NA	Human
SRR8631965	Sus scrofa	Porcine	high	NA	NA	FALSE	NA	NA	NA	NA	Porcine
SRR8645860	Homo sapiens	Human	high	NA	NA	FALSE	NA	NA	NA	NA	Human
SRR8649512	viral metagenome	Non-human Primate	medium	Callithrix penicillata	NA	FALSE	NA	NA	NA	NA	Non-human Primate
SRR8649513	viral metagenome	Non-human Primate	medium	Callithrix penicillata	NA	FALSE	NA	NA	NA	NA	Non-human Primate
SRR8649514	viral metagenome	Non-human Primate	medium	Callithrix penicillata	NA	FALSE	NA	NA	NA	NA	Non-human Primate
SRR8649515	viral metagenome	Non-human Primate	medium	Callithrix penicillata	NA	FALSE	NA	NA	NA	NA	Non-human Primate
SRR22071722	viral metagenome	Rodent	manual	NA	NA	TRUE	NA	NA	NA	NA	Other
SRR8663619	air metagenome	Metagenome	manual	NA	Metagenome	FALSE	NA	NA	NA	NA	Metagenome
SRR8666910	Homo sapiens	Human	high	NA	NA	FALSE	NA	NA	NA	NA	Human
SRR8723841	Homo sapiens	Human	high	NA	NA	FALSE	NA	NA	NA	NA	Human
SRR8745207	Mus musculus	Rodent	high	NA	NA	FALSE	NA	NA	NA	NA	Rodent
SRR8745213	Mus musculus	Rodent	high	NA	NA	FALSE	NA	NA	NA	NA	Rodent
SRR8788205	Leptobrachium leishanense	Amphibian	high	NA	NA	FALSE	NA	NA	NA	NA	Amphibian
SRR8788206	Leptobrachium leishanense	Amphibian	high	NA	NA	FALSE	NA	NA	NA	NA	Amphibian
SRR8788208	Leptobrachium leishanense	Amphibian	high	NA	NA	FALSE	NA	NA	NA	NA	Amphibian
SRR8788209	Leptobrachium leishanense	Amphibian	high	NA	NA	FALSE	NA	NA	NA	NA	Amphibian
SRR8809613	Mus musculus	Rodent	high	NA	NA	FALSE	NA	NA	NA	NA	Rodent
SRR8809617	Mus musculus	Rodent	high	NA	NA	FALSE	NA	NA	NA	NA	Rodent
SRR8822468	metagenome	Metagenome	manual	NA	Metagenome	FALSE	NA	NA	NA	NA	Metagenome
SRR8833930	metagenome	Human	medium	Homo sapiens	NA	FALSE	NA	NA	NA	NA	Human
SRR8833949	metagenome	Human	medium	Homo sapiens	NA	FALSE	NA	NA	NA	NA	Human
SRR8833963	metagenome	Human	medium	Homo sapiens	NA	FALSE	NA	NA	NA	NA	Human
SRR8833981	metagenome	Human	medium	Homo sapiens	NA	FALSE	NA	NA	NA	NA	Human
SRR8878039	Metamycoplasma phocicerebrale	Pinniped	medium	NA	NA	FALSE	NA	NA	NA	NA	Pinniped
SRR8929743	Homo sapiens	Human	high	NA	NA	FALSE	NA	NA	NA	NA	Human
SRR8942378	human metagenome	Human	medium	NA	NA	FALSE	NA	NA	NA	NA	Human
SRR22071723	viral metagenome	Rodent	manual	NA	NA	TRUE	NA	NA	NA	NA	Other
SRR22071729	viral metagenome	Rodent	manual	NA	NA	TRUE	NA	NA	NA	NA	Other
SRR22071730	viral metagenome	Rodent	manual	NA	NA	TRUE	NA	NA	NA	NA	Other
SRR16938422	Xanthomonas campestris	Other	low	NA	NA	TRUE	NA	NA	NA	NA	Other
SRR18458791	Zea	Other	low	NA	NA	TRUE	NA	NA	NA	NA	Other
SRR18458792	Zea	Other	low	NA	NA	TRUE	NA	NA	NA	NA	Other
SRR8996931	aquatic metagenome	Metagenome	manual	NA	Metagenome	FALSE	NA	NA	NA	NA	Metagenome
SRR18458793	Zea	Other	low	NA	NA	TRUE	NA	NA	NA	NA	Other
SRR9013054	Homo sapiens	Human	high	NA	NA	FALSE	NA	NA	NA	NA	Human
SRR9018603	Manis pentadactyla	Pangolin	high	NA	NA	FALSE	NA	NA	NA	NA	Pangolin
SRR9018636	Manis javanica	Pangolin	high	NA	NA	FALSE	NA	NA	NA	NA	Pangolin
SRR9018660	Manis javanica	Pangolin	high	NA	NA	FALSE	NA	NA	NA	NA	Pangolin
SRR9033999	Homo sapiens	Human	high	NA	NA	FALSE	NA	NA	NA	NA	Human
SRR9040404	human gut metagenome	Human	medium	NA	NA	FALSE	NA	NA	NA	NA	Human
SRR9040412	human gut metagenome	Human	medium	NA	NA	FALSE	NA	NA	NA	NA	Human
SRR9040414	human gut metagenome	Human	medium	NA	NA	FALSE	NA	NA	NA	NA	Human
SRR9040415	human gut metagenome	Human	medium	NA	NA	FALSE	NA	NA	NA	NA	Human
SRR9040424	human gut metagenome	Human	medium	NA	NA	FALSE	NA	NA	NA	NA	Human
SRR9040428	human gut metagenome	Human	medium	NA	NA	FALSE	NA	NA	NA	NA	Human
SRR9040452	human gut metagenome	Human	medium	NA	NA	FALSE	NA	NA	NA	NA	Human
SRR9040463	human gut metagenome	Human	medium	NA	NA	FALSE	NA	NA	NA	NA	Human
SRR9040465	human gut metagenome	Human	medium	NA	NA	FALSE	NA	NA	NA	NA	Human
SRR9040466	human gut metagenome	Human	medium	NA	NA	FALSE	NA	NA	NA	NA	Human
SRR9049507	Mus musculus	Rodent	high	NA	NA	FALSE	NA	NA	NA	NA	Rodent
SRR9112949	Homo sapiens	Human	high	NA	NA	FALSE	NA	NA	NA	NA	Human
SRR9112950	Homo sapiens	Human	high	NA	NA	FALSE	NA	NA	NA	NA	Human
SRR9112951	Homo sapiens	Human	high	NA	NA	FALSE	NA	NA	NA	NA	Human
SRR9112953	Homo sapiens	Human	high	NA	NA	FALSE	NA	NA	NA	NA	Human
SRR9112954	Homo sapiens	Human	high	NA	NA	FALSE	NA	NA	NA	NA	Human
SRR9112955	Homo sapiens	Human	high	NA	NA	FALSE	NA	NA	NA	NA	Human
SRR9112958	Homo sapiens	Human	high	NA	NA	FALSE	NA	NA	NA	NA	Human
SRR9112963	Homo sapiens	Human	high	NA	NA	FALSE	NA	NA	NA	NA	Human
SRR9112964	Homo sapiens	Human	high	NA	NA	FALSE	NA	NA	NA	NA	Human
SRR9112965	Homo sapiens	Human	high	NA	NA	FALSE	NA	NA	NA	NA	Human
SRR9112967	Homo sapiens	Human	high	NA	NA	FALSE	NA	NA	NA	NA	Human
SRR9112968	Homo sapiens	Human	high	NA	NA	FALSE	NA	NA	NA	NA	Human
SRR9112969	Homo sapiens	Human	high	NA	NA	FALSE	NA	NA	NA	NA	Human
SRR9112970	Homo sapiens	Human	high	NA	NA	FALSE	NA	NA	NA	NA	Human
SRR9112972	Homo sapiens	Human	high	NA	NA	FALSE	NA	NA	NA	NA	Human
SRR9112973	Homo sapiens	Human	high	NA	NA	FALSE	NA	NA	NA	NA	Human
SRR9112974	Homo sapiens	Human	high	NA	NA	FALSE	NA	NA	NA	NA	Human
SRR9112975	Homo sapiens	Human	high	NA	NA	FALSE	NA	NA	NA	NA	Human
SRR9112978	Homo sapiens	Human	high	NA	NA	FALSE	NA	NA	NA	NA	Human
SRR9112980	Homo sapiens	Human	high	NA	NA	FALSE	NA	NA	NA	NA	Human
SRR9112985	Homo sapiens	Human	high	NA	NA	FALSE	NA	NA	NA	NA	Human
SRR9112987	Homo sapiens	Human	high	NA	NA	FALSE	NA	NA	NA	NA	Human
SRR9112988	Homo sapiens	Human	high	NA	NA	FALSE	NA	NA	NA	NA	Human
SRR9112989	Homo sapiens	Human	high	NA	NA	FALSE	NA	NA	NA	NA	Human
SRR1585394	Zea mays	Other	low	NA	NA	TRUE	NA	NA	NA	NA	Other
SRR9161496	uncultured human fecal virus	Human	medium	NA	NA	FALSE	NA	NA	NA	NA	Human
SRR9161498	uncultured human fecal virus	Human	medium	NA	NA	FALSE	NA	NA	NA	NA	Human
SRR9161589	uncultured human fecal virus	Human	medium	NA	NA	FALSE	NA	NA	NA	NA	Human
SRR9179401	metagenome	Human	manual	NA	Human	FALSE	NA	NA	NA	NA	Human
SRR9179458	metagenome	Human	manual	NA	Human	FALSE	NA	NA	NA	NA	Human
SRR9189625	Mus musculus	Rodent	high	NA	NA	FALSE	NA	NA	NA	NA	Rodent
SRR9199414	metagenome	Human	medium	Homo sapiens	NA	FALSE	NA	NA	NA	NA	Human
SRR9199441	metagenome	Human	medium	Homo sapiens	NA	FALSE	NA	NA	NA	NA	Human
SRR9199465	metagenome	Human	medium	Homo sapiens	NA	FALSE	NA	NA	NA	NA	Human
SRR9199529	metagenome	Human	medium	Homo sapiens	NA	FALSE	NA	NA	NA	NA	Human
SRR9199545	metagenome	Human	medium	Homo sapiens	NA	FALSE	NA	NA	NA	NA	Human
SRR9214142	Mus musculus	Rodent	high	NA	NA	FALSE	NA	NA	NA	NA	Rodent
SRR9225743	Human papillomavirus 16	Human	medium	NA	NA	FALSE	NA	NA	NA	NA	Human
SRR17046053	Zea mays	Other	low	NA	NA	TRUE	NA	NA	NA	NA	Other
SRR9280832	Mus musculus	Rodent	high	NA	NA	FALSE	NA	NA	NA	NA	Rodent
SRR9280936	Mus musculus	Rodent	high	NA	NA	FALSE	NA	NA	NA	NA	Rodent
SRR9281010	Mus musculus	Rodent	high	NA	NA	FALSE	NA	NA	NA	NA	Rodent
SRR9281057	Mus musculus	Rodent	high	NA	NA	FALSE	NA	NA	NA	NA	Rodent
SRR9283676	Mus musculus	Rodent	high	NA	NA	FALSE	NA	NA	NA	NA	Rodent
SRR4013957	Zea mays	Other	low	NA	NA	TRUE	NA	NA	NA	NA	Other
SRR9622465	horse metagenome	Equine	medium	NA	NA	FALSE	NA	NA	NA	NA	Equine
SRR9640635	metagenome	Human	medium	Homo sapiens	NA	FALSE	NA	NA	NA	NA	Human
SRR9640640	metagenome	Human	medium	Homo sapiens	NA	FALSE	NA	NA	NA	NA	Human
SRR9640645	metagenome	Human	medium	Homo sapiens	NA	FALSE	NA	NA	NA	NA	Human
SRR9640667	metagenome	Human	medium	Homo sapiens	NA	FALSE	NA	NA	NA	NA	Human
SRR9643229	marine metagenome	Metagenome	manual	NA	Metagenome	FALSE	NA	NA	NA	NA	Metagenome
SRR9660133	human gut metagenome	Human	medium	NA	NA	FALSE	NA	NA	NA	NA	Human
SRR9661173	Homo sapiens	Human	high	NA	NA	FALSE	NA	NA	NA	NA	Human
SRR9668958	human skin metagenome	Human	medium	NA	NA	FALSE	NA	NA	NA	NA	Human
SRR9668965	human skin metagenome	Human	medium	NA	NA	FALSE	NA	NA	NA	NA	Human
SRR9669380	viral metagenome	Equine	medium	Equus caballus	NA	FALSE	NA	NA	NA	NA	Equine
SRR9669390	viral metagenome	Feline	medium	Felis catus	NA	FALSE	NA	NA	NA	NA	Feline
SRR4013975	Zea mays	Other	low	NA	NA	TRUE	NA	NA	NA	NA	Other
SRR4013985	Zea mays	Other	low	NA	NA	TRUE	NA	NA	NA	NA	Other
SRR4013989	Zea mays	Other	low	NA	NA	TRUE	NA	NA	NA	NA	Other
SRR4014003	Zea mays	Other	low	NA	NA	TRUE	NA	NA	NA	NA	Other
SRR9693708	Mus musculus	Rodent	high	NA	NA	FALSE	NA	NA	NA	NA	Rodent
SRR9703285	feces metagenome	Rodent	medium	Mus musculus	NA	FALSE	NA	NA	NA	NA	Rodent
SRR9703287	feces metagenome	Rodent	medium	Mus musculus	NA	FALSE	NA	NA	NA	NA	Rodent
SRR9703290	feces metagenome	Rodent	medium	Mus musculus	NA	FALSE	NA	NA	NA	NA	Rodent
SRR9703484	Monophyllus redmani	Bat	high	NA	NA	FALSE	NA	NA	NA	NA	Bat
SRR9858360	Ambystoma velasci	Amphibian	high	NA	NA	FALSE	NA	NA	NA	NA	Amphibian
SRR9858361	Ambystoma velasci	Amphibian	high	NA	NA	FALSE	NA	NA	NA	NA	Amphibian
SRR9858388	Ambystoma velasci	Amphibian	high	NA	NA	FALSE	NA	NA	NA	NA	Amphibian
SRR9858390	Ambystoma velasci	Amphibian	high	NA	NA	FALSE	NA	NA	NA	NA	Amphibian
SRR9858391	Ambystoma velasci	Amphibian	high	NA	NA	FALSE	NA	NA	NA	NA	Amphibian
SRR9858393	Ambystoma velasci	Amphibian	high	NA	NA	FALSE	NA	NA	NA	NA	Amphibian
SRR9858396	Ambystoma velasci	Amphibian	high	NA	NA	FALSE	NA	NA	NA	NA	Amphibian
SRR9858397	Ambystoma velasci	Amphibian	high	NA	NA	FALSE	NA	NA	NA	NA	Amphibian
SRR9858400	Ambystoma velasci	Amphibian	high	NA	NA	FALSE	NA	NA	NA	NA	Amphibian
SRR9858401	Ambystoma velasci	Amphibian	high	NA	NA	FALSE	NA	NA	NA	NA	Amphibian
SRR9858416	Ambystoma velasci	Amphibian	high	NA	NA	FALSE	NA	NA	NA	NA	Amphibian
SRR5452928	Zea mays	Other	low	NA	NA	TRUE	NA	NA	NA	NA	Other
SRR988386	Mus musculus	Rodent	high	NA	NA	FALSE	NA	NA	NA	NA	Rodent
SRR9884529	Homo sapiens	Human	high	NA	NA	FALSE	NA	NA	NA	NA	Human
SRR9897644	Astyanax mexicanus	Ray-finned Fish	high	NA	NA	FALSE	NA	NA	NA	NA	Ray-finned Fish
SRR6976987	Zea mays	Other	low	NA	NA	TRUE	NA	NA	NA	NA	Other
SRR6976994	Zea mays	Other	low	NA	NA	TRUE	NA	NA	NA	NA	Other
SRR6976999	Zea mays	Other	low	NA	NA	TRUE	NA	NA	NA	NA	Other
SRR9943733	metagenome	Feline	medium	Indian leopard	NA	FALSE	NA	NA	NA	NA	Feline
SRR6977001	Zea mays	Other	low	NA	NA	TRUE	NA	NA	NA	NA	Other
SRR9961904	Mus musculus	Rodent	high	NA	NA	FALSE	NA	NA	NA	NA	Rodent
SRR9961905	Mus musculus	Rodent	high	NA	NA	FALSE	NA	NA	NA	NA	Rodent
SRR9961906	Mus musculus	Rodent	high	NA	NA	FALSE	NA	NA	NA	NA	Rodent
SRR9961907	Mus musculus	Rodent	high	NA	NA	FALSE	NA	NA	NA	NA	Rodent
SRR9961908	Mus musculus	Rodent	high	NA	NA	FALSE	NA	NA	NA	NA	Rodent
SRR9961909	Mus musculus	Rodent	high	NA	NA	FALSE	NA	NA	NA	NA	Rodent
SRR9961910	Mus musculus	Rodent	high	NA	NA	FALSE	NA	NA	NA	NA	Rodent
SRR9961912	Mus musculus	Rodent	high	NA	NA	FALSE	NA	NA	NA	NA	Rodent
SRR9961913	Mus musculus	Rodent	high	NA	NA	FALSE	NA	NA	NA	NA	Rodent
SRR9961917	Mus musculus	Rodent	high	NA	NA	FALSE	NA	NA	NA	NA	Rodent
SRR9965440	human skin metagenome	Human	medium	NA	NA	FALSE	NA	NA	NA	NA	Human
SRR9965465	human skin metagenome	Human	medium	NA	NA	FALSE	NA	NA	NA	NA	Human
SRR9965531	human skin metagenome	Human	medium	NA	NA	FALSE	NA	NA	NA	NA	Human
SRR9965532	human skin metagenome	Human	medium	NA	NA	FALSE	NA	NA	NA	NA	Human
SRR9965533	human skin metagenome	Human	medium	NA	NA	FALSE	NA	NA	NA	NA	Human
SRR9965534	human skin metagenome	Human	medium	NA	NA	FALSE	NA	NA	NA	NA	Human
SRR9965535	human skin metagenome	Human	medium	NA	NA	FALSE	NA	NA	NA	NA	Human
SRR9965536	human skin metagenome	Human	medium	NA	NA	FALSE	NA	NA	NA	NA	Human
SRR9965713	human skin metagenome	Human	medium	NA	NA	FALSE	NA	NA	NA	NA	Human
SRR9965714	human skin metagenome	Human	medium	NA	NA	FALSE	NA	NA	NA	NA	Human
SRR9965719	human skin metagenome	Human	medium	NA	NA	FALSE	NA	NA	NA	NA	Human
SRR9965824	human skin metagenome	Human	medium	NA	NA	FALSE	NA	NA	NA	NA	Human
SRR9965825	human skin metagenome	Human	medium	NA	NA	FALSE	NA	NA	NA	NA	Human
SRR9965906	human skin metagenome	Human	medium	NA	NA	FALSE	NA	NA	NA	NA	Human
SRR9965907	human skin metagenome	Human	medium	NA	NA	FALSE	NA	NA	NA	NA	Human
SRR9965965	human skin metagenome	Human	medium	NA	NA	FALSE	NA	NA	NA	NA	Human
SRR9965966	human skin metagenome	Human	medium	NA	NA	FALSE	NA	NA	NA	NA	Human
SRR9965999	human skin metagenome	Human	medium	NA	NA	FALSE	NA	NA	NA	NA	Human
SRR9966000	human skin metagenome	Human	medium	NA	NA	FALSE	NA	NA	NA	NA	Human
SRR9966003	human skin metagenome	Human	medium	NA	NA	FALSE	NA	NA	NA	NA	Human
SRR9966004	human skin metagenome	Human	medium	NA	NA	FALSE	NA	NA	NA	NA	Human
SRR9966005	human skin metagenome	Human	medium	NA	NA	FALSE	NA	NA	NA	NA	Human
SRR9966006	human skin metagenome	Human	medium	NA	NA	FALSE	NA	NA	NA	NA	Human
SRR9966008	human skin metagenome	Human	medium	NA	NA	FALSE	NA	NA	NA	NA	Human
SRR9970050	Homo sapiens	Human	high	NA	NA	FALSE	NA	NA	NA	NA	Human
